,game,model,experiment,episode,metric,value
0,adventuregame,NEW_Reflect_Agent,home_deliver_three_basic_easy,episode_00001,Violated Request Count,0.0
1,adventuregame,NEW_Reflect_Agent,home_deliver_three_basic_easy,episode_00001,Parsed Request Count,50.0
2,adventuregame,NEW_Reflect_Agent,home_deliver_three_basic_easy,episode_00001,Request Count,50.0
3,adventuregame,NEW_Reflect_Agent,home_deliver_three_basic_easy,episode_00001,Request Success Ratio,1.0
4,adventuregame,NEW_Reflect_Agent,home_deliver_three_basic_easy,episode_00001,hallucination_count,0.0
5,adventuregame,NEW_Reflect_Agent,home_deliver_three_basic_easy,episode_00001,action_parsing_fail,0.0
6,adventuregame,NEW_Reflect_Agent,home_deliver_three_basic_easy,episode_00001,action_resolution_fail,27.0
7,adventuregame,NEW_Reflect_Agent,home_deliver_three_basic_easy,episode_00001,lark_exception,0.0
8,adventuregame,NEW_Reflect_Agent,home_deliver_three_basic_easy,episode_00001,malformed_command,0.0
9,adventuregame,NEW_Reflect_Agent,home_deliver_three_basic_easy,episode_00001,undefined_action_verb,0.0
10,adventuregame,NEW_Reflect_Agent,home_deliver_three_basic_easy,episode_00001,undefined_action,0.0
11,adventuregame,NEW_Reflect_Agent,home_deliver_three_basic_easy,episode_00001,undefined_repr_str,0.0
12,adventuregame,NEW_Reflect_Agent,home_deliver_three_basic_easy,episode_00001,manipulating_room,0.0
13,adventuregame,NEW_Reflect_Agent,home_deliver_three_basic_easy,episode_00001,undefined_argument_type,0.0
14,adventuregame,NEW_Reflect_Agent,home_deliver_three_basic_easy,episode_00001,taking_from_inventory,0.0
15,adventuregame,NEW_Reflect_Agent,home_deliver_three_basic_easy,episode_00001,other_room_argument,0.0
16,adventuregame,NEW_Reflect_Agent,home_deliver_three_basic_easy,episode_00001,domain_trait_type_mismatch,0.0
17,adventuregame,NEW_Reflect_Agent,home_deliver_three_basic_easy,episode_00001,domain_type_discrepancy,0.0
18,adventuregame,NEW_Reflect_Agent,home_deliver_three_basic_easy,episode_00001,world_state_discrepancy,0.0
19,adventuregame,NEW_Reflect_Agent,home_deliver_three_basic_easy,episode_00001,entity_not_accessible,2.0
20,adventuregame,NEW_Reflect_Agent,home_deliver_three_basic_easy,episode_00001,entity_state_mismatch,17.0
21,adventuregame,NEW_Reflect_Agent,home_deliver_three_basic_easy,episode_00001,entity_trait_mismatch,0.0
22,adventuregame,NEW_Reflect_Agent,home_deliver_three_basic_easy,episode_00001,entity_already_inventory,0.0
23,adventuregame,NEW_Reflect_Agent,home_deliver_three_basic_easy,episode_00001,going_to_current_room,0.0
24,adventuregame,NEW_Reflect_Agent,home_deliver_three_basic_easy,episode_00001,no_exit_to,8.0
25,adventuregame,NEW_Reflect_Agent,home_deliver_three_basic_easy,episode_00001,inventory_limit_exceeded,0.0
26,adventuregame,NEW_Reflect_Agent,home_deliver_three_basic_easy,episode_00001,successful_actions,23.0
27,adventuregame,NEW_Reflect_Agent,home_deliver_three_basic_easy,episode_00001,turn_limit_loss,1.0
28,adventuregame,NEW_Reflect_Agent,home_deliver_three_basic_easy,episode_00001,turns_over_par,
29,adventuregame,NEW_Reflect_Agent,home_deliver_three_basic_easy,episode_00001,turn_ratio,
30,adventuregame,NEW_Reflect_Agent,home_deliver_three_basic_easy,episode_00001,finish_speed,
31,adventuregame,NEW_Reflect_Agent,home_deliver_three_basic_easy,episode_00001,achieved_goal_ratio,0.0
32,adventuregame,NEW_Reflect_Agent,home_deliver_three_basic_easy,episode_00001,Aborted,1.0
33,adventuregame,NEW_Reflect_Agent,home_deliver_three_basic_easy,episode_00001,Success,0.0
34,adventuregame,NEW_Reflect_Agent,home_deliver_three_basic_easy,episode_00001,Lose,0.0
35,adventuregame,NEW_Reflect_Agent,home_deliver_three_basic_easy,episode_00001,Main Score,
36,adventuregame,NEW_Reflect_Agent,home_deliver_three_basic_easy,episode_00001,plan_followed_ratio,0.0
37,adventuregame,NEW_Reflect_Agent,home_deliver_three_basic_easy,episode_00001,plan_average_viability_ratio,0.0
38,adventuregame,NEW_Reflect_Agent,home_deliver_three_basic_easy,episode_00001,bad_plan_follow_ratio,0.0
39,adventuregame,NEW_Reflect_Agent,home_deliver_three_basic_easy,episode_00001,bad_plan_dismiss_ratio,1.0
40,adventuregame,NEW_Reflect_Agent,home_deliver_three_basic_easy,episode_00002,Violated Request Count,0.0
41,adventuregame,NEW_Reflect_Agent,home_deliver_three_basic_easy,episode_00002,Parsed Request Count,44.0
42,adventuregame,NEW_Reflect_Agent,home_deliver_three_basic_easy,episode_00002,Request Count,44.0
43,adventuregame,NEW_Reflect_Agent,home_deliver_three_basic_easy,episode_00002,Request Success Ratio,1.0
44,adventuregame,NEW_Reflect_Agent,home_deliver_three_basic_easy,episode_00002,hallucination_count,1.0
45,adventuregame,NEW_Reflect_Agent,home_deliver_three_basic_easy,episode_00002,action_parsing_fail,0.0
46,adventuregame,NEW_Reflect_Agent,home_deliver_three_basic_easy,episode_00002,action_resolution_fail,28.0
47,adventuregame,NEW_Reflect_Agent,home_deliver_three_basic_easy,episode_00002,lark_exception,0.0
48,adventuregame,NEW_Reflect_Agent,home_deliver_three_basic_easy,episode_00002,malformed_command,0.0
49,adventuregame,NEW_Reflect_Agent,home_deliver_three_basic_easy,episode_00002,undefined_action_verb,0.0
50,adventuregame,NEW_Reflect_Agent,home_deliver_three_basic_easy,episode_00002,undefined_action,0.0
51,adventuregame,NEW_Reflect_Agent,home_deliver_three_basic_easy,episode_00002,undefined_repr_str,0.0
52,adventuregame,NEW_Reflect_Agent,home_deliver_three_basic_easy,episode_00002,manipulating_room,0.0
53,adventuregame,NEW_Reflect_Agent,home_deliver_three_basic_easy,episode_00002,undefined_argument_type,0.0
54,adventuregame,NEW_Reflect_Agent,home_deliver_three_basic_easy,episode_00002,taking_from_inventory,0.0
55,adventuregame,NEW_Reflect_Agent,home_deliver_three_basic_easy,episode_00002,other_room_argument,0.0
56,adventuregame,NEW_Reflect_Agent,home_deliver_three_basic_easy,episode_00002,domain_trait_type_mismatch,0.0
57,adventuregame,NEW_Reflect_Agent,home_deliver_three_basic_easy,episode_00002,domain_type_discrepancy,0.0
58,adventuregame,NEW_Reflect_Agent,home_deliver_three_basic_easy,episode_00002,world_state_discrepancy,0.0
59,adventuregame,NEW_Reflect_Agent,home_deliver_three_basic_easy,episode_00002,entity_not_accessible,0.0
60,adventuregame,NEW_Reflect_Agent,home_deliver_three_basic_easy,episode_00002,entity_state_mismatch,24.0
61,adventuregame,NEW_Reflect_Agent,home_deliver_three_basic_easy,episode_00002,entity_trait_mismatch,0.0
62,adventuregame,NEW_Reflect_Agent,home_deliver_three_basic_easy,episode_00002,entity_already_inventory,0.0
63,adventuregame,NEW_Reflect_Agent,home_deliver_three_basic_easy,episode_00002,going_to_current_room,0.0
64,adventuregame,NEW_Reflect_Agent,home_deliver_three_basic_easy,episode_00002,no_exit_to,4.0
65,adventuregame,NEW_Reflect_Agent,home_deliver_three_basic_easy,episode_00002,inventory_limit_exceeded,0.0
66,adventuregame,NEW_Reflect_Agent,home_deliver_three_basic_easy,episode_00002,successful_actions,16.0
67,adventuregame,NEW_Reflect_Agent,home_deliver_three_basic_easy,episode_00002,turn_limit_loss,0.0
68,adventuregame,NEW_Reflect_Agent,home_deliver_three_basic_easy,episode_00002,turns_over_par,
69,adventuregame,NEW_Reflect_Agent,home_deliver_three_basic_easy,episode_00002,turn_ratio,
70,adventuregame,NEW_Reflect_Agent,home_deliver_three_basic_easy,episode_00002,finish_speed,
71,adventuregame,NEW_Reflect_Agent,home_deliver_three_basic_easy,episode_00002,achieved_goal_ratio,0.0
72,adventuregame,NEW_Reflect_Agent,home_deliver_three_basic_easy,episode_00002,Aborted,0.0
73,adventuregame,NEW_Reflect_Agent,home_deliver_three_basic_easy,episode_00002,Success,0.0
74,adventuregame,NEW_Reflect_Agent,home_deliver_three_basic_easy,episode_00002,Lose,1.0
75,adventuregame,NEW_Reflect_Agent,home_deliver_three_basic_easy,episode_00002,Main Score,0.0
76,adventuregame,NEW_Reflect_Agent,home_deliver_three_basic_easy,episode_00002,plan_followed_ratio,0.0
77,adventuregame,NEW_Reflect_Agent,home_deliver_three_basic_easy,episode_00002,plan_average_viability_ratio,0.0
78,adventuregame,NEW_Reflect_Agent,home_deliver_three_basic_easy,episode_00002,bad_plan_follow_ratio,0.0
79,adventuregame,NEW_Reflect_Agent,home_deliver_three_basic_easy,episode_00002,bad_plan_dismiss_ratio,1.0
80,adventuregame,NEW_Reflect_Agent,home_deliver_three_basic_easy,episode_00003,Violated Request Count,0.0
81,adventuregame,NEW_Reflect_Agent,home_deliver_three_basic_easy,episode_00003,Parsed Request Count,50.0
82,adventuregame,NEW_Reflect_Agent,home_deliver_three_basic_easy,episode_00003,Request Count,50.0
83,adventuregame,NEW_Reflect_Agent,home_deliver_three_basic_easy,episode_00003,Request Success Ratio,1.0
84,adventuregame,NEW_Reflect_Agent,home_deliver_three_basic_easy,episode_00003,hallucination_count,0.0
85,adventuregame,NEW_Reflect_Agent,home_deliver_three_basic_easy,episode_00003,action_parsing_fail,0.0
86,adventuregame,NEW_Reflect_Agent,home_deliver_three_basic_easy,episode_00003,action_resolution_fail,46.0
87,adventuregame,NEW_Reflect_Agent,home_deliver_three_basic_easy,episode_00003,lark_exception,0.0
88,adventuregame,NEW_Reflect_Agent,home_deliver_three_basic_easy,episode_00003,malformed_command,0.0
89,adventuregame,NEW_Reflect_Agent,home_deliver_three_basic_easy,episode_00003,undefined_action_verb,0.0
90,adventuregame,NEW_Reflect_Agent,home_deliver_three_basic_easy,episode_00003,undefined_action,0.0
91,adventuregame,NEW_Reflect_Agent,home_deliver_three_basic_easy,episode_00003,undefined_repr_str,0.0
92,adventuregame,NEW_Reflect_Agent,home_deliver_three_basic_easy,episode_00003,manipulating_room,0.0
93,adventuregame,NEW_Reflect_Agent,home_deliver_three_basic_easy,episode_00003,undefined_argument_type,0.0
94,adventuregame,NEW_Reflect_Agent,home_deliver_three_basic_easy,episode_00003,taking_from_inventory,0.0
95,adventuregame,NEW_Reflect_Agent,home_deliver_three_basic_easy,episode_00003,other_room_argument,0.0
96,adventuregame,NEW_Reflect_Agent,home_deliver_three_basic_easy,episode_00003,domain_trait_type_mismatch,0.0
97,adventuregame,NEW_Reflect_Agent,home_deliver_three_basic_easy,episode_00003,domain_type_discrepancy,0.0
98,adventuregame,NEW_Reflect_Agent,home_deliver_three_basic_easy,episode_00003,world_state_discrepancy,0.0
99,adventuregame,NEW_Reflect_Agent,home_deliver_three_basic_easy,episode_00003,entity_not_accessible,0.0
100,adventuregame,NEW_Reflect_Agent,home_deliver_three_basic_easy,episode_00003,entity_state_mismatch,46.0
101,adventuregame,NEW_Reflect_Agent,home_deliver_three_basic_easy,episode_00003,entity_trait_mismatch,0.0
102,adventuregame,NEW_Reflect_Agent,home_deliver_three_basic_easy,episode_00003,entity_already_inventory,0.0
103,adventuregame,NEW_Reflect_Agent,home_deliver_three_basic_easy,episode_00003,going_to_current_room,0.0
104,adventuregame,NEW_Reflect_Agent,home_deliver_three_basic_easy,episode_00003,no_exit_to,0.0
105,adventuregame,NEW_Reflect_Agent,home_deliver_three_basic_easy,episode_00003,inventory_limit_exceeded,0.0
106,adventuregame,NEW_Reflect_Agent,home_deliver_three_basic_easy,episode_00003,successful_actions,4.0
107,adventuregame,NEW_Reflect_Agent,home_deliver_three_basic_easy,episode_00003,turn_limit_loss,1.0
108,adventuregame,NEW_Reflect_Agent,home_deliver_three_basic_easy,episode_00003,turns_over_par,
109,adventuregame,NEW_Reflect_Agent,home_deliver_three_basic_easy,episode_00003,turn_ratio,
110,adventuregame,NEW_Reflect_Agent,home_deliver_three_basic_easy,episode_00003,finish_speed,
111,adventuregame,NEW_Reflect_Agent,home_deliver_three_basic_easy,episode_00003,achieved_goal_ratio,0.3333333333333333
112,adventuregame,NEW_Reflect_Agent,home_deliver_three_basic_easy,episode_00003,Aborted,1.0
113,adventuregame,NEW_Reflect_Agent,home_deliver_three_basic_easy,episode_00003,Success,0.0
114,adventuregame,NEW_Reflect_Agent,home_deliver_three_basic_easy,episode_00003,Lose,0.0
115,adventuregame,NEW_Reflect_Agent,home_deliver_three_basic_easy,episode_00003,Main Score,
116,adventuregame,NEW_Reflect_Agent,home_deliver_three_basic_easy,episode_00003,plan_followed_ratio,0.0
117,adventuregame,NEW_Reflect_Agent,home_deliver_three_basic_easy,episode_00003,plan_average_viability_ratio,0.0
118,adventuregame,NEW_Reflect_Agent,home_deliver_three_basic_easy,episode_00003,bad_plan_follow_ratio,0.0
119,adventuregame,NEW_Reflect_Agent,home_deliver_three_basic_easy,episode_00003,bad_plan_dismiss_ratio,1.0
120,adventuregame,NEW_Reflect_Agent,home_deliver_three_basic_easy_invlimittwo,episode_00007,Violated Request Count,0.0
121,adventuregame,NEW_Reflect_Agent,home_deliver_three_basic_easy_invlimittwo,episode_00007,Parsed Request Count,50.0
122,adventuregame,NEW_Reflect_Agent,home_deliver_three_basic_easy_invlimittwo,episode_00007,Request Count,50.0
123,adventuregame,NEW_Reflect_Agent,home_deliver_three_basic_easy_invlimittwo,episode_00007,Request Success Ratio,1.0
124,adventuregame,NEW_Reflect_Agent,home_deliver_three_basic_easy_invlimittwo,episode_00007,hallucination_count,0.0
125,adventuregame,NEW_Reflect_Agent,home_deliver_three_basic_easy_invlimittwo,episode_00007,action_parsing_fail,0.0
126,adventuregame,NEW_Reflect_Agent,home_deliver_three_basic_easy_invlimittwo,episode_00007,action_resolution_fail,28.0
127,adventuregame,NEW_Reflect_Agent,home_deliver_three_basic_easy_invlimittwo,episode_00007,lark_exception,0.0
128,adventuregame,NEW_Reflect_Agent,home_deliver_three_basic_easy_invlimittwo,episode_00007,malformed_command,0.0
129,adventuregame,NEW_Reflect_Agent,home_deliver_three_basic_easy_invlimittwo,episode_00007,undefined_action_verb,0.0
130,adventuregame,NEW_Reflect_Agent,home_deliver_three_basic_easy_invlimittwo,episode_00007,undefined_action,0.0
131,adventuregame,NEW_Reflect_Agent,home_deliver_three_basic_easy_invlimittwo,episode_00007,undefined_repr_str,0.0
132,adventuregame,NEW_Reflect_Agent,home_deliver_three_basic_easy_invlimittwo,episode_00007,manipulating_room,0.0
133,adventuregame,NEW_Reflect_Agent,home_deliver_three_basic_easy_invlimittwo,episode_00007,undefined_argument_type,0.0
134,adventuregame,NEW_Reflect_Agent,home_deliver_three_basic_easy_invlimittwo,episode_00007,taking_from_inventory,0.0
135,adventuregame,NEW_Reflect_Agent,home_deliver_three_basic_easy_invlimittwo,episode_00007,other_room_argument,0.0
136,adventuregame,NEW_Reflect_Agent,home_deliver_three_basic_easy_invlimittwo,episode_00007,domain_trait_type_mismatch,0.0
137,adventuregame,NEW_Reflect_Agent,home_deliver_three_basic_easy_invlimittwo,episode_00007,domain_type_discrepancy,0.0
138,adventuregame,NEW_Reflect_Agent,home_deliver_three_basic_easy_invlimittwo,episode_00007,world_state_discrepancy,0.0
139,adventuregame,NEW_Reflect_Agent,home_deliver_three_basic_easy_invlimittwo,episode_00007,entity_not_accessible,9.0
140,adventuregame,NEW_Reflect_Agent,home_deliver_three_basic_easy_invlimittwo,episode_00007,entity_state_mismatch,1.0
141,adventuregame,NEW_Reflect_Agent,home_deliver_three_basic_easy_invlimittwo,episode_00007,entity_trait_mismatch,0.0
142,adventuregame,NEW_Reflect_Agent,home_deliver_three_basic_easy_invlimittwo,episode_00007,entity_already_inventory,0.0
143,adventuregame,NEW_Reflect_Agent,home_deliver_three_basic_easy_invlimittwo,episode_00007,going_to_current_room,0.0
144,adventuregame,NEW_Reflect_Agent,home_deliver_three_basic_easy_invlimittwo,episode_00007,no_exit_to,17.0
145,adventuregame,NEW_Reflect_Agent,home_deliver_three_basic_easy_invlimittwo,episode_00007,inventory_limit_exceeded,1.0
146,adventuregame,NEW_Reflect_Agent,home_deliver_three_basic_easy_invlimittwo,episode_00007,successful_actions,22.0
147,adventuregame,NEW_Reflect_Agent,home_deliver_three_basic_easy_invlimittwo,episode_00007,turn_limit_loss,1.0
148,adventuregame,NEW_Reflect_Agent,home_deliver_three_basic_easy_invlimittwo,episode_00007,turns_over_par,
149,adventuregame,NEW_Reflect_Agent,home_deliver_three_basic_easy_invlimittwo,episode_00007,turn_ratio,
150,adventuregame,NEW_Reflect_Agent,home_deliver_three_basic_easy_invlimittwo,episode_00007,finish_speed,
151,adventuregame,NEW_Reflect_Agent,home_deliver_three_basic_easy_invlimittwo,episode_00007,achieved_goal_ratio,0.0
152,adventuregame,NEW_Reflect_Agent,home_deliver_three_basic_easy_invlimittwo,episode_00007,Aborted,1.0
153,adventuregame,NEW_Reflect_Agent,home_deliver_three_basic_easy_invlimittwo,episode_00007,Success,0.0
154,adventuregame,NEW_Reflect_Agent,home_deliver_three_basic_easy_invlimittwo,episode_00007,Lose,0.0
155,adventuregame,NEW_Reflect_Agent,home_deliver_three_basic_easy_invlimittwo,episode_00007,Main Score,
156,adventuregame,NEW_Reflect_Agent,home_deliver_three_basic_easy_invlimittwo,episode_00007,plan_followed_ratio,0.0
157,adventuregame,NEW_Reflect_Agent,home_deliver_three_basic_easy_invlimittwo,episode_00007,plan_average_viability_ratio,0.0
158,adventuregame,NEW_Reflect_Agent,home_deliver_three_basic_easy_invlimittwo,episode_00007,bad_plan_follow_ratio,0.0
159,adventuregame,NEW_Reflect_Agent,home_deliver_three_basic_easy_invlimittwo,episode_00007,bad_plan_dismiss_ratio,1.0
160,adventuregame,NEW_Reflect_Agent,home_deliver_three_basic_easy_invlimittwo,episode_00008,Violated Request Count,0.0
161,adventuregame,NEW_Reflect_Agent,home_deliver_three_basic_easy_invlimittwo,episode_00008,Parsed Request Count,50.0
162,adventuregame,NEW_Reflect_Agent,home_deliver_three_basic_easy_invlimittwo,episode_00008,Request Count,50.0
163,adventuregame,NEW_Reflect_Agent,home_deliver_three_basic_easy_invlimittwo,episode_00008,Request Success Ratio,1.0
164,adventuregame,NEW_Reflect_Agent,home_deliver_three_basic_easy_invlimittwo,episode_00008,hallucination_count,0.0
165,adventuregame,NEW_Reflect_Agent,home_deliver_three_basic_easy_invlimittwo,episode_00008,action_parsing_fail,1.0
166,adventuregame,NEW_Reflect_Agent,home_deliver_three_basic_easy_invlimittwo,episode_00008,action_resolution_fail,42.0
167,adventuregame,NEW_Reflect_Agent,home_deliver_three_basic_easy_invlimittwo,episode_00008,lark_exception,0.0
168,adventuregame,NEW_Reflect_Agent,home_deliver_three_basic_easy_invlimittwo,episode_00008,malformed_command,0.0
169,adventuregame,NEW_Reflect_Agent,home_deliver_three_basic_easy_invlimittwo,episode_00008,undefined_action_verb,0.0
170,adventuregame,NEW_Reflect_Agent,home_deliver_three_basic_easy_invlimittwo,episode_00008,undefined_action,0.0
171,adventuregame,NEW_Reflect_Agent,home_deliver_three_basic_easy_invlimittwo,episode_00008,undefined_repr_str,0.0
172,adventuregame,NEW_Reflect_Agent,home_deliver_three_basic_easy_invlimittwo,episode_00008,manipulating_room,0.0
173,adventuregame,NEW_Reflect_Agent,home_deliver_three_basic_easy_invlimittwo,episode_00008,undefined_argument_type,0.0
174,adventuregame,NEW_Reflect_Agent,home_deliver_three_basic_easy_invlimittwo,episode_00008,taking_from_inventory,0.0
175,adventuregame,NEW_Reflect_Agent,home_deliver_three_basic_easy_invlimittwo,episode_00008,other_room_argument,1.0
176,adventuregame,NEW_Reflect_Agent,home_deliver_three_basic_easy_invlimittwo,episode_00008,domain_trait_type_mismatch,0.0
177,adventuregame,NEW_Reflect_Agent,home_deliver_three_basic_easy_invlimittwo,episode_00008,domain_type_discrepancy,0.0
178,adventuregame,NEW_Reflect_Agent,home_deliver_three_basic_easy_invlimittwo,episode_00008,world_state_discrepancy,0.0
179,adventuregame,NEW_Reflect_Agent,home_deliver_three_basic_easy_invlimittwo,episode_00008,entity_not_accessible,8.0
180,adventuregame,NEW_Reflect_Agent,home_deliver_three_basic_easy_invlimittwo,episode_00008,entity_state_mismatch,0.0
181,adventuregame,NEW_Reflect_Agent,home_deliver_three_basic_easy_invlimittwo,episode_00008,entity_trait_mismatch,0.0
182,adventuregame,NEW_Reflect_Agent,home_deliver_three_basic_easy_invlimittwo,episode_00008,entity_already_inventory,0.0
183,adventuregame,NEW_Reflect_Agent,home_deliver_three_basic_easy_invlimittwo,episode_00008,going_to_current_room,0.0
184,adventuregame,NEW_Reflect_Agent,home_deliver_three_basic_easy_invlimittwo,episode_00008,no_exit_to,3.0
185,adventuregame,NEW_Reflect_Agent,home_deliver_three_basic_easy_invlimittwo,episode_00008,inventory_limit_exceeded,31.0
186,adventuregame,NEW_Reflect_Agent,home_deliver_three_basic_easy_invlimittwo,episode_00008,successful_actions,7.0
187,adventuregame,NEW_Reflect_Agent,home_deliver_three_basic_easy_invlimittwo,episode_00008,turn_limit_loss,1.0
188,adventuregame,NEW_Reflect_Agent,home_deliver_three_basic_easy_invlimittwo,episode_00008,turns_over_par,
189,adventuregame,NEW_Reflect_Agent,home_deliver_three_basic_easy_invlimittwo,episode_00008,turn_ratio,
190,adventuregame,NEW_Reflect_Agent,home_deliver_three_basic_easy_invlimittwo,episode_00008,finish_speed,
191,adventuregame,NEW_Reflect_Agent,home_deliver_three_basic_easy_invlimittwo,episode_00008,achieved_goal_ratio,0.0
192,adventuregame,NEW_Reflect_Agent,home_deliver_three_basic_easy_invlimittwo,episode_00008,Aborted,1.0
193,adventuregame,NEW_Reflect_Agent,home_deliver_three_basic_easy_invlimittwo,episode_00008,Success,0.0
194,adventuregame,NEW_Reflect_Agent,home_deliver_three_basic_easy_invlimittwo,episode_00008,Lose,0.0
195,adventuregame,NEW_Reflect_Agent,home_deliver_three_basic_easy_invlimittwo,episode_00008,Main Score,
196,adventuregame,NEW_Reflect_Agent,home_deliver_three_basic_easy_invlimittwo,episode_00008,plan_followed_ratio,0.0
197,adventuregame,NEW_Reflect_Agent,home_deliver_three_basic_easy_invlimittwo,episode_00008,plan_average_viability_ratio,0.0
198,adventuregame,NEW_Reflect_Agent,home_deliver_three_basic_easy_invlimittwo,episode_00008,bad_plan_follow_ratio,0.0
199,adventuregame,NEW_Reflect_Agent,home_deliver_three_basic_easy_invlimittwo,episode_00008,bad_plan_dismiss_ratio,1.0
200,adventuregame,NEW_Reflect_Agent,home_deliver_three_basic_easy_invlimittwo,episode_00009,Violated Request Count,0.0
201,adventuregame,NEW_Reflect_Agent,home_deliver_three_basic_easy_invlimittwo,episode_00009,Parsed Request Count,11.0
202,adventuregame,NEW_Reflect_Agent,home_deliver_three_basic_easy_invlimittwo,episode_00009,Request Count,11.0
203,adventuregame,NEW_Reflect_Agent,home_deliver_three_basic_easy_invlimittwo,episode_00009,Request Success Ratio,1.0
204,adventuregame,NEW_Reflect_Agent,home_deliver_three_basic_easy_invlimittwo,episode_00009,hallucination_count,0.0
205,adventuregame,NEW_Reflect_Agent,home_deliver_three_basic_easy_invlimittwo,episode_00009,action_parsing_fail,0.0
206,adventuregame,NEW_Reflect_Agent,home_deliver_three_basic_easy_invlimittwo,episode_00009,action_resolution_fail,1.0
207,adventuregame,NEW_Reflect_Agent,home_deliver_three_basic_easy_invlimittwo,episode_00009,lark_exception,0.0
208,adventuregame,NEW_Reflect_Agent,home_deliver_three_basic_easy_invlimittwo,episode_00009,malformed_command,0.0
209,adventuregame,NEW_Reflect_Agent,home_deliver_three_basic_easy_invlimittwo,episode_00009,undefined_action_verb,0.0
210,adventuregame,NEW_Reflect_Agent,home_deliver_three_basic_easy_invlimittwo,episode_00009,undefined_action,0.0
211,adventuregame,NEW_Reflect_Agent,home_deliver_three_basic_easy_invlimittwo,episode_00009,undefined_repr_str,0.0
212,adventuregame,NEW_Reflect_Agent,home_deliver_three_basic_easy_invlimittwo,episode_00009,manipulating_room,0.0
213,adventuregame,NEW_Reflect_Agent,home_deliver_three_basic_easy_invlimittwo,episode_00009,undefined_argument_type,0.0
214,adventuregame,NEW_Reflect_Agent,home_deliver_three_basic_easy_invlimittwo,episode_00009,taking_from_inventory,0.0
215,adventuregame,NEW_Reflect_Agent,home_deliver_three_basic_easy_invlimittwo,episode_00009,other_room_argument,0.0
216,adventuregame,NEW_Reflect_Agent,home_deliver_three_basic_easy_invlimittwo,episode_00009,domain_trait_type_mismatch,0.0
217,adventuregame,NEW_Reflect_Agent,home_deliver_three_basic_easy_invlimittwo,episode_00009,domain_type_discrepancy,0.0
218,adventuregame,NEW_Reflect_Agent,home_deliver_three_basic_easy_invlimittwo,episode_00009,world_state_discrepancy,0.0
219,adventuregame,NEW_Reflect_Agent,home_deliver_three_basic_easy_invlimittwo,episode_00009,entity_not_accessible,1.0
220,adventuregame,NEW_Reflect_Agent,home_deliver_three_basic_easy_invlimittwo,episode_00009,entity_state_mismatch,0.0
221,adventuregame,NEW_Reflect_Agent,home_deliver_three_basic_easy_invlimittwo,episode_00009,entity_trait_mismatch,0.0
222,adventuregame,NEW_Reflect_Agent,home_deliver_three_basic_easy_invlimittwo,episode_00009,entity_already_inventory,0.0
223,adventuregame,NEW_Reflect_Agent,home_deliver_three_basic_easy_invlimittwo,episode_00009,going_to_current_room,0.0
224,adventuregame,NEW_Reflect_Agent,home_deliver_three_basic_easy_invlimittwo,episode_00009,no_exit_to,0.0
225,adventuregame,NEW_Reflect_Agent,home_deliver_three_basic_easy_invlimittwo,episode_00009,inventory_limit_exceeded,0.0
226,adventuregame,NEW_Reflect_Agent,home_deliver_three_basic_easy_invlimittwo,episode_00009,successful_actions,10.0
227,adventuregame,NEW_Reflect_Agent,home_deliver_three_basic_easy_invlimittwo,episode_00009,turn_limit_loss,0.0
228,adventuregame,NEW_Reflect_Agent,home_deliver_three_basic_easy_invlimittwo,episode_00009,turns_over_par,3.0
229,adventuregame,NEW_Reflect_Agent,home_deliver_three_basic_easy_invlimittwo,episode_00009,turn_ratio,0.9285714285714286
230,adventuregame,NEW_Reflect_Agent,home_deliver_three_basic_easy_invlimittwo,episode_00009,finish_speed,0.0714285714285714
231,adventuregame,NEW_Reflect_Agent,home_deliver_three_basic_easy_invlimittwo,episode_00009,achieved_goal_ratio,1.0
232,adventuregame,NEW_Reflect_Agent,home_deliver_three_basic_easy_invlimittwo,episode_00009,Aborted,0.0
233,adventuregame,NEW_Reflect_Agent,home_deliver_three_basic_easy_invlimittwo,episode_00009,Success,1.0
234,adventuregame,NEW_Reflect_Agent,home_deliver_three_basic_easy_invlimittwo,episode_00009,Lose,0.0
235,adventuregame,NEW_Reflect_Agent,home_deliver_three_basic_easy_invlimittwo,episode_00009,Main Score,100.0
236,adventuregame,NEW_Reflect_Agent,home_deliver_three_basic_easy_invlimittwo,episode_00009,plan_followed_ratio,0.0
237,adventuregame,NEW_Reflect_Agent,home_deliver_three_basic_easy_invlimittwo,episode_00009,plan_average_viability_ratio,0.0
238,adventuregame,NEW_Reflect_Agent,home_deliver_three_basic_easy_invlimittwo,episode_00009,bad_plan_follow_ratio,0.0
239,adventuregame,NEW_Reflect_Agent,home_deliver_three_basic_easy_invlimittwo,episode_00009,bad_plan_dismiss_ratio,1.0
240,adventuregame,NEW_Reflect_Agent,home_deliver_three_basic_hard,episode_00013,Violated Request Count,0.0
241,adventuregame,NEW_Reflect_Agent,home_deliver_three_basic_hard,episode_00013,Parsed Request Count,50.0
242,adventuregame,NEW_Reflect_Agent,home_deliver_three_basic_hard,episode_00013,Request Count,50.0
243,adventuregame,NEW_Reflect_Agent,home_deliver_three_basic_hard,episode_00013,Request Success Ratio,1.0
244,adventuregame,NEW_Reflect_Agent,home_deliver_three_basic_hard,episode_00013,hallucination_count,0.0
245,adventuregame,NEW_Reflect_Agent,home_deliver_three_basic_hard,episode_00013,action_parsing_fail,0.0
246,adventuregame,NEW_Reflect_Agent,home_deliver_three_basic_hard,episode_00013,action_resolution_fail,36.0
247,adventuregame,NEW_Reflect_Agent,home_deliver_three_basic_hard,episode_00013,lark_exception,0.0
248,adventuregame,NEW_Reflect_Agent,home_deliver_three_basic_hard,episode_00013,malformed_command,0.0
249,adventuregame,NEW_Reflect_Agent,home_deliver_three_basic_hard,episode_00013,undefined_action_verb,0.0
250,adventuregame,NEW_Reflect_Agent,home_deliver_three_basic_hard,episode_00013,undefined_action,0.0
251,adventuregame,NEW_Reflect_Agent,home_deliver_three_basic_hard,episode_00013,undefined_repr_str,0.0
252,adventuregame,NEW_Reflect_Agent,home_deliver_three_basic_hard,episode_00013,manipulating_room,0.0
253,adventuregame,NEW_Reflect_Agent,home_deliver_three_basic_hard,episode_00013,undefined_argument_type,0.0
254,adventuregame,NEW_Reflect_Agent,home_deliver_three_basic_hard,episode_00013,taking_from_inventory,0.0
255,adventuregame,NEW_Reflect_Agent,home_deliver_three_basic_hard,episode_00013,other_room_argument,0.0
256,adventuregame,NEW_Reflect_Agent,home_deliver_three_basic_hard,episode_00013,domain_trait_type_mismatch,0.0
257,adventuregame,NEW_Reflect_Agent,home_deliver_three_basic_hard,episode_00013,domain_type_discrepancy,0.0
258,adventuregame,NEW_Reflect_Agent,home_deliver_three_basic_hard,episode_00013,world_state_discrepancy,0.0
259,adventuregame,NEW_Reflect_Agent,home_deliver_three_basic_hard,episode_00013,entity_not_accessible,7.0
260,adventuregame,NEW_Reflect_Agent,home_deliver_three_basic_hard,episode_00013,entity_state_mismatch,0.0
261,adventuregame,NEW_Reflect_Agent,home_deliver_three_basic_hard,episode_00013,entity_trait_mismatch,0.0
262,adventuregame,NEW_Reflect_Agent,home_deliver_three_basic_hard,episode_00013,entity_already_inventory,0.0
263,adventuregame,NEW_Reflect_Agent,home_deliver_three_basic_hard,episode_00013,going_to_current_room,0.0
264,adventuregame,NEW_Reflect_Agent,home_deliver_three_basic_hard,episode_00013,no_exit_to,29.0
265,adventuregame,NEW_Reflect_Agent,home_deliver_three_basic_hard,episode_00013,inventory_limit_exceeded,0.0
266,adventuregame,NEW_Reflect_Agent,home_deliver_three_basic_hard,episode_00013,successful_actions,14.0
267,adventuregame,NEW_Reflect_Agent,home_deliver_three_basic_hard,episode_00013,turn_limit_loss,1.0
268,adventuregame,NEW_Reflect_Agent,home_deliver_three_basic_hard,episode_00013,turns_over_par,
269,adventuregame,NEW_Reflect_Agent,home_deliver_three_basic_hard,episode_00013,turn_ratio,
270,adventuregame,NEW_Reflect_Agent,home_deliver_three_basic_hard,episode_00013,finish_speed,
271,adventuregame,NEW_Reflect_Agent,home_deliver_three_basic_hard,episode_00013,achieved_goal_ratio,0.0
272,adventuregame,NEW_Reflect_Agent,home_deliver_three_basic_hard,episode_00013,Aborted,1.0
273,adventuregame,NEW_Reflect_Agent,home_deliver_three_basic_hard,episode_00013,Success,0.0
274,adventuregame,NEW_Reflect_Agent,home_deliver_three_basic_hard,episode_00013,Lose,0.0
275,adventuregame,NEW_Reflect_Agent,home_deliver_three_basic_hard,episode_00013,Main Score,
276,adventuregame,NEW_Reflect_Agent,home_deliver_three_basic_hard,episode_00013,plan_followed_ratio,0.0
277,adventuregame,NEW_Reflect_Agent,home_deliver_three_basic_hard,episode_00013,plan_average_viability_ratio,0.0
278,adventuregame,NEW_Reflect_Agent,home_deliver_three_basic_hard,episode_00013,bad_plan_follow_ratio,0.0
279,adventuregame,NEW_Reflect_Agent,home_deliver_three_basic_hard,episode_00013,bad_plan_dismiss_ratio,1.0
280,adventuregame,NEW_Reflect_Agent,home_deliver_three_basic_hard,episode_00014,Violated Request Count,0.0
281,adventuregame,NEW_Reflect_Agent,home_deliver_three_basic_hard,episode_00014,Parsed Request Count,29.0
282,adventuregame,NEW_Reflect_Agent,home_deliver_three_basic_hard,episode_00014,Request Count,29.0
283,adventuregame,NEW_Reflect_Agent,home_deliver_three_basic_hard,episode_00014,Request Success Ratio,1.0
284,adventuregame,NEW_Reflect_Agent,home_deliver_three_basic_hard,episode_00014,hallucination_count,1.0
285,adventuregame,NEW_Reflect_Agent,home_deliver_three_basic_hard,episode_00014,action_parsing_fail,0.0
286,adventuregame,NEW_Reflect_Agent,home_deliver_three_basic_hard,episode_00014,action_resolution_fail,13.0
287,adventuregame,NEW_Reflect_Agent,home_deliver_three_basic_hard,episode_00014,lark_exception,0.0
288,adventuregame,NEW_Reflect_Agent,home_deliver_three_basic_hard,episode_00014,malformed_command,0.0
289,adventuregame,NEW_Reflect_Agent,home_deliver_three_basic_hard,episode_00014,undefined_action_verb,0.0
290,adventuregame,NEW_Reflect_Agent,home_deliver_three_basic_hard,episode_00014,undefined_action,0.0
291,adventuregame,NEW_Reflect_Agent,home_deliver_three_basic_hard,episode_00014,undefined_repr_str,0.0
292,adventuregame,NEW_Reflect_Agent,home_deliver_three_basic_hard,episode_00014,manipulating_room,0.0
293,adventuregame,NEW_Reflect_Agent,home_deliver_three_basic_hard,episode_00014,undefined_argument_type,0.0
294,adventuregame,NEW_Reflect_Agent,home_deliver_three_basic_hard,episode_00014,taking_from_inventory,0.0
295,adventuregame,NEW_Reflect_Agent,home_deliver_three_basic_hard,episode_00014,other_room_argument,0.0
296,adventuregame,NEW_Reflect_Agent,home_deliver_three_basic_hard,episode_00014,domain_trait_type_mismatch,0.0
297,adventuregame,NEW_Reflect_Agent,home_deliver_three_basic_hard,episode_00014,domain_type_discrepancy,0.0
298,adventuregame,NEW_Reflect_Agent,home_deliver_three_basic_hard,episode_00014,world_state_discrepancy,0.0
299,adventuregame,NEW_Reflect_Agent,home_deliver_three_basic_hard,episode_00014,entity_not_accessible,8.0
300,adventuregame,NEW_Reflect_Agent,home_deliver_three_basic_hard,episode_00014,entity_state_mismatch,5.0
301,adventuregame,NEW_Reflect_Agent,home_deliver_three_basic_hard,episode_00014,entity_trait_mismatch,0.0
302,adventuregame,NEW_Reflect_Agent,home_deliver_three_basic_hard,episode_00014,entity_already_inventory,0.0
303,adventuregame,NEW_Reflect_Agent,home_deliver_three_basic_hard,episode_00014,going_to_current_room,0.0
304,adventuregame,NEW_Reflect_Agent,home_deliver_three_basic_hard,episode_00014,no_exit_to,0.0
305,adventuregame,NEW_Reflect_Agent,home_deliver_three_basic_hard,episode_00014,inventory_limit_exceeded,0.0
306,adventuregame,NEW_Reflect_Agent,home_deliver_three_basic_hard,episode_00014,successful_actions,16.0
307,adventuregame,NEW_Reflect_Agent,home_deliver_three_basic_hard,episode_00014,turn_limit_loss,0.0
308,adventuregame,NEW_Reflect_Agent,home_deliver_three_basic_hard,episode_00014,turns_over_par,
309,adventuregame,NEW_Reflect_Agent,home_deliver_three_basic_hard,episode_00014,turn_ratio,
310,adventuregame,NEW_Reflect_Agent,home_deliver_three_basic_hard,episode_00014,finish_speed,
311,adventuregame,NEW_Reflect_Agent,home_deliver_three_basic_hard,episode_00014,achieved_goal_ratio,0.0
312,adventuregame,NEW_Reflect_Agent,home_deliver_three_basic_hard,episode_00014,Aborted,0.0
313,adventuregame,NEW_Reflect_Agent,home_deliver_three_basic_hard,episode_00014,Success,0.0
314,adventuregame,NEW_Reflect_Agent,home_deliver_three_basic_hard,episode_00014,Lose,1.0
315,adventuregame,NEW_Reflect_Agent,home_deliver_three_basic_hard,episode_00014,Main Score,0.0
316,adventuregame,NEW_Reflect_Agent,home_deliver_three_basic_hard,episode_00014,plan_followed_ratio,0.0
317,adventuregame,NEW_Reflect_Agent,home_deliver_three_basic_hard,episode_00014,plan_average_viability_ratio,0.0
318,adventuregame,NEW_Reflect_Agent,home_deliver_three_basic_hard,episode_00014,bad_plan_follow_ratio,0.0
319,adventuregame,NEW_Reflect_Agent,home_deliver_three_basic_hard,episode_00014,bad_plan_dismiss_ratio,1.0
320,adventuregame,NEW_Reflect_Agent,home_deliver_three_basic_hard,episode_00015,Violated Request Count,0.0
321,adventuregame,NEW_Reflect_Agent,home_deliver_three_basic_hard,episode_00015,Parsed Request Count,50.0
322,adventuregame,NEW_Reflect_Agent,home_deliver_three_basic_hard,episode_00015,Request Count,50.0
323,adventuregame,NEW_Reflect_Agent,home_deliver_three_basic_hard,episode_00015,Request Success Ratio,1.0
324,adventuregame,NEW_Reflect_Agent,home_deliver_three_basic_hard,episode_00015,hallucination_count,0.0
325,adventuregame,NEW_Reflect_Agent,home_deliver_three_basic_hard,episode_00015,action_parsing_fail,0.0
326,adventuregame,NEW_Reflect_Agent,home_deliver_three_basic_hard,episode_00015,action_resolution_fail,36.0
327,adventuregame,NEW_Reflect_Agent,home_deliver_three_basic_hard,episode_00015,lark_exception,0.0
328,adventuregame,NEW_Reflect_Agent,home_deliver_three_basic_hard,episode_00015,malformed_command,0.0
329,adventuregame,NEW_Reflect_Agent,home_deliver_three_basic_hard,episode_00015,undefined_action_verb,0.0
330,adventuregame,NEW_Reflect_Agent,home_deliver_three_basic_hard,episode_00015,undefined_action,0.0
331,adventuregame,NEW_Reflect_Agent,home_deliver_three_basic_hard,episode_00015,undefined_repr_str,0.0
332,adventuregame,NEW_Reflect_Agent,home_deliver_three_basic_hard,episode_00015,manipulating_room,0.0
333,adventuregame,NEW_Reflect_Agent,home_deliver_three_basic_hard,episode_00015,undefined_argument_type,0.0
334,adventuregame,NEW_Reflect_Agent,home_deliver_three_basic_hard,episode_00015,taking_from_inventory,0.0
335,adventuregame,NEW_Reflect_Agent,home_deliver_three_basic_hard,episode_00015,other_room_argument,0.0
336,adventuregame,NEW_Reflect_Agent,home_deliver_three_basic_hard,episode_00015,domain_trait_type_mismatch,0.0
337,adventuregame,NEW_Reflect_Agent,home_deliver_three_basic_hard,episode_00015,domain_type_discrepancy,0.0
338,adventuregame,NEW_Reflect_Agent,home_deliver_three_basic_hard,episode_00015,world_state_discrepancy,0.0
339,adventuregame,NEW_Reflect_Agent,home_deliver_three_basic_hard,episode_00015,entity_not_accessible,15.0
340,adventuregame,NEW_Reflect_Agent,home_deliver_three_basic_hard,episode_00015,entity_state_mismatch,17.0
341,adventuregame,NEW_Reflect_Agent,home_deliver_three_basic_hard,episode_00015,entity_trait_mismatch,0.0
342,adventuregame,NEW_Reflect_Agent,home_deliver_three_basic_hard,episode_00015,entity_already_inventory,0.0
343,adventuregame,NEW_Reflect_Agent,home_deliver_three_basic_hard,episode_00015,going_to_current_room,0.0
344,adventuregame,NEW_Reflect_Agent,home_deliver_three_basic_hard,episode_00015,no_exit_to,4.0
345,adventuregame,NEW_Reflect_Agent,home_deliver_three_basic_hard,episode_00015,inventory_limit_exceeded,0.0
346,adventuregame,NEW_Reflect_Agent,home_deliver_three_basic_hard,episode_00015,successful_actions,14.0
347,adventuregame,NEW_Reflect_Agent,home_deliver_three_basic_hard,episode_00015,turn_limit_loss,1.0
348,adventuregame,NEW_Reflect_Agent,home_deliver_three_basic_hard,episode_00015,turns_over_par,
349,adventuregame,NEW_Reflect_Agent,home_deliver_three_basic_hard,episode_00015,turn_ratio,
350,adventuregame,NEW_Reflect_Agent,home_deliver_three_basic_hard,episode_00015,finish_speed,
351,adventuregame,NEW_Reflect_Agent,home_deliver_three_basic_hard,episode_00015,achieved_goal_ratio,0.0
352,adventuregame,NEW_Reflect_Agent,home_deliver_three_basic_hard,episode_00015,Aborted,1.0
353,adventuregame,NEW_Reflect_Agent,home_deliver_three_basic_hard,episode_00015,Success,0.0
354,adventuregame,NEW_Reflect_Agent,home_deliver_three_basic_hard,episode_00015,Lose,0.0
355,adventuregame,NEW_Reflect_Agent,home_deliver_three_basic_hard,episode_00015,Main Score,
356,adventuregame,NEW_Reflect_Agent,home_deliver_three_basic_hard,episode_00015,plan_followed_ratio,0.0
357,adventuregame,NEW_Reflect_Agent,home_deliver_three_basic_hard,episode_00015,plan_average_viability_ratio,0.0
358,adventuregame,NEW_Reflect_Agent,home_deliver_three_basic_hard,episode_00015,bad_plan_follow_ratio,0.0
359,adventuregame,NEW_Reflect_Agent,home_deliver_three_basic_hard,episode_00015,bad_plan_dismiss_ratio,1.0
360,adventuregame,NEW_Reflect_Agent,home_deliver_three_basic_hard_invlimittwo,episode_00019,Violated Request Count,0.0
361,adventuregame,NEW_Reflect_Agent,home_deliver_three_basic_hard_invlimittwo,episode_00019,Parsed Request Count,50.0
362,adventuregame,NEW_Reflect_Agent,home_deliver_three_basic_hard_invlimittwo,episode_00019,Request Count,50.0
363,adventuregame,NEW_Reflect_Agent,home_deliver_three_basic_hard_invlimittwo,episode_00019,Request Success Ratio,1.0
364,adventuregame,NEW_Reflect_Agent,home_deliver_three_basic_hard_invlimittwo,episode_00019,hallucination_count,0.0
365,adventuregame,NEW_Reflect_Agent,home_deliver_three_basic_hard_invlimittwo,episode_00019,action_parsing_fail,0.0
366,adventuregame,NEW_Reflect_Agent,home_deliver_three_basic_hard_invlimittwo,episode_00019,action_resolution_fail,34.0
367,adventuregame,NEW_Reflect_Agent,home_deliver_three_basic_hard_invlimittwo,episode_00019,lark_exception,0.0
368,adventuregame,NEW_Reflect_Agent,home_deliver_three_basic_hard_invlimittwo,episode_00019,malformed_command,0.0
369,adventuregame,NEW_Reflect_Agent,home_deliver_three_basic_hard_invlimittwo,episode_00019,undefined_action_verb,0.0
370,adventuregame,NEW_Reflect_Agent,home_deliver_three_basic_hard_invlimittwo,episode_00019,undefined_action,0.0
371,adventuregame,NEW_Reflect_Agent,home_deliver_three_basic_hard_invlimittwo,episode_00019,undefined_repr_str,0.0
372,adventuregame,NEW_Reflect_Agent,home_deliver_three_basic_hard_invlimittwo,episode_00019,manipulating_room,0.0
373,adventuregame,NEW_Reflect_Agent,home_deliver_three_basic_hard_invlimittwo,episode_00019,undefined_argument_type,0.0
374,adventuregame,NEW_Reflect_Agent,home_deliver_three_basic_hard_invlimittwo,episode_00019,taking_from_inventory,0.0
375,adventuregame,NEW_Reflect_Agent,home_deliver_three_basic_hard_invlimittwo,episode_00019,other_room_argument,0.0
376,adventuregame,NEW_Reflect_Agent,home_deliver_three_basic_hard_invlimittwo,episode_00019,domain_trait_type_mismatch,0.0
377,adventuregame,NEW_Reflect_Agent,home_deliver_three_basic_hard_invlimittwo,episode_00019,domain_type_discrepancy,0.0
378,adventuregame,NEW_Reflect_Agent,home_deliver_three_basic_hard_invlimittwo,episode_00019,world_state_discrepancy,0.0
379,adventuregame,NEW_Reflect_Agent,home_deliver_three_basic_hard_invlimittwo,episode_00019,entity_not_accessible,4.0
380,adventuregame,NEW_Reflect_Agent,home_deliver_three_basic_hard_invlimittwo,episode_00019,entity_state_mismatch,13.0
381,adventuregame,NEW_Reflect_Agent,home_deliver_three_basic_hard_invlimittwo,episode_00019,entity_trait_mismatch,0.0
382,adventuregame,NEW_Reflect_Agent,home_deliver_three_basic_hard_invlimittwo,episode_00019,entity_already_inventory,0.0
383,adventuregame,NEW_Reflect_Agent,home_deliver_three_basic_hard_invlimittwo,episode_00019,going_to_current_room,0.0
384,adventuregame,NEW_Reflect_Agent,home_deliver_three_basic_hard_invlimittwo,episode_00019,no_exit_to,17.0
385,adventuregame,NEW_Reflect_Agent,home_deliver_three_basic_hard_invlimittwo,episode_00019,inventory_limit_exceeded,0.0
386,adventuregame,NEW_Reflect_Agent,home_deliver_three_basic_hard_invlimittwo,episode_00019,successful_actions,16.0
387,adventuregame,NEW_Reflect_Agent,home_deliver_three_basic_hard_invlimittwo,episode_00019,turn_limit_loss,1.0
388,adventuregame,NEW_Reflect_Agent,home_deliver_three_basic_hard_invlimittwo,episode_00019,turns_over_par,
389,adventuregame,NEW_Reflect_Agent,home_deliver_three_basic_hard_invlimittwo,episode_00019,turn_ratio,
390,adventuregame,NEW_Reflect_Agent,home_deliver_three_basic_hard_invlimittwo,episode_00019,finish_speed,
391,adventuregame,NEW_Reflect_Agent,home_deliver_three_basic_hard_invlimittwo,episode_00019,achieved_goal_ratio,0.3333333333333333
392,adventuregame,NEW_Reflect_Agent,home_deliver_three_basic_hard_invlimittwo,episode_00019,Aborted,1.0
393,adventuregame,NEW_Reflect_Agent,home_deliver_three_basic_hard_invlimittwo,episode_00019,Success,0.0
394,adventuregame,NEW_Reflect_Agent,home_deliver_three_basic_hard_invlimittwo,episode_00019,Lose,0.0
395,adventuregame,NEW_Reflect_Agent,home_deliver_three_basic_hard_invlimittwo,episode_00019,Main Score,
396,adventuregame,NEW_Reflect_Agent,home_deliver_three_basic_hard_invlimittwo,episode_00019,plan_followed_ratio,0.0
397,adventuregame,NEW_Reflect_Agent,home_deliver_three_basic_hard_invlimittwo,episode_00019,plan_average_viability_ratio,0.0
398,adventuregame,NEW_Reflect_Agent,home_deliver_three_basic_hard_invlimittwo,episode_00019,bad_plan_follow_ratio,0.0
399,adventuregame,NEW_Reflect_Agent,home_deliver_three_basic_hard_invlimittwo,episode_00019,bad_plan_dismiss_ratio,1.0
400,adventuregame,NEW_Reflect_Agent,home_deliver_three_basic_hard_invlimittwo,episode_00020,Violated Request Count,0.0
401,adventuregame,NEW_Reflect_Agent,home_deliver_three_basic_hard_invlimittwo,episode_00020,Parsed Request Count,50.0
402,adventuregame,NEW_Reflect_Agent,home_deliver_three_basic_hard_invlimittwo,episode_00020,Request Count,50.0
403,adventuregame,NEW_Reflect_Agent,home_deliver_three_basic_hard_invlimittwo,episode_00020,Request Success Ratio,1.0
404,adventuregame,NEW_Reflect_Agent,home_deliver_three_basic_hard_invlimittwo,episode_00020,hallucination_count,0.0
405,adventuregame,NEW_Reflect_Agent,home_deliver_three_basic_hard_invlimittwo,episode_00020,action_parsing_fail,1.0
406,adventuregame,NEW_Reflect_Agent,home_deliver_three_basic_hard_invlimittwo,episode_00020,action_resolution_fail,38.0
407,adventuregame,NEW_Reflect_Agent,home_deliver_three_basic_hard_invlimittwo,episode_00020,lark_exception,0.0
408,adventuregame,NEW_Reflect_Agent,home_deliver_three_basic_hard_invlimittwo,episode_00020,malformed_command,0.0
409,adventuregame,NEW_Reflect_Agent,home_deliver_three_basic_hard_invlimittwo,episode_00020,undefined_action_verb,0.0
410,adventuregame,NEW_Reflect_Agent,home_deliver_three_basic_hard_invlimittwo,episode_00020,undefined_action,0.0
411,adventuregame,NEW_Reflect_Agent,home_deliver_three_basic_hard_invlimittwo,episode_00020,undefined_repr_str,0.0
412,adventuregame,NEW_Reflect_Agent,home_deliver_three_basic_hard_invlimittwo,episode_00020,manipulating_room,0.0
413,adventuregame,NEW_Reflect_Agent,home_deliver_three_basic_hard_invlimittwo,episode_00020,undefined_argument_type,0.0
414,adventuregame,NEW_Reflect_Agent,home_deliver_three_basic_hard_invlimittwo,episode_00020,taking_from_inventory,0.0
415,adventuregame,NEW_Reflect_Agent,home_deliver_three_basic_hard_invlimittwo,episode_00020,other_room_argument,1.0
416,adventuregame,NEW_Reflect_Agent,home_deliver_three_basic_hard_invlimittwo,episode_00020,domain_trait_type_mismatch,0.0
417,adventuregame,NEW_Reflect_Agent,home_deliver_three_basic_hard_invlimittwo,episode_00020,domain_type_discrepancy,0.0
418,adventuregame,NEW_Reflect_Agent,home_deliver_three_basic_hard_invlimittwo,episode_00020,world_state_discrepancy,0.0
419,adventuregame,NEW_Reflect_Agent,home_deliver_three_basic_hard_invlimittwo,episode_00020,entity_not_accessible,23.0
420,adventuregame,NEW_Reflect_Agent,home_deliver_three_basic_hard_invlimittwo,episode_00020,entity_state_mismatch,5.0
421,adventuregame,NEW_Reflect_Agent,home_deliver_three_basic_hard_invlimittwo,episode_00020,entity_trait_mismatch,0.0
422,adventuregame,NEW_Reflect_Agent,home_deliver_three_basic_hard_invlimittwo,episode_00020,entity_already_inventory,0.0
423,adventuregame,NEW_Reflect_Agent,home_deliver_three_basic_hard_invlimittwo,episode_00020,going_to_current_room,0.0
424,adventuregame,NEW_Reflect_Agent,home_deliver_three_basic_hard_invlimittwo,episode_00020,no_exit_to,0.0
425,adventuregame,NEW_Reflect_Agent,home_deliver_three_basic_hard_invlimittwo,episode_00020,inventory_limit_exceeded,10.0
426,adventuregame,NEW_Reflect_Agent,home_deliver_three_basic_hard_invlimittwo,episode_00020,successful_actions,11.0
427,adventuregame,NEW_Reflect_Agent,home_deliver_three_basic_hard_invlimittwo,episode_00020,turn_limit_loss,1.0
428,adventuregame,NEW_Reflect_Agent,home_deliver_three_basic_hard_invlimittwo,episode_00020,turns_over_par,
429,adventuregame,NEW_Reflect_Agent,home_deliver_three_basic_hard_invlimittwo,episode_00020,turn_ratio,
430,adventuregame,NEW_Reflect_Agent,home_deliver_three_basic_hard_invlimittwo,episode_00020,finish_speed,
431,adventuregame,NEW_Reflect_Agent,home_deliver_three_basic_hard_invlimittwo,episode_00020,achieved_goal_ratio,0.0
432,adventuregame,NEW_Reflect_Agent,home_deliver_three_basic_hard_invlimittwo,episode_00020,Aborted,1.0
433,adventuregame,NEW_Reflect_Agent,home_deliver_three_basic_hard_invlimittwo,episode_00020,Success,0.0
434,adventuregame,NEW_Reflect_Agent,home_deliver_three_basic_hard_invlimittwo,episode_00020,Lose,0.0
435,adventuregame,NEW_Reflect_Agent,home_deliver_three_basic_hard_invlimittwo,episode_00020,Main Score,
436,adventuregame,NEW_Reflect_Agent,home_deliver_three_basic_hard_invlimittwo,episode_00020,plan_followed_ratio,0.0
437,adventuregame,NEW_Reflect_Agent,home_deliver_three_basic_hard_invlimittwo,episode_00020,plan_average_viability_ratio,0.0
438,adventuregame,NEW_Reflect_Agent,home_deliver_three_basic_hard_invlimittwo,episode_00020,bad_plan_follow_ratio,0.0
439,adventuregame,NEW_Reflect_Agent,home_deliver_three_basic_hard_invlimittwo,episode_00020,bad_plan_dismiss_ratio,1.0
440,adventuregame,NEW_Reflect_Agent,home_deliver_three_basic_hard_invlimittwo,episode_00021,Violated Request Count,0.0
441,adventuregame,NEW_Reflect_Agent,home_deliver_three_basic_hard_invlimittwo,episode_00021,Parsed Request Count,50.0
442,adventuregame,NEW_Reflect_Agent,home_deliver_three_basic_hard_invlimittwo,episode_00021,Request Count,50.0
443,adventuregame,NEW_Reflect_Agent,home_deliver_three_basic_hard_invlimittwo,episode_00021,Request Success Ratio,1.0
444,adventuregame,NEW_Reflect_Agent,home_deliver_three_basic_hard_invlimittwo,episode_00021,hallucination_count,0.0
445,adventuregame,NEW_Reflect_Agent,home_deliver_three_basic_hard_invlimittwo,episode_00021,action_parsing_fail,0.0
446,adventuregame,NEW_Reflect_Agent,home_deliver_three_basic_hard_invlimittwo,episode_00021,action_resolution_fail,45.0
447,adventuregame,NEW_Reflect_Agent,home_deliver_three_basic_hard_invlimittwo,episode_00021,lark_exception,0.0
448,adventuregame,NEW_Reflect_Agent,home_deliver_three_basic_hard_invlimittwo,episode_00021,malformed_command,0.0
449,adventuregame,NEW_Reflect_Agent,home_deliver_three_basic_hard_invlimittwo,episode_00021,undefined_action_verb,0.0
450,adventuregame,NEW_Reflect_Agent,home_deliver_three_basic_hard_invlimittwo,episode_00021,undefined_action,0.0
451,adventuregame,NEW_Reflect_Agent,home_deliver_three_basic_hard_invlimittwo,episode_00021,undefined_repr_str,0.0
452,adventuregame,NEW_Reflect_Agent,home_deliver_three_basic_hard_invlimittwo,episode_00021,manipulating_room,0.0
453,adventuregame,NEW_Reflect_Agent,home_deliver_three_basic_hard_invlimittwo,episode_00021,undefined_argument_type,0.0
454,adventuregame,NEW_Reflect_Agent,home_deliver_three_basic_hard_invlimittwo,episode_00021,taking_from_inventory,0.0
455,adventuregame,NEW_Reflect_Agent,home_deliver_three_basic_hard_invlimittwo,episode_00021,other_room_argument,0.0
456,adventuregame,NEW_Reflect_Agent,home_deliver_three_basic_hard_invlimittwo,episode_00021,domain_trait_type_mismatch,0.0
457,adventuregame,NEW_Reflect_Agent,home_deliver_three_basic_hard_invlimittwo,episode_00021,domain_type_discrepancy,0.0
458,adventuregame,NEW_Reflect_Agent,home_deliver_three_basic_hard_invlimittwo,episode_00021,world_state_discrepancy,0.0
459,adventuregame,NEW_Reflect_Agent,home_deliver_three_basic_hard_invlimittwo,episode_00021,entity_not_accessible,0.0
460,adventuregame,NEW_Reflect_Agent,home_deliver_three_basic_hard_invlimittwo,episode_00021,entity_state_mismatch,14.0
461,adventuregame,NEW_Reflect_Agent,home_deliver_three_basic_hard_invlimittwo,episode_00021,entity_trait_mismatch,0.0
462,adventuregame,NEW_Reflect_Agent,home_deliver_three_basic_hard_invlimittwo,episode_00021,entity_already_inventory,0.0
463,adventuregame,NEW_Reflect_Agent,home_deliver_three_basic_hard_invlimittwo,episode_00021,going_to_current_room,0.0
464,adventuregame,NEW_Reflect_Agent,home_deliver_three_basic_hard_invlimittwo,episode_00021,no_exit_to,0.0
465,adventuregame,NEW_Reflect_Agent,home_deliver_three_basic_hard_invlimittwo,episode_00021,inventory_limit_exceeded,31.0
466,adventuregame,NEW_Reflect_Agent,home_deliver_three_basic_hard_invlimittwo,episode_00021,successful_actions,5.0
467,adventuregame,NEW_Reflect_Agent,home_deliver_three_basic_hard_invlimittwo,episode_00021,turn_limit_loss,1.0
468,adventuregame,NEW_Reflect_Agent,home_deliver_three_basic_hard_invlimittwo,episode_00021,turns_over_par,
469,adventuregame,NEW_Reflect_Agent,home_deliver_three_basic_hard_invlimittwo,episode_00021,turn_ratio,
470,adventuregame,NEW_Reflect_Agent,home_deliver_three_basic_hard_invlimittwo,episode_00021,finish_speed,
471,adventuregame,NEW_Reflect_Agent,home_deliver_three_basic_hard_invlimittwo,episode_00021,achieved_goal_ratio,0.0
472,adventuregame,NEW_Reflect_Agent,home_deliver_three_basic_hard_invlimittwo,episode_00021,Aborted,1.0
473,adventuregame,NEW_Reflect_Agent,home_deliver_three_basic_hard_invlimittwo,episode_00021,Success,0.0
474,adventuregame,NEW_Reflect_Agent,home_deliver_three_basic_hard_invlimittwo,episode_00021,Lose,0.0
475,adventuregame,NEW_Reflect_Agent,home_deliver_three_basic_hard_invlimittwo,episode_00021,Main Score,
476,adventuregame,NEW_Reflect_Agent,home_deliver_three_basic_hard_invlimittwo,episode_00021,plan_followed_ratio,0.0
477,adventuregame,NEW_Reflect_Agent,home_deliver_three_basic_hard_invlimittwo,episode_00021,plan_average_viability_ratio,0.0
478,adventuregame,NEW_Reflect_Agent,home_deliver_three_basic_hard_invlimittwo,episode_00021,bad_plan_follow_ratio,0.0
479,adventuregame,NEW_Reflect_Agent,home_deliver_three_basic_hard_invlimittwo,episode_00021,bad_plan_dismiss_ratio,1.0
480,adventuregame,NEW_Reflect_Agent,home_deliver_three_planning_easy,episode_00004,Violated Request Count,0.0
481,adventuregame,NEW_Reflect_Agent,home_deliver_three_planning_easy,episode_00004,Parsed Request Count,50.0
482,adventuregame,NEW_Reflect_Agent,home_deliver_three_planning_easy,episode_00004,Request Count,50.0
483,adventuregame,NEW_Reflect_Agent,home_deliver_three_planning_easy,episode_00004,Request Success Ratio,1.0
484,adventuregame,NEW_Reflect_Agent,home_deliver_three_planning_easy,episode_00004,hallucination_count,0.0
485,adventuregame,NEW_Reflect_Agent,home_deliver_three_planning_easy,episode_00004,action_parsing_fail,0.0
486,adventuregame,NEW_Reflect_Agent,home_deliver_three_planning_easy,episode_00004,action_resolution_fail,28.0
487,adventuregame,NEW_Reflect_Agent,home_deliver_three_planning_easy,episode_00004,lark_exception,0.0
488,adventuregame,NEW_Reflect_Agent,home_deliver_three_planning_easy,episode_00004,malformed_command,0.0
489,adventuregame,NEW_Reflect_Agent,home_deliver_three_planning_easy,episode_00004,undefined_action_verb,0.0
490,adventuregame,NEW_Reflect_Agent,home_deliver_three_planning_easy,episode_00004,undefined_action,0.0
491,adventuregame,NEW_Reflect_Agent,home_deliver_three_planning_easy,episode_00004,undefined_repr_str,0.0
492,adventuregame,NEW_Reflect_Agent,home_deliver_three_planning_easy,episode_00004,manipulating_room,0.0
493,adventuregame,NEW_Reflect_Agent,home_deliver_three_planning_easy,episode_00004,undefined_argument_type,0.0
494,adventuregame,NEW_Reflect_Agent,home_deliver_three_planning_easy,episode_00004,taking_from_inventory,0.0
495,adventuregame,NEW_Reflect_Agent,home_deliver_three_planning_easy,episode_00004,other_room_argument,0.0
496,adventuregame,NEW_Reflect_Agent,home_deliver_three_planning_easy,episode_00004,domain_trait_type_mismatch,0.0
497,adventuregame,NEW_Reflect_Agent,home_deliver_three_planning_easy,episode_00004,domain_type_discrepancy,0.0
498,adventuregame,NEW_Reflect_Agent,home_deliver_three_planning_easy,episode_00004,world_state_discrepancy,0.0
499,adventuregame,NEW_Reflect_Agent,home_deliver_three_planning_easy,episode_00004,entity_not_accessible,4.0
500,adventuregame,NEW_Reflect_Agent,home_deliver_three_planning_easy,episode_00004,entity_state_mismatch,19.0
501,adventuregame,NEW_Reflect_Agent,home_deliver_three_planning_easy,episode_00004,entity_trait_mismatch,0.0
502,adventuregame,NEW_Reflect_Agent,home_deliver_three_planning_easy,episode_00004,entity_already_inventory,0.0
503,adventuregame,NEW_Reflect_Agent,home_deliver_three_planning_easy,episode_00004,going_to_current_room,0.0
504,adventuregame,NEW_Reflect_Agent,home_deliver_three_planning_easy,episode_00004,no_exit_to,5.0
505,adventuregame,NEW_Reflect_Agent,home_deliver_three_planning_easy,episode_00004,inventory_limit_exceeded,0.0
506,adventuregame,NEW_Reflect_Agent,home_deliver_three_planning_easy,episode_00004,successful_actions,22.0
507,adventuregame,NEW_Reflect_Agent,home_deliver_three_planning_easy,episode_00004,turn_limit_loss,1.0
508,adventuregame,NEW_Reflect_Agent,home_deliver_three_planning_easy,episode_00004,turns_over_par,
509,adventuregame,NEW_Reflect_Agent,home_deliver_three_planning_easy,episode_00004,turn_ratio,
510,adventuregame,NEW_Reflect_Agent,home_deliver_three_planning_easy,episode_00004,finish_speed,
511,adventuregame,NEW_Reflect_Agent,home_deliver_three_planning_easy,episode_00004,achieved_goal_ratio,1.0
512,adventuregame,NEW_Reflect_Agent,home_deliver_three_planning_easy,episode_00004,Aborted,1.0
513,adventuregame,NEW_Reflect_Agent,home_deliver_three_planning_easy,episode_00004,Success,0.0
514,adventuregame,NEW_Reflect_Agent,home_deliver_three_planning_easy,episode_00004,Lose,0.0
515,adventuregame,NEW_Reflect_Agent,home_deliver_three_planning_easy,episode_00004,Main Score,
516,adventuregame,NEW_Reflect_Agent,home_deliver_three_planning_easy,episode_00004,plan_followed_ratio,0.18
517,adventuregame,NEW_Reflect_Agent,home_deliver_three_planning_easy,episode_00004,plan_average_viability_ratio,0.17202380952380952
518,adventuregame,NEW_Reflect_Agent,home_deliver_three_planning_easy,episode_00004,bad_plan_follow_ratio,0.0
519,adventuregame,NEW_Reflect_Agent,home_deliver_three_planning_easy,episode_00004,bad_plan_dismiss_ratio,1.0
520,adventuregame,NEW_Reflect_Agent,home_deliver_three_planning_easy,episode_00005,Violated Request Count,0.0
521,adventuregame,NEW_Reflect_Agent,home_deliver_three_planning_easy,episode_00005,Parsed Request Count,50.0
522,adventuregame,NEW_Reflect_Agent,home_deliver_three_planning_easy,episode_00005,Request Count,50.0
523,adventuregame,NEW_Reflect_Agent,home_deliver_three_planning_easy,episode_00005,Request Success Ratio,1.0
524,adventuregame,NEW_Reflect_Agent,home_deliver_three_planning_easy,episode_00005,hallucination_count,0.0
525,adventuregame,NEW_Reflect_Agent,home_deliver_three_planning_easy,episode_00005,action_parsing_fail,0.0
526,adventuregame,NEW_Reflect_Agent,home_deliver_three_planning_easy,episode_00005,action_resolution_fail,40.0
527,adventuregame,NEW_Reflect_Agent,home_deliver_three_planning_easy,episode_00005,lark_exception,0.0
528,adventuregame,NEW_Reflect_Agent,home_deliver_three_planning_easy,episode_00005,malformed_command,0.0
529,adventuregame,NEW_Reflect_Agent,home_deliver_three_planning_easy,episode_00005,undefined_action_verb,0.0
530,adventuregame,NEW_Reflect_Agent,home_deliver_three_planning_easy,episode_00005,undefined_action,0.0
531,adventuregame,NEW_Reflect_Agent,home_deliver_three_planning_easy,episode_00005,undefined_repr_str,0.0
532,adventuregame,NEW_Reflect_Agent,home_deliver_three_planning_easy,episode_00005,manipulating_room,0.0
533,adventuregame,NEW_Reflect_Agent,home_deliver_three_planning_easy,episode_00005,undefined_argument_type,0.0
534,adventuregame,NEW_Reflect_Agent,home_deliver_three_planning_easy,episode_00005,taking_from_inventory,0.0
535,adventuregame,NEW_Reflect_Agent,home_deliver_three_planning_easy,episode_00005,other_room_argument,0.0
536,adventuregame,NEW_Reflect_Agent,home_deliver_three_planning_easy,episode_00005,domain_trait_type_mismatch,0.0
537,adventuregame,NEW_Reflect_Agent,home_deliver_three_planning_easy,episode_00005,domain_type_discrepancy,0.0
538,adventuregame,NEW_Reflect_Agent,home_deliver_three_planning_easy,episode_00005,world_state_discrepancy,0.0
539,adventuregame,NEW_Reflect_Agent,home_deliver_three_planning_easy,episode_00005,entity_not_accessible,2.0
540,adventuregame,NEW_Reflect_Agent,home_deliver_three_planning_easy,episode_00005,entity_state_mismatch,38.0
541,adventuregame,NEW_Reflect_Agent,home_deliver_three_planning_easy,episode_00005,entity_trait_mismatch,0.0
542,adventuregame,NEW_Reflect_Agent,home_deliver_three_planning_easy,episode_00005,entity_already_inventory,0.0
543,adventuregame,NEW_Reflect_Agent,home_deliver_three_planning_easy,episode_00005,going_to_current_room,0.0
544,adventuregame,NEW_Reflect_Agent,home_deliver_three_planning_easy,episode_00005,no_exit_to,0.0
545,adventuregame,NEW_Reflect_Agent,home_deliver_three_planning_easy,episode_00005,inventory_limit_exceeded,0.0
546,adventuregame,NEW_Reflect_Agent,home_deliver_three_planning_easy,episode_00005,successful_actions,10.0
547,adventuregame,NEW_Reflect_Agent,home_deliver_three_planning_easy,episode_00005,turn_limit_loss,1.0
548,adventuregame,NEW_Reflect_Agent,home_deliver_three_planning_easy,episode_00005,turns_over_par,
549,adventuregame,NEW_Reflect_Agent,home_deliver_three_planning_easy,episode_00005,turn_ratio,
550,adventuregame,NEW_Reflect_Agent,home_deliver_three_planning_easy,episode_00005,finish_speed,
551,adventuregame,NEW_Reflect_Agent,home_deliver_three_planning_easy,episode_00005,achieved_goal_ratio,0.0
552,adventuregame,NEW_Reflect_Agent,home_deliver_three_planning_easy,episode_00005,Aborted,1.0
553,adventuregame,NEW_Reflect_Agent,home_deliver_three_planning_easy,episode_00005,Success,0.0
554,adventuregame,NEW_Reflect_Agent,home_deliver_three_planning_easy,episode_00005,Lose,0.0
555,adventuregame,NEW_Reflect_Agent,home_deliver_three_planning_easy,episode_00005,Main Score,
556,adventuregame,NEW_Reflect_Agent,home_deliver_three_planning_easy,episode_00005,plan_followed_ratio,0.04
557,adventuregame,NEW_Reflect_Agent,home_deliver_three_planning_easy,episode_00005,plan_average_viability_ratio,0.012222222222222223
558,adventuregame,NEW_Reflect_Agent,home_deliver_three_planning_easy,episode_00005,bad_plan_follow_ratio,0.02
559,adventuregame,NEW_Reflect_Agent,home_deliver_three_planning_easy,episode_00005,bad_plan_dismiss_ratio,0.98
560,adventuregame,NEW_Reflect_Agent,home_deliver_three_planning_easy,episode_00006,Violated Request Count,0.0
561,adventuregame,NEW_Reflect_Agent,home_deliver_three_planning_easy,episode_00006,Parsed Request Count,50.0
562,adventuregame,NEW_Reflect_Agent,home_deliver_three_planning_easy,episode_00006,Request Count,50.0
563,adventuregame,NEW_Reflect_Agent,home_deliver_three_planning_easy,episode_00006,Request Success Ratio,1.0
564,adventuregame,NEW_Reflect_Agent,home_deliver_three_planning_easy,episode_00006,hallucination_count,0.0
565,adventuregame,NEW_Reflect_Agent,home_deliver_three_planning_easy,episode_00006,action_parsing_fail,0.0
566,adventuregame,NEW_Reflect_Agent,home_deliver_three_planning_easy,episode_00006,action_resolution_fail,47.0
567,adventuregame,NEW_Reflect_Agent,home_deliver_three_planning_easy,episode_00006,lark_exception,0.0
568,adventuregame,NEW_Reflect_Agent,home_deliver_three_planning_easy,episode_00006,malformed_command,0.0
569,adventuregame,NEW_Reflect_Agent,home_deliver_three_planning_easy,episode_00006,undefined_action_verb,0.0
570,adventuregame,NEW_Reflect_Agent,home_deliver_three_planning_easy,episode_00006,undefined_action,0.0
571,adventuregame,NEW_Reflect_Agent,home_deliver_three_planning_easy,episode_00006,undefined_repr_str,0.0
572,adventuregame,NEW_Reflect_Agent,home_deliver_three_planning_easy,episode_00006,manipulating_room,0.0
573,adventuregame,NEW_Reflect_Agent,home_deliver_three_planning_easy,episode_00006,undefined_argument_type,0.0
574,adventuregame,NEW_Reflect_Agent,home_deliver_three_planning_easy,episode_00006,taking_from_inventory,0.0
575,adventuregame,NEW_Reflect_Agent,home_deliver_three_planning_easy,episode_00006,other_room_argument,0.0
576,adventuregame,NEW_Reflect_Agent,home_deliver_three_planning_easy,episode_00006,domain_trait_type_mismatch,0.0
577,adventuregame,NEW_Reflect_Agent,home_deliver_three_planning_easy,episode_00006,domain_type_discrepancy,0.0
578,adventuregame,NEW_Reflect_Agent,home_deliver_three_planning_easy,episode_00006,world_state_discrepancy,0.0
579,adventuregame,NEW_Reflect_Agent,home_deliver_three_planning_easy,episode_00006,entity_not_accessible,1.0
580,adventuregame,NEW_Reflect_Agent,home_deliver_three_planning_easy,episode_00006,entity_state_mismatch,46.0
581,adventuregame,NEW_Reflect_Agent,home_deliver_three_planning_easy,episode_00006,entity_trait_mismatch,0.0
582,adventuregame,NEW_Reflect_Agent,home_deliver_three_planning_easy,episode_00006,entity_already_inventory,0.0
583,adventuregame,NEW_Reflect_Agent,home_deliver_three_planning_easy,episode_00006,going_to_current_room,0.0
584,adventuregame,NEW_Reflect_Agent,home_deliver_three_planning_easy,episode_00006,no_exit_to,0.0
585,adventuregame,NEW_Reflect_Agent,home_deliver_three_planning_easy,episode_00006,inventory_limit_exceeded,0.0
586,adventuregame,NEW_Reflect_Agent,home_deliver_three_planning_easy,episode_00006,successful_actions,3.0
587,adventuregame,NEW_Reflect_Agent,home_deliver_three_planning_easy,episode_00006,turn_limit_loss,1.0
588,adventuregame,NEW_Reflect_Agent,home_deliver_three_planning_easy,episode_00006,turns_over_par,
589,adventuregame,NEW_Reflect_Agent,home_deliver_three_planning_easy,episode_00006,turn_ratio,
590,adventuregame,NEW_Reflect_Agent,home_deliver_three_planning_easy,episode_00006,finish_speed,
591,adventuregame,NEW_Reflect_Agent,home_deliver_three_planning_easy,episode_00006,achieved_goal_ratio,0.0
592,adventuregame,NEW_Reflect_Agent,home_deliver_three_planning_easy,episode_00006,Aborted,1.0
593,adventuregame,NEW_Reflect_Agent,home_deliver_three_planning_easy,episode_00006,Success,0.0
594,adventuregame,NEW_Reflect_Agent,home_deliver_three_planning_easy,episode_00006,Lose,0.0
595,adventuregame,NEW_Reflect_Agent,home_deliver_three_planning_easy,episode_00006,Main Score,
596,adventuregame,NEW_Reflect_Agent,home_deliver_three_planning_easy,episode_00006,plan_followed_ratio,0.84
597,adventuregame,NEW_Reflect_Agent,home_deliver_three_planning_easy,episode_00006,plan_average_viability_ratio,0.03238095238095238
598,adventuregame,NEW_Reflect_Agent,home_deliver_three_planning_easy,episode_00006,bad_plan_follow_ratio,0.82
599,adventuregame,NEW_Reflect_Agent,home_deliver_three_planning_easy,episode_00006,bad_plan_dismiss_ratio,0.18000000000000005
600,adventuregame,NEW_Reflect_Agent,home_deliver_three_planning_easy_invlimittwo,episode_00010,Violated Request Count,0.0
601,adventuregame,NEW_Reflect_Agent,home_deliver_three_planning_easy_invlimittwo,episode_00010,Parsed Request Count,50.0
602,adventuregame,NEW_Reflect_Agent,home_deliver_three_planning_easy_invlimittwo,episode_00010,Request Count,50.0
603,adventuregame,NEW_Reflect_Agent,home_deliver_three_planning_easy_invlimittwo,episode_00010,Request Success Ratio,1.0
604,adventuregame,NEW_Reflect_Agent,home_deliver_three_planning_easy_invlimittwo,episode_00010,hallucination_count,0.0
605,adventuregame,NEW_Reflect_Agent,home_deliver_three_planning_easy_invlimittwo,episode_00010,action_parsing_fail,0.0
606,adventuregame,NEW_Reflect_Agent,home_deliver_three_planning_easy_invlimittwo,episode_00010,action_resolution_fail,36.0
607,adventuregame,NEW_Reflect_Agent,home_deliver_three_planning_easy_invlimittwo,episode_00010,lark_exception,0.0
608,adventuregame,NEW_Reflect_Agent,home_deliver_three_planning_easy_invlimittwo,episode_00010,malformed_command,0.0
609,adventuregame,NEW_Reflect_Agent,home_deliver_three_planning_easy_invlimittwo,episode_00010,undefined_action_verb,0.0
610,adventuregame,NEW_Reflect_Agent,home_deliver_three_planning_easy_invlimittwo,episode_00010,undefined_action,0.0
611,adventuregame,NEW_Reflect_Agent,home_deliver_three_planning_easy_invlimittwo,episode_00010,undefined_repr_str,0.0
612,adventuregame,NEW_Reflect_Agent,home_deliver_three_planning_easy_invlimittwo,episode_00010,manipulating_room,0.0
613,adventuregame,NEW_Reflect_Agent,home_deliver_three_planning_easy_invlimittwo,episode_00010,undefined_argument_type,0.0
614,adventuregame,NEW_Reflect_Agent,home_deliver_three_planning_easy_invlimittwo,episode_00010,taking_from_inventory,0.0
615,adventuregame,NEW_Reflect_Agent,home_deliver_three_planning_easy_invlimittwo,episode_00010,other_room_argument,0.0
616,adventuregame,NEW_Reflect_Agent,home_deliver_three_planning_easy_invlimittwo,episode_00010,domain_trait_type_mismatch,0.0
617,adventuregame,NEW_Reflect_Agent,home_deliver_three_planning_easy_invlimittwo,episode_00010,domain_type_discrepancy,0.0
618,adventuregame,NEW_Reflect_Agent,home_deliver_three_planning_easy_invlimittwo,episode_00010,world_state_discrepancy,0.0
619,adventuregame,NEW_Reflect_Agent,home_deliver_three_planning_easy_invlimittwo,episode_00010,entity_not_accessible,3.0
620,adventuregame,NEW_Reflect_Agent,home_deliver_three_planning_easy_invlimittwo,episode_00010,entity_state_mismatch,11.0
621,adventuregame,NEW_Reflect_Agent,home_deliver_three_planning_easy_invlimittwo,episode_00010,entity_trait_mismatch,0.0
622,adventuregame,NEW_Reflect_Agent,home_deliver_three_planning_easy_invlimittwo,episode_00010,entity_already_inventory,0.0
623,adventuregame,NEW_Reflect_Agent,home_deliver_three_planning_easy_invlimittwo,episode_00010,going_to_current_room,0.0
624,adventuregame,NEW_Reflect_Agent,home_deliver_three_planning_easy_invlimittwo,episode_00010,no_exit_to,22.0
625,adventuregame,NEW_Reflect_Agent,home_deliver_three_planning_easy_invlimittwo,episode_00010,inventory_limit_exceeded,0.0
626,adventuregame,NEW_Reflect_Agent,home_deliver_three_planning_easy_invlimittwo,episode_00010,successful_actions,14.0
627,adventuregame,NEW_Reflect_Agent,home_deliver_three_planning_easy_invlimittwo,episode_00010,turn_limit_loss,1.0
628,adventuregame,NEW_Reflect_Agent,home_deliver_three_planning_easy_invlimittwo,episode_00010,turns_over_par,
629,adventuregame,NEW_Reflect_Agent,home_deliver_three_planning_easy_invlimittwo,episode_00010,turn_ratio,
630,adventuregame,NEW_Reflect_Agent,home_deliver_three_planning_easy_invlimittwo,episode_00010,finish_speed,
631,adventuregame,NEW_Reflect_Agent,home_deliver_three_planning_easy_invlimittwo,episode_00010,achieved_goal_ratio,0.0
632,adventuregame,NEW_Reflect_Agent,home_deliver_three_planning_easy_invlimittwo,episode_00010,Aborted,1.0
633,adventuregame,NEW_Reflect_Agent,home_deliver_three_planning_easy_invlimittwo,episode_00010,Success,0.0
634,adventuregame,NEW_Reflect_Agent,home_deliver_three_planning_easy_invlimittwo,episode_00010,Lose,0.0
635,adventuregame,NEW_Reflect_Agent,home_deliver_three_planning_easy_invlimittwo,episode_00010,Main Score,
636,adventuregame,NEW_Reflect_Agent,home_deliver_three_planning_easy_invlimittwo,episode_00010,plan_followed_ratio,0.1
637,adventuregame,NEW_Reflect_Agent,home_deliver_three_planning_easy_invlimittwo,episode_00010,plan_average_viability_ratio,0.04666666666666666
638,adventuregame,NEW_Reflect_Agent,home_deliver_three_planning_easy_invlimittwo,episode_00010,bad_plan_follow_ratio,0.04
639,adventuregame,NEW_Reflect_Agent,home_deliver_three_planning_easy_invlimittwo,episode_00010,bad_plan_dismiss_ratio,0.96
640,adventuregame,NEW_Reflect_Agent,home_deliver_three_planning_easy_invlimittwo,episode_00011,Violated Request Count,0.0
641,adventuregame,NEW_Reflect_Agent,home_deliver_three_planning_easy_invlimittwo,episode_00011,Parsed Request Count,50.0
642,adventuregame,NEW_Reflect_Agent,home_deliver_three_planning_easy_invlimittwo,episode_00011,Request Count,50.0
643,adventuregame,NEW_Reflect_Agent,home_deliver_three_planning_easy_invlimittwo,episode_00011,Request Success Ratio,1.0
644,adventuregame,NEW_Reflect_Agent,home_deliver_three_planning_easy_invlimittwo,episode_00011,hallucination_count,0.0
645,adventuregame,NEW_Reflect_Agent,home_deliver_three_planning_easy_invlimittwo,episode_00011,action_parsing_fail,0.0
646,adventuregame,NEW_Reflect_Agent,home_deliver_three_planning_easy_invlimittwo,episode_00011,action_resolution_fail,44.0
647,adventuregame,NEW_Reflect_Agent,home_deliver_three_planning_easy_invlimittwo,episode_00011,lark_exception,0.0
648,adventuregame,NEW_Reflect_Agent,home_deliver_three_planning_easy_invlimittwo,episode_00011,malformed_command,0.0
649,adventuregame,NEW_Reflect_Agent,home_deliver_three_planning_easy_invlimittwo,episode_00011,undefined_action_verb,0.0
650,adventuregame,NEW_Reflect_Agent,home_deliver_three_planning_easy_invlimittwo,episode_00011,undefined_action,0.0
651,adventuregame,NEW_Reflect_Agent,home_deliver_three_planning_easy_invlimittwo,episode_00011,undefined_repr_str,0.0
652,adventuregame,NEW_Reflect_Agent,home_deliver_three_planning_easy_invlimittwo,episode_00011,manipulating_room,0.0
653,adventuregame,NEW_Reflect_Agent,home_deliver_three_planning_easy_invlimittwo,episode_00011,undefined_argument_type,0.0
654,adventuregame,NEW_Reflect_Agent,home_deliver_three_planning_easy_invlimittwo,episode_00011,taking_from_inventory,0.0
655,adventuregame,NEW_Reflect_Agent,home_deliver_three_planning_easy_invlimittwo,episode_00011,other_room_argument,0.0
656,adventuregame,NEW_Reflect_Agent,home_deliver_three_planning_easy_invlimittwo,episode_00011,domain_trait_type_mismatch,0.0
657,adventuregame,NEW_Reflect_Agent,home_deliver_three_planning_easy_invlimittwo,episode_00011,domain_type_discrepancy,0.0
658,adventuregame,NEW_Reflect_Agent,home_deliver_three_planning_easy_invlimittwo,episode_00011,world_state_discrepancy,0.0
659,adventuregame,NEW_Reflect_Agent,home_deliver_three_planning_easy_invlimittwo,episode_00011,entity_not_accessible,15.0
660,adventuregame,NEW_Reflect_Agent,home_deliver_three_planning_easy_invlimittwo,episode_00011,entity_state_mismatch,0.0
661,adventuregame,NEW_Reflect_Agent,home_deliver_three_planning_easy_invlimittwo,episode_00011,entity_trait_mismatch,0.0
662,adventuregame,NEW_Reflect_Agent,home_deliver_three_planning_easy_invlimittwo,episode_00011,entity_already_inventory,0.0
663,adventuregame,NEW_Reflect_Agent,home_deliver_three_planning_easy_invlimittwo,episode_00011,going_to_current_room,0.0
664,adventuregame,NEW_Reflect_Agent,home_deliver_three_planning_easy_invlimittwo,episode_00011,no_exit_to,1.0
665,adventuregame,NEW_Reflect_Agent,home_deliver_three_planning_easy_invlimittwo,episode_00011,inventory_limit_exceeded,28.0
666,adventuregame,NEW_Reflect_Agent,home_deliver_three_planning_easy_invlimittwo,episode_00011,successful_actions,6.0
667,adventuregame,NEW_Reflect_Agent,home_deliver_three_planning_easy_invlimittwo,episode_00011,turn_limit_loss,1.0
668,adventuregame,NEW_Reflect_Agent,home_deliver_three_planning_easy_invlimittwo,episode_00011,turns_over_par,
669,adventuregame,NEW_Reflect_Agent,home_deliver_three_planning_easy_invlimittwo,episode_00011,turn_ratio,
670,adventuregame,NEW_Reflect_Agent,home_deliver_three_planning_easy_invlimittwo,episode_00011,finish_speed,
671,adventuregame,NEW_Reflect_Agent,home_deliver_three_planning_easy_invlimittwo,episode_00011,achieved_goal_ratio,0.0
672,adventuregame,NEW_Reflect_Agent,home_deliver_three_planning_easy_invlimittwo,episode_00011,Aborted,1.0
673,adventuregame,NEW_Reflect_Agent,home_deliver_three_planning_easy_invlimittwo,episode_00011,Success,0.0
674,adventuregame,NEW_Reflect_Agent,home_deliver_three_planning_easy_invlimittwo,episode_00011,Lose,0.0
675,adventuregame,NEW_Reflect_Agent,home_deliver_three_planning_easy_invlimittwo,episode_00011,Main Score,
676,adventuregame,NEW_Reflect_Agent,home_deliver_three_planning_easy_invlimittwo,episode_00011,plan_followed_ratio,0.04
677,adventuregame,NEW_Reflect_Agent,home_deliver_three_planning_easy_invlimittwo,episode_00011,plan_average_viability_ratio,0.06848717948717949
678,adventuregame,NEW_Reflect_Agent,home_deliver_three_planning_easy_invlimittwo,episode_00011,bad_plan_follow_ratio,0.02
679,adventuregame,NEW_Reflect_Agent,home_deliver_three_planning_easy_invlimittwo,episode_00011,bad_plan_dismiss_ratio,0.98
680,adventuregame,NEW_Reflect_Agent,home_deliver_three_planning_easy_invlimittwo,episode_00012,Violated Request Count,0.0
681,adventuregame,NEW_Reflect_Agent,home_deliver_three_planning_easy_invlimittwo,episode_00012,Parsed Request Count,50.0
682,adventuregame,NEW_Reflect_Agent,home_deliver_three_planning_easy_invlimittwo,episode_00012,Request Count,50.0
683,adventuregame,NEW_Reflect_Agent,home_deliver_three_planning_easy_invlimittwo,episode_00012,Request Success Ratio,1.0
684,adventuregame,NEW_Reflect_Agent,home_deliver_three_planning_easy_invlimittwo,episode_00012,hallucination_count,0.0
685,adventuregame,NEW_Reflect_Agent,home_deliver_three_planning_easy_invlimittwo,episode_00012,action_parsing_fail,0.0
686,adventuregame,NEW_Reflect_Agent,home_deliver_three_planning_easy_invlimittwo,episode_00012,action_resolution_fail,44.0
687,adventuregame,NEW_Reflect_Agent,home_deliver_three_planning_easy_invlimittwo,episode_00012,lark_exception,0.0
688,adventuregame,NEW_Reflect_Agent,home_deliver_three_planning_easy_invlimittwo,episode_00012,malformed_command,0.0
689,adventuregame,NEW_Reflect_Agent,home_deliver_three_planning_easy_invlimittwo,episode_00012,undefined_action_verb,0.0
690,adventuregame,NEW_Reflect_Agent,home_deliver_three_planning_easy_invlimittwo,episode_00012,undefined_action,0.0
691,adventuregame,NEW_Reflect_Agent,home_deliver_three_planning_easy_invlimittwo,episode_00012,undefined_repr_str,0.0
692,adventuregame,NEW_Reflect_Agent,home_deliver_three_planning_easy_invlimittwo,episode_00012,manipulating_room,0.0
693,adventuregame,NEW_Reflect_Agent,home_deliver_three_planning_easy_invlimittwo,episode_00012,undefined_argument_type,0.0
694,adventuregame,NEW_Reflect_Agent,home_deliver_three_planning_easy_invlimittwo,episode_00012,taking_from_inventory,0.0
695,adventuregame,NEW_Reflect_Agent,home_deliver_three_planning_easy_invlimittwo,episode_00012,other_room_argument,0.0
696,adventuregame,NEW_Reflect_Agent,home_deliver_three_planning_easy_invlimittwo,episode_00012,domain_trait_type_mismatch,0.0
697,adventuregame,NEW_Reflect_Agent,home_deliver_three_planning_easy_invlimittwo,episode_00012,domain_type_discrepancy,0.0
698,adventuregame,NEW_Reflect_Agent,home_deliver_three_planning_easy_invlimittwo,episode_00012,world_state_discrepancy,0.0
699,adventuregame,NEW_Reflect_Agent,home_deliver_three_planning_easy_invlimittwo,episode_00012,entity_not_accessible,4.0
700,adventuregame,NEW_Reflect_Agent,home_deliver_three_planning_easy_invlimittwo,episode_00012,entity_state_mismatch,0.0
701,adventuregame,NEW_Reflect_Agent,home_deliver_three_planning_easy_invlimittwo,episode_00012,entity_trait_mismatch,0.0
702,adventuregame,NEW_Reflect_Agent,home_deliver_three_planning_easy_invlimittwo,episode_00012,entity_already_inventory,0.0
703,adventuregame,NEW_Reflect_Agent,home_deliver_three_planning_easy_invlimittwo,episode_00012,going_to_current_room,0.0
704,adventuregame,NEW_Reflect_Agent,home_deliver_three_planning_easy_invlimittwo,episode_00012,no_exit_to,0.0
705,adventuregame,NEW_Reflect_Agent,home_deliver_three_planning_easy_invlimittwo,episode_00012,inventory_limit_exceeded,40.0
706,adventuregame,NEW_Reflect_Agent,home_deliver_three_planning_easy_invlimittwo,episode_00012,successful_actions,6.0
707,adventuregame,NEW_Reflect_Agent,home_deliver_three_planning_easy_invlimittwo,episode_00012,turn_limit_loss,1.0
708,adventuregame,NEW_Reflect_Agent,home_deliver_three_planning_easy_invlimittwo,episode_00012,turns_over_par,
709,adventuregame,NEW_Reflect_Agent,home_deliver_three_planning_easy_invlimittwo,episode_00012,turn_ratio,
710,adventuregame,NEW_Reflect_Agent,home_deliver_three_planning_easy_invlimittwo,episode_00012,finish_speed,
711,adventuregame,NEW_Reflect_Agent,home_deliver_three_planning_easy_invlimittwo,episode_00012,achieved_goal_ratio,0.0
712,adventuregame,NEW_Reflect_Agent,home_deliver_three_planning_easy_invlimittwo,episode_00012,Aborted,1.0
713,adventuregame,NEW_Reflect_Agent,home_deliver_three_planning_easy_invlimittwo,episode_00012,Success,0.0
714,adventuregame,NEW_Reflect_Agent,home_deliver_three_planning_easy_invlimittwo,episode_00012,Lose,0.0
715,adventuregame,NEW_Reflect_Agent,home_deliver_three_planning_easy_invlimittwo,episode_00012,Main Score,
716,adventuregame,NEW_Reflect_Agent,home_deliver_three_planning_easy_invlimittwo,episode_00012,plan_followed_ratio,0.08
717,adventuregame,NEW_Reflect_Agent,home_deliver_three_planning_easy_invlimittwo,episode_00012,plan_average_viability_ratio,0.345
718,adventuregame,NEW_Reflect_Agent,home_deliver_three_planning_easy_invlimittwo,episode_00012,bad_plan_follow_ratio,0.04
719,adventuregame,NEW_Reflect_Agent,home_deliver_three_planning_easy_invlimittwo,episode_00012,bad_plan_dismiss_ratio,0.96
720,adventuregame,NEW_Reflect_Agent,home_deliver_three_planning_hard,episode_00016,Violated Request Count,0.0
721,adventuregame,NEW_Reflect_Agent,home_deliver_three_planning_hard,episode_00016,Parsed Request Count,50.0
722,adventuregame,NEW_Reflect_Agent,home_deliver_three_planning_hard,episode_00016,Request Count,50.0
723,adventuregame,NEW_Reflect_Agent,home_deliver_three_planning_hard,episode_00016,Request Success Ratio,1.0
724,adventuregame,NEW_Reflect_Agent,home_deliver_three_planning_hard,episode_00016,hallucination_count,0.0
725,adventuregame,NEW_Reflect_Agent,home_deliver_three_planning_hard,episode_00016,action_parsing_fail,0.0
726,adventuregame,NEW_Reflect_Agent,home_deliver_three_planning_hard,episode_00016,action_resolution_fail,30.0
727,adventuregame,NEW_Reflect_Agent,home_deliver_three_planning_hard,episode_00016,lark_exception,0.0
728,adventuregame,NEW_Reflect_Agent,home_deliver_three_planning_hard,episode_00016,malformed_command,0.0
729,adventuregame,NEW_Reflect_Agent,home_deliver_three_planning_hard,episode_00016,undefined_action_verb,0.0
730,adventuregame,NEW_Reflect_Agent,home_deliver_three_planning_hard,episode_00016,undefined_action,0.0
731,adventuregame,NEW_Reflect_Agent,home_deliver_three_planning_hard,episode_00016,undefined_repr_str,0.0
732,adventuregame,NEW_Reflect_Agent,home_deliver_three_planning_hard,episode_00016,manipulating_room,0.0
733,adventuregame,NEW_Reflect_Agent,home_deliver_three_planning_hard,episode_00016,undefined_argument_type,0.0
734,adventuregame,NEW_Reflect_Agent,home_deliver_three_planning_hard,episode_00016,taking_from_inventory,0.0
735,adventuregame,NEW_Reflect_Agent,home_deliver_three_planning_hard,episode_00016,other_room_argument,0.0
736,adventuregame,NEW_Reflect_Agent,home_deliver_three_planning_hard,episode_00016,domain_trait_type_mismatch,0.0
737,adventuregame,NEW_Reflect_Agent,home_deliver_three_planning_hard,episode_00016,domain_type_discrepancy,0.0
738,adventuregame,NEW_Reflect_Agent,home_deliver_three_planning_hard,episode_00016,world_state_discrepancy,0.0
739,adventuregame,NEW_Reflect_Agent,home_deliver_three_planning_hard,episode_00016,entity_not_accessible,5.0
740,adventuregame,NEW_Reflect_Agent,home_deliver_three_planning_hard,episode_00016,entity_state_mismatch,5.0
741,adventuregame,NEW_Reflect_Agent,home_deliver_three_planning_hard,episode_00016,entity_trait_mismatch,0.0
742,adventuregame,NEW_Reflect_Agent,home_deliver_three_planning_hard,episode_00016,entity_already_inventory,0.0
743,adventuregame,NEW_Reflect_Agent,home_deliver_three_planning_hard,episode_00016,going_to_current_room,0.0
744,adventuregame,NEW_Reflect_Agent,home_deliver_three_planning_hard,episode_00016,no_exit_to,20.0
745,adventuregame,NEW_Reflect_Agent,home_deliver_three_planning_hard,episode_00016,inventory_limit_exceeded,0.0
746,adventuregame,NEW_Reflect_Agent,home_deliver_three_planning_hard,episode_00016,successful_actions,20.0
747,adventuregame,NEW_Reflect_Agent,home_deliver_three_planning_hard,episode_00016,turn_limit_loss,1.0
748,adventuregame,NEW_Reflect_Agent,home_deliver_three_planning_hard,episode_00016,turns_over_par,
749,adventuregame,NEW_Reflect_Agent,home_deliver_three_planning_hard,episode_00016,turn_ratio,
750,adventuregame,NEW_Reflect_Agent,home_deliver_three_planning_hard,episode_00016,finish_speed,
751,adventuregame,NEW_Reflect_Agent,home_deliver_three_planning_hard,episode_00016,achieved_goal_ratio,0.3333333333333333
752,adventuregame,NEW_Reflect_Agent,home_deliver_three_planning_hard,episode_00016,Aborted,1.0
753,adventuregame,NEW_Reflect_Agent,home_deliver_three_planning_hard,episode_00016,Success,0.0
754,adventuregame,NEW_Reflect_Agent,home_deliver_three_planning_hard,episode_00016,Lose,0.0
755,adventuregame,NEW_Reflect_Agent,home_deliver_three_planning_hard,episode_00016,Main Score,
756,adventuregame,NEW_Reflect_Agent,home_deliver_three_planning_hard,episode_00016,plan_followed_ratio,0.22
757,adventuregame,NEW_Reflect_Agent,home_deliver_three_planning_hard,episode_00016,plan_average_viability_ratio,0.08333333333333334
758,adventuregame,NEW_Reflect_Agent,home_deliver_three_planning_hard,episode_00016,bad_plan_follow_ratio,0.06
759,adventuregame,NEW_Reflect_Agent,home_deliver_three_planning_hard,episode_00016,bad_plan_dismiss_ratio,0.94
760,adventuregame,NEW_Reflect_Agent,home_deliver_three_planning_hard,episode_00017,Violated Request Count,0.0
761,adventuregame,NEW_Reflect_Agent,home_deliver_three_planning_hard,episode_00017,Parsed Request Count,50.0
762,adventuregame,NEW_Reflect_Agent,home_deliver_three_planning_hard,episode_00017,Request Count,50.0
763,adventuregame,NEW_Reflect_Agent,home_deliver_three_planning_hard,episode_00017,Request Success Ratio,1.0
764,adventuregame,NEW_Reflect_Agent,home_deliver_three_planning_hard,episode_00017,hallucination_count,0.0
765,adventuregame,NEW_Reflect_Agent,home_deliver_three_planning_hard,episode_00017,action_parsing_fail,0.0
766,adventuregame,NEW_Reflect_Agent,home_deliver_three_planning_hard,episode_00017,action_resolution_fail,49.0
767,adventuregame,NEW_Reflect_Agent,home_deliver_three_planning_hard,episode_00017,lark_exception,0.0
768,adventuregame,NEW_Reflect_Agent,home_deliver_three_planning_hard,episode_00017,malformed_command,0.0
769,adventuregame,NEW_Reflect_Agent,home_deliver_three_planning_hard,episode_00017,undefined_action_verb,0.0
770,adventuregame,NEW_Reflect_Agent,home_deliver_three_planning_hard,episode_00017,undefined_action,0.0
771,adventuregame,NEW_Reflect_Agent,home_deliver_three_planning_hard,episode_00017,undefined_repr_str,0.0
772,adventuregame,NEW_Reflect_Agent,home_deliver_three_planning_hard,episode_00017,manipulating_room,0.0
773,adventuregame,NEW_Reflect_Agent,home_deliver_three_planning_hard,episode_00017,undefined_argument_type,0.0
774,adventuregame,NEW_Reflect_Agent,home_deliver_three_planning_hard,episode_00017,taking_from_inventory,0.0
775,adventuregame,NEW_Reflect_Agent,home_deliver_three_planning_hard,episode_00017,other_room_argument,0.0
776,adventuregame,NEW_Reflect_Agent,home_deliver_three_planning_hard,episode_00017,domain_trait_type_mismatch,0.0
777,adventuregame,NEW_Reflect_Agent,home_deliver_three_planning_hard,episode_00017,domain_type_discrepancy,0.0
778,adventuregame,NEW_Reflect_Agent,home_deliver_three_planning_hard,episode_00017,world_state_discrepancy,0.0
779,adventuregame,NEW_Reflect_Agent,home_deliver_three_planning_hard,episode_00017,entity_not_accessible,0.0
780,adventuregame,NEW_Reflect_Agent,home_deliver_three_planning_hard,episode_00017,entity_state_mismatch,49.0
781,adventuregame,NEW_Reflect_Agent,home_deliver_three_planning_hard,episode_00017,entity_trait_mismatch,0.0
782,adventuregame,NEW_Reflect_Agent,home_deliver_three_planning_hard,episode_00017,entity_already_inventory,0.0
783,adventuregame,NEW_Reflect_Agent,home_deliver_three_planning_hard,episode_00017,going_to_current_room,0.0
784,adventuregame,NEW_Reflect_Agent,home_deliver_three_planning_hard,episode_00017,no_exit_to,0.0
785,adventuregame,NEW_Reflect_Agent,home_deliver_three_planning_hard,episode_00017,inventory_limit_exceeded,0.0
786,adventuregame,NEW_Reflect_Agent,home_deliver_three_planning_hard,episode_00017,successful_actions,1.0
787,adventuregame,NEW_Reflect_Agent,home_deliver_three_planning_hard,episode_00017,turn_limit_loss,1.0
788,adventuregame,NEW_Reflect_Agent,home_deliver_three_planning_hard,episode_00017,turns_over_par,
789,adventuregame,NEW_Reflect_Agent,home_deliver_three_planning_hard,episode_00017,turn_ratio,
790,adventuregame,NEW_Reflect_Agent,home_deliver_three_planning_hard,episode_00017,finish_speed,
791,adventuregame,NEW_Reflect_Agent,home_deliver_three_planning_hard,episode_00017,achieved_goal_ratio,0.0
792,adventuregame,NEW_Reflect_Agent,home_deliver_three_planning_hard,episode_00017,Aborted,1.0
793,adventuregame,NEW_Reflect_Agent,home_deliver_three_planning_hard,episode_00017,Success,0.0
794,adventuregame,NEW_Reflect_Agent,home_deliver_three_planning_hard,episode_00017,Lose,0.0
795,adventuregame,NEW_Reflect_Agent,home_deliver_three_planning_hard,episode_00017,Main Score,
796,adventuregame,NEW_Reflect_Agent,home_deliver_three_planning_hard,episode_00017,plan_followed_ratio,0.0
797,adventuregame,NEW_Reflect_Agent,home_deliver_three_planning_hard,episode_00017,plan_average_viability_ratio,1.0
798,adventuregame,NEW_Reflect_Agent,home_deliver_three_planning_hard,episode_00017,bad_plan_follow_ratio,0.0
799,adventuregame,NEW_Reflect_Agent,home_deliver_three_planning_hard,episode_00017,bad_plan_dismiss_ratio,1.0
800,adventuregame,NEW_Reflect_Agent,home_deliver_three_planning_hard,episode_00018,Violated Request Count,0.0
801,adventuregame,NEW_Reflect_Agent,home_deliver_three_planning_hard,episode_00018,Parsed Request Count,50.0
802,adventuregame,NEW_Reflect_Agent,home_deliver_three_planning_hard,episode_00018,Request Count,50.0
803,adventuregame,NEW_Reflect_Agent,home_deliver_three_planning_hard,episode_00018,Request Success Ratio,1.0
804,adventuregame,NEW_Reflect_Agent,home_deliver_three_planning_hard,episode_00018,hallucination_count,0.0
805,adventuregame,NEW_Reflect_Agent,home_deliver_three_planning_hard,episode_00018,action_parsing_fail,0.0
806,adventuregame,NEW_Reflect_Agent,home_deliver_three_planning_hard,episode_00018,action_resolution_fail,47.0
807,adventuregame,NEW_Reflect_Agent,home_deliver_three_planning_hard,episode_00018,lark_exception,0.0
808,adventuregame,NEW_Reflect_Agent,home_deliver_three_planning_hard,episode_00018,malformed_command,0.0
809,adventuregame,NEW_Reflect_Agent,home_deliver_three_planning_hard,episode_00018,undefined_action_verb,0.0
810,adventuregame,NEW_Reflect_Agent,home_deliver_three_planning_hard,episode_00018,undefined_action,0.0
811,adventuregame,NEW_Reflect_Agent,home_deliver_three_planning_hard,episode_00018,undefined_repr_str,0.0
812,adventuregame,NEW_Reflect_Agent,home_deliver_three_planning_hard,episode_00018,manipulating_room,0.0
813,adventuregame,NEW_Reflect_Agent,home_deliver_three_planning_hard,episode_00018,undefined_argument_type,0.0
814,adventuregame,NEW_Reflect_Agent,home_deliver_three_planning_hard,episode_00018,taking_from_inventory,0.0
815,adventuregame,NEW_Reflect_Agent,home_deliver_three_planning_hard,episode_00018,other_room_argument,0.0
816,adventuregame,NEW_Reflect_Agent,home_deliver_three_planning_hard,episode_00018,domain_trait_type_mismatch,0.0
817,adventuregame,NEW_Reflect_Agent,home_deliver_three_planning_hard,episode_00018,domain_type_discrepancy,0.0
818,adventuregame,NEW_Reflect_Agent,home_deliver_three_planning_hard,episode_00018,world_state_discrepancy,0.0
819,adventuregame,NEW_Reflect_Agent,home_deliver_three_planning_hard,episode_00018,entity_not_accessible,0.0
820,adventuregame,NEW_Reflect_Agent,home_deliver_three_planning_hard,episode_00018,entity_state_mismatch,47.0
821,adventuregame,NEW_Reflect_Agent,home_deliver_three_planning_hard,episode_00018,entity_trait_mismatch,0.0
822,adventuregame,NEW_Reflect_Agent,home_deliver_three_planning_hard,episode_00018,entity_already_inventory,0.0
823,adventuregame,NEW_Reflect_Agent,home_deliver_three_planning_hard,episode_00018,going_to_current_room,0.0
824,adventuregame,NEW_Reflect_Agent,home_deliver_three_planning_hard,episode_00018,no_exit_to,0.0
825,adventuregame,NEW_Reflect_Agent,home_deliver_three_planning_hard,episode_00018,inventory_limit_exceeded,0.0
826,adventuregame,NEW_Reflect_Agent,home_deliver_three_planning_hard,episode_00018,successful_actions,3.0
827,adventuregame,NEW_Reflect_Agent,home_deliver_three_planning_hard,episode_00018,turn_limit_loss,1.0
828,adventuregame,NEW_Reflect_Agent,home_deliver_three_planning_hard,episode_00018,turns_over_par,
829,adventuregame,NEW_Reflect_Agent,home_deliver_three_planning_hard,episode_00018,turn_ratio,
830,adventuregame,NEW_Reflect_Agent,home_deliver_three_planning_hard,episode_00018,finish_speed,
831,adventuregame,NEW_Reflect_Agent,home_deliver_three_planning_hard,episode_00018,achieved_goal_ratio,0.0
832,adventuregame,NEW_Reflect_Agent,home_deliver_three_planning_hard,episode_00018,Aborted,1.0
833,adventuregame,NEW_Reflect_Agent,home_deliver_three_planning_hard,episode_00018,Success,0.0
834,adventuregame,NEW_Reflect_Agent,home_deliver_three_planning_hard,episode_00018,Lose,0.0
835,adventuregame,NEW_Reflect_Agent,home_deliver_three_planning_hard,episode_00018,Main Score,
836,adventuregame,NEW_Reflect_Agent,home_deliver_three_planning_hard,episode_00018,plan_followed_ratio,0.0
837,adventuregame,NEW_Reflect_Agent,home_deliver_three_planning_hard,episode_00018,plan_average_viability_ratio,0.96
838,adventuregame,NEW_Reflect_Agent,home_deliver_three_planning_hard,episode_00018,bad_plan_follow_ratio,0.0
839,adventuregame,NEW_Reflect_Agent,home_deliver_three_planning_hard,episode_00018,bad_plan_dismiss_ratio,1.0
840,adventuregame,NEW_Reflect_Agent,home_deliver_three_planning_hard_invlimittwo,episode_00022,Violated Request Count,0.0
841,adventuregame,NEW_Reflect_Agent,home_deliver_three_planning_hard_invlimittwo,episode_00022,Parsed Request Count,50.0
842,adventuregame,NEW_Reflect_Agent,home_deliver_three_planning_hard_invlimittwo,episode_00022,Request Count,50.0
843,adventuregame,NEW_Reflect_Agent,home_deliver_three_planning_hard_invlimittwo,episode_00022,Request Success Ratio,1.0
844,adventuregame,NEW_Reflect_Agent,home_deliver_three_planning_hard_invlimittwo,episode_00022,hallucination_count,0.0
845,adventuregame,NEW_Reflect_Agent,home_deliver_three_planning_hard_invlimittwo,episode_00022,action_parsing_fail,0.0
846,adventuregame,NEW_Reflect_Agent,home_deliver_three_planning_hard_invlimittwo,episode_00022,action_resolution_fail,45.0
847,adventuregame,NEW_Reflect_Agent,home_deliver_three_planning_hard_invlimittwo,episode_00022,lark_exception,0.0
848,adventuregame,NEW_Reflect_Agent,home_deliver_three_planning_hard_invlimittwo,episode_00022,malformed_command,0.0
849,adventuregame,NEW_Reflect_Agent,home_deliver_three_planning_hard_invlimittwo,episode_00022,undefined_action_verb,0.0
850,adventuregame,NEW_Reflect_Agent,home_deliver_three_planning_hard_invlimittwo,episode_00022,undefined_action,0.0
851,adventuregame,NEW_Reflect_Agent,home_deliver_three_planning_hard_invlimittwo,episode_00022,undefined_repr_str,0.0
852,adventuregame,NEW_Reflect_Agent,home_deliver_three_planning_hard_invlimittwo,episode_00022,manipulating_room,0.0
853,adventuregame,NEW_Reflect_Agent,home_deliver_three_planning_hard_invlimittwo,episode_00022,undefined_argument_type,0.0
854,adventuregame,NEW_Reflect_Agent,home_deliver_three_planning_hard_invlimittwo,episode_00022,taking_from_inventory,0.0
855,adventuregame,NEW_Reflect_Agent,home_deliver_three_planning_hard_invlimittwo,episode_00022,other_room_argument,0.0
856,adventuregame,NEW_Reflect_Agent,home_deliver_three_planning_hard_invlimittwo,episode_00022,domain_trait_type_mismatch,0.0
857,adventuregame,NEW_Reflect_Agent,home_deliver_three_planning_hard_invlimittwo,episode_00022,domain_type_discrepancy,0.0
858,adventuregame,NEW_Reflect_Agent,home_deliver_three_planning_hard_invlimittwo,episode_00022,world_state_discrepancy,0.0
859,adventuregame,NEW_Reflect_Agent,home_deliver_three_planning_hard_invlimittwo,episode_00022,entity_not_accessible,0.0
860,adventuregame,NEW_Reflect_Agent,home_deliver_three_planning_hard_invlimittwo,episode_00022,entity_state_mismatch,1.0
861,adventuregame,NEW_Reflect_Agent,home_deliver_three_planning_hard_invlimittwo,episode_00022,entity_trait_mismatch,0.0
862,adventuregame,NEW_Reflect_Agent,home_deliver_three_planning_hard_invlimittwo,episode_00022,entity_already_inventory,0.0
863,adventuregame,NEW_Reflect_Agent,home_deliver_three_planning_hard_invlimittwo,episode_00022,going_to_current_room,0.0
864,adventuregame,NEW_Reflect_Agent,home_deliver_three_planning_hard_invlimittwo,episode_00022,no_exit_to,0.0
865,adventuregame,NEW_Reflect_Agent,home_deliver_three_planning_hard_invlimittwo,episode_00022,inventory_limit_exceeded,44.0
866,adventuregame,NEW_Reflect_Agent,home_deliver_three_planning_hard_invlimittwo,episode_00022,successful_actions,5.0
867,adventuregame,NEW_Reflect_Agent,home_deliver_three_planning_hard_invlimittwo,episode_00022,turn_limit_loss,1.0
868,adventuregame,NEW_Reflect_Agent,home_deliver_three_planning_hard_invlimittwo,episode_00022,turns_over_par,
869,adventuregame,NEW_Reflect_Agent,home_deliver_three_planning_hard_invlimittwo,episode_00022,turn_ratio,
870,adventuregame,NEW_Reflect_Agent,home_deliver_three_planning_hard_invlimittwo,episode_00022,finish_speed,
871,adventuregame,NEW_Reflect_Agent,home_deliver_three_planning_hard_invlimittwo,episode_00022,achieved_goal_ratio,0.0
872,adventuregame,NEW_Reflect_Agent,home_deliver_three_planning_hard_invlimittwo,episode_00022,Aborted,1.0
873,adventuregame,NEW_Reflect_Agent,home_deliver_three_planning_hard_invlimittwo,episode_00022,Success,0.0
874,adventuregame,NEW_Reflect_Agent,home_deliver_three_planning_hard_invlimittwo,episode_00022,Lose,0.0
875,adventuregame,NEW_Reflect_Agent,home_deliver_three_planning_hard_invlimittwo,episode_00022,Main Score,
876,adventuregame,NEW_Reflect_Agent,home_deliver_three_planning_hard_invlimittwo,episode_00022,plan_followed_ratio,0.08
877,adventuregame,NEW_Reflect_Agent,home_deliver_three_planning_hard_invlimittwo,episode_00022,plan_average_viability_ratio,0.06666666666666667
878,adventuregame,NEW_Reflect_Agent,home_deliver_three_planning_hard_invlimittwo,episode_00022,bad_plan_follow_ratio,0.02
879,adventuregame,NEW_Reflect_Agent,home_deliver_three_planning_hard_invlimittwo,episode_00022,bad_plan_dismiss_ratio,0.98
880,adventuregame,NEW_Reflect_Agent,home_deliver_three_planning_hard_invlimittwo,episode_00023,Violated Request Count,0.0
881,adventuregame,NEW_Reflect_Agent,home_deliver_three_planning_hard_invlimittwo,episode_00023,Parsed Request Count,50.0
882,adventuregame,NEW_Reflect_Agent,home_deliver_three_planning_hard_invlimittwo,episode_00023,Request Count,50.0
883,adventuregame,NEW_Reflect_Agent,home_deliver_three_planning_hard_invlimittwo,episode_00023,Request Success Ratio,1.0
884,adventuregame,NEW_Reflect_Agent,home_deliver_three_planning_hard_invlimittwo,episode_00023,hallucination_count,0.0
885,adventuregame,NEW_Reflect_Agent,home_deliver_three_planning_hard_invlimittwo,episode_00023,action_parsing_fail,0.0
886,adventuregame,NEW_Reflect_Agent,home_deliver_three_planning_hard_invlimittwo,episode_00023,action_resolution_fail,49.0
887,adventuregame,NEW_Reflect_Agent,home_deliver_three_planning_hard_invlimittwo,episode_00023,lark_exception,0.0
888,adventuregame,NEW_Reflect_Agent,home_deliver_three_planning_hard_invlimittwo,episode_00023,malformed_command,0.0
889,adventuregame,NEW_Reflect_Agent,home_deliver_three_planning_hard_invlimittwo,episode_00023,undefined_action_verb,0.0
890,adventuregame,NEW_Reflect_Agent,home_deliver_three_planning_hard_invlimittwo,episode_00023,undefined_action,0.0
891,adventuregame,NEW_Reflect_Agent,home_deliver_three_planning_hard_invlimittwo,episode_00023,undefined_repr_str,0.0
892,adventuregame,NEW_Reflect_Agent,home_deliver_three_planning_hard_invlimittwo,episode_00023,manipulating_room,0.0
893,adventuregame,NEW_Reflect_Agent,home_deliver_three_planning_hard_invlimittwo,episode_00023,undefined_argument_type,0.0
894,adventuregame,NEW_Reflect_Agent,home_deliver_three_planning_hard_invlimittwo,episode_00023,taking_from_inventory,0.0
895,adventuregame,NEW_Reflect_Agent,home_deliver_three_planning_hard_invlimittwo,episode_00023,other_room_argument,0.0
896,adventuregame,NEW_Reflect_Agent,home_deliver_three_planning_hard_invlimittwo,episode_00023,domain_trait_type_mismatch,0.0
897,adventuregame,NEW_Reflect_Agent,home_deliver_three_planning_hard_invlimittwo,episode_00023,domain_type_discrepancy,0.0
898,adventuregame,NEW_Reflect_Agent,home_deliver_three_planning_hard_invlimittwo,episode_00023,world_state_discrepancy,0.0
899,adventuregame,NEW_Reflect_Agent,home_deliver_three_planning_hard_invlimittwo,episode_00023,entity_not_accessible,0.0
900,adventuregame,NEW_Reflect_Agent,home_deliver_three_planning_hard_invlimittwo,episode_00023,entity_state_mismatch,49.0
901,adventuregame,NEW_Reflect_Agent,home_deliver_three_planning_hard_invlimittwo,episode_00023,entity_trait_mismatch,0.0
902,adventuregame,NEW_Reflect_Agent,home_deliver_three_planning_hard_invlimittwo,episode_00023,entity_already_inventory,0.0
903,adventuregame,NEW_Reflect_Agent,home_deliver_three_planning_hard_invlimittwo,episode_00023,going_to_current_room,0.0
904,adventuregame,NEW_Reflect_Agent,home_deliver_three_planning_hard_invlimittwo,episode_00023,no_exit_to,0.0
905,adventuregame,NEW_Reflect_Agent,home_deliver_three_planning_hard_invlimittwo,episode_00023,inventory_limit_exceeded,0.0
906,adventuregame,NEW_Reflect_Agent,home_deliver_three_planning_hard_invlimittwo,episode_00023,successful_actions,1.0
907,adventuregame,NEW_Reflect_Agent,home_deliver_three_planning_hard_invlimittwo,episode_00023,turn_limit_loss,1.0
908,adventuregame,NEW_Reflect_Agent,home_deliver_three_planning_hard_invlimittwo,episode_00023,turns_over_par,
909,adventuregame,NEW_Reflect_Agent,home_deliver_three_planning_hard_invlimittwo,episode_00023,turn_ratio,
910,adventuregame,NEW_Reflect_Agent,home_deliver_three_planning_hard_invlimittwo,episode_00023,finish_speed,
911,adventuregame,NEW_Reflect_Agent,home_deliver_three_planning_hard_invlimittwo,episode_00023,achieved_goal_ratio,0.0
912,adventuregame,NEW_Reflect_Agent,home_deliver_three_planning_hard_invlimittwo,episode_00023,Aborted,1.0
913,adventuregame,NEW_Reflect_Agent,home_deliver_three_planning_hard_invlimittwo,episode_00023,Success,0.0
914,adventuregame,NEW_Reflect_Agent,home_deliver_three_planning_hard_invlimittwo,episode_00023,Lose,0.0
915,adventuregame,NEW_Reflect_Agent,home_deliver_three_planning_hard_invlimittwo,episode_00023,Main Score,
916,adventuregame,NEW_Reflect_Agent,home_deliver_three_planning_hard_invlimittwo,episode_00023,plan_followed_ratio,0.0
917,adventuregame,NEW_Reflect_Agent,home_deliver_three_planning_hard_invlimittwo,episode_00023,plan_average_viability_ratio,1.0
918,adventuregame,NEW_Reflect_Agent,home_deliver_three_planning_hard_invlimittwo,episode_00023,bad_plan_follow_ratio,0.0
919,adventuregame,NEW_Reflect_Agent,home_deliver_three_planning_hard_invlimittwo,episode_00023,bad_plan_dismiss_ratio,1.0
920,adventuregame,NEW_Reflect_Agent,home_deliver_three_planning_hard_invlimittwo,episode_00024,Violated Request Count,0.0
921,adventuregame,NEW_Reflect_Agent,home_deliver_three_planning_hard_invlimittwo,episode_00024,Parsed Request Count,50.0
922,adventuregame,NEW_Reflect_Agent,home_deliver_three_planning_hard_invlimittwo,episode_00024,Request Count,50.0
923,adventuregame,NEW_Reflect_Agent,home_deliver_three_planning_hard_invlimittwo,episode_00024,Request Success Ratio,1.0
924,adventuregame,NEW_Reflect_Agent,home_deliver_three_planning_hard_invlimittwo,episode_00024,hallucination_count,0.0
925,adventuregame,NEW_Reflect_Agent,home_deliver_three_planning_hard_invlimittwo,episode_00024,action_parsing_fail,0.0
926,adventuregame,NEW_Reflect_Agent,home_deliver_three_planning_hard_invlimittwo,episode_00024,action_resolution_fail,45.0
927,adventuregame,NEW_Reflect_Agent,home_deliver_three_planning_hard_invlimittwo,episode_00024,lark_exception,0.0
928,adventuregame,NEW_Reflect_Agent,home_deliver_three_planning_hard_invlimittwo,episode_00024,malformed_command,0.0
929,adventuregame,NEW_Reflect_Agent,home_deliver_three_planning_hard_invlimittwo,episode_00024,undefined_action_verb,0.0
930,adventuregame,NEW_Reflect_Agent,home_deliver_three_planning_hard_invlimittwo,episode_00024,undefined_action,0.0
931,adventuregame,NEW_Reflect_Agent,home_deliver_three_planning_hard_invlimittwo,episode_00024,undefined_repr_str,0.0
932,adventuregame,NEW_Reflect_Agent,home_deliver_three_planning_hard_invlimittwo,episode_00024,manipulating_room,0.0
933,adventuregame,NEW_Reflect_Agent,home_deliver_three_planning_hard_invlimittwo,episode_00024,undefined_argument_type,0.0
934,adventuregame,NEW_Reflect_Agent,home_deliver_three_planning_hard_invlimittwo,episode_00024,taking_from_inventory,0.0
935,adventuregame,NEW_Reflect_Agent,home_deliver_three_planning_hard_invlimittwo,episode_00024,other_room_argument,0.0
936,adventuregame,NEW_Reflect_Agent,home_deliver_three_planning_hard_invlimittwo,episode_00024,domain_trait_type_mismatch,0.0
937,adventuregame,NEW_Reflect_Agent,home_deliver_three_planning_hard_invlimittwo,episode_00024,domain_type_discrepancy,0.0
938,adventuregame,NEW_Reflect_Agent,home_deliver_three_planning_hard_invlimittwo,episode_00024,world_state_discrepancy,0.0
939,adventuregame,NEW_Reflect_Agent,home_deliver_three_planning_hard_invlimittwo,episode_00024,entity_not_accessible,0.0
940,adventuregame,NEW_Reflect_Agent,home_deliver_three_planning_hard_invlimittwo,episode_00024,entity_state_mismatch,1.0
941,adventuregame,NEW_Reflect_Agent,home_deliver_three_planning_hard_invlimittwo,episode_00024,entity_trait_mismatch,0.0
942,adventuregame,NEW_Reflect_Agent,home_deliver_three_planning_hard_invlimittwo,episode_00024,entity_already_inventory,0.0
943,adventuregame,NEW_Reflect_Agent,home_deliver_three_planning_hard_invlimittwo,episode_00024,going_to_current_room,0.0
944,adventuregame,NEW_Reflect_Agent,home_deliver_three_planning_hard_invlimittwo,episode_00024,no_exit_to,0.0
945,adventuregame,NEW_Reflect_Agent,home_deliver_three_planning_hard_invlimittwo,episode_00024,inventory_limit_exceeded,44.0
946,adventuregame,NEW_Reflect_Agent,home_deliver_three_planning_hard_invlimittwo,episode_00024,successful_actions,5.0
947,adventuregame,NEW_Reflect_Agent,home_deliver_three_planning_hard_invlimittwo,episode_00024,turn_limit_loss,1.0
948,adventuregame,NEW_Reflect_Agent,home_deliver_three_planning_hard_invlimittwo,episode_00024,turns_over_par,
949,adventuregame,NEW_Reflect_Agent,home_deliver_three_planning_hard_invlimittwo,episode_00024,turn_ratio,
950,adventuregame,NEW_Reflect_Agent,home_deliver_three_planning_hard_invlimittwo,episode_00024,finish_speed,
951,adventuregame,NEW_Reflect_Agent,home_deliver_three_planning_hard_invlimittwo,episode_00024,achieved_goal_ratio,0.0
952,adventuregame,NEW_Reflect_Agent,home_deliver_three_planning_hard_invlimittwo,episode_00024,Aborted,1.0
953,adventuregame,NEW_Reflect_Agent,home_deliver_three_planning_hard_invlimittwo,episode_00024,Success,0.0
954,adventuregame,NEW_Reflect_Agent,home_deliver_three_planning_hard_invlimittwo,episode_00024,Lose,0.0
955,adventuregame,NEW_Reflect_Agent,home_deliver_three_planning_hard_invlimittwo,episode_00024,Main Score,
956,adventuregame,NEW_Reflect_Agent,home_deliver_three_planning_hard_invlimittwo,episode_00024,plan_followed_ratio,0.08
957,adventuregame,NEW_Reflect_Agent,home_deliver_three_planning_hard_invlimittwo,episode_00024,plan_average_viability_ratio,0.41
958,adventuregame,NEW_Reflect_Agent,home_deliver_three_planning_hard_invlimittwo,episode_00024,bad_plan_follow_ratio,0.02
959,adventuregame,NEW_Reflect_Agent,home_deliver_three_planning_hard_invlimittwo,episode_00024,bad_plan_dismiss_ratio,0.98
960,codenames,NEW_Reflect_Agent,abstract,episode_00025,experiment variable,Word Concreteness
961,codenames,NEW_Reflect_Agent,abstract,episode_00025,experiment name,abstract
962,codenames,NEW_Reflect_Agent,abstract,episode_00025,Cluegiver strip words,1
963,codenames,NEW_Reflect_Agent,abstract,episode_00025,Guesser strip words,0
964,codenames,NEW_Reflect_Agent,abstract,episode_00025,Average Cluegiver Number of Targets,3
965,codenames,NEW_Reflect_Agent,abstract,episode_00025,Average Cluegiver Team Precision,0.667
966,codenames,NEW_Reflect_Agent,abstract,episode_00025,Average Cluegiver Team Recall,0.222
967,codenames,NEW_Reflect_Agent,abstract,episode_00025,Average Cluegiver Team F1,0.333
968,codenames,NEW_Reflect_Agent,abstract,episode_00025,Average Guesser Number of Guesses,0
969,codenames,NEW_Reflect_Agent,abstract,episode_00025,Average Guesser Number of Revealed Words,0
970,codenames,NEW_Reflect_Agent,abstract,episode_00025,Average Guesser Number of Unrevealed Guesses,0
971,codenames,NEW_Reflect_Agent,abstract,episode_00025,Average Guesser Target Precision,0
972,codenames,NEW_Reflect_Agent,abstract,episode_00025,Average Guesser Target Recall,0.0
973,codenames,NEW_Reflect_Agent,abstract,episode_00025,Average Guesser Target F1,0
974,codenames,NEW_Reflect_Agent,abstract,episode_00025,Average Guesser Team Precision,0
975,codenames,NEW_Reflect_Agent,abstract,episode_00025,Average Guesser Team Recall,0.0
976,codenames,NEW_Reflect_Agent,abstract,episode_00025,Average Guesser Team F1,0
977,codenames,NEW_Reflect_Agent,abstract,episode_00025,Aborted,1
978,codenames,NEW_Reflect_Agent,abstract,episode_00025,Lose,0
979,codenames,NEW_Reflect_Agent,abstract,episode_00025,Success,0
980,codenames,NEW_Reflect_Agent,abstract,episode_00025,Game ended through assassin,0
981,codenames,NEW_Reflect_Agent,abstract,episode_00025,Episode Recall,0.0
982,codenames,NEW_Reflect_Agent,abstract,episode_00025,Episode Negative Recall,1.0
983,codenames,NEW_Reflect_Agent,abstract,episode_00025,Number of turns,2
984,codenames,NEW_Reflect_Agent,abstract,episode_00025,Efficiency,0.0
985,codenames,NEW_Reflect_Agent,abstract,episode_00025,Request Count,2
986,codenames,NEW_Reflect_Agent,abstract,episode_00025,Parsed Request Count,1
987,codenames,NEW_Reflect_Agent,abstract,episode_00025,Violated Request Count,1
988,codenames,NEW_Reflect_Agent,abstract,episode_00025,Request Success Ratio,0.5
989,codenames,NEW_Reflect_Agent,abstract,episode_00025,Main Score,
990,codenames,NEW_Reflect_Agent,abstract,episode_00026,experiment variable,Word Concreteness
991,codenames,NEW_Reflect_Agent,abstract,episode_00026,experiment name,abstract
992,codenames,NEW_Reflect_Agent,abstract,episode_00026,Cluegiver strip words,1
993,codenames,NEW_Reflect_Agent,abstract,episode_00026,Guesser strip words,0
994,codenames,NEW_Reflect_Agent,abstract,episode_00026,Average Cluegiver Number of Targets,6
995,codenames,NEW_Reflect_Agent,abstract,episode_00026,Average Cluegiver Team Precision,1.0
996,codenames,NEW_Reflect_Agent,abstract,episode_00026,Average Cluegiver Team Recall,0.667
997,codenames,NEW_Reflect_Agent,abstract,episode_00026,Average Cluegiver Team F1,0.8
998,codenames,NEW_Reflect_Agent,abstract,episode_00026,Average Guesser Number of Guesses,0
999,codenames,NEW_Reflect_Agent,abstract,episode_00026,Average Guesser Number of Revealed Words,0
1000,codenames,NEW_Reflect_Agent,abstract,episode_00026,Average Guesser Number of Unrevealed Guesses,0
1001,codenames,NEW_Reflect_Agent,abstract,episode_00026,Average Guesser Target Precision,0
1002,codenames,NEW_Reflect_Agent,abstract,episode_00026,Average Guesser Target Recall,0.0
1003,codenames,NEW_Reflect_Agent,abstract,episode_00026,Average Guesser Target F1,0
1004,codenames,NEW_Reflect_Agent,abstract,episode_00026,Average Guesser Team Precision,0
1005,codenames,NEW_Reflect_Agent,abstract,episode_00026,Average Guesser Team Recall,0.0
1006,codenames,NEW_Reflect_Agent,abstract,episode_00026,Average Guesser Team F1,0
1007,codenames,NEW_Reflect_Agent,abstract,episode_00026,Aborted,1
1008,codenames,NEW_Reflect_Agent,abstract,episode_00026,Lose,0
1009,codenames,NEW_Reflect_Agent,abstract,episode_00026,Success,0
1010,codenames,NEW_Reflect_Agent,abstract,episode_00026,Game ended through assassin,0
1011,codenames,NEW_Reflect_Agent,abstract,episode_00026,Episode Recall,0.0
1012,codenames,NEW_Reflect_Agent,abstract,episode_00026,Episode Negative Recall,1.0
1013,codenames,NEW_Reflect_Agent,abstract,episode_00026,Number of turns,2
1014,codenames,NEW_Reflect_Agent,abstract,episode_00026,Efficiency,0.0
1015,codenames,NEW_Reflect_Agent,abstract,episode_00026,Request Count,2
1016,codenames,NEW_Reflect_Agent,abstract,episode_00026,Parsed Request Count,1
1017,codenames,NEW_Reflect_Agent,abstract,episode_00026,Violated Request Count,1
1018,codenames,NEW_Reflect_Agent,abstract,episode_00026,Request Success Ratio,0.5
1019,codenames,NEW_Reflect_Agent,abstract,episode_00026,Main Score,
1020,codenames,NEW_Reflect_Agent,ambiguous,episode_00021,experiment variable,Word Ambiguity
1021,codenames,NEW_Reflect_Agent,ambiguous,episode_00021,experiment name,ambiguous
1022,codenames,NEW_Reflect_Agent,ambiguous,episode_00021,Cluegiver strip words,3
1023,codenames,NEW_Reflect_Agent,ambiguous,episode_00021,Guesser strip words,0
1024,codenames,NEW_Reflect_Agent,ambiguous,episode_00021,Average Cluegiver Number of Targets,4.333
1025,codenames,NEW_Reflect_Agent,ambiguous,episode_00021,Average Cluegiver Team Precision,0.667
1026,codenames,NEW_Reflect_Agent,ambiguous,episode_00021,Average Cluegiver Team Recall,0.505
1027,codenames,NEW_Reflect_Agent,ambiguous,episode_00021,Average Cluegiver Team F1,0.57
1028,codenames,NEW_Reflect_Agent,ambiguous,episode_00021,Average Guesser Number of Guesses,4.333
1029,codenames,NEW_Reflect_Agent,ambiguous,episode_00021,Average Guesser Number of Revealed Words,1.667
1030,codenames,NEW_Reflect_Agent,ambiguous,episode_00021,Average Guesser Number of Unrevealed Guesses,2.667
1031,codenames,NEW_Reflect_Agent,ambiguous,episode_00021,Average Guesser Target Precision,0.389
1032,codenames,NEW_Reflect_Agent,ambiguous,episode_00021,Average Guesser Target Recall,0.175
1033,codenames,NEW_Reflect_Agent,ambiguous,episode_00021,Average Guesser Target F1,0.233
1034,codenames,NEW_Reflect_Agent,ambiguous,episode_00021,Average Guesser Team Precision,0.389
1035,codenames,NEW_Reflect_Agent,ambiguous,episode_00021,Average Guesser Team Recall,0.12
1036,codenames,NEW_Reflect_Agent,ambiguous,episode_00021,Average Guesser Team F1,0.182
1037,codenames,NEW_Reflect_Agent,ambiguous,episode_00021,Aborted,1
1038,codenames,NEW_Reflect_Agent,ambiguous,episode_00021,Lose,0
1039,codenames,NEW_Reflect_Agent,ambiguous,episode_00021,Success,0
1040,codenames,NEW_Reflect_Agent,ambiguous,episode_00021,Game ended through assassin,0
1041,codenames,NEW_Reflect_Agent,ambiguous,episode_00021,Episode Recall,0.333
1042,codenames,NEW_Reflect_Agent,ambiguous,episode_00021,Episode Negative Recall,0.875
1043,codenames,NEW_Reflect_Agent,ambiguous,episode_00021,Number of turns,3
1044,codenames,NEW_Reflect_Agent,ambiguous,episode_00021,Efficiency,1
1045,codenames,NEW_Reflect_Agent,ambiguous,episode_00021,Request Count,5
1046,codenames,NEW_Reflect_Agent,ambiguous,episode_00021,Parsed Request Count,4
1047,codenames,NEW_Reflect_Agent,ambiguous,episode_00021,Violated Request Count,1
1048,codenames,NEW_Reflect_Agent,ambiguous,episode_00021,Request Success Ratio,0.8
1049,codenames,NEW_Reflect_Agent,ambiguous,episode_00021,Main Score,
1050,codenames,NEW_Reflect_Agent,ambiguous,episode_00022,experiment variable,Word Ambiguity
1051,codenames,NEW_Reflect_Agent,ambiguous,episode_00022,experiment name,ambiguous
1052,codenames,NEW_Reflect_Agent,ambiguous,episode_00022,Cluegiver strip words,1
1053,codenames,NEW_Reflect_Agent,ambiguous,episode_00022,Guesser strip words,0
1054,codenames,NEW_Reflect_Agent,ambiguous,episode_00022,Average Cluegiver Number of Targets,0
1055,codenames,NEW_Reflect_Agent,ambiguous,episode_00022,Average Cluegiver Team Precision,0
1056,codenames,NEW_Reflect_Agent,ambiguous,episode_00022,Average Cluegiver Team Recall,0.0
1057,codenames,NEW_Reflect_Agent,ambiguous,episode_00022,Average Cluegiver Team F1,0
1058,codenames,NEW_Reflect_Agent,ambiguous,episode_00022,Average Guesser Number of Guesses,0
1059,codenames,NEW_Reflect_Agent,ambiguous,episode_00022,Average Guesser Number of Revealed Words,0
1060,codenames,NEW_Reflect_Agent,ambiguous,episode_00022,Average Guesser Number of Unrevealed Guesses,0
1061,codenames,NEW_Reflect_Agent,ambiguous,episode_00022,Average Guesser Target Precision,0
1062,codenames,NEW_Reflect_Agent,ambiguous,episode_00022,Average Guesser Target Recall,0
1063,codenames,NEW_Reflect_Agent,ambiguous,episode_00022,Average Guesser Target F1,0
1064,codenames,NEW_Reflect_Agent,ambiguous,episode_00022,Average Guesser Team Precision,0
1065,codenames,NEW_Reflect_Agent,ambiguous,episode_00022,Average Guesser Team Recall,0.0
1066,codenames,NEW_Reflect_Agent,ambiguous,episode_00022,Average Guesser Team F1,0
1067,codenames,NEW_Reflect_Agent,ambiguous,episode_00022,Aborted,1
1068,codenames,NEW_Reflect_Agent,ambiguous,episode_00022,Lose,0
1069,codenames,NEW_Reflect_Agent,ambiguous,episode_00022,Success,0
1070,codenames,NEW_Reflect_Agent,ambiguous,episode_00022,Game ended through assassin,0
1071,codenames,NEW_Reflect_Agent,ambiguous,episode_00022,Episode Recall,0.0
1072,codenames,NEW_Reflect_Agent,ambiguous,episode_00022,Episode Negative Recall,1.0
1073,codenames,NEW_Reflect_Agent,ambiguous,episode_00022,Number of turns,1
1074,codenames,NEW_Reflect_Agent,ambiguous,episode_00022,Efficiency,0.0
1075,codenames,NEW_Reflect_Agent,ambiguous,episode_00022,Request Count,1
1076,codenames,NEW_Reflect_Agent,ambiguous,episode_00022,Parsed Request Count,0
1077,codenames,NEW_Reflect_Agent,ambiguous,episode_00022,Violated Request Count,1
1078,codenames,NEW_Reflect_Agent,ambiguous,episode_00022,Request Success Ratio,0.0
1079,codenames,NEW_Reflect_Agent,ambiguous,episode_00022,Main Score,
1080,codenames,NEW_Reflect_Agent,association_difficult,episode_00007,experiment variable,Word Assignments
1081,codenames,NEW_Reflect_Agent,association_difficult,episode_00007,experiment name,association_difficult
1082,codenames,NEW_Reflect_Agent,association_difficult,episode_00007,Cluegiver strip words,2
1083,codenames,NEW_Reflect_Agent,association_difficult,episode_00007,Guesser strip words,0
1084,codenames,NEW_Reflect_Agent,association_difficult,episode_00007,Average Cluegiver Number of Targets,5.5
1085,codenames,NEW_Reflect_Agent,association_difficult,episode_00007,Average Cluegiver Team Precision,0.8
1086,codenames,NEW_Reflect_Agent,association_difficult,episode_00007,Average Cluegiver Team Recall,0.541
1087,codenames,NEW_Reflect_Agent,association_difficult,episode_00007,Average Cluegiver Team F1,0.643
1088,codenames,NEW_Reflect_Agent,association_difficult,episode_00007,Average Guesser Number of Guesses,2.5
1089,codenames,NEW_Reflect_Agent,association_difficult,episode_00007,Average Guesser Number of Revealed Words,1
1090,codenames,NEW_Reflect_Agent,association_difficult,episode_00007,Average Guesser Number of Unrevealed Guesses,1.5
1091,codenames,NEW_Reflect_Agent,association_difficult,episode_00007,Average Guesser Target Precision,0.5
1092,codenames,NEW_Reflect_Agent,association_difficult,episode_00007,Average Guesser Target Recall,0.2
1093,codenames,NEW_Reflect_Agent,association_difficult,episode_00007,Average Guesser Target F1,0.285
1094,codenames,NEW_Reflect_Agent,association_difficult,episode_00007,Average Guesser Team Precision,0.25
1095,codenames,NEW_Reflect_Agent,association_difficult,episode_00007,Average Guesser Team Recall,0.056
1096,codenames,NEW_Reflect_Agent,association_difficult,episode_00007,Average Guesser Team F1,0.091
1097,codenames,NEW_Reflect_Agent,association_difficult,episode_00007,Aborted,1
1098,codenames,NEW_Reflect_Agent,association_difficult,episode_00007,Lose,0
1099,codenames,NEW_Reflect_Agent,association_difficult,episode_00007,Success,0
1100,codenames,NEW_Reflect_Agent,association_difficult,episode_00007,Game ended through assassin,0
1101,codenames,NEW_Reflect_Agent,association_difficult,episode_00007,Episode Recall,0.111
1102,codenames,NEW_Reflect_Agent,association_difficult,episode_00007,Episode Negative Recall,0.938
1103,codenames,NEW_Reflect_Agent,association_difficult,episode_00007,Number of turns,3
1104,codenames,NEW_Reflect_Agent,association_difficult,episode_00007,Efficiency,0.833
1105,codenames,NEW_Reflect_Agent,association_difficult,episode_00007,Request Count,4
1106,codenames,NEW_Reflect_Agent,association_difficult,episode_00007,Parsed Request Count,3
1107,codenames,NEW_Reflect_Agent,association_difficult,episode_00007,Violated Request Count,1
1108,codenames,NEW_Reflect_Agent,association_difficult,episode_00007,Request Success Ratio,0.75
1109,codenames,NEW_Reflect_Agent,association_difficult,episode_00007,Main Score,
1110,codenames,NEW_Reflect_Agent,association_difficult,episode_00008,experiment variable,Word Assignments
1111,codenames,NEW_Reflect_Agent,association_difficult,episode_00008,experiment name,association_difficult
1112,codenames,NEW_Reflect_Agent,association_difficult,episode_00008,Cluegiver strip words,1
1113,codenames,NEW_Reflect_Agent,association_difficult,episode_00008,Guesser strip words,0
1114,codenames,NEW_Reflect_Agent,association_difficult,episode_00008,Average Cluegiver Number of Targets,0
1115,codenames,NEW_Reflect_Agent,association_difficult,episode_00008,Average Cluegiver Team Precision,0
1116,codenames,NEW_Reflect_Agent,association_difficult,episode_00008,Average Cluegiver Team Recall,0.0
1117,codenames,NEW_Reflect_Agent,association_difficult,episode_00008,Average Cluegiver Team F1,0
1118,codenames,NEW_Reflect_Agent,association_difficult,episode_00008,Average Guesser Number of Guesses,0
1119,codenames,NEW_Reflect_Agent,association_difficult,episode_00008,Average Guesser Number of Revealed Words,0
1120,codenames,NEW_Reflect_Agent,association_difficult,episode_00008,Average Guesser Number of Unrevealed Guesses,0
1121,codenames,NEW_Reflect_Agent,association_difficult,episode_00008,Average Guesser Target Precision,0
1122,codenames,NEW_Reflect_Agent,association_difficult,episode_00008,Average Guesser Target Recall,0
1123,codenames,NEW_Reflect_Agent,association_difficult,episode_00008,Average Guesser Target F1,0
1124,codenames,NEW_Reflect_Agent,association_difficult,episode_00008,Average Guesser Team Precision,0
1125,codenames,NEW_Reflect_Agent,association_difficult,episode_00008,Average Guesser Team Recall,0.0
1126,codenames,NEW_Reflect_Agent,association_difficult,episode_00008,Average Guesser Team F1,0
1127,codenames,NEW_Reflect_Agent,association_difficult,episode_00008,Aborted,1
1128,codenames,NEW_Reflect_Agent,association_difficult,episode_00008,Lose,0
1129,codenames,NEW_Reflect_Agent,association_difficult,episode_00008,Success,0
1130,codenames,NEW_Reflect_Agent,association_difficult,episode_00008,Game ended through assassin,0
1131,codenames,NEW_Reflect_Agent,association_difficult,episode_00008,Episode Recall,0.0
1132,codenames,NEW_Reflect_Agent,association_difficult,episode_00008,Episode Negative Recall,1.0
1133,codenames,NEW_Reflect_Agent,association_difficult,episode_00008,Number of turns,1
1134,codenames,NEW_Reflect_Agent,association_difficult,episode_00008,Efficiency,0.0
1135,codenames,NEW_Reflect_Agent,association_difficult,episode_00008,Request Count,1
1136,codenames,NEW_Reflect_Agent,association_difficult,episode_00008,Parsed Request Count,0
1137,codenames,NEW_Reflect_Agent,association_difficult,episode_00008,Violated Request Count,1
1138,codenames,NEW_Reflect_Agent,association_difficult,episode_00008,Request Success Ratio,0.0
1139,codenames,NEW_Reflect_Agent,association_difficult,episode_00008,Main Score,
1140,codenames,NEW_Reflect_Agent,association_easy,episode_00005,experiment variable,Word Assignments
1141,codenames,NEW_Reflect_Agent,association_easy,episode_00005,experiment name,association_easy
1142,codenames,NEW_Reflect_Agent,association_easy,episode_00005,Cluegiver strip words,2
1143,codenames,NEW_Reflect_Agent,association_easy,episode_00005,Guesser strip words,0
1144,codenames,NEW_Reflect_Agent,association_easy,episode_00005,Average Cluegiver Number of Targets,4.5
1145,codenames,NEW_Reflect_Agent,association_easy,episode_00005,Average Cluegiver Team Precision,1.0
1146,codenames,NEW_Reflect_Agent,association_easy,episode_00005,Average Cluegiver Team Recall,0.778
1147,codenames,NEW_Reflect_Agent,association_easy,episode_00005,Average Cluegiver Team F1,0.857
1148,codenames,NEW_Reflect_Agent,association_easy,episode_00005,Average Guesser Number of Guesses,2.5
1149,codenames,NEW_Reflect_Agent,association_easy,episode_00005,Average Guesser Number of Revealed Words,2.5
1150,codenames,NEW_Reflect_Agent,association_easy,episode_00005,Average Guesser Number of Unrevealed Guesses,0
1151,codenames,NEW_Reflect_Agent,association_easy,episode_00005,Average Guesser Target Precision,0.5
1152,codenames,NEW_Reflect_Agent,association_easy,episode_00005,Average Guesser Target Recall,0.5
1153,codenames,NEW_Reflect_Agent,association_easy,episode_00005,Average Guesser Target F1,0.5
1154,codenames,NEW_Reflect_Agent,association_easy,episode_00005,Average Guesser Team Precision,0.5
1155,codenames,NEW_Reflect_Agent,association_easy,episode_00005,Average Guesser Team Recall,0.278
1156,codenames,NEW_Reflect_Agent,association_easy,episode_00005,Average Guesser Team F1,0.357
1157,codenames,NEW_Reflect_Agent,association_easy,episode_00005,Aborted,1
1158,codenames,NEW_Reflect_Agent,association_easy,episode_00005,Lose,0
1159,codenames,NEW_Reflect_Agent,association_easy,episode_00005,Success,0
1160,codenames,NEW_Reflect_Agent,association_easy,episode_00005,Game ended through assassin,0
1161,codenames,NEW_Reflect_Agent,association_easy,episode_00005,Episode Recall,0.556
1162,codenames,NEW_Reflect_Agent,association_easy,episode_00005,Episode Negative Recall,1.0
1163,codenames,NEW_Reflect_Agent,association_easy,episode_00005,Number of turns,3
1164,codenames,NEW_Reflect_Agent,association_easy,episode_00005,Efficiency,0.833
1165,codenames,NEW_Reflect_Agent,association_easy,episode_00005,Request Count,4
1166,codenames,NEW_Reflect_Agent,association_easy,episode_00005,Parsed Request Count,3
1167,codenames,NEW_Reflect_Agent,association_easy,episode_00005,Violated Request Count,1
1168,codenames,NEW_Reflect_Agent,association_easy,episode_00005,Request Success Ratio,0.75
1169,codenames,NEW_Reflect_Agent,association_easy,episode_00005,Main Score,
1170,codenames,NEW_Reflect_Agent,association_easy,episode_00006,experiment variable,Word Assignments
1171,codenames,NEW_Reflect_Agent,association_easy,episode_00006,experiment name,association_easy
1172,codenames,NEW_Reflect_Agent,association_easy,episode_00006,Cluegiver strip words,4
1173,codenames,NEW_Reflect_Agent,association_easy,episode_00006,Guesser strip words,0
1174,codenames,NEW_Reflect_Agent,association_easy,episode_00006,Average Cluegiver Number of Targets,2.75
1175,codenames,NEW_Reflect_Agent,association_easy,episode_00006,Average Cluegiver Team Precision,1.0
1176,codenames,NEW_Reflect_Agent,association_easy,episode_00006,Average Cluegiver Team Recall,0.827
1177,codenames,NEW_Reflect_Agent,association_easy,episode_00006,Average Cluegiver Team F1,0.893
1178,codenames,NEW_Reflect_Agent,association_easy,episode_00006,Average Guesser Number of Guesses,2.75
1179,codenames,NEW_Reflect_Agent,association_easy,episode_00006,Average Guesser Number of Revealed Words,2.75
1180,codenames,NEW_Reflect_Agent,association_easy,episode_00006,Average Guesser Number of Unrevealed Guesses,0
1181,codenames,NEW_Reflect_Agent,association_easy,episode_00006,Average Guesser Target Precision,0.742
1182,codenames,NEW_Reflect_Agent,association_easy,episode_00006,Average Guesser Target Recall,0.742
1183,codenames,NEW_Reflect_Agent,association_easy,episode_00006,Average Guesser Target F1,0.742
1184,codenames,NEW_Reflect_Agent,association_easy,episode_00006,Average Guesser Team Precision,0.792
1185,codenames,NEW_Reflect_Agent,association_easy,episode_00006,Average Guesser Team Recall,0.639
1186,codenames,NEW_Reflect_Agent,association_easy,episode_00006,Average Guesser Team F1,0.696
1187,codenames,NEW_Reflect_Agent,association_easy,episode_00006,Aborted,0
1188,codenames,NEW_Reflect_Agent,association_easy,episode_00006,Lose,0
1189,codenames,NEW_Reflect_Agent,association_easy,episode_00006,Success,1
1190,codenames,NEW_Reflect_Agent,association_easy,episode_00006,Game ended through assassin,0
1191,codenames,NEW_Reflect_Agent,association_easy,episode_00006,Episode Recall,1.0
1192,codenames,NEW_Reflect_Agent,association_easy,episode_00006,Episode Negative Recall,0.875
1193,codenames,NEW_Reflect_Agent,association_easy,episode_00006,Number of turns,5
1194,codenames,NEW_Reflect_Agent,association_easy,episode_00006,Efficiency,1
1195,codenames,NEW_Reflect_Agent,association_easy,episode_00006,Request Count,8
1196,codenames,NEW_Reflect_Agent,association_easy,episode_00006,Parsed Request Count,8
1197,codenames,NEW_Reflect_Agent,association_easy,episode_00006,Violated Request Count,0
1198,codenames,NEW_Reflect_Agent,association_easy,episode_00006,Request Success Ratio,1.0
1199,codenames,NEW_Reflect_Agent,association_easy,episode_00006,Main Score,100
1200,codenames,NEW_Reflect_Agent,concrete,episode_00023,experiment variable,Word Concreteness
1201,codenames,NEW_Reflect_Agent,concrete,episode_00023,experiment name,concrete
1202,codenames,NEW_Reflect_Agent,concrete,episode_00023,Cluegiver strip words,3
1203,codenames,NEW_Reflect_Agent,concrete,episode_00023,Guesser strip words,0
1204,codenames,NEW_Reflect_Agent,concrete,episode_00023,Average Cluegiver Number of Targets,5.667
1205,codenames,NEW_Reflect_Agent,concrete,episode_00023,Average Cluegiver Team Precision,0.833
1206,codenames,NEW_Reflect_Agent,concrete,episode_00023,Average Cluegiver Team Recall,0.63
1207,codenames,NEW_Reflect_Agent,concrete,episode_00023,Average Cluegiver Team F1,0.703
1208,codenames,NEW_Reflect_Agent,concrete,episode_00023,Average Guesser Number of Guesses,5.667
1209,codenames,NEW_Reflect_Agent,concrete,episode_00023,Average Guesser Number of Revealed Words,2
1210,codenames,NEW_Reflect_Agent,concrete,episode_00023,Average Guesser Number of Unrevealed Guesses,3.667
1211,codenames,NEW_Reflect_Agent,concrete,episode_00023,Average Guesser Target Precision,0.583
1212,codenames,NEW_Reflect_Agent,concrete,episode_00023,Average Guesser Target Recall,0.194
1213,codenames,NEW_Reflect_Agent,concrete,episode_00023,Average Guesser Target F1,0.287
1214,codenames,NEW_Reflect_Agent,concrete,episode_00023,Average Guesser Team Precision,0.25
1215,codenames,NEW_Reflect_Agent,concrete,episode_00023,Average Guesser Team Recall,0.111
1216,codenames,NEW_Reflect_Agent,concrete,episode_00023,Average Guesser Team F1,0.154
1217,codenames,NEW_Reflect_Agent,concrete,episode_00023,Aborted,0
1218,codenames,NEW_Reflect_Agent,concrete,episode_00023,Lose,1
1219,codenames,NEW_Reflect_Agent,concrete,episode_00023,Success,0
1220,codenames,NEW_Reflect_Agent,concrete,episode_00023,Game ended through assassin,1
1221,codenames,NEW_Reflect_Agent,concrete,episode_00023,Episode Recall,0.333
1222,codenames,NEW_Reflect_Agent,concrete,episode_00023,Episode Negative Recall,0.812
1223,codenames,NEW_Reflect_Agent,concrete,episode_00023,Number of turns,4
1224,codenames,NEW_Reflect_Agent,concrete,episode_00023,Efficiency,1
1225,codenames,NEW_Reflect_Agent,concrete,episode_00023,Request Count,6
1226,codenames,NEW_Reflect_Agent,concrete,episode_00023,Parsed Request Count,6
1227,codenames,NEW_Reflect_Agent,concrete,episode_00023,Violated Request Count,0
1228,codenames,NEW_Reflect_Agent,concrete,episode_00023,Request Success Ratio,1.0
1229,codenames,NEW_Reflect_Agent,concrete,episode_00023,Main Score,0
1230,codenames,NEW_Reflect_Agent,concrete,episode_00024,experiment variable,Word Concreteness
1231,codenames,NEW_Reflect_Agent,concrete,episode_00024,experiment name,concrete
1232,codenames,NEW_Reflect_Agent,concrete,episode_00024,Cluegiver strip words,2
1233,codenames,NEW_Reflect_Agent,concrete,episode_00024,Guesser strip words,0
1234,codenames,NEW_Reflect_Agent,concrete,episode_00024,Average Cluegiver Number of Targets,6
1235,codenames,NEW_Reflect_Agent,concrete,episode_00024,Average Cluegiver Team Precision,1.0
1236,codenames,NEW_Reflect_Agent,concrete,episode_00024,Average Cluegiver Team Recall,0.688
1237,codenames,NEW_Reflect_Agent,concrete,episode_00024,Average Cluegiver Team F1,0.772
1238,codenames,NEW_Reflect_Agent,concrete,episode_00024,Average Guesser Number of Guesses,4.5
1239,codenames,NEW_Reflect_Agent,concrete,episode_00024,Average Guesser Number of Revealed Words,1
1240,codenames,NEW_Reflect_Agent,concrete,episode_00024,Average Guesser Number of Unrevealed Guesses,3.5
1241,codenames,NEW_Reflect_Agent,concrete,episode_00024,Average Guesser Target Precision,0.25
1242,codenames,NEW_Reflect_Agent,concrete,episode_00024,Average Guesser Target Recall,0.056
1243,codenames,NEW_Reflect_Agent,concrete,episode_00024,Average Guesser Target F1,0.091
1244,codenames,NEW_Reflect_Agent,concrete,episode_00024,Average Guesser Team Precision,0.25
1245,codenames,NEW_Reflect_Agent,concrete,episode_00024,Average Guesser Team Recall,0.056
1246,codenames,NEW_Reflect_Agent,concrete,episode_00024,Average Guesser Team F1,0.091
1247,codenames,NEW_Reflect_Agent,concrete,episode_00024,Aborted,1
1248,codenames,NEW_Reflect_Agent,concrete,episode_00024,Lose,0
1249,codenames,NEW_Reflect_Agent,concrete,episode_00024,Success,0
1250,codenames,NEW_Reflect_Agent,concrete,episode_00024,Game ended through assassin,0
1251,codenames,NEW_Reflect_Agent,concrete,episode_00024,Episode Recall,0.111
1252,codenames,NEW_Reflect_Agent,concrete,episode_00024,Episode Negative Recall,0.938
1253,codenames,NEW_Reflect_Agent,concrete,episode_00024,Number of turns,3
1254,codenames,NEW_Reflect_Agent,concrete,episode_00024,Efficiency,1
1255,codenames,NEW_Reflect_Agent,concrete,episode_00024,Request Count,4
1256,codenames,NEW_Reflect_Agent,concrete,episode_00024,Parsed Request Count,3
1257,codenames,NEW_Reflect_Agent,concrete,episode_00024,Violated Request Count,1
1258,codenames,NEW_Reflect_Agent,concrete,episode_00024,Request Success Ratio,0.75
1259,codenames,NEW_Reflect_Agent,concrete,episode_00024,Main Score,
1260,codenames,NEW_Reflect_Agent,frequency_high,episode_00017,experiment variable,Word Frequency
1261,codenames,NEW_Reflect_Agent,frequency_high,episode_00017,experiment name,frequency_high
1262,codenames,NEW_Reflect_Agent,frequency_high,episode_00017,Cluegiver strip words,5
1263,codenames,NEW_Reflect_Agent,frequency_high,episode_00017,Guesser strip words,0
1264,codenames,NEW_Reflect_Agent,frequency_high,episode_00017,Average Cluegiver Number of Targets,5
1265,codenames,NEW_Reflect_Agent,frequency_high,episode_00017,Average Cluegiver Team Precision,0.8
1266,codenames,NEW_Reflect_Agent,frequency_high,episode_00017,Average Cluegiver Team Recall,0.619
1267,codenames,NEW_Reflect_Agent,frequency_high,episode_00017,Average Cluegiver Team F1,0.68
1268,codenames,NEW_Reflect_Agent,frequency_high,episode_00017,Average Guesser Number of Guesses,5
1269,codenames,NEW_Reflect_Agent,frequency_high,episode_00017,Average Guesser Number of Revealed Words,1.6
1270,codenames,NEW_Reflect_Agent,frequency_high,episode_00017,Average Guesser Number of Unrevealed Guesses,3.4
1271,codenames,NEW_Reflect_Agent,frequency_high,episode_00017,Average Guesser Target Precision,0.333
1272,codenames,NEW_Reflect_Agent,frequency_high,episode_00017,Average Guesser Target Recall,0.244
1273,codenames,NEW_Reflect_Agent,frequency_high,episode_00017,Average Guesser Target F1,0.267
1274,codenames,NEW_Reflect_Agent,frequency_high,episode_00017,Average Guesser Team Precision,0.333
1275,codenames,NEW_Reflect_Agent,frequency_high,episode_00017,Average Guesser Team Recall,0.13
1276,codenames,NEW_Reflect_Agent,frequency_high,episode_00017,Average Guesser Team F1,0.187
1277,codenames,NEW_Reflect_Agent,frequency_high,episode_00017,Aborted,1
1278,codenames,NEW_Reflect_Agent,frequency_high,episode_00017,Lose,0
1279,codenames,NEW_Reflect_Agent,frequency_high,episode_00017,Success,0
1280,codenames,NEW_Reflect_Agent,frequency_high,episode_00017,Game ended through assassin,0
1281,codenames,NEW_Reflect_Agent,frequency_high,episode_00017,Episode Recall,0.556
1282,codenames,NEW_Reflect_Agent,frequency_high,episode_00017,Episode Negative Recall,0.812
1283,codenames,NEW_Reflect_Agent,frequency_high,episode_00017,Number of turns,5
1284,codenames,NEW_Reflect_Agent,frequency_high,episode_00017,Efficiency,1
1285,codenames,NEW_Reflect_Agent,frequency_high,episode_00017,Request Count,9
1286,codenames,NEW_Reflect_Agent,frequency_high,episode_00017,Parsed Request Count,8
1287,codenames,NEW_Reflect_Agent,frequency_high,episode_00017,Violated Request Count,1
1288,codenames,NEW_Reflect_Agent,frequency_high,episode_00017,Request Success Ratio,0.889
1289,codenames,NEW_Reflect_Agent,frequency_high,episode_00017,Main Score,
1290,codenames,NEW_Reflect_Agent,frequency_high,episode_00018,experiment variable,Word Frequency
1291,codenames,NEW_Reflect_Agent,frequency_high,episode_00018,experiment name,frequency_high
1292,codenames,NEW_Reflect_Agent,frequency_high,episode_00018,Cluegiver strip words,2
1293,codenames,NEW_Reflect_Agent,frequency_high,episode_00018,Guesser strip words,0
1294,codenames,NEW_Reflect_Agent,frequency_high,episode_00018,Average Cluegiver Number of Targets,4
1295,codenames,NEW_Reflect_Agent,frequency_high,episode_00018,Average Cluegiver Team Precision,0.5
1296,codenames,NEW_Reflect_Agent,frequency_high,episode_00018,Average Cluegiver Team Recall,0.445
1297,codenames,NEW_Reflect_Agent,frequency_high,episode_00018,Average Cluegiver Team F1,0.47
1298,codenames,NEW_Reflect_Agent,frequency_high,episode_00018,Average Guesser Number of Guesses,4
1299,codenames,NEW_Reflect_Agent,frequency_high,episode_00018,Average Guesser Number of Revealed Words,1.5
1300,codenames,NEW_Reflect_Agent,frequency_high,episode_00018,Average Guesser Number of Unrevealed Guesses,2.5
1301,codenames,NEW_Reflect_Agent,frequency_high,episode_00018,Average Guesser Target Precision,0.334
1302,codenames,NEW_Reflect_Agent,frequency_high,episode_00018,Average Guesser Target Recall,0.125
1303,codenames,NEW_Reflect_Agent,frequency_high,episode_00018,Average Guesser Target F1,0.182
1304,codenames,NEW_Reflect_Agent,frequency_high,episode_00018,Average Guesser Team Precision,0.334
1305,codenames,NEW_Reflect_Agent,frequency_high,episode_00018,Average Guesser Team Recall,0.111
1306,codenames,NEW_Reflect_Agent,frequency_high,episode_00018,Average Guesser Team F1,0.167
1307,codenames,NEW_Reflect_Agent,frequency_high,episode_00018,Aborted,1
1308,codenames,NEW_Reflect_Agent,frequency_high,episode_00018,Lose,0
1309,codenames,NEW_Reflect_Agent,frequency_high,episode_00018,Success,0
1310,codenames,NEW_Reflect_Agent,frequency_high,episode_00018,Game ended through assassin,0
1311,codenames,NEW_Reflect_Agent,frequency_high,episode_00018,Episode Recall,0.222
1312,codenames,NEW_Reflect_Agent,frequency_high,episode_00018,Episode Negative Recall,0.938
1313,codenames,NEW_Reflect_Agent,frequency_high,episode_00018,Number of turns,2
1314,codenames,NEW_Reflect_Agent,frequency_high,episode_00018,Efficiency,1
1315,codenames,NEW_Reflect_Agent,frequency_high,episode_00018,Request Count,3
1316,codenames,NEW_Reflect_Agent,frequency_high,episode_00018,Parsed Request Count,2
1317,codenames,NEW_Reflect_Agent,frequency_high,episode_00018,Violated Request Count,1
1318,codenames,NEW_Reflect_Agent,frequency_high,episode_00018,Request Success Ratio,0.667
1319,codenames,NEW_Reflect_Agent,frequency_high,episode_00018,Main Score,
1320,codenames,NEW_Reflect_Agent,frequency_low,episode_00015,experiment variable,Word Frequency
1321,codenames,NEW_Reflect_Agent,frequency_low,episode_00015,experiment name,frequency_low
1322,codenames,NEW_Reflect_Agent,frequency_low,episode_00015,Cluegiver strip words,3
1323,codenames,NEW_Reflect_Agent,frequency_low,episode_00015,Guesser strip words,0
1324,codenames,NEW_Reflect_Agent,frequency_low,episode_00015,Average Cluegiver Number of Targets,3.333
1325,codenames,NEW_Reflect_Agent,frequency_low,episode_00015,Average Cluegiver Team Precision,0.667
1326,codenames,NEW_Reflect_Agent,frequency_low,episode_00015,Average Cluegiver Team Recall,0.394
1327,codenames,NEW_Reflect_Agent,frequency_low,episode_00015,Average Cluegiver Team F1,0.494
1328,codenames,NEW_Reflect_Agent,frequency_low,episode_00015,Average Guesser Number of Guesses,3.333
1329,codenames,NEW_Reflect_Agent,frequency_low,episode_00015,Average Guesser Number of Revealed Words,1.333
1330,codenames,NEW_Reflect_Agent,frequency_low,episode_00015,Average Guesser Number of Unrevealed Guesses,2
1331,codenames,NEW_Reflect_Agent,frequency_low,episode_00015,Average Guesser Target Precision,0.333
1332,codenames,NEW_Reflect_Agent,frequency_low,episode_00015,Average Guesser Target Recall,0.133
1333,codenames,NEW_Reflect_Agent,frequency_low,episode_00015,Average Guesser Target F1,0.191
1334,codenames,NEW_Reflect_Agent,frequency_low,episode_00015,Average Guesser Team Precision,0.333
1335,codenames,NEW_Reflect_Agent,frequency_low,episode_00015,Average Guesser Team Recall,0.079
1336,codenames,NEW_Reflect_Agent,frequency_low,episode_00015,Average Guesser Team F1,0.127
1337,codenames,NEW_Reflect_Agent,frequency_low,episode_00015,Aborted,1
1338,codenames,NEW_Reflect_Agent,frequency_low,episode_00015,Lose,0
1339,codenames,NEW_Reflect_Agent,frequency_low,episode_00015,Success,0
1340,codenames,NEW_Reflect_Agent,frequency_low,episode_00015,Game ended through assassin,0
1341,codenames,NEW_Reflect_Agent,frequency_low,episode_00015,Episode Recall,0.222
1342,codenames,NEW_Reflect_Agent,frequency_low,episode_00015,Episode Negative Recall,0.875
1343,codenames,NEW_Reflect_Agent,frequency_low,episode_00015,Number of turns,3
1344,codenames,NEW_Reflect_Agent,frequency_low,episode_00015,Efficiency,1
1345,codenames,NEW_Reflect_Agent,frequency_low,episode_00015,Request Count,5
1346,codenames,NEW_Reflect_Agent,frequency_low,episode_00015,Parsed Request Count,4
1347,codenames,NEW_Reflect_Agent,frequency_low,episode_00015,Violated Request Count,1
1348,codenames,NEW_Reflect_Agent,frequency_low,episode_00015,Request Success Ratio,0.8
1349,codenames,NEW_Reflect_Agent,frequency_low,episode_00015,Main Score,
1350,codenames,NEW_Reflect_Agent,frequency_low,episode_00016,experiment variable,Word Frequency
1351,codenames,NEW_Reflect_Agent,frequency_low,episode_00016,experiment name,frequency_low
1352,codenames,NEW_Reflect_Agent,frequency_low,episode_00016,Cluegiver strip words,6
1353,codenames,NEW_Reflect_Agent,frequency_low,episode_00016,Guesser strip words,0
1354,codenames,NEW_Reflect_Agent,frequency_low,episode_00016,Average Cluegiver Number of Targets,5.5
1355,codenames,NEW_Reflect_Agent,frequency_low,episode_00016,Average Cluegiver Team Precision,0.9
1356,codenames,NEW_Reflect_Agent,frequency_low,episode_00016,Average Cluegiver Team Recall,0.787
1357,codenames,NEW_Reflect_Agent,frequency_low,episode_00016,Average Cluegiver Team F1,0.826
1358,codenames,NEW_Reflect_Agent,frequency_low,episode_00016,Average Guesser Number of Guesses,5
1359,codenames,NEW_Reflect_Agent,frequency_low,episode_00016,Average Guesser Number of Revealed Words,1.667
1360,codenames,NEW_Reflect_Agent,frequency_low,episode_00016,Average Guesser Number of Unrevealed Guesses,3.333
1361,codenames,NEW_Reflect_Agent,frequency_low,episode_00016,Average Guesser Target Precision,0.5
1362,codenames,NEW_Reflect_Agent,frequency_low,episode_00016,Average Guesser Target Recall,0.278
1363,codenames,NEW_Reflect_Agent,frequency_low,episode_00016,Average Guesser Target F1,0.332
1364,codenames,NEW_Reflect_Agent,frequency_low,episode_00016,Average Guesser Team Precision,0.417
1365,codenames,NEW_Reflect_Agent,frequency_low,episode_00016,Average Guesser Team Recall,0.146
1366,codenames,NEW_Reflect_Agent,frequency_low,episode_00016,Average Guesser Team F1,0.212
1367,codenames,NEW_Reflect_Agent,frequency_low,episode_00016,Aborted,0
1368,codenames,NEW_Reflect_Agent,frequency_low,episode_00016,Lose,1
1369,codenames,NEW_Reflect_Agent,frequency_low,episode_00016,Success,0
1370,codenames,NEW_Reflect_Agent,frequency_low,episode_00016,Game ended through assassin,0
1371,codenames,NEW_Reflect_Agent,frequency_low,episode_00016,Episode Recall,0.667
1372,codenames,NEW_Reflect_Agent,frequency_low,episode_00016,Episode Negative Recall,0.75
1373,codenames,NEW_Reflect_Agent,frequency_low,episode_00016,Number of turns,6
1374,codenames,NEW_Reflect_Agent,frequency_low,episode_00016,Efficiency,1
1375,codenames,NEW_Reflect_Agent,frequency_low,episode_00016,Request Count,11
1376,codenames,NEW_Reflect_Agent,frequency_low,episode_00016,Parsed Request Count,11
1377,codenames,NEW_Reflect_Agent,frequency_low,episode_00016,Violated Request Count,0
1378,codenames,NEW_Reflect_Agent,frequency_low,episode_00016,Request Success Ratio,1.0
1379,codenames,NEW_Reflect_Agent,frequency_low,episode_00016,Main Score,0
1380,codenames,NEW_Reflect_Agent,opponent_difficult,episode_00013,experiment variable,Opponent Difficulty
1381,codenames,NEW_Reflect_Agent,opponent_difficult,episode_00013,experiment name,opponent_difficult
1382,codenames,NEW_Reflect_Agent,opponent_difficult,episode_00013,Cluegiver strip words,5
1383,codenames,NEW_Reflect_Agent,opponent_difficult,episode_00013,Guesser strip words,0
1384,codenames,NEW_Reflect_Agent,opponent_difficult,episode_00013,Average Cluegiver Number of Targets,4.2
1385,codenames,NEW_Reflect_Agent,opponent_difficult,episode_00013,Average Cluegiver Team Precision,1.0
1386,codenames,NEW_Reflect_Agent,opponent_difficult,episode_00013,Average Cluegiver Team Recall,0.804
1387,codenames,NEW_Reflect_Agent,opponent_difficult,episode_00013,Average Cluegiver Team F1,0.881
1388,codenames,NEW_Reflect_Agent,opponent_difficult,episode_00013,Average Guesser Number of Guesses,3.6
1389,codenames,NEW_Reflect_Agent,opponent_difficult,episode_00013,Average Guesser Number of Revealed Words,2
1390,codenames,NEW_Reflect_Agent,opponent_difficult,episode_00013,Average Guesser Number of Unrevealed Guesses,1.6
1391,codenames,NEW_Reflect_Agent,opponent_difficult,episode_00013,Average Guesser Target Precision,0.467
1392,codenames,NEW_Reflect_Agent,opponent_difficult,episode_00013,Average Guesser Target Recall,0.267
1393,codenames,NEW_Reflect_Agent,opponent_difficult,episode_00013,Average Guesser Target F1,0.337
1394,codenames,NEW_Reflect_Agent,opponent_difficult,episode_00013,Average Guesser Team Precision,0.467
1395,codenames,NEW_Reflect_Agent,opponent_difficult,episode_00013,Average Guesser Team Recall,0.192
1396,codenames,NEW_Reflect_Agent,opponent_difficult,episode_00013,Average Guesser Team F1,0.27
1397,codenames,NEW_Reflect_Agent,opponent_difficult,episode_00013,Aborted,0
1398,codenames,NEW_Reflect_Agent,opponent_difficult,episode_00013,Lose,1
1399,codenames,NEW_Reflect_Agent,opponent_difficult,episode_00013,Success,0
1400,codenames,NEW_Reflect_Agent,opponent_difficult,episode_00013,Game ended through assassin,0
1401,codenames,NEW_Reflect_Agent,opponent_difficult,episode_00013,Episode Recall,0.667
1402,codenames,NEW_Reflect_Agent,opponent_difficult,episode_00013,Episode Negative Recall,0.75
1403,codenames,NEW_Reflect_Agent,opponent_difficult,episode_00013,Number of turns,5
1404,codenames,NEW_Reflect_Agent,opponent_difficult,episode_00013,Efficiency,1
1405,codenames,NEW_Reflect_Agent,opponent_difficult,episode_00013,Request Count,9
1406,codenames,NEW_Reflect_Agent,opponent_difficult,episode_00013,Parsed Request Count,9
1407,codenames,NEW_Reflect_Agent,opponent_difficult,episode_00013,Violated Request Count,0
1408,codenames,NEW_Reflect_Agent,opponent_difficult,episode_00013,Request Success Ratio,1.0
1409,codenames,NEW_Reflect_Agent,opponent_difficult,episode_00013,Main Score,0
1410,codenames,NEW_Reflect_Agent,opponent_difficult,episode_00014,experiment variable,Opponent Difficulty
1411,codenames,NEW_Reflect_Agent,opponent_difficult,episode_00014,experiment name,opponent_difficult
1412,codenames,NEW_Reflect_Agent,opponent_difficult,episode_00014,Cluegiver strip words,1
1413,codenames,NEW_Reflect_Agent,opponent_difficult,episode_00014,Guesser strip words,0
1414,codenames,NEW_Reflect_Agent,opponent_difficult,episode_00014,Average Cluegiver Number of Targets,9
1415,codenames,NEW_Reflect_Agent,opponent_difficult,episode_00014,Average Cluegiver Team Precision,1.0
1416,codenames,NEW_Reflect_Agent,opponent_difficult,episode_00014,Average Cluegiver Team Recall,1.0
1417,codenames,NEW_Reflect_Agent,opponent_difficult,episode_00014,Average Cluegiver Team F1,1.0
1418,codenames,NEW_Reflect_Agent,opponent_difficult,episode_00014,Average Guesser Number of Guesses,0
1419,codenames,NEW_Reflect_Agent,opponent_difficult,episode_00014,Average Guesser Number of Revealed Words,0
1420,codenames,NEW_Reflect_Agent,opponent_difficult,episode_00014,Average Guesser Number of Unrevealed Guesses,0
1421,codenames,NEW_Reflect_Agent,opponent_difficult,episode_00014,Average Guesser Target Precision,0
1422,codenames,NEW_Reflect_Agent,opponent_difficult,episode_00014,Average Guesser Target Recall,0.0
1423,codenames,NEW_Reflect_Agent,opponent_difficult,episode_00014,Average Guesser Target F1,0
1424,codenames,NEW_Reflect_Agent,opponent_difficult,episode_00014,Average Guesser Team Precision,0
1425,codenames,NEW_Reflect_Agent,opponent_difficult,episode_00014,Average Guesser Team Recall,0.0
1426,codenames,NEW_Reflect_Agent,opponent_difficult,episode_00014,Average Guesser Team F1,0
1427,codenames,NEW_Reflect_Agent,opponent_difficult,episode_00014,Aborted,1
1428,codenames,NEW_Reflect_Agent,opponent_difficult,episode_00014,Lose,0
1429,codenames,NEW_Reflect_Agent,opponent_difficult,episode_00014,Success,0
1430,codenames,NEW_Reflect_Agent,opponent_difficult,episode_00014,Game ended through assassin,0
1431,codenames,NEW_Reflect_Agent,opponent_difficult,episode_00014,Episode Recall,0.0
1432,codenames,NEW_Reflect_Agent,opponent_difficult,episode_00014,Episode Negative Recall,1.0
1433,codenames,NEW_Reflect_Agent,opponent_difficult,episode_00014,Number of turns,2
1434,codenames,NEW_Reflect_Agent,opponent_difficult,episode_00014,Efficiency,0.0
1435,codenames,NEW_Reflect_Agent,opponent_difficult,episode_00014,Request Count,2
1436,codenames,NEW_Reflect_Agent,opponent_difficult,episode_00014,Parsed Request Count,1
1437,codenames,NEW_Reflect_Agent,opponent_difficult,episode_00014,Violated Request Count,1
1438,codenames,NEW_Reflect_Agent,opponent_difficult,episode_00014,Request Success Ratio,0.5
1439,codenames,NEW_Reflect_Agent,opponent_difficult,episode_00014,Main Score,
1440,codenames,NEW_Reflect_Agent,opponent_easy,episode_00011,experiment variable,Opponent Difficulty
1441,codenames,NEW_Reflect_Agent,opponent_easy,episode_00011,experiment name,opponent_easy
1442,codenames,NEW_Reflect_Agent,opponent_easy,episode_00011,Cluegiver strip words,2
1443,codenames,NEW_Reflect_Agent,opponent_easy,episode_00011,Guesser strip words,0
1444,codenames,NEW_Reflect_Agent,opponent_easy,episode_00011,Average Cluegiver Number of Targets,8.5
1445,codenames,NEW_Reflect_Agent,opponent_easy,episode_00011,Average Cluegiver Team Precision,1.0
1446,codenames,NEW_Reflect_Agent,opponent_easy,episode_00011,Average Cluegiver Team Recall,0.945
1447,codenames,NEW_Reflect_Agent,opponent_easy,episode_00011,Average Cluegiver Team F1,0.97
1448,codenames,NEW_Reflect_Agent,opponent_easy,episode_00011,Average Guesser Number of Guesses,4
1449,codenames,NEW_Reflect_Agent,opponent_easy,episode_00011,Average Guesser Number of Revealed Words,0.5
1450,codenames,NEW_Reflect_Agent,opponent_easy,episode_00011,Average Guesser Number of Unrevealed Guesses,3.5
1451,codenames,NEW_Reflect_Agent,opponent_easy,episode_00011,Average Guesser Target Precision,0.0
1452,codenames,NEW_Reflect_Agent,opponent_easy,episode_00011,Average Guesser Target Recall,0.0
1453,codenames,NEW_Reflect_Agent,opponent_easy,episode_00011,Average Guesser Target F1,0
1454,codenames,NEW_Reflect_Agent,opponent_easy,episode_00011,Average Guesser Team Precision,0.0
1455,codenames,NEW_Reflect_Agent,opponent_easy,episode_00011,Average Guesser Team Recall,0.0
1456,codenames,NEW_Reflect_Agent,opponent_easy,episode_00011,Average Guesser Team F1,0
1457,codenames,NEW_Reflect_Agent,opponent_easy,episode_00011,Aborted,1
1458,codenames,NEW_Reflect_Agent,opponent_easy,episode_00011,Lose,0
1459,codenames,NEW_Reflect_Agent,opponent_easy,episode_00011,Success,0
1460,codenames,NEW_Reflect_Agent,opponent_easy,episode_00011,Game ended through assassin,0
1461,codenames,NEW_Reflect_Agent,opponent_easy,episode_00011,Episode Recall,0.0
1462,codenames,NEW_Reflect_Agent,opponent_easy,episode_00011,Episode Negative Recall,0.938
1463,codenames,NEW_Reflect_Agent,opponent_easy,episode_00011,Number of turns,3
1464,codenames,NEW_Reflect_Agent,opponent_easy,episode_00011,Efficiency,1
1465,codenames,NEW_Reflect_Agent,opponent_easy,episode_00011,Request Count,4
1466,codenames,NEW_Reflect_Agent,opponent_easy,episode_00011,Parsed Request Count,3
1467,codenames,NEW_Reflect_Agent,opponent_easy,episode_00011,Violated Request Count,1
1468,codenames,NEW_Reflect_Agent,opponent_easy,episode_00011,Request Success Ratio,0.75
1469,codenames,NEW_Reflect_Agent,opponent_easy,episode_00011,Main Score,
1470,codenames,NEW_Reflect_Agent,opponent_easy,episode_00012,experiment variable,Opponent Difficulty
1471,codenames,NEW_Reflect_Agent,opponent_easy,episode_00012,experiment name,opponent_easy
1472,codenames,NEW_Reflect_Agent,opponent_easy,episode_00012,Cluegiver strip words,3
1473,codenames,NEW_Reflect_Agent,opponent_easy,episode_00012,Guesser strip words,0
1474,codenames,NEW_Reflect_Agent,opponent_easy,episode_00012,Average Cluegiver Number of Targets,3.333
1475,codenames,NEW_Reflect_Agent,opponent_easy,episode_00012,Average Cluegiver Team Precision,0.533
1476,codenames,NEW_Reflect_Agent,opponent_easy,episode_00012,Average Cluegiver Team Recall,0.296
1477,codenames,NEW_Reflect_Agent,opponent_easy,episode_00012,Average Cluegiver Team F1,0.381
1478,codenames,NEW_Reflect_Agent,opponent_easy,episode_00012,Average Guesser Number of Guesses,3.333
1479,codenames,NEW_Reflect_Agent,opponent_easy,episode_00012,Average Guesser Number of Revealed Words,0.667
1480,codenames,NEW_Reflect_Agent,opponent_easy,episode_00012,Average Guesser Number of Unrevealed Guesses,2.667
1481,codenames,NEW_Reflect_Agent,opponent_easy,episode_00012,Average Guesser Target Precision,0.333
1482,codenames,NEW_Reflect_Agent,opponent_easy,episode_00012,Average Guesser Target Recall,0.067
1483,codenames,NEW_Reflect_Agent,opponent_easy,episode_00012,Average Guesser Target F1,0.111
1484,codenames,NEW_Reflect_Agent,opponent_easy,episode_00012,Average Guesser Team Precision,0.0
1485,codenames,NEW_Reflect_Agent,opponent_easy,episode_00012,Average Guesser Team Recall,0.0
1486,codenames,NEW_Reflect_Agent,opponent_easy,episode_00012,Average Guesser Team F1,0
1487,codenames,NEW_Reflect_Agent,opponent_easy,episode_00012,Aborted,1
1488,codenames,NEW_Reflect_Agent,opponent_easy,episode_00012,Lose,0
1489,codenames,NEW_Reflect_Agent,opponent_easy,episode_00012,Success,0
1490,codenames,NEW_Reflect_Agent,opponent_easy,episode_00012,Game ended through assassin,0
1491,codenames,NEW_Reflect_Agent,opponent_easy,episode_00012,Episode Recall,0.0
1492,codenames,NEW_Reflect_Agent,opponent_easy,episode_00012,Episode Negative Recall,0.875
1493,codenames,NEW_Reflect_Agent,opponent_easy,episode_00012,Number of turns,3
1494,codenames,NEW_Reflect_Agent,opponent_easy,episode_00012,Efficiency,1
1495,codenames,NEW_Reflect_Agent,opponent_easy,episode_00012,Request Count,5
1496,codenames,NEW_Reflect_Agent,opponent_easy,episode_00012,Parsed Request Count,4
1497,codenames,NEW_Reflect_Agent,opponent_easy,episode_00012,Violated Request Count,1
1498,codenames,NEW_Reflect_Agent,opponent_easy,episode_00012,Request Success Ratio,0.8
1499,codenames,NEW_Reflect_Agent,opponent_easy,episode_00012,Main Score,
1500,codenames,NEW_Reflect_Agent,opponent_none,episode_00009,experiment variable,Opponent Difficulty
1501,codenames,NEW_Reflect_Agent,opponent_none,episode_00009,experiment name,opponent_none
1502,codenames,NEW_Reflect_Agent,opponent_none,episode_00009,Cluegiver strip words,1
1503,codenames,NEW_Reflect_Agent,opponent_none,episode_00009,Guesser strip words,0
1504,codenames,NEW_Reflect_Agent,opponent_none,episode_00009,Average Cluegiver Number of Targets,8
1505,codenames,NEW_Reflect_Agent,opponent_none,episode_00009,Average Cluegiver Team Precision,1.0
1506,codenames,NEW_Reflect_Agent,opponent_none,episode_00009,Average Cluegiver Team Recall,0.889
1507,codenames,NEW_Reflect_Agent,opponent_none,episode_00009,Average Cluegiver Team F1,0.941
1508,codenames,NEW_Reflect_Agent,opponent_none,episode_00009,Average Guesser Number of Guesses,0
1509,codenames,NEW_Reflect_Agent,opponent_none,episode_00009,Average Guesser Number of Revealed Words,0
1510,codenames,NEW_Reflect_Agent,opponent_none,episode_00009,Average Guesser Number of Unrevealed Guesses,0
1511,codenames,NEW_Reflect_Agent,opponent_none,episode_00009,Average Guesser Target Precision,0
1512,codenames,NEW_Reflect_Agent,opponent_none,episode_00009,Average Guesser Target Recall,0.0
1513,codenames,NEW_Reflect_Agent,opponent_none,episode_00009,Average Guesser Target F1,0
1514,codenames,NEW_Reflect_Agent,opponent_none,episode_00009,Average Guesser Team Precision,0
1515,codenames,NEW_Reflect_Agent,opponent_none,episode_00009,Average Guesser Team Recall,0.0
1516,codenames,NEW_Reflect_Agent,opponent_none,episode_00009,Average Guesser Team F1,0
1517,codenames,NEW_Reflect_Agent,opponent_none,episode_00009,Aborted,1
1518,codenames,NEW_Reflect_Agent,opponent_none,episode_00009,Lose,0
1519,codenames,NEW_Reflect_Agent,opponent_none,episode_00009,Success,0
1520,codenames,NEW_Reflect_Agent,opponent_none,episode_00009,Game ended through assassin,0
1521,codenames,NEW_Reflect_Agent,opponent_none,episode_00009,Episode Recall,0.0
1522,codenames,NEW_Reflect_Agent,opponent_none,episode_00009,Episode Negative Recall,1.0
1523,codenames,NEW_Reflect_Agent,opponent_none,episode_00009,Number of turns,2
1524,codenames,NEW_Reflect_Agent,opponent_none,episode_00009,Efficiency,0.0
1525,codenames,NEW_Reflect_Agent,opponent_none,episode_00009,Request Count,2
1526,codenames,NEW_Reflect_Agent,opponent_none,episode_00009,Parsed Request Count,1
1527,codenames,NEW_Reflect_Agent,opponent_none,episode_00009,Violated Request Count,1
1528,codenames,NEW_Reflect_Agent,opponent_none,episode_00009,Request Success Ratio,0.5
1529,codenames,NEW_Reflect_Agent,opponent_none,episode_00009,Main Score,
1530,codenames,NEW_Reflect_Agent,opponent_none,episode_00010,experiment variable,Opponent Difficulty
1531,codenames,NEW_Reflect_Agent,opponent_none,episode_00010,experiment name,opponent_none
1532,codenames,NEW_Reflect_Agent,opponent_none,episode_00010,Cluegiver strip words,1
1533,codenames,NEW_Reflect_Agent,opponent_none,episode_00010,Guesser strip words,0
1534,codenames,NEW_Reflect_Agent,opponent_none,episode_00010,Average Cluegiver Number of Targets,7
1535,codenames,NEW_Reflect_Agent,opponent_none,episode_00010,Average Cluegiver Team Precision,1.0
1536,codenames,NEW_Reflect_Agent,opponent_none,episode_00010,Average Cluegiver Team Recall,0.778
1537,codenames,NEW_Reflect_Agent,opponent_none,episode_00010,Average Cluegiver Team F1,0.875
1538,codenames,NEW_Reflect_Agent,opponent_none,episode_00010,Average Guesser Number of Guesses,0
1539,codenames,NEW_Reflect_Agent,opponent_none,episode_00010,Average Guesser Number of Revealed Words,0
1540,codenames,NEW_Reflect_Agent,opponent_none,episode_00010,Average Guesser Number of Unrevealed Guesses,0
1541,codenames,NEW_Reflect_Agent,opponent_none,episode_00010,Average Guesser Target Precision,0
1542,codenames,NEW_Reflect_Agent,opponent_none,episode_00010,Average Guesser Target Recall,0.0
1543,codenames,NEW_Reflect_Agent,opponent_none,episode_00010,Average Guesser Target F1,0
1544,codenames,NEW_Reflect_Agent,opponent_none,episode_00010,Average Guesser Team Precision,0
1545,codenames,NEW_Reflect_Agent,opponent_none,episode_00010,Average Guesser Team Recall,0.0
1546,codenames,NEW_Reflect_Agent,opponent_none,episode_00010,Average Guesser Team F1,0
1547,codenames,NEW_Reflect_Agent,opponent_none,episode_00010,Aborted,1
1548,codenames,NEW_Reflect_Agent,opponent_none,episode_00010,Lose,0
1549,codenames,NEW_Reflect_Agent,opponent_none,episode_00010,Success,0
1550,codenames,NEW_Reflect_Agent,opponent_none,episode_00010,Game ended through assassin,0
1551,codenames,NEW_Reflect_Agent,opponent_none,episode_00010,Episode Recall,0.0
1552,codenames,NEW_Reflect_Agent,opponent_none,episode_00010,Episode Negative Recall,1.0
1553,codenames,NEW_Reflect_Agent,opponent_none,episode_00010,Number of turns,2
1554,codenames,NEW_Reflect_Agent,opponent_none,episode_00010,Efficiency,0.0
1555,codenames,NEW_Reflect_Agent,opponent_none,episode_00010,Request Count,2
1556,codenames,NEW_Reflect_Agent,opponent_none,episode_00010,Parsed Request Count,1
1557,codenames,NEW_Reflect_Agent,opponent_none,episode_00010,Violated Request Count,1
1558,codenames,NEW_Reflect_Agent,opponent_none,episode_00010,Request Success Ratio,0.5
1559,codenames,NEW_Reflect_Agent,opponent_none,episode_00010,Main Score,
1560,codenames,NEW_Reflect_Agent,risk_high,episode_00003,experiment variable,Risk
1561,codenames,NEW_Reflect_Agent,risk_high,episode_00003,experiment name,risk_high
1562,codenames,NEW_Reflect_Agent,risk_high,episode_00003,Cluegiver strip words,2
1563,codenames,NEW_Reflect_Agent,risk_high,episode_00003,Guesser strip words,0
1564,codenames,NEW_Reflect_Agent,risk_high,episode_00003,Average Cluegiver Number of Targets,4.5
1565,codenames,NEW_Reflect_Agent,risk_high,episode_00003,Average Cluegiver Team Precision,0.5
1566,codenames,NEW_Reflect_Agent,risk_high,episode_00003,Average Cluegiver Team Recall,0.5
1567,codenames,NEW_Reflect_Agent,risk_high,episode_00003,Average Cluegiver Team F1,0.5
1568,codenames,NEW_Reflect_Agent,risk_high,episode_00003,Average Guesser Number of Guesses,4.5
1569,codenames,NEW_Reflect_Agent,risk_high,episode_00003,Average Guesser Number of Revealed Words,1
1570,codenames,NEW_Reflect_Agent,risk_high,episode_00003,Average Guesser Number of Unrevealed Guesses,3.5
1571,codenames,NEW_Reflect_Agent,risk_high,episode_00003,Average Guesser Target Precision,0.25
1572,codenames,NEW_Reflect_Agent,risk_high,episode_00003,Average Guesser Target Recall,0.056
1573,codenames,NEW_Reflect_Agent,risk_high,episode_00003,Average Guesser Target F1,0.091
1574,codenames,NEW_Reflect_Agent,risk_high,episode_00003,Average Guesser Team Precision,0.25
1575,codenames,NEW_Reflect_Agent,risk_high,episode_00003,Average Guesser Team Recall,0.056
1576,codenames,NEW_Reflect_Agent,risk_high,episode_00003,Average Guesser Team F1,0.091
1577,codenames,NEW_Reflect_Agent,risk_high,episode_00003,Aborted,1
1578,codenames,NEW_Reflect_Agent,risk_high,episode_00003,Lose,0
1579,codenames,NEW_Reflect_Agent,risk_high,episode_00003,Success,0
1580,codenames,NEW_Reflect_Agent,risk_high,episode_00003,Game ended through assassin,0
1581,codenames,NEW_Reflect_Agent,risk_high,episode_00003,Episode Recall,0.111
1582,codenames,NEW_Reflect_Agent,risk_high,episode_00003,Episode Negative Recall,0.938
1583,codenames,NEW_Reflect_Agent,risk_high,episode_00003,Number of turns,2
1584,codenames,NEW_Reflect_Agent,risk_high,episode_00003,Efficiency,1
1585,codenames,NEW_Reflect_Agent,risk_high,episode_00003,Request Count,3
1586,codenames,NEW_Reflect_Agent,risk_high,episode_00003,Parsed Request Count,2
1587,codenames,NEW_Reflect_Agent,risk_high,episode_00003,Violated Request Count,1
1588,codenames,NEW_Reflect_Agent,risk_high,episode_00003,Request Success Ratio,0.667
1589,codenames,NEW_Reflect_Agent,risk_high,episode_00003,Main Score,
1590,codenames,NEW_Reflect_Agent,risk_high,episode_00004,experiment variable,Risk
1591,codenames,NEW_Reflect_Agent,risk_high,episode_00004,experiment name,risk_high
1592,codenames,NEW_Reflect_Agent,risk_high,episode_00004,Cluegiver strip words,1
1593,codenames,NEW_Reflect_Agent,risk_high,episode_00004,Guesser strip words,0
1594,codenames,NEW_Reflect_Agent,risk_high,episode_00004,Average Cluegiver Number of Targets,4
1595,codenames,NEW_Reflect_Agent,risk_high,episode_00004,Average Cluegiver Team Precision,1.0
1596,codenames,NEW_Reflect_Agent,risk_high,episode_00004,Average Cluegiver Team Recall,0.444
1597,codenames,NEW_Reflect_Agent,risk_high,episode_00004,Average Cluegiver Team F1,0.615
1598,codenames,NEW_Reflect_Agent,risk_high,episode_00004,Average Guesser Number of Guesses,0
1599,codenames,NEW_Reflect_Agent,risk_high,episode_00004,Average Guesser Number of Revealed Words,0
1600,codenames,NEW_Reflect_Agent,risk_high,episode_00004,Average Guesser Number of Unrevealed Guesses,0
1601,codenames,NEW_Reflect_Agent,risk_high,episode_00004,Average Guesser Target Precision,0
1602,codenames,NEW_Reflect_Agent,risk_high,episode_00004,Average Guesser Target Recall,0.0
1603,codenames,NEW_Reflect_Agent,risk_high,episode_00004,Average Guesser Target F1,0
1604,codenames,NEW_Reflect_Agent,risk_high,episode_00004,Average Guesser Team Precision,0
1605,codenames,NEW_Reflect_Agent,risk_high,episode_00004,Average Guesser Team Recall,0.0
1606,codenames,NEW_Reflect_Agent,risk_high,episode_00004,Average Guesser Team F1,0
1607,codenames,NEW_Reflect_Agent,risk_high,episode_00004,Aborted,1
1608,codenames,NEW_Reflect_Agent,risk_high,episode_00004,Lose,0
1609,codenames,NEW_Reflect_Agent,risk_high,episode_00004,Success,0
1610,codenames,NEW_Reflect_Agent,risk_high,episode_00004,Game ended through assassin,0
1611,codenames,NEW_Reflect_Agent,risk_high,episode_00004,Episode Recall,0.0
1612,codenames,NEW_Reflect_Agent,risk_high,episode_00004,Episode Negative Recall,1.0
1613,codenames,NEW_Reflect_Agent,risk_high,episode_00004,Number of turns,2
1614,codenames,NEW_Reflect_Agent,risk_high,episode_00004,Efficiency,0.0
1615,codenames,NEW_Reflect_Agent,risk_high,episode_00004,Request Count,2
1616,codenames,NEW_Reflect_Agent,risk_high,episode_00004,Parsed Request Count,1
1617,codenames,NEW_Reflect_Agent,risk_high,episode_00004,Violated Request Count,1
1618,codenames,NEW_Reflect_Agent,risk_high,episode_00004,Request Success Ratio,0.5
1619,codenames,NEW_Reflect_Agent,risk_high,episode_00004,Main Score,
1620,codenames,NEW_Reflect_Agent,risk_low,episode_00001,experiment variable,Risk
1621,codenames,NEW_Reflect_Agent,risk_low,episode_00001,experiment name,risk_low
1622,codenames,NEW_Reflect_Agent,risk_low,episode_00001,Cluegiver strip words,6
1623,codenames,NEW_Reflect_Agent,risk_low,episode_00001,Guesser strip words,0
1624,codenames,NEW_Reflect_Agent,risk_low,episode_00001,Average Cluegiver Number of Targets,2.833
1625,codenames,NEW_Reflect_Agent,risk_low,episode_00001,Average Cluegiver Team Precision,1.0
1626,codenames,NEW_Reflect_Agent,risk_low,episode_00001,Average Cluegiver Team Recall,0.77
1627,codenames,NEW_Reflect_Agent,risk_low,episode_00001,Average Cluegiver Team F1,0.848
1628,codenames,NEW_Reflect_Agent,risk_low,episode_00001,Average Guesser Number of Guesses,2.833
1629,codenames,NEW_Reflect_Agent,risk_low,episode_00001,Average Guesser Number of Revealed Words,2.167
1630,codenames,NEW_Reflect_Agent,risk_low,episode_00001,Average Guesser Number of Unrevealed Guesses,0.667
1631,codenames,NEW_Reflect_Agent,risk_low,episode_00001,Average Guesser Target Precision,0.708
1632,codenames,NEW_Reflect_Agent,risk_low,episode_00001,Average Guesser Target Recall,0.614
1633,codenames,NEW_Reflect_Agent,risk_low,episode_00001,Average Guesser Target F1,0.65
1634,codenames,NEW_Reflect_Agent,risk_low,episode_00001,Average Guesser Team Precision,0.708
1635,codenames,NEW_Reflect_Agent,risk_low,episode_00001,Average Guesser Team Recall,0.456
1636,codenames,NEW_Reflect_Agent,risk_low,episode_00001,Average Guesser Team F1,0.53
1637,codenames,NEW_Reflect_Agent,risk_low,episode_00001,Aborted,0
1638,codenames,NEW_Reflect_Agent,risk_low,episode_00001,Lose,0
1639,codenames,NEW_Reflect_Agent,risk_low,episode_00001,Success,1
1640,codenames,NEW_Reflect_Agent,risk_low,episode_00001,Game ended through assassin,0
1641,codenames,NEW_Reflect_Agent,risk_low,episode_00001,Episode Recall,1.0
1642,codenames,NEW_Reflect_Agent,risk_low,episode_00001,Episode Negative Recall,0.75
1643,codenames,NEW_Reflect_Agent,risk_low,episode_00001,Number of turns,7
1644,codenames,NEW_Reflect_Agent,risk_low,episode_00001,Efficiency,1
1645,codenames,NEW_Reflect_Agent,risk_low,episode_00001,Request Count,12
1646,codenames,NEW_Reflect_Agent,risk_low,episode_00001,Parsed Request Count,12
1647,codenames,NEW_Reflect_Agent,risk_low,episode_00001,Violated Request Count,0
1648,codenames,NEW_Reflect_Agent,risk_low,episode_00001,Request Success Ratio,1.0
1649,codenames,NEW_Reflect_Agent,risk_low,episode_00001,Main Score,100
1650,codenames,NEW_Reflect_Agent,risk_low,episode_00002,experiment variable,Risk
1651,codenames,NEW_Reflect_Agent,risk_low,episode_00002,experiment name,risk_low
1652,codenames,NEW_Reflect_Agent,risk_low,episode_00002,Cluegiver strip words,2
1653,codenames,NEW_Reflect_Agent,risk_low,episode_00002,Guesser strip words,0
1654,codenames,NEW_Reflect_Agent,risk_low,episode_00002,Average Cluegiver Number of Targets,5
1655,codenames,NEW_Reflect_Agent,risk_low,episode_00002,Average Cluegiver Team Precision,1.0
1656,codenames,NEW_Reflect_Agent,risk_low,episode_00002,Average Cluegiver Team Recall,0.591
1657,codenames,NEW_Reflect_Agent,risk_low,episode_00002,Average Cluegiver Team F1,0.742
1658,codenames,NEW_Reflect_Agent,risk_low,episode_00002,Average Guesser Number of Guesses,2.5
1659,codenames,NEW_Reflect_Agent,risk_low,episode_00002,Average Guesser Number of Revealed Words,1
1660,codenames,NEW_Reflect_Agent,risk_low,episode_00002,Average Guesser Number of Unrevealed Guesses,1.5
1661,codenames,NEW_Reflect_Agent,risk_low,episode_00002,Average Guesser Target Precision,0.25
1662,codenames,NEW_Reflect_Agent,risk_low,episode_00002,Average Guesser Target Recall,0.1
1663,codenames,NEW_Reflect_Agent,risk_low,episode_00002,Average Guesser Target F1,0.143
1664,codenames,NEW_Reflect_Agent,risk_low,episode_00002,Average Guesser Team Precision,0.25
1665,codenames,NEW_Reflect_Agent,risk_low,episode_00002,Average Guesser Team Recall,0.056
1666,codenames,NEW_Reflect_Agent,risk_low,episode_00002,Average Guesser Team F1,0.091
1667,codenames,NEW_Reflect_Agent,risk_low,episode_00002,Aborted,1
1668,codenames,NEW_Reflect_Agent,risk_low,episode_00002,Lose,0
1669,codenames,NEW_Reflect_Agent,risk_low,episode_00002,Success,0
1670,codenames,NEW_Reflect_Agent,risk_low,episode_00002,Game ended through assassin,0
1671,codenames,NEW_Reflect_Agent,risk_low,episode_00002,Episode Recall,0.111
1672,codenames,NEW_Reflect_Agent,risk_low,episode_00002,Episode Negative Recall,0.938
1673,codenames,NEW_Reflect_Agent,risk_low,episode_00002,Number of turns,3
1674,codenames,NEW_Reflect_Agent,risk_low,episode_00002,Efficiency,0.833
1675,codenames,NEW_Reflect_Agent,risk_low,episode_00002,Request Count,4
1676,codenames,NEW_Reflect_Agent,risk_low,episode_00002,Parsed Request Count,3
1677,codenames,NEW_Reflect_Agent,risk_low,episode_00002,Violated Request Count,1
1678,codenames,NEW_Reflect_Agent,risk_low,episode_00002,Request Success Ratio,0.75
1679,codenames,NEW_Reflect_Agent,risk_low,episode_00002,Main Score,
1680,codenames,NEW_Reflect_Agent,unambiguous,episode_00019,experiment variable,Word Ambiguity
1681,codenames,NEW_Reflect_Agent,unambiguous,episode_00019,experiment name,unambiguous
1682,codenames,NEW_Reflect_Agent,unambiguous,episode_00019,Cluegiver strip words,3
1683,codenames,NEW_Reflect_Agent,unambiguous,episode_00019,Guesser strip words,0
1684,codenames,NEW_Reflect_Agent,unambiguous,episode_00019,Average Cluegiver Number of Targets,4
1685,codenames,NEW_Reflect_Agent,unambiguous,episode_00019,Average Cluegiver Team Precision,1.0
1686,codenames,NEW_Reflect_Agent,unambiguous,episode_00019,Average Cluegiver Team Recall,0.963
1687,codenames,NEW_Reflect_Agent,unambiguous,episode_00019,Average Cluegiver Team F1,0.98
1688,codenames,NEW_Reflect_Agent,unambiguous,episode_00019,Average Guesser Number of Guesses,4
1689,codenames,NEW_Reflect_Agent,unambiguous,episode_00019,Average Guesser Number of Revealed Words,3.667
1690,codenames,NEW_Reflect_Agent,unambiguous,episode_00019,Average Guesser Number of Unrevealed Guesses,0.333
1691,codenames,NEW_Reflect_Agent,unambiguous,episode_00019,Average Guesser Target Precision,0.841
1692,codenames,NEW_Reflect_Agent,unambiguous,episode_00019,Average Guesser Target Recall,0.806
1693,codenames,NEW_Reflect_Agent,unambiguous,episode_00019,Average Guesser Target F1,0.822
1694,codenames,NEW_Reflect_Agent,unambiguous,episode_00019,Average Guesser Team Precision,0.841
1695,codenames,NEW_Reflect_Agent,unambiguous,episode_00019,Average Guesser Team Recall,0.778
1696,codenames,NEW_Reflect_Agent,unambiguous,episode_00019,Average Guesser Team F1,0.806
1697,codenames,NEW_Reflect_Agent,unambiguous,episode_00019,Aborted,0
1698,codenames,NEW_Reflect_Agent,unambiguous,episode_00019,Lose,0
1699,codenames,NEW_Reflect_Agent,unambiguous,episode_00019,Success,1
1700,codenames,NEW_Reflect_Agent,unambiguous,episode_00019,Game ended through assassin,0
1701,codenames,NEW_Reflect_Agent,unambiguous,episode_00019,Episode Recall,1.0
1702,codenames,NEW_Reflect_Agent,unambiguous,episode_00019,Episode Negative Recall,0.875
1703,codenames,NEW_Reflect_Agent,unambiguous,episode_00019,Number of turns,4
1704,codenames,NEW_Reflect_Agent,unambiguous,episode_00019,Efficiency,1
1705,codenames,NEW_Reflect_Agent,unambiguous,episode_00019,Request Count,6
1706,codenames,NEW_Reflect_Agent,unambiguous,episode_00019,Parsed Request Count,6
1707,codenames,NEW_Reflect_Agent,unambiguous,episode_00019,Violated Request Count,0
1708,codenames,NEW_Reflect_Agent,unambiguous,episode_00019,Request Success Ratio,1.0
1709,codenames,NEW_Reflect_Agent,unambiguous,episode_00019,Main Score,100
1710,codenames,NEW_Reflect_Agent,unambiguous,episode_00020,experiment variable,Word Ambiguity
1711,codenames,NEW_Reflect_Agent,unambiguous,episode_00020,experiment name,unambiguous
1712,codenames,NEW_Reflect_Agent,unambiguous,episode_00020,Cluegiver strip words,2
1713,codenames,NEW_Reflect_Agent,unambiguous,episode_00020,Guesser strip words,0
1714,codenames,NEW_Reflect_Agent,unambiguous,episode_00020,Average Cluegiver Number of Targets,4.5
1715,codenames,NEW_Reflect_Agent,unambiguous,episode_00020,Average Cluegiver Team Precision,1.0
1716,codenames,NEW_Reflect_Agent,unambiguous,episode_00020,Average Cluegiver Team Recall,0.638
1717,codenames,NEW_Reflect_Agent,unambiguous,episode_00020,Average Cluegiver Team F1,0.762
1718,codenames,NEW_Reflect_Agent,unambiguous,episode_00020,Average Guesser Number of Guesses,4.5
1719,codenames,NEW_Reflect_Agent,unambiguous,episode_00020,Average Guesser Number of Revealed Words,2.5
1720,codenames,NEW_Reflect_Agent,unambiguous,episode_00020,Average Guesser Number of Unrevealed Guesses,2
1721,codenames,NEW_Reflect_Agent,unambiguous,episode_00020,Average Guesser Target Precision,0.375
1722,codenames,NEW_Reflect_Agent,unambiguous,episode_00020,Average Guesser Target Recall,0.375
1723,codenames,NEW_Reflect_Agent,unambiguous,episode_00020,Average Guesser Target F1,0.375
1724,codenames,NEW_Reflect_Agent,unambiguous,episode_00020,Average Guesser Team Precision,0.375
1725,codenames,NEW_Reflect_Agent,unambiguous,episode_00020,Average Guesser Team Recall,0.167
1726,codenames,NEW_Reflect_Agent,unambiguous,episode_00020,Average Guesser Team F1,0.231
1727,codenames,NEW_Reflect_Agent,unambiguous,episode_00020,Aborted,0
1728,codenames,NEW_Reflect_Agent,unambiguous,episode_00020,Lose,1
1729,codenames,NEW_Reflect_Agent,unambiguous,episode_00020,Success,0
1730,codenames,NEW_Reflect_Agent,unambiguous,episode_00020,Game ended through assassin,1
1731,codenames,NEW_Reflect_Agent,unambiguous,episode_00020,Episode Recall,0.333
1732,codenames,NEW_Reflect_Agent,unambiguous,episode_00020,Episode Negative Recall,0.875
1733,codenames,NEW_Reflect_Agent,unambiguous,episode_00020,Number of turns,3
1734,codenames,NEW_Reflect_Agent,unambiguous,episode_00020,Efficiency,1
1735,codenames,NEW_Reflect_Agent,unambiguous,episode_00020,Request Count,4
1736,codenames,NEW_Reflect_Agent,unambiguous,episode_00020,Parsed Request Count,4
1737,codenames,NEW_Reflect_Agent,unambiguous,episode_00020,Violated Request Count,0
1738,codenames,NEW_Reflect_Agent,unambiguous,episode_00020,Request Success Ratio,1.0
1739,codenames,NEW_Reflect_Agent,unambiguous,episode_00020,Main Score,0
1740,guesswhat,NEW_Reflect_Agent,Abs_Level_1,episode_00013,Violated Request Count,1
1741,guesswhat,NEW_Reflect_Agent,Abs_Level_1,episode_00013,Parsed Request Count,2
1742,guesswhat,NEW_Reflect_Agent,Abs_Level_1,episode_00013,Request Count,3
1743,guesswhat,NEW_Reflect_Agent,Abs_Level_1,episode_00013,Request Success Ratio,0.6666666666666666
1744,guesswhat,NEW_Reflect_Agent,Abs_Level_1,episode_00013,Aborted,1
1745,guesswhat,NEW_Reflect_Agent,Abs_Level_1,episode_00013,Main Score,
1746,guesswhat,NEW_Reflect_Agent,Abs_Level_1,episode_00013,Invalid format guesser response,0
1747,guesswhat,NEW_Reflect_Agent,Abs_Level_1,episode_00013,Invalid format answerer response,1
1748,guesswhat,NEW_Reflect_Agent,Abs_Level_1,episode_00013,Invalid content guesser response,0
1749,guesswhat,NEW_Reflect_Agent,Abs_Level_1,episode_00013,Invalid content answerer response,0
1750,guesswhat,NEW_Reflect_Agent,Abs_Level_1,episode_00014,Violated Request Count,1
1751,guesswhat,NEW_Reflect_Agent,Abs_Level_1,episode_00014,Parsed Request Count,1
1752,guesswhat,NEW_Reflect_Agent,Abs_Level_1,episode_00014,Request Count,2
1753,guesswhat,NEW_Reflect_Agent,Abs_Level_1,episode_00014,Request Success Ratio,0.5
1754,guesswhat,NEW_Reflect_Agent,Abs_Level_1,episode_00014,Aborted,1
1755,guesswhat,NEW_Reflect_Agent,Abs_Level_1,episode_00014,Main Score,
1756,guesswhat,NEW_Reflect_Agent,Abs_Level_1,episode_00014,Invalid format guesser response,0
1757,guesswhat,NEW_Reflect_Agent,Abs_Level_1,episode_00014,Invalid format answerer response,1
1758,guesswhat,NEW_Reflect_Agent,Abs_Level_1,episode_00014,Invalid content guesser response,0
1759,guesswhat,NEW_Reflect_Agent,Abs_Level_1,episode_00014,Invalid content answerer response,0
1760,guesswhat,NEW_Reflect_Agent,Abs_Level_1,episode_00015,Violated Request Count,1
1761,guesswhat,NEW_Reflect_Agent,Abs_Level_1,episode_00015,Parsed Request Count,1
1762,guesswhat,NEW_Reflect_Agent,Abs_Level_1,episode_00015,Request Count,2
1763,guesswhat,NEW_Reflect_Agent,Abs_Level_1,episode_00015,Request Success Ratio,0.5
1764,guesswhat,NEW_Reflect_Agent,Abs_Level_1,episode_00015,Aborted,1
1765,guesswhat,NEW_Reflect_Agent,Abs_Level_1,episode_00015,Main Score,
1766,guesswhat,NEW_Reflect_Agent,Abs_Level_1,episode_00015,Invalid format guesser response,0
1767,guesswhat,NEW_Reflect_Agent,Abs_Level_1,episode_00015,Invalid format answerer response,1
1768,guesswhat,NEW_Reflect_Agent,Abs_Level_1,episode_00015,Invalid content guesser response,0
1769,guesswhat,NEW_Reflect_Agent,Abs_Level_1,episode_00015,Invalid content answerer response,0
1770,guesswhat,NEW_Reflect_Agent,Abs_Level_1,episode_00016,Violated Request Count,1
1771,guesswhat,NEW_Reflect_Agent,Abs_Level_1,episode_00016,Parsed Request Count,4
1772,guesswhat,NEW_Reflect_Agent,Abs_Level_1,episode_00016,Request Count,5
1773,guesswhat,NEW_Reflect_Agent,Abs_Level_1,episode_00016,Request Success Ratio,0.8
1774,guesswhat,NEW_Reflect_Agent,Abs_Level_1,episode_00016,Aborted,1
1775,guesswhat,NEW_Reflect_Agent,Abs_Level_1,episode_00016,Main Score,
1776,guesswhat,NEW_Reflect_Agent,Abs_Level_1,episode_00016,Invalid format guesser response,0
1777,guesswhat,NEW_Reflect_Agent,Abs_Level_1,episode_00016,Invalid format answerer response,1
1778,guesswhat,NEW_Reflect_Agent,Abs_Level_1,episode_00016,Invalid content guesser response,0
1779,guesswhat,NEW_Reflect_Agent,Abs_Level_1,episode_00016,Invalid content answerer response,0
1780,guesswhat,NEW_Reflect_Agent,Abs_Level_2,episode_00017,Violated Request Count,1
1781,guesswhat,NEW_Reflect_Agent,Abs_Level_2,episode_00017,Parsed Request Count,1
1782,guesswhat,NEW_Reflect_Agent,Abs_Level_2,episode_00017,Request Count,2
1783,guesswhat,NEW_Reflect_Agent,Abs_Level_2,episode_00017,Request Success Ratio,0.5
1784,guesswhat,NEW_Reflect_Agent,Abs_Level_2,episode_00017,Aborted,1
1785,guesswhat,NEW_Reflect_Agent,Abs_Level_2,episode_00017,Main Score,
1786,guesswhat,NEW_Reflect_Agent,Abs_Level_2,episode_00017,Invalid format guesser response,0
1787,guesswhat,NEW_Reflect_Agent,Abs_Level_2,episode_00017,Invalid format answerer response,1
1788,guesswhat,NEW_Reflect_Agent,Abs_Level_2,episode_00017,Invalid content guesser response,0
1789,guesswhat,NEW_Reflect_Agent,Abs_Level_2,episode_00017,Invalid content answerer response,0
1790,guesswhat,NEW_Reflect_Agent,Abs_Level_2,episode_00018,Violated Request Count,1
1791,guesswhat,NEW_Reflect_Agent,Abs_Level_2,episode_00018,Parsed Request Count,1
1792,guesswhat,NEW_Reflect_Agent,Abs_Level_2,episode_00018,Request Count,2
1793,guesswhat,NEW_Reflect_Agent,Abs_Level_2,episode_00018,Request Success Ratio,0.5
1794,guesswhat,NEW_Reflect_Agent,Abs_Level_2,episode_00018,Aborted,1
1795,guesswhat,NEW_Reflect_Agent,Abs_Level_2,episode_00018,Main Score,
1796,guesswhat,NEW_Reflect_Agent,Abs_Level_2,episode_00018,Invalid format guesser response,0
1797,guesswhat,NEW_Reflect_Agent,Abs_Level_2,episode_00018,Invalid format answerer response,1
1798,guesswhat,NEW_Reflect_Agent,Abs_Level_2,episode_00018,Invalid content guesser response,0
1799,guesswhat,NEW_Reflect_Agent,Abs_Level_2,episode_00018,Invalid content answerer response,0
1800,guesswhat,NEW_Reflect_Agent,Abs_Level_2,episode_00019,Violated Request Count,1
1801,guesswhat,NEW_Reflect_Agent,Abs_Level_2,episode_00019,Parsed Request Count,1
1802,guesswhat,NEW_Reflect_Agent,Abs_Level_2,episode_00019,Request Count,2
1803,guesswhat,NEW_Reflect_Agent,Abs_Level_2,episode_00019,Request Success Ratio,0.5
1804,guesswhat,NEW_Reflect_Agent,Abs_Level_2,episode_00019,Aborted,1
1805,guesswhat,NEW_Reflect_Agent,Abs_Level_2,episode_00019,Main Score,
1806,guesswhat,NEW_Reflect_Agent,Abs_Level_2,episode_00019,Invalid format guesser response,0
1807,guesswhat,NEW_Reflect_Agent,Abs_Level_2,episode_00019,Invalid format answerer response,1
1808,guesswhat,NEW_Reflect_Agent,Abs_Level_2,episode_00019,Invalid content guesser response,0
1809,guesswhat,NEW_Reflect_Agent,Abs_Level_2,episode_00019,Invalid content answerer response,0
1810,guesswhat,NEW_Reflect_Agent,Abs_Level_2,episode_00020,Violated Request Count,1
1811,guesswhat,NEW_Reflect_Agent,Abs_Level_2,episode_00020,Parsed Request Count,1
1812,guesswhat,NEW_Reflect_Agent,Abs_Level_2,episode_00020,Request Count,2
1813,guesswhat,NEW_Reflect_Agent,Abs_Level_2,episode_00020,Request Success Ratio,0.5
1814,guesswhat,NEW_Reflect_Agent,Abs_Level_2,episode_00020,Aborted,1
1815,guesswhat,NEW_Reflect_Agent,Abs_Level_2,episode_00020,Main Score,
1816,guesswhat,NEW_Reflect_Agent,Abs_Level_2,episode_00020,Invalid format guesser response,0
1817,guesswhat,NEW_Reflect_Agent,Abs_Level_2,episode_00020,Invalid format answerer response,1
1818,guesswhat,NEW_Reflect_Agent,Abs_Level_2,episode_00020,Invalid content guesser response,0
1819,guesswhat,NEW_Reflect_Agent,Abs_Level_2,episode_00020,Invalid content answerer response,0
1820,guesswhat,NEW_Reflect_Agent,Abs_Level_3,episode_00021,Violated Request Count,1
1821,guesswhat,NEW_Reflect_Agent,Abs_Level_3,episode_00021,Parsed Request Count,1
1822,guesswhat,NEW_Reflect_Agent,Abs_Level_3,episode_00021,Request Count,2
1823,guesswhat,NEW_Reflect_Agent,Abs_Level_3,episode_00021,Request Success Ratio,0.5
1824,guesswhat,NEW_Reflect_Agent,Abs_Level_3,episode_00021,Aborted,1
1825,guesswhat,NEW_Reflect_Agent,Abs_Level_3,episode_00021,Main Score,
1826,guesswhat,NEW_Reflect_Agent,Abs_Level_3,episode_00021,Invalid format guesser response,0
1827,guesswhat,NEW_Reflect_Agent,Abs_Level_3,episode_00021,Invalid format answerer response,1
1828,guesswhat,NEW_Reflect_Agent,Abs_Level_3,episode_00021,Invalid content guesser response,0
1829,guesswhat,NEW_Reflect_Agent,Abs_Level_3,episode_00021,Invalid content answerer response,0
1830,guesswhat,NEW_Reflect_Agent,Abs_Level_3,episode_00022,Violated Request Count,1
1831,guesswhat,NEW_Reflect_Agent,Abs_Level_3,episode_00022,Parsed Request Count,1
1832,guesswhat,NEW_Reflect_Agent,Abs_Level_3,episode_00022,Request Count,2
1833,guesswhat,NEW_Reflect_Agent,Abs_Level_3,episode_00022,Request Success Ratio,0.5
1834,guesswhat,NEW_Reflect_Agent,Abs_Level_3,episode_00022,Aborted,1
1835,guesswhat,NEW_Reflect_Agent,Abs_Level_3,episode_00022,Main Score,
1836,guesswhat,NEW_Reflect_Agent,Abs_Level_3,episode_00022,Invalid format guesser response,0
1837,guesswhat,NEW_Reflect_Agent,Abs_Level_3,episode_00022,Invalid format answerer response,1
1838,guesswhat,NEW_Reflect_Agent,Abs_Level_3,episode_00022,Invalid content guesser response,0
1839,guesswhat,NEW_Reflect_Agent,Abs_Level_3,episode_00022,Invalid content answerer response,0
1840,guesswhat,NEW_Reflect_Agent,Abs_Level_3,episode_00023,Violated Request Count,1
1841,guesswhat,NEW_Reflect_Agent,Abs_Level_3,episode_00023,Parsed Request Count,7
1842,guesswhat,NEW_Reflect_Agent,Abs_Level_3,episode_00023,Request Count,8
1843,guesswhat,NEW_Reflect_Agent,Abs_Level_3,episode_00023,Request Success Ratio,0.875
1844,guesswhat,NEW_Reflect_Agent,Abs_Level_3,episode_00023,Aborted,1
1845,guesswhat,NEW_Reflect_Agent,Abs_Level_3,episode_00023,Main Score,
1846,guesswhat,NEW_Reflect_Agent,Abs_Level_3,episode_00023,Invalid format guesser response,1
1847,guesswhat,NEW_Reflect_Agent,Abs_Level_3,episode_00023,Invalid format answerer response,0
1848,guesswhat,NEW_Reflect_Agent,Abs_Level_3,episode_00023,Invalid content guesser response,0
1849,guesswhat,NEW_Reflect_Agent,Abs_Level_3,episode_00023,Invalid content answerer response,0
1850,guesswhat,NEW_Reflect_Agent,Abs_Level_3,episode_00024,Violated Request Count,1
1851,guesswhat,NEW_Reflect_Agent,Abs_Level_3,episode_00024,Parsed Request Count,1
1852,guesswhat,NEW_Reflect_Agent,Abs_Level_3,episode_00024,Request Count,2
1853,guesswhat,NEW_Reflect_Agent,Abs_Level_3,episode_00024,Request Success Ratio,0.5
1854,guesswhat,NEW_Reflect_Agent,Abs_Level_3,episode_00024,Aborted,1
1855,guesswhat,NEW_Reflect_Agent,Abs_Level_3,episode_00024,Main Score,
1856,guesswhat,NEW_Reflect_Agent,Abs_Level_3,episode_00024,Invalid format guesser response,0
1857,guesswhat,NEW_Reflect_Agent,Abs_Level_3,episode_00024,Invalid format answerer response,1
1858,guesswhat,NEW_Reflect_Agent,Abs_Level_3,episode_00024,Invalid content guesser response,0
1859,guesswhat,NEW_Reflect_Agent,Abs_Level_3,episode_00024,Invalid content answerer response,0
1860,guesswhat,NEW_Reflect_Agent,Level_1,episode_00001,Violated Request Count,1
1861,guesswhat,NEW_Reflect_Agent,Level_1,episode_00001,Parsed Request Count,5
1862,guesswhat,NEW_Reflect_Agent,Level_1,episode_00001,Request Count,6
1863,guesswhat,NEW_Reflect_Agent,Level_1,episode_00001,Request Success Ratio,0.8333333333333334
1864,guesswhat,NEW_Reflect_Agent,Level_1,episode_00001,Aborted,1
1865,guesswhat,NEW_Reflect_Agent,Level_1,episode_00001,Main Score,
1866,guesswhat,NEW_Reflect_Agent,Level_1,episode_00001,Invalid format guesser response,1
1867,guesswhat,NEW_Reflect_Agent,Level_1,episode_00001,Invalid format answerer response,0
1868,guesswhat,NEW_Reflect_Agent,Level_1,episode_00001,Invalid content guesser response,0
1869,guesswhat,NEW_Reflect_Agent,Level_1,episode_00001,Invalid content answerer response,0
1870,guesswhat,NEW_Reflect_Agent,Level_1,episode_00002,Violated Request Count,1
1871,guesswhat,NEW_Reflect_Agent,Level_1,episode_00002,Parsed Request Count,6
1872,guesswhat,NEW_Reflect_Agent,Level_1,episode_00002,Request Count,7
1873,guesswhat,NEW_Reflect_Agent,Level_1,episode_00002,Request Success Ratio,0.8571428571428571
1874,guesswhat,NEW_Reflect_Agent,Level_1,episode_00002,Aborted,1
1875,guesswhat,NEW_Reflect_Agent,Level_1,episode_00002,Main Score,
1876,guesswhat,NEW_Reflect_Agent,Level_1,episode_00002,Invalid format guesser response,0
1877,guesswhat,NEW_Reflect_Agent,Level_1,episode_00002,Invalid format answerer response,1
1878,guesswhat,NEW_Reflect_Agent,Level_1,episode_00002,Invalid content guesser response,0
1879,guesswhat,NEW_Reflect_Agent,Level_1,episode_00002,Invalid content answerer response,0
1880,guesswhat,NEW_Reflect_Agent,Level_1,episode_00003,Violated Request Count,1
1881,guesswhat,NEW_Reflect_Agent,Level_1,episode_00003,Parsed Request Count,1
1882,guesswhat,NEW_Reflect_Agent,Level_1,episode_00003,Request Count,2
1883,guesswhat,NEW_Reflect_Agent,Level_1,episode_00003,Request Success Ratio,0.5
1884,guesswhat,NEW_Reflect_Agent,Level_1,episode_00003,Aborted,1
1885,guesswhat,NEW_Reflect_Agent,Level_1,episode_00003,Main Score,
1886,guesswhat,NEW_Reflect_Agent,Level_1,episode_00003,Invalid format guesser response,0
1887,guesswhat,NEW_Reflect_Agent,Level_1,episode_00003,Invalid format answerer response,1
1888,guesswhat,NEW_Reflect_Agent,Level_1,episode_00003,Invalid content guesser response,0
1889,guesswhat,NEW_Reflect_Agent,Level_1,episode_00003,Invalid content answerer response,0
1890,guesswhat,NEW_Reflect_Agent,Level_1,episode_00004,Violated Request Count,1
1891,guesswhat,NEW_Reflect_Agent,Level_1,episode_00004,Parsed Request Count,1
1892,guesswhat,NEW_Reflect_Agent,Level_1,episode_00004,Request Count,2
1893,guesswhat,NEW_Reflect_Agent,Level_1,episode_00004,Request Success Ratio,0.5
1894,guesswhat,NEW_Reflect_Agent,Level_1,episode_00004,Aborted,1
1895,guesswhat,NEW_Reflect_Agent,Level_1,episode_00004,Main Score,
1896,guesswhat,NEW_Reflect_Agent,Level_1,episode_00004,Invalid format guesser response,0
1897,guesswhat,NEW_Reflect_Agent,Level_1,episode_00004,Invalid format answerer response,1
1898,guesswhat,NEW_Reflect_Agent,Level_1,episode_00004,Invalid content guesser response,0
1899,guesswhat,NEW_Reflect_Agent,Level_1,episode_00004,Invalid content answerer response,0
1900,guesswhat,NEW_Reflect_Agent,Level_2,episode_00005,Violated Request Count,1
1901,guesswhat,NEW_Reflect_Agent,Level_2,episode_00005,Parsed Request Count,4
1902,guesswhat,NEW_Reflect_Agent,Level_2,episode_00005,Request Count,5
1903,guesswhat,NEW_Reflect_Agent,Level_2,episode_00005,Request Success Ratio,0.8
1904,guesswhat,NEW_Reflect_Agent,Level_2,episode_00005,Aborted,1
1905,guesswhat,NEW_Reflect_Agent,Level_2,episode_00005,Main Score,
1906,guesswhat,NEW_Reflect_Agent,Level_2,episode_00005,Invalid format guesser response,1
1907,guesswhat,NEW_Reflect_Agent,Level_2,episode_00005,Invalid format answerer response,0
1908,guesswhat,NEW_Reflect_Agent,Level_2,episode_00005,Invalid content guesser response,0
1909,guesswhat,NEW_Reflect_Agent,Level_2,episode_00005,Invalid content answerer response,0
1910,guesswhat,NEW_Reflect_Agent,Level_2,episode_00006,Violated Request Count,1
1911,guesswhat,NEW_Reflect_Agent,Level_2,episode_00006,Parsed Request Count,1
1912,guesswhat,NEW_Reflect_Agent,Level_2,episode_00006,Request Count,2
1913,guesswhat,NEW_Reflect_Agent,Level_2,episode_00006,Request Success Ratio,0.5
1914,guesswhat,NEW_Reflect_Agent,Level_2,episode_00006,Aborted,1
1915,guesswhat,NEW_Reflect_Agent,Level_2,episode_00006,Main Score,
1916,guesswhat,NEW_Reflect_Agent,Level_2,episode_00006,Invalid format guesser response,0
1917,guesswhat,NEW_Reflect_Agent,Level_2,episode_00006,Invalid format answerer response,1
1918,guesswhat,NEW_Reflect_Agent,Level_2,episode_00006,Invalid content guesser response,0
1919,guesswhat,NEW_Reflect_Agent,Level_2,episode_00006,Invalid content answerer response,0
1920,guesswhat,NEW_Reflect_Agent,Level_2,episode_00007,Violated Request Count,0
1921,guesswhat,NEW_Reflect_Agent,Level_2,episode_00007,Parsed Request Count,8
1922,guesswhat,NEW_Reflect_Agent,Level_2,episode_00007,Request Count,8
1923,guesswhat,NEW_Reflect_Agent,Level_2,episode_00007,Request Success Ratio,1.0
1924,guesswhat,NEW_Reflect_Agent,Level_2,episode_00007,Aborted,0
1925,guesswhat,NEW_Reflect_Agent,Level_2,episode_00007,Success,0
1926,guesswhat,NEW_Reflect_Agent,Level_2,episode_00007,Lose,1
1927,guesswhat,NEW_Reflect_Agent,Level_2,episode_00007,Main Score,0
1928,guesswhat,NEW_Reflect_Agent,Level_2,episode_00007,Invalid format guesser response,0
1929,guesswhat,NEW_Reflect_Agent,Level_2,episode_00007,Invalid format answerer response,0
1930,guesswhat,NEW_Reflect_Agent,Level_2,episode_00007,Invalid content guesser response,0
1931,guesswhat,NEW_Reflect_Agent,Level_2,episode_00007,Invalid content answerer response,0
1932,guesswhat,NEW_Reflect_Agent,Level_2,episode_00008,Violated Request Count,1
1933,guesswhat,NEW_Reflect_Agent,Level_2,episode_00008,Parsed Request Count,1
1934,guesswhat,NEW_Reflect_Agent,Level_2,episode_00008,Request Count,2
1935,guesswhat,NEW_Reflect_Agent,Level_2,episode_00008,Request Success Ratio,0.5
1936,guesswhat,NEW_Reflect_Agent,Level_2,episode_00008,Aborted,1
1937,guesswhat,NEW_Reflect_Agent,Level_2,episode_00008,Main Score,
1938,guesswhat,NEW_Reflect_Agent,Level_2,episode_00008,Invalid format guesser response,0
1939,guesswhat,NEW_Reflect_Agent,Level_2,episode_00008,Invalid format answerer response,1
1940,guesswhat,NEW_Reflect_Agent,Level_2,episode_00008,Invalid content guesser response,0
1941,guesswhat,NEW_Reflect_Agent,Level_2,episode_00008,Invalid content answerer response,0
1942,guesswhat,NEW_Reflect_Agent,Level_3,episode_00009,Violated Request Count,1
1943,guesswhat,NEW_Reflect_Agent,Level_3,episode_00009,Parsed Request Count,1
1944,guesswhat,NEW_Reflect_Agent,Level_3,episode_00009,Request Count,2
1945,guesswhat,NEW_Reflect_Agent,Level_3,episode_00009,Request Success Ratio,0.5
1946,guesswhat,NEW_Reflect_Agent,Level_3,episode_00009,Aborted,1
1947,guesswhat,NEW_Reflect_Agent,Level_3,episode_00009,Main Score,
1948,guesswhat,NEW_Reflect_Agent,Level_3,episode_00009,Invalid format guesser response,0
1949,guesswhat,NEW_Reflect_Agent,Level_3,episode_00009,Invalid format answerer response,1
1950,guesswhat,NEW_Reflect_Agent,Level_3,episode_00009,Invalid content guesser response,0
1951,guesswhat,NEW_Reflect_Agent,Level_3,episode_00009,Invalid content answerer response,0
1952,guesswhat,NEW_Reflect_Agent,Level_3,episode_00010,Violated Request Count,1
1953,guesswhat,NEW_Reflect_Agent,Level_3,episode_00010,Parsed Request Count,1
1954,guesswhat,NEW_Reflect_Agent,Level_3,episode_00010,Request Count,2
1955,guesswhat,NEW_Reflect_Agent,Level_3,episode_00010,Request Success Ratio,0.5
1956,guesswhat,NEW_Reflect_Agent,Level_3,episode_00010,Aborted,1
1957,guesswhat,NEW_Reflect_Agent,Level_3,episode_00010,Main Score,
1958,guesswhat,NEW_Reflect_Agent,Level_3,episode_00010,Invalid format guesser response,0
1959,guesswhat,NEW_Reflect_Agent,Level_3,episode_00010,Invalid format answerer response,1
1960,guesswhat,NEW_Reflect_Agent,Level_3,episode_00010,Invalid content guesser response,0
1961,guesswhat,NEW_Reflect_Agent,Level_3,episode_00010,Invalid content answerer response,0
1962,guesswhat,NEW_Reflect_Agent,Level_3,episode_00011,Violated Request Count,0
1963,guesswhat,NEW_Reflect_Agent,Level_3,episode_00011,Parsed Request Count,8
1964,guesswhat,NEW_Reflect_Agent,Level_3,episode_00011,Request Count,8
1965,guesswhat,NEW_Reflect_Agent,Level_3,episode_00011,Request Success Ratio,1.0
1966,guesswhat,NEW_Reflect_Agent,Level_3,episode_00011,Aborted,0
1967,guesswhat,NEW_Reflect_Agent,Level_3,episode_00011,Success,0
1968,guesswhat,NEW_Reflect_Agent,Level_3,episode_00011,Lose,1
1969,guesswhat,NEW_Reflect_Agent,Level_3,episode_00011,Main Score,0
1970,guesswhat,NEW_Reflect_Agent,Level_3,episode_00011,Invalid format guesser response,0
1971,guesswhat,NEW_Reflect_Agent,Level_3,episode_00011,Invalid format answerer response,0
1972,guesswhat,NEW_Reflect_Agent,Level_3,episode_00011,Invalid content guesser response,0
1973,guesswhat,NEW_Reflect_Agent,Level_3,episode_00011,Invalid content answerer response,0
1974,guesswhat,NEW_Reflect_Agent,Level_3,episode_00012,Violated Request Count,1
1975,guesswhat,NEW_Reflect_Agent,Level_3,episode_00012,Parsed Request Count,2
1976,guesswhat,NEW_Reflect_Agent,Level_3,episode_00012,Request Count,3
1977,guesswhat,NEW_Reflect_Agent,Level_3,episode_00012,Request Success Ratio,0.6666666666666666
1978,guesswhat,NEW_Reflect_Agent,Level_3,episode_00012,Aborted,1
1979,guesswhat,NEW_Reflect_Agent,Level_3,episode_00012,Main Score,
1980,guesswhat,NEW_Reflect_Agent,Level_3,episode_00012,Invalid format guesser response,0
1981,guesswhat,NEW_Reflect_Agent,Level_3,episode_00012,Invalid format answerer response,1
1982,guesswhat,NEW_Reflect_Agent,Level_3,episode_00012,Invalid content guesser response,0
1983,guesswhat,NEW_Reflect_Agent,Level_3,episode_00012,Invalid content answerer response,0
1984,imagegame,NEW_Reflect_Agent,compact_grids,episode_00001,Precision,
1985,imagegame,NEW_Reflect_Agent,compact_grids,episode_00001,Recall,
1986,imagegame,NEW_Reflect_Agent,compact_grids,episode_00001,F1,
1987,imagegame,NEW_Reflect_Agent,compact_grids,episode_00001,Main Score,
1988,imagegame,NEW_Reflect_Agent,compact_grids,episode_00001,Average Changed Cell Count,
1989,imagegame,NEW_Reflect_Agent,compact_grids,episode_00001,Average Generated Instruction Length,
1990,imagegame,NEW_Reflect_Agent,compact_grids,episode_00001,Average Generated Expression Number of Tokens,
1991,imagegame,NEW_Reflect_Agent,compact_grids,episode_00001,Success,0
1992,imagegame,NEW_Reflect_Agent,compact_grids,episode_00001,Lose,0
1993,imagegame,NEW_Reflect_Agent,compact_grids,episode_00001,Aborted,1
1994,imagegame,NEW_Reflect_Agent,compact_grids,episode_00001,Request Count,10
1995,imagegame,NEW_Reflect_Agent,compact_grids,episode_00001,Violated Request Count,1
1996,imagegame,NEW_Reflect_Agent,compact_grids,episode_00001,Parsed Request Count,9
1997,imagegame,NEW_Reflect_Agent,compact_grids,episode_00001,Request Success Ratio,0.9
1998,imagegame,NEW_Reflect_Agent,compact_grids,episode_00002,Precision,
1999,imagegame,NEW_Reflect_Agent,compact_grids,episode_00002,Recall,
2000,imagegame,NEW_Reflect_Agent,compact_grids,episode_00002,F1,
2001,imagegame,NEW_Reflect_Agent,compact_grids,episode_00002,Main Score,
2002,imagegame,NEW_Reflect_Agent,compact_grids,episode_00002,Average Changed Cell Count,
2003,imagegame,NEW_Reflect_Agent,compact_grids,episode_00002,Average Generated Instruction Length,
2004,imagegame,NEW_Reflect_Agent,compact_grids,episode_00002,Average Generated Expression Number of Tokens,
2005,imagegame,NEW_Reflect_Agent,compact_grids,episode_00002,Success,0
2006,imagegame,NEW_Reflect_Agent,compact_grids,episode_00002,Lose,0
2007,imagegame,NEW_Reflect_Agent,compact_grids,episode_00002,Aborted,1
2008,imagegame,NEW_Reflect_Agent,compact_grids,episode_00002,Request Count,5
2009,imagegame,NEW_Reflect_Agent,compact_grids,episode_00002,Violated Request Count,1
2010,imagegame,NEW_Reflect_Agent,compact_grids,episode_00002,Parsed Request Count,4
2011,imagegame,NEW_Reflect_Agent,compact_grids,episode_00002,Request Success Ratio,0.8
2012,imagegame,NEW_Reflect_Agent,compact_grids,episode_00003,Precision,
2013,imagegame,NEW_Reflect_Agent,compact_grids,episode_00003,Recall,
2014,imagegame,NEW_Reflect_Agent,compact_grids,episode_00003,F1,
2015,imagegame,NEW_Reflect_Agent,compact_grids,episode_00003,Main Score,
2016,imagegame,NEW_Reflect_Agent,compact_grids,episode_00003,Average Changed Cell Count,
2017,imagegame,NEW_Reflect_Agent,compact_grids,episode_00003,Average Generated Instruction Length,
2018,imagegame,NEW_Reflect_Agent,compact_grids,episode_00003,Average Generated Expression Number of Tokens,
2019,imagegame,NEW_Reflect_Agent,compact_grids,episode_00003,Success,0
2020,imagegame,NEW_Reflect_Agent,compact_grids,episode_00003,Lose,0
2021,imagegame,NEW_Reflect_Agent,compact_grids,episode_00003,Aborted,1
2022,imagegame,NEW_Reflect_Agent,compact_grids,episode_00003,Request Count,10
2023,imagegame,NEW_Reflect_Agent,compact_grids,episode_00003,Violated Request Count,1
2024,imagegame,NEW_Reflect_Agent,compact_grids,episode_00003,Parsed Request Count,9
2025,imagegame,NEW_Reflect_Agent,compact_grids,episode_00003,Request Success Ratio,0.9
2026,imagegame,NEW_Reflect_Agent,compact_grids,episode_00004,Precision,
2027,imagegame,NEW_Reflect_Agent,compact_grids,episode_00004,Recall,
2028,imagegame,NEW_Reflect_Agent,compact_grids,episode_00004,F1,
2029,imagegame,NEW_Reflect_Agent,compact_grids,episode_00004,Main Score,
2030,imagegame,NEW_Reflect_Agent,compact_grids,episode_00004,Average Changed Cell Count,
2031,imagegame,NEW_Reflect_Agent,compact_grids,episode_00004,Average Generated Instruction Length,
2032,imagegame,NEW_Reflect_Agent,compact_grids,episode_00004,Average Generated Expression Number of Tokens,
2033,imagegame,NEW_Reflect_Agent,compact_grids,episode_00004,Success,0
2034,imagegame,NEW_Reflect_Agent,compact_grids,episode_00004,Lose,0
2035,imagegame,NEW_Reflect_Agent,compact_grids,episode_00004,Aborted,1
2036,imagegame,NEW_Reflect_Agent,compact_grids,episode_00004,Request Count,18
2037,imagegame,NEW_Reflect_Agent,compact_grids,episode_00004,Violated Request Count,1
2038,imagegame,NEW_Reflect_Agent,compact_grids,episode_00004,Parsed Request Count,17
2039,imagegame,NEW_Reflect_Agent,compact_grids,episode_00004,Request Success Ratio,0.9444
2040,imagegame,NEW_Reflect_Agent,compact_grids,episode_00005,Precision,
2041,imagegame,NEW_Reflect_Agent,compact_grids,episode_00005,Recall,
2042,imagegame,NEW_Reflect_Agent,compact_grids,episode_00005,F1,
2043,imagegame,NEW_Reflect_Agent,compact_grids,episode_00005,Main Score,
2044,imagegame,NEW_Reflect_Agent,compact_grids,episode_00005,Average Changed Cell Count,
2045,imagegame,NEW_Reflect_Agent,compact_grids,episode_00005,Average Generated Instruction Length,
2046,imagegame,NEW_Reflect_Agent,compact_grids,episode_00005,Average Generated Expression Number of Tokens,
2047,imagegame,NEW_Reflect_Agent,compact_grids,episode_00005,Success,0
2048,imagegame,NEW_Reflect_Agent,compact_grids,episode_00005,Lose,0
2049,imagegame,NEW_Reflect_Agent,compact_grids,episode_00005,Aborted,1
2050,imagegame,NEW_Reflect_Agent,compact_grids,episode_00005,Request Count,5
2051,imagegame,NEW_Reflect_Agent,compact_grids,episode_00005,Violated Request Count,1
2052,imagegame,NEW_Reflect_Agent,compact_grids,episode_00005,Parsed Request Count,4
2053,imagegame,NEW_Reflect_Agent,compact_grids,episode_00005,Request Success Ratio,0.8
2054,imagegame,NEW_Reflect_Agent,compact_grids,episode_00006,Precision,
2055,imagegame,NEW_Reflect_Agent,compact_grids,episode_00006,Recall,
2056,imagegame,NEW_Reflect_Agent,compact_grids,episode_00006,F1,
2057,imagegame,NEW_Reflect_Agent,compact_grids,episode_00006,Main Score,
2058,imagegame,NEW_Reflect_Agent,compact_grids,episode_00006,Average Changed Cell Count,
2059,imagegame,NEW_Reflect_Agent,compact_grids,episode_00006,Average Generated Instruction Length,
2060,imagegame,NEW_Reflect_Agent,compact_grids,episode_00006,Average Generated Expression Number of Tokens,
2061,imagegame,NEW_Reflect_Agent,compact_grids,episode_00006,Success,0
2062,imagegame,NEW_Reflect_Agent,compact_grids,episode_00006,Lose,0
2063,imagegame,NEW_Reflect_Agent,compact_grids,episode_00006,Aborted,1
2064,imagegame,NEW_Reflect_Agent,compact_grids,episode_00006,Request Count,10
2065,imagegame,NEW_Reflect_Agent,compact_grids,episode_00006,Violated Request Count,1
2066,imagegame,NEW_Reflect_Agent,compact_grids,episode_00006,Parsed Request Count,9
2067,imagegame,NEW_Reflect_Agent,compact_grids,episode_00006,Request Success Ratio,0.9
2068,imagegame,NEW_Reflect_Agent,compact_grids,episode_00007,Precision,
2069,imagegame,NEW_Reflect_Agent,compact_grids,episode_00007,Recall,
2070,imagegame,NEW_Reflect_Agent,compact_grids,episode_00007,F1,
2071,imagegame,NEW_Reflect_Agent,compact_grids,episode_00007,Main Score,
2072,imagegame,NEW_Reflect_Agent,compact_grids,episode_00007,Average Changed Cell Count,
2073,imagegame,NEW_Reflect_Agent,compact_grids,episode_00007,Average Generated Instruction Length,
2074,imagegame,NEW_Reflect_Agent,compact_grids,episode_00007,Average Generated Expression Number of Tokens,
2075,imagegame,NEW_Reflect_Agent,compact_grids,episode_00007,Success,0
2076,imagegame,NEW_Reflect_Agent,compact_grids,episode_00007,Lose,0
2077,imagegame,NEW_Reflect_Agent,compact_grids,episode_00007,Aborted,1
2078,imagegame,NEW_Reflect_Agent,compact_grids,episode_00007,Request Count,5
2079,imagegame,NEW_Reflect_Agent,compact_grids,episode_00007,Violated Request Count,1
2080,imagegame,NEW_Reflect_Agent,compact_grids,episode_00007,Parsed Request Count,4
2081,imagegame,NEW_Reflect_Agent,compact_grids,episode_00007,Request Success Ratio,0.8
2082,imagegame,NEW_Reflect_Agent,compact_grids,episode_00008,Precision,
2083,imagegame,NEW_Reflect_Agent,compact_grids,episode_00008,Recall,
2084,imagegame,NEW_Reflect_Agent,compact_grids,episode_00008,F1,
2085,imagegame,NEW_Reflect_Agent,compact_grids,episode_00008,Main Score,
2086,imagegame,NEW_Reflect_Agent,compact_grids,episode_00008,Average Changed Cell Count,
2087,imagegame,NEW_Reflect_Agent,compact_grids,episode_00008,Average Generated Instruction Length,
2088,imagegame,NEW_Reflect_Agent,compact_grids,episode_00008,Average Generated Expression Number of Tokens,
2089,imagegame,NEW_Reflect_Agent,compact_grids,episode_00008,Success,0
2090,imagegame,NEW_Reflect_Agent,compact_grids,episode_00008,Lose,0
2091,imagegame,NEW_Reflect_Agent,compact_grids,episode_00008,Aborted,1
2092,imagegame,NEW_Reflect_Agent,compact_grids,episode_00008,Request Count,5
2093,imagegame,NEW_Reflect_Agent,compact_grids,episode_00008,Violated Request Count,1
2094,imagegame,NEW_Reflect_Agent,compact_grids,episode_00008,Parsed Request Count,4
2095,imagegame,NEW_Reflect_Agent,compact_grids,episode_00008,Request Success Ratio,0.8
2096,imagegame,NEW_Reflect_Agent,compact_grids,episode_00009,Precision,
2097,imagegame,NEW_Reflect_Agent,compact_grids,episode_00009,Recall,
2098,imagegame,NEW_Reflect_Agent,compact_grids,episode_00009,F1,
2099,imagegame,NEW_Reflect_Agent,compact_grids,episode_00009,Main Score,
2100,imagegame,NEW_Reflect_Agent,compact_grids,episode_00009,Average Changed Cell Count,
2101,imagegame,NEW_Reflect_Agent,compact_grids,episode_00009,Average Generated Instruction Length,
2102,imagegame,NEW_Reflect_Agent,compact_grids,episode_00009,Average Generated Expression Number of Tokens,
2103,imagegame,NEW_Reflect_Agent,compact_grids,episode_00009,Success,0
2104,imagegame,NEW_Reflect_Agent,compact_grids,episode_00009,Lose,0
2105,imagegame,NEW_Reflect_Agent,compact_grids,episode_00009,Aborted,1
2106,imagegame,NEW_Reflect_Agent,compact_grids,episode_00009,Request Count,10
2107,imagegame,NEW_Reflect_Agent,compact_grids,episode_00009,Violated Request Count,1
2108,imagegame,NEW_Reflect_Agent,compact_grids,episode_00009,Parsed Request Count,9
2109,imagegame,NEW_Reflect_Agent,compact_grids,episode_00009,Request Success Ratio,0.9
2110,imagegame,NEW_Reflect_Agent,compact_grids,episode_00010,Precision,
2111,imagegame,NEW_Reflect_Agent,compact_grids,episode_00010,Recall,
2112,imagegame,NEW_Reflect_Agent,compact_grids,episode_00010,F1,
2113,imagegame,NEW_Reflect_Agent,compact_grids,episode_00010,Main Score,
2114,imagegame,NEW_Reflect_Agent,compact_grids,episode_00010,Average Changed Cell Count,
2115,imagegame,NEW_Reflect_Agent,compact_grids,episode_00010,Average Generated Instruction Length,
2116,imagegame,NEW_Reflect_Agent,compact_grids,episode_00010,Average Generated Expression Number of Tokens,
2117,imagegame,NEW_Reflect_Agent,compact_grids,episode_00010,Success,0
2118,imagegame,NEW_Reflect_Agent,compact_grids,episode_00010,Lose,0
2119,imagegame,NEW_Reflect_Agent,compact_grids,episode_00010,Aborted,1
2120,imagegame,NEW_Reflect_Agent,compact_grids,episode_00010,Request Count,5
2121,imagegame,NEW_Reflect_Agent,compact_grids,episode_00010,Violated Request Count,1
2122,imagegame,NEW_Reflect_Agent,compact_grids,episode_00010,Parsed Request Count,4
2123,imagegame,NEW_Reflect_Agent,compact_grids,episode_00010,Request Success Ratio,0.8
2124,imagegame,NEW_Reflect_Agent,compact_grids,episode_00011,Precision,
2125,imagegame,NEW_Reflect_Agent,compact_grids,episode_00011,Recall,
2126,imagegame,NEW_Reflect_Agent,compact_grids,episode_00011,F1,
2127,imagegame,NEW_Reflect_Agent,compact_grids,episode_00011,Main Score,
2128,imagegame,NEW_Reflect_Agent,compact_grids,episode_00011,Average Changed Cell Count,
2129,imagegame,NEW_Reflect_Agent,compact_grids,episode_00011,Average Generated Instruction Length,
2130,imagegame,NEW_Reflect_Agent,compact_grids,episode_00011,Average Generated Expression Number of Tokens,
2131,imagegame,NEW_Reflect_Agent,compact_grids,episode_00011,Success,0
2132,imagegame,NEW_Reflect_Agent,compact_grids,episode_00011,Lose,0
2133,imagegame,NEW_Reflect_Agent,compact_grids,episode_00011,Aborted,1
2134,imagegame,NEW_Reflect_Agent,compact_grids,episode_00011,Request Count,5
2135,imagegame,NEW_Reflect_Agent,compact_grids,episode_00011,Violated Request Count,1
2136,imagegame,NEW_Reflect_Agent,compact_grids,episode_00011,Parsed Request Count,4
2137,imagegame,NEW_Reflect_Agent,compact_grids,episode_00011,Request Success Ratio,0.8
2138,imagegame,NEW_Reflect_Agent,compact_grids,episode_00012,Precision,
2139,imagegame,NEW_Reflect_Agent,compact_grids,episode_00012,Recall,
2140,imagegame,NEW_Reflect_Agent,compact_grids,episode_00012,F1,
2141,imagegame,NEW_Reflect_Agent,compact_grids,episode_00012,Main Score,
2142,imagegame,NEW_Reflect_Agent,compact_grids,episode_00012,Average Changed Cell Count,
2143,imagegame,NEW_Reflect_Agent,compact_grids,episode_00012,Average Generated Instruction Length,
2144,imagegame,NEW_Reflect_Agent,compact_grids,episode_00012,Average Generated Expression Number of Tokens,
2145,imagegame,NEW_Reflect_Agent,compact_grids,episode_00012,Success,0
2146,imagegame,NEW_Reflect_Agent,compact_grids,episode_00012,Lose,0
2147,imagegame,NEW_Reflect_Agent,compact_grids,episode_00012,Aborted,1
2148,imagegame,NEW_Reflect_Agent,compact_grids,episode_00012,Request Count,5
2149,imagegame,NEW_Reflect_Agent,compact_grids,episode_00012,Violated Request Count,1
2150,imagegame,NEW_Reflect_Agent,compact_grids,episode_00012,Parsed Request Count,4
2151,imagegame,NEW_Reflect_Agent,compact_grids,episode_00012,Request Success Ratio,0.8
2152,imagegame,NEW_Reflect_Agent,random_grids,episode_00013,Precision,
2153,imagegame,NEW_Reflect_Agent,random_grids,episode_00013,Recall,
2154,imagegame,NEW_Reflect_Agent,random_grids,episode_00013,F1,
2155,imagegame,NEW_Reflect_Agent,random_grids,episode_00013,Main Score,
2156,imagegame,NEW_Reflect_Agent,random_grids,episode_00013,Average Changed Cell Count,
2157,imagegame,NEW_Reflect_Agent,random_grids,episode_00013,Average Generated Instruction Length,
2158,imagegame,NEW_Reflect_Agent,random_grids,episode_00013,Average Generated Expression Number of Tokens,
2159,imagegame,NEW_Reflect_Agent,random_grids,episode_00013,Success,0
2160,imagegame,NEW_Reflect_Agent,random_grids,episode_00013,Lose,0
2161,imagegame,NEW_Reflect_Agent,random_grids,episode_00013,Aborted,1
2162,imagegame,NEW_Reflect_Agent,random_grids,episode_00013,Request Count,5
2163,imagegame,NEW_Reflect_Agent,random_grids,episode_00013,Violated Request Count,1
2164,imagegame,NEW_Reflect_Agent,random_grids,episode_00013,Parsed Request Count,4
2165,imagegame,NEW_Reflect_Agent,random_grids,episode_00013,Request Success Ratio,0.8
2166,imagegame,NEW_Reflect_Agent,random_grids,episode_00014,Precision,
2167,imagegame,NEW_Reflect_Agent,random_grids,episode_00014,Recall,
2168,imagegame,NEW_Reflect_Agent,random_grids,episode_00014,F1,
2169,imagegame,NEW_Reflect_Agent,random_grids,episode_00014,Main Score,
2170,imagegame,NEW_Reflect_Agent,random_grids,episode_00014,Average Changed Cell Count,
2171,imagegame,NEW_Reflect_Agent,random_grids,episode_00014,Average Generated Instruction Length,
2172,imagegame,NEW_Reflect_Agent,random_grids,episode_00014,Average Generated Expression Number of Tokens,
2173,imagegame,NEW_Reflect_Agent,random_grids,episode_00014,Success,0
2174,imagegame,NEW_Reflect_Agent,random_grids,episode_00014,Lose,0
2175,imagegame,NEW_Reflect_Agent,random_grids,episode_00014,Aborted,1
2176,imagegame,NEW_Reflect_Agent,random_grids,episode_00014,Request Count,10
2177,imagegame,NEW_Reflect_Agent,random_grids,episode_00014,Violated Request Count,1
2178,imagegame,NEW_Reflect_Agent,random_grids,episode_00014,Parsed Request Count,9
2179,imagegame,NEW_Reflect_Agent,random_grids,episode_00014,Request Success Ratio,0.9
2180,imagegame,NEW_Reflect_Agent,random_grids,episode_00015,Precision,
2181,imagegame,NEW_Reflect_Agent,random_grids,episode_00015,Recall,
2182,imagegame,NEW_Reflect_Agent,random_grids,episode_00015,F1,
2183,imagegame,NEW_Reflect_Agent,random_grids,episode_00015,Main Score,
2184,imagegame,NEW_Reflect_Agent,random_grids,episode_00015,Average Changed Cell Count,
2185,imagegame,NEW_Reflect_Agent,random_grids,episode_00015,Average Generated Instruction Length,
2186,imagegame,NEW_Reflect_Agent,random_grids,episode_00015,Average Generated Expression Number of Tokens,
2187,imagegame,NEW_Reflect_Agent,random_grids,episode_00015,Success,0
2188,imagegame,NEW_Reflect_Agent,random_grids,episode_00015,Lose,0
2189,imagegame,NEW_Reflect_Agent,random_grids,episode_00015,Aborted,1
2190,imagegame,NEW_Reflect_Agent,random_grids,episode_00015,Request Count,10
2191,imagegame,NEW_Reflect_Agent,random_grids,episode_00015,Violated Request Count,1
2192,imagegame,NEW_Reflect_Agent,random_grids,episode_00015,Parsed Request Count,9
2193,imagegame,NEW_Reflect_Agent,random_grids,episode_00015,Request Success Ratio,0.9
2194,imagegame,NEW_Reflect_Agent,random_grids,episode_00016,Precision,
2195,imagegame,NEW_Reflect_Agent,random_grids,episode_00016,Recall,
2196,imagegame,NEW_Reflect_Agent,random_grids,episode_00016,F1,
2197,imagegame,NEW_Reflect_Agent,random_grids,episode_00016,Main Score,
2198,imagegame,NEW_Reflect_Agent,random_grids,episode_00016,Average Changed Cell Count,
2199,imagegame,NEW_Reflect_Agent,random_grids,episode_00016,Average Generated Instruction Length,
2200,imagegame,NEW_Reflect_Agent,random_grids,episode_00016,Average Generated Expression Number of Tokens,
2201,imagegame,NEW_Reflect_Agent,random_grids,episode_00016,Success,0
2202,imagegame,NEW_Reflect_Agent,random_grids,episode_00016,Lose,0
2203,imagegame,NEW_Reflect_Agent,random_grids,episode_00016,Aborted,1
2204,imagegame,NEW_Reflect_Agent,random_grids,episode_00016,Request Count,10
2205,imagegame,NEW_Reflect_Agent,random_grids,episode_00016,Violated Request Count,1
2206,imagegame,NEW_Reflect_Agent,random_grids,episode_00016,Parsed Request Count,9
2207,imagegame,NEW_Reflect_Agent,random_grids,episode_00016,Request Success Ratio,0.9
2208,imagegame,NEW_Reflect_Agent,random_grids,episode_00017,Precision,
2209,imagegame,NEW_Reflect_Agent,random_grids,episode_00017,Recall,
2210,imagegame,NEW_Reflect_Agent,random_grids,episode_00017,F1,
2211,imagegame,NEW_Reflect_Agent,random_grids,episode_00017,Main Score,
2212,imagegame,NEW_Reflect_Agent,random_grids,episode_00017,Average Changed Cell Count,
2213,imagegame,NEW_Reflect_Agent,random_grids,episode_00017,Average Generated Instruction Length,
2214,imagegame,NEW_Reflect_Agent,random_grids,episode_00017,Average Generated Expression Number of Tokens,
2215,imagegame,NEW_Reflect_Agent,random_grids,episode_00017,Success,0
2216,imagegame,NEW_Reflect_Agent,random_grids,episode_00017,Lose,0
2217,imagegame,NEW_Reflect_Agent,random_grids,episode_00017,Aborted,1
2218,imagegame,NEW_Reflect_Agent,random_grids,episode_00017,Request Count,5
2219,imagegame,NEW_Reflect_Agent,random_grids,episode_00017,Violated Request Count,1
2220,imagegame,NEW_Reflect_Agent,random_grids,episode_00017,Parsed Request Count,4
2221,imagegame,NEW_Reflect_Agent,random_grids,episode_00017,Request Success Ratio,0.8
2222,imagegame,NEW_Reflect_Agent,random_grids,episode_00018,Precision,
2223,imagegame,NEW_Reflect_Agent,random_grids,episode_00018,Recall,
2224,imagegame,NEW_Reflect_Agent,random_grids,episode_00018,F1,
2225,imagegame,NEW_Reflect_Agent,random_grids,episode_00018,Main Score,
2226,imagegame,NEW_Reflect_Agent,random_grids,episode_00018,Average Changed Cell Count,
2227,imagegame,NEW_Reflect_Agent,random_grids,episode_00018,Average Generated Instruction Length,
2228,imagegame,NEW_Reflect_Agent,random_grids,episode_00018,Average Generated Expression Number of Tokens,
2229,imagegame,NEW_Reflect_Agent,random_grids,episode_00018,Success,0
2230,imagegame,NEW_Reflect_Agent,random_grids,episode_00018,Lose,0
2231,imagegame,NEW_Reflect_Agent,random_grids,episode_00018,Aborted,1
2232,imagegame,NEW_Reflect_Agent,random_grids,episode_00018,Request Count,5
2233,imagegame,NEW_Reflect_Agent,random_grids,episode_00018,Violated Request Count,1
2234,imagegame,NEW_Reflect_Agent,random_grids,episode_00018,Parsed Request Count,4
2235,imagegame,NEW_Reflect_Agent,random_grids,episode_00018,Request Success Ratio,0.8
2236,imagegame,NEW_Reflect_Agent,random_grids,episode_00019,Precision,
2237,imagegame,NEW_Reflect_Agent,random_grids,episode_00019,Recall,
2238,imagegame,NEW_Reflect_Agent,random_grids,episode_00019,F1,
2239,imagegame,NEW_Reflect_Agent,random_grids,episode_00019,Main Score,
2240,imagegame,NEW_Reflect_Agent,random_grids,episode_00019,Average Changed Cell Count,
2241,imagegame,NEW_Reflect_Agent,random_grids,episode_00019,Average Generated Instruction Length,
2242,imagegame,NEW_Reflect_Agent,random_grids,episode_00019,Average Generated Expression Number of Tokens,
2243,imagegame,NEW_Reflect_Agent,random_grids,episode_00019,Success,0
2244,imagegame,NEW_Reflect_Agent,random_grids,episode_00019,Lose,0
2245,imagegame,NEW_Reflect_Agent,random_grids,episode_00019,Aborted,1
2246,imagegame,NEW_Reflect_Agent,random_grids,episode_00019,Request Count,5
2247,imagegame,NEW_Reflect_Agent,random_grids,episode_00019,Violated Request Count,1
2248,imagegame,NEW_Reflect_Agent,random_grids,episode_00019,Parsed Request Count,4
2249,imagegame,NEW_Reflect_Agent,random_grids,episode_00019,Request Success Ratio,0.8
2250,imagegame,NEW_Reflect_Agent,random_grids,episode_00020,Precision,
2251,imagegame,NEW_Reflect_Agent,random_grids,episode_00020,Recall,
2252,imagegame,NEW_Reflect_Agent,random_grids,episode_00020,F1,
2253,imagegame,NEW_Reflect_Agent,random_grids,episode_00020,Main Score,
2254,imagegame,NEW_Reflect_Agent,random_grids,episode_00020,Average Changed Cell Count,
2255,imagegame,NEW_Reflect_Agent,random_grids,episode_00020,Average Generated Instruction Length,
2256,imagegame,NEW_Reflect_Agent,random_grids,episode_00020,Average Generated Expression Number of Tokens,
2257,imagegame,NEW_Reflect_Agent,random_grids,episode_00020,Success,0
2258,imagegame,NEW_Reflect_Agent,random_grids,episode_00020,Lose,0
2259,imagegame,NEW_Reflect_Agent,random_grids,episode_00020,Aborted,1
2260,imagegame,NEW_Reflect_Agent,random_grids,episode_00020,Request Count,5
2261,imagegame,NEW_Reflect_Agent,random_grids,episode_00020,Violated Request Count,1
2262,imagegame,NEW_Reflect_Agent,random_grids,episode_00020,Parsed Request Count,4
2263,imagegame,NEW_Reflect_Agent,random_grids,episode_00020,Request Success Ratio,0.8
2264,imagegame,NEW_Reflect_Agent,random_grids,episode_00021,Precision,
2265,imagegame,NEW_Reflect_Agent,random_grids,episode_00021,Recall,
2266,imagegame,NEW_Reflect_Agent,random_grids,episode_00021,F1,
2267,imagegame,NEW_Reflect_Agent,random_grids,episode_00021,Main Score,
2268,imagegame,NEW_Reflect_Agent,random_grids,episode_00021,Average Changed Cell Count,
2269,imagegame,NEW_Reflect_Agent,random_grids,episode_00021,Average Generated Instruction Length,
2270,imagegame,NEW_Reflect_Agent,random_grids,episode_00021,Average Generated Expression Number of Tokens,
2271,imagegame,NEW_Reflect_Agent,random_grids,episode_00021,Success,0
2272,imagegame,NEW_Reflect_Agent,random_grids,episode_00021,Lose,0
2273,imagegame,NEW_Reflect_Agent,random_grids,episode_00021,Aborted,1
2274,imagegame,NEW_Reflect_Agent,random_grids,episode_00021,Request Count,5
2275,imagegame,NEW_Reflect_Agent,random_grids,episode_00021,Violated Request Count,1
2276,imagegame,NEW_Reflect_Agent,random_grids,episode_00021,Parsed Request Count,4
2277,imagegame,NEW_Reflect_Agent,random_grids,episode_00021,Request Success Ratio,0.8
2278,imagegame,NEW_Reflect_Agent,random_grids,episode_00022,Precision,
2279,imagegame,NEW_Reflect_Agent,random_grids,episode_00022,Recall,
2280,imagegame,NEW_Reflect_Agent,random_grids,episode_00022,F1,
2281,imagegame,NEW_Reflect_Agent,random_grids,episode_00022,Main Score,
2282,imagegame,NEW_Reflect_Agent,random_grids,episode_00022,Average Changed Cell Count,
2283,imagegame,NEW_Reflect_Agent,random_grids,episode_00022,Average Generated Instruction Length,
2284,imagegame,NEW_Reflect_Agent,random_grids,episode_00022,Average Generated Expression Number of Tokens,
2285,imagegame,NEW_Reflect_Agent,random_grids,episode_00022,Success,0
2286,imagegame,NEW_Reflect_Agent,random_grids,episode_00022,Lose,0
2287,imagegame,NEW_Reflect_Agent,random_grids,episode_00022,Aborted,1
2288,imagegame,NEW_Reflect_Agent,random_grids,episode_00022,Request Count,5
2289,imagegame,NEW_Reflect_Agent,random_grids,episode_00022,Violated Request Count,1
2290,imagegame,NEW_Reflect_Agent,random_grids,episode_00022,Parsed Request Count,4
2291,imagegame,NEW_Reflect_Agent,random_grids,episode_00022,Request Success Ratio,0.8
2292,imagegame,NEW_Reflect_Agent,random_grids,episode_00023,Precision,
2293,imagegame,NEW_Reflect_Agent,random_grids,episode_00023,Recall,
2294,imagegame,NEW_Reflect_Agent,random_grids,episode_00023,F1,
2295,imagegame,NEW_Reflect_Agent,random_grids,episode_00023,Main Score,
2296,imagegame,NEW_Reflect_Agent,random_grids,episode_00023,Average Changed Cell Count,
2297,imagegame,NEW_Reflect_Agent,random_grids,episode_00023,Average Generated Instruction Length,
2298,imagegame,NEW_Reflect_Agent,random_grids,episode_00023,Average Generated Expression Number of Tokens,
2299,imagegame,NEW_Reflect_Agent,random_grids,episode_00023,Success,0
2300,imagegame,NEW_Reflect_Agent,random_grids,episode_00023,Lose,0
2301,imagegame,NEW_Reflect_Agent,random_grids,episode_00023,Aborted,1
2302,imagegame,NEW_Reflect_Agent,random_grids,episode_00023,Request Count,5
2303,imagegame,NEW_Reflect_Agent,random_grids,episode_00023,Violated Request Count,1
2304,imagegame,NEW_Reflect_Agent,random_grids,episode_00023,Parsed Request Count,4
2305,imagegame,NEW_Reflect_Agent,random_grids,episode_00023,Request Success Ratio,0.8
2306,imagegame,NEW_Reflect_Agent,random_grids,episode_00024,Precision,
2307,imagegame,NEW_Reflect_Agent,random_grids,episode_00024,Recall,
2308,imagegame,NEW_Reflect_Agent,random_grids,episode_00024,F1,
2309,imagegame,NEW_Reflect_Agent,random_grids,episode_00024,Main Score,
2310,imagegame,NEW_Reflect_Agent,random_grids,episode_00024,Average Changed Cell Count,
2311,imagegame,NEW_Reflect_Agent,random_grids,episode_00024,Average Generated Instruction Length,
2312,imagegame,NEW_Reflect_Agent,random_grids,episode_00024,Average Generated Expression Number of Tokens,
2313,imagegame,NEW_Reflect_Agent,random_grids,episode_00024,Success,0
2314,imagegame,NEW_Reflect_Agent,random_grids,episode_00024,Lose,0
2315,imagegame,NEW_Reflect_Agent,random_grids,episode_00024,Aborted,1
2316,imagegame,NEW_Reflect_Agent,random_grids,episode_00024,Request Count,5
2317,imagegame,NEW_Reflect_Agent,random_grids,episode_00024,Violated Request Count,1
2318,imagegame,NEW_Reflect_Agent,random_grids,episode_00024,Parsed Request Count,4
2319,imagegame,NEW_Reflect_Agent,random_grids,episode_00024,Request Success Ratio,0.8
2320,matchit,NEW_Reflect_Agent,different_image,episode_00017,Violated Request Count,1
2321,matchit,NEW_Reflect_Agent,different_image,episode_00017,Parsed Request Count,2
2322,matchit,NEW_Reflect_Agent,different_image,episode_00017,Request Count,3
2323,matchit,NEW_Reflect_Agent,different_image,episode_00017,Aborted,1
2324,matchit,NEW_Reflect_Agent,different_image,episode_00017,Success,0
2325,matchit,NEW_Reflect_Agent,different_image,episode_00017,Lose,0
2326,matchit,NEW_Reflect_Agent,different_image,episode_00017,Main Score,
2327,matchit,NEW_Reflect_Agent,different_image,episode_00017,Player Score,
2328,matchit,NEW_Reflect_Agent,different_image,episode_00018,Violated Request Count,1
2329,matchit,NEW_Reflect_Agent,different_image,episode_00018,Parsed Request Count,2
2330,matchit,NEW_Reflect_Agent,different_image,episode_00018,Request Count,3
2331,matchit,NEW_Reflect_Agent,different_image,episode_00018,Aborted,1
2332,matchit,NEW_Reflect_Agent,different_image,episode_00018,Success,0
2333,matchit,NEW_Reflect_Agent,different_image,episode_00018,Lose,0
2334,matchit,NEW_Reflect_Agent,different_image,episode_00018,Main Score,
2335,matchit,NEW_Reflect_Agent,different_image,episode_00018,Player Score,
2336,matchit,NEW_Reflect_Agent,different_image,episode_00019,Violated Request Count,1
2337,matchit,NEW_Reflect_Agent,different_image,episode_00019,Parsed Request Count,2
2338,matchit,NEW_Reflect_Agent,different_image,episode_00019,Request Count,3
2339,matchit,NEW_Reflect_Agent,different_image,episode_00019,Aborted,1
2340,matchit,NEW_Reflect_Agent,different_image,episode_00019,Success,0
2341,matchit,NEW_Reflect_Agent,different_image,episode_00019,Lose,0
2342,matchit,NEW_Reflect_Agent,different_image,episode_00019,Main Score,
2343,matchit,NEW_Reflect_Agent,different_image,episode_00019,Player Score,
2344,matchit,NEW_Reflect_Agent,different_image,episode_00020,Violated Request Count,1
2345,matchit,NEW_Reflect_Agent,different_image,episode_00020,Parsed Request Count,2
2346,matchit,NEW_Reflect_Agent,different_image,episode_00020,Request Count,3
2347,matchit,NEW_Reflect_Agent,different_image,episode_00020,Aborted,1
2348,matchit,NEW_Reflect_Agent,different_image,episode_00020,Success,0
2349,matchit,NEW_Reflect_Agent,different_image,episode_00020,Lose,0
2350,matchit,NEW_Reflect_Agent,different_image,episode_00020,Main Score,
2351,matchit,NEW_Reflect_Agent,different_image,episode_00020,Player Score,
2352,matchit,NEW_Reflect_Agent,different_image,episode_00021,Violated Request Count,1
2353,matchit,NEW_Reflect_Agent,different_image,episode_00021,Parsed Request Count,2
2354,matchit,NEW_Reflect_Agent,different_image,episode_00021,Request Count,3
2355,matchit,NEW_Reflect_Agent,different_image,episode_00021,Aborted,1
2356,matchit,NEW_Reflect_Agent,different_image,episode_00021,Success,0
2357,matchit,NEW_Reflect_Agent,different_image,episode_00021,Lose,0
2358,matchit,NEW_Reflect_Agent,different_image,episode_00021,Main Score,
2359,matchit,NEW_Reflect_Agent,different_image,episode_00021,Player Score,
2360,matchit,NEW_Reflect_Agent,different_image,episode_00022,Violated Request Count,1
2361,matchit,NEW_Reflect_Agent,different_image,episode_00022,Parsed Request Count,2
2362,matchit,NEW_Reflect_Agent,different_image,episode_00022,Request Count,3
2363,matchit,NEW_Reflect_Agent,different_image,episode_00022,Aborted,1
2364,matchit,NEW_Reflect_Agent,different_image,episode_00022,Success,0
2365,matchit,NEW_Reflect_Agent,different_image,episode_00022,Lose,0
2366,matchit,NEW_Reflect_Agent,different_image,episode_00022,Main Score,
2367,matchit,NEW_Reflect_Agent,different_image,episode_00022,Player Score,
2368,matchit,NEW_Reflect_Agent,different_image,episode_00023,Violated Request Count,1
2369,matchit,NEW_Reflect_Agent,different_image,episode_00023,Parsed Request Count,2
2370,matchit,NEW_Reflect_Agent,different_image,episode_00023,Request Count,3
2371,matchit,NEW_Reflect_Agent,different_image,episode_00023,Aborted,1
2372,matchit,NEW_Reflect_Agent,different_image,episode_00023,Success,0
2373,matchit,NEW_Reflect_Agent,different_image,episode_00023,Lose,0
2374,matchit,NEW_Reflect_Agent,different_image,episode_00023,Main Score,
2375,matchit,NEW_Reflect_Agent,different_image,episode_00023,Player Score,
2376,matchit,NEW_Reflect_Agent,different_image,episode_00024,Violated Request Count,1
2377,matchit,NEW_Reflect_Agent,different_image,episode_00024,Parsed Request Count,2
2378,matchit,NEW_Reflect_Agent,different_image,episode_00024,Request Count,3
2379,matchit,NEW_Reflect_Agent,different_image,episode_00024,Aborted,1
2380,matchit,NEW_Reflect_Agent,different_image,episode_00024,Success,0
2381,matchit,NEW_Reflect_Agent,different_image,episode_00024,Lose,0
2382,matchit,NEW_Reflect_Agent,different_image,episode_00024,Main Score,
2383,matchit,NEW_Reflect_Agent,different_image,episode_00024,Player Score,
2384,matchit,NEW_Reflect_Agent,same_image,episode_00001,Violated Request Count,1
2385,matchit,NEW_Reflect_Agent,same_image,episode_00001,Parsed Request Count,2
2386,matchit,NEW_Reflect_Agent,same_image,episode_00001,Request Count,3
2387,matchit,NEW_Reflect_Agent,same_image,episode_00001,Aborted,1
2388,matchit,NEW_Reflect_Agent,same_image,episode_00001,Success,0
2389,matchit,NEW_Reflect_Agent,same_image,episode_00001,Lose,0
2390,matchit,NEW_Reflect_Agent,same_image,episode_00001,Main Score,
2391,matchit,NEW_Reflect_Agent,same_image,episode_00001,Player Score,
2392,matchit,NEW_Reflect_Agent,same_image,episode_00002,Violated Request Count,1
2393,matchit,NEW_Reflect_Agent,same_image,episode_00002,Parsed Request Count,2
2394,matchit,NEW_Reflect_Agent,same_image,episode_00002,Request Count,3
2395,matchit,NEW_Reflect_Agent,same_image,episode_00002,Aborted,1
2396,matchit,NEW_Reflect_Agent,same_image,episode_00002,Success,0
2397,matchit,NEW_Reflect_Agent,same_image,episode_00002,Lose,0
2398,matchit,NEW_Reflect_Agent,same_image,episode_00002,Main Score,
2399,matchit,NEW_Reflect_Agent,same_image,episode_00002,Player Score,
2400,matchit,NEW_Reflect_Agent,same_image,episode_00003,Violated Request Count,1
2401,matchit,NEW_Reflect_Agent,same_image,episode_00003,Parsed Request Count,2
2402,matchit,NEW_Reflect_Agent,same_image,episode_00003,Request Count,3
2403,matchit,NEW_Reflect_Agent,same_image,episode_00003,Aborted,1
2404,matchit,NEW_Reflect_Agent,same_image,episode_00003,Success,0
2405,matchit,NEW_Reflect_Agent,same_image,episode_00003,Lose,0
2406,matchit,NEW_Reflect_Agent,same_image,episode_00003,Main Score,
2407,matchit,NEW_Reflect_Agent,same_image,episode_00003,Player Score,
2408,matchit,NEW_Reflect_Agent,same_image,episode_00004,Violated Request Count,1
2409,matchit,NEW_Reflect_Agent,same_image,episode_00004,Parsed Request Count,2
2410,matchit,NEW_Reflect_Agent,same_image,episode_00004,Request Count,3
2411,matchit,NEW_Reflect_Agent,same_image,episode_00004,Aborted,1
2412,matchit,NEW_Reflect_Agent,same_image,episode_00004,Success,0
2413,matchit,NEW_Reflect_Agent,same_image,episode_00004,Lose,0
2414,matchit,NEW_Reflect_Agent,same_image,episode_00004,Main Score,
2415,matchit,NEW_Reflect_Agent,same_image,episode_00004,Player Score,
2416,matchit,NEW_Reflect_Agent,same_image,episode_00005,Violated Request Count,1
2417,matchit,NEW_Reflect_Agent,same_image,episode_00005,Parsed Request Count,2
2418,matchit,NEW_Reflect_Agent,same_image,episode_00005,Request Count,3
2419,matchit,NEW_Reflect_Agent,same_image,episode_00005,Aborted,1
2420,matchit,NEW_Reflect_Agent,same_image,episode_00005,Success,0
2421,matchit,NEW_Reflect_Agent,same_image,episode_00005,Lose,0
2422,matchit,NEW_Reflect_Agent,same_image,episode_00005,Main Score,
2423,matchit,NEW_Reflect_Agent,same_image,episode_00005,Player Score,
2424,matchit,NEW_Reflect_Agent,same_image,episode_00006,Violated Request Count,1
2425,matchit,NEW_Reflect_Agent,same_image,episode_00006,Parsed Request Count,2
2426,matchit,NEW_Reflect_Agent,same_image,episode_00006,Request Count,3
2427,matchit,NEW_Reflect_Agent,same_image,episode_00006,Aborted,1
2428,matchit,NEW_Reflect_Agent,same_image,episode_00006,Success,0
2429,matchit,NEW_Reflect_Agent,same_image,episode_00006,Lose,0
2430,matchit,NEW_Reflect_Agent,same_image,episode_00006,Main Score,
2431,matchit,NEW_Reflect_Agent,same_image,episode_00006,Player Score,
2432,matchit,NEW_Reflect_Agent,same_image,episode_00007,Violated Request Count,1
2433,matchit,NEW_Reflect_Agent,same_image,episode_00007,Parsed Request Count,2
2434,matchit,NEW_Reflect_Agent,same_image,episode_00007,Request Count,3
2435,matchit,NEW_Reflect_Agent,same_image,episode_00007,Aborted,1
2436,matchit,NEW_Reflect_Agent,same_image,episode_00007,Success,0
2437,matchit,NEW_Reflect_Agent,same_image,episode_00007,Lose,0
2438,matchit,NEW_Reflect_Agent,same_image,episode_00007,Main Score,
2439,matchit,NEW_Reflect_Agent,same_image,episode_00007,Player Score,
2440,matchit,NEW_Reflect_Agent,same_image,episode_00008,Violated Request Count,1
2441,matchit,NEW_Reflect_Agent,same_image,episode_00008,Parsed Request Count,2
2442,matchit,NEW_Reflect_Agent,same_image,episode_00008,Request Count,3
2443,matchit,NEW_Reflect_Agent,same_image,episode_00008,Aborted,1
2444,matchit,NEW_Reflect_Agent,same_image,episode_00008,Success,0
2445,matchit,NEW_Reflect_Agent,same_image,episode_00008,Lose,0
2446,matchit,NEW_Reflect_Agent,same_image,episode_00008,Main Score,
2447,matchit,NEW_Reflect_Agent,same_image,episode_00008,Player Score,
2448,matchit,NEW_Reflect_Agent,similar_image,episode_00009,Violated Request Count,1
2449,matchit,NEW_Reflect_Agent,similar_image,episode_00009,Parsed Request Count,2
2450,matchit,NEW_Reflect_Agent,similar_image,episode_00009,Request Count,3
2451,matchit,NEW_Reflect_Agent,similar_image,episode_00009,Aborted,1
2452,matchit,NEW_Reflect_Agent,similar_image,episode_00009,Success,0
2453,matchit,NEW_Reflect_Agent,similar_image,episode_00009,Lose,0
2454,matchit,NEW_Reflect_Agent,similar_image,episode_00009,Main Score,
2455,matchit,NEW_Reflect_Agent,similar_image,episode_00009,Player Score,
2456,matchit,NEW_Reflect_Agent,similar_image,episode_00010,Violated Request Count,1
2457,matchit,NEW_Reflect_Agent,similar_image,episode_00010,Parsed Request Count,2
2458,matchit,NEW_Reflect_Agent,similar_image,episode_00010,Request Count,3
2459,matchit,NEW_Reflect_Agent,similar_image,episode_00010,Aborted,1
2460,matchit,NEW_Reflect_Agent,similar_image,episode_00010,Success,0
2461,matchit,NEW_Reflect_Agent,similar_image,episode_00010,Lose,0
2462,matchit,NEW_Reflect_Agent,similar_image,episode_00010,Main Score,
2463,matchit,NEW_Reflect_Agent,similar_image,episode_00010,Player Score,
2464,matchit,NEW_Reflect_Agent,similar_image,episode_00011,Violated Request Count,1
2465,matchit,NEW_Reflect_Agent,similar_image,episode_00011,Parsed Request Count,2
2466,matchit,NEW_Reflect_Agent,similar_image,episode_00011,Request Count,3
2467,matchit,NEW_Reflect_Agent,similar_image,episode_00011,Aborted,1
2468,matchit,NEW_Reflect_Agent,similar_image,episode_00011,Success,0
2469,matchit,NEW_Reflect_Agent,similar_image,episode_00011,Lose,0
2470,matchit,NEW_Reflect_Agent,similar_image,episode_00011,Main Score,
2471,matchit,NEW_Reflect_Agent,similar_image,episode_00011,Player Score,
2472,matchit,NEW_Reflect_Agent,similar_image,episode_00012,Violated Request Count,1
2473,matchit,NEW_Reflect_Agent,similar_image,episode_00012,Parsed Request Count,2
2474,matchit,NEW_Reflect_Agent,similar_image,episode_00012,Request Count,3
2475,matchit,NEW_Reflect_Agent,similar_image,episode_00012,Aborted,1
2476,matchit,NEW_Reflect_Agent,similar_image,episode_00012,Success,0
2477,matchit,NEW_Reflect_Agent,similar_image,episode_00012,Lose,0
2478,matchit,NEW_Reflect_Agent,similar_image,episode_00012,Main Score,
2479,matchit,NEW_Reflect_Agent,similar_image,episode_00012,Player Score,
2480,matchit,NEW_Reflect_Agent,similar_image,episode_00013,Violated Request Count,1
2481,matchit,NEW_Reflect_Agent,similar_image,episode_00013,Parsed Request Count,2
2482,matchit,NEW_Reflect_Agent,similar_image,episode_00013,Request Count,3
2483,matchit,NEW_Reflect_Agent,similar_image,episode_00013,Aborted,1
2484,matchit,NEW_Reflect_Agent,similar_image,episode_00013,Success,0
2485,matchit,NEW_Reflect_Agent,similar_image,episode_00013,Lose,0
2486,matchit,NEW_Reflect_Agent,similar_image,episode_00013,Main Score,
2487,matchit,NEW_Reflect_Agent,similar_image,episode_00013,Player Score,
2488,matchit,NEW_Reflect_Agent,similar_image,episode_00014,Violated Request Count,1
2489,matchit,NEW_Reflect_Agent,similar_image,episode_00014,Parsed Request Count,2
2490,matchit,NEW_Reflect_Agent,similar_image,episode_00014,Request Count,3
2491,matchit,NEW_Reflect_Agent,similar_image,episode_00014,Aborted,1
2492,matchit,NEW_Reflect_Agent,similar_image,episode_00014,Success,0
2493,matchit,NEW_Reflect_Agent,similar_image,episode_00014,Lose,0
2494,matchit,NEW_Reflect_Agent,similar_image,episode_00014,Main Score,
2495,matchit,NEW_Reflect_Agent,similar_image,episode_00014,Player Score,
2496,matchit,NEW_Reflect_Agent,similar_image,episode_00015,Violated Request Count,1
2497,matchit,NEW_Reflect_Agent,similar_image,episode_00015,Parsed Request Count,2
2498,matchit,NEW_Reflect_Agent,similar_image,episode_00015,Request Count,3
2499,matchit,NEW_Reflect_Agent,similar_image,episode_00015,Aborted,1
2500,matchit,NEW_Reflect_Agent,similar_image,episode_00015,Success,0
2501,matchit,NEW_Reflect_Agent,similar_image,episode_00015,Lose,0
2502,matchit,NEW_Reflect_Agent,similar_image,episode_00015,Main Score,
2503,matchit,NEW_Reflect_Agent,similar_image,episode_00015,Player Score,
2504,matchit,NEW_Reflect_Agent,similar_image,episode_00016,Violated Request Count,1
2505,matchit,NEW_Reflect_Agent,similar_image,episode_00016,Parsed Request Count,2
2506,matchit,NEW_Reflect_Agent,similar_image,episode_00016,Request Count,3
2507,matchit,NEW_Reflect_Agent,similar_image,episode_00016,Aborted,1
2508,matchit,NEW_Reflect_Agent,similar_image,episode_00016,Success,0
2509,matchit,NEW_Reflect_Agent,similar_image,episode_00016,Lose,0
2510,matchit,NEW_Reflect_Agent,similar_image,episode_00016,Main Score,
2511,matchit,NEW_Reflect_Agent,similar_image,episode_00016,Player Score,
2512,matchit_ascii,NEW_Reflect_Agent,different_grid,episode_00019,Violated Request Count,1
2513,matchit_ascii,NEW_Reflect_Agent,different_grid,episode_00019,Parsed Request Count,2
2514,matchit_ascii,NEW_Reflect_Agent,different_grid,episode_00019,Request Count,3
2515,matchit_ascii,NEW_Reflect_Agent,different_grid,episode_00019,Aborted,0
2516,matchit_ascii,NEW_Reflect_Agent,different_grid,episode_00019,Success,0
2517,matchit_ascii,NEW_Reflect_Agent,different_grid,episode_00019,Lose,1
2518,matchit_ascii,NEW_Reflect_Agent,different_grid,episode_00019,Main Score,0
2519,matchit_ascii,NEW_Reflect_Agent,different_grid,episode_00019,Player Score,0
2520,matchit_ascii,NEW_Reflect_Agent,different_grid,episode_00020,Violated Request Count,1
2521,matchit_ascii,NEW_Reflect_Agent,different_grid,episode_00020,Parsed Request Count,2
2522,matchit_ascii,NEW_Reflect_Agent,different_grid,episode_00020,Request Count,3
2523,matchit_ascii,NEW_Reflect_Agent,different_grid,episode_00020,Aborted,0
2524,matchit_ascii,NEW_Reflect_Agent,different_grid,episode_00020,Success,0
2525,matchit_ascii,NEW_Reflect_Agent,different_grid,episode_00020,Lose,1
2526,matchit_ascii,NEW_Reflect_Agent,different_grid,episode_00020,Main Score,0
2527,matchit_ascii,NEW_Reflect_Agent,different_grid,episode_00020,Player Score,0
2528,matchit_ascii,NEW_Reflect_Agent,different_grid,episode_00021,Violated Request Count,1
2529,matchit_ascii,NEW_Reflect_Agent,different_grid,episode_00021,Parsed Request Count,2
2530,matchit_ascii,NEW_Reflect_Agent,different_grid,episode_00021,Request Count,3
2531,matchit_ascii,NEW_Reflect_Agent,different_grid,episode_00021,Aborted,0
2532,matchit_ascii,NEW_Reflect_Agent,different_grid,episode_00021,Success,0
2533,matchit_ascii,NEW_Reflect_Agent,different_grid,episode_00021,Lose,1
2534,matchit_ascii,NEW_Reflect_Agent,different_grid,episode_00021,Main Score,0
2535,matchit_ascii,NEW_Reflect_Agent,different_grid,episode_00021,Player Score,0
2536,matchit_ascii,NEW_Reflect_Agent,different_grid,episode_00022,Violated Request Count,1
2537,matchit_ascii,NEW_Reflect_Agent,different_grid,episode_00022,Parsed Request Count,2
2538,matchit_ascii,NEW_Reflect_Agent,different_grid,episode_00022,Request Count,3
2539,matchit_ascii,NEW_Reflect_Agent,different_grid,episode_00022,Aborted,0
2540,matchit_ascii,NEW_Reflect_Agent,different_grid,episode_00022,Success,0
2541,matchit_ascii,NEW_Reflect_Agent,different_grid,episode_00022,Lose,1
2542,matchit_ascii,NEW_Reflect_Agent,different_grid,episode_00022,Main Score,0
2543,matchit_ascii,NEW_Reflect_Agent,different_grid,episode_00022,Player Score,0
2544,matchit_ascii,NEW_Reflect_Agent,different_grid,episode_00023,Violated Request Count,1
2545,matchit_ascii,NEW_Reflect_Agent,different_grid,episode_00023,Parsed Request Count,2
2546,matchit_ascii,NEW_Reflect_Agent,different_grid,episode_00023,Request Count,3
2547,matchit_ascii,NEW_Reflect_Agent,different_grid,episode_00023,Aborted,0
2548,matchit_ascii,NEW_Reflect_Agent,different_grid,episode_00023,Success,0
2549,matchit_ascii,NEW_Reflect_Agent,different_grid,episode_00023,Lose,1
2550,matchit_ascii,NEW_Reflect_Agent,different_grid,episode_00023,Main Score,0
2551,matchit_ascii,NEW_Reflect_Agent,different_grid,episode_00023,Player Score,0
2552,matchit_ascii,NEW_Reflect_Agent,different_grid,episode_00024,Violated Request Count,1
2553,matchit_ascii,NEW_Reflect_Agent,different_grid,episode_00024,Parsed Request Count,2
2554,matchit_ascii,NEW_Reflect_Agent,different_grid,episode_00024,Request Count,3
2555,matchit_ascii,NEW_Reflect_Agent,different_grid,episode_00024,Aborted,0
2556,matchit_ascii,NEW_Reflect_Agent,different_grid,episode_00024,Success,0
2557,matchit_ascii,NEW_Reflect_Agent,different_grid,episode_00024,Lose,1
2558,matchit_ascii,NEW_Reflect_Agent,different_grid,episode_00024,Main Score,0
2559,matchit_ascii,NEW_Reflect_Agent,different_grid,episode_00024,Player Score,0
2560,matchit_ascii,NEW_Reflect_Agent,same_grid,episode_00001,Violated Request Count,1
2561,matchit_ascii,NEW_Reflect_Agent,same_grid,episode_00001,Parsed Request Count,2
2562,matchit_ascii,NEW_Reflect_Agent,same_grid,episode_00001,Request Count,3
2563,matchit_ascii,NEW_Reflect_Agent,same_grid,episode_00001,Aborted,0
2564,matchit_ascii,NEW_Reflect_Agent,same_grid,episode_00001,Success,0
2565,matchit_ascii,NEW_Reflect_Agent,same_grid,episode_00001,Lose,1
2566,matchit_ascii,NEW_Reflect_Agent,same_grid,episode_00001,Main Score,0
2567,matchit_ascii,NEW_Reflect_Agent,same_grid,episode_00001,Player Score,0
2568,matchit_ascii,NEW_Reflect_Agent,same_grid,episode_00002,Violated Request Count,1
2569,matchit_ascii,NEW_Reflect_Agent,same_grid,episode_00002,Parsed Request Count,2
2570,matchit_ascii,NEW_Reflect_Agent,same_grid,episode_00002,Request Count,3
2571,matchit_ascii,NEW_Reflect_Agent,same_grid,episode_00002,Aborted,0
2572,matchit_ascii,NEW_Reflect_Agent,same_grid,episode_00002,Success,0
2573,matchit_ascii,NEW_Reflect_Agent,same_grid,episode_00002,Lose,1
2574,matchit_ascii,NEW_Reflect_Agent,same_grid,episode_00002,Main Score,0
2575,matchit_ascii,NEW_Reflect_Agent,same_grid,episode_00002,Player Score,0
2576,matchit_ascii,NEW_Reflect_Agent,same_grid,episode_00003,Violated Request Count,1
2577,matchit_ascii,NEW_Reflect_Agent,same_grid,episode_00003,Parsed Request Count,2
2578,matchit_ascii,NEW_Reflect_Agent,same_grid,episode_00003,Request Count,3
2579,matchit_ascii,NEW_Reflect_Agent,same_grid,episode_00003,Aborted,0
2580,matchit_ascii,NEW_Reflect_Agent,same_grid,episode_00003,Success,0
2581,matchit_ascii,NEW_Reflect_Agent,same_grid,episode_00003,Lose,1
2582,matchit_ascii,NEW_Reflect_Agent,same_grid,episode_00003,Main Score,0
2583,matchit_ascii,NEW_Reflect_Agent,same_grid,episode_00003,Player Score,0
2584,matchit_ascii,NEW_Reflect_Agent,same_grid,episode_00004,Violated Request Count,1
2585,matchit_ascii,NEW_Reflect_Agent,same_grid,episode_00004,Parsed Request Count,2
2586,matchit_ascii,NEW_Reflect_Agent,same_grid,episode_00004,Request Count,3
2587,matchit_ascii,NEW_Reflect_Agent,same_grid,episode_00004,Aborted,0
2588,matchit_ascii,NEW_Reflect_Agent,same_grid,episode_00004,Success,0
2589,matchit_ascii,NEW_Reflect_Agent,same_grid,episode_00004,Lose,1
2590,matchit_ascii,NEW_Reflect_Agent,same_grid,episode_00004,Main Score,0
2591,matchit_ascii,NEW_Reflect_Agent,same_grid,episode_00004,Player Score,0
2592,matchit_ascii,NEW_Reflect_Agent,same_grid,episode_00005,Violated Request Count,1
2593,matchit_ascii,NEW_Reflect_Agent,same_grid,episode_00005,Parsed Request Count,2
2594,matchit_ascii,NEW_Reflect_Agent,same_grid,episode_00005,Request Count,3
2595,matchit_ascii,NEW_Reflect_Agent,same_grid,episode_00005,Aborted,0
2596,matchit_ascii,NEW_Reflect_Agent,same_grid,episode_00005,Success,0
2597,matchit_ascii,NEW_Reflect_Agent,same_grid,episode_00005,Lose,1
2598,matchit_ascii,NEW_Reflect_Agent,same_grid,episode_00005,Main Score,0
2599,matchit_ascii,NEW_Reflect_Agent,same_grid,episode_00005,Player Score,0
2600,matchit_ascii,NEW_Reflect_Agent,same_grid,episode_00006,Violated Request Count,1
2601,matchit_ascii,NEW_Reflect_Agent,same_grid,episode_00006,Parsed Request Count,2
2602,matchit_ascii,NEW_Reflect_Agent,same_grid,episode_00006,Request Count,3
2603,matchit_ascii,NEW_Reflect_Agent,same_grid,episode_00006,Aborted,0
2604,matchit_ascii,NEW_Reflect_Agent,same_grid,episode_00006,Success,0
2605,matchit_ascii,NEW_Reflect_Agent,same_grid,episode_00006,Lose,1
2606,matchit_ascii,NEW_Reflect_Agent,same_grid,episode_00006,Main Score,0
2607,matchit_ascii,NEW_Reflect_Agent,same_grid,episode_00006,Player Score,0
2608,matchit_ascii,NEW_Reflect_Agent,similar_grid_1,episode_00007,Violated Request Count,1
2609,matchit_ascii,NEW_Reflect_Agent,similar_grid_1,episode_00007,Parsed Request Count,2
2610,matchit_ascii,NEW_Reflect_Agent,similar_grid_1,episode_00007,Request Count,3
2611,matchit_ascii,NEW_Reflect_Agent,similar_grid_1,episode_00007,Aborted,0
2612,matchit_ascii,NEW_Reflect_Agent,similar_grid_1,episode_00007,Success,0
2613,matchit_ascii,NEW_Reflect_Agent,similar_grid_1,episode_00007,Lose,1
2614,matchit_ascii,NEW_Reflect_Agent,similar_grid_1,episode_00007,Main Score,0
2615,matchit_ascii,NEW_Reflect_Agent,similar_grid_1,episode_00007,Player Score,0
2616,matchit_ascii,NEW_Reflect_Agent,similar_grid_1,episode_00008,Violated Request Count,1
2617,matchit_ascii,NEW_Reflect_Agent,similar_grid_1,episode_00008,Parsed Request Count,2
2618,matchit_ascii,NEW_Reflect_Agent,similar_grid_1,episode_00008,Request Count,3
2619,matchit_ascii,NEW_Reflect_Agent,similar_grid_1,episode_00008,Aborted,0
2620,matchit_ascii,NEW_Reflect_Agent,similar_grid_1,episode_00008,Success,0
2621,matchit_ascii,NEW_Reflect_Agent,similar_grid_1,episode_00008,Lose,1
2622,matchit_ascii,NEW_Reflect_Agent,similar_grid_1,episode_00008,Main Score,0
2623,matchit_ascii,NEW_Reflect_Agent,similar_grid_1,episode_00008,Player Score,0
2624,matchit_ascii,NEW_Reflect_Agent,similar_grid_1,episode_00009,Violated Request Count,1
2625,matchit_ascii,NEW_Reflect_Agent,similar_grid_1,episode_00009,Parsed Request Count,2
2626,matchit_ascii,NEW_Reflect_Agent,similar_grid_1,episode_00009,Request Count,3
2627,matchit_ascii,NEW_Reflect_Agent,similar_grid_1,episode_00009,Aborted,0
2628,matchit_ascii,NEW_Reflect_Agent,similar_grid_1,episode_00009,Success,0
2629,matchit_ascii,NEW_Reflect_Agent,similar_grid_1,episode_00009,Lose,1
2630,matchit_ascii,NEW_Reflect_Agent,similar_grid_1,episode_00009,Main Score,0
2631,matchit_ascii,NEW_Reflect_Agent,similar_grid_1,episode_00009,Player Score,0
2632,matchit_ascii,NEW_Reflect_Agent,similar_grid_1,episode_00010,Violated Request Count,1
2633,matchit_ascii,NEW_Reflect_Agent,similar_grid_1,episode_00010,Parsed Request Count,2
2634,matchit_ascii,NEW_Reflect_Agent,similar_grid_1,episode_00010,Request Count,3
2635,matchit_ascii,NEW_Reflect_Agent,similar_grid_1,episode_00010,Aborted,0
2636,matchit_ascii,NEW_Reflect_Agent,similar_grid_1,episode_00010,Success,0
2637,matchit_ascii,NEW_Reflect_Agent,similar_grid_1,episode_00010,Lose,1
2638,matchit_ascii,NEW_Reflect_Agent,similar_grid_1,episode_00010,Main Score,0
2639,matchit_ascii,NEW_Reflect_Agent,similar_grid_1,episode_00010,Player Score,0
2640,matchit_ascii,NEW_Reflect_Agent,similar_grid_1,episode_00011,Violated Request Count,1
2641,matchit_ascii,NEW_Reflect_Agent,similar_grid_1,episode_00011,Parsed Request Count,2
2642,matchit_ascii,NEW_Reflect_Agent,similar_grid_1,episode_00011,Request Count,3
2643,matchit_ascii,NEW_Reflect_Agent,similar_grid_1,episode_00011,Aborted,0
2644,matchit_ascii,NEW_Reflect_Agent,similar_grid_1,episode_00011,Success,0
2645,matchit_ascii,NEW_Reflect_Agent,similar_grid_1,episode_00011,Lose,1
2646,matchit_ascii,NEW_Reflect_Agent,similar_grid_1,episode_00011,Main Score,0
2647,matchit_ascii,NEW_Reflect_Agent,similar_grid_1,episode_00011,Player Score,0
2648,matchit_ascii,NEW_Reflect_Agent,similar_grid_1,episode_00012,Violated Request Count,1
2649,matchit_ascii,NEW_Reflect_Agent,similar_grid_1,episode_00012,Parsed Request Count,2
2650,matchit_ascii,NEW_Reflect_Agent,similar_grid_1,episode_00012,Request Count,3
2651,matchit_ascii,NEW_Reflect_Agent,similar_grid_1,episode_00012,Aborted,0
2652,matchit_ascii,NEW_Reflect_Agent,similar_grid_1,episode_00012,Success,0
2653,matchit_ascii,NEW_Reflect_Agent,similar_grid_1,episode_00012,Lose,1
2654,matchit_ascii,NEW_Reflect_Agent,similar_grid_1,episode_00012,Main Score,0
2655,matchit_ascii,NEW_Reflect_Agent,similar_grid_1,episode_00012,Player Score,0
2656,matchit_ascii,NEW_Reflect_Agent,similar_grid_2,episode_00013,Violated Request Count,1
2657,matchit_ascii,NEW_Reflect_Agent,similar_grid_2,episode_00013,Parsed Request Count,2
2658,matchit_ascii,NEW_Reflect_Agent,similar_grid_2,episode_00013,Request Count,3
2659,matchit_ascii,NEW_Reflect_Agent,similar_grid_2,episode_00013,Aborted,0
2660,matchit_ascii,NEW_Reflect_Agent,similar_grid_2,episode_00013,Success,0
2661,matchit_ascii,NEW_Reflect_Agent,similar_grid_2,episode_00013,Lose,1
2662,matchit_ascii,NEW_Reflect_Agent,similar_grid_2,episode_00013,Main Score,0
2663,matchit_ascii,NEW_Reflect_Agent,similar_grid_2,episode_00013,Player Score,0
2664,matchit_ascii,NEW_Reflect_Agent,similar_grid_2,episode_00014,Violated Request Count,1
2665,matchit_ascii,NEW_Reflect_Agent,similar_grid_2,episode_00014,Parsed Request Count,2
2666,matchit_ascii,NEW_Reflect_Agent,similar_grid_2,episode_00014,Request Count,3
2667,matchit_ascii,NEW_Reflect_Agent,similar_grid_2,episode_00014,Aborted,0
2668,matchit_ascii,NEW_Reflect_Agent,similar_grid_2,episode_00014,Success,0
2669,matchit_ascii,NEW_Reflect_Agent,similar_grid_2,episode_00014,Lose,1
2670,matchit_ascii,NEW_Reflect_Agent,similar_grid_2,episode_00014,Main Score,0
2671,matchit_ascii,NEW_Reflect_Agent,similar_grid_2,episode_00014,Player Score,0
2672,matchit_ascii,NEW_Reflect_Agent,similar_grid_2,episode_00015,Violated Request Count,1
2673,matchit_ascii,NEW_Reflect_Agent,similar_grid_2,episode_00015,Parsed Request Count,2
2674,matchit_ascii,NEW_Reflect_Agent,similar_grid_2,episode_00015,Request Count,3
2675,matchit_ascii,NEW_Reflect_Agent,similar_grid_2,episode_00015,Aborted,0
2676,matchit_ascii,NEW_Reflect_Agent,similar_grid_2,episode_00015,Success,0
2677,matchit_ascii,NEW_Reflect_Agent,similar_grid_2,episode_00015,Lose,1
2678,matchit_ascii,NEW_Reflect_Agent,similar_grid_2,episode_00015,Main Score,0
2679,matchit_ascii,NEW_Reflect_Agent,similar_grid_2,episode_00015,Player Score,0
2680,matchit_ascii,NEW_Reflect_Agent,similar_grid_2,episode_00016,Violated Request Count,1
2681,matchit_ascii,NEW_Reflect_Agent,similar_grid_2,episode_00016,Parsed Request Count,2
2682,matchit_ascii,NEW_Reflect_Agent,similar_grid_2,episode_00016,Request Count,3
2683,matchit_ascii,NEW_Reflect_Agent,similar_grid_2,episode_00016,Aborted,0
2684,matchit_ascii,NEW_Reflect_Agent,similar_grid_2,episode_00016,Success,0
2685,matchit_ascii,NEW_Reflect_Agent,similar_grid_2,episode_00016,Lose,1
2686,matchit_ascii,NEW_Reflect_Agent,similar_grid_2,episode_00016,Main Score,0
2687,matchit_ascii,NEW_Reflect_Agent,similar_grid_2,episode_00016,Player Score,0
2688,matchit_ascii,NEW_Reflect_Agent,similar_grid_2,episode_00017,Violated Request Count,1
2689,matchit_ascii,NEW_Reflect_Agent,similar_grid_2,episode_00017,Parsed Request Count,2
2690,matchit_ascii,NEW_Reflect_Agent,similar_grid_2,episode_00017,Request Count,3
2691,matchit_ascii,NEW_Reflect_Agent,similar_grid_2,episode_00017,Aborted,0
2692,matchit_ascii,NEW_Reflect_Agent,similar_grid_2,episode_00017,Success,0
2693,matchit_ascii,NEW_Reflect_Agent,similar_grid_2,episode_00017,Lose,1
2694,matchit_ascii,NEW_Reflect_Agent,similar_grid_2,episode_00017,Main Score,0
2695,matchit_ascii,NEW_Reflect_Agent,similar_grid_2,episode_00017,Player Score,0
2696,matchit_ascii,NEW_Reflect_Agent,similar_grid_2,episode_00018,Violated Request Count,1
2697,matchit_ascii,NEW_Reflect_Agent,similar_grid_2,episode_00018,Parsed Request Count,2
2698,matchit_ascii,NEW_Reflect_Agent,similar_grid_2,episode_00018,Request Count,3
2699,matchit_ascii,NEW_Reflect_Agent,similar_grid_2,episode_00018,Aborted,0
2700,matchit_ascii,NEW_Reflect_Agent,similar_grid_2,episode_00018,Success,0
2701,matchit_ascii,NEW_Reflect_Agent,similar_grid_2,episode_00018,Lose,1
2702,matchit_ascii,NEW_Reflect_Agent,similar_grid_2,episode_00018,Main Score,0
2703,matchit_ascii,NEW_Reflect_Agent,similar_grid_2,episode_00018,Player Score,0
2704,mm_mapworld,NEW_Reflect_Agent,large,episode_00011,Aborted,1
2705,mm_mapworld,NEW_Reflect_Agent,large,episode_00011,Success,
2706,mm_mapworld,NEW_Reflect_Agent,large,episode_00011,Lose,
2707,mm_mapworld,NEW_Reflect_Agent,large,episode_00011,moves,
2708,mm_mapworld,NEW_Reflect_Agent,large,episode_00011,valid_moves,
2709,mm_mapworld,NEW_Reflect_Agent,large,episode_00011,invalid_moves,
2710,mm_mapworld,NEW_Reflect_Agent,large,episode_00011,visited,
2711,mm_mapworld,NEW_Reflect_Agent,large,episode_00011,seen,
2712,mm_mapworld,NEW_Reflect_Agent,large,episode_00011,effieciency,
2713,mm_mapworld,NEW_Reflect_Agent,large,episode_00011,exploration,
2714,mm_mapworld,NEW_Reflect_Agent,large,episode_00011,Main Score,
2715,mm_mapworld,NEW_Reflect_Agent,large,episode_00012,Aborted,0
2716,mm_mapworld,NEW_Reflect_Agent,large,episode_00012,Success,0
2717,mm_mapworld,NEW_Reflect_Agent,large,episode_00012,Lose,1
2718,mm_mapworld,NEW_Reflect_Agent,large,episode_00012,moves,12
2719,mm_mapworld,NEW_Reflect_Agent,large,episode_00012,valid_moves,4
2720,mm_mapworld,NEW_Reflect_Agent,large,episode_00012,invalid_moves,8
2721,mm_mapworld,NEW_Reflect_Agent,large,episode_00012,visited,5
2722,mm_mapworld,NEW_Reflect_Agent,large,episode_00012,seen,8
2723,mm_mapworld,NEW_Reflect_Agent,large,episode_00012,effieciency,33.333333333333336
2724,mm_mapworld,NEW_Reflect_Agent,large,episode_00012,exploration,62.5
2725,mm_mapworld,NEW_Reflect_Agent,large,episode_00012,Main Score,43.47826086956522
2726,mm_mapworld,NEW_Reflect_Agent,large,episode_00013,Aborted,1
2727,mm_mapworld,NEW_Reflect_Agent,large,episode_00013,Success,
2728,mm_mapworld,NEW_Reflect_Agent,large,episode_00013,Lose,
2729,mm_mapworld,NEW_Reflect_Agent,large,episode_00013,moves,
2730,mm_mapworld,NEW_Reflect_Agent,large,episode_00013,valid_moves,
2731,mm_mapworld,NEW_Reflect_Agent,large,episode_00013,invalid_moves,
2732,mm_mapworld,NEW_Reflect_Agent,large,episode_00013,visited,
2733,mm_mapworld,NEW_Reflect_Agent,large,episode_00013,seen,
2734,mm_mapworld,NEW_Reflect_Agent,large,episode_00013,effieciency,
2735,mm_mapworld,NEW_Reflect_Agent,large,episode_00013,exploration,
2736,mm_mapworld,NEW_Reflect_Agent,large,episode_00013,Main Score,
2737,mm_mapworld,NEW_Reflect_Agent,large,episode_00014,Aborted,0
2738,mm_mapworld,NEW_Reflect_Agent,large,episode_00014,Success,0
2739,mm_mapworld,NEW_Reflect_Agent,large,episode_00014,Lose,1
2740,mm_mapworld,NEW_Reflect_Agent,large,episode_00014,moves,10
2741,mm_mapworld,NEW_Reflect_Agent,large,episode_00014,valid_moves,9
2742,mm_mapworld,NEW_Reflect_Agent,large,episode_00014,invalid_moves,1
2743,mm_mapworld,NEW_Reflect_Agent,large,episode_00014,visited,4
2744,mm_mapworld,NEW_Reflect_Agent,large,episode_00014,seen,5
2745,mm_mapworld,NEW_Reflect_Agent,large,episode_00014,effieciency,60.0
2746,mm_mapworld,NEW_Reflect_Agent,large,episode_00014,exploration,50.0
2747,mm_mapworld,NEW_Reflect_Agent,large,episode_00014,Main Score,54.54545454545455
2748,mm_mapworld,NEW_Reflect_Agent,large,episode_00015,Aborted,0
2749,mm_mapworld,NEW_Reflect_Agent,large,episode_00015,Success,0
2750,mm_mapworld,NEW_Reflect_Agent,large,episode_00015,Lose,1
2751,mm_mapworld,NEW_Reflect_Agent,large,episode_00015,moves,17
2752,mm_mapworld,NEW_Reflect_Agent,large,episode_00015,valid_moves,13
2753,mm_mapworld,NEW_Reflect_Agent,large,episode_00015,invalid_moves,4
2754,mm_mapworld,NEW_Reflect_Agent,large,episode_00015,visited,4
2755,mm_mapworld,NEW_Reflect_Agent,large,episode_00015,seen,6
2756,mm_mapworld,NEW_Reflect_Agent,large,episode_00015,effieciency,47.05882352941177
2757,mm_mapworld,NEW_Reflect_Agent,large,episode_00015,exploration,50.0
2758,mm_mapworld,NEW_Reflect_Agent,large,episode_00015,Main Score,48.484848484848484
2759,mm_mapworld,NEW_Reflect_Agent,large_cycle,episode_00021,Aborted,1
2760,mm_mapworld,NEW_Reflect_Agent,large_cycle,episode_00021,Success,
2761,mm_mapworld,NEW_Reflect_Agent,large_cycle,episode_00021,Lose,
2762,mm_mapworld,NEW_Reflect_Agent,large_cycle,episode_00021,moves,
2763,mm_mapworld,NEW_Reflect_Agent,large_cycle,episode_00021,valid_moves,
2764,mm_mapworld,NEW_Reflect_Agent,large_cycle,episode_00021,invalid_moves,
2765,mm_mapworld,NEW_Reflect_Agent,large_cycle,episode_00021,visited,
2766,mm_mapworld,NEW_Reflect_Agent,large_cycle,episode_00021,seen,
2767,mm_mapworld,NEW_Reflect_Agent,large_cycle,episode_00021,effieciency,
2768,mm_mapworld,NEW_Reflect_Agent,large_cycle,episode_00021,exploration,
2769,mm_mapworld,NEW_Reflect_Agent,large_cycle,episode_00021,Main Score,
2770,mm_mapworld,NEW_Reflect_Agent,large_cycle,episode_00022,Aborted,1
2771,mm_mapworld,NEW_Reflect_Agent,large_cycle,episode_00022,Success,
2772,mm_mapworld,NEW_Reflect_Agent,large_cycle,episode_00022,Lose,
2773,mm_mapworld,NEW_Reflect_Agent,large_cycle,episode_00022,moves,
2774,mm_mapworld,NEW_Reflect_Agent,large_cycle,episode_00022,valid_moves,
2775,mm_mapworld,NEW_Reflect_Agent,large_cycle,episode_00022,invalid_moves,
2776,mm_mapworld,NEW_Reflect_Agent,large_cycle,episode_00022,visited,
2777,mm_mapworld,NEW_Reflect_Agent,large_cycle,episode_00022,seen,
2778,mm_mapworld,NEW_Reflect_Agent,large_cycle,episode_00022,effieciency,
2779,mm_mapworld,NEW_Reflect_Agent,large_cycle,episode_00022,exploration,
2780,mm_mapworld,NEW_Reflect_Agent,large_cycle,episode_00022,Main Score,
2781,mm_mapworld,NEW_Reflect_Agent,large_cycle,episode_00023,Aborted,1
2782,mm_mapworld,NEW_Reflect_Agent,large_cycle,episode_00023,Success,
2783,mm_mapworld,NEW_Reflect_Agent,large_cycle,episode_00023,Lose,
2784,mm_mapworld,NEW_Reflect_Agent,large_cycle,episode_00023,moves,
2785,mm_mapworld,NEW_Reflect_Agent,large_cycle,episode_00023,valid_moves,
2786,mm_mapworld,NEW_Reflect_Agent,large_cycle,episode_00023,invalid_moves,
2787,mm_mapworld,NEW_Reflect_Agent,large_cycle,episode_00023,visited,
2788,mm_mapworld,NEW_Reflect_Agent,large_cycle,episode_00023,seen,
2789,mm_mapworld,NEW_Reflect_Agent,large_cycle,episode_00023,effieciency,
2790,mm_mapworld,NEW_Reflect_Agent,large_cycle,episode_00023,exploration,
2791,mm_mapworld,NEW_Reflect_Agent,large_cycle,episode_00023,Main Score,
2792,mm_mapworld,NEW_Reflect_Agent,large_cycle,episode_00024,Aborted,1
2793,mm_mapworld,NEW_Reflect_Agent,large_cycle,episode_00024,Success,
2794,mm_mapworld,NEW_Reflect_Agent,large_cycle,episode_00024,Lose,
2795,mm_mapworld,NEW_Reflect_Agent,large_cycle,episode_00024,moves,
2796,mm_mapworld,NEW_Reflect_Agent,large_cycle,episode_00024,valid_moves,
2797,mm_mapworld,NEW_Reflect_Agent,large_cycle,episode_00024,invalid_moves,
2798,mm_mapworld,NEW_Reflect_Agent,large_cycle,episode_00024,visited,
2799,mm_mapworld,NEW_Reflect_Agent,large_cycle,episode_00024,seen,
2800,mm_mapworld,NEW_Reflect_Agent,large_cycle,episode_00024,effieciency,
2801,mm_mapworld,NEW_Reflect_Agent,large_cycle,episode_00024,exploration,
2802,mm_mapworld,NEW_Reflect_Agent,large_cycle,episode_00024,Main Score,
2803,mm_mapworld,NEW_Reflect_Agent,large_cycle,episode_00025,Aborted,1
2804,mm_mapworld,NEW_Reflect_Agent,large_cycle,episode_00025,Success,
2805,mm_mapworld,NEW_Reflect_Agent,large_cycle,episode_00025,Lose,
2806,mm_mapworld,NEW_Reflect_Agent,large_cycle,episode_00025,moves,
2807,mm_mapworld,NEW_Reflect_Agent,large_cycle,episode_00025,valid_moves,
2808,mm_mapworld,NEW_Reflect_Agent,large_cycle,episode_00025,invalid_moves,
2809,mm_mapworld,NEW_Reflect_Agent,large_cycle,episode_00025,visited,
2810,mm_mapworld,NEW_Reflect_Agent,large_cycle,episode_00025,seen,
2811,mm_mapworld,NEW_Reflect_Agent,large_cycle,episode_00025,effieciency,
2812,mm_mapworld,NEW_Reflect_Agent,large_cycle,episode_00025,exploration,
2813,mm_mapworld,NEW_Reflect_Agent,large_cycle,episode_00025,Main Score,
2814,mm_mapworld,NEW_Reflect_Agent,medium,episode_00006,Aborted,1
2815,mm_mapworld,NEW_Reflect_Agent,medium,episode_00006,Success,
2816,mm_mapworld,NEW_Reflect_Agent,medium,episode_00006,Lose,
2817,mm_mapworld,NEW_Reflect_Agent,medium,episode_00006,moves,
2818,mm_mapworld,NEW_Reflect_Agent,medium,episode_00006,valid_moves,
2819,mm_mapworld,NEW_Reflect_Agent,medium,episode_00006,invalid_moves,
2820,mm_mapworld,NEW_Reflect_Agent,medium,episode_00006,visited,
2821,mm_mapworld,NEW_Reflect_Agent,medium,episode_00006,seen,
2822,mm_mapworld,NEW_Reflect_Agent,medium,episode_00006,effieciency,
2823,mm_mapworld,NEW_Reflect_Agent,medium,episode_00006,exploration,
2824,mm_mapworld,NEW_Reflect_Agent,medium,episode_00006,Main Score,
2825,mm_mapworld,NEW_Reflect_Agent,medium,episode_00007,Aborted,1
2826,mm_mapworld,NEW_Reflect_Agent,medium,episode_00007,Success,
2827,mm_mapworld,NEW_Reflect_Agent,medium,episode_00007,Lose,
2828,mm_mapworld,NEW_Reflect_Agent,medium,episode_00007,moves,
2829,mm_mapworld,NEW_Reflect_Agent,medium,episode_00007,valid_moves,
2830,mm_mapworld,NEW_Reflect_Agent,medium,episode_00007,invalid_moves,
2831,mm_mapworld,NEW_Reflect_Agent,medium,episode_00007,visited,
2832,mm_mapworld,NEW_Reflect_Agent,medium,episode_00007,seen,
2833,mm_mapworld,NEW_Reflect_Agent,medium,episode_00007,effieciency,
2834,mm_mapworld,NEW_Reflect_Agent,medium,episode_00007,exploration,
2835,mm_mapworld,NEW_Reflect_Agent,medium,episode_00007,Main Score,
2836,mm_mapworld,NEW_Reflect_Agent,medium,episode_00008,Aborted,1
2837,mm_mapworld,NEW_Reflect_Agent,medium,episode_00008,Success,
2838,mm_mapworld,NEW_Reflect_Agent,medium,episode_00008,Lose,
2839,mm_mapworld,NEW_Reflect_Agent,medium,episode_00008,moves,
2840,mm_mapworld,NEW_Reflect_Agent,medium,episode_00008,valid_moves,
2841,mm_mapworld,NEW_Reflect_Agent,medium,episode_00008,invalid_moves,
2842,mm_mapworld,NEW_Reflect_Agent,medium,episode_00008,visited,
2843,mm_mapworld,NEW_Reflect_Agent,medium,episode_00008,seen,
2844,mm_mapworld,NEW_Reflect_Agent,medium,episode_00008,effieciency,
2845,mm_mapworld,NEW_Reflect_Agent,medium,episode_00008,exploration,
2846,mm_mapworld,NEW_Reflect_Agent,medium,episode_00008,Main Score,
2847,mm_mapworld,NEW_Reflect_Agent,medium,episode_00009,Aborted,1
2848,mm_mapworld,NEW_Reflect_Agent,medium,episode_00009,Success,
2849,mm_mapworld,NEW_Reflect_Agent,medium,episode_00009,Lose,
2850,mm_mapworld,NEW_Reflect_Agent,medium,episode_00009,moves,
2851,mm_mapworld,NEW_Reflect_Agent,medium,episode_00009,valid_moves,
2852,mm_mapworld,NEW_Reflect_Agent,medium,episode_00009,invalid_moves,
2853,mm_mapworld,NEW_Reflect_Agent,medium,episode_00009,visited,
2854,mm_mapworld,NEW_Reflect_Agent,medium,episode_00009,seen,
2855,mm_mapworld,NEW_Reflect_Agent,medium,episode_00009,effieciency,
2856,mm_mapworld,NEW_Reflect_Agent,medium,episode_00009,exploration,
2857,mm_mapworld,NEW_Reflect_Agent,medium,episode_00009,Main Score,
2858,mm_mapworld,NEW_Reflect_Agent,medium,episode_00010,Aborted,1
2859,mm_mapworld,NEW_Reflect_Agent,medium,episode_00010,Success,
2860,mm_mapworld,NEW_Reflect_Agent,medium,episode_00010,Lose,
2861,mm_mapworld,NEW_Reflect_Agent,medium,episode_00010,moves,
2862,mm_mapworld,NEW_Reflect_Agent,medium,episode_00010,valid_moves,
2863,mm_mapworld,NEW_Reflect_Agent,medium,episode_00010,invalid_moves,
2864,mm_mapworld,NEW_Reflect_Agent,medium,episode_00010,visited,
2865,mm_mapworld,NEW_Reflect_Agent,medium,episode_00010,seen,
2866,mm_mapworld,NEW_Reflect_Agent,medium,episode_00010,effieciency,
2867,mm_mapworld,NEW_Reflect_Agent,medium,episode_00010,exploration,
2868,mm_mapworld,NEW_Reflect_Agent,medium,episode_00010,Main Score,
2869,mm_mapworld,NEW_Reflect_Agent,medium_cycle,episode_00016,Aborted,0
2870,mm_mapworld,NEW_Reflect_Agent,medium_cycle,episode_00016,Success,0
2871,mm_mapworld,NEW_Reflect_Agent,medium_cycle,episode_00016,Lose,1
2872,mm_mapworld,NEW_Reflect_Agent,medium_cycle,episode_00016,moves,11
2873,mm_mapworld,NEW_Reflect_Agent,medium_cycle,episode_00016,valid_moves,8
2874,mm_mapworld,NEW_Reflect_Agent,medium_cycle,episode_00016,invalid_moves,3
2875,mm_mapworld,NEW_Reflect_Agent,medium_cycle,episode_00016,visited,5
2876,mm_mapworld,NEW_Reflect_Agent,medium_cycle,episode_00016,seen,6
2877,mm_mapworld,NEW_Reflect_Agent,medium_cycle,episode_00016,effieciency,54.54545454545455
2878,mm_mapworld,NEW_Reflect_Agent,medium_cycle,episode_00016,exploration,83.33333333333333
2879,mm_mapworld,NEW_Reflect_Agent,medium_cycle,episode_00016,Main Score,65.93406593406593
2880,mm_mapworld,NEW_Reflect_Agent,medium_cycle,episode_00017,Aborted,1
2881,mm_mapworld,NEW_Reflect_Agent,medium_cycle,episode_00017,Success,
2882,mm_mapworld,NEW_Reflect_Agent,medium_cycle,episode_00017,Lose,
2883,mm_mapworld,NEW_Reflect_Agent,medium_cycle,episode_00017,moves,
2884,mm_mapworld,NEW_Reflect_Agent,medium_cycle,episode_00017,valid_moves,
2885,mm_mapworld,NEW_Reflect_Agent,medium_cycle,episode_00017,invalid_moves,
2886,mm_mapworld,NEW_Reflect_Agent,medium_cycle,episode_00017,visited,
2887,mm_mapworld,NEW_Reflect_Agent,medium_cycle,episode_00017,seen,
2888,mm_mapworld,NEW_Reflect_Agent,medium_cycle,episode_00017,effieciency,
2889,mm_mapworld,NEW_Reflect_Agent,medium_cycle,episode_00017,exploration,
2890,mm_mapworld,NEW_Reflect_Agent,medium_cycle,episode_00017,Main Score,
2891,mm_mapworld,NEW_Reflect_Agent,medium_cycle,episode_00018,Aborted,1
2892,mm_mapworld,NEW_Reflect_Agent,medium_cycle,episode_00018,Success,
2893,mm_mapworld,NEW_Reflect_Agent,medium_cycle,episode_00018,Lose,
2894,mm_mapworld,NEW_Reflect_Agent,medium_cycle,episode_00018,moves,
2895,mm_mapworld,NEW_Reflect_Agent,medium_cycle,episode_00018,valid_moves,
2896,mm_mapworld,NEW_Reflect_Agent,medium_cycle,episode_00018,invalid_moves,
2897,mm_mapworld,NEW_Reflect_Agent,medium_cycle,episode_00018,visited,
2898,mm_mapworld,NEW_Reflect_Agent,medium_cycle,episode_00018,seen,
2899,mm_mapworld,NEW_Reflect_Agent,medium_cycle,episode_00018,effieciency,
2900,mm_mapworld,NEW_Reflect_Agent,medium_cycle,episode_00018,exploration,
2901,mm_mapworld,NEW_Reflect_Agent,medium_cycle,episode_00018,Main Score,
2902,mm_mapworld,NEW_Reflect_Agent,medium_cycle,episode_00019,Aborted,1
2903,mm_mapworld,NEW_Reflect_Agent,medium_cycle,episode_00019,Success,
2904,mm_mapworld,NEW_Reflect_Agent,medium_cycle,episode_00019,Lose,
2905,mm_mapworld,NEW_Reflect_Agent,medium_cycle,episode_00019,moves,
2906,mm_mapworld,NEW_Reflect_Agent,medium_cycle,episode_00019,valid_moves,
2907,mm_mapworld,NEW_Reflect_Agent,medium_cycle,episode_00019,invalid_moves,
2908,mm_mapworld,NEW_Reflect_Agent,medium_cycle,episode_00019,visited,
2909,mm_mapworld,NEW_Reflect_Agent,medium_cycle,episode_00019,seen,
2910,mm_mapworld,NEW_Reflect_Agent,medium_cycle,episode_00019,effieciency,
2911,mm_mapworld,NEW_Reflect_Agent,medium_cycle,episode_00019,exploration,
2912,mm_mapworld,NEW_Reflect_Agent,medium_cycle,episode_00019,Main Score,
2913,mm_mapworld,NEW_Reflect_Agent,medium_cycle,episode_00020,Aborted,0
2914,mm_mapworld,NEW_Reflect_Agent,medium_cycle,episode_00020,Success,0
2915,mm_mapworld,NEW_Reflect_Agent,medium_cycle,episode_00020,Lose,1
2916,mm_mapworld,NEW_Reflect_Agent,medium_cycle,episode_00020,moves,14
2917,mm_mapworld,NEW_Reflect_Agent,medium_cycle,episode_00020,valid_moves,11
2918,mm_mapworld,NEW_Reflect_Agent,medium_cycle,episode_00020,invalid_moves,3
2919,mm_mapworld,NEW_Reflect_Agent,medium_cycle,episode_00020,visited,4
2920,mm_mapworld,NEW_Reflect_Agent,medium_cycle,episode_00020,seen,5
2921,mm_mapworld,NEW_Reflect_Agent,medium_cycle,episode_00020,effieciency,50.0
2922,mm_mapworld,NEW_Reflect_Agent,medium_cycle,episode_00020,exploration,66.66666666666667
2923,mm_mapworld,NEW_Reflect_Agent,medium_cycle,episode_00020,Main Score,57.142857142857146
2924,mm_mapworld,NEW_Reflect_Agent,small,episode_00001,Aborted,0
2925,mm_mapworld,NEW_Reflect_Agent,small,episode_00001,Success,0
2926,mm_mapworld,NEW_Reflect_Agent,small,episode_00001,Lose,1
2927,mm_mapworld,NEW_Reflect_Agent,small,episode_00001,moves,18
2928,mm_mapworld,NEW_Reflect_Agent,small,episode_00001,valid_moves,8
2929,mm_mapworld,NEW_Reflect_Agent,small,episode_00001,invalid_moves,10
2930,mm_mapworld,NEW_Reflect_Agent,small,episode_00001,visited,3
2931,mm_mapworld,NEW_Reflect_Agent,small,episode_00001,seen,4
2932,mm_mapworld,NEW_Reflect_Agent,small,episode_00001,effieciency,27.77777777777778
2933,mm_mapworld,NEW_Reflect_Agent,small,episode_00001,exploration,75.0
2934,mm_mapworld,NEW_Reflect_Agent,small,episode_00001,Main Score,40.54054054054055
2935,mm_mapworld,NEW_Reflect_Agent,small,episode_00002,Aborted,0
2936,mm_mapworld,NEW_Reflect_Agent,small,episode_00002,Success,1
2937,mm_mapworld,NEW_Reflect_Agent,small,episode_00002,Lose,0
2938,mm_mapworld,NEW_Reflect_Agent,small,episode_00002,moves,10
2939,mm_mapworld,NEW_Reflect_Agent,small,episode_00002,valid_moves,7
2940,mm_mapworld,NEW_Reflect_Agent,small,episode_00002,invalid_moves,3
2941,mm_mapworld,NEW_Reflect_Agent,small,episode_00002,visited,4
2942,mm_mapworld,NEW_Reflect_Agent,small,episode_00002,seen,4
2943,mm_mapworld,NEW_Reflect_Agent,small,episode_00002,effieciency,30.0
2944,mm_mapworld,NEW_Reflect_Agent,small,episode_00002,exploration,100.0
2945,mm_mapworld,NEW_Reflect_Agent,small,episode_00002,Main Score,46.15384615384615
2946,mm_mapworld,NEW_Reflect_Agent,small,episode_00003,Aborted,0
2947,mm_mapworld,NEW_Reflect_Agent,small,episode_00003,Success,1
2948,mm_mapworld,NEW_Reflect_Agent,small,episode_00003,Lose,0
2949,mm_mapworld,NEW_Reflect_Agent,small,episode_00003,moves,14
2950,mm_mapworld,NEW_Reflect_Agent,small,episode_00003,valid_moves,8
2951,mm_mapworld,NEW_Reflect_Agent,small,episode_00003,invalid_moves,6
2952,mm_mapworld,NEW_Reflect_Agent,small,episode_00003,visited,4
2953,mm_mapworld,NEW_Reflect_Agent,small,episode_00003,seen,4
2954,mm_mapworld,NEW_Reflect_Agent,small,episode_00003,effieciency,28.571428571428573
2955,mm_mapworld,NEW_Reflect_Agent,small,episode_00003,exploration,100.0
2956,mm_mapworld,NEW_Reflect_Agent,small,episode_00003,Main Score,44.44444444444444
2957,mm_mapworld,NEW_Reflect_Agent,small,episode_00004,Aborted,1
2958,mm_mapworld,NEW_Reflect_Agent,small,episode_00004,Success,
2959,mm_mapworld,NEW_Reflect_Agent,small,episode_00004,Lose,
2960,mm_mapworld,NEW_Reflect_Agent,small,episode_00004,moves,
2961,mm_mapworld,NEW_Reflect_Agent,small,episode_00004,valid_moves,
2962,mm_mapworld,NEW_Reflect_Agent,small,episode_00004,invalid_moves,
2963,mm_mapworld,NEW_Reflect_Agent,small,episode_00004,visited,
2964,mm_mapworld,NEW_Reflect_Agent,small,episode_00004,seen,
2965,mm_mapworld,NEW_Reflect_Agent,small,episode_00004,effieciency,
2966,mm_mapworld,NEW_Reflect_Agent,small,episode_00004,exploration,
2967,mm_mapworld,NEW_Reflect_Agent,small,episode_00004,Main Score,
2968,mm_mapworld,NEW_Reflect_Agent,small,episode_00005,Aborted,1
2969,mm_mapworld,NEW_Reflect_Agent,small,episode_00005,Success,
2970,mm_mapworld,NEW_Reflect_Agent,small,episode_00005,Lose,
2971,mm_mapworld,NEW_Reflect_Agent,small,episode_00005,moves,
2972,mm_mapworld,NEW_Reflect_Agent,small,episode_00005,valid_moves,
2973,mm_mapworld,NEW_Reflect_Agent,small,episode_00005,invalid_moves,
2974,mm_mapworld,NEW_Reflect_Agent,small,episode_00005,visited,
2975,mm_mapworld,NEW_Reflect_Agent,small,episode_00005,seen,
2976,mm_mapworld,NEW_Reflect_Agent,small,episode_00005,effieciency,
2977,mm_mapworld,NEW_Reflect_Agent,small,episode_00005,exploration,
2978,mm_mapworld,NEW_Reflect_Agent,small,episode_00005,Main Score,
2979,multimodal_referencegame,NEW_Reflect_Agent,CLEVR_images,episode_00015,Aborted at Player 1,1
2980,multimodal_referencegame,NEW_Reflect_Agent,CLEVR_images,episode_00015,Aborted at Player 2,0
2981,multimodal_referencegame,NEW_Reflect_Agent,CLEVR_images,episode_00015,Generated Expression Length,
2982,multimodal_referencegame,NEW_Reflect_Agent,CLEVR_images,episode_00015,Generated Expression Number of Tokens,
2983,multimodal_referencegame,NEW_Reflect_Agent,CLEVR_images,episode_00015,Request Count,1
2984,multimodal_referencegame,NEW_Reflect_Agent,CLEVR_images,episode_00015,Parsed Request Count,0
2985,multimodal_referencegame,NEW_Reflect_Agent,CLEVR_images,episode_00015,Violated Request Count,1
2986,multimodal_referencegame,NEW_Reflect_Agent,CLEVR_images,episode_00015,Aborted,1
2987,multimodal_referencegame,NEW_Reflect_Agent,CLEVR_images,episode_00015,Success,
2988,multimodal_referencegame,NEW_Reflect_Agent,CLEVR_images,episode_00015,Lose,
2989,multimodal_referencegame,NEW_Reflect_Agent,CLEVR_images,episode_00015,Main Score,
2990,multimodal_referencegame,NEW_Reflect_Agent,CLEVR_images,episode_00015,Request Success Ratio,0.0
2991,multimodal_referencegame,NEW_Reflect_Agent,CLEVR_images,episode_00016,Aborted at Player 1,1
2992,multimodal_referencegame,NEW_Reflect_Agent,CLEVR_images,episode_00016,Aborted at Player 2,0
2993,multimodal_referencegame,NEW_Reflect_Agent,CLEVR_images,episode_00016,Generated Expression Length,
2994,multimodal_referencegame,NEW_Reflect_Agent,CLEVR_images,episode_00016,Generated Expression Number of Tokens,
2995,multimodal_referencegame,NEW_Reflect_Agent,CLEVR_images,episode_00016,Request Count,1
2996,multimodal_referencegame,NEW_Reflect_Agent,CLEVR_images,episode_00016,Parsed Request Count,0
2997,multimodal_referencegame,NEW_Reflect_Agent,CLEVR_images,episode_00016,Violated Request Count,1
2998,multimodal_referencegame,NEW_Reflect_Agent,CLEVR_images,episode_00016,Aborted,1
2999,multimodal_referencegame,NEW_Reflect_Agent,CLEVR_images,episode_00016,Success,
3000,multimodal_referencegame,NEW_Reflect_Agent,CLEVR_images,episode_00016,Lose,
3001,multimodal_referencegame,NEW_Reflect_Agent,CLEVR_images,episode_00016,Main Score,
3002,multimodal_referencegame,NEW_Reflect_Agent,CLEVR_images,episode_00016,Request Success Ratio,0.0
3003,multimodal_referencegame,NEW_Reflect_Agent,CLEVR_static_target_images,episode_00017,Aborted at Player 1,1
3004,multimodal_referencegame,NEW_Reflect_Agent,CLEVR_static_target_images,episode_00017,Aborted at Player 2,0
3005,multimodal_referencegame,NEW_Reflect_Agent,CLEVR_static_target_images,episode_00017,Generated Expression Length,
3006,multimodal_referencegame,NEW_Reflect_Agent,CLEVR_static_target_images,episode_00017,Generated Expression Number of Tokens,
3007,multimodal_referencegame,NEW_Reflect_Agent,CLEVR_static_target_images,episode_00017,Request Count,1
3008,multimodal_referencegame,NEW_Reflect_Agent,CLEVR_static_target_images,episode_00017,Parsed Request Count,0
3009,multimodal_referencegame,NEW_Reflect_Agent,CLEVR_static_target_images,episode_00017,Violated Request Count,1
3010,multimodal_referencegame,NEW_Reflect_Agent,CLEVR_static_target_images,episode_00017,Aborted,1
3011,multimodal_referencegame,NEW_Reflect_Agent,CLEVR_static_target_images,episode_00017,Success,
3012,multimodal_referencegame,NEW_Reflect_Agent,CLEVR_static_target_images,episode_00017,Lose,
3013,multimodal_referencegame,NEW_Reflect_Agent,CLEVR_static_target_images,episode_00017,Main Score,
3014,multimodal_referencegame,NEW_Reflect_Agent,CLEVR_static_target_images,episode_00017,Request Success Ratio,0.0
3015,multimodal_referencegame,NEW_Reflect_Agent,CLEVR_static_target_images,episode_00018,Aborted at Player 1,1
3016,multimodal_referencegame,NEW_Reflect_Agent,CLEVR_static_target_images,episode_00018,Aborted at Player 2,0
3017,multimodal_referencegame,NEW_Reflect_Agent,CLEVR_static_target_images,episode_00018,Generated Expression Length,
3018,multimodal_referencegame,NEW_Reflect_Agent,CLEVR_static_target_images,episode_00018,Generated Expression Number of Tokens,
3019,multimodal_referencegame,NEW_Reflect_Agent,CLEVR_static_target_images,episode_00018,Request Count,1
3020,multimodal_referencegame,NEW_Reflect_Agent,CLEVR_static_target_images,episode_00018,Parsed Request Count,0
3021,multimodal_referencegame,NEW_Reflect_Agent,CLEVR_static_target_images,episode_00018,Violated Request Count,1
3022,multimodal_referencegame,NEW_Reflect_Agent,CLEVR_static_target_images,episode_00018,Aborted,1
3023,multimodal_referencegame,NEW_Reflect_Agent,CLEVR_static_target_images,episode_00018,Success,
3024,multimodal_referencegame,NEW_Reflect_Agent,CLEVR_static_target_images,episode_00018,Lose,
3025,multimodal_referencegame,NEW_Reflect_Agent,CLEVR_static_target_images,episode_00018,Main Score,
3026,multimodal_referencegame,NEW_Reflect_Agent,CLEVR_static_target_images,episode_00018,Request Success Ratio,0.0
3027,multimodal_referencegame,NEW_Reflect_Agent,diagonal_grids,episode_00005,Aborted at Player 1,1
3028,multimodal_referencegame,NEW_Reflect_Agent,diagonal_grids,episode_00005,Aborted at Player 2,0
3029,multimodal_referencegame,NEW_Reflect_Agent,diagonal_grids,episode_00005,Generated Expression Length,
3030,multimodal_referencegame,NEW_Reflect_Agent,diagonal_grids,episode_00005,Generated Expression Number of Tokens,
3031,multimodal_referencegame,NEW_Reflect_Agent,diagonal_grids,episode_00005,Request Count,1
3032,multimodal_referencegame,NEW_Reflect_Agent,diagonal_grids,episode_00005,Parsed Request Count,0
3033,multimodal_referencegame,NEW_Reflect_Agent,diagonal_grids,episode_00005,Violated Request Count,1
3034,multimodal_referencegame,NEW_Reflect_Agent,diagonal_grids,episode_00005,Aborted,1
3035,multimodal_referencegame,NEW_Reflect_Agent,diagonal_grids,episode_00005,Success,
3036,multimodal_referencegame,NEW_Reflect_Agent,diagonal_grids,episode_00005,Lose,
3037,multimodal_referencegame,NEW_Reflect_Agent,diagonal_grids,episode_00005,Main Score,
3038,multimodal_referencegame,NEW_Reflect_Agent,diagonal_grids,episode_00005,Request Success Ratio,0.0
3039,multimodal_referencegame,NEW_Reflect_Agent,diagonal_grids,episode_00006,Aborted at Player 1,1
3040,multimodal_referencegame,NEW_Reflect_Agent,diagonal_grids,episode_00006,Aborted at Player 2,0
3041,multimodal_referencegame,NEW_Reflect_Agent,diagonal_grids,episode_00006,Generated Expression Length,
3042,multimodal_referencegame,NEW_Reflect_Agent,diagonal_grids,episode_00006,Generated Expression Number of Tokens,
3043,multimodal_referencegame,NEW_Reflect_Agent,diagonal_grids,episode_00006,Request Count,1
3044,multimodal_referencegame,NEW_Reflect_Agent,diagonal_grids,episode_00006,Parsed Request Count,0
3045,multimodal_referencegame,NEW_Reflect_Agent,diagonal_grids,episode_00006,Violated Request Count,1
3046,multimodal_referencegame,NEW_Reflect_Agent,diagonal_grids,episode_00006,Aborted,1
3047,multimodal_referencegame,NEW_Reflect_Agent,diagonal_grids,episode_00006,Success,
3048,multimodal_referencegame,NEW_Reflect_Agent,diagonal_grids,episode_00006,Lose,
3049,multimodal_referencegame,NEW_Reflect_Agent,diagonal_grids,episode_00006,Main Score,
3050,multimodal_referencegame,NEW_Reflect_Agent,diagonal_grids,episode_00006,Request Success Ratio,0.0
3051,multimodal_referencegame,NEW_Reflect_Agent,DOCCI_images,episode_00013,Aborted at Player 1,1
3052,multimodal_referencegame,NEW_Reflect_Agent,DOCCI_images,episode_00013,Aborted at Player 2,0
3053,multimodal_referencegame,NEW_Reflect_Agent,DOCCI_images,episode_00013,Generated Expression Length,
3054,multimodal_referencegame,NEW_Reflect_Agent,DOCCI_images,episode_00013,Generated Expression Number of Tokens,
3055,multimodal_referencegame,NEW_Reflect_Agent,DOCCI_images,episode_00013,Request Count,1
3056,multimodal_referencegame,NEW_Reflect_Agent,DOCCI_images,episode_00013,Parsed Request Count,0
3057,multimodal_referencegame,NEW_Reflect_Agent,DOCCI_images,episode_00013,Violated Request Count,1
3058,multimodal_referencegame,NEW_Reflect_Agent,DOCCI_images,episode_00013,Aborted,1
3059,multimodal_referencegame,NEW_Reflect_Agent,DOCCI_images,episode_00013,Success,
3060,multimodal_referencegame,NEW_Reflect_Agent,DOCCI_images,episode_00013,Lose,
3061,multimodal_referencegame,NEW_Reflect_Agent,DOCCI_images,episode_00013,Main Score,
3062,multimodal_referencegame,NEW_Reflect_Agent,DOCCI_images,episode_00013,Request Success Ratio,0.0
3063,multimodal_referencegame,NEW_Reflect_Agent,DOCCI_images,episode_00014,Aborted at Player 1,1
3064,multimodal_referencegame,NEW_Reflect_Agent,DOCCI_images,episode_00014,Aborted at Player 2,0
3065,multimodal_referencegame,NEW_Reflect_Agent,DOCCI_images,episode_00014,Generated Expression Length,
3066,multimodal_referencegame,NEW_Reflect_Agent,DOCCI_images,episode_00014,Generated Expression Number of Tokens,
3067,multimodal_referencegame,NEW_Reflect_Agent,DOCCI_images,episode_00014,Request Count,1
3068,multimodal_referencegame,NEW_Reflect_Agent,DOCCI_images,episode_00014,Parsed Request Count,0
3069,multimodal_referencegame,NEW_Reflect_Agent,DOCCI_images,episode_00014,Violated Request Count,1
3070,multimodal_referencegame,NEW_Reflect_Agent,DOCCI_images,episode_00014,Aborted,1
3071,multimodal_referencegame,NEW_Reflect_Agent,DOCCI_images,episode_00014,Success,
3072,multimodal_referencegame,NEW_Reflect_Agent,DOCCI_images,episode_00014,Lose,
3073,multimodal_referencegame,NEW_Reflect_Agent,DOCCI_images,episode_00014,Main Score,
3074,multimodal_referencegame,NEW_Reflect_Agent,DOCCI_images,episode_00014,Request Success Ratio,0.0
3075,multimodal_referencegame,NEW_Reflect_Agent,DOCCI_static_target_images,episode_00019,Aborted at Player 1,1
3076,multimodal_referencegame,NEW_Reflect_Agent,DOCCI_static_target_images,episode_00019,Aborted at Player 2,0
3077,multimodal_referencegame,NEW_Reflect_Agent,DOCCI_static_target_images,episode_00019,Generated Expression Length,
3078,multimodal_referencegame,NEW_Reflect_Agent,DOCCI_static_target_images,episode_00019,Generated Expression Number of Tokens,
3079,multimodal_referencegame,NEW_Reflect_Agent,DOCCI_static_target_images,episode_00019,Request Count,1
3080,multimodal_referencegame,NEW_Reflect_Agent,DOCCI_static_target_images,episode_00019,Parsed Request Count,0
3081,multimodal_referencegame,NEW_Reflect_Agent,DOCCI_static_target_images,episode_00019,Violated Request Count,1
3082,multimodal_referencegame,NEW_Reflect_Agent,DOCCI_static_target_images,episode_00019,Aborted,1
3083,multimodal_referencegame,NEW_Reflect_Agent,DOCCI_static_target_images,episode_00019,Success,
3084,multimodal_referencegame,NEW_Reflect_Agent,DOCCI_static_target_images,episode_00019,Lose,
3085,multimodal_referencegame,NEW_Reflect_Agent,DOCCI_static_target_images,episode_00019,Main Score,
3086,multimodal_referencegame,NEW_Reflect_Agent,DOCCI_static_target_images,episode_00019,Request Success Ratio,0.0
3087,multimodal_referencegame,NEW_Reflect_Agent,DOCCI_static_target_images,episode_00020,Aborted at Player 1,1
3088,multimodal_referencegame,NEW_Reflect_Agent,DOCCI_static_target_images,episode_00020,Aborted at Player 2,0
3089,multimodal_referencegame,NEW_Reflect_Agent,DOCCI_static_target_images,episode_00020,Generated Expression Length,
3090,multimodal_referencegame,NEW_Reflect_Agent,DOCCI_static_target_images,episode_00020,Generated Expression Number of Tokens,
3091,multimodal_referencegame,NEW_Reflect_Agent,DOCCI_static_target_images,episode_00020,Request Count,1
3092,multimodal_referencegame,NEW_Reflect_Agent,DOCCI_static_target_images,episode_00020,Parsed Request Count,0
3093,multimodal_referencegame,NEW_Reflect_Agent,DOCCI_static_target_images,episode_00020,Violated Request Count,1
3094,multimodal_referencegame,NEW_Reflect_Agent,DOCCI_static_target_images,episode_00020,Aborted,1
3095,multimodal_referencegame,NEW_Reflect_Agent,DOCCI_static_target_images,episode_00020,Success,
3096,multimodal_referencegame,NEW_Reflect_Agent,DOCCI_static_target_images,episode_00020,Lose,
3097,multimodal_referencegame,NEW_Reflect_Agent,DOCCI_static_target_images,episode_00020,Main Score,
3098,multimodal_referencegame,NEW_Reflect_Agent,DOCCI_static_target_images,episode_00020,Request Success Ratio,0.0
3099,multimodal_referencegame,NEW_Reflect_Agent,letter_grids,episode_00007,Aborted at Player 1,1
3100,multimodal_referencegame,NEW_Reflect_Agent,letter_grids,episode_00007,Aborted at Player 2,0
3101,multimodal_referencegame,NEW_Reflect_Agent,letter_grids,episode_00007,Generated Expression Length,
3102,multimodal_referencegame,NEW_Reflect_Agent,letter_grids,episode_00007,Generated Expression Number of Tokens,
3103,multimodal_referencegame,NEW_Reflect_Agent,letter_grids,episode_00007,Request Count,1
3104,multimodal_referencegame,NEW_Reflect_Agent,letter_grids,episode_00007,Parsed Request Count,0
3105,multimodal_referencegame,NEW_Reflect_Agent,letter_grids,episode_00007,Violated Request Count,1
3106,multimodal_referencegame,NEW_Reflect_Agent,letter_grids,episode_00007,Aborted,1
3107,multimodal_referencegame,NEW_Reflect_Agent,letter_grids,episode_00007,Success,
3108,multimodal_referencegame,NEW_Reflect_Agent,letter_grids,episode_00007,Lose,
3109,multimodal_referencegame,NEW_Reflect_Agent,letter_grids,episode_00007,Main Score,
3110,multimodal_referencegame,NEW_Reflect_Agent,letter_grids,episode_00007,Request Success Ratio,0.0
3111,multimodal_referencegame,NEW_Reflect_Agent,letter_grids,episode_00008,Aborted at Player 1,1
3112,multimodal_referencegame,NEW_Reflect_Agent,letter_grids,episode_00008,Aborted at Player 2,0
3113,multimodal_referencegame,NEW_Reflect_Agent,letter_grids,episode_00008,Generated Expression Length,
3114,multimodal_referencegame,NEW_Reflect_Agent,letter_grids,episode_00008,Generated Expression Number of Tokens,
3115,multimodal_referencegame,NEW_Reflect_Agent,letter_grids,episode_00008,Request Count,1
3116,multimodal_referencegame,NEW_Reflect_Agent,letter_grids,episode_00008,Parsed Request Count,0
3117,multimodal_referencegame,NEW_Reflect_Agent,letter_grids,episode_00008,Violated Request Count,1
3118,multimodal_referencegame,NEW_Reflect_Agent,letter_grids,episode_00008,Aborted,1
3119,multimodal_referencegame,NEW_Reflect_Agent,letter_grids,episode_00008,Success,
3120,multimodal_referencegame,NEW_Reflect_Agent,letter_grids,episode_00008,Lose,
3121,multimodal_referencegame,NEW_Reflect_Agent,letter_grids,episode_00008,Main Score,
3122,multimodal_referencegame,NEW_Reflect_Agent,letter_grids,episode_00008,Request Success Ratio,0.0
3123,multimodal_referencegame,NEW_Reflect_Agent,line_grids_columns,episode_00003,Aborted at Player 1,1
3124,multimodal_referencegame,NEW_Reflect_Agent,line_grids_columns,episode_00003,Aborted at Player 2,0
3125,multimodal_referencegame,NEW_Reflect_Agent,line_grids_columns,episode_00003,Generated Expression Length,
3126,multimodal_referencegame,NEW_Reflect_Agent,line_grids_columns,episode_00003,Generated Expression Number of Tokens,
3127,multimodal_referencegame,NEW_Reflect_Agent,line_grids_columns,episode_00003,Request Count,1
3128,multimodal_referencegame,NEW_Reflect_Agent,line_grids_columns,episode_00003,Parsed Request Count,0
3129,multimodal_referencegame,NEW_Reflect_Agent,line_grids_columns,episode_00003,Violated Request Count,1
3130,multimodal_referencegame,NEW_Reflect_Agent,line_grids_columns,episode_00003,Aborted,1
3131,multimodal_referencegame,NEW_Reflect_Agent,line_grids_columns,episode_00003,Success,
3132,multimodal_referencegame,NEW_Reflect_Agent,line_grids_columns,episode_00003,Lose,
3133,multimodal_referencegame,NEW_Reflect_Agent,line_grids_columns,episode_00003,Main Score,
3134,multimodal_referencegame,NEW_Reflect_Agent,line_grids_columns,episode_00003,Request Success Ratio,0.0
3135,multimodal_referencegame,NEW_Reflect_Agent,line_grids_columns,episode_00004,Aborted at Player 1,1
3136,multimodal_referencegame,NEW_Reflect_Agent,line_grids_columns,episode_00004,Aborted at Player 2,0
3137,multimodal_referencegame,NEW_Reflect_Agent,line_grids_columns,episode_00004,Generated Expression Length,
3138,multimodal_referencegame,NEW_Reflect_Agent,line_grids_columns,episode_00004,Generated Expression Number of Tokens,
3139,multimodal_referencegame,NEW_Reflect_Agent,line_grids_columns,episode_00004,Request Count,1
3140,multimodal_referencegame,NEW_Reflect_Agent,line_grids_columns,episode_00004,Parsed Request Count,0
3141,multimodal_referencegame,NEW_Reflect_Agent,line_grids_columns,episode_00004,Violated Request Count,1
3142,multimodal_referencegame,NEW_Reflect_Agent,line_grids_columns,episode_00004,Aborted,1
3143,multimodal_referencegame,NEW_Reflect_Agent,line_grids_columns,episode_00004,Success,
3144,multimodal_referencegame,NEW_Reflect_Agent,line_grids_columns,episode_00004,Lose,
3145,multimodal_referencegame,NEW_Reflect_Agent,line_grids_columns,episode_00004,Main Score,
3146,multimodal_referencegame,NEW_Reflect_Agent,line_grids_columns,episode_00004,Request Success Ratio,0.0
3147,multimodal_referencegame,NEW_Reflect_Agent,line_grids_rows,episode_00001,Aborted at Player 1,1
3148,multimodal_referencegame,NEW_Reflect_Agent,line_grids_rows,episode_00001,Aborted at Player 2,0
3149,multimodal_referencegame,NEW_Reflect_Agent,line_grids_rows,episode_00001,Generated Expression Length,
3150,multimodal_referencegame,NEW_Reflect_Agent,line_grids_rows,episode_00001,Generated Expression Number of Tokens,
3151,multimodal_referencegame,NEW_Reflect_Agent,line_grids_rows,episode_00001,Request Count,1
3152,multimodal_referencegame,NEW_Reflect_Agent,line_grids_rows,episode_00001,Parsed Request Count,0
3153,multimodal_referencegame,NEW_Reflect_Agent,line_grids_rows,episode_00001,Violated Request Count,1
3154,multimodal_referencegame,NEW_Reflect_Agent,line_grids_rows,episode_00001,Aborted,1
3155,multimodal_referencegame,NEW_Reflect_Agent,line_grids_rows,episode_00001,Success,
3156,multimodal_referencegame,NEW_Reflect_Agent,line_grids_rows,episode_00001,Lose,
3157,multimodal_referencegame,NEW_Reflect_Agent,line_grids_rows,episode_00001,Main Score,
3158,multimodal_referencegame,NEW_Reflect_Agent,line_grids_rows,episode_00001,Request Success Ratio,0.0
3159,multimodal_referencegame,NEW_Reflect_Agent,line_grids_rows,episode_00002,Aborted at Player 1,1
3160,multimodal_referencegame,NEW_Reflect_Agent,line_grids_rows,episode_00002,Aborted at Player 2,0
3161,multimodal_referencegame,NEW_Reflect_Agent,line_grids_rows,episode_00002,Generated Expression Length,
3162,multimodal_referencegame,NEW_Reflect_Agent,line_grids_rows,episode_00002,Generated Expression Number of Tokens,
3163,multimodal_referencegame,NEW_Reflect_Agent,line_grids_rows,episode_00002,Request Count,1
3164,multimodal_referencegame,NEW_Reflect_Agent,line_grids_rows,episode_00002,Parsed Request Count,0
3165,multimodal_referencegame,NEW_Reflect_Agent,line_grids_rows,episode_00002,Violated Request Count,1
3166,multimodal_referencegame,NEW_Reflect_Agent,line_grids_rows,episode_00002,Aborted,1
3167,multimodal_referencegame,NEW_Reflect_Agent,line_grids_rows,episode_00002,Success,
3168,multimodal_referencegame,NEW_Reflect_Agent,line_grids_rows,episode_00002,Lose,
3169,multimodal_referencegame,NEW_Reflect_Agent,line_grids_rows,episode_00002,Main Score,
3170,multimodal_referencegame,NEW_Reflect_Agent,line_grids_rows,episode_00002,Request Success Ratio,0.0
3171,multimodal_referencegame,NEW_Reflect_Agent,pentomino_images,episode_00021,Aborted at Player 1,1
3172,multimodal_referencegame,NEW_Reflect_Agent,pentomino_images,episode_00021,Aborted at Player 2,0
3173,multimodal_referencegame,NEW_Reflect_Agent,pentomino_images,episode_00021,Generated Expression Length,
3174,multimodal_referencegame,NEW_Reflect_Agent,pentomino_images,episode_00021,Generated Expression Number of Tokens,
3175,multimodal_referencegame,NEW_Reflect_Agent,pentomino_images,episode_00021,Request Count,1
3176,multimodal_referencegame,NEW_Reflect_Agent,pentomino_images,episode_00021,Parsed Request Count,0
3177,multimodal_referencegame,NEW_Reflect_Agent,pentomino_images,episode_00021,Violated Request Count,1
3178,multimodal_referencegame,NEW_Reflect_Agent,pentomino_images,episode_00021,Aborted,1
3179,multimodal_referencegame,NEW_Reflect_Agent,pentomino_images,episode_00021,Success,
3180,multimodal_referencegame,NEW_Reflect_Agent,pentomino_images,episode_00021,Lose,
3181,multimodal_referencegame,NEW_Reflect_Agent,pentomino_images,episode_00021,Main Score,
3182,multimodal_referencegame,NEW_Reflect_Agent,pentomino_images,episode_00021,Request Success Ratio,0.0
3183,multimodal_referencegame,NEW_Reflect_Agent,pentomino_images,episode_00022,Aborted at Player 1,1
3184,multimodal_referencegame,NEW_Reflect_Agent,pentomino_images,episode_00022,Aborted at Player 2,0
3185,multimodal_referencegame,NEW_Reflect_Agent,pentomino_images,episode_00022,Generated Expression Length,
3186,multimodal_referencegame,NEW_Reflect_Agent,pentomino_images,episode_00022,Generated Expression Number of Tokens,
3187,multimodal_referencegame,NEW_Reflect_Agent,pentomino_images,episode_00022,Request Count,1
3188,multimodal_referencegame,NEW_Reflect_Agent,pentomino_images,episode_00022,Parsed Request Count,0
3189,multimodal_referencegame,NEW_Reflect_Agent,pentomino_images,episode_00022,Violated Request Count,1
3190,multimodal_referencegame,NEW_Reflect_Agent,pentomino_images,episode_00022,Aborted,1
3191,multimodal_referencegame,NEW_Reflect_Agent,pentomino_images,episode_00022,Success,
3192,multimodal_referencegame,NEW_Reflect_Agent,pentomino_images,episode_00022,Lose,
3193,multimodal_referencegame,NEW_Reflect_Agent,pentomino_images,episode_00022,Main Score,
3194,multimodal_referencegame,NEW_Reflect_Agent,pentomino_images,episode_00022,Request Success Ratio,0.0
3195,multimodal_referencegame,NEW_Reflect_Agent,random_grids,episode_00011,Aborted at Player 1,1
3196,multimodal_referencegame,NEW_Reflect_Agent,random_grids,episode_00011,Aborted at Player 2,0
3197,multimodal_referencegame,NEW_Reflect_Agent,random_grids,episode_00011,Generated Expression Length,
3198,multimodal_referencegame,NEW_Reflect_Agent,random_grids,episode_00011,Generated Expression Number of Tokens,
3199,multimodal_referencegame,NEW_Reflect_Agent,random_grids,episode_00011,Request Count,1
3200,multimodal_referencegame,NEW_Reflect_Agent,random_grids,episode_00011,Parsed Request Count,0
3201,multimodal_referencegame,NEW_Reflect_Agent,random_grids,episode_00011,Violated Request Count,1
3202,multimodal_referencegame,NEW_Reflect_Agent,random_grids,episode_00011,Aborted,1
3203,multimodal_referencegame,NEW_Reflect_Agent,random_grids,episode_00011,Success,
3204,multimodal_referencegame,NEW_Reflect_Agent,random_grids,episode_00011,Lose,
3205,multimodal_referencegame,NEW_Reflect_Agent,random_grids,episode_00011,Main Score,
3206,multimodal_referencegame,NEW_Reflect_Agent,random_grids,episode_00011,Request Success Ratio,0.0
3207,multimodal_referencegame,NEW_Reflect_Agent,random_grids,episode_00012,Aborted at Player 1,1
3208,multimodal_referencegame,NEW_Reflect_Agent,random_grids,episode_00012,Aborted at Player 2,0
3209,multimodal_referencegame,NEW_Reflect_Agent,random_grids,episode_00012,Generated Expression Length,
3210,multimodal_referencegame,NEW_Reflect_Agent,random_grids,episode_00012,Generated Expression Number of Tokens,
3211,multimodal_referencegame,NEW_Reflect_Agent,random_grids,episode_00012,Request Count,1
3212,multimodal_referencegame,NEW_Reflect_Agent,random_grids,episode_00012,Parsed Request Count,0
3213,multimodal_referencegame,NEW_Reflect_Agent,random_grids,episode_00012,Violated Request Count,1
3214,multimodal_referencegame,NEW_Reflect_Agent,random_grids,episode_00012,Aborted,1
3215,multimodal_referencegame,NEW_Reflect_Agent,random_grids,episode_00012,Success,
3216,multimodal_referencegame,NEW_Reflect_Agent,random_grids,episode_00012,Lose,
3217,multimodal_referencegame,NEW_Reflect_Agent,random_grids,episode_00012,Main Score,
3218,multimodal_referencegame,NEW_Reflect_Agent,random_grids,episode_00012,Request Success Ratio,0.0
3219,multimodal_referencegame,NEW_Reflect_Agent,shape_grids,episode_00009,Aborted at Player 1,1
3220,multimodal_referencegame,NEW_Reflect_Agent,shape_grids,episode_00009,Aborted at Player 2,0
3221,multimodal_referencegame,NEW_Reflect_Agent,shape_grids,episode_00009,Generated Expression Length,
3222,multimodal_referencegame,NEW_Reflect_Agent,shape_grids,episode_00009,Generated Expression Number of Tokens,
3223,multimodal_referencegame,NEW_Reflect_Agent,shape_grids,episode_00009,Request Count,1
3224,multimodal_referencegame,NEW_Reflect_Agent,shape_grids,episode_00009,Parsed Request Count,0
3225,multimodal_referencegame,NEW_Reflect_Agent,shape_grids,episode_00009,Violated Request Count,1
3226,multimodal_referencegame,NEW_Reflect_Agent,shape_grids,episode_00009,Aborted,1
3227,multimodal_referencegame,NEW_Reflect_Agent,shape_grids,episode_00009,Success,
3228,multimodal_referencegame,NEW_Reflect_Agent,shape_grids,episode_00009,Lose,
3229,multimodal_referencegame,NEW_Reflect_Agent,shape_grids,episode_00009,Main Score,
3230,multimodal_referencegame,NEW_Reflect_Agent,shape_grids,episode_00009,Request Success Ratio,0.0
3231,multimodal_referencegame,NEW_Reflect_Agent,shape_grids,episode_00010,Aborted at Player 1,1
3232,multimodal_referencegame,NEW_Reflect_Agent,shape_grids,episode_00010,Aborted at Player 2,0
3233,multimodal_referencegame,NEW_Reflect_Agent,shape_grids,episode_00010,Generated Expression Length,
3234,multimodal_referencegame,NEW_Reflect_Agent,shape_grids,episode_00010,Generated Expression Number of Tokens,
3235,multimodal_referencegame,NEW_Reflect_Agent,shape_grids,episode_00010,Request Count,1
3236,multimodal_referencegame,NEW_Reflect_Agent,shape_grids,episode_00010,Parsed Request Count,0
3237,multimodal_referencegame,NEW_Reflect_Agent,shape_grids,episode_00010,Violated Request Count,1
3238,multimodal_referencegame,NEW_Reflect_Agent,shape_grids,episode_00010,Aborted,1
3239,multimodal_referencegame,NEW_Reflect_Agent,shape_grids,episode_00010,Success,
3240,multimodal_referencegame,NEW_Reflect_Agent,shape_grids,episode_00010,Lose,
3241,multimodal_referencegame,NEW_Reflect_Agent,shape_grids,episode_00010,Main Score,
3242,multimodal_referencegame,NEW_Reflect_Agent,shape_grids,episode_00010,Request Success Ratio,0.0
3243,privateshared,NEW_Reflect_Agent,job-interview,episode_00006,Accuracy,1.0
3244,privateshared,NEW_Reflect_Agent,job-interview,episode_00006,Kappa,
3245,privateshared,NEW_Reflect_Agent,job-interview,episode_00006,Truncated Kappa,0
3246,privateshared,NEW_Reflect_Agent,job-interview,episode_00006,Slot-Filling-Accuracy,
3247,privateshared,NEW_Reflect_Agent,job-interview,episode_00006,Main Score,
3248,privateshared,NEW_Reflect_Agent,job-interview,episode_00006,Aborted,0
3249,privateshared,NEW_Reflect_Agent,job-interview,episode_00006,Lose,1
3250,privateshared,NEW_Reflect_Agent,job-interview,episode_00006,Success,0
3251,privateshared,NEW_Reflect_Agent,job-interview,episode_00006,Request Count,7
3252,privateshared,NEW_Reflect_Agent,job-interview,episode_00006,Parsed Request Count,5
3253,privateshared,NEW_Reflect_Agent,job-interview,episode_00006,Violated Request Count,7
3254,privateshared,NEW_Reflect_Agent,job-interview,episode_00006,Request Success Ratio,0.7142857142857143
3255,privateshared,NEW_Reflect_Agent,job-interview,episode_00007,Accuracy,0.2
3256,privateshared,NEW_Reflect_Agent,job-interview,episode_00007,Kappa,0.0
3257,privateshared,NEW_Reflect_Agent,job-interview,episode_00007,Truncated Kappa,0
3258,privateshared,NEW_Reflect_Agent,job-interview,episode_00007,Slot-Filling-Accuracy,
3259,privateshared,NEW_Reflect_Agent,job-interview,episode_00007,Main Score,
3260,privateshared,NEW_Reflect_Agent,job-interview,episode_00007,Aborted,0
3261,privateshared,NEW_Reflect_Agent,job-interview,episode_00007,Lose,1
3262,privateshared,NEW_Reflect_Agent,job-interview,episode_00007,Success,0
3263,privateshared,NEW_Reflect_Agent,job-interview,episode_00007,Request Count,8
3264,privateshared,NEW_Reflect_Agent,job-interview,episode_00007,Parsed Request Count,5
3265,privateshared,NEW_Reflect_Agent,job-interview,episode_00007,Violated Request Count,8
3266,privateshared,NEW_Reflect_Agent,job-interview,episode_00007,Request Success Ratio,0.625
3267,privateshared,NEW_Reflect_Agent,job-interview,episode_00008,Accuracy,0.6
3268,privateshared,NEW_Reflect_Agent,job-interview,episode_00008,Kappa,0.0
3269,privateshared,NEW_Reflect_Agent,job-interview,episode_00008,Truncated Kappa,0
3270,privateshared,NEW_Reflect_Agent,job-interview,episode_00008,Slot-Filling-Accuracy,
3271,privateshared,NEW_Reflect_Agent,job-interview,episode_00008,Main Score,
3272,privateshared,NEW_Reflect_Agent,job-interview,episode_00008,Aborted,0
3273,privateshared,NEW_Reflect_Agent,job-interview,episode_00008,Lose,1
3274,privateshared,NEW_Reflect_Agent,job-interview,episode_00008,Success,0
3275,privateshared,NEW_Reflect_Agent,job-interview,episode_00008,Request Count,6
3276,privateshared,NEW_Reflect_Agent,job-interview,episode_00008,Parsed Request Count,5
3277,privateshared,NEW_Reflect_Agent,job-interview,episode_00008,Violated Request Count,6
3278,privateshared,NEW_Reflect_Agent,job-interview,episode_00008,Request Success Ratio,0.8333333333333334
3279,privateshared,NEW_Reflect_Agent,job-interview,episode_00009,Accuracy,0.0
3280,privateshared,NEW_Reflect_Agent,job-interview,episode_00009,Kappa,0.0
3281,privateshared,NEW_Reflect_Agent,job-interview,episode_00009,Truncated Kappa,0
3282,privateshared,NEW_Reflect_Agent,job-interview,episode_00009,Slot-Filling-Accuracy,
3283,privateshared,NEW_Reflect_Agent,job-interview,episode_00009,Main Score,
3284,privateshared,NEW_Reflect_Agent,job-interview,episode_00009,Aborted,0
3285,privateshared,NEW_Reflect_Agent,job-interview,episode_00009,Lose,1
3286,privateshared,NEW_Reflect_Agent,job-interview,episode_00009,Success,0
3287,privateshared,NEW_Reflect_Agent,job-interview,episode_00009,Request Count,7
3288,privateshared,NEW_Reflect_Agent,job-interview,episode_00009,Parsed Request Count,5
3289,privateshared,NEW_Reflect_Agent,job-interview,episode_00009,Violated Request Count,7
3290,privateshared,NEW_Reflect_Agent,job-interview,episode_00009,Request Success Ratio,0.7142857142857143
3291,privateshared,NEW_Reflect_Agent,job-interview,episode_00010,Accuracy,0.6
3292,privateshared,NEW_Reflect_Agent,job-interview,episode_00010,Kappa,0.0
3293,privateshared,NEW_Reflect_Agent,job-interview,episode_00010,Truncated Kappa,0
3294,privateshared,NEW_Reflect_Agent,job-interview,episode_00010,Slot-Filling-Accuracy,
3295,privateshared,NEW_Reflect_Agent,job-interview,episode_00010,Main Score,
3296,privateshared,NEW_Reflect_Agent,job-interview,episode_00010,Aborted,0
3297,privateshared,NEW_Reflect_Agent,job-interview,episode_00010,Lose,1
3298,privateshared,NEW_Reflect_Agent,job-interview,episode_00010,Success,0
3299,privateshared,NEW_Reflect_Agent,job-interview,episode_00010,Request Count,11
3300,privateshared,NEW_Reflect_Agent,job-interview,episode_00010,Parsed Request Count,5
3301,privateshared,NEW_Reflect_Agent,job-interview,episode_00010,Violated Request Count,11
3302,privateshared,NEW_Reflect_Agent,job-interview,episode_00010,Request Success Ratio,0.45454545454545453
3303,privateshared,NEW_Reflect_Agent,letter-number,episode_00021,Accuracy,0.5
3304,privateshared,NEW_Reflect_Agent,letter-number,episode_00021,Kappa,0.0
3305,privateshared,NEW_Reflect_Agent,letter-number,episode_00021,Truncated Kappa,0
3306,privateshared,NEW_Reflect_Agent,letter-number,episode_00021,Slot-Filling-Accuracy,
3307,privateshared,NEW_Reflect_Agent,letter-number,episode_00021,Main Score,
3308,privateshared,NEW_Reflect_Agent,letter-number,episode_00021,Aborted,0
3309,privateshared,NEW_Reflect_Agent,letter-number,episode_00021,Lose,1
3310,privateshared,NEW_Reflect_Agent,letter-number,episode_00021,Success,0
3311,privateshared,NEW_Reflect_Agent,letter-number,episode_00021,Request Count,15
3312,privateshared,NEW_Reflect_Agent,letter-number,episode_00021,Parsed Request Count,10
3313,privateshared,NEW_Reflect_Agent,letter-number,episode_00021,Violated Request Count,15
3314,privateshared,NEW_Reflect_Agent,letter-number,episode_00021,Request Success Ratio,0.6666666666666666
3315,privateshared,NEW_Reflect_Agent,letter-number,episode_00022,Accuracy,
3316,privateshared,NEW_Reflect_Agent,letter-number,episode_00022,Kappa,
3317,privateshared,NEW_Reflect_Agent,letter-number,episode_00022,Truncated Kappa,
3318,privateshared,NEW_Reflect_Agent,letter-number,episode_00022,Slot-Filling-Accuracy,
3319,privateshared,NEW_Reflect_Agent,letter-number,episode_00022,Main Score,
3320,privateshared,NEW_Reflect_Agent,letter-number,episode_00022,Aborted,1
3321,privateshared,NEW_Reflect_Agent,letter-number,episode_00022,Lose,0
3322,privateshared,NEW_Reflect_Agent,letter-number,episode_00022,Success,0
3323,privateshared,NEW_Reflect_Agent,letter-number,episode_00022,Request Count,11
3324,privateshared,NEW_Reflect_Agent,letter-number,episode_00022,Parsed Request Count,3
3325,privateshared,NEW_Reflect_Agent,letter-number,episode_00022,Violated Request Count,8
3326,privateshared,NEW_Reflect_Agent,letter-number,episode_00022,Request Success Ratio,0.2727272727272727
3327,privateshared,NEW_Reflect_Agent,letter-number,episode_00023,Accuracy,0.5
3328,privateshared,NEW_Reflect_Agent,letter-number,episode_00023,Kappa,0.0
3329,privateshared,NEW_Reflect_Agent,letter-number,episode_00023,Truncated Kappa,0
3330,privateshared,NEW_Reflect_Agent,letter-number,episode_00023,Slot-Filling-Accuracy,
3331,privateshared,NEW_Reflect_Agent,letter-number,episode_00023,Main Score,
3332,privateshared,NEW_Reflect_Agent,letter-number,episode_00023,Aborted,0
3333,privateshared,NEW_Reflect_Agent,letter-number,episode_00023,Lose,1
3334,privateshared,NEW_Reflect_Agent,letter-number,episode_00023,Success,0
3335,privateshared,NEW_Reflect_Agent,letter-number,episode_00023,Request Count,15
3336,privateshared,NEW_Reflect_Agent,letter-number,episode_00023,Parsed Request Count,10
3337,privateshared,NEW_Reflect_Agent,letter-number,episode_00023,Violated Request Count,15
3338,privateshared,NEW_Reflect_Agent,letter-number,episode_00023,Request Success Ratio,0.6666666666666666
3339,privateshared,NEW_Reflect_Agent,letter-number,episode_00024,Accuracy,0.7
3340,privateshared,NEW_Reflect_Agent,letter-number,episode_00024,Kappa,0.0
3341,privateshared,NEW_Reflect_Agent,letter-number,episode_00024,Truncated Kappa,0
3342,privateshared,NEW_Reflect_Agent,letter-number,episode_00024,Slot-Filling-Accuracy,
3343,privateshared,NEW_Reflect_Agent,letter-number,episode_00024,Main Score,
3344,privateshared,NEW_Reflect_Agent,letter-number,episode_00024,Aborted,0
3345,privateshared,NEW_Reflect_Agent,letter-number,episode_00024,Lose,1
3346,privateshared,NEW_Reflect_Agent,letter-number,episode_00024,Success,0
3347,privateshared,NEW_Reflect_Agent,letter-number,episode_00024,Request Count,15
3348,privateshared,NEW_Reflect_Agent,letter-number,episode_00024,Parsed Request Count,10
3349,privateshared,NEW_Reflect_Agent,letter-number,episode_00024,Violated Request Count,15
3350,privateshared,NEW_Reflect_Agent,letter-number,episode_00024,Request Success Ratio,0.6666666666666666
3351,privateshared,NEW_Reflect_Agent,letter-number,episode_00025,Accuracy,0.5
3352,privateshared,NEW_Reflect_Agent,letter-number,episode_00025,Kappa,0.0
3353,privateshared,NEW_Reflect_Agent,letter-number,episode_00025,Truncated Kappa,0
3354,privateshared,NEW_Reflect_Agent,letter-number,episode_00025,Slot-Filling-Accuracy,
3355,privateshared,NEW_Reflect_Agent,letter-number,episode_00025,Main Score,
3356,privateshared,NEW_Reflect_Agent,letter-number,episode_00025,Aborted,0
3357,privateshared,NEW_Reflect_Agent,letter-number,episode_00025,Lose,1
3358,privateshared,NEW_Reflect_Agent,letter-number,episode_00025,Success,0
3359,privateshared,NEW_Reflect_Agent,letter-number,episode_00025,Request Count,16
3360,privateshared,NEW_Reflect_Agent,letter-number,episode_00025,Parsed Request Count,10
3361,privateshared,NEW_Reflect_Agent,letter-number,episode_00025,Violated Request Count,16
3362,privateshared,NEW_Reflect_Agent,letter-number,episode_00025,Request Success Ratio,0.625
3363,privateshared,NEW_Reflect_Agent,restaurant,episode_00011,Accuracy,0.2
3364,privateshared,NEW_Reflect_Agent,restaurant,episode_00011,Kappa,0.0
3365,privateshared,NEW_Reflect_Agent,restaurant,episode_00011,Truncated Kappa,0
3366,privateshared,NEW_Reflect_Agent,restaurant,episode_00011,Slot-Filling-Accuracy,
3367,privateshared,NEW_Reflect_Agent,restaurant,episode_00011,Main Score,
3368,privateshared,NEW_Reflect_Agent,restaurant,episode_00011,Aborted,0
3369,privateshared,NEW_Reflect_Agent,restaurant,episode_00011,Lose,1
3370,privateshared,NEW_Reflect_Agent,restaurant,episode_00011,Success,0
3371,privateshared,NEW_Reflect_Agent,restaurant,episode_00011,Request Count,7
3372,privateshared,NEW_Reflect_Agent,restaurant,episode_00011,Parsed Request Count,5
3373,privateshared,NEW_Reflect_Agent,restaurant,episode_00011,Violated Request Count,7
3374,privateshared,NEW_Reflect_Agent,restaurant,episode_00011,Request Success Ratio,0.7142857142857143
3375,privateshared,NEW_Reflect_Agent,restaurant,episode_00012,Accuracy,0.2
3376,privateshared,NEW_Reflect_Agent,restaurant,episode_00012,Kappa,0.0
3377,privateshared,NEW_Reflect_Agent,restaurant,episode_00012,Truncated Kappa,0
3378,privateshared,NEW_Reflect_Agent,restaurant,episode_00012,Slot-Filling-Accuracy,
3379,privateshared,NEW_Reflect_Agent,restaurant,episode_00012,Main Score,
3380,privateshared,NEW_Reflect_Agent,restaurant,episode_00012,Aborted,0
3381,privateshared,NEW_Reflect_Agent,restaurant,episode_00012,Lose,1
3382,privateshared,NEW_Reflect_Agent,restaurant,episode_00012,Success,0
3383,privateshared,NEW_Reflect_Agent,restaurant,episode_00012,Request Count,8
3384,privateshared,NEW_Reflect_Agent,restaurant,episode_00012,Parsed Request Count,5
3385,privateshared,NEW_Reflect_Agent,restaurant,episode_00012,Violated Request Count,8
3386,privateshared,NEW_Reflect_Agent,restaurant,episode_00012,Request Success Ratio,0.625
3387,privateshared,NEW_Reflect_Agent,restaurant,episode_00013,Accuracy,0.4
3388,privateshared,NEW_Reflect_Agent,restaurant,episode_00013,Kappa,0.0
3389,privateshared,NEW_Reflect_Agent,restaurant,episode_00013,Truncated Kappa,0
3390,privateshared,NEW_Reflect_Agent,restaurant,episode_00013,Slot-Filling-Accuracy,
3391,privateshared,NEW_Reflect_Agent,restaurant,episode_00013,Main Score,
3392,privateshared,NEW_Reflect_Agent,restaurant,episode_00013,Aborted,0
3393,privateshared,NEW_Reflect_Agent,restaurant,episode_00013,Lose,1
3394,privateshared,NEW_Reflect_Agent,restaurant,episode_00013,Success,0
3395,privateshared,NEW_Reflect_Agent,restaurant,episode_00013,Request Count,11
3396,privateshared,NEW_Reflect_Agent,restaurant,episode_00013,Parsed Request Count,5
3397,privateshared,NEW_Reflect_Agent,restaurant,episode_00013,Violated Request Count,11
3398,privateshared,NEW_Reflect_Agent,restaurant,episode_00013,Request Success Ratio,0.45454545454545453
3399,privateshared,NEW_Reflect_Agent,restaurant,episode_00014,Accuracy,0.6
3400,privateshared,NEW_Reflect_Agent,restaurant,episode_00014,Kappa,0.0
3401,privateshared,NEW_Reflect_Agent,restaurant,episode_00014,Truncated Kappa,0
3402,privateshared,NEW_Reflect_Agent,restaurant,episode_00014,Slot-Filling-Accuracy,
3403,privateshared,NEW_Reflect_Agent,restaurant,episode_00014,Main Score,
3404,privateshared,NEW_Reflect_Agent,restaurant,episode_00014,Aborted,0
3405,privateshared,NEW_Reflect_Agent,restaurant,episode_00014,Lose,1
3406,privateshared,NEW_Reflect_Agent,restaurant,episode_00014,Success,0
3407,privateshared,NEW_Reflect_Agent,restaurant,episode_00014,Request Count,9
3408,privateshared,NEW_Reflect_Agent,restaurant,episode_00014,Parsed Request Count,5
3409,privateshared,NEW_Reflect_Agent,restaurant,episode_00014,Violated Request Count,9
3410,privateshared,NEW_Reflect_Agent,restaurant,episode_00014,Request Success Ratio,0.5555555555555556
3411,privateshared,NEW_Reflect_Agent,restaurant,episode_00015,Accuracy,0.4
3412,privateshared,NEW_Reflect_Agent,restaurant,episode_00015,Kappa,0.0
3413,privateshared,NEW_Reflect_Agent,restaurant,episode_00015,Truncated Kappa,0
3414,privateshared,NEW_Reflect_Agent,restaurant,episode_00015,Slot-Filling-Accuracy,
3415,privateshared,NEW_Reflect_Agent,restaurant,episode_00015,Main Score,
3416,privateshared,NEW_Reflect_Agent,restaurant,episode_00015,Aborted,0
3417,privateshared,NEW_Reflect_Agent,restaurant,episode_00015,Lose,1
3418,privateshared,NEW_Reflect_Agent,restaurant,episode_00015,Success,0
3419,privateshared,NEW_Reflect_Agent,restaurant,episode_00015,Request Count,7
3420,privateshared,NEW_Reflect_Agent,restaurant,episode_00015,Parsed Request Count,5
3421,privateshared,NEW_Reflect_Agent,restaurant,episode_00015,Violated Request Count,7
3422,privateshared,NEW_Reflect_Agent,restaurant,episode_00015,Request Success Ratio,0.7142857142857143
3423,privateshared,NEW_Reflect_Agent,things-places,episode_00016,Accuracy,0.5333333333333333
3424,privateshared,NEW_Reflect_Agent,things-places,episode_00016,Kappa,0.0
3425,privateshared,NEW_Reflect_Agent,things-places,episode_00016,Truncated Kappa,0
3426,privateshared,NEW_Reflect_Agent,things-places,episode_00016,Slot-Filling-Accuracy,
3427,privateshared,NEW_Reflect_Agent,things-places,episode_00016,Main Score,
3428,privateshared,NEW_Reflect_Agent,things-places,episode_00016,Aborted,0
3429,privateshared,NEW_Reflect_Agent,things-places,episode_00016,Lose,1
3430,privateshared,NEW_Reflect_Agent,things-places,episode_00016,Success,0
3431,privateshared,NEW_Reflect_Agent,things-places,episode_00016,Request Count,27
3432,privateshared,NEW_Reflect_Agent,things-places,episode_00016,Parsed Request Count,15
3433,privateshared,NEW_Reflect_Agent,things-places,episode_00016,Violated Request Count,27
3434,privateshared,NEW_Reflect_Agent,things-places,episode_00016,Request Success Ratio,0.5555555555555556
3435,privateshared,NEW_Reflect_Agent,things-places,episode_00017,Accuracy,0.6666666666666666
3436,privateshared,NEW_Reflect_Agent,things-places,episode_00017,Kappa,0.0
3437,privateshared,NEW_Reflect_Agent,things-places,episode_00017,Truncated Kappa,0
3438,privateshared,NEW_Reflect_Agent,things-places,episode_00017,Slot-Filling-Accuracy,
3439,privateshared,NEW_Reflect_Agent,things-places,episode_00017,Main Score,
3440,privateshared,NEW_Reflect_Agent,things-places,episode_00017,Aborted,0
3441,privateshared,NEW_Reflect_Agent,things-places,episode_00017,Lose,1
3442,privateshared,NEW_Reflect_Agent,things-places,episode_00017,Success,0
3443,privateshared,NEW_Reflect_Agent,things-places,episode_00017,Request Count,19
3444,privateshared,NEW_Reflect_Agent,things-places,episode_00017,Parsed Request Count,15
3445,privateshared,NEW_Reflect_Agent,things-places,episode_00017,Violated Request Count,19
3446,privateshared,NEW_Reflect_Agent,things-places,episode_00017,Request Success Ratio,0.7894736842105263
3447,privateshared,NEW_Reflect_Agent,things-places,episode_00018,Accuracy,0.6
3448,privateshared,NEW_Reflect_Agent,things-places,episode_00018,Kappa,0.0
3449,privateshared,NEW_Reflect_Agent,things-places,episode_00018,Truncated Kappa,0
3450,privateshared,NEW_Reflect_Agent,things-places,episode_00018,Slot-Filling-Accuracy,
3451,privateshared,NEW_Reflect_Agent,things-places,episode_00018,Main Score,
3452,privateshared,NEW_Reflect_Agent,things-places,episode_00018,Aborted,0
3453,privateshared,NEW_Reflect_Agent,things-places,episode_00018,Lose,1
3454,privateshared,NEW_Reflect_Agent,things-places,episode_00018,Success,0
3455,privateshared,NEW_Reflect_Agent,things-places,episode_00018,Request Count,22
3456,privateshared,NEW_Reflect_Agent,things-places,episode_00018,Parsed Request Count,15
3457,privateshared,NEW_Reflect_Agent,things-places,episode_00018,Violated Request Count,22
3458,privateshared,NEW_Reflect_Agent,things-places,episode_00018,Request Success Ratio,0.6818181818181818
3459,privateshared,NEW_Reflect_Agent,things-places,episode_00019,Accuracy,0.5333333333333333
3460,privateshared,NEW_Reflect_Agent,things-places,episode_00019,Kappa,0.0
3461,privateshared,NEW_Reflect_Agent,things-places,episode_00019,Truncated Kappa,0
3462,privateshared,NEW_Reflect_Agent,things-places,episode_00019,Slot-Filling-Accuracy,
3463,privateshared,NEW_Reflect_Agent,things-places,episode_00019,Main Score,
3464,privateshared,NEW_Reflect_Agent,things-places,episode_00019,Aborted,0
3465,privateshared,NEW_Reflect_Agent,things-places,episode_00019,Lose,1
3466,privateshared,NEW_Reflect_Agent,things-places,episode_00019,Success,0
3467,privateshared,NEW_Reflect_Agent,things-places,episode_00019,Request Count,25
3468,privateshared,NEW_Reflect_Agent,things-places,episode_00019,Parsed Request Count,15
3469,privateshared,NEW_Reflect_Agent,things-places,episode_00019,Violated Request Count,25
3470,privateshared,NEW_Reflect_Agent,things-places,episode_00019,Request Success Ratio,0.6
3471,privateshared,NEW_Reflect_Agent,things-places,episode_00020,Accuracy,0.6666666666666666
3472,privateshared,NEW_Reflect_Agent,things-places,episode_00020,Kappa,0.0
3473,privateshared,NEW_Reflect_Agent,things-places,episode_00020,Truncated Kappa,0
3474,privateshared,NEW_Reflect_Agent,things-places,episode_00020,Slot-Filling-Accuracy,
3475,privateshared,NEW_Reflect_Agent,things-places,episode_00020,Main Score,
3476,privateshared,NEW_Reflect_Agent,things-places,episode_00020,Aborted,0
3477,privateshared,NEW_Reflect_Agent,things-places,episode_00020,Lose,1
3478,privateshared,NEW_Reflect_Agent,things-places,episode_00020,Success,0
3479,privateshared,NEW_Reflect_Agent,things-places,episode_00020,Request Count,26
3480,privateshared,NEW_Reflect_Agent,things-places,episode_00020,Parsed Request Count,15
3481,privateshared,NEW_Reflect_Agent,things-places,episode_00020,Violated Request Count,26
3482,privateshared,NEW_Reflect_Agent,things-places,episode_00020,Request Success Ratio,0.5769230769230769
3483,privateshared,NEW_Reflect_Agent,travel-booking,episode_00001,Accuracy,0.4
3484,privateshared,NEW_Reflect_Agent,travel-booking,episode_00001,Kappa,0.0
3485,privateshared,NEW_Reflect_Agent,travel-booking,episode_00001,Truncated Kappa,0
3486,privateshared,NEW_Reflect_Agent,travel-booking,episode_00001,Slot-Filling-Accuracy,
3487,privateshared,NEW_Reflect_Agent,travel-booking,episode_00001,Main Score,
3488,privateshared,NEW_Reflect_Agent,travel-booking,episode_00001,Aborted,0
3489,privateshared,NEW_Reflect_Agent,travel-booking,episode_00001,Lose,1
3490,privateshared,NEW_Reflect_Agent,travel-booking,episode_00001,Success,0
3491,privateshared,NEW_Reflect_Agent,travel-booking,episode_00001,Request Count,8
3492,privateshared,NEW_Reflect_Agent,travel-booking,episode_00001,Parsed Request Count,5
3493,privateshared,NEW_Reflect_Agent,travel-booking,episode_00001,Violated Request Count,8
3494,privateshared,NEW_Reflect_Agent,travel-booking,episode_00001,Request Success Ratio,0.625
3495,privateshared,NEW_Reflect_Agent,travel-booking,episode_00002,Accuracy,0.4
3496,privateshared,NEW_Reflect_Agent,travel-booking,episode_00002,Kappa,0.0
3497,privateshared,NEW_Reflect_Agent,travel-booking,episode_00002,Truncated Kappa,0
3498,privateshared,NEW_Reflect_Agent,travel-booking,episode_00002,Slot-Filling-Accuracy,
3499,privateshared,NEW_Reflect_Agent,travel-booking,episode_00002,Main Score,
3500,privateshared,NEW_Reflect_Agent,travel-booking,episode_00002,Aborted,0
3501,privateshared,NEW_Reflect_Agent,travel-booking,episode_00002,Lose,1
3502,privateshared,NEW_Reflect_Agent,travel-booking,episode_00002,Success,0
3503,privateshared,NEW_Reflect_Agent,travel-booking,episode_00002,Request Count,10
3504,privateshared,NEW_Reflect_Agent,travel-booking,episode_00002,Parsed Request Count,5
3505,privateshared,NEW_Reflect_Agent,travel-booking,episode_00002,Violated Request Count,10
3506,privateshared,NEW_Reflect_Agent,travel-booking,episode_00002,Request Success Ratio,0.5
3507,privateshared,NEW_Reflect_Agent,travel-booking,episode_00003,Accuracy,1.0
3508,privateshared,NEW_Reflect_Agent,travel-booking,episode_00003,Kappa,
3509,privateshared,NEW_Reflect_Agent,travel-booking,episode_00003,Truncated Kappa,0
3510,privateshared,NEW_Reflect_Agent,travel-booking,episode_00003,Slot-Filling-Accuracy,
3511,privateshared,NEW_Reflect_Agent,travel-booking,episode_00003,Main Score,
3512,privateshared,NEW_Reflect_Agent,travel-booking,episode_00003,Aborted,0
3513,privateshared,NEW_Reflect_Agent,travel-booking,episode_00003,Lose,1
3514,privateshared,NEW_Reflect_Agent,travel-booking,episode_00003,Success,0
3515,privateshared,NEW_Reflect_Agent,travel-booking,episode_00003,Request Count,9
3516,privateshared,NEW_Reflect_Agent,travel-booking,episode_00003,Parsed Request Count,5
3517,privateshared,NEW_Reflect_Agent,travel-booking,episode_00003,Violated Request Count,9
3518,privateshared,NEW_Reflect_Agent,travel-booking,episode_00003,Request Success Ratio,0.5555555555555556
3519,privateshared,NEW_Reflect_Agent,travel-booking,episode_00004,Accuracy,0.4
3520,privateshared,NEW_Reflect_Agent,travel-booking,episode_00004,Kappa,0.0
3521,privateshared,NEW_Reflect_Agent,travel-booking,episode_00004,Truncated Kappa,0
3522,privateshared,NEW_Reflect_Agent,travel-booking,episode_00004,Slot-Filling-Accuracy,
3523,privateshared,NEW_Reflect_Agent,travel-booking,episode_00004,Main Score,
3524,privateshared,NEW_Reflect_Agent,travel-booking,episode_00004,Aborted,0
3525,privateshared,NEW_Reflect_Agent,travel-booking,episode_00004,Lose,1
3526,privateshared,NEW_Reflect_Agent,travel-booking,episode_00004,Success,0
3527,privateshared,NEW_Reflect_Agent,travel-booking,episode_00004,Request Count,11
3528,privateshared,NEW_Reflect_Agent,travel-booking,episode_00004,Parsed Request Count,5
3529,privateshared,NEW_Reflect_Agent,travel-booking,episode_00004,Violated Request Count,11
3530,privateshared,NEW_Reflect_Agent,travel-booking,episode_00004,Request Success Ratio,0.45454545454545453
3531,privateshared,NEW_Reflect_Agent,travel-booking,episode_00005,Accuracy,0.4
3532,privateshared,NEW_Reflect_Agent,travel-booking,episode_00005,Kappa,0.0
3533,privateshared,NEW_Reflect_Agent,travel-booking,episode_00005,Truncated Kappa,0
3534,privateshared,NEW_Reflect_Agent,travel-booking,episode_00005,Slot-Filling-Accuracy,
3535,privateshared,NEW_Reflect_Agent,travel-booking,episode_00005,Main Score,
3536,privateshared,NEW_Reflect_Agent,travel-booking,episode_00005,Aborted,0
3537,privateshared,NEW_Reflect_Agent,travel-booking,episode_00005,Lose,1
3538,privateshared,NEW_Reflect_Agent,travel-booking,episode_00005,Success,0
3539,privateshared,NEW_Reflect_Agent,travel-booking,episode_00005,Request Count,6
3540,privateshared,NEW_Reflect_Agent,travel-booking,episode_00005,Parsed Request Count,5
3541,privateshared,NEW_Reflect_Agent,travel-booking,episode_00005,Violated Request Count,6
3542,privateshared,NEW_Reflect_Agent,travel-booking,episode_00005,Request Success Ratio,0.8333333333333334
3543,referencegame,NEW_Reflect_Agent,letter_grids,episode_00001,Aborted at Player 1,1
3544,referencegame,NEW_Reflect_Agent,letter_grids,episode_00001,Aborted at Player 2,0
3545,referencegame,NEW_Reflect_Agent,letter_grids,episode_00001,Generated Expression Length,
3546,referencegame,NEW_Reflect_Agent,letter_grids,episode_00001,Generated Expression Number of Tokens,
3547,referencegame,NEW_Reflect_Agent,letter_grids,episode_00001,Request Count,1
3548,referencegame,NEW_Reflect_Agent,letter_grids,episode_00001,Parsed Request Count,0
3549,referencegame,NEW_Reflect_Agent,letter_grids,episode_00001,Violated Request Count,1
3550,referencegame,NEW_Reflect_Agent,letter_grids,episode_00001,Aborted,1
3551,referencegame,NEW_Reflect_Agent,letter_grids,episode_00001,Success,
3552,referencegame,NEW_Reflect_Agent,letter_grids,episode_00001,Lose,
3553,referencegame,NEW_Reflect_Agent,letter_grids,episode_00001,Main Score,
3554,referencegame,NEW_Reflect_Agent,letter_grids,episode_00001,Request Success Ratio,0.0
3555,referencegame,NEW_Reflect_Agent,letter_grids,episode_00002,Aborted at Player 1,1
3556,referencegame,NEW_Reflect_Agent,letter_grids,episode_00002,Aborted at Player 2,0
3557,referencegame,NEW_Reflect_Agent,letter_grids,episode_00002,Generated Expression Length,
3558,referencegame,NEW_Reflect_Agent,letter_grids,episode_00002,Generated Expression Number of Tokens,
3559,referencegame,NEW_Reflect_Agent,letter_grids,episode_00002,Request Count,1
3560,referencegame,NEW_Reflect_Agent,letter_grids,episode_00002,Parsed Request Count,0
3561,referencegame,NEW_Reflect_Agent,letter_grids,episode_00002,Violated Request Count,1
3562,referencegame,NEW_Reflect_Agent,letter_grids,episode_00002,Aborted,1
3563,referencegame,NEW_Reflect_Agent,letter_grids,episode_00002,Success,
3564,referencegame,NEW_Reflect_Agent,letter_grids,episode_00002,Lose,
3565,referencegame,NEW_Reflect_Agent,letter_grids,episode_00002,Main Score,
3566,referencegame,NEW_Reflect_Agent,letter_grids,episode_00002,Request Success Ratio,0.0
3567,referencegame,NEW_Reflect_Agent,letter_grids,episode_00003,Aborted at Player 1,1
3568,referencegame,NEW_Reflect_Agent,letter_grids,episode_00003,Aborted at Player 2,0
3569,referencegame,NEW_Reflect_Agent,letter_grids,episode_00003,Generated Expression Length,
3570,referencegame,NEW_Reflect_Agent,letter_grids,episode_00003,Generated Expression Number of Tokens,
3571,referencegame,NEW_Reflect_Agent,letter_grids,episode_00003,Request Count,1
3572,referencegame,NEW_Reflect_Agent,letter_grids,episode_00003,Parsed Request Count,0
3573,referencegame,NEW_Reflect_Agent,letter_grids,episode_00003,Violated Request Count,1
3574,referencegame,NEW_Reflect_Agent,letter_grids,episode_00003,Aborted,1
3575,referencegame,NEW_Reflect_Agent,letter_grids,episode_00003,Success,
3576,referencegame,NEW_Reflect_Agent,letter_grids,episode_00003,Lose,
3577,referencegame,NEW_Reflect_Agent,letter_grids,episode_00003,Main Score,
3578,referencegame,NEW_Reflect_Agent,letter_grids,episode_00003,Request Success Ratio,0.0
3579,referencegame,NEW_Reflect_Agent,letter_grids,episode_00004,Aborted at Player 1,1
3580,referencegame,NEW_Reflect_Agent,letter_grids,episode_00004,Aborted at Player 2,0
3581,referencegame,NEW_Reflect_Agent,letter_grids,episode_00004,Generated Expression Length,
3582,referencegame,NEW_Reflect_Agent,letter_grids,episode_00004,Generated Expression Number of Tokens,
3583,referencegame,NEW_Reflect_Agent,letter_grids,episode_00004,Request Count,1
3584,referencegame,NEW_Reflect_Agent,letter_grids,episode_00004,Parsed Request Count,0
3585,referencegame,NEW_Reflect_Agent,letter_grids,episode_00004,Violated Request Count,1
3586,referencegame,NEW_Reflect_Agent,letter_grids,episode_00004,Aborted,1
3587,referencegame,NEW_Reflect_Agent,letter_grids,episode_00004,Success,
3588,referencegame,NEW_Reflect_Agent,letter_grids,episode_00004,Lose,
3589,referencegame,NEW_Reflect_Agent,letter_grids,episode_00004,Main Score,
3590,referencegame,NEW_Reflect_Agent,letter_grids,episode_00004,Request Success Ratio,0.0
3591,referencegame,NEW_Reflect_Agent,letter_grids,episode_00005,Aborted at Player 1,1
3592,referencegame,NEW_Reflect_Agent,letter_grids,episode_00005,Aborted at Player 2,0
3593,referencegame,NEW_Reflect_Agent,letter_grids,episode_00005,Generated Expression Length,
3594,referencegame,NEW_Reflect_Agent,letter_grids,episode_00005,Generated Expression Number of Tokens,
3595,referencegame,NEW_Reflect_Agent,letter_grids,episode_00005,Request Count,1
3596,referencegame,NEW_Reflect_Agent,letter_grids,episode_00005,Parsed Request Count,0
3597,referencegame,NEW_Reflect_Agent,letter_grids,episode_00005,Violated Request Count,1
3598,referencegame,NEW_Reflect_Agent,letter_grids,episode_00005,Aborted,1
3599,referencegame,NEW_Reflect_Agent,letter_grids,episode_00005,Success,
3600,referencegame,NEW_Reflect_Agent,letter_grids,episode_00005,Lose,
3601,referencegame,NEW_Reflect_Agent,letter_grids,episode_00005,Main Score,
3602,referencegame,NEW_Reflect_Agent,letter_grids,episode_00005,Request Success Ratio,0.0
3603,referencegame,NEW_Reflect_Agent,line_grids_columns,episode_00016,Aborted at Player 1,1
3604,referencegame,NEW_Reflect_Agent,line_grids_columns,episode_00016,Aborted at Player 2,0
3605,referencegame,NEW_Reflect_Agent,line_grids_columns,episode_00016,Generated Expression Length,
3606,referencegame,NEW_Reflect_Agent,line_grids_columns,episode_00016,Generated Expression Number of Tokens,
3607,referencegame,NEW_Reflect_Agent,line_grids_columns,episode_00016,Request Count,1
3608,referencegame,NEW_Reflect_Agent,line_grids_columns,episode_00016,Parsed Request Count,0
3609,referencegame,NEW_Reflect_Agent,line_grids_columns,episode_00016,Violated Request Count,1
3610,referencegame,NEW_Reflect_Agent,line_grids_columns,episode_00016,Aborted,1
3611,referencegame,NEW_Reflect_Agent,line_grids_columns,episode_00016,Success,
3612,referencegame,NEW_Reflect_Agent,line_grids_columns,episode_00016,Lose,
3613,referencegame,NEW_Reflect_Agent,line_grids_columns,episode_00016,Main Score,
3614,referencegame,NEW_Reflect_Agent,line_grids_columns,episode_00016,Request Success Ratio,0.0
3615,referencegame,NEW_Reflect_Agent,line_grids_columns,episode_00017,Aborted at Player 1,1
3616,referencegame,NEW_Reflect_Agent,line_grids_columns,episode_00017,Aborted at Player 2,0
3617,referencegame,NEW_Reflect_Agent,line_grids_columns,episode_00017,Generated Expression Length,
3618,referencegame,NEW_Reflect_Agent,line_grids_columns,episode_00017,Generated Expression Number of Tokens,
3619,referencegame,NEW_Reflect_Agent,line_grids_columns,episode_00017,Request Count,1
3620,referencegame,NEW_Reflect_Agent,line_grids_columns,episode_00017,Parsed Request Count,0
3621,referencegame,NEW_Reflect_Agent,line_grids_columns,episode_00017,Violated Request Count,1
3622,referencegame,NEW_Reflect_Agent,line_grids_columns,episode_00017,Aborted,1
3623,referencegame,NEW_Reflect_Agent,line_grids_columns,episode_00017,Success,
3624,referencegame,NEW_Reflect_Agent,line_grids_columns,episode_00017,Lose,
3625,referencegame,NEW_Reflect_Agent,line_grids_columns,episode_00017,Main Score,
3626,referencegame,NEW_Reflect_Agent,line_grids_columns,episode_00017,Request Success Ratio,0.0
3627,referencegame,NEW_Reflect_Agent,line_grids_columns,episode_00018,Aborted at Player 1,1
3628,referencegame,NEW_Reflect_Agent,line_grids_columns,episode_00018,Aborted at Player 2,0
3629,referencegame,NEW_Reflect_Agent,line_grids_columns,episode_00018,Generated Expression Length,
3630,referencegame,NEW_Reflect_Agent,line_grids_columns,episode_00018,Generated Expression Number of Tokens,
3631,referencegame,NEW_Reflect_Agent,line_grids_columns,episode_00018,Request Count,1
3632,referencegame,NEW_Reflect_Agent,line_grids_columns,episode_00018,Parsed Request Count,0
3633,referencegame,NEW_Reflect_Agent,line_grids_columns,episode_00018,Violated Request Count,1
3634,referencegame,NEW_Reflect_Agent,line_grids_columns,episode_00018,Aborted,1
3635,referencegame,NEW_Reflect_Agent,line_grids_columns,episode_00018,Success,
3636,referencegame,NEW_Reflect_Agent,line_grids_columns,episode_00018,Lose,
3637,referencegame,NEW_Reflect_Agent,line_grids_columns,episode_00018,Main Score,
3638,referencegame,NEW_Reflect_Agent,line_grids_columns,episode_00018,Request Success Ratio,0.0
3639,referencegame,NEW_Reflect_Agent,line_grids_columns,episode_00019,Aborted at Player 1,1
3640,referencegame,NEW_Reflect_Agent,line_grids_columns,episode_00019,Aborted at Player 2,0
3641,referencegame,NEW_Reflect_Agent,line_grids_columns,episode_00019,Generated Expression Length,
3642,referencegame,NEW_Reflect_Agent,line_grids_columns,episode_00019,Generated Expression Number of Tokens,
3643,referencegame,NEW_Reflect_Agent,line_grids_columns,episode_00019,Request Count,1
3644,referencegame,NEW_Reflect_Agent,line_grids_columns,episode_00019,Parsed Request Count,0
3645,referencegame,NEW_Reflect_Agent,line_grids_columns,episode_00019,Violated Request Count,1
3646,referencegame,NEW_Reflect_Agent,line_grids_columns,episode_00019,Aborted,1
3647,referencegame,NEW_Reflect_Agent,line_grids_columns,episode_00019,Success,
3648,referencegame,NEW_Reflect_Agent,line_grids_columns,episode_00019,Lose,
3649,referencegame,NEW_Reflect_Agent,line_grids_columns,episode_00019,Main Score,
3650,referencegame,NEW_Reflect_Agent,line_grids_columns,episode_00019,Request Success Ratio,0.0
3651,referencegame,NEW_Reflect_Agent,line_grids_columns,episode_00020,Aborted at Player 1,1
3652,referencegame,NEW_Reflect_Agent,line_grids_columns,episode_00020,Aborted at Player 2,0
3653,referencegame,NEW_Reflect_Agent,line_grids_columns,episode_00020,Generated Expression Length,
3654,referencegame,NEW_Reflect_Agent,line_grids_columns,episode_00020,Generated Expression Number of Tokens,
3655,referencegame,NEW_Reflect_Agent,line_grids_columns,episode_00020,Request Count,1
3656,referencegame,NEW_Reflect_Agent,line_grids_columns,episode_00020,Parsed Request Count,0
3657,referencegame,NEW_Reflect_Agent,line_grids_columns,episode_00020,Violated Request Count,1
3658,referencegame,NEW_Reflect_Agent,line_grids_columns,episode_00020,Aborted,1
3659,referencegame,NEW_Reflect_Agent,line_grids_columns,episode_00020,Success,
3660,referencegame,NEW_Reflect_Agent,line_grids_columns,episode_00020,Lose,
3661,referencegame,NEW_Reflect_Agent,line_grids_columns,episode_00020,Main Score,
3662,referencegame,NEW_Reflect_Agent,line_grids_columns,episode_00020,Request Success Ratio,0.0
3663,referencegame,NEW_Reflect_Agent,line_grids_rows,episode_00011,Aborted at Player 1,1
3664,referencegame,NEW_Reflect_Agent,line_grids_rows,episode_00011,Aborted at Player 2,0
3665,referencegame,NEW_Reflect_Agent,line_grids_rows,episode_00011,Generated Expression Length,
3666,referencegame,NEW_Reflect_Agent,line_grids_rows,episode_00011,Generated Expression Number of Tokens,
3667,referencegame,NEW_Reflect_Agent,line_grids_rows,episode_00011,Request Count,1
3668,referencegame,NEW_Reflect_Agent,line_grids_rows,episode_00011,Parsed Request Count,0
3669,referencegame,NEW_Reflect_Agent,line_grids_rows,episode_00011,Violated Request Count,1
3670,referencegame,NEW_Reflect_Agent,line_grids_rows,episode_00011,Aborted,1
3671,referencegame,NEW_Reflect_Agent,line_grids_rows,episode_00011,Success,
3672,referencegame,NEW_Reflect_Agent,line_grids_rows,episode_00011,Lose,
3673,referencegame,NEW_Reflect_Agent,line_grids_rows,episode_00011,Main Score,
3674,referencegame,NEW_Reflect_Agent,line_grids_rows,episode_00011,Request Success Ratio,0.0
3675,referencegame,NEW_Reflect_Agent,line_grids_rows,episode_00012,Aborted at Player 1,1
3676,referencegame,NEW_Reflect_Agent,line_grids_rows,episode_00012,Aborted at Player 2,0
3677,referencegame,NEW_Reflect_Agent,line_grids_rows,episode_00012,Generated Expression Length,
3678,referencegame,NEW_Reflect_Agent,line_grids_rows,episode_00012,Generated Expression Number of Tokens,
3679,referencegame,NEW_Reflect_Agent,line_grids_rows,episode_00012,Request Count,1
3680,referencegame,NEW_Reflect_Agent,line_grids_rows,episode_00012,Parsed Request Count,0
3681,referencegame,NEW_Reflect_Agent,line_grids_rows,episode_00012,Violated Request Count,1
3682,referencegame,NEW_Reflect_Agent,line_grids_rows,episode_00012,Aborted,1
3683,referencegame,NEW_Reflect_Agent,line_grids_rows,episode_00012,Success,
3684,referencegame,NEW_Reflect_Agent,line_grids_rows,episode_00012,Lose,
3685,referencegame,NEW_Reflect_Agent,line_grids_rows,episode_00012,Main Score,
3686,referencegame,NEW_Reflect_Agent,line_grids_rows,episode_00012,Request Success Ratio,0.0
3687,referencegame,NEW_Reflect_Agent,line_grids_rows,episode_00013,Aborted at Player 1,1
3688,referencegame,NEW_Reflect_Agent,line_grids_rows,episode_00013,Aborted at Player 2,0
3689,referencegame,NEW_Reflect_Agent,line_grids_rows,episode_00013,Generated Expression Length,
3690,referencegame,NEW_Reflect_Agent,line_grids_rows,episode_00013,Generated Expression Number of Tokens,
3691,referencegame,NEW_Reflect_Agent,line_grids_rows,episode_00013,Request Count,1
3692,referencegame,NEW_Reflect_Agent,line_grids_rows,episode_00013,Parsed Request Count,0
3693,referencegame,NEW_Reflect_Agent,line_grids_rows,episode_00013,Violated Request Count,1
3694,referencegame,NEW_Reflect_Agent,line_grids_rows,episode_00013,Aborted,1
3695,referencegame,NEW_Reflect_Agent,line_grids_rows,episode_00013,Success,
3696,referencegame,NEW_Reflect_Agent,line_grids_rows,episode_00013,Lose,
3697,referencegame,NEW_Reflect_Agent,line_grids_rows,episode_00013,Main Score,
3698,referencegame,NEW_Reflect_Agent,line_grids_rows,episode_00013,Request Success Ratio,0.0
3699,referencegame,NEW_Reflect_Agent,line_grids_rows,episode_00014,Aborted at Player 1,1
3700,referencegame,NEW_Reflect_Agent,line_grids_rows,episode_00014,Aborted at Player 2,0
3701,referencegame,NEW_Reflect_Agent,line_grids_rows,episode_00014,Generated Expression Length,
3702,referencegame,NEW_Reflect_Agent,line_grids_rows,episode_00014,Generated Expression Number of Tokens,
3703,referencegame,NEW_Reflect_Agent,line_grids_rows,episode_00014,Request Count,1
3704,referencegame,NEW_Reflect_Agent,line_grids_rows,episode_00014,Parsed Request Count,0
3705,referencegame,NEW_Reflect_Agent,line_grids_rows,episode_00014,Violated Request Count,1
3706,referencegame,NEW_Reflect_Agent,line_grids_rows,episode_00014,Aborted,1
3707,referencegame,NEW_Reflect_Agent,line_grids_rows,episode_00014,Success,
3708,referencegame,NEW_Reflect_Agent,line_grids_rows,episode_00014,Lose,
3709,referencegame,NEW_Reflect_Agent,line_grids_rows,episode_00014,Main Score,
3710,referencegame,NEW_Reflect_Agent,line_grids_rows,episode_00014,Request Success Ratio,0.0
3711,referencegame,NEW_Reflect_Agent,line_grids_rows,episode_00015,Aborted at Player 1,1
3712,referencegame,NEW_Reflect_Agent,line_grids_rows,episode_00015,Aborted at Player 2,0
3713,referencegame,NEW_Reflect_Agent,line_grids_rows,episode_00015,Generated Expression Length,
3714,referencegame,NEW_Reflect_Agent,line_grids_rows,episode_00015,Generated Expression Number of Tokens,
3715,referencegame,NEW_Reflect_Agent,line_grids_rows,episode_00015,Request Count,1
3716,referencegame,NEW_Reflect_Agent,line_grids_rows,episode_00015,Parsed Request Count,0
3717,referencegame,NEW_Reflect_Agent,line_grids_rows,episode_00015,Violated Request Count,1
3718,referencegame,NEW_Reflect_Agent,line_grids_rows,episode_00015,Aborted,1
3719,referencegame,NEW_Reflect_Agent,line_grids_rows,episode_00015,Success,
3720,referencegame,NEW_Reflect_Agent,line_grids_rows,episode_00015,Lose,
3721,referencegame,NEW_Reflect_Agent,line_grids_rows,episode_00015,Main Score,
3722,referencegame,NEW_Reflect_Agent,line_grids_rows,episode_00015,Request Success Ratio,0.0
3723,referencegame,NEW_Reflect_Agent,number_grids,episode_00006,Aborted at Player 1,1
3724,referencegame,NEW_Reflect_Agent,number_grids,episode_00006,Aborted at Player 2,0
3725,referencegame,NEW_Reflect_Agent,number_grids,episode_00006,Generated Expression Length,
3726,referencegame,NEW_Reflect_Agent,number_grids,episode_00006,Generated Expression Number of Tokens,
3727,referencegame,NEW_Reflect_Agent,number_grids,episode_00006,Request Count,1
3728,referencegame,NEW_Reflect_Agent,number_grids,episode_00006,Parsed Request Count,0
3729,referencegame,NEW_Reflect_Agent,number_grids,episode_00006,Violated Request Count,1
3730,referencegame,NEW_Reflect_Agent,number_grids,episode_00006,Aborted,1
3731,referencegame,NEW_Reflect_Agent,number_grids,episode_00006,Success,
3732,referencegame,NEW_Reflect_Agent,number_grids,episode_00006,Lose,
3733,referencegame,NEW_Reflect_Agent,number_grids,episode_00006,Main Score,
3734,referencegame,NEW_Reflect_Agent,number_grids,episode_00006,Request Success Ratio,0.0
3735,referencegame,NEW_Reflect_Agent,number_grids,episode_00007,Aborted at Player 1,1
3736,referencegame,NEW_Reflect_Agent,number_grids,episode_00007,Aborted at Player 2,0
3737,referencegame,NEW_Reflect_Agent,number_grids,episode_00007,Generated Expression Length,
3738,referencegame,NEW_Reflect_Agent,number_grids,episode_00007,Generated Expression Number of Tokens,
3739,referencegame,NEW_Reflect_Agent,number_grids,episode_00007,Request Count,1
3740,referencegame,NEW_Reflect_Agent,number_grids,episode_00007,Parsed Request Count,0
3741,referencegame,NEW_Reflect_Agent,number_grids,episode_00007,Violated Request Count,1
3742,referencegame,NEW_Reflect_Agent,number_grids,episode_00007,Aborted,1
3743,referencegame,NEW_Reflect_Agent,number_grids,episode_00007,Success,
3744,referencegame,NEW_Reflect_Agent,number_grids,episode_00007,Lose,
3745,referencegame,NEW_Reflect_Agent,number_grids,episode_00007,Main Score,
3746,referencegame,NEW_Reflect_Agent,number_grids,episode_00007,Request Success Ratio,0.0
3747,referencegame,NEW_Reflect_Agent,number_grids,episode_00008,Aborted at Player 1,1
3748,referencegame,NEW_Reflect_Agent,number_grids,episode_00008,Aborted at Player 2,0
3749,referencegame,NEW_Reflect_Agent,number_grids,episode_00008,Generated Expression Length,
3750,referencegame,NEW_Reflect_Agent,number_grids,episode_00008,Generated Expression Number of Tokens,
3751,referencegame,NEW_Reflect_Agent,number_grids,episode_00008,Request Count,1
3752,referencegame,NEW_Reflect_Agent,number_grids,episode_00008,Parsed Request Count,0
3753,referencegame,NEW_Reflect_Agent,number_grids,episode_00008,Violated Request Count,1
3754,referencegame,NEW_Reflect_Agent,number_grids,episode_00008,Aborted,1
3755,referencegame,NEW_Reflect_Agent,number_grids,episode_00008,Success,
3756,referencegame,NEW_Reflect_Agent,number_grids,episode_00008,Lose,
3757,referencegame,NEW_Reflect_Agent,number_grids,episode_00008,Main Score,
3758,referencegame,NEW_Reflect_Agent,number_grids,episode_00008,Request Success Ratio,0.0
3759,referencegame,NEW_Reflect_Agent,number_grids,episode_00009,Aborted at Player 1,1
3760,referencegame,NEW_Reflect_Agent,number_grids,episode_00009,Aborted at Player 2,0
3761,referencegame,NEW_Reflect_Agent,number_grids,episode_00009,Generated Expression Length,
3762,referencegame,NEW_Reflect_Agent,number_grids,episode_00009,Generated Expression Number of Tokens,
3763,referencegame,NEW_Reflect_Agent,number_grids,episode_00009,Request Count,1
3764,referencegame,NEW_Reflect_Agent,number_grids,episode_00009,Parsed Request Count,0
3765,referencegame,NEW_Reflect_Agent,number_grids,episode_00009,Violated Request Count,1
3766,referencegame,NEW_Reflect_Agent,number_grids,episode_00009,Aborted,1
3767,referencegame,NEW_Reflect_Agent,number_grids,episode_00009,Success,
3768,referencegame,NEW_Reflect_Agent,number_grids,episode_00009,Lose,
3769,referencegame,NEW_Reflect_Agent,number_grids,episode_00009,Main Score,
3770,referencegame,NEW_Reflect_Agent,number_grids,episode_00009,Request Success Ratio,0.0
3771,referencegame,NEW_Reflect_Agent,number_grids,episode_00010,Aborted at Player 1,1
3772,referencegame,NEW_Reflect_Agent,number_grids,episode_00010,Aborted at Player 2,0
3773,referencegame,NEW_Reflect_Agent,number_grids,episode_00010,Generated Expression Length,
3774,referencegame,NEW_Reflect_Agent,number_grids,episode_00010,Generated Expression Number of Tokens,
3775,referencegame,NEW_Reflect_Agent,number_grids,episode_00010,Request Count,1
3776,referencegame,NEW_Reflect_Agent,number_grids,episode_00010,Parsed Request Count,0
3777,referencegame,NEW_Reflect_Agent,number_grids,episode_00010,Violated Request Count,1
3778,referencegame,NEW_Reflect_Agent,number_grids,episode_00010,Aborted,1
3779,referencegame,NEW_Reflect_Agent,number_grids,episode_00010,Success,
3780,referencegame,NEW_Reflect_Agent,number_grids,episode_00010,Lose,
3781,referencegame,NEW_Reflect_Agent,number_grids,episode_00010,Main Score,
3782,referencegame,NEW_Reflect_Agent,number_grids,episode_00010,Request Success Ratio,0.0
3783,referencegame,NEW_Reflect_Agent,random_grids,episode_00021,Aborted at Player 1,1
3784,referencegame,NEW_Reflect_Agent,random_grids,episode_00021,Aborted at Player 2,0
3785,referencegame,NEW_Reflect_Agent,random_grids,episode_00021,Generated Expression Length,
3786,referencegame,NEW_Reflect_Agent,random_grids,episode_00021,Generated Expression Number of Tokens,
3787,referencegame,NEW_Reflect_Agent,random_grids,episode_00021,Request Count,1
3788,referencegame,NEW_Reflect_Agent,random_grids,episode_00021,Parsed Request Count,0
3789,referencegame,NEW_Reflect_Agent,random_grids,episode_00021,Violated Request Count,1
3790,referencegame,NEW_Reflect_Agent,random_grids,episode_00021,Aborted,1
3791,referencegame,NEW_Reflect_Agent,random_grids,episode_00021,Success,
3792,referencegame,NEW_Reflect_Agent,random_grids,episode_00021,Lose,
3793,referencegame,NEW_Reflect_Agent,random_grids,episode_00021,Main Score,
3794,referencegame,NEW_Reflect_Agent,random_grids,episode_00021,Request Success Ratio,0.0
3795,referencegame,NEW_Reflect_Agent,random_grids,episode_00022,Aborted at Player 1,1
3796,referencegame,NEW_Reflect_Agent,random_grids,episode_00022,Aborted at Player 2,0
3797,referencegame,NEW_Reflect_Agent,random_grids,episode_00022,Generated Expression Length,
3798,referencegame,NEW_Reflect_Agent,random_grids,episode_00022,Generated Expression Number of Tokens,
3799,referencegame,NEW_Reflect_Agent,random_grids,episode_00022,Request Count,1
3800,referencegame,NEW_Reflect_Agent,random_grids,episode_00022,Parsed Request Count,0
3801,referencegame,NEW_Reflect_Agent,random_grids,episode_00022,Violated Request Count,1
3802,referencegame,NEW_Reflect_Agent,random_grids,episode_00022,Aborted,1
3803,referencegame,NEW_Reflect_Agent,random_grids,episode_00022,Success,
3804,referencegame,NEW_Reflect_Agent,random_grids,episode_00022,Lose,
3805,referencegame,NEW_Reflect_Agent,random_grids,episode_00022,Main Score,
3806,referencegame,NEW_Reflect_Agent,random_grids,episode_00022,Request Success Ratio,0.0
3807,referencegame,NEW_Reflect_Agent,random_grids,episode_00023,Aborted at Player 1,1
3808,referencegame,NEW_Reflect_Agent,random_grids,episode_00023,Aborted at Player 2,0
3809,referencegame,NEW_Reflect_Agent,random_grids,episode_00023,Generated Expression Length,
3810,referencegame,NEW_Reflect_Agent,random_grids,episode_00023,Generated Expression Number of Tokens,
3811,referencegame,NEW_Reflect_Agent,random_grids,episode_00023,Request Count,1
3812,referencegame,NEW_Reflect_Agent,random_grids,episode_00023,Parsed Request Count,0
3813,referencegame,NEW_Reflect_Agent,random_grids,episode_00023,Violated Request Count,1
3814,referencegame,NEW_Reflect_Agent,random_grids,episode_00023,Aborted,1
3815,referencegame,NEW_Reflect_Agent,random_grids,episode_00023,Success,
3816,referencegame,NEW_Reflect_Agent,random_grids,episode_00023,Lose,
3817,referencegame,NEW_Reflect_Agent,random_grids,episode_00023,Main Score,
3818,referencegame,NEW_Reflect_Agent,random_grids,episode_00023,Request Success Ratio,0.0
3819,referencegame,NEW_Reflect_Agent,random_grids,episode_00024,Aborted at Player 1,1
3820,referencegame,NEW_Reflect_Agent,random_grids,episode_00024,Aborted at Player 2,0
3821,referencegame,NEW_Reflect_Agent,random_grids,episode_00024,Generated Expression Length,
3822,referencegame,NEW_Reflect_Agent,random_grids,episode_00024,Generated Expression Number of Tokens,
3823,referencegame,NEW_Reflect_Agent,random_grids,episode_00024,Request Count,1
3824,referencegame,NEW_Reflect_Agent,random_grids,episode_00024,Parsed Request Count,0
3825,referencegame,NEW_Reflect_Agent,random_grids,episode_00024,Violated Request Count,1
3826,referencegame,NEW_Reflect_Agent,random_grids,episode_00024,Aborted,1
3827,referencegame,NEW_Reflect_Agent,random_grids,episode_00024,Success,
3828,referencegame,NEW_Reflect_Agent,random_grids,episode_00024,Lose,
3829,referencegame,NEW_Reflect_Agent,random_grids,episode_00024,Main Score,
3830,referencegame,NEW_Reflect_Agent,random_grids,episode_00024,Request Success Ratio,0.0
3831,referencegame,NEW_Reflect_Agent,random_grids,episode_00025,Aborted at Player 1,1
3832,referencegame,NEW_Reflect_Agent,random_grids,episode_00025,Aborted at Player 2,0
3833,referencegame,NEW_Reflect_Agent,random_grids,episode_00025,Generated Expression Length,
3834,referencegame,NEW_Reflect_Agent,random_grids,episode_00025,Generated Expression Number of Tokens,
3835,referencegame,NEW_Reflect_Agent,random_grids,episode_00025,Request Count,1
3836,referencegame,NEW_Reflect_Agent,random_grids,episode_00025,Parsed Request Count,0
3837,referencegame,NEW_Reflect_Agent,random_grids,episode_00025,Violated Request Count,1
3838,referencegame,NEW_Reflect_Agent,random_grids,episode_00025,Aborted,1
3839,referencegame,NEW_Reflect_Agent,random_grids,episode_00025,Success,
3840,referencegame,NEW_Reflect_Agent,random_grids,episode_00025,Lose,
3841,referencegame,NEW_Reflect_Agent,random_grids,episode_00025,Main Score,
3842,referencegame,NEW_Reflect_Agent,random_grids,episode_00025,Request Success Ratio,0.0
3843,taboo,NEW_Reflect_Agent,high_en,episode_00001,Violated Request Count,0
3844,taboo,NEW_Reflect_Agent,high_en,episode_00001,Parsed Request Count,2
3845,taboo,NEW_Reflect_Agent,high_en,episode_00001,Request Count,2
3846,taboo,NEW_Reflect_Agent,high_en,episode_00001,Request Success Ratio,1.0
3847,taboo,NEW_Reflect_Agent,high_en,episode_00001,Aborted,0
3848,taboo,NEW_Reflect_Agent,high_en,episode_00001,Success,1
3849,taboo,NEW_Reflect_Agent,high_en,episode_00001,Lose,0
3850,taboo,NEW_Reflect_Agent,high_en,episode_00001,Main Score,50.0
3851,taboo,NEW_Reflect_Agent,high_en,episode_00001,Repetition-Guesser,0
3852,taboo,NEW_Reflect_Agent,high_en,episode_00001,Repetition-Describer,0
3853,taboo,NEW_Reflect_Agent,high_en,episode_00002,Violated Request Count,0
3854,taboo,NEW_Reflect_Agent,high_en,episode_00002,Parsed Request Count,1
3855,taboo,NEW_Reflect_Agent,high_en,episode_00002,Request Count,1
3856,taboo,NEW_Reflect_Agent,high_en,episode_00002,Request Success Ratio,1.0
3857,taboo,NEW_Reflect_Agent,high_en,episode_00002,Aborted,0
3858,taboo,NEW_Reflect_Agent,high_en,episode_00002,Success,0
3859,taboo,NEW_Reflect_Agent,high_en,episode_00002,Lose,1
3860,taboo,NEW_Reflect_Agent,high_en,episode_00002,Main Score,0
3861,taboo,NEW_Reflect_Agent,high_en,episode_00002,Repetition-Guesser,0
3862,taboo,NEW_Reflect_Agent,high_en,episode_00002,Repetition-Describer,0
3863,taboo,NEW_Reflect_Agent,high_en,episode_00003,Violated Request Count,0
3864,taboo,NEW_Reflect_Agent,high_en,episode_00003,Parsed Request Count,1
3865,taboo,NEW_Reflect_Agent,high_en,episode_00003,Request Count,1
3866,taboo,NEW_Reflect_Agent,high_en,episode_00003,Request Success Ratio,1.0
3867,taboo,NEW_Reflect_Agent,high_en,episode_00003,Aborted,0
3868,taboo,NEW_Reflect_Agent,high_en,episode_00003,Success,1
3869,taboo,NEW_Reflect_Agent,high_en,episode_00003,Lose,0
3870,taboo,NEW_Reflect_Agent,high_en,episode_00003,Main Score,100.0
3871,taboo,NEW_Reflect_Agent,high_en,episode_00003,Repetition-Guesser,0
3872,taboo,NEW_Reflect_Agent,high_en,episode_00003,Repetition-Describer,0
3873,taboo,NEW_Reflect_Agent,high_en,episode_00004,Violated Request Count,0
3874,taboo,NEW_Reflect_Agent,high_en,episode_00004,Parsed Request Count,1
3875,taboo,NEW_Reflect_Agent,high_en,episode_00004,Request Count,1
3876,taboo,NEW_Reflect_Agent,high_en,episode_00004,Request Success Ratio,1.0
3877,taboo,NEW_Reflect_Agent,high_en,episode_00004,Aborted,0
3878,taboo,NEW_Reflect_Agent,high_en,episode_00004,Success,0
3879,taboo,NEW_Reflect_Agent,high_en,episode_00004,Lose,1
3880,taboo,NEW_Reflect_Agent,high_en,episode_00004,Main Score,0
3881,taboo,NEW_Reflect_Agent,high_en,episode_00004,Repetition-Guesser,0
3882,taboo,NEW_Reflect_Agent,high_en,episode_00004,Repetition-Describer,0
3883,taboo,NEW_Reflect_Agent,high_en,episode_00005,Violated Request Count,0
3884,taboo,NEW_Reflect_Agent,high_en,episode_00005,Parsed Request Count,3
3885,taboo,NEW_Reflect_Agent,high_en,episode_00005,Request Count,3
3886,taboo,NEW_Reflect_Agent,high_en,episode_00005,Request Success Ratio,1.0
3887,taboo,NEW_Reflect_Agent,high_en,episode_00005,Aborted,0
3888,taboo,NEW_Reflect_Agent,high_en,episode_00005,Success,0
3889,taboo,NEW_Reflect_Agent,high_en,episode_00005,Lose,1
3890,taboo,NEW_Reflect_Agent,high_en,episode_00005,Main Score,0
3891,taboo,NEW_Reflect_Agent,high_en,episode_00005,Repetition-Guesser,0
3892,taboo,NEW_Reflect_Agent,high_en,episode_00005,Repetition-Describer,0
3893,taboo,NEW_Reflect_Agent,low_en,episode_00011,Violated Request Count,0
3894,taboo,NEW_Reflect_Agent,low_en,episode_00011,Parsed Request Count,1
3895,taboo,NEW_Reflect_Agent,low_en,episode_00011,Request Count,1
3896,taboo,NEW_Reflect_Agent,low_en,episode_00011,Request Success Ratio,1.0
3897,taboo,NEW_Reflect_Agent,low_en,episode_00011,Aborted,0
3898,taboo,NEW_Reflect_Agent,low_en,episode_00011,Success,0
3899,taboo,NEW_Reflect_Agent,low_en,episode_00011,Lose,1
3900,taboo,NEW_Reflect_Agent,low_en,episode_00011,Main Score,0
3901,taboo,NEW_Reflect_Agent,low_en,episode_00011,Repetition-Guesser,0
3902,taboo,NEW_Reflect_Agent,low_en,episode_00011,Repetition-Describer,0
3903,taboo,NEW_Reflect_Agent,low_en,episode_00012,Violated Request Count,0
3904,taboo,NEW_Reflect_Agent,low_en,episode_00012,Parsed Request Count,1
3905,taboo,NEW_Reflect_Agent,low_en,episode_00012,Request Count,1
3906,taboo,NEW_Reflect_Agent,low_en,episode_00012,Request Success Ratio,1.0
3907,taboo,NEW_Reflect_Agent,low_en,episode_00012,Aborted,0
3908,taboo,NEW_Reflect_Agent,low_en,episode_00012,Success,0
3909,taboo,NEW_Reflect_Agent,low_en,episode_00012,Lose,1
3910,taboo,NEW_Reflect_Agent,low_en,episode_00012,Main Score,0
3911,taboo,NEW_Reflect_Agent,low_en,episode_00012,Repetition-Guesser,0
3912,taboo,NEW_Reflect_Agent,low_en,episode_00012,Repetition-Describer,0
3913,taboo,NEW_Reflect_Agent,low_en,episode_00013,Violated Request Count,0
3914,taboo,NEW_Reflect_Agent,low_en,episode_00013,Parsed Request Count,3
3915,taboo,NEW_Reflect_Agent,low_en,episode_00013,Request Count,3
3916,taboo,NEW_Reflect_Agent,low_en,episode_00013,Request Success Ratio,1.0
3917,taboo,NEW_Reflect_Agent,low_en,episode_00013,Aborted,0
3918,taboo,NEW_Reflect_Agent,low_en,episode_00013,Success,0
3919,taboo,NEW_Reflect_Agent,low_en,episode_00013,Lose,1
3920,taboo,NEW_Reflect_Agent,low_en,episode_00013,Main Score,0
3921,taboo,NEW_Reflect_Agent,low_en,episode_00013,Repetition-Guesser,0
3922,taboo,NEW_Reflect_Agent,low_en,episode_00013,Repetition-Describer,0
3923,taboo,NEW_Reflect_Agent,low_en,episode_00014,Violated Request Count,0
3924,taboo,NEW_Reflect_Agent,low_en,episode_00014,Parsed Request Count,3
3925,taboo,NEW_Reflect_Agent,low_en,episode_00014,Request Count,3
3926,taboo,NEW_Reflect_Agent,low_en,episode_00014,Request Success Ratio,1.0
3927,taboo,NEW_Reflect_Agent,low_en,episode_00014,Aborted,0
3928,taboo,NEW_Reflect_Agent,low_en,episode_00014,Success,0
3929,taboo,NEW_Reflect_Agent,low_en,episode_00014,Lose,1
3930,taboo,NEW_Reflect_Agent,low_en,episode_00014,Main Score,0
3931,taboo,NEW_Reflect_Agent,low_en,episode_00014,Repetition-Guesser,0
3932,taboo,NEW_Reflect_Agent,low_en,episode_00014,Repetition-Describer,0
3933,taboo,NEW_Reflect_Agent,low_en,episode_00015,Violated Request Count,0
3934,taboo,NEW_Reflect_Agent,low_en,episode_00015,Parsed Request Count,1
3935,taboo,NEW_Reflect_Agent,low_en,episode_00015,Request Count,1
3936,taboo,NEW_Reflect_Agent,low_en,episode_00015,Request Success Ratio,1.0
3937,taboo,NEW_Reflect_Agent,low_en,episode_00015,Aborted,0
3938,taboo,NEW_Reflect_Agent,low_en,episode_00015,Success,1
3939,taboo,NEW_Reflect_Agent,low_en,episode_00015,Lose,0
3940,taboo,NEW_Reflect_Agent,low_en,episode_00015,Main Score,100.0
3941,taboo,NEW_Reflect_Agent,low_en,episode_00015,Repetition-Guesser,0
3942,taboo,NEW_Reflect_Agent,low_en,episode_00015,Repetition-Describer,0
3943,taboo,NEW_Reflect_Agent,medium_en,episode_00006,Violated Request Count,0
3944,taboo,NEW_Reflect_Agent,medium_en,episode_00006,Parsed Request Count,2
3945,taboo,NEW_Reflect_Agent,medium_en,episode_00006,Request Count,2
3946,taboo,NEW_Reflect_Agent,medium_en,episode_00006,Request Success Ratio,1.0
3947,taboo,NEW_Reflect_Agent,medium_en,episode_00006,Aborted,0
3948,taboo,NEW_Reflect_Agent,medium_en,episode_00006,Success,0
3949,taboo,NEW_Reflect_Agent,medium_en,episode_00006,Lose,1
3950,taboo,NEW_Reflect_Agent,medium_en,episode_00006,Main Score,0
3951,taboo,NEW_Reflect_Agent,medium_en,episode_00006,Repetition-Guesser,0
3952,taboo,NEW_Reflect_Agent,medium_en,episode_00006,Repetition-Describer,0
3953,taboo,NEW_Reflect_Agent,medium_en,episode_00007,Violated Request Count,0
3954,taboo,NEW_Reflect_Agent,medium_en,episode_00007,Parsed Request Count,3
3955,taboo,NEW_Reflect_Agent,medium_en,episode_00007,Request Count,3
3956,taboo,NEW_Reflect_Agent,medium_en,episode_00007,Request Success Ratio,1.0
3957,taboo,NEW_Reflect_Agent,medium_en,episode_00007,Aborted,0
3958,taboo,NEW_Reflect_Agent,medium_en,episode_00007,Success,0
3959,taboo,NEW_Reflect_Agent,medium_en,episode_00007,Lose,1
3960,taboo,NEW_Reflect_Agent,medium_en,episode_00007,Main Score,0
3961,taboo,NEW_Reflect_Agent,medium_en,episode_00007,Repetition-Guesser,0
3962,taboo,NEW_Reflect_Agent,medium_en,episode_00007,Repetition-Describer,0
3963,taboo,NEW_Reflect_Agent,medium_en,episode_00008,Violated Request Count,0
3964,taboo,NEW_Reflect_Agent,medium_en,episode_00008,Parsed Request Count,2
3965,taboo,NEW_Reflect_Agent,medium_en,episode_00008,Request Count,2
3966,taboo,NEW_Reflect_Agent,medium_en,episode_00008,Request Success Ratio,1.0
3967,taboo,NEW_Reflect_Agent,medium_en,episode_00008,Aborted,0
3968,taboo,NEW_Reflect_Agent,medium_en,episode_00008,Success,0
3969,taboo,NEW_Reflect_Agent,medium_en,episode_00008,Lose,1
3970,taboo,NEW_Reflect_Agent,medium_en,episode_00008,Main Score,0
3971,taboo,NEW_Reflect_Agent,medium_en,episode_00008,Repetition-Guesser,0
3972,taboo,NEW_Reflect_Agent,medium_en,episode_00008,Repetition-Describer,0
3973,taboo,NEW_Reflect_Agent,medium_en,episode_00009,Violated Request Count,0
3974,taboo,NEW_Reflect_Agent,medium_en,episode_00009,Parsed Request Count,3
3975,taboo,NEW_Reflect_Agent,medium_en,episode_00009,Request Count,3
3976,taboo,NEW_Reflect_Agent,medium_en,episode_00009,Request Success Ratio,1.0
3977,taboo,NEW_Reflect_Agent,medium_en,episode_00009,Aborted,0
3978,taboo,NEW_Reflect_Agent,medium_en,episode_00009,Success,0
3979,taboo,NEW_Reflect_Agent,medium_en,episode_00009,Lose,1
3980,taboo,NEW_Reflect_Agent,medium_en,episode_00009,Main Score,0
3981,taboo,NEW_Reflect_Agent,medium_en,episode_00009,Repetition-Guesser,0
3982,taboo,NEW_Reflect_Agent,medium_en,episode_00009,Repetition-Describer,0
3983,taboo,NEW_Reflect_Agent,medium_en,episode_00010,Violated Request Count,0
3984,taboo,NEW_Reflect_Agent,medium_en,episode_00010,Parsed Request Count,1
3985,taboo,NEW_Reflect_Agent,medium_en,episode_00010,Request Count,1
3986,taboo,NEW_Reflect_Agent,medium_en,episode_00010,Request Success Ratio,1.0
3987,taboo,NEW_Reflect_Agent,medium_en,episode_00010,Aborted,0
3988,taboo,NEW_Reflect_Agent,medium_en,episode_00010,Success,1
3989,taboo,NEW_Reflect_Agent,medium_en,episode_00010,Lose,0
3990,taboo,NEW_Reflect_Agent,medium_en,episode_00010,Main Score,100.0
3991,taboo,NEW_Reflect_Agent,medium_en,episode_00010,Repetition-Guesser,0
3992,taboo,NEW_Reflect_Agent,medium_en,episode_00010,Repetition-Describer,0
3993,textmapworld,NEW_Reflect_Agent,large,episode_00011,Aborted,1
3994,textmapworld,NEW_Reflect_Agent,large,episode_00011,Success,0
3995,textmapworld,NEW_Reflect_Agent,large,episode_00011,Lose,0
3996,textmapworld,NEW_Reflect_Agent,large,episode_00011,moves,
3997,textmapworld,NEW_Reflect_Agent,large,episode_00011,valid_moves,
3998,textmapworld,NEW_Reflect_Agent,large,episode_00011,invalid_moves,
3999,textmapworld,NEW_Reflect_Agent,large,episode_00011,stopped,
4000,textmapworld,NEW_Reflect_Agent,large,episode_00011,turns_limit,
4001,textmapworld,NEW_Reflect_Agent,large,episode_00011,loops,
4002,textmapworld,NEW_Reflect_Agent,large,episode_00011,number_visited,
4003,textmapworld,NEW_Reflect_Agent,large,episode_00011,seen,
4004,textmapworld,NEW_Reflect_Agent,large,episode_00011,efficiency,
4005,textmapworld,NEW_Reflect_Agent,large,episode_00011,exploration,
4006,textmapworld,NEW_Reflect_Agent,large,episode_00011,Main Score,
4007,textmapworld,NEW_Reflect_Agent,large,episode_00012,Aborted,1
4008,textmapworld,NEW_Reflect_Agent,large,episode_00012,Success,0
4009,textmapworld,NEW_Reflect_Agent,large,episode_00012,Lose,0
4010,textmapworld,NEW_Reflect_Agent,large,episode_00012,moves,
4011,textmapworld,NEW_Reflect_Agent,large,episode_00012,valid_moves,
4012,textmapworld,NEW_Reflect_Agent,large,episode_00012,invalid_moves,
4013,textmapworld,NEW_Reflect_Agent,large,episode_00012,stopped,
4014,textmapworld,NEW_Reflect_Agent,large,episode_00012,turns_limit,
4015,textmapworld,NEW_Reflect_Agent,large,episode_00012,loops,
4016,textmapworld,NEW_Reflect_Agent,large,episode_00012,number_visited,
4017,textmapworld,NEW_Reflect_Agent,large,episode_00012,seen,
4018,textmapworld,NEW_Reflect_Agent,large,episode_00012,efficiency,
4019,textmapworld,NEW_Reflect_Agent,large,episode_00012,exploration,
4020,textmapworld,NEW_Reflect_Agent,large,episode_00012,Main Score,
4021,textmapworld,NEW_Reflect_Agent,large,episode_00013,Aborted,1
4022,textmapworld,NEW_Reflect_Agent,large,episode_00013,Success,0
4023,textmapworld,NEW_Reflect_Agent,large,episode_00013,Lose,0
4024,textmapworld,NEW_Reflect_Agent,large,episode_00013,moves,
4025,textmapworld,NEW_Reflect_Agent,large,episode_00013,valid_moves,
4026,textmapworld,NEW_Reflect_Agent,large,episode_00013,invalid_moves,
4027,textmapworld,NEW_Reflect_Agent,large,episode_00013,stopped,
4028,textmapworld,NEW_Reflect_Agent,large,episode_00013,turns_limit,
4029,textmapworld,NEW_Reflect_Agent,large,episode_00013,loops,
4030,textmapworld,NEW_Reflect_Agent,large,episode_00013,number_visited,
4031,textmapworld,NEW_Reflect_Agent,large,episode_00013,seen,
4032,textmapworld,NEW_Reflect_Agent,large,episode_00013,efficiency,
4033,textmapworld,NEW_Reflect_Agent,large,episode_00013,exploration,
4034,textmapworld,NEW_Reflect_Agent,large,episode_00013,Main Score,
4035,textmapworld,NEW_Reflect_Agent,large,episode_00014,Aborted,1
4036,textmapworld,NEW_Reflect_Agent,large,episode_00014,Success,0
4037,textmapworld,NEW_Reflect_Agent,large,episode_00014,Lose,0
4038,textmapworld,NEW_Reflect_Agent,large,episode_00014,moves,
4039,textmapworld,NEW_Reflect_Agent,large,episode_00014,valid_moves,
4040,textmapworld,NEW_Reflect_Agent,large,episode_00014,invalid_moves,
4041,textmapworld,NEW_Reflect_Agent,large,episode_00014,stopped,
4042,textmapworld,NEW_Reflect_Agent,large,episode_00014,turns_limit,
4043,textmapworld,NEW_Reflect_Agent,large,episode_00014,loops,
4044,textmapworld,NEW_Reflect_Agent,large,episode_00014,number_visited,
4045,textmapworld,NEW_Reflect_Agent,large,episode_00014,seen,
4046,textmapworld,NEW_Reflect_Agent,large,episode_00014,efficiency,
4047,textmapworld,NEW_Reflect_Agent,large,episode_00014,exploration,
4048,textmapworld,NEW_Reflect_Agent,large,episode_00014,Main Score,
4049,textmapworld,NEW_Reflect_Agent,large,episode_00015,Aborted,1
4050,textmapworld,NEW_Reflect_Agent,large,episode_00015,Success,0
4051,textmapworld,NEW_Reflect_Agent,large,episode_00015,Lose,0
4052,textmapworld,NEW_Reflect_Agent,large,episode_00015,moves,
4053,textmapworld,NEW_Reflect_Agent,large,episode_00015,valid_moves,
4054,textmapworld,NEW_Reflect_Agent,large,episode_00015,invalid_moves,
4055,textmapworld,NEW_Reflect_Agent,large,episode_00015,stopped,
4056,textmapworld,NEW_Reflect_Agent,large,episode_00015,turns_limit,
4057,textmapworld,NEW_Reflect_Agent,large,episode_00015,loops,
4058,textmapworld,NEW_Reflect_Agent,large,episode_00015,number_visited,
4059,textmapworld,NEW_Reflect_Agent,large,episode_00015,seen,
4060,textmapworld,NEW_Reflect_Agent,large,episode_00015,efficiency,
4061,textmapworld,NEW_Reflect_Agent,large,episode_00015,exploration,
4062,textmapworld,NEW_Reflect_Agent,large,episode_00015,Main Score,
4063,textmapworld,NEW_Reflect_Agent,large_cycle,episode_00021,Aborted,1
4064,textmapworld,NEW_Reflect_Agent,large_cycle,episode_00021,Success,0
4065,textmapworld,NEW_Reflect_Agent,large_cycle,episode_00021,Lose,0
4066,textmapworld,NEW_Reflect_Agent,large_cycle,episode_00021,moves,
4067,textmapworld,NEW_Reflect_Agent,large_cycle,episode_00021,valid_moves,
4068,textmapworld,NEW_Reflect_Agent,large_cycle,episode_00021,invalid_moves,
4069,textmapworld,NEW_Reflect_Agent,large_cycle,episode_00021,stopped,
4070,textmapworld,NEW_Reflect_Agent,large_cycle,episode_00021,turns_limit,
4071,textmapworld,NEW_Reflect_Agent,large_cycle,episode_00021,loops,
4072,textmapworld,NEW_Reflect_Agent,large_cycle,episode_00021,number_visited,
4073,textmapworld,NEW_Reflect_Agent,large_cycle,episode_00021,seen,
4074,textmapworld,NEW_Reflect_Agent,large_cycle,episode_00021,efficiency,
4075,textmapworld,NEW_Reflect_Agent,large_cycle,episode_00021,exploration,
4076,textmapworld,NEW_Reflect_Agent,large_cycle,episode_00021,Main Score,
4077,textmapworld,NEW_Reflect_Agent,large_cycle,episode_00022,Aborted,1
4078,textmapworld,NEW_Reflect_Agent,large_cycle,episode_00022,Success,0
4079,textmapworld,NEW_Reflect_Agent,large_cycle,episode_00022,Lose,0
4080,textmapworld,NEW_Reflect_Agent,large_cycle,episode_00022,moves,
4081,textmapworld,NEW_Reflect_Agent,large_cycle,episode_00022,valid_moves,
4082,textmapworld,NEW_Reflect_Agent,large_cycle,episode_00022,invalid_moves,
4083,textmapworld,NEW_Reflect_Agent,large_cycle,episode_00022,stopped,
4084,textmapworld,NEW_Reflect_Agent,large_cycle,episode_00022,turns_limit,
4085,textmapworld,NEW_Reflect_Agent,large_cycle,episode_00022,loops,
4086,textmapworld,NEW_Reflect_Agent,large_cycle,episode_00022,number_visited,
4087,textmapworld,NEW_Reflect_Agent,large_cycle,episode_00022,seen,
4088,textmapworld,NEW_Reflect_Agent,large_cycle,episode_00022,efficiency,
4089,textmapworld,NEW_Reflect_Agent,large_cycle,episode_00022,exploration,
4090,textmapworld,NEW_Reflect_Agent,large_cycle,episode_00022,Main Score,
4091,textmapworld,NEW_Reflect_Agent,large_cycle,episode_00023,Aborted,1
4092,textmapworld,NEW_Reflect_Agent,large_cycle,episode_00023,Success,0
4093,textmapworld,NEW_Reflect_Agent,large_cycle,episode_00023,Lose,0
4094,textmapworld,NEW_Reflect_Agent,large_cycle,episode_00023,moves,
4095,textmapworld,NEW_Reflect_Agent,large_cycle,episode_00023,valid_moves,
4096,textmapworld,NEW_Reflect_Agent,large_cycle,episode_00023,invalid_moves,
4097,textmapworld,NEW_Reflect_Agent,large_cycle,episode_00023,stopped,
4098,textmapworld,NEW_Reflect_Agent,large_cycle,episode_00023,turns_limit,
4099,textmapworld,NEW_Reflect_Agent,large_cycle,episode_00023,loops,
4100,textmapworld,NEW_Reflect_Agent,large_cycle,episode_00023,number_visited,
4101,textmapworld,NEW_Reflect_Agent,large_cycle,episode_00023,seen,
4102,textmapworld,NEW_Reflect_Agent,large_cycle,episode_00023,efficiency,
4103,textmapworld,NEW_Reflect_Agent,large_cycle,episode_00023,exploration,
4104,textmapworld,NEW_Reflect_Agent,large_cycle,episode_00023,Main Score,
4105,textmapworld,NEW_Reflect_Agent,large_cycle,episode_00024,Aborted,1
4106,textmapworld,NEW_Reflect_Agent,large_cycle,episode_00024,Success,0
4107,textmapworld,NEW_Reflect_Agent,large_cycle,episode_00024,Lose,0
4108,textmapworld,NEW_Reflect_Agent,large_cycle,episode_00024,moves,
4109,textmapworld,NEW_Reflect_Agent,large_cycle,episode_00024,valid_moves,
4110,textmapworld,NEW_Reflect_Agent,large_cycle,episode_00024,invalid_moves,
4111,textmapworld,NEW_Reflect_Agent,large_cycle,episode_00024,stopped,
4112,textmapworld,NEW_Reflect_Agent,large_cycle,episode_00024,turns_limit,
4113,textmapworld,NEW_Reflect_Agent,large_cycle,episode_00024,loops,
4114,textmapworld,NEW_Reflect_Agent,large_cycle,episode_00024,number_visited,
4115,textmapworld,NEW_Reflect_Agent,large_cycle,episode_00024,seen,
4116,textmapworld,NEW_Reflect_Agent,large_cycle,episode_00024,efficiency,
4117,textmapworld,NEW_Reflect_Agent,large_cycle,episode_00024,exploration,
4118,textmapworld,NEW_Reflect_Agent,large_cycle,episode_00024,Main Score,
4119,textmapworld,NEW_Reflect_Agent,large_cycle,episode_00025,Aborted,1
4120,textmapworld,NEW_Reflect_Agent,large_cycle,episode_00025,Success,0
4121,textmapworld,NEW_Reflect_Agent,large_cycle,episode_00025,Lose,0
4122,textmapworld,NEW_Reflect_Agent,large_cycle,episode_00025,moves,
4123,textmapworld,NEW_Reflect_Agent,large_cycle,episode_00025,valid_moves,
4124,textmapworld,NEW_Reflect_Agent,large_cycle,episode_00025,invalid_moves,
4125,textmapworld,NEW_Reflect_Agent,large_cycle,episode_00025,stopped,
4126,textmapworld,NEW_Reflect_Agent,large_cycle,episode_00025,turns_limit,
4127,textmapworld,NEW_Reflect_Agent,large_cycle,episode_00025,loops,
4128,textmapworld,NEW_Reflect_Agent,large_cycle,episode_00025,number_visited,
4129,textmapworld,NEW_Reflect_Agent,large_cycle,episode_00025,seen,
4130,textmapworld,NEW_Reflect_Agent,large_cycle,episode_00025,efficiency,
4131,textmapworld,NEW_Reflect_Agent,large_cycle,episode_00025,exploration,
4132,textmapworld,NEW_Reflect_Agent,large_cycle,episode_00025,Main Score,
4133,textmapworld,NEW_Reflect_Agent,medium,episode_00006,Aborted,1
4134,textmapworld,NEW_Reflect_Agent,medium,episode_00006,Success,0
4135,textmapworld,NEW_Reflect_Agent,medium,episode_00006,Lose,0
4136,textmapworld,NEW_Reflect_Agent,medium,episode_00006,moves,
4137,textmapworld,NEW_Reflect_Agent,medium,episode_00006,valid_moves,
4138,textmapworld,NEW_Reflect_Agent,medium,episode_00006,invalid_moves,
4139,textmapworld,NEW_Reflect_Agent,medium,episode_00006,stopped,
4140,textmapworld,NEW_Reflect_Agent,medium,episode_00006,turns_limit,
4141,textmapworld,NEW_Reflect_Agent,medium,episode_00006,loops,
4142,textmapworld,NEW_Reflect_Agent,medium,episode_00006,number_visited,
4143,textmapworld,NEW_Reflect_Agent,medium,episode_00006,seen,
4144,textmapworld,NEW_Reflect_Agent,medium,episode_00006,efficiency,
4145,textmapworld,NEW_Reflect_Agent,medium,episode_00006,exploration,
4146,textmapworld,NEW_Reflect_Agent,medium,episode_00006,Main Score,
4147,textmapworld,NEW_Reflect_Agent,medium,episode_00007,Aborted,1
4148,textmapworld,NEW_Reflect_Agent,medium,episode_00007,Success,0
4149,textmapworld,NEW_Reflect_Agent,medium,episode_00007,Lose,0
4150,textmapworld,NEW_Reflect_Agent,medium,episode_00007,moves,
4151,textmapworld,NEW_Reflect_Agent,medium,episode_00007,valid_moves,
4152,textmapworld,NEW_Reflect_Agent,medium,episode_00007,invalid_moves,
4153,textmapworld,NEW_Reflect_Agent,medium,episode_00007,stopped,
4154,textmapworld,NEW_Reflect_Agent,medium,episode_00007,turns_limit,
4155,textmapworld,NEW_Reflect_Agent,medium,episode_00007,loops,
4156,textmapworld,NEW_Reflect_Agent,medium,episode_00007,number_visited,
4157,textmapworld,NEW_Reflect_Agent,medium,episode_00007,seen,
4158,textmapworld,NEW_Reflect_Agent,medium,episode_00007,efficiency,
4159,textmapworld,NEW_Reflect_Agent,medium,episode_00007,exploration,
4160,textmapworld,NEW_Reflect_Agent,medium,episode_00007,Main Score,
4161,textmapworld,NEW_Reflect_Agent,medium,episode_00008,Aborted,1
4162,textmapworld,NEW_Reflect_Agent,medium,episode_00008,Success,0
4163,textmapworld,NEW_Reflect_Agent,medium,episode_00008,Lose,0
4164,textmapworld,NEW_Reflect_Agent,medium,episode_00008,moves,
4165,textmapworld,NEW_Reflect_Agent,medium,episode_00008,valid_moves,
4166,textmapworld,NEW_Reflect_Agent,medium,episode_00008,invalid_moves,
4167,textmapworld,NEW_Reflect_Agent,medium,episode_00008,stopped,
4168,textmapworld,NEW_Reflect_Agent,medium,episode_00008,turns_limit,
4169,textmapworld,NEW_Reflect_Agent,medium,episode_00008,loops,
4170,textmapworld,NEW_Reflect_Agent,medium,episode_00008,number_visited,
4171,textmapworld,NEW_Reflect_Agent,medium,episode_00008,seen,
4172,textmapworld,NEW_Reflect_Agent,medium,episode_00008,efficiency,
4173,textmapworld,NEW_Reflect_Agent,medium,episode_00008,exploration,
4174,textmapworld,NEW_Reflect_Agent,medium,episode_00008,Main Score,
4175,textmapworld,NEW_Reflect_Agent,medium,episode_00009,Aborted,1
4176,textmapworld,NEW_Reflect_Agent,medium,episode_00009,Success,0
4177,textmapworld,NEW_Reflect_Agent,medium,episode_00009,Lose,0
4178,textmapworld,NEW_Reflect_Agent,medium,episode_00009,moves,
4179,textmapworld,NEW_Reflect_Agent,medium,episode_00009,valid_moves,
4180,textmapworld,NEW_Reflect_Agent,medium,episode_00009,invalid_moves,
4181,textmapworld,NEW_Reflect_Agent,medium,episode_00009,stopped,
4182,textmapworld,NEW_Reflect_Agent,medium,episode_00009,turns_limit,
4183,textmapworld,NEW_Reflect_Agent,medium,episode_00009,loops,
4184,textmapworld,NEW_Reflect_Agent,medium,episode_00009,number_visited,
4185,textmapworld,NEW_Reflect_Agent,medium,episode_00009,seen,
4186,textmapworld,NEW_Reflect_Agent,medium,episode_00009,efficiency,
4187,textmapworld,NEW_Reflect_Agent,medium,episode_00009,exploration,
4188,textmapworld,NEW_Reflect_Agent,medium,episode_00009,Main Score,
4189,textmapworld,NEW_Reflect_Agent,medium,episode_00010,Aborted,1
4190,textmapworld,NEW_Reflect_Agent,medium,episode_00010,Success,0
4191,textmapworld,NEW_Reflect_Agent,medium,episode_00010,Lose,0
4192,textmapworld,NEW_Reflect_Agent,medium,episode_00010,moves,
4193,textmapworld,NEW_Reflect_Agent,medium,episode_00010,valid_moves,
4194,textmapworld,NEW_Reflect_Agent,medium,episode_00010,invalid_moves,
4195,textmapworld,NEW_Reflect_Agent,medium,episode_00010,stopped,
4196,textmapworld,NEW_Reflect_Agent,medium,episode_00010,turns_limit,
4197,textmapworld,NEW_Reflect_Agent,medium,episode_00010,loops,
4198,textmapworld,NEW_Reflect_Agent,medium,episode_00010,number_visited,
4199,textmapworld,NEW_Reflect_Agent,medium,episode_00010,seen,
4200,textmapworld,NEW_Reflect_Agent,medium,episode_00010,efficiency,
4201,textmapworld,NEW_Reflect_Agent,medium,episode_00010,exploration,
4202,textmapworld,NEW_Reflect_Agent,medium,episode_00010,Main Score,
4203,textmapworld,NEW_Reflect_Agent,medium_cycle,episode_00016,Aborted,1
4204,textmapworld,NEW_Reflect_Agent,medium_cycle,episode_00016,Success,0
4205,textmapworld,NEW_Reflect_Agent,medium_cycle,episode_00016,Lose,0
4206,textmapworld,NEW_Reflect_Agent,medium_cycle,episode_00016,moves,
4207,textmapworld,NEW_Reflect_Agent,medium_cycle,episode_00016,valid_moves,
4208,textmapworld,NEW_Reflect_Agent,medium_cycle,episode_00016,invalid_moves,
4209,textmapworld,NEW_Reflect_Agent,medium_cycle,episode_00016,stopped,
4210,textmapworld,NEW_Reflect_Agent,medium_cycle,episode_00016,turns_limit,
4211,textmapworld,NEW_Reflect_Agent,medium_cycle,episode_00016,loops,
4212,textmapworld,NEW_Reflect_Agent,medium_cycle,episode_00016,number_visited,
4213,textmapworld,NEW_Reflect_Agent,medium_cycle,episode_00016,seen,
4214,textmapworld,NEW_Reflect_Agent,medium_cycle,episode_00016,efficiency,
4215,textmapworld,NEW_Reflect_Agent,medium_cycle,episode_00016,exploration,
4216,textmapworld,NEW_Reflect_Agent,medium_cycle,episode_00016,Main Score,
4217,textmapworld,NEW_Reflect_Agent,medium_cycle,episode_00017,Aborted,1
4218,textmapworld,NEW_Reflect_Agent,medium_cycle,episode_00017,Success,0
4219,textmapworld,NEW_Reflect_Agent,medium_cycle,episode_00017,Lose,0
4220,textmapworld,NEW_Reflect_Agent,medium_cycle,episode_00017,moves,
4221,textmapworld,NEW_Reflect_Agent,medium_cycle,episode_00017,valid_moves,
4222,textmapworld,NEW_Reflect_Agent,medium_cycle,episode_00017,invalid_moves,
4223,textmapworld,NEW_Reflect_Agent,medium_cycle,episode_00017,stopped,
4224,textmapworld,NEW_Reflect_Agent,medium_cycle,episode_00017,turns_limit,
4225,textmapworld,NEW_Reflect_Agent,medium_cycle,episode_00017,loops,
4226,textmapworld,NEW_Reflect_Agent,medium_cycle,episode_00017,number_visited,
4227,textmapworld,NEW_Reflect_Agent,medium_cycle,episode_00017,seen,
4228,textmapworld,NEW_Reflect_Agent,medium_cycle,episode_00017,efficiency,
4229,textmapworld,NEW_Reflect_Agent,medium_cycle,episode_00017,exploration,
4230,textmapworld,NEW_Reflect_Agent,medium_cycle,episode_00017,Main Score,
4231,textmapworld,NEW_Reflect_Agent,medium_cycle,episode_00018,Aborted,1
4232,textmapworld,NEW_Reflect_Agent,medium_cycle,episode_00018,Success,0
4233,textmapworld,NEW_Reflect_Agent,medium_cycle,episode_00018,Lose,0
4234,textmapworld,NEW_Reflect_Agent,medium_cycle,episode_00018,moves,
4235,textmapworld,NEW_Reflect_Agent,medium_cycle,episode_00018,valid_moves,
4236,textmapworld,NEW_Reflect_Agent,medium_cycle,episode_00018,invalid_moves,
4237,textmapworld,NEW_Reflect_Agent,medium_cycle,episode_00018,stopped,
4238,textmapworld,NEW_Reflect_Agent,medium_cycle,episode_00018,turns_limit,
4239,textmapworld,NEW_Reflect_Agent,medium_cycle,episode_00018,loops,
4240,textmapworld,NEW_Reflect_Agent,medium_cycle,episode_00018,number_visited,
4241,textmapworld,NEW_Reflect_Agent,medium_cycle,episode_00018,seen,
4242,textmapworld,NEW_Reflect_Agent,medium_cycle,episode_00018,efficiency,
4243,textmapworld,NEW_Reflect_Agent,medium_cycle,episode_00018,exploration,
4244,textmapworld,NEW_Reflect_Agent,medium_cycle,episode_00018,Main Score,
4245,textmapworld,NEW_Reflect_Agent,medium_cycle,episode_00019,Aborted,1
4246,textmapworld,NEW_Reflect_Agent,medium_cycle,episode_00019,Success,0
4247,textmapworld,NEW_Reflect_Agent,medium_cycle,episode_00019,Lose,0
4248,textmapworld,NEW_Reflect_Agent,medium_cycle,episode_00019,moves,
4249,textmapworld,NEW_Reflect_Agent,medium_cycle,episode_00019,valid_moves,
4250,textmapworld,NEW_Reflect_Agent,medium_cycle,episode_00019,invalid_moves,
4251,textmapworld,NEW_Reflect_Agent,medium_cycle,episode_00019,stopped,
4252,textmapworld,NEW_Reflect_Agent,medium_cycle,episode_00019,turns_limit,
4253,textmapworld,NEW_Reflect_Agent,medium_cycle,episode_00019,loops,
4254,textmapworld,NEW_Reflect_Agent,medium_cycle,episode_00019,number_visited,
4255,textmapworld,NEW_Reflect_Agent,medium_cycle,episode_00019,seen,
4256,textmapworld,NEW_Reflect_Agent,medium_cycle,episode_00019,efficiency,
4257,textmapworld,NEW_Reflect_Agent,medium_cycle,episode_00019,exploration,
4258,textmapworld,NEW_Reflect_Agent,medium_cycle,episode_00019,Main Score,
4259,textmapworld,NEW_Reflect_Agent,medium_cycle,episode_00020,Aborted,1
4260,textmapworld,NEW_Reflect_Agent,medium_cycle,episode_00020,Success,0
4261,textmapworld,NEW_Reflect_Agent,medium_cycle,episode_00020,Lose,0
4262,textmapworld,NEW_Reflect_Agent,medium_cycle,episode_00020,moves,
4263,textmapworld,NEW_Reflect_Agent,medium_cycle,episode_00020,valid_moves,
4264,textmapworld,NEW_Reflect_Agent,medium_cycle,episode_00020,invalid_moves,
4265,textmapworld,NEW_Reflect_Agent,medium_cycle,episode_00020,stopped,
4266,textmapworld,NEW_Reflect_Agent,medium_cycle,episode_00020,turns_limit,
4267,textmapworld,NEW_Reflect_Agent,medium_cycle,episode_00020,loops,
4268,textmapworld,NEW_Reflect_Agent,medium_cycle,episode_00020,number_visited,
4269,textmapworld,NEW_Reflect_Agent,medium_cycle,episode_00020,seen,
4270,textmapworld,NEW_Reflect_Agent,medium_cycle,episode_00020,efficiency,
4271,textmapworld,NEW_Reflect_Agent,medium_cycle,episode_00020,exploration,
4272,textmapworld,NEW_Reflect_Agent,medium_cycle,episode_00020,Main Score,
4273,textmapworld,NEW_Reflect_Agent,small,episode_00001,Aborted,1
4274,textmapworld,NEW_Reflect_Agent,small,episode_00001,Success,0
4275,textmapworld,NEW_Reflect_Agent,small,episode_00001,Lose,0
4276,textmapworld,NEW_Reflect_Agent,small,episode_00001,moves,
4277,textmapworld,NEW_Reflect_Agent,small,episode_00001,valid_moves,
4278,textmapworld,NEW_Reflect_Agent,small,episode_00001,invalid_moves,
4279,textmapworld,NEW_Reflect_Agent,small,episode_00001,stopped,
4280,textmapworld,NEW_Reflect_Agent,small,episode_00001,turns_limit,
4281,textmapworld,NEW_Reflect_Agent,small,episode_00001,loops,
4282,textmapworld,NEW_Reflect_Agent,small,episode_00001,number_visited,
4283,textmapworld,NEW_Reflect_Agent,small,episode_00001,seen,
4284,textmapworld,NEW_Reflect_Agent,small,episode_00001,efficiency,
4285,textmapworld,NEW_Reflect_Agent,small,episode_00001,exploration,
4286,textmapworld,NEW_Reflect_Agent,small,episode_00001,Main Score,
4287,textmapworld,NEW_Reflect_Agent,small,episode_00002,Aborted,1
4288,textmapworld,NEW_Reflect_Agent,small,episode_00002,Success,0
4289,textmapworld,NEW_Reflect_Agent,small,episode_00002,Lose,0
4290,textmapworld,NEW_Reflect_Agent,small,episode_00002,moves,
4291,textmapworld,NEW_Reflect_Agent,small,episode_00002,valid_moves,
4292,textmapworld,NEW_Reflect_Agent,small,episode_00002,invalid_moves,
4293,textmapworld,NEW_Reflect_Agent,small,episode_00002,stopped,
4294,textmapworld,NEW_Reflect_Agent,small,episode_00002,turns_limit,
4295,textmapworld,NEW_Reflect_Agent,small,episode_00002,loops,
4296,textmapworld,NEW_Reflect_Agent,small,episode_00002,number_visited,
4297,textmapworld,NEW_Reflect_Agent,small,episode_00002,seen,
4298,textmapworld,NEW_Reflect_Agent,small,episode_00002,efficiency,
4299,textmapworld,NEW_Reflect_Agent,small,episode_00002,exploration,
4300,textmapworld,NEW_Reflect_Agent,small,episode_00002,Main Score,
4301,textmapworld,NEW_Reflect_Agent,small,episode_00003,Aborted,1
4302,textmapworld,NEW_Reflect_Agent,small,episode_00003,Success,0
4303,textmapworld,NEW_Reflect_Agent,small,episode_00003,Lose,0
4304,textmapworld,NEW_Reflect_Agent,small,episode_00003,moves,
4305,textmapworld,NEW_Reflect_Agent,small,episode_00003,valid_moves,
4306,textmapworld,NEW_Reflect_Agent,small,episode_00003,invalid_moves,
4307,textmapworld,NEW_Reflect_Agent,small,episode_00003,stopped,
4308,textmapworld,NEW_Reflect_Agent,small,episode_00003,turns_limit,
4309,textmapworld,NEW_Reflect_Agent,small,episode_00003,loops,
4310,textmapworld,NEW_Reflect_Agent,small,episode_00003,number_visited,
4311,textmapworld,NEW_Reflect_Agent,small,episode_00003,seen,
4312,textmapworld,NEW_Reflect_Agent,small,episode_00003,efficiency,
4313,textmapworld,NEW_Reflect_Agent,small,episode_00003,exploration,
4314,textmapworld,NEW_Reflect_Agent,small,episode_00003,Main Score,
4315,textmapworld,NEW_Reflect_Agent,small,episode_00004,Aborted,1
4316,textmapworld,NEW_Reflect_Agent,small,episode_00004,Success,0
4317,textmapworld,NEW_Reflect_Agent,small,episode_00004,Lose,0
4318,textmapworld,NEW_Reflect_Agent,small,episode_00004,moves,
4319,textmapworld,NEW_Reflect_Agent,small,episode_00004,valid_moves,
4320,textmapworld,NEW_Reflect_Agent,small,episode_00004,invalid_moves,
4321,textmapworld,NEW_Reflect_Agent,small,episode_00004,stopped,
4322,textmapworld,NEW_Reflect_Agent,small,episode_00004,turns_limit,
4323,textmapworld,NEW_Reflect_Agent,small,episode_00004,loops,
4324,textmapworld,NEW_Reflect_Agent,small,episode_00004,number_visited,
4325,textmapworld,NEW_Reflect_Agent,small,episode_00004,seen,
4326,textmapworld,NEW_Reflect_Agent,small,episode_00004,efficiency,
4327,textmapworld,NEW_Reflect_Agent,small,episode_00004,exploration,
4328,textmapworld,NEW_Reflect_Agent,small,episode_00004,Main Score,
4329,textmapworld,NEW_Reflect_Agent,small,episode_00005,Aborted,1
4330,textmapworld,NEW_Reflect_Agent,small,episode_00005,Success,0
4331,textmapworld,NEW_Reflect_Agent,small,episode_00005,Lose,0
4332,textmapworld,NEW_Reflect_Agent,small,episode_00005,moves,
4333,textmapworld,NEW_Reflect_Agent,small,episode_00005,valid_moves,
4334,textmapworld,NEW_Reflect_Agent,small,episode_00005,invalid_moves,
4335,textmapworld,NEW_Reflect_Agent,small,episode_00005,stopped,
4336,textmapworld,NEW_Reflect_Agent,small,episode_00005,turns_limit,
4337,textmapworld,NEW_Reflect_Agent,small,episode_00005,loops,
4338,textmapworld,NEW_Reflect_Agent,small,episode_00005,number_visited,
4339,textmapworld,NEW_Reflect_Agent,small,episode_00005,seen,
4340,textmapworld,NEW_Reflect_Agent,small,episode_00005,efficiency,
4341,textmapworld,NEW_Reflect_Agent,small,episode_00005,exploration,
4342,textmapworld,NEW_Reflect_Agent,small,episode_00005,Main Score,
4343,wordle,NEW_Reflect_Agent,high_frequency_words_no_clue_no_critic,episode_00001,Aborted,1
4344,wordle,NEW_Reflect_Agent,high_frequency_words_no_clue_no_critic,episode_00001,Lose,0
4345,wordle,NEW_Reflect_Agent,high_frequency_words_no_clue_no_critic,episode_00001,Success,0
4346,wordle,NEW_Reflect_Agent,high_frequency_words_no_clue_no_critic,episode_00001,Request Count,3
4347,wordle,NEW_Reflect_Agent,high_frequency_words_no_clue_no_critic,episode_00001,Parsed Request Count,2
4348,wordle,NEW_Reflect_Agent,high_frequency_words_no_clue_no_critic,episode_00001,Violated Request Count,1
4349,wordle,NEW_Reflect_Agent,high_frequency_words_no_clue_no_critic,episode_00001,Request Success Ratio,0.6666666666666666
4350,wordle,NEW_Reflect_Agent,high_frequency_words_no_clue_no_critic,episode_00001,Main Score,
4351,wordle,NEW_Reflect_Agent,high_frequency_words_no_clue_no_critic,episode_00001,Guess Repetitions,
4352,wordle,NEW_Reflect_Agent,high_frequency_words_no_clue_no_critic,episode_00002,Aborted,0
4353,wordle,NEW_Reflect_Agent,high_frequency_words_no_clue_no_critic,episode_00002,Lose,1
4354,wordle,NEW_Reflect_Agent,high_frequency_words_no_clue_no_critic,episode_00002,Success,0
4355,wordle,NEW_Reflect_Agent,high_frequency_words_no_clue_no_critic,episode_00002,Request Count,6
4356,wordle,NEW_Reflect_Agent,high_frequency_words_no_clue_no_critic,episode_00002,Parsed Request Count,6
4357,wordle,NEW_Reflect_Agent,high_frequency_words_no_clue_no_critic,episode_00002,Violated Request Count,0
4358,wordle,NEW_Reflect_Agent,high_frequency_words_no_clue_no_critic,episode_00002,Request Success Ratio,1.0
4359,wordle,NEW_Reflect_Agent,high_frequency_words_no_clue_no_critic,episode_00002,Main Score,0
4360,wordle,NEW_Reflect_Agent,high_frequency_words_no_clue_no_critic,episode_00002,Guess Repetitions,2
4361,wordle,NEW_Reflect_Agent,high_frequency_words_no_clue_no_critic,episode_00003,Aborted,0
4362,wordle,NEW_Reflect_Agent,high_frequency_words_no_clue_no_critic,episode_00003,Lose,0
4363,wordle,NEW_Reflect_Agent,high_frequency_words_no_clue_no_critic,episode_00003,Success,1
4364,wordle,NEW_Reflect_Agent,high_frequency_words_no_clue_no_critic,episode_00003,Request Count,4
4365,wordle,NEW_Reflect_Agent,high_frequency_words_no_clue_no_critic,episode_00003,Parsed Request Count,4
4366,wordle,NEW_Reflect_Agent,high_frequency_words_no_clue_no_critic,episode_00003,Violated Request Count,0
4367,wordle,NEW_Reflect_Agent,high_frequency_words_no_clue_no_critic,episode_00003,Request Success Ratio,1.0
4368,wordle,NEW_Reflect_Agent,high_frequency_words_no_clue_no_critic,episode_00003,Main Score,50
4369,wordle,NEW_Reflect_Agent,high_frequency_words_no_clue_no_critic,episode_00003,Guess Repetitions,0
4370,wordle,NEW_Reflect_Agent,high_frequency_words_no_clue_no_critic,episode_00004,Aborted,0
4371,wordle,NEW_Reflect_Agent,high_frequency_words_no_clue_no_critic,episode_00004,Lose,1
4372,wordle,NEW_Reflect_Agent,high_frequency_words_no_clue_no_critic,episode_00004,Success,0
4373,wordle,NEW_Reflect_Agent,high_frequency_words_no_clue_no_critic,episode_00004,Request Count,6
4374,wordle,NEW_Reflect_Agent,high_frequency_words_no_clue_no_critic,episode_00004,Parsed Request Count,6
4375,wordle,NEW_Reflect_Agent,high_frequency_words_no_clue_no_critic,episode_00004,Violated Request Count,0
4376,wordle,NEW_Reflect_Agent,high_frequency_words_no_clue_no_critic,episode_00004,Request Success Ratio,1.0
4377,wordle,NEW_Reflect_Agent,high_frequency_words_no_clue_no_critic,episode_00004,Main Score,0
4378,wordle,NEW_Reflect_Agent,high_frequency_words_no_clue_no_critic,episode_00004,Guess Repetitions,3
4379,wordle,NEW_Reflect_Agent,high_frequency_words_no_clue_no_critic,episode_00005,Aborted,1
4380,wordle,NEW_Reflect_Agent,high_frequency_words_no_clue_no_critic,episode_00005,Lose,0
4381,wordle,NEW_Reflect_Agent,high_frequency_words_no_clue_no_critic,episode_00005,Success,0
4382,wordle,NEW_Reflect_Agent,high_frequency_words_no_clue_no_critic,episode_00005,Request Count,6
4383,wordle,NEW_Reflect_Agent,high_frequency_words_no_clue_no_critic,episode_00005,Parsed Request Count,5
4384,wordle,NEW_Reflect_Agent,high_frequency_words_no_clue_no_critic,episode_00005,Violated Request Count,1
4385,wordle,NEW_Reflect_Agent,high_frequency_words_no_clue_no_critic,episode_00005,Request Success Ratio,0.8333333333333334
4386,wordle,NEW_Reflect_Agent,high_frequency_words_no_clue_no_critic,episode_00005,Main Score,
4387,wordle,NEW_Reflect_Agent,high_frequency_words_no_clue_no_critic,episode_00005,Guess Repetitions,
4388,wordle,NEW_Reflect_Agent,high_frequency_words_no_clue_no_critic,episode_00006,Aborted,1
4389,wordle,NEW_Reflect_Agent,high_frequency_words_no_clue_no_critic,episode_00006,Lose,0
4390,wordle,NEW_Reflect_Agent,high_frequency_words_no_clue_no_critic,episode_00006,Success,0
4391,wordle,NEW_Reflect_Agent,high_frequency_words_no_clue_no_critic,episode_00006,Request Count,4
4392,wordle,NEW_Reflect_Agent,high_frequency_words_no_clue_no_critic,episode_00006,Parsed Request Count,3
4393,wordle,NEW_Reflect_Agent,high_frequency_words_no_clue_no_critic,episode_00006,Violated Request Count,1
4394,wordle,NEW_Reflect_Agent,high_frequency_words_no_clue_no_critic,episode_00006,Request Success Ratio,0.75
4395,wordle,NEW_Reflect_Agent,high_frequency_words_no_clue_no_critic,episode_00006,Main Score,
4396,wordle,NEW_Reflect_Agent,high_frequency_words_no_clue_no_critic,episode_00006,Guess Repetitions,
4397,wordle,NEW_Reflect_Agent,high_frequency_words_no_clue_no_critic,episode_00007,Aborted,1
4398,wordle,NEW_Reflect_Agent,high_frequency_words_no_clue_no_critic,episode_00007,Lose,0
4399,wordle,NEW_Reflect_Agent,high_frequency_words_no_clue_no_critic,episode_00007,Success,0
4400,wordle,NEW_Reflect_Agent,high_frequency_words_no_clue_no_critic,episode_00007,Request Count,3
4401,wordle,NEW_Reflect_Agent,high_frequency_words_no_clue_no_critic,episode_00007,Parsed Request Count,2
4402,wordle,NEW_Reflect_Agent,high_frequency_words_no_clue_no_critic,episode_00007,Violated Request Count,1
4403,wordle,NEW_Reflect_Agent,high_frequency_words_no_clue_no_critic,episode_00007,Request Success Ratio,0.6666666666666666
4404,wordle,NEW_Reflect_Agent,high_frequency_words_no_clue_no_critic,episode_00007,Main Score,
4405,wordle,NEW_Reflect_Agent,high_frequency_words_no_clue_no_critic,episode_00007,Guess Repetitions,
4406,wordle,NEW_Reflect_Agent,high_frequency_words_no_clue_no_critic,episode_00008,Aborted,0
4407,wordle,NEW_Reflect_Agent,high_frequency_words_no_clue_no_critic,episode_00008,Lose,1
4408,wordle,NEW_Reflect_Agent,high_frequency_words_no_clue_no_critic,episode_00008,Success,0
4409,wordle,NEW_Reflect_Agent,high_frequency_words_no_clue_no_critic,episode_00008,Request Count,6
4410,wordle,NEW_Reflect_Agent,high_frequency_words_no_clue_no_critic,episode_00008,Parsed Request Count,6
4411,wordle,NEW_Reflect_Agent,high_frequency_words_no_clue_no_critic,episode_00008,Violated Request Count,0
4412,wordle,NEW_Reflect_Agent,high_frequency_words_no_clue_no_critic,episode_00008,Request Success Ratio,1.0
4413,wordle,NEW_Reflect_Agent,high_frequency_words_no_clue_no_critic,episode_00008,Main Score,0
4414,wordle,NEW_Reflect_Agent,high_frequency_words_no_clue_no_critic,episode_00008,Guess Repetitions,2
4415,wordle,NEW_Reflect_Agent,high_frequency_words_no_clue_no_critic,episode_00009,Aborted,0
4416,wordle,NEW_Reflect_Agent,high_frequency_words_no_clue_no_critic,episode_00009,Lose,1
4417,wordle,NEW_Reflect_Agent,high_frequency_words_no_clue_no_critic,episode_00009,Success,0
4418,wordle,NEW_Reflect_Agent,high_frequency_words_no_clue_no_critic,episode_00009,Request Count,6
4419,wordle,NEW_Reflect_Agent,high_frequency_words_no_clue_no_critic,episode_00009,Parsed Request Count,6
4420,wordle,NEW_Reflect_Agent,high_frequency_words_no_clue_no_critic,episode_00009,Violated Request Count,0
4421,wordle,NEW_Reflect_Agent,high_frequency_words_no_clue_no_critic,episode_00009,Request Success Ratio,1.0
4422,wordle,NEW_Reflect_Agent,high_frequency_words_no_clue_no_critic,episode_00009,Main Score,0
4423,wordle,NEW_Reflect_Agent,high_frequency_words_no_clue_no_critic,episode_00009,Guess Repetitions,5
4424,wordle,NEW_Reflect_Agent,high_frequency_words_no_clue_no_critic,episode_00010,Aborted,1
4425,wordle,NEW_Reflect_Agent,high_frequency_words_no_clue_no_critic,episode_00010,Lose,0
4426,wordle,NEW_Reflect_Agent,high_frequency_words_no_clue_no_critic,episode_00010,Success,0
4427,wordle,NEW_Reflect_Agent,high_frequency_words_no_clue_no_critic,episode_00010,Request Count,4
4428,wordle,NEW_Reflect_Agent,high_frequency_words_no_clue_no_critic,episode_00010,Parsed Request Count,3
4429,wordle,NEW_Reflect_Agent,high_frequency_words_no_clue_no_critic,episode_00010,Violated Request Count,1
4430,wordle,NEW_Reflect_Agent,high_frequency_words_no_clue_no_critic,episode_00010,Request Success Ratio,0.75
4431,wordle,NEW_Reflect_Agent,high_frequency_words_no_clue_no_critic,episode_00010,Main Score,
4432,wordle,NEW_Reflect_Agent,high_frequency_words_no_clue_no_critic,episode_00010,Guess Repetitions,
4433,wordle,NEW_Reflect_Agent,medium_frequency_words_no_clue_no_critic,episode_00011,Aborted,1
4434,wordle,NEW_Reflect_Agent,medium_frequency_words_no_clue_no_critic,episode_00011,Lose,0
4435,wordle,NEW_Reflect_Agent,medium_frequency_words_no_clue_no_critic,episode_00011,Success,0
4436,wordle,NEW_Reflect_Agent,medium_frequency_words_no_clue_no_critic,episode_00011,Request Count,1
4437,wordle,NEW_Reflect_Agent,medium_frequency_words_no_clue_no_critic,episode_00011,Parsed Request Count,0
4438,wordle,NEW_Reflect_Agent,medium_frequency_words_no_clue_no_critic,episode_00011,Violated Request Count,1
4439,wordle,NEW_Reflect_Agent,medium_frequency_words_no_clue_no_critic,episode_00011,Request Success Ratio,0.0
4440,wordle,NEW_Reflect_Agent,medium_frequency_words_no_clue_no_critic,episode_00011,Main Score,
4441,wordle,NEW_Reflect_Agent,medium_frequency_words_no_clue_no_critic,episode_00011,Guess Repetitions,
4442,wordle,NEW_Reflect_Agent,medium_frequency_words_no_clue_no_critic,episode_00012,Aborted,1
4443,wordle,NEW_Reflect_Agent,medium_frequency_words_no_clue_no_critic,episode_00012,Lose,0
4444,wordle,NEW_Reflect_Agent,medium_frequency_words_no_clue_no_critic,episode_00012,Success,0
4445,wordle,NEW_Reflect_Agent,medium_frequency_words_no_clue_no_critic,episode_00012,Request Count,5
4446,wordle,NEW_Reflect_Agent,medium_frequency_words_no_clue_no_critic,episode_00012,Parsed Request Count,4
4447,wordle,NEW_Reflect_Agent,medium_frequency_words_no_clue_no_critic,episode_00012,Violated Request Count,1
4448,wordle,NEW_Reflect_Agent,medium_frequency_words_no_clue_no_critic,episode_00012,Request Success Ratio,0.8
4449,wordle,NEW_Reflect_Agent,medium_frequency_words_no_clue_no_critic,episode_00012,Main Score,
4450,wordle,NEW_Reflect_Agent,medium_frequency_words_no_clue_no_critic,episode_00012,Guess Repetitions,
4451,wordle,NEW_Reflect_Agent,medium_frequency_words_no_clue_no_critic,episode_00013,Aborted,1
4452,wordle,NEW_Reflect_Agent,medium_frequency_words_no_clue_no_critic,episode_00013,Lose,0
4453,wordle,NEW_Reflect_Agent,medium_frequency_words_no_clue_no_critic,episode_00013,Success,0
4454,wordle,NEW_Reflect_Agent,medium_frequency_words_no_clue_no_critic,episode_00013,Request Count,3
4455,wordle,NEW_Reflect_Agent,medium_frequency_words_no_clue_no_critic,episode_00013,Parsed Request Count,2
4456,wordle,NEW_Reflect_Agent,medium_frequency_words_no_clue_no_critic,episode_00013,Violated Request Count,1
4457,wordle,NEW_Reflect_Agent,medium_frequency_words_no_clue_no_critic,episode_00013,Request Success Ratio,0.6666666666666666
4458,wordle,NEW_Reflect_Agent,medium_frequency_words_no_clue_no_critic,episode_00013,Main Score,
4459,wordle,NEW_Reflect_Agent,medium_frequency_words_no_clue_no_critic,episode_00013,Guess Repetitions,
4460,wordle,NEW_Reflect_Agent,medium_frequency_words_no_clue_no_critic,episode_00014,Aborted,1
4461,wordle,NEW_Reflect_Agent,medium_frequency_words_no_clue_no_critic,episode_00014,Lose,0
4462,wordle,NEW_Reflect_Agent,medium_frequency_words_no_clue_no_critic,episode_00014,Success,0
4463,wordle,NEW_Reflect_Agent,medium_frequency_words_no_clue_no_critic,episode_00014,Request Count,6
4464,wordle,NEW_Reflect_Agent,medium_frequency_words_no_clue_no_critic,episode_00014,Parsed Request Count,5
4465,wordle,NEW_Reflect_Agent,medium_frequency_words_no_clue_no_critic,episode_00014,Violated Request Count,1
4466,wordle,NEW_Reflect_Agent,medium_frequency_words_no_clue_no_critic,episode_00014,Request Success Ratio,0.8333333333333334
4467,wordle,NEW_Reflect_Agent,medium_frequency_words_no_clue_no_critic,episode_00014,Main Score,
4468,wordle,NEW_Reflect_Agent,medium_frequency_words_no_clue_no_critic,episode_00014,Guess Repetitions,
4469,wordle,NEW_Reflect_Agent,medium_frequency_words_no_clue_no_critic,episode_00015,Aborted,1
4470,wordle,NEW_Reflect_Agent,medium_frequency_words_no_clue_no_critic,episode_00015,Lose,0
4471,wordle,NEW_Reflect_Agent,medium_frequency_words_no_clue_no_critic,episode_00015,Success,0
4472,wordle,NEW_Reflect_Agent,medium_frequency_words_no_clue_no_critic,episode_00015,Request Count,6
4473,wordle,NEW_Reflect_Agent,medium_frequency_words_no_clue_no_critic,episode_00015,Parsed Request Count,5
4474,wordle,NEW_Reflect_Agent,medium_frequency_words_no_clue_no_critic,episode_00015,Violated Request Count,1
4475,wordle,NEW_Reflect_Agent,medium_frequency_words_no_clue_no_critic,episode_00015,Request Success Ratio,0.8333333333333334
4476,wordle,NEW_Reflect_Agent,medium_frequency_words_no_clue_no_critic,episode_00015,Main Score,
4477,wordle,NEW_Reflect_Agent,medium_frequency_words_no_clue_no_critic,episode_00015,Guess Repetitions,
4478,wordle,NEW_Reflect_Agent,medium_frequency_words_no_clue_no_critic,episode_00016,Aborted,1
4479,wordle,NEW_Reflect_Agent,medium_frequency_words_no_clue_no_critic,episode_00016,Lose,0
4480,wordle,NEW_Reflect_Agent,medium_frequency_words_no_clue_no_critic,episode_00016,Success,0
4481,wordle,NEW_Reflect_Agent,medium_frequency_words_no_clue_no_critic,episode_00016,Request Count,3
4482,wordle,NEW_Reflect_Agent,medium_frequency_words_no_clue_no_critic,episode_00016,Parsed Request Count,2
4483,wordle,NEW_Reflect_Agent,medium_frequency_words_no_clue_no_critic,episode_00016,Violated Request Count,1
4484,wordle,NEW_Reflect_Agent,medium_frequency_words_no_clue_no_critic,episode_00016,Request Success Ratio,0.6666666666666666
4485,wordle,NEW_Reflect_Agent,medium_frequency_words_no_clue_no_critic,episode_00016,Main Score,
4486,wordle,NEW_Reflect_Agent,medium_frequency_words_no_clue_no_critic,episode_00016,Guess Repetitions,
4487,wordle,NEW_Reflect_Agent,medium_frequency_words_no_clue_no_critic,episode_00017,Aborted,0
4488,wordle,NEW_Reflect_Agent,medium_frequency_words_no_clue_no_critic,episode_00017,Lose,1
4489,wordle,NEW_Reflect_Agent,medium_frequency_words_no_clue_no_critic,episode_00017,Success,0
4490,wordle,NEW_Reflect_Agent,medium_frequency_words_no_clue_no_critic,episode_00017,Request Count,6
4491,wordle,NEW_Reflect_Agent,medium_frequency_words_no_clue_no_critic,episode_00017,Parsed Request Count,6
4492,wordle,NEW_Reflect_Agent,medium_frequency_words_no_clue_no_critic,episode_00017,Violated Request Count,0
4493,wordle,NEW_Reflect_Agent,medium_frequency_words_no_clue_no_critic,episode_00017,Request Success Ratio,1.0
4494,wordle,NEW_Reflect_Agent,medium_frequency_words_no_clue_no_critic,episode_00017,Main Score,0
4495,wordle,NEW_Reflect_Agent,medium_frequency_words_no_clue_no_critic,episode_00017,Guess Repetitions,4
4496,wordle,NEW_Reflect_Agent,medium_frequency_words_no_clue_no_critic,episode_00018,Aborted,0
4497,wordle,NEW_Reflect_Agent,medium_frequency_words_no_clue_no_critic,episode_00018,Lose,1
4498,wordle,NEW_Reflect_Agent,medium_frequency_words_no_clue_no_critic,episode_00018,Success,0
4499,wordle,NEW_Reflect_Agent,medium_frequency_words_no_clue_no_critic,episode_00018,Request Count,6
4500,wordle,NEW_Reflect_Agent,medium_frequency_words_no_clue_no_critic,episode_00018,Parsed Request Count,6
4501,wordle,NEW_Reflect_Agent,medium_frequency_words_no_clue_no_critic,episode_00018,Violated Request Count,0
4502,wordle,NEW_Reflect_Agent,medium_frequency_words_no_clue_no_critic,episode_00018,Request Success Ratio,1.0
4503,wordle,NEW_Reflect_Agent,medium_frequency_words_no_clue_no_critic,episode_00018,Main Score,0
4504,wordle,NEW_Reflect_Agent,medium_frequency_words_no_clue_no_critic,episode_00018,Guess Repetitions,4
4505,wordle,NEW_Reflect_Agent,medium_frequency_words_no_clue_no_critic,episode_00019,Aborted,0
4506,wordle,NEW_Reflect_Agent,medium_frequency_words_no_clue_no_critic,episode_00019,Lose,0
4507,wordle,NEW_Reflect_Agent,medium_frequency_words_no_clue_no_critic,episode_00019,Success,1
4508,wordle,NEW_Reflect_Agent,medium_frequency_words_no_clue_no_critic,episode_00019,Request Count,3
4509,wordle,NEW_Reflect_Agent,medium_frequency_words_no_clue_no_critic,episode_00019,Parsed Request Count,3
4510,wordle,NEW_Reflect_Agent,medium_frequency_words_no_clue_no_critic,episode_00019,Violated Request Count,0
4511,wordle,NEW_Reflect_Agent,medium_frequency_words_no_clue_no_critic,episode_00019,Request Success Ratio,1.0
4512,wordle,NEW_Reflect_Agent,medium_frequency_words_no_clue_no_critic,episode_00019,Main Score,100
4513,wordle,NEW_Reflect_Agent,medium_frequency_words_no_clue_no_critic,episode_00019,Guess Repetitions,0
4514,wordle,NEW_Reflect_Agent,medium_frequency_words_no_clue_no_critic,episode_00020,Aborted,1
4515,wordle,NEW_Reflect_Agent,medium_frequency_words_no_clue_no_critic,episode_00020,Lose,0
4516,wordle,NEW_Reflect_Agent,medium_frequency_words_no_clue_no_critic,episode_00020,Success,0
4517,wordle,NEW_Reflect_Agent,medium_frequency_words_no_clue_no_critic,episode_00020,Request Count,3
4518,wordle,NEW_Reflect_Agent,medium_frequency_words_no_clue_no_critic,episode_00020,Parsed Request Count,2
4519,wordle,NEW_Reflect_Agent,medium_frequency_words_no_clue_no_critic,episode_00020,Violated Request Count,1
4520,wordle,NEW_Reflect_Agent,medium_frequency_words_no_clue_no_critic,episode_00020,Request Success Ratio,0.6666666666666666
4521,wordle,NEW_Reflect_Agent,medium_frequency_words_no_clue_no_critic,episode_00020,Main Score,
4522,wordle,NEW_Reflect_Agent,medium_frequency_words_no_clue_no_critic,episode_00020,Guess Repetitions,
4523,adventuregame,NEW_Reflect_Agent,home_deliver_three_basic_easy,episode_00001,Played,0.0
4524,adventuregame,NEW_Reflect_Agent,home_deliver_three_basic_easy,episode_00002,Played,1.0
4525,adventuregame,NEW_Reflect_Agent,home_deliver_three_basic_easy,episode_00003,Played,0.0
4526,adventuregame,NEW_Reflect_Agent,home_deliver_three_basic_easy_invlimittwo,episode_00007,Played,0.0
4527,adventuregame,NEW_Reflect_Agent,home_deliver_three_basic_easy_invlimittwo,episode_00008,Played,0.0
4528,adventuregame,NEW_Reflect_Agent,home_deliver_three_basic_easy_invlimittwo,episode_00009,Played,1.0
4529,adventuregame,NEW_Reflect_Agent,home_deliver_three_basic_hard,episode_00013,Played,0.0
4530,adventuregame,NEW_Reflect_Agent,home_deliver_three_basic_hard,episode_00014,Played,1.0
4531,adventuregame,NEW_Reflect_Agent,home_deliver_three_basic_hard,episode_00015,Played,0.0
4532,adventuregame,NEW_Reflect_Agent,home_deliver_three_basic_hard_invlimittwo,episode_00019,Played,0.0
4533,adventuregame,NEW_Reflect_Agent,home_deliver_three_basic_hard_invlimittwo,episode_00020,Played,0.0
4534,adventuregame,NEW_Reflect_Agent,home_deliver_three_basic_hard_invlimittwo,episode_00021,Played,0.0
4535,adventuregame,NEW_Reflect_Agent,home_deliver_three_planning_easy,episode_00004,Played,0.0
4536,adventuregame,NEW_Reflect_Agent,home_deliver_three_planning_easy,episode_00005,Played,0.0
4537,adventuregame,NEW_Reflect_Agent,home_deliver_three_planning_easy,episode_00006,Played,0.0
4538,adventuregame,NEW_Reflect_Agent,home_deliver_three_planning_easy_invlimittwo,episode_00010,Played,0.0
4539,adventuregame,NEW_Reflect_Agent,home_deliver_three_planning_easy_invlimittwo,episode_00011,Played,0.0
4540,adventuregame,NEW_Reflect_Agent,home_deliver_three_planning_easy_invlimittwo,episode_00012,Played,0.0
4541,adventuregame,NEW_Reflect_Agent,home_deliver_three_planning_hard,episode_00016,Played,0.0
4542,adventuregame,NEW_Reflect_Agent,home_deliver_three_planning_hard,episode_00017,Played,0.0
4543,adventuregame,NEW_Reflect_Agent,home_deliver_three_planning_hard,episode_00018,Played,0.0
4544,adventuregame,NEW_Reflect_Agent,home_deliver_three_planning_hard_invlimittwo,episode_00022,Played,0.0
4545,adventuregame,NEW_Reflect_Agent,home_deliver_three_planning_hard_invlimittwo,episode_00023,Played,0.0
4546,adventuregame,NEW_Reflect_Agent,home_deliver_three_planning_hard_invlimittwo,episode_00024,Played,0.0
4547,codenames,NEW_Reflect_Agent,abstract,episode_00025,Played,0
4548,codenames,NEW_Reflect_Agent,abstract,episode_00026,Played,0
4549,codenames,NEW_Reflect_Agent,ambiguous,episode_00021,Played,0
4550,codenames,NEW_Reflect_Agent,ambiguous,episode_00022,Played,0
4551,codenames,NEW_Reflect_Agent,association_difficult,episode_00007,Played,0
4552,codenames,NEW_Reflect_Agent,association_difficult,episode_00008,Played,0
4553,codenames,NEW_Reflect_Agent,association_easy,episode_00005,Played,0
4554,codenames,NEW_Reflect_Agent,association_easy,episode_00006,Played,1
4555,codenames,NEW_Reflect_Agent,concrete,episode_00023,Played,1
4556,codenames,NEW_Reflect_Agent,concrete,episode_00024,Played,0
4557,codenames,NEW_Reflect_Agent,frequency_high,episode_00017,Played,0
4558,codenames,NEW_Reflect_Agent,frequency_high,episode_00018,Played,0
4559,codenames,NEW_Reflect_Agent,frequency_low,episode_00015,Played,0
4560,codenames,NEW_Reflect_Agent,frequency_low,episode_00016,Played,1
4561,codenames,NEW_Reflect_Agent,opponent_difficult,episode_00013,Played,1
4562,codenames,NEW_Reflect_Agent,opponent_difficult,episode_00014,Played,0
4563,codenames,NEW_Reflect_Agent,opponent_easy,episode_00011,Played,0
4564,codenames,NEW_Reflect_Agent,opponent_easy,episode_00012,Played,0
4565,codenames,NEW_Reflect_Agent,opponent_none,episode_00009,Played,0
4566,codenames,NEW_Reflect_Agent,opponent_none,episode_00010,Played,0
4567,codenames,NEW_Reflect_Agent,risk_high,episode_00003,Played,0
4568,codenames,NEW_Reflect_Agent,risk_high,episode_00004,Played,0
4569,codenames,NEW_Reflect_Agent,risk_low,episode_00001,Played,1
4570,codenames,NEW_Reflect_Agent,risk_low,episode_00002,Played,0
4571,codenames,NEW_Reflect_Agent,unambiguous,episode_00019,Played,1
4572,codenames,NEW_Reflect_Agent,unambiguous,episode_00020,Played,1
4573,guesswhat,NEW_Reflect_Agent,Abs_Level_1,episode_00013,Played,0
4574,guesswhat,NEW_Reflect_Agent,Abs_Level_1,episode_00014,Played,0
4575,guesswhat,NEW_Reflect_Agent,Abs_Level_1,episode_00015,Played,0
4576,guesswhat,NEW_Reflect_Agent,Abs_Level_1,episode_00016,Played,0
4577,guesswhat,NEW_Reflect_Agent,Abs_Level_2,episode_00017,Played,0
4578,guesswhat,NEW_Reflect_Agent,Abs_Level_2,episode_00018,Played,0
4579,guesswhat,NEW_Reflect_Agent,Abs_Level_2,episode_00019,Played,0
4580,guesswhat,NEW_Reflect_Agent,Abs_Level_2,episode_00020,Played,0
4581,guesswhat,NEW_Reflect_Agent,Abs_Level_3,episode_00021,Played,0
4582,guesswhat,NEW_Reflect_Agent,Abs_Level_3,episode_00022,Played,0
4583,guesswhat,NEW_Reflect_Agent,Abs_Level_3,episode_00023,Played,0
4584,guesswhat,NEW_Reflect_Agent,Abs_Level_3,episode_00024,Played,0
4585,guesswhat,NEW_Reflect_Agent,Level_1,episode_00001,Played,0
4586,guesswhat,NEW_Reflect_Agent,Level_1,episode_00002,Played,0
4587,guesswhat,NEW_Reflect_Agent,Level_1,episode_00003,Played,0
4588,guesswhat,NEW_Reflect_Agent,Level_1,episode_00004,Played,0
4589,guesswhat,NEW_Reflect_Agent,Level_2,episode_00005,Played,0
4590,guesswhat,NEW_Reflect_Agent,Level_2,episode_00006,Played,0
4591,guesswhat,NEW_Reflect_Agent,Level_2,episode_00007,Played,1
4592,guesswhat,NEW_Reflect_Agent,Level_2,episode_00008,Played,0
4593,guesswhat,NEW_Reflect_Agent,Level_3,episode_00009,Played,0
4594,guesswhat,NEW_Reflect_Agent,Level_3,episode_00010,Played,0
4595,guesswhat,NEW_Reflect_Agent,Level_3,episode_00011,Played,1
4596,guesswhat,NEW_Reflect_Agent,Level_3,episode_00012,Played,0
4597,imagegame,NEW_Reflect_Agent,compact_grids,episode_00001,Played,0
4598,imagegame,NEW_Reflect_Agent,compact_grids,episode_00002,Played,0
4599,imagegame,NEW_Reflect_Agent,compact_grids,episode_00003,Played,0
4600,imagegame,NEW_Reflect_Agent,compact_grids,episode_00004,Played,0
4601,imagegame,NEW_Reflect_Agent,compact_grids,episode_00005,Played,0
4602,imagegame,NEW_Reflect_Agent,compact_grids,episode_00006,Played,0
4603,imagegame,NEW_Reflect_Agent,compact_grids,episode_00007,Played,0
4604,imagegame,NEW_Reflect_Agent,compact_grids,episode_00008,Played,0
4605,imagegame,NEW_Reflect_Agent,compact_grids,episode_00009,Played,0
4606,imagegame,NEW_Reflect_Agent,compact_grids,episode_00010,Played,0
4607,imagegame,NEW_Reflect_Agent,compact_grids,episode_00011,Played,0
4608,imagegame,NEW_Reflect_Agent,compact_grids,episode_00012,Played,0
4609,imagegame,NEW_Reflect_Agent,random_grids,episode_00013,Played,0
4610,imagegame,NEW_Reflect_Agent,random_grids,episode_00014,Played,0
4611,imagegame,NEW_Reflect_Agent,random_grids,episode_00015,Played,0
4612,imagegame,NEW_Reflect_Agent,random_grids,episode_00016,Played,0
4613,imagegame,NEW_Reflect_Agent,random_grids,episode_00017,Played,0
4614,imagegame,NEW_Reflect_Agent,random_grids,episode_00018,Played,0
4615,imagegame,NEW_Reflect_Agent,random_grids,episode_00019,Played,0
4616,imagegame,NEW_Reflect_Agent,random_grids,episode_00020,Played,0
4617,imagegame,NEW_Reflect_Agent,random_grids,episode_00021,Played,0
4618,imagegame,NEW_Reflect_Agent,random_grids,episode_00022,Played,0
4619,imagegame,NEW_Reflect_Agent,random_grids,episode_00023,Played,0
4620,imagegame,NEW_Reflect_Agent,random_grids,episode_00024,Played,0
4621,matchit,NEW_Reflect_Agent,different_image,episode_00017,Played,0
4622,matchit,NEW_Reflect_Agent,different_image,episode_00018,Played,0
4623,matchit,NEW_Reflect_Agent,different_image,episode_00019,Played,0
4624,matchit,NEW_Reflect_Agent,different_image,episode_00020,Played,0
4625,matchit,NEW_Reflect_Agent,different_image,episode_00021,Played,0
4626,matchit,NEW_Reflect_Agent,different_image,episode_00022,Played,0
4627,matchit,NEW_Reflect_Agent,different_image,episode_00023,Played,0
4628,matchit,NEW_Reflect_Agent,different_image,episode_00024,Played,0
4629,matchit,NEW_Reflect_Agent,same_image,episode_00001,Played,0
4630,matchit,NEW_Reflect_Agent,same_image,episode_00002,Played,0
4631,matchit,NEW_Reflect_Agent,same_image,episode_00003,Played,0
4632,matchit,NEW_Reflect_Agent,same_image,episode_00004,Played,0
4633,matchit,NEW_Reflect_Agent,same_image,episode_00005,Played,0
4634,matchit,NEW_Reflect_Agent,same_image,episode_00006,Played,0
4635,matchit,NEW_Reflect_Agent,same_image,episode_00007,Played,0
4636,matchit,NEW_Reflect_Agent,same_image,episode_00008,Played,0
4637,matchit,NEW_Reflect_Agent,similar_image,episode_00009,Played,0
4638,matchit,NEW_Reflect_Agent,similar_image,episode_00010,Played,0
4639,matchit,NEW_Reflect_Agent,similar_image,episode_00011,Played,0
4640,matchit,NEW_Reflect_Agent,similar_image,episode_00012,Played,0
4641,matchit,NEW_Reflect_Agent,similar_image,episode_00013,Played,0
4642,matchit,NEW_Reflect_Agent,similar_image,episode_00014,Played,0
4643,matchit,NEW_Reflect_Agent,similar_image,episode_00015,Played,0
4644,matchit,NEW_Reflect_Agent,similar_image,episode_00016,Played,0
4645,matchit_ascii,NEW_Reflect_Agent,different_grid,episode_00019,Played,1
4646,matchit_ascii,NEW_Reflect_Agent,different_grid,episode_00020,Played,1
4647,matchit_ascii,NEW_Reflect_Agent,different_grid,episode_00021,Played,1
4648,matchit_ascii,NEW_Reflect_Agent,different_grid,episode_00022,Played,1
4649,matchit_ascii,NEW_Reflect_Agent,different_grid,episode_00023,Played,1
4650,matchit_ascii,NEW_Reflect_Agent,different_grid,episode_00024,Played,1
4651,matchit_ascii,NEW_Reflect_Agent,same_grid,episode_00001,Played,1
4652,matchit_ascii,NEW_Reflect_Agent,same_grid,episode_00002,Played,1
4653,matchit_ascii,NEW_Reflect_Agent,same_grid,episode_00003,Played,1
4654,matchit_ascii,NEW_Reflect_Agent,same_grid,episode_00004,Played,1
4655,matchit_ascii,NEW_Reflect_Agent,same_grid,episode_00005,Played,1
4656,matchit_ascii,NEW_Reflect_Agent,same_grid,episode_00006,Played,1
4657,matchit_ascii,NEW_Reflect_Agent,similar_grid_1,episode_00007,Played,1
4658,matchit_ascii,NEW_Reflect_Agent,similar_grid_1,episode_00008,Played,1
4659,matchit_ascii,NEW_Reflect_Agent,similar_grid_1,episode_00009,Played,1
4660,matchit_ascii,NEW_Reflect_Agent,similar_grid_1,episode_00010,Played,1
4661,matchit_ascii,NEW_Reflect_Agent,similar_grid_1,episode_00011,Played,1
4662,matchit_ascii,NEW_Reflect_Agent,similar_grid_1,episode_00012,Played,1
4663,matchit_ascii,NEW_Reflect_Agent,similar_grid_2,episode_00013,Played,1
4664,matchit_ascii,NEW_Reflect_Agent,similar_grid_2,episode_00014,Played,1
4665,matchit_ascii,NEW_Reflect_Agent,similar_grid_2,episode_00015,Played,1
4666,matchit_ascii,NEW_Reflect_Agent,similar_grid_2,episode_00016,Played,1
4667,matchit_ascii,NEW_Reflect_Agent,similar_grid_2,episode_00017,Played,1
4668,matchit_ascii,NEW_Reflect_Agent,similar_grid_2,episode_00018,Played,1
4669,mm_mapworld,NEW_Reflect_Agent,large,episode_00011,Played,0
4670,mm_mapworld,NEW_Reflect_Agent,large,episode_00012,Played,1
4671,mm_mapworld,NEW_Reflect_Agent,large,episode_00013,Played,0
4672,mm_mapworld,NEW_Reflect_Agent,large,episode_00014,Played,1
4673,mm_mapworld,NEW_Reflect_Agent,large,episode_00015,Played,1
4674,mm_mapworld,NEW_Reflect_Agent,large_cycle,episode_00021,Played,0
4675,mm_mapworld,NEW_Reflect_Agent,large_cycle,episode_00022,Played,0
4676,mm_mapworld,NEW_Reflect_Agent,large_cycle,episode_00023,Played,0
4677,mm_mapworld,NEW_Reflect_Agent,large_cycle,episode_00024,Played,0
4678,mm_mapworld,NEW_Reflect_Agent,large_cycle,episode_00025,Played,0
4679,mm_mapworld,NEW_Reflect_Agent,medium,episode_00006,Played,0
4680,mm_mapworld,NEW_Reflect_Agent,medium,episode_00007,Played,0
4681,mm_mapworld,NEW_Reflect_Agent,medium,episode_00008,Played,0
4682,mm_mapworld,NEW_Reflect_Agent,medium,episode_00009,Played,0
4683,mm_mapworld,NEW_Reflect_Agent,medium,episode_00010,Played,0
4684,mm_mapworld,NEW_Reflect_Agent,medium_cycle,episode_00016,Played,1
4685,mm_mapworld,NEW_Reflect_Agent,medium_cycle,episode_00017,Played,0
4686,mm_mapworld,NEW_Reflect_Agent,medium_cycle,episode_00018,Played,0
4687,mm_mapworld,NEW_Reflect_Agent,medium_cycle,episode_00019,Played,0
4688,mm_mapworld,NEW_Reflect_Agent,medium_cycle,episode_00020,Played,1
4689,mm_mapworld,NEW_Reflect_Agent,small,episode_00001,Played,1
4690,mm_mapworld,NEW_Reflect_Agent,small,episode_00002,Played,1
4691,mm_mapworld,NEW_Reflect_Agent,small,episode_00003,Played,1
4692,mm_mapworld,NEW_Reflect_Agent,small,episode_00004,Played,0
4693,mm_mapworld,NEW_Reflect_Agent,small,episode_00005,Played,0
4694,multimodal_referencegame,NEW_Reflect_Agent,CLEVR_images,episode_00015,Played,0
4695,multimodal_referencegame,NEW_Reflect_Agent,CLEVR_images,episode_00016,Played,0
4696,multimodal_referencegame,NEW_Reflect_Agent,CLEVR_static_target_images,episode_00017,Played,0
4697,multimodal_referencegame,NEW_Reflect_Agent,CLEVR_static_target_images,episode_00018,Played,0
4698,multimodal_referencegame,NEW_Reflect_Agent,diagonal_grids,episode_00005,Played,0
4699,multimodal_referencegame,NEW_Reflect_Agent,diagonal_grids,episode_00006,Played,0
4700,multimodal_referencegame,NEW_Reflect_Agent,DOCCI_images,episode_00013,Played,0
4701,multimodal_referencegame,NEW_Reflect_Agent,DOCCI_images,episode_00014,Played,0
4702,multimodal_referencegame,NEW_Reflect_Agent,DOCCI_static_target_images,episode_00019,Played,0
4703,multimodal_referencegame,NEW_Reflect_Agent,DOCCI_static_target_images,episode_00020,Played,0
4704,multimodal_referencegame,NEW_Reflect_Agent,letter_grids,episode_00007,Played,0
4705,multimodal_referencegame,NEW_Reflect_Agent,letter_grids,episode_00008,Played,0
4706,multimodal_referencegame,NEW_Reflect_Agent,line_grids_columns,episode_00003,Played,0
4707,multimodal_referencegame,NEW_Reflect_Agent,line_grids_columns,episode_00004,Played,0
4708,multimodal_referencegame,NEW_Reflect_Agent,line_grids_rows,episode_00001,Played,0
4709,multimodal_referencegame,NEW_Reflect_Agent,line_grids_rows,episode_00002,Played,0
4710,multimodal_referencegame,NEW_Reflect_Agent,pentomino_images,episode_00021,Played,0
4711,multimodal_referencegame,NEW_Reflect_Agent,pentomino_images,episode_00022,Played,0
4712,multimodal_referencegame,NEW_Reflect_Agent,random_grids,episode_00011,Played,0
4713,multimodal_referencegame,NEW_Reflect_Agent,random_grids,episode_00012,Played,0
4714,multimodal_referencegame,NEW_Reflect_Agent,shape_grids,episode_00009,Played,0
4715,multimodal_referencegame,NEW_Reflect_Agent,shape_grids,episode_00010,Played,0
4716,privateshared,NEW_Reflect_Agent,job-interview,episode_00006,Played,1
4717,privateshared,NEW_Reflect_Agent,job-interview,episode_00007,Played,1
4718,privateshared,NEW_Reflect_Agent,job-interview,episode_00008,Played,1
4719,privateshared,NEW_Reflect_Agent,job-interview,episode_00009,Played,1
4720,privateshared,NEW_Reflect_Agent,job-interview,episode_00010,Played,1
4721,privateshared,NEW_Reflect_Agent,letter-number,episode_00021,Played,1
4722,privateshared,NEW_Reflect_Agent,letter-number,episode_00022,Played,0
4723,privateshared,NEW_Reflect_Agent,letter-number,episode_00023,Played,1
4724,privateshared,NEW_Reflect_Agent,letter-number,episode_00024,Played,1
4725,privateshared,NEW_Reflect_Agent,letter-number,episode_00025,Played,1
4726,privateshared,NEW_Reflect_Agent,restaurant,episode_00011,Played,1
4727,privateshared,NEW_Reflect_Agent,restaurant,episode_00012,Played,1
4728,privateshared,NEW_Reflect_Agent,restaurant,episode_00013,Played,1
4729,privateshared,NEW_Reflect_Agent,restaurant,episode_00014,Played,1
4730,privateshared,NEW_Reflect_Agent,restaurant,episode_00015,Played,1
4731,privateshared,NEW_Reflect_Agent,things-places,episode_00016,Played,1
4732,privateshared,NEW_Reflect_Agent,things-places,episode_00017,Played,1
4733,privateshared,NEW_Reflect_Agent,things-places,episode_00018,Played,1
4734,privateshared,NEW_Reflect_Agent,things-places,episode_00019,Played,1
4735,privateshared,NEW_Reflect_Agent,things-places,episode_00020,Played,1
4736,privateshared,NEW_Reflect_Agent,travel-booking,episode_00001,Played,1
4737,privateshared,NEW_Reflect_Agent,travel-booking,episode_00002,Played,1
4738,privateshared,NEW_Reflect_Agent,travel-booking,episode_00003,Played,1
4739,privateshared,NEW_Reflect_Agent,travel-booking,episode_00004,Played,1
4740,privateshared,NEW_Reflect_Agent,travel-booking,episode_00005,Played,1
4741,referencegame,NEW_Reflect_Agent,letter_grids,episode_00001,Played,0
4742,referencegame,NEW_Reflect_Agent,letter_grids,episode_00002,Played,0
4743,referencegame,NEW_Reflect_Agent,letter_grids,episode_00003,Played,0
4744,referencegame,NEW_Reflect_Agent,letter_grids,episode_00004,Played,0
4745,referencegame,NEW_Reflect_Agent,letter_grids,episode_00005,Played,0
4746,referencegame,NEW_Reflect_Agent,line_grids_columns,episode_00016,Played,0
4747,referencegame,NEW_Reflect_Agent,line_grids_columns,episode_00017,Played,0
4748,referencegame,NEW_Reflect_Agent,line_grids_columns,episode_00018,Played,0
4749,referencegame,NEW_Reflect_Agent,line_grids_columns,episode_00019,Played,0
4750,referencegame,NEW_Reflect_Agent,line_grids_columns,episode_00020,Played,0
4751,referencegame,NEW_Reflect_Agent,line_grids_rows,episode_00011,Played,0
4752,referencegame,NEW_Reflect_Agent,line_grids_rows,episode_00012,Played,0
4753,referencegame,NEW_Reflect_Agent,line_grids_rows,episode_00013,Played,0
4754,referencegame,NEW_Reflect_Agent,line_grids_rows,episode_00014,Played,0
4755,referencegame,NEW_Reflect_Agent,line_grids_rows,episode_00015,Played,0
4756,referencegame,NEW_Reflect_Agent,number_grids,episode_00006,Played,0
4757,referencegame,NEW_Reflect_Agent,number_grids,episode_00007,Played,0
4758,referencegame,NEW_Reflect_Agent,number_grids,episode_00008,Played,0
4759,referencegame,NEW_Reflect_Agent,number_grids,episode_00009,Played,0
4760,referencegame,NEW_Reflect_Agent,number_grids,episode_00010,Played,0
4761,referencegame,NEW_Reflect_Agent,random_grids,episode_00021,Played,0
4762,referencegame,NEW_Reflect_Agent,random_grids,episode_00022,Played,0
4763,referencegame,NEW_Reflect_Agent,random_grids,episode_00023,Played,0
4764,referencegame,NEW_Reflect_Agent,random_grids,episode_00024,Played,0
4765,referencegame,NEW_Reflect_Agent,random_grids,episode_00025,Played,0
4766,taboo,NEW_Reflect_Agent,high_en,episode_00001,Played,1
4767,taboo,NEW_Reflect_Agent,high_en,episode_00002,Played,1
4768,taboo,NEW_Reflect_Agent,high_en,episode_00003,Played,1
4769,taboo,NEW_Reflect_Agent,high_en,episode_00004,Played,1
4770,taboo,NEW_Reflect_Agent,high_en,episode_00005,Played,1
4771,taboo,NEW_Reflect_Agent,low_en,episode_00011,Played,1
4772,taboo,NEW_Reflect_Agent,low_en,episode_00012,Played,1
4773,taboo,NEW_Reflect_Agent,low_en,episode_00013,Played,1
4774,taboo,NEW_Reflect_Agent,low_en,episode_00014,Played,1
4775,taboo,NEW_Reflect_Agent,low_en,episode_00015,Played,1
4776,taboo,NEW_Reflect_Agent,medium_en,episode_00006,Played,1
4777,taboo,NEW_Reflect_Agent,medium_en,episode_00007,Played,1
4778,taboo,NEW_Reflect_Agent,medium_en,episode_00008,Played,1
4779,taboo,NEW_Reflect_Agent,medium_en,episode_00009,Played,1
4780,taboo,NEW_Reflect_Agent,medium_en,episode_00010,Played,1
4781,textmapworld,NEW_Reflect_Agent,large,episode_00011,Played,0
4782,textmapworld,NEW_Reflect_Agent,large,episode_00012,Played,0
4783,textmapworld,NEW_Reflect_Agent,large,episode_00013,Played,0
4784,textmapworld,NEW_Reflect_Agent,large,episode_00014,Played,0
4785,textmapworld,NEW_Reflect_Agent,large,episode_00015,Played,0
4786,textmapworld,NEW_Reflect_Agent,large_cycle,episode_00021,Played,0
4787,textmapworld,NEW_Reflect_Agent,large_cycle,episode_00022,Played,0
4788,textmapworld,NEW_Reflect_Agent,large_cycle,episode_00023,Played,0
4789,textmapworld,NEW_Reflect_Agent,large_cycle,episode_00024,Played,0
4790,textmapworld,NEW_Reflect_Agent,large_cycle,episode_00025,Played,0
4791,textmapworld,NEW_Reflect_Agent,medium,episode_00006,Played,0
4792,textmapworld,NEW_Reflect_Agent,medium,episode_00007,Played,0
4793,textmapworld,NEW_Reflect_Agent,medium,episode_00008,Played,0
4794,textmapworld,NEW_Reflect_Agent,medium,episode_00009,Played,0
4795,textmapworld,NEW_Reflect_Agent,medium,episode_00010,Played,0
4796,textmapworld,NEW_Reflect_Agent,medium_cycle,episode_00016,Played,0
4797,textmapworld,NEW_Reflect_Agent,medium_cycle,episode_00017,Played,0
4798,textmapworld,NEW_Reflect_Agent,medium_cycle,episode_00018,Played,0
4799,textmapworld,NEW_Reflect_Agent,medium_cycle,episode_00019,Played,0
4800,textmapworld,NEW_Reflect_Agent,medium_cycle,episode_00020,Played,0
4801,textmapworld,NEW_Reflect_Agent,small,episode_00001,Played,0
4802,textmapworld,NEW_Reflect_Agent,small,episode_00002,Played,0
4803,textmapworld,NEW_Reflect_Agent,small,episode_00003,Played,0
4804,textmapworld,NEW_Reflect_Agent,small,episode_00004,Played,0
4805,textmapworld,NEW_Reflect_Agent,small,episode_00005,Played,0
4806,wordle,NEW_Reflect_Agent,high_frequency_words_no_clue_no_critic,episode_00001,Played,0
4807,wordle,NEW_Reflect_Agent,high_frequency_words_no_clue_no_critic,episode_00002,Played,1
4808,wordle,NEW_Reflect_Agent,high_frequency_words_no_clue_no_critic,episode_00003,Played,1
4809,wordle,NEW_Reflect_Agent,high_frequency_words_no_clue_no_critic,episode_00004,Played,1
4810,wordle,NEW_Reflect_Agent,high_frequency_words_no_clue_no_critic,episode_00005,Played,0
4811,wordle,NEW_Reflect_Agent,high_frequency_words_no_clue_no_critic,episode_00006,Played,0
4812,wordle,NEW_Reflect_Agent,high_frequency_words_no_clue_no_critic,episode_00007,Played,0
4813,wordle,NEW_Reflect_Agent,high_frequency_words_no_clue_no_critic,episode_00008,Played,1
4814,wordle,NEW_Reflect_Agent,high_frequency_words_no_clue_no_critic,episode_00009,Played,1
4815,wordle,NEW_Reflect_Agent,high_frequency_words_no_clue_no_critic,episode_00010,Played,0
4816,wordle,NEW_Reflect_Agent,medium_frequency_words_no_clue_no_critic,episode_00011,Played,0
4817,wordle,NEW_Reflect_Agent,medium_frequency_words_no_clue_no_critic,episode_00012,Played,0
4818,wordle,NEW_Reflect_Agent,medium_frequency_words_no_clue_no_critic,episode_00013,Played,0
4819,wordle,NEW_Reflect_Agent,medium_frequency_words_no_clue_no_critic,episode_00014,Played,0
4820,wordle,NEW_Reflect_Agent,medium_frequency_words_no_clue_no_critic,episode_00015,Played,0
4821,wordle,NEW_Reflect_Agent,medium_frequency_words_no_clue_no_critic,episode_00016,Played,0
4822,wordle,NEW_Reflect_Agent,medium_frequency_words_no_clue_no_critic,episode_00017,Played,1
4823,wordle,NEW_Reflect_Agent,medium_frequency_words_no_clue_no_critic,episode_00018,Played,1
4824,wordle,NEW_Reflect_Agent,medium_frequency_words_no_clue_no_critic,episode_00019,Played,1
4825,wordle,NEW_Reflect_Agent,medium_frequency_words_no_clue_no_critic,episode_00020,Played,0
