,game,model,experiment,episode,metric,value
0,adventuregame,tagextractor_langchain_clp_chat,home_deliver_three_basic_easy,episode_00001,Violated Request Count,0.0
1,adventuregame,tagextractor_langchain_clp_chat,home_deliver_three_basic_easy,episode_00001,Parsed Request Count,1.0
2,adventuregame,tagextractor_langchain_clp_chat,home_deliver_three_basic_easy,episode_00001,Request Count,1.0
3,adventuregame,tagextractor_langchain_clp_chat,home_deliver_three_basic_easy,episode_00001,Request Success Ratio,1.0
4,adventuregame,tagextractor_langchain_clp_chat,home_deliver_three_basic_easy,episode_00001,hallucination_count,1.0
5,adventuregame,tagextractor_langchain_clp_chat,home_deliver_three_basic_easy,episode_00001,action_parsing_fail,0.0
6,adventuregame,tagextractor_langchain_clp_chat,home_deliver_three_basic_easy,episode_00001,action_resolution_fail,0.0
7,adventuregame,tagextractor_langchain_clp_chat,home_deliver_three_basic_easy,episode_00001,lark_exception,0.0
8,adventuregame,tagextractor_langchain_clp_chat,home_deliver_three_basic_easy,episode_00001,malformed_command,0.0
9,adventuregame,tagextractor_langchain_clp_chat,home_deliver_three_basic_easy,episode_00001,undefined_action_verb,0.0
10,adventuregame,tagextractor_langchain_clp_chat,home_deliver_three_basic_easy,episode_00001,undefined_action,0.0
11,adventuregame,tagextractor_langchain_clp_chat,home_deliver_three_basic_easy,episode_00001,undefined_repr_str,0.0
12,adventuregame,tagextractor_langchain_clp_chat,home_deliver_three_basic_easy,episode_00001,manipulating_room,0.0
13,adventuregame,tagextractor_langchain_clp_chat,home_deliver_three_basic_easy,episode_00001,undefined_argument_type,0.0
14,adventuregame,tagextractor_langchain_clp_chat,home_deliver_three_basic_easy,episode_00001,taking_from_inventory,0.0
15,adventuregame,tagextractor_langchain_clp_chat,home_deliver_three_basic_easy,episode_00001,other_room_argument,0.0
16,adventuregame,tagextractor_langchain_clp_chat,home_deliver_three_basic_easy,episode_00001,domain_trait_type_mismatch,0.0
17,adventuregame,tagextractor_langchain_clp_chat,home_deliver_three_basic_easy,episode_00001,domain_type_discrepancy,0.0
18,adventuregame,tagextractor_langchain_clp_chat,home_deliver_three_basic_easy,episode_00001,world_state_discrepancy,0.0
19,adventuregame,tagextractor_langchain_clp_chat,home_deliver_three_basic_easy,episode_00001,entity_not_accessible,0.0
20,adventuregame,tagextractor_langchain_clp_chat,home_deliver_three_basic_easy,episode_00001,entity_state_mismatch,0.0
21,adventuregame,tagextractor_langchain_clp_chat,home_deliver_three_basic_easy,episode_00001,entity_trait_mismatch,0.0
22,adventuregame,tagextractor_langchain_clp_chat,home_deliver_three_basic_easy,episode_00001,entity_already_inventory,0.0
23,adventuregame,tagextractor_langchain_clp_chat,home_deliver_three_basic_easy,episode_00001,going_to_current_room,0.0
24,adventuregame,tagextractor_langchain_clp_chat,home_deliver_three_basic_easy,episode_00001,no_exit_to,0.0
25,adventuregame,tagextractor_langchain_clp_chat,home_deliver_three_basic_easy,episode_00001,inventory_limit_exceeded,0.0
26,adventuregame,tagextractor_langchain_clp_chat,home_deliver_three_basic_easy,episode_00001,successful_actions,1.0
27,adventuregame,tagextractor_langchain_clp_chat,home_deliver_three_basic_easy,episode_00001,turn_limit_loss,0.0
28,adventuregame,tagextractor_langchain_clp_chat,home_deliver_three_basic_easy,episode_00001,turns_over_par,
29,adventuregame,tagextractor_langchain_clp_chat,home_deliver_three_basic_easy,episode_00001,turn_ratio,
30,adventuregame,tagextractor_langchain_clp_chat,home_deliver_three_basic_easy,episode_00001,finish_speed,
31,adventuregame,tagextractor_langchain_clp_chat,home_deliver_three_basic_easy,episode_00001,achieved_goal_ratio,0.0
32,adventuregame,tagextractor_langchain_clp_chat,home_deliver_three_basic_easy,episode_00001,Aborted,0.0
33,adventuregame,tagextractor_langchain_clp_chat,home_deliver_three_basic_easy,episode_00001,Success,0.0
34,adventuregame,tagextractor_langchain_clp_chat,home_deliver_three_basic_easy,episode_00001,Lose,1.0
35,adventuregame,tagextractor_langchain_clp_chat,home_deliver_three_basic_easy,episode_00001,Main Score,0.0
36,adventuregame,tagextractor_langchain_clp_chat,home_deliver_three_basic_easy,episode_00001,plan_followed_ratio,0.0
37,adventuregame,tagextractor_langchain_clp_chat,home_deliver_three_basic_easy,episode_00001,plan_average_viability_ratio,0.0
38,adventuregame,tagextractor_langchain_clp_chat,home_deliver_three_basic_easy,episode_00001,bad_plan_follow_ratio,0.0
39,adventuregame,tagextractor_langchain_clp_chat,home_deliver_three_basic_easy,episode_00001,bad_plan_dismiss_ratio,1.0
40,adventuregame,tagextractor_langchain_clp_chat,home_deliver_three_basic_easy,episode_00002,Violated Request Count,0.0
41,adventuregame,tagextractor_langchain_clp_chat,home_deliver_three_basic_easy,episode_00002,Parsed Request Count,24.0
42,adventuregame,tagextractor_langchain_clp_chat,home_deliver_three_basic_easy,episode_00002,Request Count,24.0
43,adventuregame,tagextractor_langchain_clp_chat,home_deliver_three_basic_easy,episode_00002,Request Success Ratio,1.0
44,adventuregame,tagextractor_langchain_clp_chat,home_deliver_three_basic_easy,episode_00002,hallucination_count,1.0
45,adventuregame,tagextractor_langchain_clp_chat,home_deliver_three_basic_easy,episode_00002,action_parsing_fail,0.0
46,adventuregame,tagextractor_langchain_clp_chat,home_deliver_three_basic_easy,episode_00002,action_resolution_fail,7.0
47,adventuregame,tagextractor_langchain_clp_chat,home_deliver_three_basic_easy,episode_00002,lark_exception,0.0
48,adventuregame,tagextractor_langchain_clp_chat,home_deliver_three_basic_easy,episode_00002,malformed_command,0.0
49,adventuregame,tagextractor_langchain_clp_chat,home_deliver_three_basic_easy,episode_00002,undefined_action_verb,0.0
50,adventuregame,tagextractor_langchain_clp_chat,home_deliver_three_basic_easy,episode_00002,undefined_action,0.0
51,adventuregame,tagextractor_langchain_clp_chat,home_deliver_three_basic_easy,episode_00002,undefined_repr_str,0.0
52,adventuregame,tagextractor_langchain_clp_chat,home_deliver_three_basic_easy,episode_00002,manipulating_room,0.0
53,adventuregame,tagextractor_langchain_clp_chat,home_deliver_three_basic_easy,episode_00002,undefined_argument_type,0.0
54,adventuregame,tagextractor_langchain_clp_chat,home_deliver_three_basic_easy,episode_00002,taking_from_inventory,0.0
55,adventuregame,tagextractor_langchain_clp_chat,home_deliver_three_basic_easy,episode_00002,other_room_argument,0.0
56,adventuregame,tagextractor_langchain_clp_chat,home_deliver_three_basic_easy,episode_00002,domain_trait_type_mismatch,0.0
57,adventuregame,tagextractor_langchain_clp_chat,home_deliver_three_basic_easy,episode_00002,domain_type_discrepancy,0.0
58,adventuregame,tagextractor_langchain_clp_chat,home_deliver_three_basic_easy,episode_00002,world_state_discrepancy,0.0
59,adventuregame,tagextractor_langchain_clp_chat,home_deliver_three_basic_easy,episode_00002,entity_not_accessible,5.0
60,adventuregame,tagextractor_langchain_clp_chat,home_deliver_three_basic_easy,episode_00002,entity_state_mismatch,0.0
61,adventuregame,tagextractor_langchain_clp_chat,home_deliver_three_basic_easy,episode_00002,entity_trait_mismatch,0.0
62,adventuregame,tagextractor_langchain_clp_chat,home_deliver_three_basic_easy,episode_00002,entity_already_inventory,1.0
63,adventuregame,tagextractor_langchain_clp_chat,home_deliver_three_basic_easy,episode_00002,going_to_current_room,0.0
64,adventuregame,tagextractor_langchain_clp_chat,home_deliver_three_basic_easy,episode_00002,no_exit_to,1.0
65,adventuregame,tagextractor_langchain_clp_chat,home_deliver_three_basic_easy,episode_00002,inventory_limit_exceeded,0.0
66,adventuregame,tagextractor_langchain_clp_chat,home_deliver_three_basic_easy,episode_00002,successful_actions,17.0
67,adventuregame,tagextractor_langchain_clp_chat,home_deliver_three_basic_easy,episode_00002,turn_limit_loss,0.0
68,adventuregame,tagextractor_langchain_clp_chat,home_deliver_three_basic_easy,episode_00002,turns_over_par,
69,adventuregame,tagextractor_langchain_clp_chat,home_deliver_three_basic_easy,episode_00002,turn_ratio,
70,adventuregame,tagextractor_langchain_clp_chat,home_deliver_three_basic_easy,episode_00002,finish_speed,
71,adventuregame,tagextractor_langchain_clp_chat,home_deliver_three_basic_easy,episode_00002,achieved_goal_ratio,0.0
72,adventuregame,tagextractor_langchain_clp_chat,home_deliver_three_basic_easy,episode_00002,Aborted,0.0
73,adventuregame,tagextractor_langchain_clp_chat,home_deliver_three_basic_easy,episode_00002,Success,0.0
74,adventuregame,tagextractor_langchain_clp_chat,home_deliver_three_basic_easy,episode_00002,Lose,1.0
75,adventuregame,tagextractor_langchain_clp_chat,home_deliver_three_basic_easy,episode_00002,Main Score,0.0
76,adventuregame,tagextractor_langchain_clp_chat,home_deliver_three_basic_easy,episode_00002,plan_followed_ratio,0.0
77,adventuregame,tagextractor_langchain_clp_chat,home_deliver_three_basic_easy,episode_00002,plan_average_viability_ratio,0.0
78,adventuregame,tagextractor_langchain_clp_chat,home_deliver_three_basic_easy,episode_00002,bad_plan_follow_ratio,0.0
79,adventuregame,tagextractor_langchain_clp_chat,home_deliver_three_basic_easy,episode_00002,bad_plan_dismiss_ratio,1.0
80,adventuregame,tagextractor_langchain_clp_chat,home_deliver_three_basic_easy,episode_00003,Violated Request Count,0.0
81,adventuregame,tagextractor_langchain_clp_chat,home_deliver_three_basic_easy,episode_00003,Parsed Request Count,12.0
82,adventuregame,tagextractor_langchain_clp_chat,home_deliver_three_basic_easy,episode_00003,Request Count,12.0
83,adventuregame,tagextractor_langchain_clp_chat,home_deliver_three_basic_easy,episode_00003,Request Success Ratio,1.0
84,adventuregame,tagextractor_langchain_clp_chat,home_deliver_three_basic_easy,episode_00003,hallucination_count,0.0
85,adventuregame,tagextractor_langchain_clp_chat,home_deliver_three_basic_easy,episode_00003,action_parsing_fail,0.0
86,adventuregame,tagextractor_langchain_clp_chat,home_deliver_three_basic_easy,episode_00003,action_resolution_fail,0.0
87,adventuregame,tagextractor_langchain_clp_chat,home_deliver_three_basic_easy,episode_00003,lark_exception,0.0
88,adventuregame,tagextractor_langchain_clp_chat,home_deliver_three_basic_easy,episode_00003,malformed_command,0.0
89,adventuregame,tagextractor_langchain_clp_chat,home_deliver_three_basic_easy,episode_00003,undefined_action_verb,0.0
90,adventuregame,tagextractor_langchain_clp_chat,home_deliver_three_basic_easy,episode_00003,undefined_action,0.0
91,adventuregame,tagextractor_langchain_clp_chat,home_deliver_three_basic_easy,episode_00003,undefined_repr_str,0.0
92,adventuregame,tagextractor_langchain_clp_chat,home_deliver_three_basic_easy,episode_00003,manipulating_room,0.0
93,adventuregame,tagextractor_langchain_clp_chat,home_deliver_three_basic_easy,episode_00003,undefined_argument_type,0.0
94,adventuregame,tagextractor_langchain_clp_chat,home_deliver_three_basic_easy,episode_00003,taking_from_inventory,0.0
95,adventuregame,tagextractor_langchain_clp_chat,home_deliver_three_basic_easy,episode_00003,other_room_argument,0.0
96,adventuregame,tagextractor_langchain_clp_chat,home_deliver_three_basic_easy,episode_00003,domain_trait_type_mismatch,0.0
97,adventuregame,tagextractor_langchain_clp_chat,home_deliver_three_basic_easy,episode_00003,domain_type_discrepancy,0.0
98,adventuregame,tagextractor_langchain_clp_chat,home_deliver_three_basic_easy,episode_00003,world_state_discrepancy,0.0
99,adventuregame,tagextractor_langchain_clp_chat,home_deliver_three_basic_easy,episode_00003,entity_not_accessible,0.0
100,adventuregame,tagextractor_langchain_clp_chat,home_deliver_three_basic_easy,episode_00003,entity_state_mismatch,0.0
101,adventuregame,tagextractor_langchain_clp_chat,home_deliver_three_basic_easy,episode_00003,entity_trait_mismatch,0.0
102,adventuregame,tagextractor_langchain_clp_chat,home_deliver_three_basic_easy,episode_00003,entity_already_inventory,0.0
103,adventuregame,tagextractor_langchain_clp_chat,home_deliver_three_basic_easy,episode_00003,going_to_current_room,0.0
104,adventuregame,tagextractor_langchain_clp_chat,home_deliver_three_basic_easy,episode_00003,no_exit_to,0.0
105,adventuregame,tagextractor_langchain_clp_chat,home_deliver_three_basic_easy,episode_00003,inventory_limit_exceeded,0.0
106,adventuregame,tagextractor_langchain_clp_chat,home_deliver_three_basic_easy,episode_00003,successful_actions,12.0
107,adventuregame,tagextractor_langchain_clp_chat,home_deliver_three_basic_easy,episode_00003,turn_limit_loss,0.0
108,adventuregame,tagextractor_langchain_clp_chat,home_deliver_three_basic_easy,episode_00003,turns_over_par,4.0
109,adventuregame,tagextractor_langchain_clp_chat,home_deliver_three_basic_easy,episode_00003,turn_ratio,0.9047619047619048
110,adventuregame,tagextractor_langchain_clp_chat,home_deliver_three_basic_easy,episode_00003,finish_speed,0.09523809523809523
111,adventuregame,tagextractor_langchain_clp_chat,home_deliver_three_basic_easy,episode_00003,achieved_goal_ratio,1.0
112,adventuregame,tagextractor_langchain_clp_chat,home_deliver_three_basic_easy,episode_00003,Aborted,0.0
113,adventuregame,tagextractor_langchain_clp_chat,home_deliver_three_basic_easy,episode_00003,Success,1.0
114,adventuregame,tagextractor_langchain_clp_chat,home_deliver_three_basic_easy,episode_00003,Lose,0.0
115,adventuregame,tagextractor_langchain_clp_chat,home_deliver_three_basic_easy,episode_00003,Main Score,100.0
116,adventuregame,tagextractor_langchain_clp_chat,home_deliver_three_basic_easy,episode_00003,plan_followed_ratio,0.0
117,adventuregame,tagextractor_langchain_clp_chat,home_deliver_three_basic_easy,episode_00003,plan_average_viability_ratio,0.0
118,adventuregame,tagextractor_langchain_clp_chat,home_deliver_three_basic_easy,episode_00003,bad_plan_follow_ratio,0.0
119,adventuregame,tagextractor_langchain_clp_chat,home_deliver_three_basic_easy,episode_00003,bad_plan_dismiss_ratio,1.0
120,adventuregame,tagextractor_langchain_clp_chat,home_deliver_three_basic_easy_invlimittwo,episode_00007,Violated Request Count,0.0
121,adventuregame,tagextractor_langchain_clp_chat,home_deliver_three_basic_easy_invlimittwo,episode_00007,Parsed Request Count,13.0
122,adventuregame,tagextractor_langchain_clp_chat,home_deliver_three_basic_easy_invlimittwo,episode_00007,Request Count,13.0
123,adventuregame,tagextractor_langchain_clp_chat,home_deliver_three_basic_easy_invlimittwo,episode_00007,Request Success Ratio,1.0
124,adventuregame,tagextractor_langchain_clp_chat,home_deliver_three_basic_easy_invlimittwo,episode_00007,hallucination_count,0.0
125,adventuregame,tagextractor_langchain_clp_chat,home_deliver_three_basic_easy_invlimittwo,episode_00007,action_parsing_fail,1.0
126,adventuregame,tagextractor_langchain_clp_chat,home_deliver_three_basic_easy_invlimittwo,episode_00007,action_resolution_fail,1.0
127,adventuregame,tagextractor_langchain_clp_chat,home_deliver_three_basic_easy_invlimittwo,episode_00007,lark_exception,0.0
128,adventuregame,tagextractor_langchain_clp_chat,home_deliver_three_basic_easy_invlimittwo,episode_00007,malformed_command,0.0
129,adventuregame,tagextractor_langchain_clp_chat,home_deliver_three_basic_easy_invlimittwo,episode_00007,undefined_action_verb,0.0
130,adventuregame,tagextractor_langchain_clp_chat,home_deliver_three_basic_easy_invlimittwo,episode_00007,undefined_action,0.0
131,adventuregame,tagextractor_langchain_clp_chat,home_deliver_three_basic_easy_invlimittwo,episode_00007,undefined_repr_str,1.0
132,adventuregame,tagextractor_langchain_clp_chat,home_deliver_three_basic_easy_invlimittwo,episode_00007,manipulating_room,0.0
133,adventuregame,tagextractor_langchain_clp_chat,home_deliver_three_basic_easy_invlimittwo,episode_00007,undefined_argument_type,0.0
134,adventuregame,tagextractor_langchain_clp_chat,home_deliver_three_basic_easy_invlimittwo,episode_00007,taking_from_inventory,0.0
135,adventuregame,tagextractor_langchain_clp_chat,home_deliver_three_basic_easy_invlimittwo,episode_00007,other_room_argument,0.0
136,adventuregame,tagextractor_langchain_clp_chat,home_deliver_three_basic_easy_invlimittwo,episode_00007,domain_trait_type_mismatch,0.0
137,adventuregame,tagextractor_langchain_clp_chat,home_deliver_three_basic_easy_invlimittwo,episode_00007,domain_type_discrepancy,0.0
138,adventuregame,tagextractor_langchain_clp_chat,home_deliver_three_basic_easy_invlimittwo,episode_00007,world_state_discrepancy,0.0
139,adventuregame,tagextractor_langchain_clp_chat,home_deliver_three_basic_easy_invlimittwo,episode_00007,entity_not_accessible,0.0
140,adventuregame,tagextractor_langchain_clp_chat,home_deliver_three_basic_easy_invlimittwo,episode_00007,entity_state_mismatch,0.0
141,adventuregame,tagextractor_langchain_clp_chat,home_deliver_three_basic_easy_invlimittwo,episode_00007,entity_trait_mismatch,0.0
142,adventuregame,tagextractor_langchain_clp_chat,home_deliver_three_basic_easy_invlimittwo,episode_00007,entity_already_inventory,0.0
143,adventuregame,tagextractor_langchain_clp_chat,home_deliver_three_basic_easy_invlimittwo,episode_00007,going_to_current_room,0.0
144,adventuregame,tagextractor_langchain_clp_chat,home_deliver_three_basic_easy_invlimittwo,episode_00007,no_exit_to,0.0
145,adventuregame,tagextractor_langchain_clp_chat,home_deliver_three_basic_easy_invlimittwo,episode_00007,inventory_limit_exceeded,1.0
146,adventuregame,tagextractor_langchain_clp_chat,home_deliver_three_basic_easy_invlimittwo,episode_00007,successful_actions,11.0
147,adventuregame,tagextractor_langchain_clp_chat,home_deliver_three_basic_easy_invlimittwo,episode_00007,turn_limit_loss,0.0
148,adventuregame,tagextractor_langchain_clp_chat,home_deliver_three_basic_easy_invlimittwo,episode_00007,turns_over_par,3.0
149,adventuregame,tagextractor_langchain_clp_chat,home_deliver_three_basic_easy_invlimittwo,episode_00007,turn_ratio,0.925
150,adventuregame,tagextractor_langchain_clp_chat,home_deliver_three_basic_easy_invlimittwo,episode_00007,finish_speed,0.07499999999999996
151,adventuregame,tagextractor_langchain_clp_chat,home_deliver_three_basic_easy_invlimittwo,episode_00007,achieved_goal_ratio,1.0
152,adventuregame,tagextractor_langchain_clp_chat,home_deliver_three_basic_easy_invlimittwo,episode_00007,Aborted,0.0
153,adventuregame,tagextractor_langchain_clp_chat,home_deliver_three_basic_easy_invlimittwo,episode_00007,Success,1.0
154,adventuregame,tagextractor_langchain_clp_chat,home_deliver_three_basic_easy_invlimittwo,episode_00007,Lose,0.0
155,adventuregame,tagextractor_langchain_clp_chat,home_deliver_three_basic_easy_invlimittwo,episode_00007,Main Score,100.0
156,adventuregame,tagextractor_langchain_clp_chat,home_deliver_three_basic_easy_invlimittwo,episode_00007,plan_followed_ratio,0.0
157,adventuregame,tagextractor_langchain_clp_chat,home_deliver_three_basic_easy_invlimittwo,episode_00007,plan_average_viability_ratio,0.0
158,adventuregame,tagextractor_langchain_clp_chat,home_deliver_three_basic_easy_invlimittwo,episode_00007,bad_plan_follow_ratio,0.0
159,adventuregame,tagextractor_langchain_clp_chat,home_deliver_three_basic_easy_invlimittwo,episode_00007,bad_plan_dismiss_ratio,1.0
160,adventuregame,tagextractor_langchain_clp_chat,home_deliver_three_basic_easy_invlimittwo,episode_00008,Violated Request Count,0.0
161,adventuregame,tagextractor_langchain_clp_chat,home_deliver_three_basic_easy_invlimittwo,episode_00008,Parsed Request Count,50.0
162,adventuregame,tagextractor_langchain_clp_chat,home_deliver_three_basic_easy_invlimittwo,episode_00008,Request Count,50.0
163,adventuregame,tagextractor_langchain_clp_chat,home_deliver_three_basic_easy_invlimittwo,episode_00008,Request Success Ratio,1.0
164,adventuregame,tagextractor_langchain_clp_chat,home_deliver_three_basic_easy_invlimittwo,episode_00008,hallucination_count,0.0
165,adventuregame,tagextractor_langchain_clp_chat,home_deliver_three_basic_easy_invlimittwo,episode_00008,action_parsing_fail,8.0
166,adventuregame,tagextractor_langchain_clp_chat,home_deliver_three_basic_easy_invlimittwo,episode_00008,action_resolution_fail,8.0
167,adventuregame,tagextractor_langchain_clp_chat,home_deliver_three_basic_easy_invlimittwo,episode_00008,lark_exception,0.0
168,adventuregame,tagextractor_langchain_clp_chat,home_deliver_three_basic_easy_invlimittwo,episode_00008,malformed_command,0.0
169,adventuregame,tagextractor_langchain_clp_chat,home_deliver_three_basic_easy_invlimittwo,episode_00008,undefined_action_verb,0.0
170,adventuregame,tagextractor_langchain_clp_chat,home_deliver_three_basic_easy_invlimittwo,episode_00008,undefined_action,0.0
171,adventuregame,tagextractor_langchain_clp_chat,home_deliver_three_basic_easy_invlimittwo,episode_00008,undefined_repr_str,2.0
172,adventuregame,tagextractor_langchain_clp_chat,home_deliver_three_basic_easy_invlimittwo,episode_00008,manipulating_room,0.0
173,adventuregame,tagextractor_langchain_clp_chat,home_deliver_three_basic_easy_invlimittwo,episode_00008,undefined_argument_type,0.0
174,adventuregame,tagextractor_langchain_clp_chat,home_deliver_three_basic_easy_invlimittwo,episode_00008,taking_from_inventory,0.0
175,adventuregame,tagextractor_langchain_clp_chat,home_deliver_three_basic_easy_invlimittwo,episode_00008,other_room_argument,6.0
176,adventuregame,tagextractor_langchain_clp_chat,home_deliver_three_basic_easy_invlimittwo,episode_00008,domain_trait_type_mismatch,0.0
177,adventuregame,tagextractor_langchain_clp_chat,home_deliver_three_basic_easy_invlimittwo,episode_00008,domain_type_discrepancy,0.0
178,adventuregame,tagextractor_langchain_clp_chat,home_deliver_three_basic_easy_invlimittwo,episode_00008,world_state_discrepancy,0.0
179,adventuregame,tagextractor_langchain_clp_chat,home_deliver_three_basic_easy_invlimittwo,episode_00008,entity_not_accessible,7.0
180,adventuregame,tagextractor_langchain_clp_chat,home_deliver_three_basic_easy_invlimittwo,episode_00008,entity_state_mismatch,0.0
181,adventuregame,tagextractor_langchain_clp_chat,home_deliver_three_basic_easy_invlimittwo,episode_00008,entity_trait_mismatch,0.0
182,adventuregame,tagextractor_langchain_clp_chat,home_deliver_three_basic_easy_invlimittwo,episode_00008,entity_already_inventory,0.0
183,adventuregame,tagextractor_langchain_clp_chat,home_deliver_three_basic_easy_invlimittwo,episode_00008,going_to_current_room,0.0
184,adventuregame,tagextractor_langchain_clp_chat,home_deliver_three_basic_easy_invlimittwo,episode_00008,no_exit_to,1.0
185,adventuregame,tagextractor_langchain_clp_chat,home_deliver_three_basic_easy_invlimittwo,episode_00008,inventory_limit_exceeded,0.0
186,adventuregame,tagextractor_langchain_clp_chat,home_deliver_three_basic_easy_invlimittwo,episode_00008,successful_actions,34.0
187,adventuregame,tagextractor_langchain_clp_chat,home_deliver_three_basic_easy_invlimittwo,episode_00008,turn_limit_loss,1.0
188,adventuregame,tagextractor_langchain_clp_chat,home_deliver_three_basic_easy_invlimittwo,episode_00008,turns_over_par,
189,adventuregame,tagextractor_langchain_clp_chat,home_deliver_three_basic_easy_invlimittwo,episode_00008,turn_ratio,
190,adventuregame,tagextractor_langchain_clp_chat,home_deliver_three_basic_easy_invlimittwo,episode_00008,finish_speed,
191,adventuregame,tagextractor_langchain_clp_chat,home_deliver_three_basic_easy_invlimittwo,episode_00008,achieved_goal_ratio,0.0
192,adventuregame,tagextractor_langchain_clp_chat,home_deliver_three_basic_easy_invlimittwo,episode_00008,Aborted,1.0
193,adventuregame,tagextractor_langchain_clp_chat,home_deliver_three_basic_easy_invlimittwo,episode_00008,Success,0.0
194,adventuregame,tagextractor_langchain_clp_chat,home_deliver_three_basic_easy_invlimittwo,episode_00008,Lose,0.0
195,adventuregame,tagextractor_langchain_clp_chat,home_deliver_three_basic_easy_invlimittwo,episode_00008,Main Score,
196,adventuregame,tagextractor_langchain_clp_chat,home_deliver_three_basic_easy_invlimittwo,episode_00008,plan_followed_ratio,0.0
197,adventuregame,tagextractor_langchain_clp_chat,home_deliver_three_basic_easy_invlimittwo,episode_00008,plan_average_viability_ratio,0.0
198,adventuregame,tagextractor_langchain_clp_chat,home_deliver_three_basic_easy_invlimittwo,episode_00008,bad_plan_follow_ratio,0.0
199,adventuregame,tagextractor_langchain_clp_chat,home_deliver_three_basic_easy_invlimittwo,episode_00008,bad_plan_dismiss_ratio,1.0
200,adventuregame,tagextractor_langchain_clp_chat,home_deliver_three_basic_easy_invlimittwo,episode_00009,Violated Request Count,0.0
201,adventuregame,tagextractor_langchain_clp_chat,home_deliver_three_basic_easy_invlimittwo,episode_00009,Parsed Request Count,14.0
202,adventuregame,tagextractor_langchain_clp_chat,home_deliver_three_basic_easy_invlimittwo,episode_00009,Request Count,14.0
203,adventuregame,tagextractor_langchain_clp_chat,home_deliver_three_basic_easy_invlimittwo,episode_00009,Request Success Ratio,1.0
204,adventuregame,tagextractor_langchain_clp_chat,home_deliver_three_basic_easy_invlimittwo,episode_00009,hallucination_count,0.0
205,adventuregame,tagextractor_langchain_clp_chat,home_deliver_three_basic_easy_invlimittwo,episode_00009,action_parsing_fail,0.0
206,adventuregame,tagextractor_langchain_clp_chat,home_deliver_three_basic_easy_invlimittwo,episode_00009,action_resolution_fail,1.0
207,adventuregame,tagextractor_langchain_clp_chat,home_deliver_three_basic_easy_invlimittwo,episode_00009,lark_exception,0.0
208,adventuregame,tagextractor_langchain_clp_chat,home_deliver_three_basic_easy_invlimittwo,episode_00009,malformed_command,0.0
209,adventuregame,tagextractor_langchain_clp_chat,home_deliver_three_basic_easy_invlimittwo,episode_00009,undefined_action_verb,0.0
210,adventuregame,tagextractor_langchain_clp_chat,home_deliver_three_basic_easy_invlimittwo,episode_00009,undefined_action,0.0
211,adventuregame,tagextractor_langchain_clp_chat,home_deliver_three_basic_easy_invlimittwo,episode_00009,undefined_repr_str,0.0
212,adventuregame,tagextractor_langchain_clp_chat,home_deliver_three_basic_easy_invlimittwo,episode_00009,manipulating_room,0.0
213,adventuregame,tagextractor_langchain_clp_chat,home_deliver_three_basic_easy_invlimittwo,episode_00009,undefined_argument_type,0.0
214,adventuregame,tagextractor_langchain_clp_chat,home_deliver_three_basic_easy_invlimittwo,episode_00009,taking_from_inventory,0.0
215,adventuregame,tagextractor_langchain_clp_chat,home_deliver_three_basic_easy_invlimittwo,episode_00009,other_room_argument,0.0
216,adventuregame,tagextractor_langchain_clp_chat,home_deliver_three_basic_easy_invlimittwo,episode_00009,domain_trait_type_mismatch,0.0
217,adventuregame,tagextractor_langchain_clp_chat,home_deliver_three_basic_easy_invlimittwo,episode_00009,domain_type_discrepancy,0.0
218,adventuregame,tagextractor_langchain_clp_chat,home_deliver_three_basic_easy_invlimittwo,episode_00009,world_state_discrepancy,0.0
219,adventuregame,tagextractor_langchain_clp_chat,home_deliver_three_basic_easy_invlimittwo,episode_00009,entity_not_accessible,1.0
220,adventuregame,tagextractor_langchain_clp_chat,home_deliver_three_basic_easy_invlimittwo,episode_00009,entity_state_mismatch,0.0
221,adventuregame,tagextractor_langchain_clp_chat,home_deliver_three_basic_easy_invlimittwo,episode_00009,entity_trait_mismatch,0.0
222,adventuregame,tagextractor_langchain_clp_chat,home_deliver_three_basic_easy_invlimittwo,episode_00009,entity_already_inventory,0.0
223,adventuregame,tagextractor_langchain_clp_chat,home_deliver_three_basic_easy_invlimittwo,episode_00009,going_to_current_room,0.0
224,adventuregame,tagextractor_langchain_clp_chat,home_deliver_three_basic_easy_invlimittwo,episode_00009,no_exit_to,0.0
225,adventuregame,tagextractor_langchain_clp_chat,home_deliver_three_basic_easy_invlimittwo,episode_00009,inventory_limit_exceeded,0.0
226,adventuregame,tagextractor_langchain_clp_chat,home_deliver_three_basic_easy_invlimittwo,episode_00009,successful_actions,13.0
227,adventuregame,tagextractor_langchain_clp_chat,home_deliver_three_basic_easy_invlimittwo,episode_00009,turn_limit_loss,0.0
228,adventuregame,tagextractor_langchain_clp_chat,home_deliver_three_basic_easy_invlimittwo,episode_00009,turns_over_par,6.0
229,adventuregame,tagextractor_langchain_clp_chat,home_deliver_three_basic_easy_invlimittwo,episode_00009,turn_ratio,0.8571428571428572
230,adventuregame,tagextractor_langchain_clp_chat,home_deliver_three_basic_easy_invlimittwo,episode_00009,finish_speed,0.1428571428571428
231,adventuregame,tagextractor_langchain_clp_chat,home_deliver_three_basic_easy_invlimittwo,episode_00009,achieved_goal_ratio,1.0
232,adventuregame,tagextractor_langchain_clp_chat,home_deliver_three_basic_easy_invlimittwo,episode_00009,Aborted,0.0
233,adventuregame,tagextractor_langchain_clp_chat,home_deliver_three_basic_easy_invlimittwo,episode_00009,Success,1.0
234,adventuregame,tagextractor_langchain_clp_chat,home_deliver_three_basic_easy_invlimittwo,episode_00009,Lose,0.0
235,adventuregame,tagextractor_langchain_clp_chat,home_deliver_three_basic_easy_invlimittwo,episode_00009,Main Score,100.0
236,adventuregame,tagextractor_langchain_clp_chat,home_deliver_three_basic_easy_invlimittwo,episode_00009,plan_followed_ratio,0.0
237,adventuregame,tagextractor_langchain_clp_chat,home_deliver_three_basic_easy_invlimittwo,episode_00009,plan_average_viability_ratio,0.0
238,adventuregame,tagextractor_langchain_clp_chat,home_deliver_three_basic_easy_invlimittwo,episode_00009,bad_plan_follow_ratio,0.0
239,adventuregame,tagextractor_langchain_clp_chat,home_deliver_three_basic_easy_invlimittwo,episode_00009,bad_plan_dismiss_ratio,1.0
240,adventuregame,tagextractor_langchain_clp_chat,home_deliver_three_basic_hard,episode_00013,Violated Request Count,0.0
241,adventuregame,tagextractor_langchain_clp_chat,home_deliver_three_basic_hard,episode_00013,Parsed Request Count,11.0
242,adventuregame,tagextractor_langchain_clp_chat,home_deliver_three_basic_hard,episode_00013,Request Count,11.0
243,adventuregame,tagextractor_langchain_clp_chat,home_deliver_three_basic_hard,episode_00013,Request Success Ratio,1.0
244,adventuregame,tagextractor_langchain_clp_chat,home_deliver_three_basic_hard,episode_00013,hallucination_count,1.0
245,adventuregame,tagextractor_langchain_clp_chat,home_deliver_three_basic_hard,episode_00013,action_parsing_fail,0.0
246,adventuregame,tagextractor_langchain_clp_chat,home_deliver_three_basic_hard,episode_00013,action_resolution_fail,1.0
247,adventuregame,tagextractor_langchain_clp_chat,home_deliver_three_basic_hard,episode_00013,lark_exception,0.0
248,adventuregame,tagextractor_langchain_clp_chat,home_deliver_three_basic_hard,episode_00013,malformed_command,0.0
249,adventuregame,tagextractor_langchain_clp_chat,home_deliver_three_basic_hard,episode_00013,undefined_action_verb,0.0
250,adventuregame,tagextractor_langchain_clp_chat,home_deliver_three_basic_hard,episode_00013,undefined_action,0.0
251,adventuregame,tagextractor_langchain_clp_chat,home_deliver_three_basic_hard,episode_00013,undefined_repr_str,0.0
252,adventuregame,tagextractor_langchain_clp_chat,home_deliver_three_basic_hard,episode_00013,manipulating_room,0.0
253,adventuregame,tagextractor_langchain_clp_chat,home_deliver_three_basic_hard,episode_00013,undefined_argument_type,0.0
254,adventuregame,tagextractor_langchain_clp_chat,home_deliver_three_basic_hard,episode_00013,taking_from_inventory,0.0
255,adventuregame,tagextractor_langchain_clp_chat,home_deliver_three_basic_hard,episode_00013,other_room_argument,0.0
256,adventuregame,tagextractor_langchain_clp_chat,home_deliver_three_basic_hard,episode_00013,domain_trait_type_mismatch,0.0
257,adventuregame,tagextractor_langchain_clp_chat,home_deliver_three_basic_hard,episode_00013,domain_type_discrepancy,0.0
258,adventuregame,tagextractor_langchain_clp_chat,home_deliver_three_basic_hard,episode_00013,world_state_discrepancy,0.0
259,adventuregame,tagextractor_langchain_clp_chat,home_deliver_three_basic_hard,episode_00013,entity_not_accessible,1.0
260,adventuregame,tagextractor_langchain_clp_chat,home_deliver_three_basic_hard,episode_00013,entity_state_mismatch,0.0
261,adventuregame,tagextractor_langchain_clp_chat,home_deliver_three_basic_hard,episode_00013,entity_trait_mismatch,0.0
262,adventuregame,tagextractor_langchain_clp_chat,home_deliver_three_basic_hard,episode_00013,entity_already_inventory,0.0
263,adventuregame,tagextractor_langchain_clp_chat,home_deliver_three_basic_hard,episode_00013,going_to_current_room,0.0
264,adventuregame,tagextractor_langchain_clp_chat,home_deliver_three_basic_hard,episode_00013,no_exit_to,0.0
265,adventuregame,tagextractor_langchain_clp_chat,home_deliver_three_basic_hard,episode_00013,inventory_limit_exceeded,0.0
266,adventuregame,tagextractor_langchain_clp_chat,home_deliver_three_basic_hard,episode_00013,successful_actions,10.0
267,adventuregame,tagextractor_langchain_clp_chat,home_deliver_three_basic_hard,episode_00013,turn_limit_loss,0.0
268,adventuregame,tagextractor_langchain_clp_chat,home_deliver_three_basic_hard,episode_00013,turns_over_par,
269,adventuregame,tagextractor_langchain_clp_chat,home_deliver_three_basic_hard,episode_00013,turn_ratio,
270,adventuregame,tagextractor_langchain_clp_chat,home_deliver_three_basic_hard,episode_00013,finish_speed,
271,adventuregame,tagextractor_langchain_clp_chat,home_deliver_three_basic_hard,episode_00013,achieved_goal_ratio,0.0
272,adventuregame,tagextractor_langchain_clp_chat,home_deliver_three_basic_hard,episode_00013,Aborted,0.0
273,adventuregame,tagextractor_langchain_clp_chat,home_deliver_three_basic_hard,episode_00013,Success,0.0
274,adventuregame,tagextractor_langchain_clp_chat,home_deliver_three_basic_hard,episode_00013,Lose,1.0
275,adventuregame,tagextractor_langchain_clp_chat,home_deliver_three_basic_hard,episode_00013,Main Score,0.0
276,adventuregame,tagextractor_langchain_clp_chat,home_deliver_three_basic_hard,episode_00013,plan_followed_ratio,0.0
277,adventuregame,tagextractor_langchain_clp_chat,home_deliver_three_basic_hard,episode_00013,plan_average_viability_ratio,0.0
278,adventuregame,tagextractor_langchain_clp_chat,home_deliver_three_basic_hard,episode_00013,bad_plan_follow_ratio,0.0
279,adventuregame,tagextractor_langchain_clp_chat,home_deliver_three_basic_hard,episode_00013,bad_plan_dismiss_ratio,1.0
280,adventuregame,tagextractor_langchain_clp_chat,home_deliver_three_basic_hard,episode_00014,Violated Request Count,0.0
281,adventuregame,tagextractor_langchain_clp_chat,home_deliver_three_basic_hard,episode_00014,Parsed Request Count,50.0
282,adventuregame,tagextractor_langchain_clp_chat,home_deliver_three_basic_hard,episode_00014,Request Count,50.0
283,adventuregame,tagextractor_langchain_clp_chat,home_deliver_three_basic_hard,episode_00014,Request Success Ratio,1.0
284,adventuregame,tagextractor_langchain_clp_chat,home_deliver_three_basic_hard,episode_00014,hallucination_count,0.0
285,adventuregame,tagextractor_langchain_clp_chat,home_deliver_three_basic_hard,episode_00014,action_parsing_fail,3.0
286,adventuregame,tagextractor_langchain_clp_chat,home_deliver_three_basic_hard,episode_00014,action_resolution_fail,8.0
287,adventuregame,tagextractor_langchain_clp_chat,home_deliver_three_basic_hard,episode_00014,lark_exception,0.0
288,adventuregame,tagextractor_langchain_clp_chat,home_deliver_three_basic_hard,episode_00014,malformed_command,0.0
289,adventuregame,tagextractor_langchain_clp_chat,home_deliver_three_basic_hard,episode_00014,undefined_action_verb,0.0
290,adventuregame,tagextractor_langchain_clp_chat,home_deliver_three_basic_hard,episode_00014,undefined_action,0.0
291,adventuregame,tagextractor_langchain_clp_chat,home_deliver_three_basic_hard,episode_00014,undefined_repr_str,0.0
292,adventuregame,tagextractor_langchain_clp_chat,home_deliver_three_basic_hard,episode_00014,manipulating_room,0.0
293,adventuregame,tagextractor_langchain_clp_chat,home_deliver_three_basic_hard,episode_00014,undefined_argument_type,0.0
294,adventuregame,tagextractor_langchain_clp_chat,home_deliver_three_basic_hard,episode_00014,taking_from_inventory,0.0
295,adventuregame,tagextractor_langchain_clp_chat,home_deliver_three_basic_hard,episode_00014,other_room_argument,3.0
296,adventuregame,tagextractor_langchain_clp_chat,home_deliver_three_basic_hard,episode_00014,domain_trait_type_mismatch,0.0
297,adventuregame,tagextractor_langchain_clp_chat,home_deliver_three_basic_hard,episode_00014,domain_type_discrepancy,0.0
298,adventuregame,tagextractor_langchain_clp_chat,home_deliver_three_basic_hard,episode_00014,world_state_discrepancy,0.0
299,adventuregame,tagextractor_langchain_clp_chat,home_deliver_three_basic_hard,episode_00014,entity_not_accessible,5.0
300,adventuregame,tagextractor_langchain_clp_chat,home_deliver_three_basic_hard,episode_00014,entity_state_mismatch,0.0
301,adventuregame,tagextractor_langchain_clp_chat,home_deliver_three_basic_hard,episode_00014,entity_trait_mismatch,0.0
302,adventuregame,tagextractor_langchain_clp_chat,home_deliver_three_basic_hard,episode_00014,entity_already_inventory,0.0
303,adventuregame,tagextractor_langchain_clp_chat,home_deliver_three_basic_hard,episode_00014,going_to_current_room,1.0
304,adventuregame,tagextractor_langchain_clp_chat,home_deliver_three_basic_hard,episode_00014,no_exit_to,2.0
305,adventuregame,tagextractor_langchain_clp_chat,home_deliver_three_basic_hard,episode_00014,inventory_limit_exceeded,0.0
306,adventuregame,tagextractor_langchain_clp_chat,home_deliver_three_basic_hard,episode_00014,successful_actions,39.0
307,adventuregame,tagextractor_langchain_clp_chat,home_deliver_three_basic_hard,episode_00014,turn_limit_loss,1.0
308,adventuregame,tagextractor_langchain_clp_chat,home_deliver_three_basic_hard,episode_00014,turns_over_par,
309,adventuregame,tagextractor_langchain_clp_chat,home_deliver_three_basic_hard,episode_00014,turn_ratio,
310,adventuregame,tagextractor_langchain_clp_chat,home_deliver_three_basic_hard,episode_00014,finish_speed,
311,adventuregame,tagextractor_langchain_clp_chat,home_deliver_three_basic_hard,episode_00014,achieved_goal_ratio,0.0
312,adventuregame,tagextractor_langchain_clp_chat,home_deliver_three_basic_hard,episode_00014,Aborted,1.0
313,adventuregame,tagextractor_langchain_clp_chat,home_deliver_three_basic_hard,episode_00014,Success,0.0
314,adventuregame,tagextractor_langchain_clp_chat,home_deliver_three_basic_hard,episode_00014,Lose,0.0
315,adventuregame,tagextractor_langchain_clp_chat,home_deliver_three_basic_hard,episode_00014,Main Score,
316,adventuregame,tagextractor_langchain_clp_chat,home_deliver_three_basic_hard,episode_00014,plan_followed_ratio,0.0
317,adventuregame,tagextractor_langchain_clp_chat,home_deliver_three_basic_hard,episode_00014,plan_average_viability_ratio,0.0
318,adventuregame,tagextractor_langchain_clp_chat,home_deliver_three_basic_hard,episode_00014,bad_plan_follow_ratio,0.0
319,adventuregame,tagextractor_langchain_clp_chat,home_deliver_three_basic_hard,episode_00014,bad_plan_dismiss_ratio,1.0
320,adventuregame,tagextractor_langchain_clp_chat,home_deliver_three_basic_hard,episode_00015,Violated Request Count,0.0
321,adventuregame,tagextractor_langchain_clp_chat,home_deliver_three_basic_hard,episode_00015,Parsed Request Count,21.0
322,adventuregame,tagextractor_langchain_clp_chat,home_deliver_three_basic_hard,episode_00015,Request Count,21.0
323,adventuregame,tagextractor_langchain_clp_chat,home_deliver_three_basic_hard,episode_00015,Request Success Ratio,1.0
324,adventuregame,tagextractor_langchain_clp_chat,home_deliver_three_basic_hard,episode_00015,hallucination_count,1.0
325,adventuregame,tagextractor_langchain_clp_chat,home_deliver_three_basic_hard,episode_00015,action_parsing_fail,0.0
326,adventuregame,tagextractor_langchain_clp_chat,home_deliver_three_basic_hard,episode_00015,action_resolution_fail,3.0
327,adventuregame,tagextractor_langchain_clp_chat,home_deliver_three_basic_hard,episode_00015,lark_exception,0.0
328,adventuregame,tagextractor_langchain_clp_chat,home_deliver_three_basic_hard,episode_00015,malformed_command,0.0
329,adventuregame,tagextractor_langchain_clp_chat,home_deliver_three_basic_hard,episode_00015,undefined_action_verb,0.0
330,adventuregame,tagextractor_langchain_clp_chat,home_deliver_three_basic_hard,episode_00015,undefined_action,0.0
331,adventuregame,tagextractor_langchain_clp_chat,home_deliver_three_basic_hard,episode_00015,undefined_repr_str,0.0
332,adventuregame,tagextractor_langchain_clp_chat,home_deliver_three_basic_hard,episode_00015,manipulating_room,0.0
333,adventuregame,tagextractor_langchain_clp_chat,home_deliver_three_basic_hard,episode_00015,undefined_argument_type,0.0
334,adventuregame,tagextractor_langchain_clp_chat,home_deliver_three_basic_hard,episode_00015,taking_from_inventory,0.0
335,adventuregame,tagextractor_langchain_clp_chat,home_deliver_three_basic_hard,episode_00015,other_room_argument,0.0
336,adventuregame,tagextractor_langchain_clp_chat,home_deliver_three_basic_hard,episode_00015,domain_trait_type_mismatch,0.0
337,adventuregame,tagextractor_langchain_clp_chat,home_deliver_three_basic_hard,episode_00015,domain_type_discrepancy,0.0
338,adventuregame,tagextractor_langchain_clp_chat,home_deliver_three_basic_hard,episode_00015,world_state_discrepancy,0.0
339,adventuregame,tagextractor_langchain_clp_chat,home_deliver_three_basic_hard,episode_00015,entity_not_accessible,3.0
340,adventuregame,tagextractor_langchain_clp_chat,home_deliver_three_basic_hard,episode_00015,entity_state_mismatch,0.0
341,adventuregame,tagextractor_langchain_clp_chat,home_deliver_three_basic_hard,episode_00015,entity_trait_mismatch,0.0
342,adventuregame,tagextractor_langchain_clp_chat,home_deliver_three_basic_hard,episode_00015,entity_already_inventory,0.0
343,adventuregame,tagextractor_langchain_clp_chat,home_deliver_three_basic_hard,episode_00015,going_to_current_room,0.0
344,adventuregame,tagextractor_langchain_clp_chat,home_deliver_three_basic_hard,episode_00015,no_exit_to,0.0
345,adventuregame,tagextractor_langchain_clp_chat,home_deliver_three_basic_hard,episode_00015,inventory_limit_exceeded,0.0
346,adventuregame,tagextractor_langchain_clp_chat,home_deliver_three_basic_hard,episode_00015,successful_actions,18.0
347,adventuregame,tagextractor_langchain_clp_chat,home_deliver_three_basic_hard,episode_00015,turn_limit_loss,0.0
348,adventuregame,tagextractor_langchain_clp_chat,home_deliver_three_basic_hard,episode_00015,turns_over_par,
349,adventuregame,tagextractor_langchain_clp_chat,home_deliver_three_basic_hard,episode_00015,turn_ratio,
350,adventuregame,tagextractor_langchain_clp_chat,home_deliver_three_basic_hard,episode_00015,finish_speed,
351,adventuregame,tagextractor_langchain_clp_chat,home_deliver_three_basic_hard,episode_00015,achieved_goal_ratio,0.3333333333333333
352,adventuregame,tagextractor_langchain_clp_chat,home_deliver_three_basic_hard,episode_00015,Aborted,0.0
353,adventuregame,tagextractor_langchain_clp_chat,home_deliver_three_basic_hard,episode_00015,Success,0.0
354,adventuregame,tagextractor_langchain_clp_chat,home_deliver_three_basic_hard,episode_00015,Lose,1.0
355,adventuregame,tagextractor_langchain_clp_chat,home_deliver_three_basic_hard,episode_00015,Main Score,33.33333333333333
356,adventuregame,tagextractor_langchain_clp_chat,home_deliver_three_basic_hard,episode_00015,plan_followed_ratio,0.0
357,adventuregame,tagextractor_langchain_clp_chat,home_deliver_three_basic_hard,episode_00015,plan_average_viability_ratio,0.0
358,adventuregame,tagextractor_langchain_clp_chat,home_deliver_three_basic_hard,episode_00015,bad_plan_follow_ratio,0.0
359,adventuregame,tagextractor_langchain_clp_chat,home_deliver_three_basic_hard,episode_00015,bad_plan_dismiss_ratio,1.0
360,adventuregame,tagextractor_langchain_clp_chat,home_deliver_three_basic_hard_invlimittwo,episode_00019,Violated Request Count,0.0
361,adventuregame,tagextractor_langchain_clp_chat,home_deliver_three_basic_hard_invlimittwo,episode_00019,Parsed Request Count,21.0
362,adventuregame,tagextractor_langchain_clp_chat,home_deliver_three_basic_hard_invlimittwo,episode_00019,Request Count,21.0
363,adventuregame,tagextractor_langchain_clp_chat,home_deliver_three_basic_hard_invlimittwo,episode_00019,Request Success Ratio,1.0
364,adventuregame,tagextractor_langchain_clp_chat,home_deliver_three_basic_hard_invlimittwo,episode_00019,hallucination_count,1.0
365,adventuregame,tagextractor_langchain_clp_chat,home_deliver_three_basic_hard_invlimittwo,episode_00019,action_parsing_fail,0.0
366,adventuregame,tagextractor_langchain_clp_chat,home_deliver_three_basic_hard_invlimittwo,episode_00019,action_resolution_fail,7.0
367,adventuregame,tagextractor_langchain_clp_chat,home_deliver_three_basic_hard_invlimittwo,episode_00019,lark_exception,0.0
368,adventuregame,tagextractor_langchain_clp_chat,home_deliver_three_basic_hard_invlimittwo,episode_00019,malformed_command,0.0
369,adventuregame,tagextractor_langchain_clp_chat,home_deliver_three_basic_hard_invlimittwo,episode_00019,undefined_action_verb,0.0
370,adventuregame,tagextractor_langchain_clp_chat,home_deliver_three_basic_hard_invlimittwo,episode_00019,undefined_action,0.0
371,adventuregame,tagextractor_langchain_clp_chat,home_deliver_three_basic_hard_invlimittwo,episode_00019,undefined_repr_str,0.0
372,adventuregame,tagextractor_langchain_clp_chat,home_deliver_three_basic_hard_invlimittwo,episode_00019,manipulating_room,0.0
373,adventuregame,tagextractor_langchain_clp_chat,home_deliver_three_basic_hard_invlimittwo,episode_00019,undefined_argument_type,0.0
374,adventuregame,tagextractor_langchain_clp_chat,home_deliver_three_basic_hard_invlimittwo,episode_00019,taking_from_inventory,0.0
375,adventuregame,tagextractor_langchain_clp_chat,home_deliver_three_basic_hard_invlimittwo,episode_00019,other_room_argument,0.0
376,adventuregame,tagextractor_langchain_clp_chat,home_deliver_three_basic_hard_invlimittwo,episode_00019,domain_trait_type_mismatch,0.0
377,adventuregame,tagextractor_langchain_clp_chat,home_deliver_three_basic_hard_invlimittwo,episode_00019,domain_type_discrepancy,0.0
378,adventuregame,tagextractor_langchain_clp_chat,home_deliver_three_basic_hard_invlimittwo,episode_00019,world_state_discrepancy,0.0
379,adventuregame,tagextractor_langchain_clp_chat,home_deliver_three_basic_hard_invlimittwo,episode_00019,entity_not_accessible,4.0
380,adventuregame,tagextractor_langchain_clp_chat,home_deliver_three_basic_hard_invlimittwo,episode_00019,entity_state_mismatch,0.0
381,adventuregame,tagextractor_langchain_clp_chat,home_deliver_three_basic_hard_invlimittwo,episode_00019,entity_trait_mismatch,0.0
382,adventuregame,tagextractor_langchain_clp_chat,home_deliver_three_basic_hard_invlimittwo,episode_00019,entity_already_inventory,0.0
383,adventuregame,tagextractor_langchain_clp_chat,home_deliver_three_basic_hard_invlimittwo,episode_00019,going_to_current_room,0.0
384,adventuregame,tagextractor_langchain_clp_chat,home_deliver_three_basic_hard_invlimittwo,episode_00019,no_exit_to,2.0
385,adventuregame,tagextractor_langchain_clp_chat,home_deliver_three_basic_hard_invlimittwo,episode_00019,inventory_limit_exceeded,1.0
386,adventuregame,tagextractor_langchain_clp_chat,home_deliver_three_basic_hard_invlimittwo,episode_00019,successful_actions,14.0
387,adventuregame,tagextractor_langchain_clp_chat,home_deliver_three_basic_hard_invlimittwo,episode_00019,turn_limit_loss,0.0
388,adventuregame,tagextractor_langchain_clp_chat,home_deliver_three_basic_hard_invlimittwo,episode_00019,turns_over_par,
389,adventuregame,tagextractor_langchain_clp_chat,home_deliver_three_basic_hard_invlimittwo,episode_00019,turn_ratio,
390,adventuregame,tagextractor_langchain_clp_chat,home_deliver_three_basic_hard_invlimittwo,episode_00019,finish_speed,
391,adventuregame,tagextractor_langchain_clp_chat,home_deliver_three_basic_hard_invlimittwo,episode_00019,achieved_goal_ratio,0.3333333333333333
392,adventuregame,tagextractor_langchain_clp_chat,home_deliver_three_basic_hard_invlimittwo,episode_00019,Aborted,0.0
393,adventuregame,tagextractor_langchain_clp_chat,home_deliver_three_basic_hard_invlimittwo,episode_00019,Success,0.0
394,adventuregame,tagextractor_langchain_clp_chat,home_deliver_three_basic_hard_invlimittwo,episode_00019,Lose,1.0
395,adventuregame,tagextractor_langchain_clp_chat,home_deliver_three_basic_hard_invlimittwo,episode_00019,Main Score,33.33333333333333
396,adventuregame,tagextractor_langchain_clp_chat,home_deliver_three_basic_hard_invlimittwo,episode_00019,plan_followed_ratio,0.0
397,adventuregame,tagextractor_langchain_clp_chat,home_deliver_three_basic_hard_invlimittwo,episode_00019,plan_average_viability_ratio,0.0
398,adventuregame,tagextractor_langchain_clp_chat,home_deliver_three_basic_hard_invlimittwo,episode_00019,bad_plan_follow_ratio,0.0
399,adventuregame,tagextractor_langchain_clp_chat,home_deliver_three_basic_hard_invlimittwo,episode_00019,bad_plan_dismiss_ratio,1.0
400,adventuregame,tagextractor_langchain_clp_chat,home_deliver_three_basic_hard_invlimittwo,episode_00020,Violated Request Count,0.0
401,adventuregame,tagextractor_langchain_clp_chat,home_deliver_three_basic_hard_invlimittwo,episode_00020,Parsed Request Count,50.0
402,adventuregame,tagextractor_langchain_clp_chat,home_deliver_three_basic_hard_invlimittwo,episode_00020,Request Count,50.0
403,adventuregame,tagextractor_langchain_clp_chat,home_deliver_three_basic_hard_invlimittwo,episode_00020,Request Success Ratio,1.0
404,adventuregame,tagextractor_langchain_clp_chat,home_deliver_three_basic_hard_invlimittwo,episode_00020,hallucination_count,0.0
405,adventuregame,tagextractor_langchain_clp_chat,home_deliver_three_basic_hard_invlimittwo,episode_00020,action_parsing_fail,21.0
406,adventuregame,tagextractor_langchain_clp_chat,home_deliver_three_basic_hard_invlimittwo,episode_00020,action_resolution_fail,21.0
407,adventuregame,tagextractor_langchain_clp_chat,home_deliver_three_basic_hard_invlimittwo,episode_00020,lark_exception,0.0
408,adventuregame,tagextractor_langchain_clp_chat,home_deliver_three_basic_hard_invlimittwo,episode_00020,malformed_command,0.0
409,adventuregame,tagextractor_langchain_clp_chat,home_deliver_three_basic_hard_invlimittwo,episode_00020,undefined_action_verb,0.0
410,adventuregame,tagextractor_langchain_clp_chat,home_deliver_three_basic_hard_invlimittwo,episode_00020,undefined_action,0.0
411,adventuregame,tagextractor_langchain_clp_chat,home_deliver_three_basic_hard_invlimittwo,episode_00020,undefined_repr_str,0.0
412,adventuregame,tagextractor_langchain_clp_chat,home_deliver_three_basic_hard_invlimittwo,episode_00020,manipulating_room,0.0
413,adventuregame,tagextractor_langchain_clp_chat,home_deliver_three_basic_hard_invlimittwo,episode_00020,undefined_argument_type,0.0
414,adventuregame,tagextractor_langchain_clp_chat,home_deliver_three_basic_hard_invlimittwo,episode_00020,taking_from_inventory,0.0
415,adventuregame,tagextractor_langchain_clp_chat,home_deliver_three_basic_hard_invlimittwo,episode_00020,other_room_argument,21.0
416,adventuregame,tagextractor_langchain_clp_chat,home_deliver_three_basic_hard_invlimittwo,episode_00020,domain_trait_type_mismatch,0.0
417,adventuregame,tagextractor_langchain_clp_chat,home_deliver_three_basic_hard_invlimittwo,episode_00020,domain_type_discrepancy,0.0
418,adventuregame,tagextractor_langchain_clp_chat,home_deliver_three_basic_hard_invlimittwo,episode_00020,world_state_discrepancy,0.0
419,adventuregame,tagextractor_langchain_clp_chat,home_deliver_three_basic_hard_invlimittwo,episode_00020,entity_not_accessible,0.0
420,adventuregame,tagextractor_langchain_clp_chat,home_deliver_three_basic_hard_invlimittwo,episode_00020,entity_state_mismatch,0.0
421,adventuregame,tagextractor_langchain_clp_chat,home_deliver_three_basic_hard_invlimittwo,episode_00020,entity_trait_mismatch,0.0
422,adventuregame,tagextractor_langchain_clp_chat,home_deliver_three_basic_hard_invlimittwo,episode_00020,entity_already_inventory,0.0
423,adventuregame,tagextractor_langchain_clp_chat,home_deliver_three_basic_hard_invlimittwo,episode_00020,going_to_current_room,21.0
424,adventuregame,tagextractor_langchain_clp_chat,home_deliver_three_basic_hard_invlimittwo,episode_00020,no_exit_to,0.0
425,adventuregame,tagextractor_langchain_clp_chat,home_deliver_three_basic_hard_invlimittwo,episode_00020,inventory_limit_exceeded,0.0
426,adventuregame,tagextractor_langchain_clp_chat,home_deliver_three_basic_hard_invlimittwo,episode_00020,successful_actions,8.0
427,adventuregame,tagextractor_langchain_clp_chat,home_deliver_three_basic_hard_invlimittwo,episode_00020,turn_limit_loss,1.0
428,adventuregame,tagextractor_langchain_clp_chat,home_deliver_three_basic_hard_invlimittwo,episode_00020,turns_over_par,
429,adventuregame,tagextractor_langchain_clp_chat,home_deliver_three_basic_hard_invlimittwo,episode_00020,turn_ratio,
430,adventuregame,tagextractor_langchain_clp_chat,home_deliver_three_basic_hard_invlimittwo,episode_00020,finish_speed,
431,adventuregame,tagextractor_langchain_clp_chat,home_deliver_three_basic_hard_invlimittwo,episode_00020,achieved_goal_ratio,0.0
432,adventuregame,tagextractor_langchain_clp_chat,home_deliver_three_basic_hard_invlimittwo,episode_00020,Aborted,1.0
433,adventuregame,tagextractor_langchain_clp_chat,home_deliver_three_basic_hard_invlimittwo,episode_00020,Success,0.0
434,adventuregame,tagextractor_langchain_clp_chat,home_deliver_three_basic_hard_invlimittwo,episode_00020,Lose,0.0
435,adventuregame,tagextractor_langchain_clp_chat,home_deliver_three_basic_hard_invlimittwo,episode_00020,Main Score,
436,adventuregame,tagextractor_langchain_clp_chat,home_deliver_three_basic_hard_invlimittwo,episode_00020,plan_followed_ratio,0.0
437,adventuregame,tagextractor_langchain_clp_chat,home_deliver_three_basic_hard_invlimittwo,episode_00020,plan_average_viability_ratio,0.0
438,adventuregame,tagextractor_langchain_clp_chat,home_deliver_three_basic_hard_invlimittwo,episode_00020,bad_plan_follow_ratio,0.0
439,adventuregame,tagextractor_langchain_clp_chat,home_deliver_three_basic_hard_invlimittwo,episode_00020,bad_plan_dismiss_ratio,1.0
440,adventuregame,tagextractor_langchain_clp_chat,home_deliver_three_basic_hard_invlimittwo,episode_00021,Violated Request Count,0.0
441,adventuregame,tagextractor_langchain_clp_chat,home_deliver_three_basic_hard_invlimittwo,episode_00021,Parsed Request Count,42.0
442,adventuregame,tagextractor_langchain_clp_chat,home_deliver_three_basic_hard_invlimittwo,episode_00021,Request Count,42.0
443,adventuregame,tagextractor_langchain_clp_chat,home_deliver_three_basic_hard_invlimittwo,episode_00021,Request Success Ratio,1.0
444,adventuregame,tagextractor_langchain_clp_chat,home_deliver_three_basic_hard_invlimittwo,episode_00021,hallucination_count,1.0
445,adventuregame,tagextractor_langchain_clp_chat,home_deliver_three_basic_hard_invlimittwo,episode_00021,action_parsing_fail,1.0
446,adventuregame,tagextractor_langchain_clp_chat,home_deliver_three_basic_hard_invlimittwo,episode_00021,action_resolution_fail,15.0
447,adventuregame,tagextractor_langchain_clp_chat,home_deliver_three_basic_hard_invlimittwo,episode_00021,lark_exception,0.0
448,adventuregame,tagextractor_langchain_clp_chat,home_deliver_three_basic_hard_invlimittwo,episode_00021,malformed_command,0.0
449,adventuregame,tagextractor_langchain_clp_chat,home_deliver_three_basic_hard_invlimittwo,episode_00021,undefined_action_verb,1.0
450,adventuregame,tagextractor_langchain_clp_chat,home_deliver_three_basic_hard_invlimittwo,episode_00021,undefined_action,0.0
451,adventuregame,tagextractor_langchain_clp_chat,home_deliver_three_basic_hard_invlimittwo,episode_00021,undefined_repr_str,0.0
452,adventuregame,tagextractor_langchain_clp_chat,home_deliver_three_basic_hard_invlimittwo,episode_00021,manipulating_room,0.0
453,adventuregame,tagextractor_langchain_clp_chat,home_deliver_three_basic_hard_invlimittwo,episode_00021,undefined_argument_type,0.0
454,adventuregame,tagextractor_langchain_clp_chat,home_deliver_three_basic_hard_invlimittwo,episode_00021,taking_from_inventory,0.0
455,adventuregame,tagextractor_langchain_clp_chat,home_deliver_three_basic_hard_invlimittwo,episode_00021,other_room_argument,0.0
456,adventuregame,tagextractor_langchain_clp_chat,home_deliver_three_basic_hard_invlimittwo,episode_00021,domain_trait_type_mismatch,0.0
457,adventuregame,tagextractor_langchain_clp_chat,home_deliver_three_basic_hard_invlimittwo,episode_00021,domain_type_discrepancy,0.0
458,adventuregame,tagextractor_langchain_clp_chat,home_deliver_three_basic_hard_invlimittwo,episode_00021,world_state_discrepancy,0.0
459,adventuregame,tagextractor_langchain_clp_chat,home_deliver_three_basic_hard_invlimittwo,episode_00021,entity_not_accessible,10.0
460,adventuregame,tagextractor_langchain_clp_chat,home_deliver_three_basic_hard_invlimittwo,episode_00021,entity_state_mismatch,0.0
461,adventuregame,tagextractor_langchain_clp_chat,home_deliver_three_basic_hard_invlimittwo,episode_00021,entity_trait_mismatch,0.0
462,adventuregame,tagextractor_langchain_clp_chat,home_deliver_three_basic_hard_invlimittwo,episode_00021,entity_already_inventory,1.0
463,adventuregame,tagextractor_langchain_clp_chat,home_deliver_three_basic_hard_invlimittwo,episode_00021,going_to_current_room,0.0
464,adventuregame,tagextractor_langchain_clp_chat,home_deliver_three_basic_hard_invlimittwo,episode_00021,no_exit_to,0.0
465,adventuregame,tagextractor_langchain_clp_chat,home_deliver_three_basic_hard_invlimittwo,episode_00021,inventory_limit_exceeded,4.0
466,adventuregame,tagextractor_langchain_clp_chat,home_deliver_three_basic_hard_invlimittwo,episode_00021,successful_actions,26.0
467,adventuregame,tagextractor_langchain_clp_chat,home_deliver_three_basic_hard_invlimittwo,episode_00021,turn_limit_loss,0.0
468,adventuregame,tagextractor_langchain_clp_chat,home_deliver_three_basic_hard_invlimittwo,episode_00021,turns_over_par,
469,adventuregame,tagextractor_langchain_clp_chat,home_deliver_three_basic_hard_invlimittwo,episode_00021,turn_ratio,
470,adventuregame,tagextractor_langchain_clp_chat,home_deliver_three_basic_hard_invlimittwo,episode_00021,finish_speed,
471,adventuregame,tagextractor_langchain_clp_chat,home_deliver_three_basic_hard_invlimittwo,episode_00021,achieved_goal_ratio,0.0
472,adventuregame,tagextractor_langchain_clp_chat,home_deliver_three_basic_hard_invlimittwo,episode_00021,Aborted,0.0
473,adventuregame,tagextractor_langchain_clp_chat,home_deliver_three_basic_hard_invlimittwo,episode_00021,Success,0.0
474,adventuregame,tagextractor_langchain_clp_chat,home_deliver_three_basic_hard_invlimittwo,episode_00021,Lose,1.0
475,adventuregame,tagextractor_langchain_clp_chat,home_deliver_three_basic_hard_invlimittwo,episode_00021,Main Score,0.0
476,adventuregame,tagextractor_langchain_clp_chat,home_deliver_three_basic_hard_invlimittwo,episode_00021,plan_followed_ratio,0.0
477,adventuregame,tagextractor_langchain_clp_chat,home_deliver_three_basic_hard_invlimittwo,episode_00021,plan_average_viability_ratio,0.0
478,adventuregame,tagextractor_langchain_clp_chat,home_deliver_three_basic_hard_invlimittwo,episode_00021,bad_plan_follow_ratio,0.0
479,adventuregame,tagextractor_langchain_clp_chat,home_deliver_three_basic_hard_invlimittwo,episode_00021,bad_plan_dismiss_ratio,1.0
480,adventuregame,tagextractor_langchain_clp_chat,home_deliver_three_planning_easy,episode_00004,Violated Request Count,0.0
481,adventuregame,tagextractor_langchain_clp_chat,home_deliver_three_planning_easy,episode_00004,Parsed Request Count,10.0
482,adventuregame,tagextractor_langchain_clp_chat,home_deliver_three_planning_easy,episode_00004,Request Count,10.0
483,adventuregame,tagextractor_langchain_clp_chat,home_deliver_three_planning_easy,episode_00004,Request Success Ratio,1.0
484,adventuregame,tagextractor_langchain_clp_chat,home_deliver_three_planning_easy,episode_00004,hallucination_count,0.0
485,adventuregame,tagextractor_langchain_clp_chat,home_deliver_three_planning_easy,episode_00004,action_parsing_fail,0.0
486,adventuregame,tagextractor_langchain_clp_chat,home_deliver_three_planning_easy,episode_00004,action_resolution_fail,0.0
487,adventuregame,tagextractor_langchain_clp_chat,home_deliver_three_planning_easy,episode_00004,lark_exception,0.0
488,adventuregame,tagextractor_langchain_clp_chat,home_deliver_three_planning_easy,episode_00004,malformed_command,0.0
489,adventuregame,tagextractor_langchain_clp_chat,home_deliver_three_planning_easy,episode_00004,undefined_action_verb,0.0
490,adventuregame,tagextractor_langchain_clp_chat,home_deliver_three_planning_easy,episode_00004,undefined_action,0.0
491,adventuregame,tagextractor_langchain_clp_chat,home_deliver_three_planning_easy,episode_00004,undefined_repr_str,0.0
492,adventuregame,tagextractor_langchain_clp_chat,home_deliver_three_planning_easy,episode_00004,manipulating_room,0.0
493,adventuregame,tagextractor_langchain_clp_chat,home_deliver_three_planning_easy,episode_00004,undefined_argument_type,0.0
494,adventuregame,tagextractor_langchain_clp_chat,home_deliver_three_planning_easy,episode_00004,taking_from_inventory,0.0
495,adventuregame,tagextractor_langchain_clp_chat,home_deliver_three_planning_easy,episode_00004,other_room_argument,0.0
496,adventuregame,tagextractor_langchain_clp_chat,home_deliver_three_planning_easy,episode_00004,domain_trait_type_mismatch,0.0
497,adventuregame,tagextractor_langchain_clp_chat,home_deliver_three_planning_easy,episode_00004,domain_type_discrepancy,0.0
498,adventuregame,tagextractor_langchain_clp_chat,home_deliver_three_planning_easy,episode_00004,world_state_discrepancy,0.0
499,adventuregame,tagextractor_langchain_clp_chat,home_deliver_three_planning_easy,episode_00004,entity_not_accessible,0.0
500,adventuregame,tagextractor_langchain_clp_chat,home_deliver_three_planning_easy,episode_00004,entity_state_mismatch,0.0
501,adventuregame,tagextractor_langchain_clp_chat,home_deliver_three_planning_easy,episode_00004,entity_trait_mismatch,0.0
502,adventuregame,tagextractor_langchain_clp_chat,home_deliver_three_planning_easy,episode_00004,entity_already_inventory,0.0
503,adventuregame,tagextractor_langchain_clp_chat,home_deliver_three_planning_easy,episode_00004,going_to_current_room,0.0
504,adventuregame,tagextractor_langchain_clp_chat,home_deliver_three_planning_easy,episode_00004,no_exit_to,0.0
505,adventuregame,tagextractor_langchain_clp_chat,home_deliver_three_planning_easy,episode_00004,inventory_limit_exceeded,0.0
506,adventuregame,tagextractor_langchain_clp_chat,home_deliver_three_planning_easy,episode_00004,successful_actions,10.0
507,adventuregame,tagextractor_langchain_clp_chat,home_deliver_three_planning_easy,episode_00004,turn_limit_loss,0.0
508,adventuregame,tagextractor_langchain_clp_chat,home_deliver_three_planning_easy,episode_00004,turns_over_par,0.0
509,adventuregame,tagextractor_langchain_clp_chat,home_deliver_three_planning_easy,episode_00004,turn_ratio,1.0
510,adventuregame,tagextractor_langchain_clp_chat,home_deliver_three_planning_easy,episode_00004,finish_speed,0.0
511,adventuregame,tagextractor_langchain_clp_chat,home_deliver_three_planning_easy,episode_00004,achieved_goal_ratio,1.0
512,adventuregame,tagextractor_langchain_clp_chat,home_deliver_three_planning_easy,episode_00004,Aborted,0.0
513,adventuregame,tagextractor_langchain_clp_chat,home_deliver_three_planning_easy,episode_00004,Success,1.0
514,adventuregame,tagextractor_langchain_clp_chat,home_deliver_three_planning_easy,episode_00004,Lose,0.0
515,adventuregame,tagextractor_langchain_clp_chat,home_deliver_three_planning_easy,episode_00004,Main Score,100.0
516,adventuregame,tagextractor_langchain_clp_chat,home_deliver_three_planning_easy,episode_00004,plan_followed_ratio,0.4
517,adventuregame,tagextractor_langchain_clp_chat,home_deliver_three_planning_easy,episode_00004,plan_average_viability_ratio,0.45999999999999996
518,adventuregame,tagextractor_langchain_clp_chat,home_deliver_three_planning_easy,episode_00004,bad_plan_follow_ratio,0.0
519,adventuregame,tagextractor_langchain_clp_chat,home_deliver_three_planning_easy,episode_00004,bad_plan_dismiss_ratio,1.0
520,adventuregame,tagextractor_langchain_clp_chat,home_deliver_three_planning_easy,episode_00005,Violated Request Count,0.0
521,adventuregame,tagextractor_langchain_clp_chat,home_deliver_three_planning_easy,episode_00005,Parsed Request Count,50.0
522,adventuregame,tagextractor_langchain_clp_chat,home_deliver_three_planning_easy,episode_00005,Request Count,50.0
523,adventuregame,tagextractor_langchain_clp_chat,home_deliver_three_planning_easy,episode_00005,Request Success Ratio,1.0
524,adventuregame,tagextractor_langchain_clp_chat,home_deliver_three_planning_easy,episode_00005,hallucination_count,0.0
525,adventuregame,tagextractor_langchain_clp_chat,home_deliver_three_planning_easy,episode_00005,action_parsing_fail,0.0
526,adventuregame,tagextractor_langchain_clp_chat,home_deliver_three_planning_easy,episode_00005,action_resolution_fail,20.0
527,adventuregame,tagextractor_langchain_clp_chat,home_deliver_three_planning_easy,episode_00005,lark_exception,0.0
528,adventuregame,tagextractor_langchain_clp_chat,home_deliver_three_planning_easy,episode_00005,malformed_command,0.0
529,adventuregame,tagextractor_langchain_clp_chat,home_deliver_three_planning_easy,episode_00005,undefined_action_verb,0.0
530,adventuregame,tagextractor_langchain_clp_chat,home_deliver_three_planning_easy,episode_00005,undefined_action,0.0
531,adventuregame,tagextractor_langchain_clp_chat,home_deliver_three_planning_easy,episode_00005,undefined_repr_str,0.0
532,adventuregame,tagextractor_langchain_clp_chat,home_deliver_three_planning_easy,episode_00005,manipulating_room,0.0
533,adventuregame,tagextractor_langchain_clp_chat,home_deliver_three_planning_easy,episode_00005,undefined_argument_type,0.0
534,adventuregame,tagextractor_langchain_clp_chat,home_deliver_three_planning_easy,episode_00005,taking_from_inventory,0.0
535,adventuregame,tagextractor_langchain_clp_chat,home_deliver_three_planning_easy,episode_00005,other_room_argument,0.0
536,adventuregame,tagextractor_langchain_clp_chat,home_deliver_three_planning_easy,episode_00005,domain_trait_type_mismatch,0.0
537,adventuregame,tagextractor_langchain_clp_chat,home_deliver_three_planning_easy,episode_00005,domain_type_discrepancy,0.0
538,adventuregame,tagextractor_langchain_clp_chat,home_deliver_three_planning_easy,episode_00005,world_state_discrepancy,0.0
539,adventuregame,tagextractor_langchain_clp_chat,home_deliver_three_planning_easy,episode_00005,entity_not_accessible,7.0
540,adventuregame,tagextractor_langchain_clp_chat,home_deliver_three_planning_easy,episode_00005,entity_state_mismatch,0.0
541,adventuregame,tagextractor_langchain_clp_chat,home_deliver_three_planning_easy,episode_00005,entity_trait_mismatch,0.0
542,adventuregame,tagextractor_langchain_clp_chat,home_deliver_three_planning_easy,episode_00005,entity_already_inventory,6.0
543,adventuregame,tagextractor_langchain_clp_chat,home_deliver_three_planning_easy,episode_00005,going_to_current_room,0.0
544,adventuregame,tagextractor_langchain_clp_chat,home_deliver_three_planning_easy,episode_00005,no_exit_to,7.0
545,adventuregame,tagextractor_langchain_clp_chat,home_deliver_three_planning_easy,episode_00005,inventory_limit_exceeded,0.0
546,adventuregame,tagextractor_langchain_clp_chat,home_deliver_three_planning_easy,episode_00005,successful_actions,30.0
547,adventuregame,tagextractor_langchain_clp_chat,home_deliver_three_planning_easy,episode_00005,turn_limit_loss,1.0
548,adventuregame,tagextractor_langchain_clp_chat,home_deliver_three_planning_easy,episode_00005,turns_over_par,
549,adventuregame,tagextractor_langchain_clp_chat,home_deliver_three_planning_easy,episode_00005,turn_ratio,
550,adventuregame,tagextractor_langchain_clp_chat,home_deliver_three_planning_easy,episode_00005,finish_speed,
551,adventuregame,tagextractor_langchain_clp_chat,home_deliver_three_planning_easy,episode_00005,achieved_goal_ratio,0.0
552,adventuregame,tagextractor_langchain_clp_chat,home_deliver_three_planning_easy,episode_00005,Aborted,1.0
553,adventuregame,tagextractor_langchain_clp_chat,home_deliver_three_planning_easy,episode_00005,Success,0.0
554,adventuregame,tagextractor_langchain_clp_chat,home_deliver_three_planning_easy,episode_00005,Lose,0.0
555,adventuregame,tagextractor_langchain_clp_chat,home_deliver_three_planning_easy,episode_00005,Main Score,
556,adventuregame,tagextractor_langchain_clp_chat,home_deliver_three_planning_easy,episode_00005,plan_followed_ratio,0.66
557,adventuregame,tagextractor_langchain_clp_chat,home_deliver_three_planning_easy,episode_00005,plan_average_viability_ratio,0.0687936507936508
558,adventuregame,tagextractor_langchain_clp_chat,home_deliver_three_planning_easy,episode_00005,bad_plan_follow_ratio,0.38
559,adventuregame,tagextractor_langchain_clp_chat,home_deliver_three_planning_easy,episode_00005,bad_plan_dismiss_ratio,0.62
560,adventuregame,tagextractor_langchain_clp_chat,home_deliver_three_planning_easy,episode_00006,Violated Request Count,0.0
561,adventuregame,tagextractor_langchain_clp_chat,home_deliver_three_planning_easy,episode_00006,Parsed Request Count,13.0
562,adventuregame,tagextractor_langchain_clp_chat,home_deliver_three_planning_easy,episode_00006,Request Count,13.0
563,adventuregame,tagextractor_langchain_clp_chat,home_deliver_three_planning_easy,episode_00006,Request Success Ratio,1.0
564,adventuregame,tagextractor_langchain_clp_chat,home_deliver_three_planning_easy,episode_00006,hallucination_count,0.0
565,adventuregame,tagextractor_langchain_clp_chat,home_deliver_three_planning_easy,episode_00006,action_parsing_fail,0.0
566,adventuregame,tagextractor_langchain_clp_chat,home_deliver_three_planning_easy,episode_00006,action_resolution_fail,1.0
567,adventuregame,tagextractor_langchain_clp_chat,home_deliver_three_planning_easy,episode_00006,lark_exception,0.0
568,adventuregame,tagextractor_langchain_clp_chat,home_deliver_three_planning_easy,episode_00006,malformed_command,0.0
569,adventuregame,tagextractor_langchain_clp_chat,home_deliver_three_planning_easy,episode_00006,undefined_action_verb,0.0
570,adventuregame,tagextractor_langchain_clp_chat,home_deliver_three_planning_easy,episode_00006,undefined_action,0.0
571,adventuregame,tagextractor_langchain_clp_chat,home_deliver_three_planning_easy,episode_00006,undefined_repr_str,0.0
572,adventuregame,tagextractor_langchain_clp_chat,home_deliver_three_planning_easy,episode_00006,manipulating_room,0.0
573,adventuregame,tagextractor_langchain_clp_chat,home_deliver_three_planning_easy,episode_00006,undefined_argument_type,0.0
574,adventuregame,tagextractor_langchain_clp_chat,home_deliver_three_planning_easy,episode_00006,taking_from_inventory,0.0
575,adventuregame,tagextractor_langchain_clp_chat,home_deliver_three_planning_easy,episode_00006,other_room_argument,0.0
576,adventuregame,tagextractor_langchain_clp_chat,home_deliver_three_planning_easy,episode_00006,domain_trait_type_mismatch,0.0
577,adventuregame,tagextractor_langchain_clp_chat,home_deliver_three_planning_easy,episode_00006,domain_type_discrepancy,0.0
578,adventuregame,tagextractor_langchain_clp_chat,home_deliver_three_planning_easy,episode_00006,world_state_discrepancy,0.0
579,adventuregame,tagextractor_langchain_clp_chat,home_deliver_three_planning_easy,episode_00006,entity_not_accessible,0.0
580,adventuregame,tagextractor_langchain_clp_chat,home_deliver_three_planning_easy,episode_00006,entity_state_mismatch,0.0
581,adventuregame,tagextractor_langchain_clp_chat,home_deliver_three_planning_easy,episode_00006,entity_trait_mismatch,0.0
582,adventuregame,tagextractor_langchain_clp_chat,home_deliver_three_planning_easy,episode_00006,entity_already_inventory,0.0
583,adventuregame,tagextractor_langchain_clp_chat,home_deliver_three_planning_easy,episode_00006,going_to_current_room,0.0
584,adventuregame,tagextractor_langchain_clp_chat,home_deliver_three_planning_easy,episode_00006,no_exit_to,1.0
585,adventuregame,tagextractor_langchain_clp_chat,home_deliver_three_planning_easy,episode_00006,inventory_limit_exceeded,0.0
586,adventuregame,tagextractor_langchain_clp_chat,home_deliver_three_planning_easy,episode_00006,successful_actions,12.0
587,adventuregame,tagextractor_langchain_clp_chat,home_deliver_three_planning_easy,episode_00006,turn_limit_loss,0.0
588,adventuregame,tagextractor_langchain_clp_chat,home_deliver_three_planning_easy,episode_00006,turns_over_par,5.0
589,adventuregame,tagextractor_langchain_clp_chat,home_deliver_three_planning_easy,episode_00006,turn_ratio,0.8809523809523809
590,adventuregame,tagextractor_langchain_clp_chat,home_deliver_three_planning_easy,episode_00006,finish_speed,0.11904761904761907
591,adventuregame,tagextractor_langchain_clp_chat,home_deliver_three_planning_easy,episode_00006,achieved_goal_ratio,1.0
592,adventuregame,tagextractor_langchain_clp_chat,home_deliver_three_planning_easy,episode_00006,Aborted,0.0
593,adventuregame,tagextractor_langchain_clp_chat,home_deliver_three_planning_easy,episode_00006,Success,1.0
594,adventuregame,tagextractor_langchain_clp_chat,home_deliver_three_planning_easy,episode_00006,Lose,0.0
595,adventuregame,tagextractor_langchain_clp_chat,home_deliver_three_planning_easy,episode_00006,Main Score,100.0
596,adventuregame,tagextractor_langchain_clp_chat,home_deliver_three_planning_easy,episode_00006,plan_followed_ratio,0.46153846153846156
597,adventuregame,tagextractor_langchain_clp_chat,home_deliver_three_planning_easy,episode_00006,plan_average_viability_ratio,0.4113247863247863
598,adventuregame,tagextractor_langchain_clp_chat,home_deliver_three_planning_easy,episode_00006,bad_plan_follow_ratio,0.07692307692307693
599,adventuregame,tagextractor_langchain_clp_chat,home_deliver_three_planning_easy,episode_00006,bad_plan_dismiss_ratio,0.9230769230769231
600,adventuregame,tagextractor_langchain_clp_chat,home_deliver_three_planning_easy_invlimittwo,episode_00010,Violated Request Count,0.0
601,adventuregame,tagextractor_langchain_clp_chat,home_deliver_three_planning_easy_invlimittwo,episode_00010,Parsed Request Count,11.0
602,adventuregame,tagextractor_langchain_clp_chat,home_deliver_three_planning_easy_invlimittwo,episode_00010,Request Count,11.0
603,adventuregame,tagextractor_langchain_clp_chat,home_deliver_three_planning_easy_invlimittwo,episode_00010,Request Success Ratio,1.0
604,adventuregame,tagextractor_langchain_clp_chat,home_deliver_three_planning_easy_invlimittwo,episode_00010,hallucination_count,0.0
605,adventuregame,tagextractor_langchain_clp_chat,home_deliver_three_planning_easy_invlimittwo,episode_00010,action_parsing_fail,0.0
606,adventuregame,tagextractor_langchain_clp_chat,home_deliver_three_planning_easy_invlimittwo,episode_00010,action_resolution_fail,2.0
607,adventuregame,tagextractor_langchain_clp_chat,home_deliver_three_planning_easy_invlimittwo,episode_00010,lark_exception,0.0
608,adventuregame,tagextractor_langchain_clp_chat,home_deliver_three_planning_easy_invlimittwo,episode_00010,malformed_command,0.0
609,adventuregame,tagextractor_langchain_clp_chat,home_deliver_three_planning_easy_invlimittwo,episode_00010,undefined_action_verb,0.0
610,adventuregame,tagextractor_langchain_clp_chat,home_deliver_three_planning_easy_invlimittwo,episode_00010,undefined_action,0.0
611,adventuregame,tagextractor_langchain_clp_chat,home_deliver_three_planning_easy_invlimittwo,episode_00010,undefined_repr_str,0.0
612,adventuregame,tagextractor_langchain_clp_chat,home_deliver_three_planning_easy_invlimittwo,episode_00010,manipulating_room,0.0
613,adventuregame,tagextractor_langchain_clp_chat,home_deliver_three_planning_easy_invlimittwo,episode_00010,undefined_argument_type,0.0
614,adventuregame,tagextractor_langchain_clp_chat,home_deliver_three_planning_easy_invlimittwo,episode_00010,taking_from_inventory,0.0
615,adventuregame,tagextractor_langchain_clp_chat,home_deliver_three_planning_easy_invlimittwo,episode_00010,other_room_argument,0.0
616,adventuregame,tagextractor_langchain_clp_chat,home_deliver_three_planning_easy_invlimittwo,episode_00010,domain_trait_type_mismatch,0.0
617,adventuregame,tagextractor_langchain_clp_chat,home_deliver_three_planning_easy_invlimittwo,episode_00010,domain_type_discrepancy,0.0
618,adventuregame,tagextractor_langchain_clp_chat,home_deliver_three_planning_easy_invlimittwo,episode_00010,world_state_discrepancy,0.0
619,adventuregame,tagextractor_langchain_clp_chat,home_deliver_three_planning_easy_invlimittwo,episode_00010,entity_not_accessible,0.0
620,adventuregame,tagextractor_langchain_clp_chat,home_deliver_three_planning_easy_invlimittwo,episode_00010,entity_state_mismatch,0.0
621,adventuregame,tagextractor_langchain_clp_chat,home_deliver_three_planning_easy_invlimittwo,episode_00010,entity_trait_mismatch,0.0
622,adventuregame,tagextractor_langchain_clp_chat,home_deliver_three_planning_easy_invlimittwo,episode_00010,entity_already_inventory,0.0
623,adventuregame,tagextractor_langchain_clp_chat,home_deliver_three_planning_easy_invlimittwo,episode_00010,going_to_current_room,0.0
624,adventuregame,tagextractor_langchain_clp_chat,home_deliver_three_planning_easy_invlimittwo,episode_00010,no_exit_to,1.0
625,adventuregame,tagextractor_langchain_clp_chat,home_deliver_three_planning_easy_invlimittwo,episode_00010,inventory_limit_exceeded,1.0
626,adventuregame,tagextractor_langchain_clp_chat,home_deliver_three_planning_easy_invlimittwo,episode_00010,successful_actions,9.0
627,adventuregame,tagextractor_langchain_clp_chat,home_deliver_three_planning_easy_invlimittwo,episode_00010,turn_limit_loss,0.0
628,adventuregame,tagextractor_langchain_clp_chat,home_deliver_three_planning_easy_invlimittwo,episode_00010,turns_over_par,1.0
629,adventuregame,tagextractor_langchain_clp_chat,home_deliver_three_planning_easy_invlimittwo,episode_00010,turn_ratio,0.975
630,adventuregame,tagextractor_langchain_clp_chat,home_deliver_three_planning_easy_invlimittwo,episode_00010,finish_speed,0.025000000000000022
631,adventuregame,tagextractor_langchain_clp_chat,home_deliver_three_planning_easy_invlimittwo,episode_00010,achieved_goal_ratio,1.0
632,adventuregame,tagextractor_langchain_clp_chat,home_deliver_three_planning_easy_invlimittwo,episode_00010,Aborted,0.0
633,adventuregame,tagextractor_langchain_clp_chat,home_deliver_three_planning_easy_invlimittwo,episode_00010,Success,1.0
634,adventuregame,tagextractor_langchain_clp_chat,home_deliver_three_planning_easy_invlimittwo,episode_00010,Lose,0.0
635,adventuregame,tagextractor_langchain_clp_chat,home_deliver_three_planning_easy_invlimittwo,episode_00010,Main Score,100.0
636,adventuregame,tagextractor_langchain_clp_chat,home_deliver_three_planning_easy_invlimittwo,episode_00010,plan_followed_ratio,0.45454545454545453
637,adventuregame,tagextractor_langchain_clp_chat,home_deliver_three_planning_easy_invlimittwo,episode_00010,plan_average_viability_ratio,0.26212121212121214
638,adventuregame,tagextractor_langchain_clp_chat,home_deliver_three_planning_easy_invlimittwo,episode_00010,bad_plan_follow_ratio,0.09090909090909091
639,adventuregame,tagextractor_langchain_clp_chat,home_deliver_three_planning_easy_invlimittwo,episode_00010,bad_plan_dismiss_ratio,0.9090909090909091
640,adventuregame,tagextractor_langchain_clp_chat,home_deliver_three_planning_easy_invlimittwo,episode_00011,Violated Request Count,0.0
641,adventuregame,tagextractor_langchain_clp_chat,home_deliver_three_planning_easy_invlimittwo,episode_00011,Parsed Request Count,26.0
642,adventuregame,tagextractor_langchain_clp_chat,home_deliver_three_planning_easy_invlimittwo,episode_00011,Request Count,26.0
643,adventuregame,tagextractor_langchain_clp_chat,home_deliver_three_planning_easy_invlimittwo,episode_00011,Request Success Ratio,1.0
644,adventuregame,tagextractor_langchain_clp_chat,home_deliver_three_planning_easy_invlimittwo,episode_00011,hallucination_count,1.0
645,adventuregame,tagextractor_langchain_clp_chat,home_deliver_three_planning_easy_invlimittwo,episode_00011,action_parsing_fail,0.0
646,adventuregame,tagextractor_langchain_clp_chat,home_deliver_three_planning_easy_invlimittwo,episode_00011,action_resolution_fail,7.0
647,adventuregame,tagextractor_langchain_clp_chat,home_deliver_three_planning_easy_invlimittwo,episode_00011,lark_exception,0.0
648,adventuregame,tagextractor_langchain_clp_chat,home_deliver_three_planning_easy_invlimittwo,episode_00011,malformed_command,0.0
649,adventuregame,tagextractor_langchain_clp_chat,home_deliver_three_planning_easy_invlimittwo,episode_00011,undefined_action_verb,0.0
650,adventuregame,tagextractor_langchain_clp_chat,home_deliver_three_planning_easy_invlimittwo,episode_00011,undefined_action,0.0
651,adventuregame,tagextractor_langchain_clp_chat,home_deliver_three_planning_easy_invlimittwo,episode_00011,undefined_repr_str,0.0
652,adventuregame,tagextractor_langchain_clp_chat,home_deliver_three_planning_easy_invlimittwo,episode_00011,manipulating_room,0.0
653,adventuregame,tagextractor_langchain_clp_chat,home_deliver_three_planning_easy_invlimittwo,episode_00011,undefined_argument_type,0.0
654,adventuregame,tagextractor_langchain_clp_chat,home_deliver_three_planning_easy_invlimittwo,episode_00011,taking_from_inventory,0.0
655,adventuregame,tagextractor_langchain_clp_chat,home_deliver_three_planning_easy_invlimittwo,episode_00011,other_room_argument,0.0
656,adventuregame,tagextractor_langchain_clp_chat,home_deliver_three_planning_easy_invlimittwo,episode_00011,domain_trait_type_mismatch,0.0
657,adventuregame,tagextractor_langchain_clp_chat,home_deliver_three_planning_easy_invlimittwo,episode_00011,domain_type_discrepancy,0.0
658,adventuregame,tagextractor_langchain_clp_chat,home_deliver_three_planning_easy_invlimittwo,episode_00011,world_state_discrepancy,0.0
659,adventuregame,tagextractor_langchain_clp_chat,home_deliver_three_planning_easy_invlimittwo,episode_00011,entity_not_accessible,4.0
660,adventuregame,tagextractor_langchain_clp_chat,home_deliver_three_planning_easy_invlimittwo,episode_00011,entity_state_mismatch,0.0
661,adventuregame,tagextractor_langchain_clp_chat,home_deliver_three_planning_easy_invlimittwo,episode_00011,entity_trait_mismatch,0.0
662,adventuregame,tagextractor_langchain_clp_chat,home_deliver_three_planning_easy_invlimittwo,episode_00011,entity_already_inventory,0.0
663,adventuregame,tagextractor_langchain_clp_chat,home_deliver_three_planning_easy_invlimittwo,episode_00011,going_to_current_room,0.0
664,adventuregame,tagextractor_langchain_clp_chat,home_deliver_three_planning_easy_invlimittwo,episode_00011,no_exit_to,2.0
665,adventuregame,tagextractor_langchain_clp_chat,home_deliver_three_planning_easy_invlimittwo,episode_00011,inventory_limit_exceeded,1.0
666,adventuregame,tagextractor_langchain_clp_chat,home_deliver_three_planning_easy_invlimittwo,episode_00011,successful_actions,19.0
667,adventuregame,tagextractor_langchain_clp_chat,home_deliver_three_planning_easy_invlimittwo,episode_00011,turn_limit_loss,0.0
668,adventuregame,tagextractor_langchain_clp_chat,home_deliver_three_planning_easy_invlimittwo,episode_00011,turns_over_par,
669,adventuregame,tagextractor_langchain_clp_chat,home_deliver_three_planning_easy_invlimittwo,episode_00011,turn_ratio,
670,adventuregame,tagextractor_langchain_clp_chat,home_deliver_three_planning_easy_invlimittwo,episode_00011,finish_speed,
671,adventuregame,tagextractor_langchain_clp_chat,home_deliver_three_planning_easy_invlimittwo,episode_00011,achieved_goal_ratio,0.3333333333333333
672,adventuregame,tagextractor_langchain_clp_chat,home_deliver_three_planning_easy_invlimittwo,episode_00011,Aborted,0.0
673,adventuregame,tagextractor_langchain_clp_chat,home_deliver_three_planning_easy_invlimittwo,episode_00011,Success,0.0
674,adventuregame,tagextractor_langchain_clp_chat,home_deliver_three_planning_easy_invlimittwo,episode_00011,Lose,1.0
675,adventuregame,tagextractor_langchain_clp_chat,home_deliver_three_planning_easy_invlimittwo,episode_00011,Main Score,33.33333333333333
676,adventuregame,tagextractor_langchain_clp_chat,home_deliver_three_planning_easy_invlimittwo,episode_00011,plan_followed_ratio,0.34615384615384615
677,adventuregame,tagextractor_langchain_clp_chat,home_deliver_three_planning_easy_invlimittwo,episode_00011,plan_average_viability_ratio,0.061858974358974354
678,adventuregame,tagextractor_langchain_clp_chat,home_deliver_three_planning_easy_invlimittwo,episode_00011,bad_plan_follow_ratio,0.11538461538461539
679,adventuregame,tagextractor_langchain_clp_chat,home_deliver_three_planning_easy_invlimittwo,episode_00011,bad_plan_dismiss_ratio,0.8846153846153846
680,adventuregame,tagextractor_langchain_clp_chat,home_deliver_three_planning_easy_invlimittwo,episode_00012,Violated Request Count,0.0
681,adventuregame,tagextractor_langchain_clp_chat,home_deliver_three_planning_easy_invlimittwo,episode_00012,Parsed Request Count,12.0
682,adventuregame,tagextractor_langchain_clp_chat,home_deliver_three_planning_easy_invlimittwo,episode_00012,Request Count,12.0
683,adventuregame,tagextractor_langchain_clp_chat,home_deliver_three_planning_easy_invlimittwo,episode_00012,Request Success Ratio,1.0
684,adventuregame,tagextractor_langchain_clp_chat,home_deliver_three_planning_easy_invlimittwo,episode_00012,hallucination_count,0.0
685,adventuregame,tagextractor_langchain_clp_chat,home_deliver_three_planning_easy_invlimittwo,episode_00012,action_parsing_fail,0.0
686,adventuregame,tagextractor_langchain_clp_chat,home_deliver_three_planning_easy_invlimittwo,episode_00012,action_resolution_fail,0.0
687,adventuregame,tagextractor_langchain_clp_chat,home_deliver_three_planning_easy_invlimittwo,episode_00012,lark_exception,0.0
688,adventuregame,tagextractor_langchain_clp_chat,home_deliver_three_planning_easy_invlimittwo,episode_00012,malformed_command,0.0
689,adventuregame,tagextractor_langchain_clp_chat,home_deliver_three_planning_easy_invlimittwo,episode_00012,undefined_action_verb,0.0
690,adventuregame,tagextractor_langchain_clp_chat,home_deliver_three_planning_easy_invlimittwo,episode_00012,undefined_action,0.0
691,adventuregame,tagextractor_langchain_clp_chat,home_deliver_three_planning_easy_invlimittwo,episode_00012,undefined_repr_str,0.0
692,adventuregame,tagextractor_langchain_clp_chat,home_deliver_three_planning_easy_invlimittwo,episode_00012,manipulating_room,0.0
693,adventuregame,tagextractor_langchain_clp_chat,home_deliver_three_planning_easy_invlimittwo,episode_00012,undefined_argument_type,0.0
694,adventuregame,tagextractor_langchain_clp_chat,home_deliver_three_planning_easy_invlimittwo,episode_00012,taking_from_inventory,0.0
695,adventuregame,tagextractor_langchain_clp_chat,home_deliver_three_planning_easy_invlimittwo,episode_00012,other_room_argument,0.0
696,adventuregame,tagextractor_langchain_clp_chat,home_deliver_three_planning_easy_invlimittwo,episode_00012,domain_trait_type_mismatch,0.0
697,adventuregame,tagextractor_langchain_clp_chat,home_deliver_three_planning_easy_invlimittwo,episode_00012,domain_type_discrepancy,0.0
698,adventuregame,tagextractor_langchain_clp_chat,home_deliver_three_planning_easy_invlimittwo,episode_00012,world_state_discrepancy,0.0
699,adventuregame,tagextractor_langchain_clp_chat,home_deliver_three_planning_easy_invlimittwo,episode_00012,entity_not_accessible,0.0
700,adventuregame,tagextractor_langchain_clp_chat,home_deliver_three_planning_easy_invlimittwo,episode_00012,entity_state_mismatch,0.0
701,adventuregame,tagextractor_langchain_clp_chat,home_deliver_three_planning_easy_invlimittwo,episode_00012,entity_trait_mismatch,0.0
702,adventuregame,tagextractor_langchain_clp_chat,home_deliver_three_planning_easy_invlimittwo,episode_00012,entity_already_inventory,0.0
703,adventuregame,tagextractor_langchain_clp_chat,home_deliver_three_planning_easy_invlimittwo,episode_00012,going_to_current_room,0.0
704,adventuregame,tagextractor_langchain_clp_chat,home_deliver_three_planning_easy_invlimittwo,episode_00012,no_exit_to,0.0
705,adventuregame,tagextractor_langchain_clp_chat,home_deliver_three_planning_easy_invlimittwo,episode_00012,inventory_limit_exceeded,0.0
706,adventuregame,tagextractor_langchain_clp_chat,home_deliver_three_planning_easy_invlimittwo,episode_00012,successful_actions,12.0
707,adventuregame,tagextractor_langchain_clp_chat,home_deliver_three_planning_easy_invlimittwo,episode_00012,turn_limit_loss,0.0
708,adventuregame,tagextractor_langchain_clp_chat,home_deliver_three_planning_easy_invlimittwo,episode_00012,turns_over_par,4.0
709,adventuregame,tagextractor_langchain_clp_chat,home_deliver_three_planning_easy_invlimittwo,episode_00012,turn_ratio,0.9047619047619048
710,adventuregame,tagextractor_langchain_clp_chat,home_deliver_three_planning_easy_invlimittwo,episode_00012,finish_speed,0.09523809523809523
711,adventuregame,tagextractor_langchain_clp_chat,home_deliver_three_planning_easy_invlimittwo,episode_00012,achieved_goal_ratio,1.0
712,adventuregame,tagextractor_langchain_clp_chat,home_deliver_three_planning_easy_invlimittwo,episode_00012,Aborted,0.0
713,adventuregame,tagextractor_langchain_clp_chat,home_deliver_three_planning_easy_invlimittwo,episode_00012,Success,1.0
714,adventuregame,tagextractor_langchain_clp_chat,home_deliver_three_planning_easy_invlimittwo,episode_00012,Lose,0.0
715,adventuregame,tagextractor_langchain_clp_chat,home_deliver_three_planning_easy_invlimittwo,episode_00012,Main Score,100.0
716,adventuregame,tagextractor_langchain_clp_chat,home_deliver_three_planning_easy_invlimittwo,episode_00012,plan_followed_ratio,0.5833333333333334
717,adventuregame,tagextractor_langchain_clp_chat,home_deliver_three_planning_easy_invlimittwo,episode_00012,plan_average_viability_ratio,0.6122685185185185
718,adventuregame,tagextractor_langchain_clp_chat,home_deliver_three_planning_easy_invlimittwo,episode_00012,bad_plan_follow_ratio,0.0
719,adventuregame,tagextractor_langchain_clp_chat,home_deliver_three_planning_easy_invlimittwo,episode_00012,bad_plan_dismiss_ratio,1.0
720,adventuregame,tagextractor_langchain_clp_chat,home_deliver_three_planning_hard,episode_00016,Violated Request Count,0.0
721,adventuregame,tagextractor_langchain_clp_chat,home_deliver_three_planning_hard,episode_00016,Parsed Request Count,50.0
722,adventuregame,tagextractor_langchain_clp_chat,home_deliver_three_planning_hard,episode_00016,Request Count,50.0
723,adventuregame,tagextractor_langchain_clp_chat,home_deliver_three_planning_hard,episode_00016,Request Success Ratio,1.0
724,adventuregame,tagextractor_langchain_clp_chat,home_deliver_three_planning_hard,episode_00016,hallucination_count,0.0
725,adventuregame,tagextractor_langchain_clp_chat,home_deliver_three_planning_hard,episode_00016,action_parsing_fail,24.0
726,adventuregame,tagextractor_langchain_clp_chat,home_deliver_three_planning_hard,episode_00016,action_resolution_fail,2.0
727,adventuregame,tagextractor_langchain_clp_chat,home_deliver_three_planning_hard,episode_00016,lark_exception,0.0
728,adventuregame,tagextractor_langchain_clp_chat,home_deliver_three_planning_hard,episode_00016,malformed_command,0.0
729,adventuregame,tagextractor_langchain_clp_chat,home_deliver_three_planning_hard,episode_00016,undefined_action_verb,10.0
730,adventuregame,tagextractor_langchain_clp_chat,home_deliver_three_planning_hard,episode_00016,undefined_action,0.0
731,adventuregame,tagextractor_langchain_clp_chat,home_deliver_three_planning_hard,episode_00016,undefined_repr_str,14.0
732,adventuregame,tagextractor_langchain_clp_chat,home_deliver_three_planning_hard,episode_00016,manipulating_room,0.0
733,adventuregame,tagextractor_langchain_clp_chat,home_deliver_three_planning_hard,episode_00016,undefined_argument_type,0.0
734,adventuregame,tagextractor_langchain_clp_chat,home_deliver_three_planning_hard,episode_00016,taking_from_inventory,0.0
735,adventuregame,tagextractor_langchain_clp_chat,home_deliver_three_planning_hard,episode_00016,other_room_argument,0.0
736,adventuregame,tagextractor_langchain_clp_chat,home_deliver_three_planning_hard,episode_00016,domain_trait_type_mismatch,0.0
737,adventuregame,tagextractor_langchain_clp_chat,home_deliver_three_planning_hard,episode_00016,domain_type_discrepancy,0.0
738,adventuregame,tagextractor_langchain_clp_chat,home_deliver_three_planning_hard,episode_00016,world_state_discrepancy,0.0
739,adventuregame,tagextractor_langchain_clp_chat,home_deliver_three_planning_hard,episode_00016,entity_not_accessible,0.0
740,adventuregame,tagextractor_langchain_clp_chat,home_deliver_three_planning_hard,episode_00016,entity_state_mismatch,0.0
741,adventuregame,tagextractor_langchain_clp_chat,home_deliver_three_planning_hard,episode_00016,entity_trait_mismatch,0.0
742,adventuregame,tagextractor_langchain_clp_chat,home_deliver_three_planning_hard,episode_00016,entity_already_inventory,0.0
743,adventuregame,tagextractor_langchain_clp_chat,home_deliver_three_planning_hard,episode_00016,going_to_current_room,0.0
744,adventuregame,tagextractor_langchain_clp_chat,home_deliver_three_planning_hard,episode_00016,no_exit_to,2.0
745,adventuregame,tagextractor_langchain_clp_chat,home_deliver_three_planning_hard,episode_00016,inventory_limit_exceeded,0.0
746,adventuregame,tagextractor_langchain_clp_chat,home_deliver_three_planning_hard,episode_00016,successful_actions,24.0
747,adventuregame,tagextractor_langchain_clp_chat,home_deliver_three_planning_hard,episode_00016,turn_limit_loss,1.0
748,adventuregame,tagextractor_langchain_clp_chat,home_deliver_three_planning_hard,episode_00016,turns_over_par,
749,adventuregame,tagextractor_langchain_clp_chat,home_deliver_three_planning_hard,episode_00016,turn_ratio,
750,adventuregame,tagextractor_langchain_clp_chat,home_deliver_three_planning_hard,episode_00016,finish_speed,
751,adventuregame,tagextractor_langchain_clp_chat,home_deliver_three_planning_hard,episode_00016,achieved_goal_ratio,0.3333333333333333
752,adventuregame,tagextractor_langchain_clp_chat,home_deliver_three_planning_hard,episode_00016,Aborted,1.0
753,adventuregame,tagextractor_langchain_clp_chat,home_deliver_three_planning_hard,episode_00016,Success,0.0
754,adventuregame,tagextractor_langchain_clp_chat,home_deliver_three_planning_hard,episode_00016,Lose,0.0
755,adventuregame,tagextractor_langchain_clp_chat,home_deliver_three_planning_hard,episode_00016,Main Score,
756,adventuregame,tagextractor_langchain_clp_chat,home_deliver_three_planning_hard,episode_00016,plan_followed_ratio,0.0
757,adventuregame,tagextractor_langchain_clp_chat,home_deliver_three_planning_hard,episode_00016,plan_average_viability_ratio,0.04285714285714286
758,adventuregame,tagextractor_langchain_clp_chat,home_deliver_three_planning_hard,episode_00016,bad_plan_follow_ratio,0.0
759,adventuregame,tagextractor_langchain_clp_chat,home_deliver_three_planning_hard,episode_00016,bad_plan_dismiss_ratio,1.0
760,adventuregame,tagextractor_langchain_clp_chat,home_deliver_three_planning_hard,episode_00017,Violated Request Count,0.0
761,adventuregame,tagextractor_langchain_clp_chat,home_deliver_three_planning_hard,episode_00017,Parsed Request Count,50.0
762,adventuregame,tagextractor_langchain_clp_chat,home_deliver_three_planning_hard,episode_00017,Request Count,50.0
763,adventuregame,tagextractor_langchain_clp_chat,home_deliver_three_planning_hard,episode_00017,Request Success Ratio,1.0
764,adventuregame,tagextractor_langchain_clp_chat,home_deliver_three_planning_hard,episode_00017,hallucination_count,0.0
765,adventuregame,tagextractor_langchain_clp_chat,home_deliver_three_planning_hard,episode_00017,action_parsing_fail,12.0
766,adventuregame,tagextractor_langchain_clp_chat,home_deliver_three_planning_hard,episode_00017,action_resolution_fail,1.0
767,adventuregame,tagextractor_langchain_clp_chat,home_deliver_three_planning_hard,episode_00017,lark_exception,0.0
768,adventuregame,tagextractor_langchain_clp_chat,home_deliver_three_planning_hard,episode_00017,malformed_command,0.0
769,adventuregame,tagextractor_langchain_clp_chat,home_deliver_three_planning_hard,episode_00017,undefined_action_verb,0.0
770,adventuregame,tagextractor_langchain_clp_chat,home_deliver_three_planning_hard,episode_00017,undefined_action,0.0
771,adventuregame,tagextractor_langchain_clp_chat,home_deliver_three_planning_hard,episode_00017,undefined_repr_str,0.0
772,adventuregame,tagextractor_langchain_clp_chat,home_deliver_three_planning_hard,episode_00017,manipulating_room,0.0
773,adventuregame,tagextractor_langchain_clp_chat,home_deliver_three_planning_hard,episode_00017,undefined_argument_type,0.0
774,adventuregame,tagextractor_langchain_clp_chat,home_deliver_three_planning_hard,episode_00017,taking_from_inventory,0.0
775,adventuregame,tagextractor_langchain_clp_chat,home_deliver_three_planning_hard,episode_00017,other_room_argument,12.0
776,adventuregame,tagextractor_langchain_clp_chat,home_deliver_three_planning_hard,episode_00017,domain_trait_type_mismatch,0.0
777,adventuregame,tagextractor_langchain_clp_chat,home_deliver_three_planning_hard,episode_00017,domain_type_discrepancy,0.0
778,adventuregame,tagextractor_langchain_clp_chat,home_deliver_three_planning_hard,episode_00017,world_state_discrepancy,0.0
779,adventuregame,tagextractor_langchain_clp_chat,home_deliver_three_planning_hard,episode_00017,entity_not_accessible,0.0
780,adventuregame,tagextractor_langchain_clp_chat,home_deliver_three_planning_hard,episode_00017,entity_state_mismatch,0.0
781,adventuregame,tagextractor_langchain_clp_chat,home_deliver_three_planning_hard,episode_00017,entity_trait_mismatch,0.0
782,adventuregame,tagextractor_langchain_clp_chat,home_deliver_three_planning_hard,episode_00017,entity_already_inventory,0.0
783,adventuregame,tagextractor_langchain_clp_chat,home_deliver_three_planning_hard,episode_00017,going_to_current_room,0.0
784,adventuregame,tagextractor_langchain_clp_chat,home_deliver_three_planning_hard,episode_00017,no_exit_to,1.0
785,adventuregame,tagextractor_langchain_clp_chat,home_deliver_three_planning_hard,episode_00017,inventory_limit_exceeded,0.0
786,adventuregame,tagextractor_langchain_clp_chat,home_deliver_three_planning_hard,episode_00017,successful_actions,37.0
787,adventuregame,tagextractor_langchain_clp_chat,home_deliver_three_planning_hard,episode_00017,turn_limit_loss,1.0
788,adventuregame,tagextractor_langchain_clp_chat,home_deliver_three_planning_hard,episode_00017,turns_over_par,
789,adventuregame,tagextractor_langchain_clp_chat,home_deliver_three_planning_hard,episode_00017,turn_ratio,
790,adventuregame,tagextractor_langchain_clp_chat,home_deliver_three_planning_hard,episode_00017,finish_speed,
791,adventuregame,tagextractor_langchain_clp_chat,home_deliver_three_planning_hard,episode_00017,achieved_goal_ratio,0.0
792,adventuregame,tagextractor_langchain_clp_chat,home_deliver_three_planning_hard,episode_00017,Aborted,1.0
793,adventuregame,tagextractor_langchain_clp_chat,home_deliver_three_planning_hard,episode_00017,Success,0.0
794,adventuregame,tagextractor_langchain_clp_chat,home_deliver_three_planning_hard,episode_00017,Lose,0.0
795,adventuregame,tagextractor_langchain_clp_chat,home_deliver_three_planning_hard,episode_00017,Main Score,
796,adventuregame,tagextractor_langchain_clp_chat,home_deliver_three_planning_hard,episode_00017,plan_followed_ratio,0.66
797,adventuregame,tagextractor_langchain_clp_chat,home_deliver_three_planning_hard,episode_00017,plan_average_viability_ratio,0.11952380952380953
798,adventuregame,tagextractor_langchain_clp_chat,home_deliver_three_planning_hard,episode_00017,bad_plan_follow_ratio,0.26
799,adventuregame,tagextractor_langchain_clp_chat,home_deliver_three_planning_hard,episode_00017,bad_plan_dismiss_ratio,0.74
800,adventuregame,tagextractor_langchain_clp_chat,home_deliver_three_planning_hard,episode_00018,Violated Request Count,0.0
801,adventuregame,tagextractor_langchain_clp_chat,home_deliver_three_planning_hard,episode_00018,Parsed Request Count,50.0
802,adventuregame,tagextractor_langchain_clp_chat,home_deliver_three_planning_hard,episode_00018,Request Count,50.0
803,adventuregame,tagextractor_langchain_clp_chat,home_deliver_three_planning_hard,episode_00018,Request Success Ratio,1.0
804,adventuregame,tagextractor_langchain_clp_chat,home_deliver_three_planning_hard,episode_00018,hallucination_count,0.0
805,adventuregame,tagextractor_langchain_clp_chat,home_deliver_three_planning_hard,episode_00018,action_parsing_fail,6.0
806,adventuregame,tagextractor_langchain_clp_chat,home_deliver_three_planning_hard,episode_00018,action_resolution_fail,11.0
807,adventuregame,tagextractor_langchain_clp_chat,home_deliver_three_planning_hard,episode_00018,lark_exception,0.0
808,adventuregame,tagextractor_langchain_clp_chat,home_deliver_three_planning_hard,episode_00018,malformed_command,0.0
809,adventuregame,tagextractor_langchain_clp_chat,home_deliver_three_planning_hard,episode_00018,undefined_action_verb,4.0
810,adventuregame,tagextractor_langchain_clp_chat,home_deliver_three_planning_hard,episode_00018,undefined_action,0.0
811,adventuregame,tagextractor_langchain_clp_chat,home_deliver_three_planning_hard,episode_00018,undefined_repr_str,2.0
812,adventuregame,tagextractor_langchain_clp_chat,home_deliver_three_planning_hard,episode_00018,manipulating_room,0.0
813,adventuregame,tagextractor_langchain_clp_chat,home_deliver_three_planning_hard,episode_00018,undefined_argument_type,0.0
814,adventuregame,tagextractor_langchain_clp_chat,home_deliver_three_planning_hard,episode_00018,taking_from_inventory,0.0
815,adventuregame,tagextractor_langchain_clp_chat,home_deliver_three_planning_hard,episode_00018,other_room_argument,0.0
816,adventuregame,tagextractor_langchain_clp_chat,home_deliver_three_planning_hard,episode_00018,domain_trait_type_mismatch,0.0
817,adventuregame,tagextractor_langchain_clp_chat,home_deliver_three_planning_hard,episode_00018,domain_type_discrepancy,0.0
818,adventuregame,tagextractor_langchain_clp_chat,home_deliver_three_planning_hard,episode_00018,world_state_discrepancy,0.0
819,adventuregame,tagextractor_langchain_clp_chat,home_deliver_three_planning_hard,episode_00018,entity_not_accessible,11.0
820,adventuregame,tagextractor_langchain_clp_chat,home_deliver_three_planning_hard,episode_00018,entity_state_mismatch,0.0
821,adventuregame,tagextractor_langchain_clp_chat,home_deliver_three_planning_hard,episode_00018,entity_trait_mismatch,0.0
822,adventuregame,tagextractor_langchain_clp_chat,home_deliver_three_planning_hard,episode_00018,entity_already_inventory,0.0
823,adventuregame,tagextractor_langchain_clp_chat,home_deliver_three_planning_hard,episode_00018,going_to_current_room,0.0
824,adventuregame,tagextractor_langchain_clp_chat,home_deliver_three_planning_hard,episode_00018,no_exit_to,0.0
825,adventuregame,tagextractor_langchain_clp_chat,home_deliver_three_planning_hard,episode_00018,inventory_limit_exceeded,0.0
826,adventuregame,tagextractor_langchain_clp_chat,home_deliver_three_planning_hard,episode_00018,successful_actions,33.0
827,adventuregame,tagextractor_langchain_clp_chat,home_deliver_three_planning_hard,episode_00018,turn_limit_loss,1.0
828,adventuregame,tagextractor_langchain_clp_chat,home_deliver_three_planning_hard,episode_00018,turns_over_par,
829,adventuregame,tagextractor_langchain_clp_chat,home_deliver_three_planning_hard,episode_00018,turn_ratio,
830,adventuregame,tagextractor_langchain_clp_chat,home_deliver_three_planning_hard,episode_00018,finish_speed,
831,adventuregame,tagextractor_langchain_clp_chat,home_deliver_three_planning_hard,episode_00018,achieved_goal_ratio,0.0
832,adventuregame,tagextractor_langchain_clp_chat,home_deliver_three_planning_hard,episode_00018,Aborted,1.0
833,adventuregame,tagextractor_langchain_clp_chat,home_deliver_three_planning_hard,episode_00018,Success,0.0
834,adventuregame,tagextractor_langchain_clp_chat,home_deliver_three_planning_hard,episode_00018,Lose,0.0
835,adventuregame,tagextractor_langchain_clp_chat,home_deliver_three_planning_hard,episode_00018,Main Score,
836,adventuregame,tagextractor_langchain_clp_chat,home_deliver_three_planning_hard,episode_00018,plan_followed_ratio,0.0
837,adventuregame,tagextractor_langchain_clp_chat,home_deliver_three_planning_hard,episode_00018,plan_average_viability_ratio,0.065
838,adventuregame,tagextractor_langchain_clp_chat,home_deliver_three_planning_hard,episode_00018,bad_plan_follow_ratio,0.0
839,adventuregame,tagextractor_langchain_clp_chat,home_deliver_three_planning_hard,episode_00018,bad_plan_dismiss_ratio,1.0
840,adventuregame,tagextractor_langchain_clp_chat,home_deliver_three_planning_hard_invlimittwo,episode_00022,Violated Request Count,0.0
841,adventuregame,tagextractor_langchain_clp_chat,home_deliver_three_planning_hard_invlimittwo,episode_00022,Parsed Request Count,50.0
842,adventuregame,tagextractor_langchain_clp_chat,home_deliver_three_planning_hard_invlimittwo,episode_00022,Request Count,50.0
843,adventuregame,tagextractor_langchain_clp_chat,home_deliver_three_planning_hard_invlimittwo,episode_00022,Request Success Ratio,1.0
844,adventuregame,tagextractor_langchain_clp_chat,home_deliver_three_planning_hard_invlimittwo,episode_00022,hallucination_count,0.0
845,adventuregame,tagextractor_langchain_clp_chat,home_deliver_three_planning_hard_invlimittwo,episode_00022,action_parsing_fail,1.0
846,adventuregame,tagextractor_langchain_clp_chat,home_deliver_three_planning_hard_invlimittwo,episode_00022,action_resolution_fail,18.0
847,adventuregame,tagextractor_langchain_clp_chat,home_deliver_three_planning_hard_invlimittwo,episode_00022,lark_exception,0.0
848,adventuregame,tagextractor_langchain_clp_chat,home_deliver_three_planning_hard_invlimittwo,episode_00022,malformed_command,0.0
849,adventuregame,tagextractor_langchain_clp_chat,home_deliver_three_planning_hard_invlimittwo,episode_00022,undefined_action_verb,1.0
850,adventuregame,tagextractor_langchain_clp_chat,home_deliver_three_planning_hard_invlimittwo,episode_00022,undefined_action,0.0
851,adventuregame,tagextractor_langchain_clp_chat,home_deliver_three_planning_hard_invlimittwo,episode_00022,undefined_repr_str,0.0
852,adventuregame,tagextractor_langchain_clp_chat,home_deliver_three_planning_hard_invlimittwo,episode_00022,manipulating_room,0.0
853,adventuregame,tagextractor_langchain_clp_chat,home_deliver_three_planning_hard_invlimittwo,episode_00022,undefined_argument_type,0.0
854,adventuregame,tagextractor_langchain_clp_chat,home_deliver_three_planning_hard_invlimittwo,episode_00022,taking_from_inventory,0.0
855,adventuregame,tagextractor_langchain_clp_chat,home_deliver_three_planning_hard_invlimittwo,episode_00022,other_room_argument,0.0
856,adventuregame,tagextractor_langchain_clp_chat,home_deliver_three_planning_hard_invlimittwo,episode_00022,domain_trait_type_mismatch,0.0
857,adventuregame,tagextractor_langchain_clp_chat,home_deliver_three_planning_hard_invlimittwo,episode_00022,domain_type_discrepancy,0.0
858,adventuregame,tagextractor_langchain_clp_chat,home_deliver_three_planning_hard_invlimittwo,episode_00022,world_state_discrepancy,0.0
859,adventuregame,tagextractor_langchain_clp_chat,home_deliver_three_planning_hard_invlimittwo,episode_00022,entity_not_accessible,11.0
860,adventuregame,tagextractor_langchain_clp_chat,home_deliver_three_planning_hard_invlimittwo,episode_00022,entity_state_mismatch,0.0
861,adventuregame,tagextractor_langchain_clp_chat,home_deliver_three_planning_hard_invlimittwo,episode_00022,entity_trait_mismatch,0.0
862,adventuregame,tagextractor_langchain_clp_chat,home_deliver_three_planning_hard_invlimittwo,episode_00022,entity_already_inventory,0.0
863,adventuregame,tagextractor_langchain_clp_chat,home_deliver_three_planning_hard_invlimittwo,episode_00022,going_to_current_room,0.0
864,adventuregame,tagextractor_langchain_clp_chat,home_deliver_three_planning_hard_invlimittwo,episode_00022,no_exit_to,6.0
865,adventuregame,tagextractor_langchain_clp_chat,home_deliver_three_planning_hard_invlimittwo,episode_00022,inventory_limit_exceeded,1.0
866,adventuregame,tagextractor_langchain_clp_chat,home_deliver_three_planning_hard_invlimittwo,episode_00022,successful_actions,31.0
867,adventuregame,tagextractor_langchain_clp_chat,home_deliver_three_planning_hard_invlimittwo,episode_00022,turn_limit_loss,1.0
868,adventuregame,tagextractor_langchain_clp_chat,home_deliver_three_planning_hard_invlimittwo,episode_00022,turns_over_par,
869,adventuregame,tagextractor_langchain_clp_chat,home_deliver_three_planning_hard_invlimittwo,episode_00022,turn_ratio,
870,adventuregame,tagextractor_langchain_clp_chat,home_deliver_three_planning_hard_invlimittwo,episode_00022,finish_speed,
871,adventuregame,tagextractor_langchain_clp_chat,home_deliver_three_planning_hard_invlimittwo,episode_00022,achieved_goal_ratio,0.3333333333333333
872,adventuregame,tagextractor_langchain_clp_chat,home_deliver_three_planning_hard_invlimittwo,episode_00022,Aborted,1.0
873,adventuregame,tagextractor_langchain_clp_chat,home_deliver_three_planning_hard_invlimittwo,episode_00022,Success,0.0
874,adventuregame,tagextractor_langchain_clp_chat,home_deliver_three_planning_hard_invlimittwo,episode_00022,Lose,0.0
875,adventuregame,tagextractor_langchain_clp_chat,home_deliver_three_planning_hard_invlimittwo,episode_00022,Main Score,
876,adventuregame,tagextractor_langchain_clp_chat,home_deliver_three_planning_hard_invlimittwo,episode_00022,plan_followed_ratio,0.42
877,adventuregame,tagextractor_langchain_clp_chat,home_deliver_three_planning_hard_invlimittwo,episode_00022,plan_average_viability_ratio,0.06566666666666666
878,adventuregame,tagextractor_langchain_clp_chat,home_deliver_three_planning_hard_invlimittwo,episode_00022,bad_plan_follow_ratio,0.22
879,adventuregame,tagextractor_langchain_clp_chat,home_deliver_three_planning_hard_invlimittwo,episode_00022,bad_plan_dismiss_ratio,0.78
880,adventuregame,tagextractor_langchain_clp_chat,home_deliver_three_planning_hard_invlimittwo,episode_00023,Violated Request Count,0.0
881,adventuregame,tagextractor_langchain_clp_chat,home_deliver_three_planning_hard_invlimittwo,episode_00023,Parsed Request Count,50.0
882,adventuregame,tagextractor_langchain_clp_chat,home_deliver_three_planning_hard_invlimittwo,episode_00023,Request Count,50.0
883,adventuregame,tagextractor_langchain_clp_chat,home_deliver_three_planning_hard_invlimittwo,episode_00023,Request Success Ratio,1.0
884,adventuregame,tagextractor_langchain_clp_chat,home_deliver_three_planning_hard_invlimittwo,episode_00023,hallucination_count,0.0
885,adventuregame,tagextractor_langchain_clp_chat,home_deliver_three_planning_hard_invlimittwo,episode_00023,action_parsing_fail,0.0
886,adventuregame,tagextractor_langchain_clp_chat,home_deliver_three_planning_hard_invlimittwo,episode_00023,action_resolution_fail,16.0
887,adventuregame,tagextractor_langchain_clp_chat,home_deliver_three_planning_hard_invlimittwo,episode_00023,lark_exception,0.0
888,adventuregame,tagextractor_langchain_clp_chat,home_deliver_three_planning_hard_invlimittwo,episode_00023,malformed_command,0.0
889,adventuregame,tagextractor_langchain_clp_chat,home_deliver_three_planning_hard_invlimittwo,episode_00023,undefined_action_verb,0.0
890,adventuregame,tagextractor_langchain_clp_chat,home_deliver_three_planning_hard_invlimittwo,episode_00023,undefined_action,0.0
891,adventuregame,tagextractor_langchain_clp_chat,home_deliver_three_planning_hard_invlimittwo,episode_00023,undefined_repr_str,0.0
892,adventuregame,tagextractor_langchain_clp_chat,home_deliver_three_planning_hard_invlimittwo,episode_00023,manipulating_room,0.0
893,adventuregame,tagextractor_langchain_clp_chat,home_deliver_three_planning_hard_invlimittwo,episode_00023,undefined_argument_type,0.0
894,adventuregame,tagextractor_langchain_clp_chat,home_deliver_three_planning_hard_invlimittwo,episode_00023,taking_from_inventory,0.0
895,adventuregame,tagextractor_langchain_clp_chat,home_deliver_three_planning_hard_invlimittwo,episode_00023,other_room_argument,0.0
896,adventuregame,tagextractor_langchain_clp_chat,home_deliver_three_planning_hard_invlimittwo,episode_00023,domain_trait_type_mismatch,0.0
897,adventuregame,tagextractor_langchain_clp_chat,home_deliver_three_planning_hard_invlimittwo,episode_00023,domain_type_discrepancy,0.0
898,adventuregame,tagextractor_langchain_clp_chat,home_deliver_three_planning_hard_invlimittwo,episode_00023,world_state_discrepancy,0.0
899,adventuregame,tagextractor_langchain_clp_chat,home_deliver_three_planning_hard_invlimittwo,episode_00023,entity_not_accessible,9.0
900,adventuregame,tagextractor_langchain_clp_chat,home_deliver_three_planning_hard_invlimittwo,episode_00023,entity_state_mismatch,0.0
901,adventuregame,tagextractor_langchain_clp_chat,home_deliver_three_planning_hard_invlimittwo,episode_00023,entity_trait_mismatch,0.0
902,adventuregame,tagextractor_langchain_clp_chat,home_deliver_three_planning_hard_invlimittwo,episode_00023,entity_already_inventory,0.0
903,adventuregame,tagextractor_langchain_clp_chat,home_deliver_three_planning_hard_invlimittwo,episode_00023,going_to_current_room,0.0
904,adventuregame,tagextractor_langchain_clp_chat,home_deliver_three_planning_hard_invlimittwo,episode_00023,no_exit_to,3.0
905,adventuregame,tagextractor_langchain_clp_chat,home_deliver_three_planning_hard_invlimittwo,episode_00023,inventory_limit_exceeded,4.0
906,adventuregame,tagextractor_langchain_clp_chat,home_deliver_three_planning_hard_invlimittwo,episode_00023,successful_actions,34.0
907,adventuregame,tagextractor_langchain_clp_chat,home_deliver_three_planning_hard_invlimittwo,episode_00023,turn_limit_loss,1.0
908,adventuregame,tagextractor_langchain_clp_chat,home_deliver_three_planning_hard_invlimittwo,episode_00023,turns_over_par,
909,adventuregame,tagextractor_langchain_clp_chat,home_deliver_three_planning_hard_invlimittwo,episode_00023,turn_ratio,
910,adventuregame,tagextractor_langchain_clp_chat,home_deliver_three_planning_hard_invlimittwo,episode_00023,finish_speed,
911,adventuregame,tagextractor_langchain_clp_chat,home_deliver_three_planning_hard_invlimittwo,episode_00023,achieved_goal_ratio,0.0
912,adventuregame,tagextractor_langchain_clp_chat,home_deliver_three_planning_hard_invlimittwo,episode_00023,Aborted,1.0
913,adventuregame,tagextractor_langchain_clp_chat,home_deliver_three_planning_hard_invlimittwo,episode_00023,Success,0.0
914,adventuregame,tagextractor_langchain_clp_chat,home_deliver_three_planning_hard_invlimittwo,episode_00023,Lose,0.0
915,adventuregame,tagextractor_langchain_clp_chat,home_deliver_three_planning_hard_invlimittwo,episode_00023,Main Score,
916,adventuregame,tagextractor_langchain_clp_chat,home_deliver_three_planning_hard_invlimittwo,episode_00023,plan_followed_ratio,0.76
917,adventuregame,tagextractor_langchain_clp_chat,home_deliver_three_planning_hard_invlimittwo,episode_00023,plan_average_viability_ratio,0.2804761904761904
918,adventuregame,tagextractor_langchain_clp_chat,home_deliver_three_planning_hard_invlimittwo,episode_00023,bad_plan_follow_ratio,0.22
919,adventuregame,tagextractor_langchain_clp_chat,home_deliver_three_planning_hard_invlimittwo,episode_00023,bad_plan_dismiss_ratio,0.78
920,adventuregame,tagextractor_langchain_clp_chat,home_deliver_three_planning_hard_invlimittwo,episode_00024,Violated Request Count,0.0
921,adventuregame,tagextractor_langchain_clp_chat,home_deliver_three_planning_hard_invlimittwo,episode_00024,Parsed Request Count,50.0
922,adventuregame,tagextractor_langchain_clp_chat,home_deliver_three_planning_hard_invlimittwo,episode_00024,Request Count,50.0
923,adventuregame,tagextractor_langchain_clp_chat,home_deliver_three_planning_hard_invlimittwo,episode_00024,Request Success Ratio,1.0
924,adventuregame,tagextractor_langchain_clp_chat,home_deliver_three_planning_hard_invlimittwo,episode_00024,hallucination_count,0.0
925,adventuregame,tagextractor_langchain_clp_chat,home_deliver_three_planning_hard_invlimittwo,episode_00024,action_parsing_fail,1.0
926,adventuregame,tagextractor_langchain_clp_chat,home_deliver_three_planning_hard_invlimittwo,episode_00024,action_resolution_fail,14.0
927,adventuregame,tagextractor_langchain_clp_chat,home_deliver_three_planning_hard_invlimittwo,episode_00024,lark_exception,0.0
928,adventuregame,tagextractor_langchain_clp_chat,home_deliver_three_planning_hard_invlimittwo,episode_00024,malformed_command,0.0
929,adventuregame,tagextractor_langchain_clp_chat,home_deliver_three_planning_hard_invlimittwo,episode_00024,undefined_action_verb,1.0
930,adventuregame,tagextractor_langchain_clp_chat,home_deliver_three_planning_hard_invlimittwo,episode_00024,undefined_action,0.0
931,adventuregame,tagextractor_langchain_clp_chat,home_deliver_three_planning_hard_invlimittwo,episode_00024,undefined_repr_str,0.0
932,adventuregame,tagextractor_langchain_clp_chat,home_deliver_three_planning_hard_invlimittwo,episode_00024,manipulating_room,0.0
933,adventuregame,tagextractor_langchain_clp_chat,home_deliver_three_planning_hard_invlimittwo,episode_00024,undefined_argument_type,0.0
934,adventuregame,tagextractor_langchain_clp_chat,home_deliver_three_planning_hard_invlimittwo,episode_00024,taking_from_inventory,0.0
935,adventuregame,tagextractor_langchain_clp_chat,home_deliver_three_planning_hard_invlimittwo,episode_00024,other_room_argument,0.0
936,adventuregame,tagextractor_langchain_clp_chat,home_deliver_three_planning_hard_invlimittwo,episode_00024,domain_trait_type_mismatch,0.0
937,adventuregame,tagextractor_langchain_clp_chat,home_deliver_three_planning_hard_invlimittwo,episode_00024,domain_type_discrepancy,0.0
938,adventuregame,tagextractor_langchain_clp_chat,home_deliver_three_planning_hard_invlimittwo,episode_00024,world_state_discrepancy,0.0
939,adventuregame,tagextractor_langchain_clp_chat,home_deliver_three_planning_hard_invlimittwo,episode_00024,entity_not_accessible,7.0
940,adventuregame,tagextractor_langchain_clp_chat,home_deliver_three_planning_hard_invlimittwo,episode_00024,entity_state_mismatch,0.0
941,adventuregame,tagextractor_langchain_clp_chat,home_deliver_three_planning_hard_invlimittwo,episode_00024,entity_trait_mismatch,0.0
942,adventuregame,tagextractor_langchain_clp_chat,home_deliver_three_planning_hard_invlimittwo,episode_00024,entity_already_inventory,7.0
943,adventuregame,tagextractor_langchain_clp_chat,home_deliver_three_planning_hard_invlimittwo,episode_00024,going_to_current_room,0.0
944,adventuregame,tagextractor_langchain_clp_chat,home_deliver_three_planning_hard_invlimittwo,episode_00024,no_exit_to,0.0
945,adventuregame,tagextractor_langchain_clp_chat,home_deliver_three_planning_hard_invlimittwo,episode_00024,inventory_limit_exceeded,0.0
946,adventuregame,tagextractor_langchain_clp_chat,home_deliver_three_planning_hard_invlimittwo,episode_00024,successful_actions,35.0
947,adventuregame,tagextractor_langchain_clp_chat,home_deliver_three_planning_hard_invlimittwo,episode_00024,turn_limit_loss,1.0
948,adventuregame,tagextractor_langchain_clp_chat,home_deliver_three_planning_hard_invlimittwo,episode_00024,turns_over_par,
949,adventuregame,tagextractor_langchain_clp_chat,home_deliver_three_planning_hard_invlimittwo,episode_00024,turn_ratio,
950,adventuregame,tagextractor_langchain_clp_chat,home_deliver_three_planning_hard_invlimittwo,episode_00024,finish_speed,
951,adventuregame,tagextractor_langchain_clp_chat,home_deliver_three_planning_hard_invlimittwo,episode_00024,achieved_goal_ratio,0.0
952,adventuregame,tagextractor_langchain_clp_chat,home_deliver_three_planning_hard_invlimittwo,episode_00024,Aborted,1.0
953,adventuregame,tagextractor_langchain_clp_chat,home_deliver_three_planning_hard_invlimittwo,episode_00024,Success,0.0
954,adventuregame,tagextractor_langchain_clp_chat,home_deliver_three_planning_hard_invlimittwo,episode_00024,Lose,0.0
955,adventuregame,tagextractor_langchain_clp_chat,home_deliver_three_planning_hard_invlimittwo,episode_00024,Main Score,
956,adventuregame,tagextractor_langchain_clp_chat,home_deliver_three_planning_hard_invlimittwo,episode_00024,plan_followed_ratio,0.5
957,adventuregame,tagextractor_langchain_clp_chat,home_deliver_three_planning_hard_invlimittwo,episode_00024,plan_average_viability_ratio,0.08988095238095237
958,adventuregame,tagextractor_langchain_clp_chat,home_deliver_three_planning_hard_invlimittwo,episode_00024,bad_plan_follow_ratio,0.16
959,adventuregame,tagextractor_langchain_clp_chat,home_deliver_three_planning_hard_invlimittwo,episode_00024,bad_plan_dismiss_ratio,0.84
960,clean_up,tagextractor_langchain_clp_chat,0_easy_3obj_en,episode_00001,Request Count,13.0
961,clean_up,tagextractor_langchain_clp_chat,0_easy_3obj_en,episode_00001,Parsed Request Count,12.0
962,clean_up,tagextractor_langchain_clp_chat,0_easy_3obj_en,episode_00001,Violated Request Count,1.0
963,clean_up,tagextractor_langchain_clp_chat,0_easy_3obj_en,episode_00001,Request Success Ratio,0.9230769230769231
964,clean_up,tagextractor_langchain_clp_chat,0_easy_3obj_en,episode_00001,Aborted,0.0
965,clean_up,tagextractor_langchain_clp_chat,0_easy_3obj_en,episode_00001,Lose,0.0
966,clean_up,tagextractor_langchain_clp_chat,0_easy_3obj_en,episode_00001,Success,1.0
967,clean_up,tagextractor_langchain_clp_chat,0_easy_3obj_en,episode_00001,Distance Score,1.0
968,clean_up,tagextractor_langchain_clp_chat,0_easy_3obj_en,episode_00001,Consistency Score,1.0
969,clean_up,tagextractor_langchain_clp_chat,0_easy_3obj_en,episode_00001,Coverage Score,1.0
970,clean_up,tagextractor_langchain_clp_chat,0_easy_3obj_en,episode_00001,Penalty Score,0.9666666666666667
971,clean_up,tagextractor_langchain_clp_chat,0_easy_3obj_en,episode_00001,Moves,"[['Player 1', 'C'], ['Player 2', 'C'], ['Player 1', 'L'], ['Player 2', 'L'], ['Player 1', 'P'], ['Player 2', 'P']]"
972,clean_up,tagextractor_langchain_clp_chat,0_easy_3obj_en,episode_00001,Init States,"{'state_1': [{'id': 'C', 'coord': [1, 1]}, {'id': 'L', 'coord': [4, 3]}, {'id': 'P', 'coord': [1, 5]}], 'state_2': [{'id': 'C', 'coord': [4, 1]}, {'id': 'L', 'coord': [1, 1]}, {'id': 'P', 'coord': [6, 7]}]}"
973,clean_up,tagextractor_langchain_clp_chat,0_easy_3obj_en,episode_00001,End States,"{'state_1': [{'id': 'C', 'coord': [4, 4]}, {'id': 'L', 'coord': [4, 5]}, {'id': 'P', 'coord': [4, 6]}], 'state_2': [{'id': 'C', 'coord': [4, 4]}, {'id': 'L', 'coord': [4, 5]}, {'id': 'P', 'coord': [4, 6]}]}"
974,clean_up,tagextractor_langchain_clp_chat,0_easy_3obj_en,episode_00001,Shifts,2
975,clean_up,tagextractor_langchain_clp_chat,0_easy_3obj_en,episode_00001,Max Shifts,4
976,clean_up,tagextractor_langchain_clp_chat,0_easy_3obj_en,episode_00001,Min Shifts,2
977,clean_up,tagextractor_langchain_clp_chat,0_easy_3obj_en,episode_00001,End Distance Sum,0.0
978,clean_up,tagextractor_langchain_clp_chat,0_easy_3obj_en,episode_00001,Init Distance Sum,11.990716082598492
979,clean_up,tagextractor_langchain_clp_chat,0_easy_3obj_en,episode_00001,Expected Distance Sum,12.570787221094177
980,clean_up,tagextractor_langchain_clp_chat,0_easy_3obj_en,episode_00001,Penalties,1
981,clean_up,tagextractor_langchain_clp_chat,0_easy_3obj_en,episode_00001,Max Penalties,8
982,clean_up,tagextractor_langchain_clp_chat,0_easy_3obj_en,episode_00001,Rounds,6
983,clean_up,tagextractor_langchain_clp_chat,0_easy_3obj_en,episode_00001,Max Rounds,12
984,clean_up,tagextractor_langchain_clp_chat,0_easy_3obj_en,episode_00001,Object Count,3
985,clean_up,tagextractor_langchain_clp_chat,0_easy_3obj_en,episode_00001,Valid Moves,6
986,clean_up,tagextractor_langchain_clp_chat,0_easy_3obj_en,episode_00001,Invalid Moves,0
987,clean_up,tagextractor_langchain_clp_chat,0_easy_3obj_en,episode_00001,Parse Errors,1
988,clean_up,tagextractor_langchain_clp_chat,0_easy_3obj_en,episode_00001,Main Score,96.66666666666667
989,clean_up,tagextractor_langchain_clp_chat,0_easy_3obj_en,episode_00002,Request Count,14
990,clean_up,tagextractor_langchain_clp_chat,0_easy_3obj_en,episode_00002,Parsed Request Count,13
991,clean_up,tagextractor_langchain_clp_chat,0_easy_3obj_en,episode_00002,Violated Request Count,1
992,clean_up,tagextractor_langchain_clp_chat,0_easy_3obj_en,episode_00002,Request Success Ratio,0.9285714285714286
993,clean_up,tagextractor_langchain_clp_chat,0_easy_3obj_en,episode_00002,Aborted,0
994,clean_up,tagextractor_langchain_clp_chat,0_easy_3obj_en,episode_00002,Lose,0
995,clean_up,tagextractor_langchain_clp_chat,0_easy_3obj_en,episode_00002,Success,1
996,clean_up,tagextractor_langchain_clp_chat,0_easy_3obj_en,episode_00002,Distance Score,0.6801063453347139
997,clean_up,tagextractor_langchain_clp_chat,0_easy_3obj_en,episode_00002,Consistency Score,1.0
998,clean_up,tagextractor_langchain_clp_chat,0_easy_3obj_en,episode_00002,Coverage Score,1.0
999,clean_up,tagextractor_langchain_clp_chat,0_easy_3obj_en,episode_00002,Penalty Score,0.8333333333333334
1000,clean_up,tagextractor_langchain_clp_chat,0_easy_3obj_en,episode_00002,Moves,"[['Player 1', 'C'], ['Player 2', 'C'], ['Player 1', 'L'], ['Player 2', 'L'], ['Player 1', 'P'], ['Player 2', 'P']]"
1001,clean_up,tagextractor_langchain_clp_chat,0_easy_3obj_en,episode_00002,Init States,"{'state_1': [{'id': 'C', 'coord': [6, 7]}, {'id': 'L', 'coord': [3, 4]}, {'id': 'P', 'coord': [3, 3]}], 'state_2': [{'id': 'C', 'coord': [3, 4]}, {'id': 'L', 'coord': [4, 4]}, {'id': 'P', 'coord': [5, 4]}]}"
1002,clean_up,tagextractor_langchain_clp_chat,0_easy_3obj_en,episode_00002,End States,"{'state_1': [{'id': 'C', 'coord': [4, 4]}, {'id': 'L', 'coord': [4, 5]}, {'id': 'P', 'coord': [5, 4]}], 'state_2': [{'id': 'C', 'coord': [4, 5]}, {'id': 'L', 'coord': [3, 5]}, {'id': 'P', 'coord': [5, 5]}]}"
1003,clean_up,tagextractor_langchain_clp_chat,0_easy_3obj_en,episode_00002,Shifts,2
1004,clean_up,tagextractor_langchain_clp_chat,0_easy_3obj_en,episode_00002,Max Shifts,4
1005,clean_up,tagextractor_langchain_clp_chat,0_easy_3obj_en,episode_00002,Min Shifts,2
1006,clean_up,tagextractor_langchain_clp_chat,0_easy_3obj_en,episode_00002,End Distance Sum,3.0
1007,clean_up,tagextractor_langchain_clp_chat,0_easy_3obj_en,episode_00002,Init Distance Sum,7.478708664619075
1008,clean_up,tagextractor_langchain_clp_chat,0_easy_3obj_en,episode_00002,Expected Distance Sum,12.570787221094177
1009,clean_up,tagextractor_langchain_clp_chat,0_easy_3obj_en,episode_00002,Penalties,4
1010,clean_up,tagextractor_langchain_clp_chat,0_easy_3obj_en,episode_00002,Max Penalties,8
1011,clean_up,tagextractor_langchain_clp_chat,0_easy_3obj_en,episode_00002,Rounds,5
1012,clean_up,tagextractor_langchain_clp_chat,0_easy_3obj_en,episode_00002,Max Rounds,12
1013,clean_up,tagextractor_langchain_clp_chat,0_easy_3obj_en,episode_00002,Object Count,3
1014,clean_up,tagextractor_langchain_clp_chat,0_easy_3obj_en,episode_00002,Valid Moves,6
1015,clean_up,tagextractor_langchain_clp_chat,0_easy_3obj_en,episode_00002,Invalid Moves,3
1016,clean_up,tagextractor_langchain_clp_chat,0_easy_3obj_en,episode_00002,Parse Errors,1
1017,clean_up,tagextractor_langchain_clp_chat,0_easy_3obj_en,episode_00002,Main Score,56.67552877789282
1018,clean_up,tagextractor_langchain_clp_chat,0_easy_5obj_en,episode_00003,Request Count,42
1019,clean_up,tagextractor_langchain_clp_chat,0_easy_5obj_en,episode_00003,Parsed Request Count,40
1020,clean_up,tagextractor_langchain_clp_chat,0_easy_5obj_en,episode_00003,Violated Request Count,2
1021,clean_up,tagextractor_langchain_clp_chat,0_easy_5obj_en,episode_00003,Request Success Ratio,0.9523809523809523
1022,clean_up,tagextractor_langchain_clp_chat,0_easy_5obj_en,episode_00003,Aborted,0
1023,clean_up,tagextractor_langchain_clp_chat,0_easy_5obj_en,episode_00003,Lose,0
1024,clean_up,tagextractor_langchain_clp_chat,0_easy_5obj_en,episode_00003,Success,1
1025,clean_up,tagextractor_langchain_clp_chat,0_easy_5obj_en,episode_00003,Distance Score,0.8107789115912709
1026,clean_up,tagextractor_langchain_clp_chat,0_easy_5obj_en,episode_00003,Consistency Score,0.6
1027,clean_up,tagextractor_langchain_clp_chat,0_easy_5obj_en,episode_00003,Coverage Score,0.6944444444444445
1028,clean_up,tagextractor_langchain_clp_chat,0_easy_5obj_en,episode_00003,Penalty Score,0.9545454545454545
1029,clean_up,tagextractor_langchain_clp_chat,0_easy_5obj_en,episode_00003,Moves,"[['Player 2', 'I'], ['Player 1', 'T'], ['Player 2', 'T'], ['Player 1', 'W'], ['Player 2', 'C'], ['Player 1', 'I'], ['Player 2', 'H'], ['Player 1', 'C']]"
1030,clean_up,tagextractor_langchain_clp_chat,0_easy_5obj_en,episode_00003,Init States,"{'state_1': [{'id': 'W', 'coord': [2, 5]}, {'id': 'I', 'coord': [3, 7]}, {'id': 'T', 'coord': [6, 7]}, {'id': 'C', 'coord': [7, 2]}, {'id': 'H', 'coord': [5, 4]}], 'state_2': [{'id': 'W', 'coord': [2, 6]}, {'id': 'I', 'coord': [4, 3]}, {'id': 'T', 'coord': [4, 1]}, {'id': 'C', 'coord': [7, 3]}, {'id': 'H', 'coord': [5, 6]}]}"
1031,clean_up,tagextractor_langchain_clp_chat,0_easy_5obj_en,episode_00003,End States,"{'state_1': [{'id': 'W', 'coord': [4, 5]}, {'id': 'I', 'coord': [4, 4]}, {'id': 'T', 'coord': [4, 6]}, {'id': 'C', 'coord': [3, 5]}, {'id': 'H', 'coord': [5, 4]}], 'state_2': [{'id': 'W', 'coord': [2, 6]}, {'id': 'I', 'coord': [4, 4]}, {'id': 'T', 'coord': [4, 6]}, {'id': 'C', 'coord': [3, 5]}, {'id': 'H', 'coord': [5, 5]}]}"
1032,clean_up,tagextractor_langchain_clp_chat,0_easy_5obj_en,episode_00003,Shifts,6
1033,clean_up,tagextractor_langchain_clp_chat,0_easy_5obj_en,episode_00003,Max Shifts,8
1034,clean_up,tagextractor_langchain_clp_chat,0_easy_5obj_en,episode_00003,Min Shifts,4
1035,clean_up,tagextractor_langchain_clp_chat,0_easy_5obj_en,episode_00003,End Distance Sum,3.23606797749979
1036,clean_up,tagextractor_langchain_clp_chat,0_easy_5obj_en,episode_00003,Init Distance Sum,14.44766094595442
1037,clean_up,tagextractor_langchain_clp_chat,0_easy_5obj_en,episode_00003,Expected Distance Sum,20.95131203515696
1038,clean_up,tagextractor_langchain_clp_chat,0_easy_5obj_en,episode_00003,Penalties,2
1039,clean_up,tagextractor_langchain_clp_chat,0_easy_5obj_en,episode_00003,Max Penalties,12
1040,clean_up,tagextractor_langchain_clp_chat,0_easy_5obj_en,episode_00003,Rounds,20
1041,clean_up,tagextractor_langchain_clp_chat,0_easy_5obj_en,episode_00003,Max Rounds,20
1042,clean_up,tagextractor_langchain_clp_chat,0_easy_5obj_en,episode_00003,Object Count,5
1043,clean_up,tagextractor_langchain_clp_chat,0_easy_5obj_en,episode_00003,Valid Moves,8
1044,clean_up,tagextractor_langchain_clp_chat,0_easy_5obj_en,episode_00003,Invalid Moves,0
1045,clean_up,tagextractor_langchain_clp_chat,0_easy_5obj_en,episode_00003,Parse Errors,2
1046,clean_up,tagextractor_langchain_clp_chat,0_easy_5obj_en,episode_00003,Main Score,77.39253247007586
1047,clean_up,tagextractor_langchain_clp_chat,0_easy_5obj_en,episode_00004,Request Count,28
1048,clean_up,tagextractor_langchain_clp_chat,0_easy_5obj_en,episode_00004,Parsed Request Count,27
1049,clean_up,tagextractor_langchain_clp_chat,0_easy_5obj_en,episode_00004,Violated Request Count,1
1050,clean_up,tagextractor_langchain_clp_chat,0_easy_5obj_en,episode_00004,Request Success Ratio,0.9642857142857143
1051,clean_up,tagextractor_langchain_clp_chat,0_easy_5obj_en,episode_00004,Aborted,1
1052,clean_up,tagextractor_langchain_clp_chat,0_easy_5obj_en,episode_00004,Lose,1
1053,clean_up,tagextractor_langchain_clp_chat,0_easy_5obj_en,episode_00004,Success,0
1054,clean_up,tagextractor_langchain_clp_chat,0_easy_5obj_en,episode_00004,Distance Score,0.29306072911795183
1055,clean_up,tagextractor_langchain_clp_chat,0_easy_5obj_en,episode_00004,Consistency Score,0.8
1056,clean_up,tagextractor_langchain_clp_chat,0_easy_5obj_en,episode_00004,Coverage Score,0.2777777777777778
1057,clean_up,tagextractor_langchain_clp_chat,0_easy_5obj_en,episode_00004,Penalty Score,0.40909090909090917
1058,clean_up,tagextractor_langchain_clp_chat,0_easy_5obj_en,episode_00004,Moves,"[['Player 2', 'C'], ['Player 1', 'C'], ['Player 2', 'C'], ['Player 1', 'T'], ['Player 2', 'C'], ['Player 1', 'I'], ['Player 2', 'C'], ['Player 1', 'H']]"
1059,clean_up,tagextractor_langchain_clp_chat,0_easy_5obj_en,episode_00004,Init States,"{'state_1': [{'id': 'W', 'coord': [1, 7]}, {'id': 'I', 'coord': [5, 5]}, {'id': 'T', 'coord': [2, 2]}, {'id': 'C', 'coord': [5, 4]}, {'id': 'H', 'coord': [5, 1]}], 'state_2': [{'id': 'W', 'coord': [7, 7]}, {'id': 'I', 'coord': [6, 5]}, {'id': 'T', 'coord': [4, 5]}, {'id': 'C', 'coord': [4, 2]}, {'id': 'H', 'coord': [4, 4]}]}"
1060,clean_up,tagextractor_langchain_clp_chat,0_easy_5obj_en,episode_00004,End States,"{'state_1': [{'id': 'W', 'coord': [1, 7]}, {'id': 'I', 'coord': [5, 4]}, {'id': 'T', 'coord': [3, 4]}, {'id': 'C', 'coord': [4, 4]}, {'id': 'H', 'coord': [1, 4]}], 'state_2': [{'id': 'W', 'coord': [7, 7]}, {'id': 'I', 'coord': [6, 5]}, {'id': 'T', 'coord': [4, 5]}, {'id': 'C', 'coord': [5, 4]}, {'id': 'H', 'coord': [4, 4]}]}"
1061,clean_up,tagextractor_langchain_clp_chat,0_easy_5obj_en,episode_00004,Shifts,5
1062,clean_up,tagextractor_langchain_clp_chat,0_easy_5obj_en,episode_00004,Max Shifts,8
1063,clean_up,tagextractor_langchain_clp_chat,0_easy_5obj_en,episode_00004,Min Shifts,4
1064,clean_up,tagextractor_langchain_clp_chat,0_easy_5obj_en,episode_00004,End Distance Sum,12.82842712474619
1065,clean_up,tagextractor_langchain_clp_chat,0_easy_5obj_en,episode_00004,Init Distance Sum,16.00389691313216
1066,clean_up,tagextractor_langchain_clp_chat,0_easy_5obj_en,episode_00004,Expected Distance Sum,20.95131203515696
1067,clean_up,tagextractor_langchain_clp_chat,0_easy_5obj_en,episode_00004,Penalties,13
1068,clean_up,tagextractor_langchain_clp_chat,0_easy_5obj_en,episode_00004,Max Penalties,12
1069,clean_up,tagextractor_langchain_clp_chat,0_easy_5obj_en,episode_00004,Rounds,7
1070,clean_up,tagextractor_langchain_clp_chat,0_easy_5obj_en,episode_00004,Max Rounds,20
1071,clean_up,tagextractor_langchain_clp_chat,0_easy_5obj_en,episode_00004,Object Count,5
1072,clean_up,tagextractor_langchain_clp_chat,0_easy_5obj_en,episode_00004,Valid Moves,8
1073,clean_up,tagextractor_langchain_clp_chat,0_easy_5obj_en,episode_00004,Invalid Moves,12
1074,clean_up,tagextractor_langchain_clp_chat,0_easy_5obj_en,episode_00004,Parse Errors,1
1075,clean_up,tagextractor_langchain_clp_chat,0_easy_5obj_en,episode_00004,Main Score,
1076,clean_up,tagextractor_langchain_clp_chat,0_easy_7obj_en,episode_00005,Request Count,38
1077,clean_up,tagextractor_langchain_clp_chat,0_easy_7obj_en,episode_00005,Parsed Request Count,37
1078,clean_up,tagextractor_langchain_clp_chat,0_easy_7obj_en,episode_00005,Violated Request Count,1
1079,clean_up,tagextractor_langchain_clp_chat,0_easy_7obj_en,episode_00005,Request Success Ratio,0.9736842105263158
1080,clean_up,tagextractor_langchain_clp_chat,0_easy_7obj_en,episode_00005,Aborted,1
1081,clean_up,tagextractor_langchain_clp_chat,0_easy_7obj_en,episode_00005,Lose,1
1082,clean_up,tagextractor_langchain_clp_chat,0_easy_7obj_en,episode_00005,Success,0
1083,clean_up,tagextractor_langchain_clp_chat,0_easy_7obj_en,episode_00005,Distance Score,0.453581475116076
1084,clean_up,tagextractor_langchain_clp_chat,0_easy_7obj_en,episode_00005,Consistency Score,0.2857142857142857
1085,clean_up,tagextractor_langchain_clp_chat,0_easy_7obj_en,episode_00005,Coverage Score,0.46875
1086,clean_up,tagextractor_langchain_clp_chat,0_easy_7obj_en,episode_00005,Penalty Score,0.43333333333333335
1087,clean_up,tagextractor_langchain_clp_chat,0_easy_7obj_en,episode_00005,Moves,"[['Player 2', 'T'], ['Player 1', 'T'], ['Player 2', 'D'], ['Player 1', 'D'], ['Player 2', 'D'], ['Player 1', 'D'], ['Player 2', 'A'], ['Player 1', 'D'], ['Player 2', 'A'], ['Player 1', 'A'], ['Player 2', 'S'], ['Player 1', 'A'], ['Player 2', 'S'], ['Player 1', 'M'], ['Player 2', 'S'], ['Player 1', 'M'], ['Player 2', 'S'], ['Player 1', 'S']]"
1088,clean_up,tagextractor_langchain_clp_chat,0_easy_7obj_en,episode_00005,Init States,"{'state_1': [{'id': 'P', 'coord': [6, 7]}, {'id': 'O', 'coord': [7, 6]}, {'id': 'T', 'coord': [2, 1]}, {'id': 'S', 'coord': [4, 6]}, {'id': 'D', 'coord': [7, 2]}, {'id': 'A', 'coord': [5, 4]}, {'id': 'M', 'coord': [3, 6]}], 'state_2': [{'id': 'P', 'coord': [7, 3]}, {'id': 'O', 'coord': [7, 5]}, {'id': 'T', 'coord': [1, 5]}, {'id': 'S', 'coord': [3, 5]}, {'id': 'D', 'coord': [4, 1]}, {'id': 'A', 'coord': [5, 6]}, {'id': 'M', 'coord': [6, 7]}]}"
1089,clean_up,tagextractor_langchain_clp_chat,0_easy_7obj_en,episode_00005,End States,"{'state_1': [{'id': 'P', 'coord': [6, 7]}, {'id': 'O', 'coord': [7, 6]}, {'id': 'T', 'coord': [4, 4]}, {'id': 'S', 'coord': [4, 5]}, {'id': 'D', 'coord': [3, 7]}, {'id': 'A', 'coord': [5, 5]}, {'id': 'M', 'coord': [5, 7]}], 'state_2': [{'id': 'P', 'coord': [7, 3]}, {'id': 'O', 'coord': [7, 5]}, {'id': 'T', 'coord': [4, 4]}, {'id': 'S', 'coord': [4, 3]}, {'id': 'D', 'coord': [4, 5]}, {'id': 'A', 'coord': [4, 7]}, {'id': 'M', 'coord': [6, 7]}]}"
1090,clean_up,tagextractor_langchain_clp_chat,0_easy_7obj_en,episode_00005,Shifts,11
1091,clean_up,tagextractor_langchain_clp_chat,0_easy_7obj_en,episode_00005,Max Shifts,12
1092,clean_up,tagextractor_langchain_clp_chat,0_easy_7obj_en,episode_00005,Min Shifts,6
1093,clean_up,tagextractor_langchain_clp_chat,0_easy_7obj_en,episode_00005,End Distance Sum,12.595241580617241
1094,clean_up,tagextractor_langchain_clp_chat,0_easy_7obj_en,episode_00005,Init Distance Sum,18.984980133945175
1095,clean_up,tagextractor_langchain_clp_chat,0_easy_7obj_en,episode_00005,Expected Distance Sum,29.331836849219748
1096,clean_up,tagextractor_langchain_clp_chat,0_easy_7obj_en,episode_00005,Penalties,17
1097,clean_up,tagextractor_langchain_clp_chat,0_easy_7obj_en,episode_00005,Max Penalties,16
1098,clean_up,tagextractor_langchain_clp_chat,0_easy_7obj_en,episode_00005,Rounds,10
1099,clean_up,tagextractor_langchain_clp_chat,0_easy_7obj_en,episode_00005,Max Rounds,28
1100,clean_up,tagextractor_langchain_clp_chat,0_easy_7obj_en,episode_00005,Object Count,7
1101,clean_up,tagextractor_langchain_clp_chat,0_easy_7obj_en,episode_00005,Valid Moves,18
1102,clean_up,tagextractor_langchain_clp_chat,0_easy_7obj_en,episode_00005,Invalid Moves,16
1103,clean_up,tagextractor_langchain_clp_chat,0_easy_7obj_en,episode_00005,Parse Errors,1
1104,clean_up,tagextractor_langchain_clp_chat,0_easy_7obj_en,episode_00005,Main Score,
1105,clean_up,tagextractor_langchain_clp_chat,0_easy_7obj_en,episode_00006,Request Count,30
1106,clean_up,tagextractor_langchain_clp_chat,0_easy_7obj_en,episode_00006,Parsed Request Count,29
1107,clean_up,tagextractor_langchain_clp_chat,0_easy_7obj_en,episode_00006,Violated Request Count,1
1108,clean_up,tagextractor_langchain_clp_chat,0_easy_7obj_en,episode_00006,Request Success Ratio,0.9666666666666667
1109,clean_up,tagextractor_langchain_clp_chat,0_easy_7obj_en,episode_00006,Aborted,0
1110,clean_up,tagextractor_langchain_clp_chat,0_easy_7obj_en,episode_00006,Lose,0
1111,clean_up,tagextractor_langchain_clp_chat,0_easy_7obj_en,episode_00006,Success,1
1112,clean_up,tagextractor_langchain_clp_chat,0_easy_7obj_en,episode_00006,Distance Score,0.7645485426027716
1113,clean_up,tagextractor_langchain_clp_chat,0_easy_7obj_en,episode_00006,Consistency Score,0.7142857142857143
1114,clean_up,tagextractor_langchain_clp_chat,0_easy_7obj_en,episode_00006,Coverage Score,0.5625
1115,clean_up,tagextractor_langchain_clp_chat,0_easy_7obj_en,episode_00006,Penalty Score,0.6111111111111112
1116,clean_up,tagextractor_langchain_clp_chat,0_easy_7obj_en,episode_00006,Moves,"[['Player 1', 'M'], ['Player 2', 'T'], ['Player 1', 'S'], ['Player 2', 'M'], ['Player 1', 'T'], ['Player 2', 'A'], ['Player 1', 'O'], ['Player 2', 'O'], ['Player 1', 'D'], ['Player 2', 'P']]"
1117,clean_up,tagextractor_langchain_clp_chat,0_easy_7obj_en,episode_00006,Init States,"{'state_1': [{'id': 'P', 'coord': [3, 1]}, {'id': 'O', 'coord': [6, 5]}, {'id': 'T', 'coord': [6, 3]}, {'id': 'S', 'coord': [5, 2]}, {'id': 'D', 'coord': [5, 7]}, {'id': 'A', 'coord': [1, 1]}, {'id': 'M', 'coord': [4, 2]}], 'state_2': [{'id': 'P', 'coord': [4, 7]}, {'id': 'O', 'coord': [2, 2]}, {'id': 'T', 'coord': [3, 1]}, {'id': 'S', 'coord': [2, 1]}, {'id': 'D', 'coord': [4, 2]}, {'id': 'A', 'coord': [7, 3]}, {'id': 'M', 'coord': [4, 5]}]}"
1118,clean_up,tagextractor_langchain_clp_chat,0_easy_7obj_en,episode_00006,End States,"{'state_1': [{'id': 'P', 'coord': [3, 1]}, {'id': 'O', 'coord': [5, 5]}, {'id': 'T', 'coord': [5, 3]}, {'id': 'S', 'coord': [4, 2]}, {'id': 'D', 'coord': [4, 7]}, {'id': 'A', 'coord': [1, 1]}, {'id': 'M', 'coord': [3, 2]}], 'state_2': [{'id': 'P', 'coord': [3, 1]}, {'id': 'O', 'coord': [5, 5]}, {'id': 'T', 'coord': [5, 3]}, {'id': 'S', 'coord': [2, 1]}, {'id': 'D', 'coord': [4, 2]}, {'id': 'A', 'coord': [1, 1]}, {'id': 'M', 'coord': [3, 2]}]}"
1119,clean_up,tagextractor_langchain_clp_chat,0_easy_7obj_en,episode_00006,Shifts,8
1120,clean_up,tagextractor_langchain_clp_chat,0_easy_7obj_en,episode_00006,Max Shifts,12
1121,clean_up,tagextractor_langchain_clp_chat,0_easy_7obj_en,episode_00006,Min Shifts,6
1122,clean_up,tagextractor_langchain_clp_chat,0_easy_7obj_en,episode_00006,End Distance Sum,7.23606797749979
1123,clean_up,tagextractor_langchain_clp_chat,0_easy_7obj_en,episode_00006,Init Distance Sum,32.27416629986013
1124,clean_up,tagextractor_langchain_clp_chat,0_easy_7obj_en,episode_00006,Expected Distance Sum,29.331836849219748
1125,clean_up,tagextractor_langchain_clp_chat,0_easy_7obj_en,episode_00006,Penalties,14
1126,clean_up,tagextractor_langchain_clp_chat,0_easy_7obj_en,episode_00006,Max Penalties,16
1127,clean_up,tagextractor_langchain_clp_chat,0_easy_7obj_en,episode_00006,Rounds,8
1128,clean_up,tagextractor_langchain_clp_chat,0_easy_7obj_en,episode_00006,Max Rounds,28
1129,clean_up,tagextractor_langchain_clp_chat,0_easy_7obj_en,episode_00006,Object Count,7
1130,clean_up,tagextractor_langchain_clp_chat,0_easy_7obj_en,episode_00006,Valid Moves,10
1131,clean_up,tagextractor_langchain_clp_chat,0_easy_7obj_en,episode_00006,Invalid Moves,13
1132,clean_up,tagextractor_langchain_clp_chat,0_easy_7obj_en,episode_00006,Parse Errors,1
1133,clean_up,tagextractor_langchain_clp_chat,0_easy_7obj_en,episode_00006,Main Score,46.72241093683604
1134,clean_up,tagextractor_langchain_clp_chat,1_medium_3obj_en,episode_00007,Request Count,24
1135,clean_up,tagextractor_langchain_clp_chat,1_medium_3obj_en,episode_00007,Parsed Request Count,23
1136,clean_up,tagextractor_langchain_clp_chat,1_medium_3obj_en,episode_00007,Violated Request Count,1
1137,clean_up,tagextractor_langchain_clp_chat,1_medium_3obj_en,episode_00007,Request Success Ratio,0.9583333333333334
1138,clean_up,tagextractor_langchain_clp_chat,1_medium_3obj_en,episode_00007,Aborted,1
1139,clean_up,tagextractor_langchain_clp_chat,1_medium_3obj_en,episode_00007,Lose,1
1140,clean_up,tagextractor_langchain_clp_chat,1_medium_3obj_en,episode_00007,Success,0
1141,clean_up,tagextractor_langchain_clp_chat,1_medium_3obj_en,episode_00007,Distance Score,0.1420271920243103
1142,clean_up,tagextractor_langchain_clp_chat,1_medium_3obj_en,episode_00007,Coverage Score,0.25
1143,clean_up,tagextractor_langchain_clp_chat,1_medium_3obj_en,episode_00007,Penalty Score,0.3571428571428572
1144,clean_up,tagextractor_langchain_clp_chat,1_medium_3obj_en,episode_00007,Moves,"[['Player 2', 'P'], ['Player 1', 'P'], ['Player 2', 'P'], ['Player 1', 'P'], ['Player 2', 'P'], ['Player 1', 'P'], ['Player 2', 'P'], ['Player 1', 'P'], ['Player 2', 'P'], ['Player 1', 'P'], ['Player 2', 'P']]"
1145,clean_up,tagextractor_langchain_clp_chat,1_medium_3obj_en,episode_00007,Init States,"{'state_1': [{'id': 'C', 'coord': [5, 1]}, {'id': 'L', 'coord': [4, 6]}, {'id': 'P', 'coord': [1, 2]}], 'state_2': [{'id': 'C', 'coord': [5, 4]}, {'id': 'L', 'coord': [7, 6]}, {'id': 'P', 'coord': [2, 2]}]}"
1146,clean_up,tagextractor_langchain_clp_chat,1_medium_3obj_en,episode_00007,End States,"{'state_1': [{'id': 'C', 'coord': [5, 1]}, {'id': 'L', 'coord': [4, 6]}, {'id': 'P', 'coord': [5, 2]}], 'state_2': [{'id': 'C', 'coord': [5, 4]}, {'id': 'L', 'coord': [7, 6]}, {'id': 'P', 'coord': [2, 2]}]}"
1147,clean_up,tagextractor_langchain_clp_chat,1_medium_3obj_en,episode_00007,Shifts,0
1148,clean_up,tagextractor_langchain_clp_chat,1_medium_3obj_en,episode_00007,Max Shifts,4
1149,clean_up,tagextractor_langchain_clp_chat,1_medium_3obj_en,episode_00007,Min Shifts,2
1150,clean_up,tagextractor_langchain_clp_chat,1_medium_3obj_en,episode_00007,End Distance Sum,9.0
1151,clean_up,tagextractor_langchain_clp_chat,1_medium_3obj_en,episode_00007,Init Distance Sum,7.0
1152,clean_up,tagextractor_langchain_clp_chat,1_medium_3obj_en,episode_00007,Expected Distance Sum,12.570787221094177
1153,clean_up,tagextractor_langchain_clp_chat,1_medium_3obj_en,episode_00007,Penalties,9
1154,clean_up,tagextractor_langchain_clp_chat,1_medium_3obj_en,episode_00007,Max Penalties,8
1155,clean_up,tagextractor_langchain_clp_chat,1_medium_3obj_en,episode_00007,Rounds,7
1156,clean_up,tagextractor_langchain_clp_chat,1_medium_3obj_en,episode_00007,Max Rounds,12
1157,clean_up,tagextractor_langchain_clp_chat,1_medium_3obj_en,episode_00007,Object Count,3
1158,clean_up,tagextractor_langchain_clp_chat,1_medium_3obj_en,episode_00007,Valid Moves,11
1159,clean_up,tagextractor_langchain_clp_chat,1_medium_3obj_en,episode_00007,Invalid Moves,8
1160,clean_up,tagextractor_langchain_clp_chat,1_medium_3obj_en,episode_00007,Parse Errors,1
1161,clean_up,tagextractor_langchain_clp_chat,1_medium_3obj_en,episode_00007,Main Score,
1162,clean_up,tagextractor_langchain_clp_chat,1_medium_3obj_en,episode_00008,Request Count,15
1163,clean_up,tagextractor_langchain_clp_chat,1_medium_3obj_en,episode_00008,Parsed Request Count,14
1164,clean_up,tagextractor_langchain_clp_chat,1_medium_3obj_en,episode_00008,Violated Request Count,1
1165,clean_up,tagextractor_langchain_clp_chat,1_medium_3obj_en,episode_00008,Request Success Ratio,0.9333333333333333
1166,clean_up,tagextractor_langchain_clp_chat,1_medium_3obj_en,episode_00008,Aborted,1
1167,clean_up,tagextractor_langchain_clp_chat,1_medium_3obj_en,episode_00008,Lose,1
1168,clean_up,tagextractor_langchain_clp_chat,1_medium_3obj_en,episode_00008,Success,0
1169,clean_up,tagextractor_langchain_clp_chat,1_medium_3obj_en,episode_00008,Distance Score,0.5201860610511704
1170,clean_up,tagextractor_langchain_clp_chat,1_medium_3obj_en,episode_00008,Coverage Score,0.125
1171,clean_up,tagextractor_langchain_clp_chat,1_medium_3obj_en,episode_00008,Penalty Score,0.3571428571428572
1172,clean_up,tagextractor_langchain_clp_chat,1_medium_3obj_en,episode_00008,Moves,"[['Player 1', 'C'], ['Player 1', 'C']]"
1173,clean_up,tagextractor_langchain_clp_chat,1_medium_3obj_en,episode_00008,Init States,"{'state_1': [{'id': 'C', 'coord': [3, 4]}, {'id': 'L', 'coord': [7, 4]}, {'id': 'P', 'coord': [3, 7]}], 'state_2': [{'id': 'C', 'coord': [1, 3]}, {'id': 'L', 'coord': [7, 7]}, {'id': 'P', 'coord': [3, 6]}]}"
1174,clean_up,tagextractor_langchain_clp_chat,1_medium_3obj_en,episode_00008,End States,"{'state_1': [{'id': 'C', 'coord': [1, 3]}, {'id': 'L', 'coord': [7, 4]}, {'id': 'P', 'coord': [3, 7]}], 'state_2': [{'id': 'C', 'coord': [1, 3]}, {'id': 'L', 'coord': [7, 7]}, {'id': 'P', 'coord': [3, 6]}]}"
1175,clean_up,tagextractor_langchain_clp_chat,1_medium_3obj_en,episode_00008,Shifts,0
1176,clean_up,tagextractor_langchain_clp_chat,1_medium_3obj_en,episode_00008,Max Shifts,4
1177,clean_up,tagextractor_langchain_clp_chat,1_medium_3obj_en,episode_00008,Min Shifts,2
1178,clean_up,tagextractor_langchain_clp_chat,1_medium_3obj_en,episode_00008,End Distance Sum,4.0
1179,clean_up,tagextractor_langchain_clp_chat,1_medium_3obj_en,episode_00008,Init Distance Sum,6.23606797749979
1180,clean_up,tagextractor_langchain_clp_chat,1_medium_3obj_en,episode_00008,Expected Distance Sum,12.570787221094177
1181,clean_up,tagextractor_langchain_clp_chat,1_medium_3obj_en,episode_00008,Penalties,9
1182,clean_up,tagextractor_langchain_clp_chat,1_medium_3obj_en,episode_00008,Max Penalties,8
1183,clean_up,tagextractor_langchain_clp_chat,1_medium_3obj_en,episode_00008,Rounds,3
1184,clean_up,tagextractor_langchain_clp_chat,1_medium_3obj_en,episode_00008,Max Rounds,12
1185,clean_up,tagextractor_langchain_clp_chat,1_medium_3obj_en,episode_00008,Object Count,3
1186,clean_up,tagextractor_langchain_clp_chat,1_medium_3obj_en,episode_00008,Valid Moves,2
1187,clean_up,tagextractor_langchain_clp_chat,1_medium_3obj_en,episode_00008,Invalid Moves,8
1188,clean_up,tagextractor_langchain_clp_chat,1_medium_3obj_en,episode_00008,Parse Errors,1
1189,clean_up,tagextractor_langchain_clp_chat,1_medium_3obj_en,episode_00008,Main Score,
1190,clean_up,tagextractor_langchain_clp_chat,1_medium_5obj_en,episode_00009,Request Count,43
1191,clean_up,tagextractor_langchain_clp_chat,1_medium_5obj_en,episode_00009,Parsed Request Count,41
1192,clean_up,tagextractor_langchain_clp_chat,1_medium_5obj_en,episode_00009,Violated Request Count,2
1193,clean_up,tagextractor_langchain_clp_chat,1_medium_5obj_en,episode_00009,Request Success Ratio,0.9534883720930233
1194,clean_up,tagextractor_langchain_clp_chat,1_medium_5obj_en,episode_00009,Aborted,0
1195,clean_up,tagextractor_langchain_clp_chat,1_medium_5obj_en,episode_00009,Lose,0
1196,clean_up,tagextractor_langchain_clp_chat,1_medium_5obj_en,episode_00009,Success,1
1197,clean_up,tagextractor_langchain_clp_chat,1_medium_5obj_en,episode_00009,Distance Score,0.623887815850813
1198,clean_up,tagextractor_langchain_clp_chat,1_medium_5obj_en,episode_00009,Consistency Score,1.0
1199,clean_up,tagextractor_langchain_clp_chat,1_medium_5obj_en,episode_00009,Coverage Score,0.16666666666666666
1200,clean_up,tagextractor_langchain_clp_chat,1_medium_5obj_en,episode_00009,Penalty Score,0.9285714285714286
1201,clean_up,tagextractor_langchain_clp_chat,1_medium_5obj_en,episode_00009,Moves,"[['Player 1', 'T'], ['Player 1', 'C'], ['Player 1', 'I'], ['Player 1', 'H'], ['Player 1', 'W']]"
1202,clean_up,tagextractor_langchain_clp_chat,1_medium_5obj_en,episode_00009,Init States,"{'state_1': [{'id': 'W', 'coord': [7, 7]}, {'id': 'I', 'coord': [5, 4]}, {'id': 'T', 'coord': [3, 6]}, {'id': 'C', 'coord': [4, 6]}, {'id': 'H', 'coord': [7, 3]}], 'state_2': [{'id': 'W', 'coord': [5, 6]}, {'id': 'I', 'coord': [5, 5]}, {'id': 'T', 'coord': [2, 2]}, {'id': 'C', 'coord': [3, 4]}, {'id': 'H', 'coord': [6, 7]}]}"
1203,clean_up,tagextractor_langchain_clp_chat,1_medium_5obj_en,episode_00009,End States,"{'state_1': [{'id': 'W', 'coord': [6, 6]}, {'id': 'I', 'coord': [3, 4]}, {'id': 'T', 'coord': [2, 2]}, {'id': 'C', 'coord': [3, 6]}, {'id': 'H', 'coord': [5, 7]}], 'state_2': [{'id': 'W', 'coord': [5, 6]}, {'id': 'I', 'coord': [5, 5]}, {'id': 'T', 'coord': [2, 2]}, {'id': 'C', 'coord': [3, 4]}, {'id': 'H', 'coord': [6, 7]}]}"
1204,clean_up,tagextractor_langchain_clp_chat,1_medium_5obj_en,episode_00009,Shifts,4
1205,clean_up,tagextractor_langchain_clp_chat,1_medium_5obj_en,episode_00009,Max Shifts,8
1206,clean_up,tagextractor_langchain_clp_chat,1_medium_5obj_en,episode_00009,Min Shifts,4
1207,clean_up,tagextractor_langchain_clp_chat,1_medium_5obj_en,episode_00009,End Distance Sum,6.23606797749979
1208,clean_up,tagextractor_langchain_clp_chat,1_medium_5obj_en,episode_00009,Init Distance Sum,13.718347206234903
1209,clean_up,tagextractor_langchain_clp_chat,1_medium_5obj_en,episode_00009,Expected Distance Sum,20.95131203515696
1210,clean_up,tagextractor_langchain_clp_chat,1_medium_5obj_en,episode_00009,Penalties,3
1211,clean_up,tagextractor_langchain_clp_chat,1_medium_5obj_en,episode_00009,Max Penalties,12
1212,clean_up,tagextractor_langchain_clp_chat,1_medium_5obj_en,episode_00009,Rounds,20
1213,clean_up,tagextractor_langchain_clp_chat,1_medium_5obj_en,episode_00009,Max Rounds,20
1214,clean_up,tagextractor_langchain_clp_chat,1_medium_5obj_en,episode_00009,Object Count,5
1215,clean_up,tagextractor_langchain_clp_chat,1_medium_5obj_en,episode_00009,Valid Moves,5
1216,clean_up,tagextractor_langchain_clp_chat,1_medium_5obj_en,episode_00009,Invalid Moves,1
1217,clean_up,tagextractor_langchain_clp_chat,1_medium_5obj_en,episode_00009,Parse Errors,2
1218,clean_up,tagextractor_langchain_clp_chat,1_medium_5obj_en,episode_00009,Main Score,57.93244004328978
1219,clean_up,tagextractor_langchain_clp_chat,1_medium_5obj_en,episode_00010,Request Count,19
1220,clean_up,tagextractor_langchain_clp_chat,1_medium_5obj_en,episode_00010,Parsed Request Count,18
1221,clean_up,tagextractor_langchain_clp_chat,1_medium_5obj_en,episode_00010,Violated Request Count,1
1222,clean_up,tagextractor_langchain_clp_chat,1_medium_5obj_en,episode_00010,Request Success Ratio,0.9473684210526315
1223,clean_up,tagextractor_langchain_clp_chat,1_medium_5obj_en,episode_00010,Aborted,1
1224,clean_up,tagextractor_langchain_clp_chat,1_medium_5obj_en,episode_00010,Lose,1
1225,clean_up,tagextractor_langchain_clp_chat,1_medium_5obj_en,episode_00010,Success,0
1226,clean_up,tagextractor_langchain_clp_chat,1_medium_5obj_en,episode_00010,Distance Score,0.213167424262736
1227,clean_up,tagextractor_langchain_clp_chat,1_medium_5obj_en,episode_00010,Coverage Score,0.1111111111111111
1228,clean_up,tagextractor_langchain_clp_chat,1_medium_5obj_en,episode_00010,Penalty Score,0.40909090909090917
1229,clean_up,tagextractor_langchain_clp_chat,1_medium_5obj_en,episode_00010,Moves,"[['Player 2', 'W'], ['Player 1', 'W'], ['Player 2', 'W']]"
1230,clean_up,tagextractor_langchain_clp_chat,1_medium_5obj_en,episode_00010,Init States,"{'state_1': [{'id': 'W', 'coord': [4, 1]}, {'id': 'I', 'coord': [4, 7]}, {'id': 'T', 'coord': [5, 3]}, {'id': 'C', 'coord': [2, 7]}, {'id': 'H', 'coord': [4, 3]}], 'state_2': [{'id': 'W', 'coord': [6, 6]}, {'id': 'I', 'coord': [1, 6]}, {'id': 'T', 'coord': [3, 1]}, {'id': 'C', 'coord': [4, 1]}, {'id': 'H', 'coord': [5, 4]}]}"
1231,clean_up,tagextractor_langchain_clp_chat,1_medium_5obj_en,episode_00010,End States,"{'state_1': [{'id': 'W', 'coord': [6, 6]}, {'id': 'I', 'coord': [4, 7]}, {'id': 'T', 'coord': [5, 3]}, {'id': 'C', 'coord': [2, 7]}, {'id': 'H', 'coord': [4, 3]}], 'state_2': [{'id': 'W', 'coord': [4, 6]}, {'id': 'I', 'coord': [1, 6]}, {'id': 'T', 'coord': [3, 1]}, {'id': 'C', 'coord': [4, 1]}, {'id': 'H', 'coord': [5, 4]}]}"
1232,clean_up,tagextractor_langchain_clp_chat,1_medium_5obj_en,episode_00010,Shifts,0
1233,clean_up,tagextractor_langchain_clp_chat,1_medium_5obj_en,episode_00010,Max Shifts,8
1234,clean_up,tagextractor_langchain_clp_chat,1_medium_5obj_en,episode_00010,Min Shifts,4
1235,clean_up,tagextractor_langchain_clp_chat,1_medium_5obj_en,episode_00010,End Distance Sum,15.729473667624426
1236,clean_up,tagextractor_langchain_clp_chat,1_medium_5obj_en,episode_00010,Init Distance Sum,19.114638474758927
1237,clean_up,tagextractor_langchain_clp_chat,1_medium_5obj_en,episode_00010,Expected Distance Sum,20.95131203515696
1238,clean_up,tagextractor_langchain_clp_chat,1_medium_5obj_en,episode_00010,Penalties,13
1239,clean_up,tagextractor_langchain_clp_chat,1_medium_5obj_en,episode_00010,Max Penalties,12
1240,clean_up,tagextractor_langchain_clp_chat,1_medium_5obj_en,episode_00010,Rounds,3
1241,clean_up,tagextractor_langchain_clp_chat,1_medium_5obj_en,episode_00010,Max Rounds,20
1242,clean_up,tagextractor_langchain_clp_chat,1_medium_5obj_en,episode_00010,Object Count,5
1243,clean_up,tagextractor_langchain_clp_chat,1_medium_5obj_en,episode_00010,Valid Moves,3
1244,clean_up,tagextractor_langchain_clp_chat,1_medium_5obj_en,episode_00010,Invalid Moves,12
1245,clean_up,tagextractor_langchain_clp_chat,1_medium_5obj_en,episode_00010,Parse Errors,1
1246,clean_up,tagextractor_langchain_clp_chat,1_medium_5obj_en,episode_00010,Main Score,
1247,clean_up,tagextractor_langchain_clp_chat,1_medium_7obj_en,episode_00011,Request Count,33
1248,clean_up,tagextractor_langchain_clp_chat,1_medium_7obj_en,episode_00011,Parsed Request Count,32
1249,clean_up,tagextractor_langchain_clp_chat,1_medium_7obj_en,episode_00011,Violated Request Count,1
1250,clean_up,tagextractor_langchain_clp_chat,1_medium_7obj_en,episode_00011,Request Success Ratio,0.9696969696969697
1251,clean_up,tagextractor_langchain_clp_chat,1_medium_7obj_en,episode_00011,Aborted,1
1252,clean_up,tagextractor_langchain_clp_chat,1_medium_7obj_en,episode_00011,Lose,1
1253,clean_up,tagextractor_langchain_clp_chat,1_medium_7obj_en,episode_00011,Success,0
1254,clean_up,tagextractor_langchain_clp_chat,1_medium_7obj_en,episode_00011,Distance Score,0.5240372210710516
1255,clean_up,tagextractor_langchain_clp_chat,1_medium_7obj_en,episode_00011,Consistency Score,0.7142857142857143
1256,clean_up,tagextractor_langchain_clp_chat,1_medium_7obj_en,episode_00011,Coverage Score,0.328125
1257,clean_up,tagextractor_langchain_clp_chat,1_medium_7obj_en,episode_00011,Penalty Score,0.43333333333333335
1258,clean_up,tagextractor_langchain_clp_chat,1_medium_7obj_en,episode_00011,Moves,"[['Player 2', 'P'], ['Player 1', 'P'], ['Player 2', 'O'], ['Player 1', 'O'], ['Player 2', 'T'], ['Player 1', 'O'], ['Player 2', 'S'], ['Player 1', 'O'], ['Player 2', 'D'], ['Player 1', 'O'], ['Player 2', 'A']]"
1259,clean_up,tagextractor_langchain_clp_chat,1_medium_7obj_en,episode_00011,Init States,"{'state_1': [{'id': 'P', 'coord': [5, 6]}, {'id': 'O', 'coord': [1, 2]}, {'id': 'T', 'coord': [1, 5]}, {'id': 'S', 'coord': [7, 1]}, {'id': 'D', 'coord': [1, 6]}, {'id': 'A', 'coord': [1, 4]}, {'id': 'M', 'coord': [4, 7]}], 'state_2': [{'id': 'P', 'coord': [5, 7]}, {'id': 'O', 'coord': [3, 1]}, {'id': 'T', 'coord': [1, 6]}, {'id': 'S', 'coord': [7, 3]}, {'id': 'D', 'coord': [1, 2]}, {'id': 'A', 'coord': [5, 5]}, {'id': 'M', 'coord': [1, 5]}]}"
1260,clean_up,tagextractor_langchain_clp_chat,1_medium_7obj_en,episode_00011,End States,"{'state_1': [{'id': 'P', 'coord': [6, 6]}, {'id': 'O', 'coord': [2, 1]}, {'id': 'T', 'coord': [1, 5]}, {'id': 'S', 'coord': [7, 1]}, {'id': 'D', 'coord': [1, 6]}, {'id': 'A', 'coord': [1, 4]}, {'id': 'M', 'coord': [4, 7]}], 'state_2': [{'id': 'P', 'coord': [6, 6]}, {'id': 'O', 'coord': [1, 1]}, {'id': 'T', 'coord': [1, 4]}, {'id': 'S', 'coord': [5, 1]}, {'id': 'D', 'coord': [1, 6]}, {'id': 'A', 'coord': [1, 7]}, {'id': 'M', 'coord': [1, 5]}]}"
1261,clean_up,tagextractor_langchain_clp_chat,1_medium_7obj_en,episode_00011,Shifts,8
1262,clean_up,tagextractor_langchain_clp_chat,1_medium_7obj_en,episode_00011,Max Shifts,12
1263,clean_up,tagextractor_langchain_clp_chat,1_medium_7obj_en,episode_00011,Min Shifts,6
1264,clean_up,tagextractor_langchain_clp_chat,1_medium_7obj_en,episode_00011,End Distance Sum,10.60555127546399
1265,clean_up,tagextractor_langchain_clp_chat,1_medium_7obj_en,episode_00011,Init Distance Sum,17.96472487858144
1266,clean_up,tagextractor_langchain_clp_chat,1_medium_7obj_en,episode_00011,Expected Distance Sum,29.331836849219748
1267,clean_up,tagextractor_langchain_clp_chat,1_medium_7obj_en,episode_00011,Penalties,17
1268,clean_up,tagextractor_langchain_clp_chat,1_medium_7obj_en,episode_00011,Max Penalties,16
1269,clean_up,tagextractor_langchain_clp_chat,1_medium_7obj_en,episode_00011,Rounds,8
1270,clean_up,tagextractor_langchain_clp_chat,1_medium_7obj_en,episode_00011,Max Rounds,28
1271,clean_up,tagextractor_langchain_clp_chat,1_medium_7obj_en,episode_00011,Object Count,7
1272,clean_up,tagextractor_langchain_clp_chat,1_medium_7obj_en,episode_00011,Valid Moves,11
1273,clean_up,tagextractor_langchain_clp_chat,1_medium_7obj_en,episode_00011,Invalid Moves,16
1274,clean_up,tagextractor_langchain_clp_chat,1_medium_7obj_en,episode_00011,Parse Errors,1
1275,clean_up,tagextractor_langchain_clp_chat,1_medium_7obj_en,episode_00011,Main Score,
1276,clean_up,tagextractor_langchain_clp_chat,1_medium_7obj_en,episode_00012,Request Count,33
1277,clean_up,tagextractor_langchain_clp_chat,1_medium_7obj_en,episode_00012,Parsed Request Count,32
1278,clean_up,tagextractor_langchain_clp_chat,1_medium_7obj_en,episode_00012,Violated Request Count,1
1279,clean_up,tagextractor_langchain_clp_chat,1_medium_7obj_en,episode_00012,Request Success Ratio,0.9696969696969697
1280,clean_up,tagextractor_langchain_clp_chat,1_medium_7obj_en,episode_00012,Aborted,1
1281,clean_up,tagextractor_langchain_clp_chat,1_medium_7obj_en,episode_00012,Lose,1
1282,clean_up,tagextractor_langchain_clp_chat,1_medium_7obj_en,episode_00012,Success,0
1283,clean_up,tagextractor_langchain_clp_chat,1_medium_7obj_en,episode_00012,Distance Score,0.5659348935351598
1284,clean_up,tagextractor_langchain_clp_chat,1_medium_7obj_en,episode_00012,Consistency Score,0.8571428571428572
1285,clean_up,tagextractor_langchain_clp_chat,1_medium_7obj_en,episode_00012,Coverage Score,0.546875
1286,clean_up,tagextractor_langchain_clp_chat,1_medium_7obj_en,episode_00012,Penalty Score,0.43333333333333335
1287,clean_up,tagextractor_langchain_clp_chat,1_medium_7obj_en,episode_00012,Moves,"[['Player 2', 'A'], ['Player 1', 'A'], ['Player 2', 'M'], ['Player 1', 'M'], ['Player 2', 'S'], ['Player 1', 'T'], ['Player 2', 'O'], ['Player 1', 'S'], ['Player 2', 'P'], ['Player 2', 'T']]"
1288,clean_up,tagextractor_langchain_clp_chat,1_medium_7obj_en,episode_00012,Init States,"{'state_1': [{'id': 'P', 'coord': [2, 6]}, {'id': 'O', 'coord': [1, 7]}, {'id': 'T', 'coord': [6, 7]}, {'id': 'S', 'coord': [7, 4]}, {'id': 'D', 'coord': [5, 6]}, {'id': 'A', 'coord': [7, 7]}, {'id': 'M', 'coord': [7, 6]}], 'state_2': [{'id': 'P', 'coord': [5, 3]}, {'id': 'O', 'coord': [2, 7]}, {'id': 'T', 'coord': [5, 6]}, {'id': 'S', 'coord': [7, 6]}, {'id': 'D', 'coord': [1, 3]}, {'id': 'A', 'coord': [1, 6]}, {'id': 'M', 'coord': [3, 1]}]}"
1289,clean_up,tagextractor_langchain_clp_chat,1_medium_7obj_en,episode_00012,End States,"{'state_1': [{'id': 'P', 'coord': [2, 6]}, {'id': 'O', 'coord': [1, 7]}, {'id': 'T', 'coord': [7, 6]}, {'id': 'S', 'coord': [7, 7]}, {'id': 'D', 'coord': [5, 6]}, {'id': 'A', 'coord': [5, 7]}, {'id': 'M', 'coord': [6, 6]}], 'state_2': [{'id': 'P', 'coord': [4, 6]}, {'id': 'O', 'coord': [6, 7]}, {'id': 'T', 'coord': [7, 6]}, {'id': 'S', 'coord': [7, 7]}, {'id': 'D', 'coord': [1, 3]}, {'id': 'A', 'coord': [5, 7]}, {'id': 'M', 'coord': [6, 6]}]}"
1290,clean_up,tagextractor_langchain_clp_chat,1_medium_7obj_en,episode_00012,Shifts,7
1291,clean_up,tagextractor_langchain_clp_chat,1_medium_7obj_en,episode_00012,Max Shifts,12
1292,clean_up,tagextractor_langchain_clp_chat,1_medium_7obj_en,episode_00012,Min Shifts,6
1293,clean_up,tagextractor_langchain_clp_chat,1_medium_7obj_en,episode_00012,End Distance Sum,12.0
1294,clean_up,tagextractor_langchain_clp_chat,1_medium_7obj_en,episode_00012,Init Distance Sum,26.142741017223447
1295,clean_up,tagextractor_langchain_clp_chat,1_medium_7obj_en,episode_00012,Expected Distance Sum,29.331836849219748
1296,clean_up,tagextractor_langchain_clp_chat,1_medium_7obj_en,episode_00012,Penalties,17
1297,clean_up,tagextractor_langchain_clp_chat,1_medium_7obj_en,episode_00012,Max Penalties,16
1298,clean_up,tagextractor_langchain_clp_chat,1_medium_7obj_en,episode_00012,Rounds,8
1299,clean_up,tagextractor_langchain_clp_chat,1_medium_7obj_en,episode_00012,Max Rounds,28
1300,clean_up,tagextractor_langchain_clp_chat,1_medium_7obj_en,episode_00012,Object Count,7
1301,clean_up,tagextractor_langchain_clp_chat,1_medium_7obj_en,episode_00012,Valid Moves,10
1302,clean_up,tagextractor_langchain_clp_chat,1_medium_7obj_en,episode_00012,Invalid Moves,16
1303,clean_up,tagextractor_langchain_clp_chat,1_medium_7obj_en,episode_00012,Parse Errors,1
1304,clean_up,tagextractor_langchain_clp_chat,1_medium_7obj_en,episode_00012,Main Score,
1305,clean_up,tagextractor_langchain_clp_chat,2_hard_3obj_en,episode_00013,Request Count,13
1306,clean_up,tagextractor_langchain_clp_chat,2_hard_3obj_en,episode_00013,Parsed Request Count,12
1307,clean_up,tagextractor_langchain_clp_chat,2_hard_3obj_en,episode_00013,Violated Request Count,1
1308,clean_up,tagextractor_langchain_clp_chat,2_hard_3obj_en,episode_00013,Request Success Ratio,0.9230769230769231
1309,clean_up,tagextractor_langchain_clp_chat,2_hard_3obj_en,episode_00013,Aborted,1
1310,clean_up,tagextractor_langchain_clp_chat,2_hard_3obj_en,episode_00013,Lose,1
1311,clean_up,tagextractor_langchain_clp_chat,2_hard_3obj_en,episode_00013,Success,0
1312,clean_up,tagextractor_langchain_clp_chat,2_hard_3obj_en,episode_00013,Distance Score,0.2263289059195625
1313,clean_up,tagextractor_langchain_clp_chat,2_hard_3obj_en,episode_00013,Coverage Score,0.125
1314,clean_up,tagextractor_langchain_clp_chat,2_hard_3obj_en,episode_00013,Penalty Score,0.3571428571428572
1315,clean_up,tagextractor_langchain_clp_chat,2_hard_3obj_en,episode_00013,Moves,"[['Player 2', 'C']]"
1316,clean_up,tagextractor_langchain_clp_chat,2_hard_3obj_en,episode_00013,Init States,"{'state_1': [{'id': 'C', 'coord': [4, 7]}, {'id': 'L', 'coord': [3, 4]}, {'id': 'P', 'coord': [5, 5]}], 'state_2': [{'id': 'C', 'coord': [1, 4]}, {'id': 'L', 'coord': [6, 5]}, {'id': 'P', 'coord': [5, 3]}]}"
1317,clean_up,tagextractor_langchain_clp_chat,2_hard_3obj_en,episode_00013,End States,"{'state_1': [{'id': 'C', 'coord': [4, 7]}, {'id': 'L', 'coord': [3, 4]}, {'id': 'P', 'coord': [5, 5]}], 'state_2': [{'id': 'C', 'coord': [3, 4]}, {'id': 'L', 'coord': [6, 5]}, {'id': 'P', 'coord': [5, 3]}]}"
1318,clean_up,tagextractor_langchain_clp_chat,2_hard_3obj_en,episode_00013,Shifts,0
1319,clean_up,tagextractor_langchain_clp_chat,2_hard_3obj_en,episode_00013,Max Shifts,4
1320,clean_up,tagextractor_langchain_clp_chat,2_hard_3obj_en,episode_00013,Min Shifts,2
1321,clean_up,tagextractor_langchain_clp_chat,2_hard_3obj_en,episode_00013,End Distance Sum,8.32455532033676
1322,clean_up,tagextractor_langchain_clp_chat,2_hard_3obj_en,episode_00013,Init Distance Sum,9.404918347287664
1323,clean_up,tagextractor_langchain_clp_chat,2_hard_3obj_en,episode_00013,Expected Distance Sum,12.570787221094177
1324,clean_up,tagextractor_langchain_clp_chat,2_hard_3obj_en,episode_00013,Penalties,9
1325,clean_up,tagextractor_langchain_clp_chat,2_hard_3obj_en,episode_00013,Max Penalties,8
1326,clean_up,tagextractor_langchain_clp_chat,2_hard_3obj_en,episode_00013,Rounds,2
1327,clean_up,tagextractor_langchain_clp_chat,2_hard_3obj_en,episode_00013,Max Rounds,12
1328,clean_up,tagextractor_langchain_clp_chat,2_hard_3obj_en,episode_00013,Object Count,3
1329,clean_up,tagextractor_langchain_clp_chat,2_hard_3obj_en,episode_00013,Valid Moves,1
1330,clean_up,tagextractor_langchain_clp_chat,2_hard_3obj_en,episode_00013,Invalid Moves,8
1331,clean_up,tagextractor_langchain_clp_chat,2_hard_3obj_en,episode_00013,Parse Errors,1
1332,clean_up,tagextractor_langchain_clp_chat,2_hard_3obj_en,episode_00013,Main Score,
1333,clean_up,tagextractor_langchain_clp_chat,2_hard_3obj_en,episode_00014,Request Count,15
1334,clean_up,tagextractor_langchain_clp_chat,2_hard_3obj_en,episode_00014,Parsed Request Count,14
1335,clean_up,tagextractor_langchain_clp_chat,2_hard_3obj_en,episode_00014,Violated Request Count,1
1336,clean_up,tagextractor_langchain_clp_chat,2_hard_3obj_en,episode_00014,Request Success Ratio,0.9333333333333333
1337,clean_up,tagextractor_langchain_clp_chat,2_hard_3obj_en,episode_00014,Aborted,1
1338,clean_up,tagextractor_langchain_clp_chat,2_hard_3obj_en,episode_00014,Lose,1
1339,clean_up,tagextractor_langchain_clp_chat,2_hard_3obj_en,episode_00014,Success,0
1340,clean_up,tagextractor_langchain_clp_chat,2_hard_3obj_en,episode_00014,Distance Score,0.05758118286527275
1341,clean_up,tagextractor_langchain_clp_chat,2_hard_3obj_en,episode_00014,Coverage Score,0.25
1342,clean_up,tagextractor_langchain_clp_chat,2_hard_3obj_en,episode_00014,Penalty Score,0.3571428571428572
1343,clean_up,tagextractor_langchain_clp_chat,2_hard_3obj_en,episode_00014,Moves,"[['Player 2', 'P'], ['Player 1', 'P'], ['Player 2', 'P']]"
1344,clean_up,tagextractor_langchain_clp_chat,2_hard_3obj_en,episode_00014,Init States,"{'state_1': [{'id': 'C', 'coord': [6, 3]}, {'id': 'L', 'coord': [1, 4]}, {'id': 'P', 'coord': [5, 3]}], 'state_2': [{'id': 'C', 'coord': [5, 7]}, {'id': 'L', 'coord': [1, 7]}, {'id': 'P', 'coord': [7, 2]}]}"
1345,clean_up,tagextractor_langchain_clp_chat,2_hard_3obj_en,episode_00014,End States,"{'state_1': [{'id': 'C', 'coord': [6, 3]}, {'id': 'L', 'coord': [1, 4]}, {'id': 'P', 'coord': [4, 5]}], 'state_2': [{'id': 'C', 'coord': [5, 7]}, {'id': 'L', 'coord': [1, 7]}, {'id': 'P', 'coord': [4, 1]}]}"
1346,clean_up,tagextractor_langchain_clp_chat,2_hard_3obj_en,episode_00014,Shifts,0
1347,clean_up,tagextractor_langchain_clp_chat,2_hard_3obj_en,episode_00014,Max Shifts,4
1348,clean_up,tagextractor_langchain_clp_chat,2_hard_3obj_en,episode_00014,Min Shifts,2
1349,clean_up,tagextractor_langchain_clp_chat,2_hard_3obj_en,episode_00014,End Distance Sum,11.123105625617661
1350,clean_up,tagextractor_langchain_clp_chat,2_hard_3obj_en,episode_00014,Init Distance Sum,9.359173603117451
1351,clean_up,tagextractor_langchain_clp_chat,2_hard_3obj_en,episode_00014,Expected Distance Sum,12.570787221094177
1352,clean_up,tagextractor_langchain_clp_chat,2_hard_3obj_en,episode_00014,Penalties,9
1353,clean_up,tagextractor_langchain_clp_chat,2_hard_3obj_en,episode_00014,Max Penalties,8
1354,clean_up,tagextractor_langchain_clp_chat,2_hard_3obj_en,episode_00014,Rounds,3
1355,clean_up,tagextractor_langchain_clp_chat,2_hard_3obj_en,episode_00014,Max Rounds,12
1356,clean_up,tagextractor_langchain_clp_chat,2_hard_3obj_en,episode_00014,Object Count,3
1357,clean_up,tagextractor_langchain_clp_chat,2_hard_3obj_en,episode_00014,Valid Moves,3
1358,clean_up,tagextractor_langchain_clp_chat,2_hard_3obj_en,episode_00014,Invalid Moves,8
1359,clean_up,tagextractor_langchain_clp_chat,2_hard_3obj_en,episode_00014,Parse Errors,1
1360,clean_up,tagextractor_langchain_clp_chat,2_hard_3obj_en,episode_00014,Main Score,
1361,clean_up,tagextractor_langchain_clp_chat,2_hard_5obj_en,episode_00015,Request Count,24
1362,clean_up,tagextractor_langchain_clp_chat,2_hard_5obj_en,episode_00015,Parsed Request Count,23
1363,clean_up,tagextractor_langchain_clp_chat,2_hard_5obj_en,episode_00015,Violated Request Count,1
1364,clean_up,tagextractor_langchain_clp_chat,2_hard_5obj_en,episode_00015,Request Success Ratio,0.9583333333333334
1365,clean_up,tagextractor_langchain_clp_chat,2_hard_5obj_en,episode_00015,Aborted,1
1366,clean_up,tagextractor_langchain_clp_chat,2_hard_5obj_en,episode_00015,Lose,1
1367,clean_up,tagextractor_langchain_clp_chat,2_hard_5obj_en,episode_00015,Success,0
1368,clean_up,tagextractor_langchain_clp_chat,2_hard_5obj_en,episode_00015,Distance Score,0
1369,clean_up,tagextractor_langchain_clp_chat,2_hard_5obj_en,episode_00015,Coverage Score,0.1111111111111111
1370,clean_up,tagextractor_langchain_clp_chat,2_hard_5obj_en,episode_00015,Penalty Score,0.40909090909090917
1371,clean_up,tagextractor_langchain_clp_chat,2_hard_5obj_en,episode_00015,Moves,"[['Player 2', 'C'], ['Player 1', 'C'], ['Player 2', 'C'], ['Player 1', 'C'], ['Player 2', 'C'], ['Player 1', 'C'], ['Player 2', 'C'], ['Player 1', 'C']]"
1372,clean_up,tagextractor_langchain_clp_chat,2_hard_5obj_en,episode_00015,Init States,"{'state_1': [{'id': 'W', 'coord': [5, 4]}, {'id': 'I', 'coord': [2, 7]}, {'id': 'T', 'coord': [3, 2]}, {'id': 'C', 'coord': [7, 1]}, {'id': 'H', 'coord': [3, 5]}], 'state_2': [{'id': 'W', 'coord': [4, 7]}, {'id': 'I', 'coord': [7, 1]}, {'id': 'T', 'coord': [7, 5]}, {'id': 'C', 'coord': [5, 5]}, {'id': 'H', 'coord': [6, 6]}]}"
1373,clean_up,tagextractor_langchain_clp_chat,2_hard_5obj_en,episode_00015,End States,"{'state_1': [{'id': 'W', 'coord': [5, 4]}, {'id': 'I', 'coord': [2, 7]}, {'id': 'T', 'coord': [3, 2]}, {'id': 'C', 'coord': [1, 4]}, {'id': 'H', 'coord': [3, 5]}], 'state_2': [{'id': 'W', 'coord': [4, 7]}, {'id': 'I', 'coord': [7, 1]}, {'id': 'T', 'coord': [7, 5]}, {'id': 'C', 'coord': [5, 4]}, {'id': 'H', 'coord': [6, 6]}]}"
1374,clean_up,tagextractor_langchain_clp_chat,2_hard_5obj_en,episode_00015,Shifts,0
1375,clean_up,tagextractor_langchain_clp_chat,2_hard_5obj_en,episode_00015,Max Shifts,8
1376,clean_up,tagextractor_langchain_clp_chat,2_hard_5obj_en,episode_00015,Min Shifts,4
1377,clean_up,tagextractor_langchain_clp_chat,2_hard_5obj_en,episode_00015,End Distance Sum,23.13480499624341
1378,clean_up,tagextractor_langchain_clp_chat,2_hard_5obj_en,episode_00015,Init Distance Sum,23.60694095124299
1379,clean_up,tagextractor_langchain_clp_chat,2_hard_5obj_en,episode_00015,Expected Distance Sum,20.95131203515696
1380,clean_up,tagextractor_langchain_clp_chat,2_hard_5obj_en,episode_00015,Penalties,13
1381,clean_up,tagextractor_langchain_clp_chat,2_hard_5obj_en,episode_00015,Max Penalties,12
1382,clean_up,tagextractor_langchain_clp_chat,2_hard_5obj_en,episode_00015,Rounds,5
1383,clean_up,tagextractor_langchain_clp_chat,2_hard_5obj_en,episode_00015,Max Rounds,20
1384,clean_up,tagextractor_langchain_clp_chat,2_hard_5obj_en,episode_00015,Object Count,5
1385,clean_up,tagextractor_langchain_clp_chat,2_hard_5obj_en,episode_00015,Valid Moves,8
1386,clean_up,tagextractor_langchain_clp_chat,2_hard_5obj_en,episode_00015,Invalid Moves,12
1387,clean_up,tagextractor_langchain_clp_chat,2_hard_5obj_en,episode_00015,Parse Errors,1
1388,clean_up,tagextractor_langchain_clp_chat,2_hard_5obj_en,episode_00015,Main Score,
1389,clean_up,tagextractor_langchain_clp_chat,2_hard_5obj_en,episode_00016,Request Count,27
1390,clean_up,tagextractor_langchain_clp_chat,2_hard_5obj_en,episode_00016,Parsed Request Count,25
1391,clean_up,tagextractor_langchain_clp_chat,2_hard_5obj_en,episode_00016,Violated Request Count,2
1392,clean_up,tagextractor_langchain_clp_chat,2_hard_5obj_en,episode_00016,Request Success Ratio,0.9259259259259259
1393,clean_up,tagextractor_langchain_clp_chat,2_hard_5obj_en,episode_00016,Aborted,1
1394,clean_up,tagextractor_langchain_clp_chat,2_hard_5obj_en,episode_00016,Lose,1
1395,clean_up,tagextractor_langchain_clp_chat,2_hard_5obj_en,episode_00016,Success,0
1396,clean_up,tagextractor_langchain_clp_chat,2_hard_5obj_en,episode_00016,Distance Score,0
1397,clean_up,tagextractor_langchain_clp_chat,2_hard_5obj_en,episode_00016,Coverage Score,0.1111111111111111
1398,clean_up,tagextractor_langchain_clp_chat,2_hard_5obj_en,episode_00016,Penalty Score,0.40909090909090917
1399,clean_up,tagextractor_langchain_clp_chat,2_hard_5obj_en,episode_00016,Moves,"[['Player 1', 'W'], ['Player 2', 'W'], ['Player 1', 'W'], ['Player 2', 'W'], ['Player 1', 'W']]"
1400,clean_up,tagextractor_langchain_clp_chat,2_hard_5obj_en,episode_00016,Init States,"{'state_1': [{'id': 'W', 'coord': [3, 3]}, {'id': 'I', 'coord': [2, 7]}, {'id': 'T', 'coord': [7, 7]}, {'id': 'C', 'coord': [3, 6]}, {'id': 'H', 'coord': [7, 3]}], 'state_2': [{'id': 'W', 'coord': [5, 7]}, {'id': 'I', 'coord': [5, 5]}, {'id': 'T', 'coord': [2, 7]}, {'id': 'C', 'coord': [6, 3]}, {'id': 'H', 'coord': [1, 7]}]}"
1401,clean_up,tagextractor_langchain_clp_chat,2_hard_5obj_en,episode_00016,End States,"{'state_1': [{'id': 'W', 'coord': [4, 1]}, {'id': 'I', 'coord': [2, 7]}, {'id': 'T', 'coord': [7, 7]}, {'id': 'C', 'coord': [3, 6]}, {'id': 'H', 'coord': [7, 3]}], 'state_2': [{'id': 'W', 'coord': [5, 7]}, {'id': 'I', 'coord': [5, 5]}, {'id': 'T', 'coord': [2, 7]}, {'id': 'C', 'coord': [6, 3]}, {'id': 'H', 'coord': [1, 7]}]}"
1402,clean_up,tagextractor_langchain_clp_chat,2_hard_5obj_en,episode_00016,Shifts,0
1403,clean_up,tagextractor_langchain_clp_chat,2_hard_5obj_en,episode_00016,Max Shifts,8
1404,clean_up,tagextractor_langchain_clp_chat,2_hard_5obj_en,episode_00016,Min Shifts,4
1405,clean_up,tagextractor_langchain_clp_chat,2_hard_5obj_en,episode_00016,End Distance Sum,26.142057043809473
1406,clean_up,tagextractor_langchain_clp_chat,2_hard_5obj_en,episode_00016,Init Distance Sum,24.531430468510834
1407,clean_up,tagextractor_langchain_clp_chat,2_hard_5obj_en,episode_00016,Expected Distance Sum,20.95131203515696
1408,clean_up,tagextractor_langchain_clp_chat,2_hard_5obj_en,episode_00016,Penalties,13
1409,clean_up,tagextractor_langchain_clp_chat,2_hard_5obj_en,episode_00016,Max Penalties,12
1410,clean_up,tagextractor_langchain_clp_chat,2_hard_5obj_en,episode_00016,Rounds,7
1411,clean_up,tagextractor_langchain_clp_chat,2_hard_5obj_en,episode_00016,Max Rounds,20
1412,clean_up,tagextractor_langchain_clp_chat,2_hard_5obj_en,episode_00016,Object Count,5
1413,clean_up,tagextractor_langchain_clp_chat,2_hard_5obj_en,episode_00016,Valid Moves,5
1414,clean_up,tagextractor_langchain_clp_chat,2_hard_5obj_en,episode_00016,Invalid Moves,11
1415,clean_up,tagextractor_langchain_clp_chat,2_hard_5obj_en,episode_00016,Parse Errors,2
1416,clean_up,tagextractor_langchain_clp_chat,2_hard_5obj_en,episode_00016,Main Score,
1417,clean_up,tagextractor_langchain_clp_chat,2_hard_7obj_en,episode_00017,Request Count,35
1418,clean_up,tagextractor_langchain_clp_chat,2_hard_7obj_en,episode_00017,Parsed Request Count,34
1419,clean_up,tagextractor_langchain_clp_chat,2_hard_7obj_en,episode_00017,Violated Request Count,1
1420,clean_up,tagextractor_langchain_clp_chat,2_hard_7obj_en,episode_00017,Request Success Ratio,0.9714285714285714
1421,clean_up,tagextractor_langchain_clp_chat,2_hard_7obj_en,episode_00017,Aborted,1
1422,clean_up,tagextractor_langchain_clp_chat,2_hard_7obj_en,episode_00017,Lose,1
1423,clean_up,tagextractor_langchain_clp_chat,2_hard_7obj_en,episode_00017,Success,0
1424,clean_up,tagextractor_langchain_clp_chat,2_hard_7obj_en,episode_00017,Distance Score,0.1430086176338371
1425,clean_up,tagextractor_langchain_clp_chat,2_hard_7obj_en,episode_00017,Coverage Score,0.1875
1426,clean_up,tagextractor_langchain_clp_chat,2_hard_7obj_en,episode_00017,Penalty Score,0.43333333333333335
1427,clean_up,tagextractor_langchain_clp_chat,2_hard_7obj_en,episode_00017,Moves,"[['Player 1', 'A'], ['Player 2', 'A'], ['Player 1', 'A'], ['Player 2', 'A'], ['Player 1', 'A'], ['Player 2', 'P'], ['Player 1', 'O'], ['Player 2', 'O']]"
1428,clean_up,tagextractor_langchain_clp_chat,2_hard_7obj_en,episode_00017,Init States,"{'state_1': [{'id': 'P', 'coord': [3, 5]}, {'id': 'O', 'coord': [3, 2]}, {'id': 'T', 'coord': [1, 6]}, {'id': 'S', 'coord': [1, 4]}, {'id': 'D', 'coord': [4, 7]}, {'id': 'A', 'coord': [7, 1]}, {'id': 'M', 'coord': [1, 3]}], 'state_2': [{'id': 'P', 'coord': [4, 7]}, {'id': 'O', 'coord': [3, 3]}, {'id': 'T', 'coord': [7, 3]}, {'id': 'S', 'coord': [6, 7]}, {'id': 'D', 'coord': [1, 4]}, {'id': 'A', 'coord': [3, 2]}, {'id': 'M', 'coord': [3, 5]}]}"
1429,clean_up,tagextractor_langchain_clp_chat,2_hard_7obj_en,episode_00017,End States,"{'state_1': [{'id': 'P', 'coord': [3, 5]}, {'id': 'O', 'coord': [3, 1]}, {'id': 'T', 'coord': [1, 6]}, {'id': 'S', 'coord': [1, 4]}, {'id': 'D', 'coord': [4, 7]}, {'id': 'A', 'coord': [2, 7]}, {'id': 'M', 'coord': [1, 3]}], 'state_2': [{'id': 'P', 'coord': [1, 1]}, {'id': 'O', 'coord': [3, 1]}, {'id': 'T', 'coord': [7, 3]}, {'id': 'S', 'coord': [6, 7]}, {'id': 'D', 'coord': [1, 4]}, {'id': 'A', 'coord': [2, 7]}, {'id': 'M', 'coord': [3, 5]}]}"
1430,clean_up,tagextractor_langchain_clp_chat,2_hard_7obj_en,episode_00017,Shifts,2
1431,clean_up,tagextractor_langchain_clp_chat,2_hard_7obj_en,episode_00017,Max Shifts,12
1432,clean_up,tagextractor_langchain_clp_chat,2_hard_7obj_en,episode_00017,Min Shifts,6
1433,clean_up,tagextractor_langchain_clp_chat,2_hard_7obj_en,episode_00017,End Distance Sum,24.082359594209727
1434,clean_up,tagextractor_langchain_clp_chat,2_hard_7obj_en,episode_00017,Init Distance Sum,26.9693972423276
1435,clean_up,tagextractor_langchain_clp_chat,2_hard_7obj_en,episode_00017,Expected Distance Sum,29.331836849219748
1436,clean_up,tagextractor_langchain_clp_chat,2_hard_7obj_en,episode_00017,Penalties,17
1437,clean_up,tagextractor_langchain_clp_chat,2_hard_7obj_en,episode_00017,Max Penalties,16
1438,clean_up,tagextractor_langchain_clp_chat,2_hard_7obj_en,episode_00017,Rounds,9
1439,clean_up,tagextractor_langchain_clp_chat,2_hard_7obj_en,episode_00017,Max Rounds,28
1440,clean_up,tagextractor_langchain_clp_chat,2_hard_7obj_en,episode_00017,Object Count,7
1441,clean_up,tagextractor_langchain_clp_chat,2_hard_7obj_en,episode_00017,Valid Moves,8
1442,clean_up,tagextractor_langchain_clp_chat,2_hard_7obj_en,episode_00017,Invalid Moves,16
1443,clean_up,tagextractor_langchain_clp_chat,2_hard_7obj_en,episode_00017,Parse Errors,1
1444,clean_up,tagextractor_langchain_clp_chat,2_hard_7obj_en,episode_00017,Main Score,
1445,clean_up,tagextractor_langchain_clp_chat,2_hard_7obj_en,episode_00018,Request Count,22
1446,clean_up,tagextractor_langchain_clp_chat,2_hard_7obj_en,episode_00018,Parsed Request Count,21
1447,clean_up,tagextractor_langchain_clp_chat,2_hard_7obj_en,episode_00018,Violated Request Count,1
1448,clean_up,tagextractor_langchain_clp_chat,2_hard_7obj_en,episode_00018,Request Success Ratio,0.9545454545454546
1449,clean_up,tagextractor_langchain_clp_chat,2_hard_7obj_en,episode_00018,Aborted,1
1450,clean_up,tagextractor_langchain_clp_chat,2_hard_7obj_en,episode_00018,Lose,1
1451,clean_up,tagextractor_langchain_clp_chat,2_hard_7obj_en,episode_00018,Success,0
1452,clean_up,tagextractor_langchain_clp_chat,2_hard_7obj_en,episode_00018,Distance Score,0.056062887981400966
1453,clean_up,tagextractor_langchain_clp_chat,2_hard_7obj_en,episode_00018,Coverage Score,0.0625
1454,clean_up,tagextractor_langchain_clp_chat,2_hard_7obj_en,episode_00018,Penalty Score,0.43333333333333335
1455,clean_up,tagextractor_langchain_clp_chat,2_hard_7obj_en,episode_00018,Moves,"[['Player 2', 'P'], ['Player 1', 'P']]"
1456,clean_up,tagextractor_langchain_clp_chat,2_hard_7obj_en,episode_00018,Init States,"{'state_1': [{'id': 'P', 'coord': [1, 2]}, {'id': 'O', 'coord': [7, 1]}, {'id': 'T', 'coord': [3, 7]}, {'id': 'S', 'coord': [3, 6]}, {'id': 'D', 'coord': [1, 6]}, {'id': 'A', 'coord': [1, 7]}, {'id': 'M', 'coord': [3, 1]}], 'state_2': [{'id': 'P', 'coord': [4, 5]}, {'id': 'O', 'coord': [5, 7]}, {'id': 'T', 'coord': [3, 6]}, {'id': 'S', 'coord': [3, 5]}, {'id': 'D', 'coord': [5, 5]}, {'id': 'A', 'coord': [1, 1]}, {'id': 'M', 'coord': [6, 3]}]}"
1457,clean_up,tagextractor_langchain_clp_chat,2_hard_7obj_en,episode_00018,End States,"{'state_1': [{'id': 'P', 'coord': [2, 6]}, {'id': 'O', 'coord': [7, 1]}, {'id': 'T', 'coord': [3, 7]}, {'id': 'S', 'coord': [3, 6]}, {'id': 'D', 'coord': [1, 6]}, {'id': 'A', 'coord': [1, 7]}, {'id': 'M', 'coord': [3, 1]}], 'state_2': [{'id': 'P', 'coord': [1, 2]}, {'id': 'O', 'coord': [5, 7]}, {'id': 'T', 'coord': [3, 6]}, {'id': 'S', 'coord': [3, 5]}, {'id': 'D', 'coord': [5, 5]}, {'id': 'A', 'coord': [1, 1]}, {'id': 'M', 'coord': [6, 3]}]}"
1458,clean_up,tagextractor_langchain_clp_chat,2_hard_7obj_en,episode_00018,Shifts,0
1459,clean_up,tagextractor_langchain_clp_chat,2_hard_7obj_en,episode_00018,Max Shifts,12
1460,clean_up,tagextractor_langchain_clp_chat,2_hard_7obj_en,episode_00018,Min Shifts,6
1461,clean_up,tagextractor_langchain_clp_chat,2_hard_7obj_en,episode_00018,End Distance Sum,26.176317847036067
1462,clean_up,tagextractor_langchain_clp_chat,2_hard_7obj_en,episode_00018,Init Distance Sum,26.295852908537693
1463,clean_up,tagextractor_langchain_clp_chat,2_hard_7obj_en,episode_00018,Expected Distance Sum,29.331836849219748
1464,clean_up,tagextractor_langchain_clp_chat,2_hard_7obj_en,episode_00018,Penalties,17
1465,clean_up,tagextractor_langchain_clp_chat,2_hard_7obj_en,episode_00018,Max Penalties,16
1466,clean_up,tagextractor_langchain_clp_chat,2_hard_7obj_en,episode_00018,Rounds,2
1467,clean_up,tagextractor_langchain_clp_chat,2_hard_7obj_en,episode_00018,Max Rounds,28
1468,clean_up,tagextractor_langchain_clp_chat,2_hard_7obj_en,episode_00018,Object Count,7
1469,clean_up,tagextractor_langchain_clp_chat,2_hard_7obj_en,episode_00018,Valid Moves,2
1470,clean_up,tagextractor_langchain_clp_chat,2_hard_7obj_en,episode_00018,Invalid Moves,16
1471,clean_up,tagextractor_langchain_clp_chat,2_hard_7obj_en,episode_00018,Parse Errors,1
1472,clean_up,tagextractor_langchain_clp_chat,2_hard_7obj_en,episode_00018,Main Score,
1473,codenames,tagextractor_langchain_clp_chat,abstract,episode_00025,experiment variable,Word Concreteness
1474,codenames,tagextractor_langchain_clp_chat,abstract,episode_00025,experiment name,abstract
1475,codenames,tagextractor_langchain_clp_chat,abstract,episode_00025,Cluegiver strip words,0
1476,codenames,tagextractor_langchain_clp_chat,abstract,episode_00025,Guesser strip words,0
1477,codenames,tagextractor_langchain_clp_chat,abstract,episode_00025,Average Cluegiver Number of Targets,0
1478,codenames,tagextractor_langchain_clp_chat,abstract,episode_00025,Average Cluegiver Team Precision,0
1479,codenames,tagextractor_langchain_clp_chat,abstract,episode_00025,Average Cluegiver Team Recall,0.0
1480,codenames,tagextractor_langchain_clp_chat,abstract,episode_00025,Average Cluegiver Team F1,0
1481,codenames,tagextractor_langchain_clp_chat,abstract,episode_00025,Average Guesser Number of Guesses,0
1482,codenames,tagextractor_langchain_clp_chat,abstract,episode_00025,Average Guesser Number of Revealed Words,0
1483,codenames,tagextractor_langchain_clp_chat,abstract,episode_00025,Average Guesser Number of Unrevealed Guesses,0
1484,codenames,tagextractor_langchain_clp_chat,abstract,episode_00025,Average Guesser Target Precision,0
1485,codenames,tagextractor_langchain_clp_chat,abstract,episode_00025,Average Guesser Target Recall,0
1486,codenames,tagextractor_langchain_clp_chat,abstract,episode_00025,Average Guesser Target F1,0
1487,codenames,tagextractor_langchain_clp_chat,abstract,episode_00025,Average Guesser Team Precision,0
1488,codenames,tagextractor_langchain_clp_chat,abstract,episode_00025,Average Guesser Team Recall,0.0
1489,codenames,tagextractor_langchain_clp_chat,abstract,episode_00025,Average Guesser Team F1,0
1490,codenames,tagextractor_langchain_clp_chat,abstract,episode_00025,Aborted,1
1491,codenames,tagextractor_langchain_clp_chat,abstract,episode_00025,Lose,0
1492,codenames,tagextractor_langchain_clp_chat,abstract,episode_00025,Success,0
1493,codenames,tagextractor_langchain_clp_chat,abstract,episode_00025,Game ended through assassin,0
1494,codenames,tagextractor_langchain_clp_chat,abstract,episode_00025,Episode Recall,0.0
1495,codenames,tagextractor_langchain_clp_chat,abstract,episode_00025,Episode Negative Recall,1.0
1496,codenames,tagextractor_langchain_clp_chat,abstract,episode_00025,Number of turns,1
1497,codenames,tagextractor_langchain_clp_chat,abstract,episode_00025,Efficiency,0.0
1498,codenames,tagextractor_langchain_clp_chat,abstract,episode_00025,Request Count,1
1499,codenames,tagextractor_langchain_clp_chat,abstract,episode_00025,Parsed Request Count,0
1500,codenames,tagextractor_langchain_clp_chat,abstract,episode_00025,Violated Request Count,1
1501,codenames,tagextractor_langchain_clp_chat,abstract,episode_00025,Request Success Ratio,0.0
1502,codenames,tagextractor_langchain_clp_chat,abstract,episode_00025,Main Score,
1503,codenames,tagextractor_langchain_clp_chat,abstract,episode_00026,experiment variable,Word Concreteness
1504,codenames,tagextractor_langchain_clp_chat,abstract,episode_00026,experiment name,abstract
1505,codenames,tagextractor_langchain_clp_chat,abstract,episode_00026,Cluegiver strip words,0
1506,codenames,tagextractor_langchain_clp_chat,abstract,episode_00026,Guesser strip words,0
1507,codenames,tagextractor_langchain_clp_chat,abstract,episode_00026,Average Cluegiver Number of Targets,0
1508,codenames,tagextractor_langchain_clp_chat,abstract,episode_00026,Average Cluegiver Team Precision,0
1509,codenames,tagextractor_langchain_clp_chat,abstract,episode_00026,Average Cluegiver Team Recall,0.0
1510,codenames,tagextractor_langchain_clp_chat,abstract,episode_00026,Average Cluegiver Team F1,0
1511,codenames,tagextractor_langchain_clp_chat,abstract,episode_00026,Average Guesser Number of Guesses,0
1512,codenames,tagextractor_langchain_clp_chat,abstract,episode_00026,Average Guesser Number of Revealed Words,0
1513,codenames,tagextractor_langchain_clp_chat,abstract,episode_00026,Average Guesser Number of Unrevealed Guesses,0
1514,codenames,tagextractor_langchain_clp_chat,abstract,episode_00026,Average Guesser Target Precision,0
1515,codenames,tagextractor_langchain_clp_chat,abstract,episode_00026,Average Guesser Target Recall,0
1516,codenames,tagextractor_langchain_clp_chat,abstract,episode_00026,Average Guesser Target F1,0
1517,codenames,tagextractor_langchain_clp_chat,abstract,episode_00026,Average Guesser Team Precision,0
1518,codenames,tagextractor_langchain_clp_chat,abstract,episode_00026,Average Guesser Team Recall,0.0
1519,codenames,tagextractor_langchain_clp_chat,abstract,episode_00026,Average Guesser Team F1,0
1520,codenames,tagextractor_langchain_clp_chat,abstract,episode_00026,Aborted,1
1521,codenames,tagextractor_langchain_clp_chat,abstract,episode_00026,Lose,0
1522,codenames,tagextractor_langchain_clp_chat,abstract,episode_00026,Success,0
1523,codenames,tagextractor_langchain_clp_chat,abstract,episode_00026,Game ended through assassin,0
1524,codenames,tagextractor_langchain_clp_chat,abstract,episode_00026,Episode Recall,0.0
1525,codenames,tagextractor_langchain_clp_chat,abstract,episode_00026,Episode Negative Recall,1.0
1526,codenames,tagextractor_langchain_clp_chat,abstract,episode_00026,Number of turns,1
1527,codenames,tagextractor_langchain_clp_chat,abstract,episode_00026,Efficiency,0.0
1528,codenames,tagextractor_langchain_clp_chat,abstract,episode_00026,Request Count,1
1529,codenames,tagextractor_langchain_clp_chat,abstract,episode_00026,Parsed Request Count,0
1530,codenames,tagextractor_langchain_clp_chat,abstract,episode_00026,Violated Request Count,1
1531,codenames,tagextractor_langchain_clp_chat,abstract,episode_00026,Request Success Ratio,0.0
1532,codenames,tagextractor_langchain_clp_chat,abstract,episode_00026,Main Score,
1533,codenames,tagextractor_langchain_clp_chat,ambiguous,episode_00021,experiment variable,Word Ambiguity
1534,codenames,tagextractor_langchain_clp_chat,ambiguous,episode_00021,experiment name,ambiguous
1535,codenames,tagextractor_langchain_clp_chat,ambiguous,episode_00021,Cluegiver strip words,0
1536,codenames,tagextractor_langchain_clp_chat,ambiguous,episode_00021,Guesser strip words,0
1537,codenames,tagextractor_langchain_clp_chat,ambiguous,episode_00021,Average Cluegiver Number of Targets,0
1538,codenames,tagextractor_langchain_clp_chat,ambiguous,episode_00021,Average Cluegiver Team Precision,0
1539,codenames,tagextractor_langchain_clp_chat,ambiguous,episode_00021,Average Cluegiver Team Recall,0.0
1540,codenames,tagextractor_langchain_clp_chat,ambiguous,episode_00021,Average Cluegiver Team F1,0
1541,codenames,tagextractor_langchain_clp_chat,ambiguous,episode_00021,Average Guesser Number of Guesses,0
1542,codenames,tagextractor_langchain_clp_chat,ambiguous,episode_00021,Average Guesser Number of Revealed Words,0
1543,codenames,tagextractor_langchain_clp_chat,ambiguous,episode_00021,Average Guesser Number of Unrevealed Guesses,0
1544,codenames,tagextractor_langchain_clp_chat,ambiguous,episode_00021,Average Guesser Target Precision,0
1545,codenames,tagextractor_langchain_clp_chat,ambiguous,episode_00021,Average Guesser Target Recall,0
1546,codenames,tagextractor_langchain_clp_chat,ambiguous,episode_00021,Average Guesser Target F1,0
1547,codenames,tagextractor_langchain_clp_chat,ambiguous,episode_00021,Average Guesser Team Precision,0
1548,codenames,tagextractor_langchain_clp_chat,ambiguous,episode_00021,Average Guesser Team Recall,0.0
1549,codenames,tagextractor_langchain_clp_chat,ambiguous,episode_00021,Average Guesser Team F1,0
1550,codenames,tagextractor_langchain_clp_chat,ambiguous,episode_00021,Aborted,1
1551,codenames,tagextractor_langchain_clp_chat,ambiguous,episode_00021,Lose,0
1552,codenames,tagextractor_langchain_clp_chat,ambiguous,episode_00021,Success,0
1553,codenames,tagextractor_langchain_clp_chat,ambiguous,episode_00021,Game ended through assassin,0
1554,codenames,tagextractor_langchain_clp_chat,ambiguous,episode_00021,Episode Recall,0.0
1555,codenames,tagextractor_langchain_clp_chat,ambiguous,episode_00021,Episode Negative Recall,1.0
1556,codenames,tagextractor_langchain_clp_chat,ambiguous,episode_00021,Number of turns,1
1557,codenames,tagextractor_langchain_clp_chat,ambiguous,episode_00021,Efficiency,0.0
1558,codenames,tagextractor_langchain_clp_chat,ambiguous,episode_00021,Request Count,1
1559,codenames,tagextractor_langchain_clp_chat,ambiguous,episode_00021,Parsed Request Count,0
1560,codenames,tagextractor_langchain_clp_chat,ambiguous,episode_00021,Violated Request Count,1
1561,codenames,tagextractor_langchain_clp_chat,ambiguous,episode_00021,Request Success Ratio,0.0
1562,codenames,tagextractor_langchain_clp_chat,ambiguous,episode_00021,Main Score,
1563,codenames,tagextractor_langchain_clp_chat,ambiguous,episode_00022,experiment variable,Word Ambiguity
1564,codenames,tagextractor_langchain_clp_chat,ambiguous,episode_00022,experiment name,ambiguous
1565,codenames,tagextractor_langchain_clp_chat,ambiguous,episode_00022,Cluegiver strip words,0
1566,codenames,tagextractor_langchain_clp_chat,ambiguous,episode_00022,Guesser strip words,0
1567,codenames,tagextractor_langchain_clp_chat,ambiguous,episode_00022,Average Cluegiver Number of Targets,0
1568,codenames,tagextractor_langchain_clp_chat,ambiguous,episode_00022,Average Cluegiver Team Precision,0
1569,codenames,tagextractor_langchain_clp_chat,ambiguous,episode_00022,Average Cluegiver Team Recall,0.0
1570,codenames,tagextractor_langchain_clp_chat,ambiguous,episode_00022,Average Cluegiver Team F1,0
1571,codenames,tagextractor_langchain_clp_chat,ambiguous,episode_00022,Average Guesser Number of Guesses,0
1572,codenames,tagextractor_langchain_clp_chat,ambiguous,episode_00022,Average Guesser Number of Revealed Words,0
1573,codenames,tagextractor_langchain_clp_chat,ambiguous,episode_00022,Average Guesser Number of Unrevealed Guesses,0
1574,codenames,tagextractor_langchain_clp_chat,ambiguous,episode_00022,Average Guesser Target Precision,0
1575,codenames,tagextractor_langchain_clp_chat,ambiguous,episode_00022,Average Guesser Target Recall,0
1576,codenames,tagextractor_langchain_clp_chat,ambiguous,episode_00022,Average Guesser Target F1,0
1577,codenames,tagextractor_langchain_clp_chat,ambiguous,episode_00022,Average Guesser Team Precision,0
1578,codenames,tagextractor_langchain_clp_chat,ambiguous,episode_00022,Average Guesser Team Recall,0.0
1579,codenames,tagextractor_langchain_clp_chat,ambiguous,episode_00022,Average Guesser Team F1,0
1580,codenames,tagextractor_langchain_clp_chat,ambiguous,episode_00022,Aborted,1
1581,codenames,tagextractor_langchain_clp_chat,ambiguous,episode_00022,Lose,0
1582,codenames,tagextractor_langchain_clp_chat,ambiguous,episode_00022,Success,0
1583,codenames,tagextractor_langchain_clp_chat,ambiguous,episode_00022,Game ended through assassin,0
1584,codenames,tagextractor_langchain_clp_chat,ambiguous,episode_00022,Episode Recall,0.0
1585,codenames,tagextractor_langchain_clp_chat,ambiguous,episode_00022,Episode Negative Recall,1.0
1586,codenames,tagextractor_langchain_clp_chat,ambiguous,episode_00022,Number of turns,1
1587,codenames,tagextractor_langchain_clp_chat,ambiguous,episode_00022,Efficiency,0.0
1588,codenames,tagextractor_langchain_clp_chat,ambiguous,episode_00022,Request Count,1
1589,codenames,tagextractor_langchain_clp_chat,ambiguous,episode_00022,Parsed Request Count,0
1590,codenames,tagextractor_langchain_clp_chat,ambiguous,episode_00022,Violated Request Count,1
1591,codenames,tagextractor_langchain_clp_chat,ambiguous,episode_00022,Request Success Ratio,0.0
1592,codenames,tagextractor_langchain_clp_chat,ambiguous,episode_00022,Main Score,
1593,codenames,tagextractor_langchain_clp_chat,association_difficult,episode_00007,experiment variable,Word Assignments
1594,codenames,tagextractor_langchain_clp_chat,association_difficult,episode_00007,experiment name,association_difficult
1595,codenames,tagextractor_langchain_clp_chat,association_difficult,episode_00007,Cluegiver strip words,0
1596,codenames,tagextractor_langchain_clp_chat,association_difficult,episode_00007,Guesser strip words,0
1597,codenames,tagextractor_langchain_clp_chat,association_difficult,episode_00007,Average Cluegiver Number of Targets,5
1598,codenames,tagextractor_langchain_clp_chat,association_difficult,episode_00007,Average Cluegiver Team Precision,1.0
1599,codenames,tagextractor_langchain_clp_chat,association_difficult,episode_00007,Average Cluegiver Team Recall,0.556
1600,codenames,tagextractor_langchain_clp_chat,association_difficult,episode_00007,Average Cluegiver Team F1,0.714
1601,codenames,tagextractor_langchain_clp_chat,association_difficult,episode_00007,Average Guesser Number of Guesses,0
1602,codenames,tagextractor_langchain_clp_chat,association_difficult,episode_00007,Average Guesser Number of Revealed Words,0
1603,codenames,tagextractor_langchain_clp_chat,association_difficult,episode_00007,Average Guesser Number of Unrevealed Guesses,0
1604,codenames,tagextractor_langchain_clp_chat,association_difficult,episode_00007,Average Guesser Target Precision,0
1605,codenames,tagextractor_langchain_clp_chat,association_difficult,episode_00007,Average Guesser Target Recall,0.0
1606,codenames,tagextractor_langchain_clp_chat,association_difficult,episode_00007,Average Guesser Target F1,0
1607,codenames,tagextractor_langchain_clp_chat,association_difficult,episode_00007,Average Guesser Team Precision,0
1608,codenames,tagextractor_langchain_clp_chat,association_difficult,episode_00007,Average Guesser Team Recall,0.0
1609,codenames,tagextractor_langchain_clp_chat,association_difficult,episode_00007,Average Guesser Team F1,0
1610,codenames,tagextractor_langchain_clp_chat,association_difficult,episode_00007,Aborted,1
1611,codenames,tagextractor_langchain_clp_chat,association_difficult,episode_00007,Lose,0
1612,codenames,tagextractor_langchain_clp_chat,association_difficult,episode_00007,Success,0
1613,codenames,tagextractor_langchain_clp_chat,association_difficult,episode_00007,Game ended through assassin,0
1614,codenames,tagextractor_langchain_clp_chat,association_difficult,episode_00007,Episode Recall,0.0
1615,codenames,tagextractor_langchain_clp_chat,association_difficult,episode_00007,Episode Negative Recall,1.0
1616,codenames,tagextractor_langchain_clp_chat,association_difficult,episode_00007,Number of turns,2
1617,codenames,tagextractor_langchain_clp_chat,association_difficult,episode_00007,Efficiency,0.0
1618,codenames,tagextractor_langchain_clp_chat,association_difficult,episode_00007,Request Count,2
1619,codenames,tagextractor_langchain_clp_chat,association_difficult,episode_00007,Parsed Request Count,1
1620,codenames,tagextractor_langchain_clp_chat,association_difficult,episode_00007,Violated Request Count,1
1621,codenames,tagextractor_langchain_clp_chat,association_difficult,episode_00007,Request Success Ratio,0.5
1622,codenames,tagextractor_langchain_clp_chat,association_difficult,episode_00007,Main Score,
1623,codenames,tagextractor_langchain_clp_chat,association_difficult,episode_00008,experiment variable,Word Assignments
1624,codenames,tagextractor_langchain_clp_chat,association_difficult,episode_00008,experiment name,association_difficult
1625,codenames,tagextractor_langchain_clp_chat,association_difficult,episode_00008,Cluegiver strip words,0
1626,codenames,tagextractor_langchain_clp_chat,association_difficult,episode_00008,Guesser strip words,0
1627,codenames,tagextractor_langchain_clp_chat,association_difficult,episode_00008,Average Cluegiver Number of Targets,0
1628,codenames,tagextractor_langchain_clp_chat,association_difficult,episode_00008,Average Cluegiver Team Precision,0
1629,codenames,tagextractor_langchain_clp_chat,association_difficult,episode_00008,Average Cluegiver Team Recall,0.0
1630,codenames,tagextractor_langchain_clp_chat,association_difficult,episode_00008,Average Cluegiver Team F1,0
1631,codenames,tagextractor_langchain_clp_chat,association_difficult,episode_00008,Average Guesser Number of Guesses,0
1632,codenames,tagextractor_langchain_clp_chat,association_difficult,episode_00008,Average Guesser Number of Revealed Words,0
1633,codenames,tagextractor_langchain_clp_chat,association_difficult,episode_00008,Average Guesser Number of Unrevealed Guesses,0
1634,codenames,tagextractor_langchain_clp_chat,association_difficult,episode_00008,Average Guesser Target Precision,0
1635,codenames,tagextractor_langchain_clp_chat,association_difficult,episode_00008,Average Guesser Target Recall,0
1636,codenames,tagextractor_langchain_clp_chat,association_difficult,episode_00008,Average Guesser Target F1,0
1637,codenames,tagextractor_langchain_clp_chat,association_difficult,episode_00008,Average Guesser Team Precision,0
1638,codenames,tagextractor_langchain_clp_chat,association_difficult,episode_00008,Average Guesser Team Recall,0.0
1639,codenames,tagextractor_langchain_clp_chat,association_difficult,episode_00008,Average Guesser Team F1,0
1640,codenames,tagextractor_langchain_clp_chat,association_difficult,episode_00008,Aborted,1
1641,codenames,tagextractor_langchain_clp_chat,association_difficult,episode_00008,Lose,0
1642,codenames,tagextractor_langchain_clp_chat,association_difficult,episode_00008,Success,0
1643,codenames,tagextractor_langchain_clp_chat,association_difficult,episode_00008,Game ended through assassin,0
1644,codenames,tagextractor_langchain_clp_chat,association_difficult,episode_00008,Episode Recall,0.0
1645,codenames,tagextractor_langchain_clp_chat,association_difficult,episode_00008,Episode Negative Recall,1.0
1646,codenames,tagextractor_langchain_clp_chat,association_difficult,episode_00008,Number of turns,1
1647,codenames,tagextractor_langchain_clp_chat,association_difficult,episode_00008,Efficiency,0.0
1648,codenames,tagextractor_langchain_clp_chat,association_difficult,episode_00008,Request Count,1
1649,codenames,tagextractor_langchain_clp_chat,association_difficult,episode_00008,Parsed Request Count,0
1650,codenames,tagextractor_langchain_clp_chat,association_difficult,episode_00008,Violated Request Count,1
1651,codenames,tagextractor_langchain_clp_chat,association_difficult,episode_00008,Request Success Ratio,0.0
1652,codenames,tagextractor_langchain_clp_chat,association_difficult,episode_00008,Main Score,
1653,codenames,tagextractor_langchain_clp_chat,association_easy,episode_00005,experiment variable,Word Assignments
1654,codenames,tagextractor_langchain_clp_chat,association_easy,episode_00005,experiment name,association_easy
1655,codenames,tagextractor_langchain_clp_chat,association_easy,episode_00005,Cluegiver strip words,0
1656,codenames,tagextractor_langchain_clp_chat,association_easy,episode_00005,Guesser strip words,0
1657,codenames,tagextractor_langchain_clp_chat,association_easy,episode_00005,Average Cluegiver Number of Targets,0
1658,codenames,tagextractor_langchain_clp_chat,association_easy,episode_00005,Average Cluegiver Team Precision,0
1659,codenames,tagextractor_langchain_clp_chat,association_easy,episode_00005,Average Cluegiver Team Recall,0.0
1660,codenames,tagextractor_langchain_clp_chat,association_easy,episode_00005,Average Cluegiver Team F1,0
1661,codenames,tagextractor_langchain_clp_chat,association_easy,episode_00005,Average Guesser Number of Guesses,0
1662,codenames,tagextractor_langchain_clp_chat,association_easy,episode_00005,Average Guesser Number of Revealed Words,0
1663,codenames,tagextractor_langchain_clp_chat,association_easy,episode_00005,Average Guesser Number of Unrevealed Guesses,0
1664,codenames,tagextractor_langchain_clp_chat,association_easy,episode_00005,Average Guesser Target Precision,0
1665,codenames,tagextractor_langchain_clp_chat,association_easy,episode_00005,Average Guesser Target Recall,0
1666,codenames,tagextractor_langchain_clp_chat,association_easy,episode_00005,Average Guesser Target F1,0
1667,codenames,tagextractor_langchain_clp_chat,association_easy,episode_00005,Average Guesser Team Precision,0
1668,codenames,tagextractor_langchain_clp_chat,association_easy,episode_00005,Average Guesser Team Recall,0.0
1669,codenames,tagextractor_langchain_clp_chat,association_easy,episode_00005,Average Guesser Team F1,0
1670,codenames,tagextractor_langchain_clp_chat,association_easy,episode_00005,Aborted,1
1671,codenames,tagextractor_langchain_clp_chat,association_easy,episode_00005,Lose,0
1672,codenames,tagextractor_langchain_clp_chat,association_easy,episode_00005,Success,0
1673,codenames,tagextractor_langchain_clp_chat,association_easy,episode_00005,Game ended through assassin,0
1674,codenames,tagextractor_langchain_clp_chat,association_easy,episode_00005,Episode Recall,0.0
1675,codenames,tagextractor_langchain_clp_chat,association_easy,episode_00005,Episode Negative Recall,1.0
1676,codenames,tagextractor_langchain_clp_chat,association_easy,episode_00005,Number of turns,1
1677,codenames,tagextractor_langchain_clp_chat,association_easy,episode_00005,Efficiency,0.0
1678,codenames,tagextractor_langchain_clp_chat,association_easy,episode_00005,Request Count,1
1679,codenames,tagextractor_langchain_clp_chat,association_easy,episode_00005,Parsed Request Count,0
1680,codenames,tagextractor_langchain_clp_chat,association_easy,episode_00005,Violated Request Count,1
1681,codenames,tagextractor_langchain_clp_chat,association_easy,episode_00005,Request Success Ratio,0.0
1682,codenames,tagextractor_langchain_clp_chat,association_easy,episode_00005,Main Score,
1683,codenames,tagextractor_langchain_clp_chat,association_easy,episode_00006,experiment variable,Word Assignments
1684,codenames,tagextractor_langchain_clp_chat,association_easy,episode_00006,experiment name,association_easy
1685,codenames,tagextractor_langchain_clp_chat,association_easy,episode_00006,Cluegiver strip words,0
1686,codenames,tagextractor_langchain_clp_chat,association_easy,episode_00006,Guesser strip words,0
1687,codenames,tagextractor_langchain_clp_chat,association_easy,episode_00006,Average Cluegiver Number of Targets,0
1688,codenames,tagextractor_langchain_clp_chat,association_easy,episode_00006,Average Cluegiver Team Precision,0
1689,codenames,tagextractor_langchain_clp_chat,association_easy,episode_00006,Average Cluegiver Team Recall,0.0
1690,codenames,tagextractor_langchain_clp_chat,association_easy,episode_00006,Average Cluegiver Team F1,0
1691,codenames,tagextractor_langchain_clp_chat,association_easy,episode_00006,Average Guesser Number of Guesses,0
1692,codenames,tagextractor_langchain_clp_chat,association_easy,episode_00006,Average Guesser Number of Revealed Words,0
1693,codenames,tagextractor_langchain_clp_chat,association_easy,episode_00006,Average Guesser Number of Unrevealed Guesses,0
1694,codenames,tagextractor_langchain_clp_chat,association_easy,episode_00006,Average Guesser Target Precision,0
1695,codenames,tagextractor_langchain_clp_chat,association_easy,episode_00006,Average Guesser Target Recall,0
1696,codenames,tagextractor_langchain_clp_chat,association_easy,episode_00006,Average Guesser Target F1,0
1697,codenames,tagextractor_langchain_clp_chat,association_easy,episode_00006,Average Guesser Team Precision,0
1698,codenames,tagextractor_langchain_clp_chat,association_easy,episode_00006,Average Guesser Team Recall,0.0
1699,codenames,tagextractor_langchain_clp_chat,association_easy,episode_00006,Average Guesser Team F1,0
1700,codenames,tagextractor_langchain_clp_chat,association_easy,episode_00006,Aborted,1
1701,codenames,tagextractor_langchain_clp_chat,association_easy,episode_00006,Lose,0
1702,codenames,tagextractor_langchain_clp_chat,association_easy,episode_00006,Success,0
1703,codenames,tagextractor_langchain_clp_chat,association_easy,episode_00006,Game ended through assassin,0
1704,codenames,tagextractor_langchain_clp_chat,association_easy,episode_00006,Episode Recall,0.0
1705,codenames,tagextractor_langchain_clp_chat,association_easy,episode_00006,Episode Negative Recall,1.0
1706,codenames,tagextractor_langchain_clp_chat,association_easy,episode_00006,Number of turns,1
1707,codenames,tagextractor_langchain_clp_chat,association_easy,episode_00006,Efficiency,0.0
1708,codenames,tagextractor_langchain_clp_chat,association_easy,episode_00006,Request Count,1
1709,codenames,tagextractor_langchain_clp_chat,association_easy,episode_00006,Parsed Request Count,0
1710,codenames,tagextractor_langchain_clp_chat,association_easy,episode_00006,Violated Request Count,1
1711,codenames,tagextractor_langchain_clp_chat,association_easy,episode_00006,Request Success Ratio,0.0
1712,codenames,tagextractor_langchain_clp_chat,association_easy,episode_00006,Main Score,
1713,codenames,tagextractor_langchain_clp_chat,concrete,episode_00023,experiment variable,Word Concreteness
1714,codenames,tagextractor_langchain_clp_chat,concrete,episode_00023,experiment name,concrete
1715,codenames,tagextractor_langchain_clp_chat,concrete,episode_00023,Cluegiver strip words,0
1716,codenames,tagextractor_langchain_clp_chat,concrete,episode_00023,Guesser strip words,0
1717,codenames,tagextractor_langchain_clp_chat,concrete,episode_00023,Average Cluegiver Number of Targets,0
1718,codenames,tagextractor_langchain_clp_chat,concrete,episode_00023,Average Cluegiver Team Precision,0
1719,codenames,tagextractor_langchain_clp_chat,concrete,episode_00023,Average Cluegiver Team Recall,0.0
1720,codenames,tagextractor_langchain_clp_chat,concrete,episode_00023,Average Cluegiver Team F1,0
1721,codenames,tagextractor_langchain_clp_chat,concrete,episode_00023,Average Guesser Number of Guesses,0
1722,codenames,tagextractor_langchain_clp_chat,concrete,episode_00023,Average Guesser Number of Revealed Words,0
1723,codenames,tagextractor_langchain_clp_chat,concrete,episode_00023,Average Guesser Number of Unrevealed Guesses,0
1724,codenames,tagextractor_langchain_clp_chat,concrete,episode_00023,Average Guesser Target Precision,0
1725,codenames,tagextractor_langchain_clp_chat,concrete,episode_00023,Average Guesser Target Recall,0
1726,codenames,tagextractor_langchain_clp_chat,concrete,episode_00023,Average Guesser Target F1,0
1727,codenames,tagextractor_langchain_clp_chat,concrete,episode_00023,Average Guesser Team Precision,0
1728,codenames,tagextractor_langchain_clp_chat,concrete,episode_00023,Average Guesser Team Recall,0.0
1729,codenames,tagextractor_langchain_clp_chat,concrete,episode_00023,Average Guesser Team F1,0
1730,codenames,tagextractor_langchain_clp_chat,concrete,episode_00023,Aborted,1
1731,codenames,tagextractor_langchain_clp_chat,concrete,episode_00023,Lose,0
1732,codenames,tagextractor_langchain_clp_chat,concrete,episode_00023,Success,0
1733,codenames,tagextractor_langchain_clp_chat,concrete,episode_00023,Game ended through assassin,0
1734,codenames,tagextractor_langchain_clp_chat,concrete,episode_00023,Episode Recall,0.0
1735,codenames,tagextractor_langchain_clp_chat,concrete,episode_00023,Episode Negative Recall,1.0
1736,codenames,tagextractor_langchain_clp_chat,concrete,episode_00023,Number of turns,1
1737,codenames,tagextractor_langchain_clp_chat,concrete,episode_00023,Efficiency,0.0
1738,codenames,tagextractor_langchain_clp_chat,concrete,episode_00023,Request Count,1
1739,codenames,tagextractor_langchain_clp_chat,concrete,episode_00023,Parsed Request Count,0
1740,codenames,tagextractor_langchain_clp_chat,concrete,episode_00023,Violated Request Count,1
1741,codenames,tagextractor_langchain_clp_chat,concrete,episode_00023,Request Success Ratio,0.0
1742,codenames,tagextractor_langchain_clp_chat,concrete,episode_00023,Main Score,
1743,codenames,tagextractor_langchain_clp_chat,concrete,episode_00024,experiment variable,Word Concreteness
1744,codenames,tagextractor_langchain_clp_chat,concrete,episode_00024,experiment name,concrete
1745,codenames,tagextractor_langchain_clp_chat,concrete,episode_00024,Cluegiver strip words,0
1746,codenames,tagextractor_langchain_clp_chat,concrete,episode_00024,Guesser strip words,0
1747,codenames,tagextractor_langchain_clp_chat,concrete,episode_00024,Average Cluegiver Number of Targets,0
1748,codenames,tagextractor_langchain_clp_chat,concrete,episode_00024,Average Cluegiver Team Precision,0
1749,codenames,tagextractor_langchain_clp_chat,concrete,episode_00024,Average Cluegiver Team Recall,0.0
1750,codenames,tagextractor_langchain_clp_chat,concrete,episode_00024,Average Cluegiver Team F1,0
1751,codenames,tagextractor_langchain_clp_chat,concrete,episode_00024,Average Guesser Number of Guesses,0
1752,codenames,tagextractor_langchain_clp_chat,concrete,episode_00024,Average Guesser Number of Revealed Words,0
1753,codenames,tagextractor_langchain_clp_chat,concrete,episode_00024,Average Guesser Number of Unrevealed Guesses,0
1754,codenames,tagextractor_langchain_clp_chat,concrete,episode_00024,Average Guesser Target Precision,0
1755,codenames,tagextractor_langchain_clp_chat,concrete,episode_00024,Average Guesser Target Recall,0
1756,codenames,tagextractor_langchain_clp_chat,concrete,episode_00024,Average Guesser Target F1,0
1757,codenames,tagextractor_langchain_clp_chat,concrete,episode_00024,Average Guesser Team Precision,0
1758,codenames,tagextractor_langchain_clp_chat,concrete,episode_00024,Average Guesser Team Recall,0.0
1759,codenames,tagextractor_langchain_clp_chat,concrete,episode_00024,Average Guesser Team F1,0
1760,codenames,tagextractor_langchain_clp_chat,concrete,episode_00024,Aborted,1
1761,codenames,tagextractor_langchain_clp_chat,concrete,episode_00024,Lose,0
1762,codenames,tagextractor_langchain_clp_chat,concrete,episode_00024,Success,0
1763,codenames,tagextractor_langchain_clp_chat,concrete,episode_00024,Game ended through assassin,0
1764,codenames,tagextractor_langchain_clp_chat,concrete,episode_00024,Episode Recall,0.0
1765,codenames,tagextractor_langchain_clp_chat,concrete,episode_00024,Episode Negative Recall,1.0
1766,codenames,tagextractor_langchain_clp_chat,concrete,episode_00024,Number of turns,1
1767,codenames,tagextractor_langchain_clp_chat,concrete,episode_00024,Efficiency,0.0
1768,codenames,tagextractor_langchain_clp_chat,concrete,episode_00024,Request Count,1
1769,codenames,tagextractor_langchain_clp_chat,concrete,episode_00024,Parsed Request Count,0
1770,codenames,tagextractor_langchain_clp_chat,concrete,episode_00024,Violated Request Count,1
1771,codenames,tagextractor_langchain_clp_chat,concrete,episode_00024,Request Success Ratio,0.0
1772,codenames,tagextractor_langchain_clp_chat,concrete,episode_00024,Main Score,
1773,codenames,tagextractor_langchain_clp_chat,frequency_high,episode_00017,experiment variable,Word Frequency
1774,codenames,tagextractor_langchain_clp_chat,frequency_high,episode_00017,experiment name,frequency_high
1775,codenames,tagextractor_langchain_clp_chat,frequency_high,episode_00017,Cluegiver strip words,0
1776,codenames,tagextractor_langchain_clp_chat,frequency_high,episode_00017,Guesser strip words,0
1777,codenames,tagextractor_langchain_clp_chat,frequency_high,episode_00017,Average Cluegiver Number of Targets,0
1778,codenames,tagextractor_langchain_clp_chat,frequency_high,episode_00017,Average Cluegiver Team Precision,0
1779,codenames,tagextractor_langchain_clp_chat,frequency_high,episode_00017,Average Cluegiver Team Recall,0.0
1780,codenames,tagextractor_langchain_clp_chat,frequency_high,episode_00017,Average Cluegiver Team F1,0
1781,codenames,tagextractor_langchain_clp_chat,frequency_high,episode_00017,Average Guesser Number of Guesses,0
1782,codenames,tagextractor_langchain_clp_chat,frequency_high,episode_00017,Average Guesser Number of Revealed Words,0
1783,codenames,tagextractor_langchain_clp_chat,frequency_high,episode_00017,Average Guesser Number of Unrevealed Guesses,0
1784,codenames,tagextractor_langchain_clp_chat,frequency_high,episode_00017,Average Guesser Target Precision,0
1785,codenames,tagextractor_langchain_clp_chat,frequency_high,episode_00017,Average Guesser Target Recall,0
1786,codenames,tagextractor_langchain_clp_chat,frequency_high,episode_00017,Average Guesser Target F1,0
1787,codenames,tagextractor_langchain_clp_chat,frequency_high,episode_00017,Average Guesser Team Precision,0
1788,codenames,tagextractor_langchain_clp_chat,frequency_high,episode_00017,Average Guesser Team Recall,0.0
1789,codenames,tagextractor_langchain_clp_chat,frequency_high,episode_00017,Average Guesser Team F1,0
1790,codenames,tagextractor_langchain_clp_chat,frequency_high,episode_00017,Aborted,1
1791,codenames,tagextractor_langchain_clp_chat,frequency_high,episode_00017,Lose,0
1792,codenames,tagextractor_langchain_clp_chat,frequency_high,episode_00017,Success,0
1793,codenames,tagextractor_langchain_clp_chat,frequency_high,episode_00017,Game ended through assassin,0
1794,codenames,tagextractor_langchain_clp_chat,frequency_high,episode_00017,Episode Recall,0.0
1795,codenames,tagextractor_langchain_clp_chat,frequency_high,episode_00017,Episode Negative Recall,1.0
1796,codenames,tagextractor_langchain_clp_chat,frequency_high,episode_00017,Number of turns,1
1797,codenames,tagextractor_langchain_clp_chat,frequency_high,episode_00017,Efficiency,0.0
1798,codenames,tagextractor_langchain_clp_chat,frequency_high,episode_00017,Request Count,1
1799,codenames,tagextractor_langchain_clp_chat,frequency_high,episode_00017,Parsed Request Count,0
1800,codenames,tagextractor_langchain_clp_chat,frequency_high,episode_00017,Violated Request Count,1
1801,codenames,tagextractor_langchain_clp_chat,frequency_high,episode_00017,Request Success Ratio,0.0
1802,codenames,tagextractor_langchain_clp_chat,frequency_high,episode_00017,Main Score,
1803,codenames,tagextractor_langchain_clp_chat,frequency_high,episode_00018,experiment variable,Word Frequency
1804,codenames,tagextractor_langchain_clp_chat,frequency_high,episode_00018,experiment name,frequency_high
1805,codenames,tagextractor_langchain_clp_chat,frequency_high,episode_00018,Cluegiver strip words,0
1806,codenames,tagextractor_langchain_clp_chat,frequency_high,episode_00018,Guesser strip words,0
1807,codenames,tagextractor_langchain_clp_chat,frequency_high,episode_00018,Average Cluegiver Number of Targets,0
1808,codenames,tagextractor_langchain_clp_chat,frequency_high,episode_00018,Average Cluegiver Team Precision,0
1809,codenames,tagextractor_langchain_clp_chat,frequency_high,episode_00018,Average Cluegiver Team Recall,0.0
1810,codenames,tagextractor_langchain_clp_chat,frequency_high,episode_00018,Average Cluegiver Team F1,0
1811,codenames,tagextractor_langchain_clp_chat,frequency_high,episode_00018,Average Guesser Number of Guesses,0
1812,codenames,tagextractor_langchain_clp_chat,frequency_high,episode_00018,Average Guesser Number of Revealed Words,0
1813,codenames,tagextractor_langchain_clp_chat,frequency_high,episode_00018,Average Guesser Number of Unrevealed Guesses,0
1814,codenames,tagextractor_langchain_clp_chat,frequency_high,episode_00018,Average Guesser Target Precision,0
1815,codenames,tagextractor_langchain_clp_chat,frequency_high,episode_00018,Average Guesser Target Recall,0
1816,codenames,tagextractor_langchain_clp_chat,frequency_high,episode_00018,Average Guesser Target F1,0
1817,codenames,tagextractor_langchain_clp_chat,frequency_high,episode_00018,Average Guesser Team Precision,0
1818,codenames,tagextractor_langchain_clp_chat,frequency_high,episode_00018,Average Guesser Team Recall,0.0
1819,codenames,tagextractor_langchain_clp_chat,frequency_high,episode_00018,Average Guesser Team F1,0
1820,codenames,tagextractor_langchain_clp_chat,frequency_high,episode_00018,Aborted,1
1821,codenames,tagextractor_langchain_clp_chat,frequency_high,episode_00018,Lose,0
1822,codenames,tagextractor_langchain_clp_chat,frequency_high,episode_00018,Success,0
1823,codenames,tagextractor_langchain_clp_chat,frequency_high,episode_00018,Game ended through assassin,0
1824,codenames,tagextractor_langchain_clp_chat,frequency_high,episode_00018,Episode Recall,0.0
1825,codenames,tagextractor_langchain_clp_chat,frequency_high,episode_00018,Episode Negative Recall,1.0
1826,codenames,tagextractor_langchain_clp_chat,frequency_high,episode_00018,Number of turns,1
1827,codenames,tagextractor_langchain_clp_chat,frequency_high,episode_00018,Efficiency,0.0
1828,codenames,tagextractor_langchain_clp_chat,frequency_high,episode_00018,Request Count,1
1829,codenames,tagextractor_langchain_clp_chat,frequency_high,episode_00018,Parsed Request Count,0
1830,codenames,tagextractor_langchain_clp_chat,frequency_high,episode_00018,Violated Request Count,1
1831,codenames,tagextractor_langchain_clp_chat,frequency_high,episode_00018,Request Success Ratio,0.0
1832,codenames,tagextractor_langchain_clp_chat,frequency_high,episode_00018,Main Score,
1833,codenames,tagextractor_langchain_clp_chat,frequency_low,episode_00015,experiment variable,Word Frequency
1834,codenames,tagextractor_langchain_clp_chat,frequency_low,episode_00015,experiment name,frequency_low
1835,codenames,tagextractor_langchain_clp_chat,frequency_low,episode_00015,Cluegiver strip words,0
1836,codenames,tagextractor_langchain_clp_chat,frequency_low,episode_00015,Guesser strip words,0
1837,codenames,tagextractor_langchain_clp_chat,frequency_low,episode_00015,Average Cluegiver Number of Targets,0
1838,codenames,tagextractor_langchain_clp_chat,frequency_low,episode_00015,Average Cluegiver Team Precision,0
1839,codenames,tagextractor_langchain_clp_chat,frequency_low,episode_00015,Average Cluegiver Team Recall,0.0
1840,codenames,tagextractor_langchain_clp_chat,frequency_low,episode_00015,Average Cluegiver Team F1,0
1841,codenames,tagextractor_langchain_clp_chat,frequency_low,episode_00015,Average Guesser Number of Guesses,0
1842,codenames,tagextractor_langchain_clp_chat,frequency_low,episode_00015,Average Guesser Number of Revealed Words,0
1843,codenames,tagextractor_langchain_clp_chat,frequency_low,episode_00015,Average Guesser Number of Unrevealed Guesses,0
1844,codenames,tagextractor_langchain_clp_chat,frequency_low,episode_00015,Average Guesser Target Precision,0
1845,codenames,tagextractor_langchain_clp_chat,frequency_low,episode_00015,Average Guesser Target Recall,0
1846,codenames,tagextractor_langchain_clp_chat,frequency_low,episode_00015,Average Guesser Target F1,0
1847,codenames,tagextractor_langchain_clp_chat,frequency_low,episode_00015,Average Guesser Team Precision,0
1848,codenames,tagextractor_langchain_clp_chat,frequency_low,episode_00015,Average Guesser Team Recall,0.0
1849,codenames,tagextractor_langchain_clp_chat,frequency_low,episode_00015,Average Guesser Team F1,0
1850,codenames,tagextractor_langchain_clp_chat,frequency_low,episode_00015,Aborted,1
1851,codenames,tagextractor_langchain_clp_chat,frequency_low,episode_00015,Lose,0
1852,codenames,tagextractor_langchain_clp_chat,frequency_low,episode_00015,Success,0
1853,codenames,tagextractor_langchain_clp_chat,frequency_low,episode_00015,Game ended through assassin,0
1854,codenames,tagextractor_langchain_clp_chat,frequency_low,episode_00015,Episode Recall,0.0
1855,codenames,tagextractor_langchain_clp_chat,frequency_low,episode_00015,Episode Negative Recall,1.0
1856,codenames,tagextractor_langchain_clp_chat,frequency_low,episode_00015,Number of turns,1
1857,codenames,tagextractor_langchain_clp_chat,frequency_low,episode_00015,Efficiency,0.0
1858,codenames,tagextractor_langchain_clp_chat,frequency_low,episode_00015,Request Count,1
1859,codenames,tagextractor_langchain_clp_chat,frequency_low,episode_00015,Parsed Request Count,0
1860,codenames,tagextractor_langchain_clp_chat,frequency_low,episode_00015,Violated Request Count,1
1861,codenames,tagextractor_langchain_clp_chat,frequency_low,episode_00015,Request Success Ratio,0.0
1862,codenames,tagextractor_langchain_clp_chat,frequency_low,episode_00015,Main Score,
1863,codenames,tagextractor_langchain_clp_chat,frequency_low,episode_00016,experiment variable,Word Frequency
1864,codenames,tagextractor_langchain_clp_chat,frequency_low,episode_00016,experiment name,frequency_low
1865,codenames,tagextractor_langchain_clp_chat,frequency_low,episode_00016,Cluegiver strip words,0
1866,codenames,tagextractor_langchain_clp_chat,frequency_low,episode_00016,Guesser strip words,0
1867,codenames,tagextractor_langchain_clp_chat,frequency_low,episode_00016,Average Cluegiver Number of Targets,6.571
1868,codenames,tagextractor_langchain_clp_chat,frequency_low,episode_00016,Average Cluegiver Team Precision,0.971
1869,codenames,tagextractor_langchain_clp_chat,frequency_low,episode_00016,Average Cluegiver Team Recall,0.984
1870,codenames,tagextractor_langchain_clp_chat,frequency_low,episode_00016,Average Cluegiver Team F1,0.977
1871,codenames,tagextractor_langchain_clp_chat,frequency_low,episode_00016,Average Guesser Number of Guesses,6
1872,codenames,tagextractor_langchain_clp_chat,frequency_low,episode_00016,Average Guesser Number of Revealed Words,1.571
1873,codenames,tagextractor_langchain_clp_chat,frequency_low,episode_00016,Average Guesser Number of Unrevealed Guesses,4.429
1874,codenames,tagextractor_langchain_clp_chat,frequency_low,episode_00016,Average Guesser Target Precision,0.381
1875,codenames,tagextractor_langchain_clp_chat,frequency_low,episode_00016,Average Guesser Target Recall,0.116
1876,codenames,tagextractor_langchain_clp_chat,frequency_low,episode_00016,Average Guesser Target F1,0.174
1877,codenames,tagextractor_langchain_clp_chat,frequency_low,episode_00016,Average Guesser Team Precision,0.31
1878,codenames,tagextractor_langchain_clp_chat,frequency_low,episode_00016,Average Guesser Team Recall,0.103
1879,codenames,tagextractor_langchain_clp_chat,frequency_low,episode_00016,Average Guesser Team F1,0.153
1880,codenames,tagextractor_langchain_clp_chat,frequency_low,episode_00016,Aborted,0
1881,codenames,tagextractor_langchain_clp_chat,frequency_low,episode_00016,Lose,1
1882,codenames,tagextractor_langchain_clp_chat,frequency_low,episode_00016,Success,0
1883,codenames,tagextractor_langchain_clp_chat,frequency_low,episode_00016,Game ended through assassin,0
1884,codenames,tagextractor_langchain_clp_chat,frequency_low,episode_00016,Episode Recall,0.556
1885,codenames,tagextractor_langchain_clp_chat,frequency_low,episode_00016,Episode Negative Recall,0.625
1886,codenames,tagextractor_langchain_clp_chat,frequency_low,episode_00016,Number of turns,7
1887,codenames,tagextractor_langchain_clp_chat,frequency_low,episode_00016,Efficiency,1
1888,codenames,tagextractor_langchain_clp_chat,frequency_low,episode_00016,Request Count,13
1889,codenames,tagextractor_langchain_clp_chat,frequency_low,episode_00016,Parsed Request Count,13
1890,codenames,tagextractor_langchain_clp_chat,frequency_low,episode_00016,Violated Request Count,0
1891,codenames,tagextractor_langchain_clp_chat,frequency_low,episode_00016,Request Success Ratio,1.0
1892,codenames,tagextractor_langchain_clp_chat,frequency_low,episode_00016,Main Score,0
1893,codenames,tagextractor_langchain_clp_chat,opponent_difficult,episode_00013,experiment variable,Opponent Difficulty
1894,codenames,tagextractor_langchain_clp_chat,opponent_difficult,episode_00013,experiment name,opponent_difficult
1895,codenames,tagextractor_langchain_clp_chat,opponent_difficult,episode_00013,Cluegiver strip words,0
1896,codenames,tagextractor_langchain_clp_chat,opponent_difficult,episode_00013,Guesser strip words,0
1897,codenames,tagextractor_langchain_clp_chat,opponent_difficult,episode_00013,Average Cluegiver Number of Targets,0
1898,codenames,tagextractor_langchain_clp_chat,opponent_difficult,episode_00013,Average Cluegiver Team Precision,0
1899,codenames,tagextractor_langchain_clp_chat,opponent_difficult,episode_00013,Average Cluegiver Team Recall,0.0
1900,codenames,tagextractor_langchain_clp_chat,opponent_difficult,episode_00013,Average Cluegiver Team F1,0
1901,codenames,tagextractor_langchain_clp_chat,opponent_difficult,episode_00013,Average Guesser Number of Guesses,0
1902,codenames,tagextractor_langchain_clp_chat,opponent_difficult,episode_00013,Average Guesser Number of Revealed Words,0
1903,codenames,tagextractor_langchain_clp_chat,opponent_difficult,episode_00013,Average Guesser Number of Unrevealed Guesses,0
1904,codenames,tagextractor_langchain_clp_chat,opponent_difficult,episode_00013,Average Guesser Target Precision,0
1905,codenames,tagextractor_langchain_clp_chat,opponent_difficult,episode_00013,Average Guesser Target Recall,0
1906,codenames,tagextractor_langchain_clp_chat,opponent_difficult,episode_00013,Average Guesser Target F1,0
1907,codenames,tagextractor_langchain_clp_chat,opponent_difficult,episode_00013,Average Guesser Team Precision,0
1908,codenames,tagextractor_langchain_clp_chat,opponent_difficult,episode_00013,Average Guesser Team Recall,0.0
1909,codenames,tagextractor_langchain_clp_chat,opponent_difficult,episode_00013,Average Guesser Team F1,0
1910,codenames,tagextractor_langchain_clp_chat,opponent_difficult,episode_00013,Aborted,1
1911,codenames,tagextractor_langchain_clp_chat,opponent_difficult,episode_00013,Lose,0
1912,codenames,tagextractor_langchain_clp_chat,opponent_difficult,episode_00013,Success,0
1913,codenames,tagextractor_langchain_clp_chat,opponent_difficult,episode_00013,Game ended through assassin,0
1914,codenames,tagextractor_langchain_clp_chat,opponent_difficult,episode_00013,Episode Recall,0.0
1915,codenames,tagextractor_langchain_clp_chat,opponent_difficult,episode_00013,Episode Negative Recall,1.0
1916,codenames,tagextractor_langchain_clp_chat,opponent_difficult,episode_00013,Number of turns,1
1917,codenames,tagextractor_langchain_clp_chat,opponent_difficult,episode_00013,Efficiency,0.0
1918,codenames,tagextractor_langchain_clp_chat,opponent_difficult,episode_00013,Request Count,1
1919,codenames,tagextractor_langchain_clp_chat,opponent_difficult,episode_00013,Parsed Request Count,0
1920,codenames,tagextractor_langchain_clp_chat,opponent_difficult,episode_00013,Violated Request Count,1
1921,codenames,tagextractor_langchain_clp_chat,opponent_difficult,episode_00013,Request Success Ratio,0.0
1922,codenames,tagextractor_langchain_clp_chat,opponent_difficult,episode_00013,Main Score,
1923,codenames,tagextractor_langchain_clp_chat,opponent_difficult,episode_00014,experiment variable,Opponent Difficulty
1924,codenames,tagextractor_langchain_clp_chat,opponent_difficult,episode_00014,experiment name,opponent_difficult
1925,codenames,tagextractor_langchain_clp_chat,opponent_difficult,episode_00014,Cluegiver strip words,0
1926,codenames,tagextractor_langchain_clp_chat,opponent_difficult,episode_00014,Guesser strip words,0
1927,codenames,tagextractor_langchain_clp_chat,opponent_difficult,episode_00014,Average Cluegiver Number of Targets,6.5
1928,codenames,tagextractor_langchain_clp_chat,opponent_difficult,episode_00014,Average Cluegiver Team Precision,1.0
1929,codenames,tagextractor_langchain_clp_chat,opponent_difficult,episode_00014,Average Cluegiver Team Recall,1.0
1930,codenames,tagextractor_langchain_clp_chat,opponent_difficult,episode_00014,Average Cluegiver Team F1,1.0
1931,codenames,tagextractor_langchain_clp_chat,opponent_difficult,episode_00014,Average Guesser Number of Guesses,5.5
1932,codenames,tagextractor_langchain_clp_chat,opponent_difficult,episode_00014,Average Guesser Number of Revealed Words,2
1933,codenames,tagextractor_langchain_clp_chat,opponent_difficult,episode_00014,Average Guesser Number of Unrevealed Guesses,3.5
1934,codenames,tagextractor_langchain_clp_chat,opponent_difficult,episode_00014,Average Guesser Target Precision,0.459
1935,codenames,tagextractor_langchain_clp_chat,opponent_difficult,episode_00014,Average Guesser Target Recall,0.174
1936,codenames,tagextractor_langchain_clp_chat,opponent_difficult,episode_00014,Average Guesser Target F1,0.25
1937,codenames,tagextractor_langchain_clp_chat,opponent_difficult,episode_00014,Average Guesser Team Precision,0.459
1938,codenames,tagextractor_langchain_clp_chat,opponent_difficult,episode_00014,Average Guesser Team Recall,0.174
1939,codenames,tagextractor_langchain_clp_chat,opponent_difficult,episode_00014,Average Guesser Team F1,0.25
1940,codenames,tagextractor_langchain_clp_chat,opponent_difficult,episode_00014,Aborted,0
1941,codenames,tagextractor_langchain_clp_chat,opponent_difficult,episode_00014,Lose,1
1942,codenames,tagextractor_langchain_clp_chat,opponent_difficult,episode_00014,Success,0
1943,codenames,tagextractor_langchain_clp_chat,opponent_difficult,episode_00014,Game ended through assassin,0
1944,codenames,tagextractor_langchain_clp_chat,opponent_difficult,episode_00014,Episode Recall,0.556
1945,codenames,tagextractor_langchain_clp_chat,opponent_difficult,episode_00014,Episode Negative Recall,0.812
1946,codenames,tagextractor_langchain_clp_chat,opponent_difficult,episode_00014,Number of turns,4
1947,codenames,tagextractor_langchain_clp_chat,opponent_difficult,episode_00014,Efficiency,1
1948,codenames,tagextractor_langchain_clp_chat,opponent_difficult,episode_00014,Request Count,7
1949,codenames,tagextractor_langchain_clp_chat,opponent_difficult,episode_00014,Parsed Request Count,7
1950,codenames,tagextractor_langchain_clp_chat,opponent_difficult,episode_00014,Violated Request Count,0
1951,codenames,tagextractor_langchain_clp_chat,opponent_difficult,episode_00014,Request Success Ratio,1.0
1952,codenames,tagextractor_langchain_clp_chat,opponent_difficult,episode_00014,Main Score,0
1953,codenames,tagextractor_langchain_clp_chat,opponent_easy,episode_00011,experiment variable,Opponent Difficulty
1954,codenames,tagextractor_langchain_clp_chat,opponent_easy,episode_00011,experiment name,opponent_easy
1955,codenames,tagextractor_langchain_clp_chat,opponent_easy,episode_00011,Cluegiver strip words,0
1956,codenames,tagextractor_langchain_clp_chat,opponent_easy,episode_00011,Guesser strip words,0
1957,codenames,tagextractor_langchain_clp_chat,opponent_easy,episode_00011,Average Cluegiver Number of Targets,0
1958,codenames,tagextractor_langchain_clp_chat,opponent_easy,episode_00011,Average Cluegiver Team Precision,0
1959,codenames,tagextractor_langchain_clp_chat,opponent_easy,episode_00011,Average Cluegiver Team Recall,0.0
1960,codenames,tagextractor_langchain_clp_chat,opponent_easy,episode_00011,Average Cluegiver Team F1,0
1961,codenames,tagextractor_langchain_clp_chat,opponent_easy,episode_00011,Average Guesser Number of Guesses,0
1962,codenames,tagextractor_langchain_clp_chat,opponent_easy,episode_00011,Average Guesser Number of Revealed Words,0
1963,codenames,tagextractor_langchain_clp_chat,opponent_easy,episode_00011,Average Guesser Number of Unrevealed Guesses,0
1964,codenames,tagextractor_langchain_clp_chat,opponent_easy,episode_00011,Average Guesser Target Precision,0
1965,codenames,tagextractor_langchain_clp_chat,opponent_easy,episode_00011,Average Guesser Target Recall,0
1966,codenames,tagextractor_langchain_clp_chat,opponent_easy,episode_00011,Average Guesser Target F1,0
1967,codenames,tagextractor_langchain_clp_chat,opponent_easy,episode_00011,Average Guesser Team Precision,0
1968,codenames,tagextractor_langchain_clp_chat,opponent_easy,episode_00011,Average Guesser Team Recall,0.0
1969,codenames,tagextractor_langchain_clp_chat,opponent_easy,episode_00011,Average Guesser Team F1,0
1970,codenames,tagextractor_langchain_clp_chat,opponent_easy,episode_00011,Aborted,1
1971,codenames,tagextractor_langchain_clp_chat,opponent_easy,episode_00011,Lose,0
1972,codenames,tagextractor_langchain_clp_chat,opponent_easy,episode_00011,Success,0
1973,codenames,tagextractor_langchain_clp_chat,opponent_easy,episode_00011,Game ended through assassin,0
1974,codenames,tagextractor_langchain_clp_chat,opponent_easy,episode_00011,Episode Recall,0.0
1975,codenames,tagextractor_langchain_clp_chat,opponent_easy,episode_00011,Episode Negative Recall,1.0
1976,codenames,tagextractor_langchain_clp_chat,opponent_easy,episode_00011,Number of turns,1
1977,codenames,tagextractor_langchain_clp_chat,opponent_easy,episode_00011,Efficiency,0.0
1978,codenames,tagextractor_langchain_clp_chat,opponent_easy,episode_00011,Request Count,1
1979,codenames,tagextractor_langchain_clp_chat,opponent_easy,episode_00011,Parsed Request Count,0
1980,codenames,tagextractor_langchain_clp_chat,opponent_easy,episode_00011,Violated Request Count,1
1981,codenames,tagextractor_langchain_clp_chat,opponent_easy,episode_00011,Request Success Ratio,0.0
1982,codenames,tagextractor_langchain_clp_chat,opponent_easy,episode_00011,Main Score,
1983,codenames,tagextractor_langchain_clp_chat,opponent_easy,episode_00012,experiment variable,Opponent Difficulty
1984,codenames,tagextractor_langchain_clp_chat,opponent_easy,episode_00012,experiment name,opponent_easy
1985,codenames,tagextractor_langchain_clp_chat,opponent_easy,episode_00012,Cluegiver strip words,0
1986,codenames,tagextractor_langchain_clp_chat,opponent_easy,episode_00012,Guesser strip words,0
1987,codenames,tagextractor_langchain_clp_chat,opponent_easy,episode_00012,Average Cluegiver Number of Targets,0
1988,codenames,tagextractor_langchain_clp_chat,opponent_easy,episode_00012,Average Cluegiver Team Precision,0
1989,codenames,tagextractor_langchain_clp_chat,opponent_easy,episode_00012,Average Cluegiver Team Recall,0.0
1990,codenames,tagextractor_langchain_clp_chat,opponent_easy,episode_00012,Average Cluegiver Team F1,0
1991,codenames,tagextractor_langchain_clp_chat,opponent_easy,episode_00012,Average Guesser Number of Guesses,0
1992,codenames,tagextractor_langchain_clp_chat,opponent_easy,episode_00012,Average Guesser Number of Revealed Words,0
1993,codenames,tagextractor_langchain_clp_chat,opponent_easy,episode_00012,Average Guesser Number of Unrevealed Guesses,0
1994,codenames,tagextractor_langchain_clp_chat,opponent_easy,episode_00012,Average Guesser Target Precision,0
1995,codenames,tagextractor_langchain_clp_chat,opponent_easy,episode_00012,Average Guesser Target Recall,0
1996,codenames,tagextractor_langchain_clp_chat,opponent_easy,episode_00012,Average Guesser Target F1,0
1997,codenames,tagextractor_langchain_clp_chat,opponent_easy,episode_00012,Average Guesser Team Precision,0
1998,codenames,tagextractor_langchain_clp_chat,opponent_easy,episode_00012,Average Guesser Team Recall,0.0
1999,codenames,tagextractor_langchain_clp_chat,opponent_easy,episode_00012,Average Guesser Team F1,0
2000,codenames,tagextractor_langchain_clp_chat,opponent_easy,episode_00012,Aborted,1
2001,codenames,tagextractor_langchain_clp_chat,opponent_easy,episode_00012,Lose,0
2002,codenames,tagextractor_langchain_clp_chat,opponent_easy,episode_00012,Success,0
2003,codenames,tagextractor_langchain_clp_chat,opponent_easy,episode_00012,Game ended through assassin,0
2004,codenames,tagextractor_langchain_clp_chat,opponent_easy,episode_00012,Episode Recall,0.0
2005,codenames,tagextractor_langchain_clp_chat,opponent_easy,episode_00012,Episode Negative Recall,1.0
2006,codenames,tagextractor_langchain_clp_chat,opponent_easy,episode_00012,Number of turns,1
2007,codenames,tagextractor_langchain_clp_chat,opponent_easy,episode_00012,Efficiency,0.0
2008,codenames,tagextractor_langchain_clp_chat,opponent_easy,episode_00012,Request Count,1
2009,codenames,tagextractor_langchain_clp_chat,opponent_easy,episode_00012,Parsed Request Count,0
2010,codenames,tagextractor_langchain_clp_chat,opponent_easy,episode_00012,Violated Request Count,1
2011,codenames,tagextractor_langchain_clp_chat,opponent_easy,episode_00012,Request Success Ratio,0.0
2012,codenames,tagextractor_langchain_clp_chat,opponent_easy,episode_00012,Main Score,
2013,codenames,tagextractor_langchain_clp_chat,opponent_none,episode_00009,experiment variable,Opponent Difficulty
2014,codenames,tagextractor_langchain_clp_chat,opponent_none,episode_00009,experiment name,opponent_none
2015,codenames,tagextractor_langchain_clp_chat,opponent_none,episode_00009,Cluegiver strip words,0
2016,codenames,tagextractor_langchain_clp_chat,opponent_none,episode_00009,Guesser strip words,0
2017,codenames,tagextractor_langchain_clp_chat,opponent_none,episode_00009,Average Cluegiver Number of Targets,0
2018,codenames,tagextractor_langchain_clp_chat,opponent_none,episode_00009,Average Cluegiver Team Precision,0
2019,codenames,tagextractor_langchain_clp_chat,opponent_none,episode_00009,Average Cluegiver Team Recall,0.0
2020,codenames,tagextractor_langchain_clp_chat,opponent_none,episode_00009,Average Cluegiver Team F1,0
2021,codenames,tagextractor_langchain_clp_chat,opponent_none,episode_00009,Average Guesser Number of Guesses,0
2022,codenames,tagextractor_langchain_clp_chat,opponent_none,episode_00009,Average Guesser Number of Revealed Words,0
2023,codenames,tagextractor_langchain_clp_chat,opponent_none,episode_00009,Average Guesser Number of Unrevealed Guesses,0
2024,codenames,tagextractor_langchain_clp_chat,opponent_none,episode_00009,Average Guesser Target Precision,0
2025,codenames,tagextractor_langchain_clp_chat,opponent_none,episode_00009,Average Guesser Target Recall,0
2026,codenames,tagextractor_langchain_clp_chat,opponent_none,episode_00009,Average Guesser Target F1,0
2027,codenames,tagextractor_langchain_clp_chat,opponent_none,episode_00009,Average Guesser Team Precision,0
2028,codenames,tagextractor_langchain_clp_chat,opponent_none,episode_00009,Average Guesser Team Recall,0.0
2029,codenames,tagextractor_langchain_clp_chat,opponent_none,episode_00009,Average Guesser Team F1,0
2030,codenames,tagextractor_langchain_clp_chat,opponent_none,episode_00009,Aborted,1
2031,codenames,tagextractor_langchain_clp_chat,opponent_none,episode_00009,Lose,0
2032,codenames,tagextractor_langchain_clp_chat,opponent_none,episode_00009,Success,0
2033,codenames,tagextractor_langchain_clp_chat,opponent_none,episode_00009,Game ended through assassin,0
2034,codenames,tagextractor_langchain_clp_chat,opponent_none,episode_00009,Episode Recall,0.0
2035,codenames,tagextractor_langchain_clp_chat,opponent_none,episode_00009,Episode Negative Recall,1.0
2036,codenames,tagextractor_langchain_clp_chat,opponent_none,episode_00009,Number of turns,1
2037,codenames,tagextractor_langchain_clp_chat,opponent_none,episode_00009,Efficiency,0.0
2038,codenames,tagextractor_langchain_clp_chat,opponent_none,episode_00009,Request Count,1
2039,codenames,tagextractor_langchain_clp_chat,opponent_none,episode_00009,Parsed Request Count,0
2040,codenames,tagextractor_langchain_clp_chat,opponent_none,episode_00009,Violated Request Count,1
2041,codenames,tagextractor_langchain_clp_chat,opponent_none,episode_00009,Request Success Ratio,0.0
2042,codenames,tagextractor_langchain_clp_chat,opponent_none,episode_00009,Main Score,
2043,codenames,tagextractor_langchain_clp_chat,opponent_none,episode_00010,experiment variable,Opponent Difficulty
2044,codenames,tagextractor_langchain_clp_chat,opponent_none,episode_00010,experiment name,opponent_none
2045,codenames,tagextractor_langchain_clp_chat,opponent_none,episode_00010,Cluegiver strip words,0
2046,codenames,tagextractor_langchain_clp_chat,opponent_none,episode_00010,Guesser strip words,0
2047,codenames,tagextractor_langchain_clp_chat,opponent_none,episode_00010,Average Cluegiver Number of Targets,0
2048,codenames,tagextractor_langchain_clp_chat,opponent_none,episode_00010,Average Cluegiver Team Precision,0
2049,codenames,tagextractor_langchain_clp_chat,opponent_none,episode_00010,Average Cluegiver Team Recall,0.0
2050,codenames,tagextractor_langchain_clp_chat,opponent_none,episode_00010,Average Cluegiver Team F1,0
2051,codenames,tagextractor_langchain_clp_chat,opponent_none,episode_00010,Average Guesser Number of Guesses,0
2052,codenames,tagextractor_langchain_clp_chat,opponent_none,episode_00010,Average Guesser Number of Revealed Words,0
2053,codenames,tagextractor_langchain_clp_chat,opponent_none,episode_00010,Average Guesser Number of Unrevealed Guesses,0
2054,codenames,tagextractor_langchain_clp_chat,opponent_none,episode_00010,Average Guesser Target Precision,0
2055,codenames,tagextractor_langchain_clp_chat,opponent_none,episode_00010,Average Guesser Target Recall,0
2056,codenames,tagextractor_langchain_clp_chat,opponent_none,episode_00010,Average Guesser Target F1,0
2057,codenames,tagextractor_langchain_clp_chat,opponent_none,episode_00010,Average Guesser Team Precision,0
2058,codenames,tagextractor_langchain_clp_chat,opponent_none,episode_00010,Average Guesser Team Recall,0.0
2059,codenames,tagextractor_langchain_clp_chat,opponent_none,episode_00010,Average Guesser Team F1,0
2060,codenames,tagextractor_langchain_clp_chat,opponent_none,episode_00010,Aborted,1
2061,codenames,tagextractor_langchain_clp_chat,opponent_none,episode_00010,Lose,0
2062,codenames,tagextractor_langchain_clp_chat,opponent_none,episode_00010,Success,0
2063,codenames,tagextractor_langchain_clp_chat,opponent_none,episode_00010,Game ended through assassin,0
2064,codenames,tagextractor_langchain_clp_chat,opponent_none,episode_00010,Episode Recall,0.0
2065,codenames,tagextractor_langchain_clp_chat,opponent_none,episode_00010,Episode Negative Recall,1.0
2066,codenames,tagextractor_langchain_clp_chat,opponent_none,episode_00010,Number of turns,1
2067,codenames,tagextractor_langchain_clp_chat,opponent_none,episode_00010,Efficiency,0.0
2068,codenames,tagextractor_langchain_clp_chat,opponent_none,episode_00010,Request Count,1
2069,codenames,tagextractor_langchain_clp_chat,opponent_none,episode_00010,Parsed Request Count,0
2070,codenames,tagextractor_langchain_clp_chat,opponent_none,episode_00010,Violated Request Count,1
2071,codenames,tagextractor_langchain_clp_chat,opponent_none,episode_00010,Request Success Ratio,0.0
2072,codenames,tagextractor_langchain_clp_chat,opponent_none,episode_00010,Main Score,
2073,codenames,tagextractor_langchain_clp_chat,risk_high,episode_00003,experiment variable,Risk
2074,codenames,tagextractor_langchain_clp_chat,risk_high,episode_00003,experiment name,risk_high
2075,codenames,tagextractor_langchain_clp_chat,risk_high,episode_00003,Cluegiver strip words,0
2076,codenames,tagextractor_langchain_clp_chat,risk_high,episode_00003,Guesser strip words,0
2077,codenames,tagextractor_langchain_clp_chat,risk_high,episode_00003,Average Cluegiver Number of Targets,0
2078,codenames,tagextractor_langchain_clp_chat,risk_high,episode_00003,Average Cluegiver Team Precision,0
2079,codenames,tagextractor_langchain_clp_chat,risk_high,episode_00003,Average Cluegiver Team Recall,0.0
2080,codenames,tagextractor_langchain_clp_chat,risk_high,episode_00003,Average Cluegiver Team F1,0
2081,codenames,tagextractor_langchain_clp_chat,risk_high,episode_00003,Average Guesser Number of Guesses,0
2082,codenames,tagextractor_langchain_clp_chat,risk_high,episode_00003,Average Guesser Number of Revealed Words,0
2083,codenames,tagextractor_langchain_clp_chat,risk_high,episode_00003,Average Guesser Number of Unrevealed Guesses,0
2084,codenames,tagextractor_langchain_clp_chat,risk_high,episode_00003,Average Guesser Target Precision,0
2085,codenames,tagextractor_langchain_clp_chat,risk_high,episode_00003,Average Guesser Target Recall,0
2086,codenames,tagextractor_langchain_clp_chat,risk_high,episode_00003,Average Guesser Target F1,0
2087,codenames,tagextractor_langchain_clp_chat,risk_high,episode_00003,Average Guesser Team Precision,0
2088,codenames,tagextractor_langchain_clp_chat,risk_high,episode_00003,Average Guesser Team Recall,0.0
2089,codenames,tagextractor_langchain_clp_chat,risk_high,episode_00003,Average Guesser Team F1,0
2090,codenames,tagextractor_langchain_clp_chat,risk_high,episode_00003,Aborted,1
2091,codenames,tagextractor_langchain_clp_chat,risk_high,episode_00003,Lose,0
2092,codenames,tagextractor_langchain_clp_chat,risk_high,episode_00003,Success,0
2093,codenames,tagextractor_langchain_clp_chat,risk_high,episode_00003,Game ended through assassin,0
2094,codenames,tagextractor_langchain_clp_chat,risk_high,episode_00003,Episode Recall,0.0
2095,codenames,tagextractor_langchain_clp_chat,risk_high,episode_00003,Episode Negative Recall,1.0
2096,codenames,tagextractor_langchain_clp_chat,risk_high,episode_00003,Number of turns,1
2097,codenames,tagextractor_langchain_clp_chat,risk_high,episode_00003,Efficiency,0.0
2098,codenames,tagextractor_langchain_clp_chat,risk_high,episode_00003,Request Count,1
2099,codenames,tagextractor_langchain_clp_chat,risk_high,episode_00003,Parsed Request Count,0
2100,codenames,tagextractor_langchain_clp_chat,risk_high,episode_00003,Violated Request Count,1
2101,codenames,tagextractor_langchain_clp_chat,risk_high,episode_00003,Request Success Ratio,0.0
2102,codenames,tagextractor_langchain_clp_chat,risk_high,episode_00003,Main Score,
2103,codenames,tagextractor_langchain_clp_chat,risk_high,episode_00004,experiment variable,Risk
2104,codenames,tagextractor_langchain_clp_chat,risk_high,episode_00004,experiment name,risk_high
2105,codenames,tagextractor_langchain_clp_chat,risk_high,episode_00004,Cluegiver strip words,0
2106,codenames,tagextractor_langchain_clp_chat,risk_high,episode_00004,Guesser strip words,0
2107,codenames,tagextractor_langchain_clp_chat,risk_high,episode_00004,Average Cluegiver Number of Targets,0
2108,codenames,tagextractor_langchain_clp_chat,risk_high,episode_00004,Average Cluegiver Team Precision,0
2109,codenames,tagextractor_langchain_clp_chat,risk_high,episode_00004,Average Cluegiver Team Recall,0.0
2110,codenames,tagextractor_langchain_clp_chat,risk_high,episode_00004,Average Cluegiver Team F1,0
2111,codenames,tagextractor_langchain_clp_chat,risk_high,episode_00004,Average Guesser Number of Guesses,0
2112,codenames,tagextractor_langchain_clp_chat,risk_high,episode_00004,Average Guesser Number of Revealed Words,0
2113,codenames,tagextractor_langchain_clp_chat,risk_high,episode_00004,Average Guesser Number of Unrevealed Guesses,0
2114,codenames,tagextractor_langchain_clp_chat,risk_high,episode_00004,Average Guesser Target Precision,0
2115,codenames,tagextractor_langchain_clp_chat,risk_high,episode_00004,Average Guesser Target Recall,0
2116,codenames,tagextractor_langchain_clp_chat,risk_high,episode_00004,Average Guesser Target F1,0
2117,codenames,tagextractor_langchain_clp_chat,risk_high,episode_00004,Average Guesser Team Precision,0
2118,codenames,tagextractor_langchain_clp_chat,risk_high,episode_00004,Average Guesser Team Recall,0.0
2119,codenames,tagextractor_langchain_clp_chat,risk_high,episode_00004,Average Guesser Team F1,0
2120,codenames,tagextractor_langchain_clp_chat,risk_high,episode_00004,Aborted,1
2121,codenames,tagextractor_langchain_clp_chat,risk_high,episode_00004,Lose,0
2122,codenames,tagextractor_langchain_clp_chat,risk_high,episode_00004,Success,0
2123,codenames,tagextractor_langchain_clp_chat,risk_high,episode_00004,Game ended through assassin,0
2124,codenames,tagextractor_langchain_clp_chat,risk_high,episode_00004,Episode Recall,0.0
2125,codenames,tagextractor_langchain_clp_chat,risk_high,episode_00004,Episode Negative Recall,1.0
2126,codenames,tagextractor_langchain_clp_chat,risk_high,episode_00004,Number of turns,1
2127,codenames,tagextractor_langchain_clp_chat,risk_high,episode_00004,Efficiency,0.0
2128,codenames,tagextractor_langchain_clp_chat,risk_high,episode_00004,Request Count,1
2129,codenames,tagextractor_langchain_clp_chat,risk_high,episode_00004,Parsed Request Count,0
2130,codenames,tagextractor_langchain_clp_chat,risk_high,episode_00004,Violated Request Count,1
2131,codenames,tagextractor_langchain_clp_chat,risk_high,episode_00004,Request Success Ratio,0.0
2132,codenames,tagextractor_langchain_clp_chat,risk_high,episode_00004,Main Score,
2133,codenames,tagextractor_langchain_clp_chat,risk_low,episode_00001,experiment variable,Risk
2134,codenames,tagextractor_langchain_clp_chat,risk_low,episode_00001,experiment name,risk_low
2135,codenames,tagextractor_langchain_clp_chat,risk_low,episode_00001,Cluegiver strip words,0
2136,codenames,tagextractor_langchain_clp_chat,risk_low,episode_00001,Guesser strip words,0
2137,codenames,tagextractor_langchain_clp_chat,risk_low,episode_00001,Average Cluegiver Number of Targets,0
2138,codenames,tagextractor_langchain_clp_chat,risk_low,episode_00001,Average Cluegiver Team Precision,0
2139,codenames,tagextractor_langchain_clp_chat,risk_low,episode_00001,Average Cluegiver Team Recall,0.0
2140,codenames,tagextractor_langchain_clp_chat,risk_low,episode_00001,Average Cluegiver Team F1,0
2141,codenames,tagextractor_langchain_clp_chat,risk_low,episode_00001,Average Guesser Number of Guesses,0
2142,codenames,tagextractor_langchain_clp_chat,risk_low,episode_00001,Average Guesser Number of Revealed Words,0
2143,codenames,tagextractor_langchain_clp_chat,risk_low,episode_00001,Average Guesser Number of Unrevealed Guesses,0
2144,codenames,tagextractor_langchain_clp_chat,risk_low,episode_00001,Average Guesser Target Precision,0
2145,codenames,tagextractor_langchain_clp_chat,risk_low,episode_00001,Average Guesser Target Recall,0
2146,codenames,tagextractor_langchain_clp_chat,risk_low,episode_00001,Average Guesser Target F1,0
2147,codenames,tagextractor_langchain_clp_chat,risk_low,episode_00001,Average Guesser Team Precision,0
2148,codenames,tagextractor_langchain_clp_chat,risk_low,episode_00001,Average Guesser Team Recall,0.0
2149,codenames,tagextractor_langchain_clp_chat,risk_low,episode_00001,Average Guesser Team F1,0
2150,codenames,tagextractor_langchain_clp_chat,risk_low,episode_00001,Aborted,1
2151,codenames,tagextractor_langchain_clp_chat,risk_low,episode_00001,Lose,0
2152,codenames,tagextractor_langchain_clp_chat,risk_low,episode_00001,Success,0
2153,codenames,tagextractor_langchain_clp_chat,risk_low,episode_00001,Game ended through assassin,0
2154,codenames,tagextractor_langchain_clp_chat,risk_low,episode_00001,Episode Recall,0.0
2155,codenames,tagextractor_langchain_clp_chat,risk_low,episode_00001,Episode Negative Recall,1.0
2156,codenames,tagextractor_langchain_clp_chat,risk_low,episode_00001,Number of turns,1
2157,codenames,tagextractor_langchain_clp_chat,risk_low,episode_00001,Efficiency,0.0
2158,codenames,tagextractor_langchain_clp_chat,risk_low,episode_00001,Request Count,1
2159,codenames,tagextractor_langchain_clp_chat,risk_low,episode_00001,Parsed Request Count,0
2160,codenames,tagextractor_langchain_clp_chat,risk_low,episode_00001,Violated Request Count,1
2161,codenames,tagextractor_langchain_clp_chat,risk_low,episode_00001,Request Success Ratio,0.0
2162,codenames,tagextractor_langchain_clp_chat,risk_low,episode_00001,Main Score,
2163,codenames,tagextractor_langchain_clp_chat,risk_low,episode_00002,experiment variable,Risk
2164,codenames,tagextractor_langchain_clp_chat,risk_low,episode_00002,experiment name,risk_low
2165,codenames,tagextractor_langchain_clp_chat,risk_low,episode_00002,Cluegiver strip words,0
2166,codenames,tagextractor_langchain_clp_chat,risk_low,episode_00002,Guesser strip words,0
2167,codenames,tagextractor_langchain_clp_chat,risk_low,episode_00002,Average Cluegiver Number of Targets,0
2168,codenames,tagextractor_langchain_clp_chat,risk_low,episode_00002,Average Cluegiver Team Precision,0
2169,codenames,tagextractor_langchain_clp_chat,risk_low,episode_00002,Average Cluegiver Team Recall,0.0
2170,codenames,tagextractor_langchain_clp_chat,risk_low,episode_00002,Average Cluegiver Team F1,0
2171,codenames,tagextractor_langchain_clp_chat,risk_low,episode_00002,Average Guesser Number of Guesses,0
2172,codenames,tagextractor_langchain_clp_chat,risk_low,episode_00002,Average Guesser Number of Revealed Words,0
2173,codenames,tagextractor_langchain_clp_chat,risk_low,episode_00002,Average Guesser Number of Unrevealed Guesses,0
2174,codenames,tagextractor_langchain_clp_chat,risk_low,episode_00002,Average Guesser Target Precision,0
2175,codenames,tagextractor_langchain_clp_chat,risk_low,episode_00002,Average Guesser Target Recall,0
2176,codenames,tagextractor_langchain_clp_chat,risk_low,episode_00002,Average Guesser Target F1,0
2177,codenames,tagextractor_langchain_clp_chat,risk_low,episode_00002,Average Guesser Team Precision,0
2178,codenames,tagextractor_langchain_clp_chat,risk_low,episode_00002,Average Guesser Team Recall,0.0
2179,codenames,tagextractor_langchain_clp_chat,risk_low,episode_00002,Average Guesser Team F1,0
2180,codenames,tagextractor_langchain_clp_chat,risk_low,episode_00002,Aborted,1
2181,codenames,tagextractor_langchain_clp_chat,risk_low,episode_00002,Lose,0
2182,codenames,tagextractor_langchain_clp_chat,risk_low,episode_00002,Success,0
2183,codenames,tagextractor_langchain_clp_chat,risk_low,episode_00002,Game ended through assassin,0
2184,codenames,tagextractor_langchain_clp_chat,risk_low,episode_00002,Episode Recall,0.0
2185,codenames,tagextractor_langchain_clp_chat,risk_low,episode_00002,Episode Negative Recall,1.0
2186,codenames,tagextractor_langchain_clp_chat,risk_low,episode_00002,Number of turns,1
2187,codenames,tagextractor_langchain_clp_chat,risk_low,episode_00002,Efficiency,0.0
2188,codenames,tagextractor_langchain_clp_chat,risk_low,episode_00002,Request Count,1
2189,codenames,tagextractor_langchain_clp_chat,risk_low,episode_00002,Parsed Request Count,0
2190,codenames,tagextractor_langchain_clp_chat,risk_low,episode_00002,Violated Request Count,1
2191,codenames,tagextractor_langchain_clp_chat,risk_low,episode_00002,Request Success Ratio,0.0
2192,codenames,tagextractor_langchain_clp_chat,risk_low,episode_00002,Main Score,
2193,codenames,tagextractor_langchain_clp_chat,unambiguous,episode_00019,experiment variable,Word Ambiguity
2194,codenames,tagextractor_langchain_clp_chat,unambiguous,episode_00019,experiment name,unambiguous
2195,codenames,tagextractor_langchain_clp_chat,unambiguous,episode_00019,Cluegiver strip words,0
2196,codenames,tagextractor_langchain_clp_chat,unambiguous,episode_00019,Guesser strip words,0
2197,codenames,tagextractor_langchain_clp_chat,unambiguous,episode_00019,Average Cluegiver Number of Targets,0
2198,codenames,tagextractor_langchain_clp_chat,unambiguous,episode_00019,Average Cluegiver Team Precision,0
2199,codenames,tagextractor_langchain_clp_chat,unambiguous,episode_00019,Average Cluegiver Team Recall,0.0
2200,codenames,tagextractor_langchain_clp_chat,unambiguous,episode_00019,Average Cluegiver Team F1,0
2201,codenames,tagextractor_langchain_clp_chat,unambiguous,episode_00019,Average Guesser Number of Guesses,0
2202,codenames,tagextractor_langchain_clp_chat,unambiguous,episode_00019,Average Guesser Number of Revealed Words,0
2203,codenames,tagextractor_langchain_clp_chat,unambiguous,episode_00019,Average Guesser Number of Unrevealed Guesses,0
2204,codenames,tagextractor_langchain_clp_chat,unambiguous,episode_00019,Average Guesser Target Precision,0
2205,codenames,tagextractor_langchain_clp_chat,unambiguous,episode_00019,Average Guesser Target Recall,0
2206,codenames,tagextractor_langchain_clp_chat,unambiguous,episode_00019,Average Guesser Target F1,0
2207,codenames,tagextractor_langchain_clp_chat,unambiguous,episode_00019,Average Guesser Team Precision,0
2208,codenames,tagextractor_langchain_clp_chat,unambiguous,episode_00019,Average Guesser Team Recall,0.0
2209,codenames,tagextractor_langchain_clp_chat,unambiguous,episode_00019,Average Guesser Team F1,0
2210,codenames,tagextractor_langchain_clp_chat,unambiguous,episode_00019,Aborted,1
2211,codenames,tagextractor_langchain_clp_chat,unambiguous,episode_00019,Lose,0
2212,codenames,tagextractor_langchain_clp_chat,unambiguous,episode_00019,Success,0
2213,codenames,tagextractor_langchain_clp_chat,unambiguous,episode_00019,Game ended through assassin,0
2214,codenames,tagextractor_langchain_clp_chat,unambiguous,episode_00019,Episode Recall,0.0
2215,codenames,tagextractor_langchain_clp_chat,unambiguous,episode_00019,Episode Negative Recall,1.0
2216,codenames,tagextractor_langchain_clp_chat,unambiguous,episode_00019,Number of turns,1
2217,codenames,tagextractor_langchain_clp_chat,unambiguous,episode_00019,Efficiency,0.0
2218,codenames,tagextractor_langchain_clp_chat,unambiguous,episode_00019,Request Count,1
2219,codenames,tagextractor_langchain_clp_chat,unambiguous,episode_00019,Parsed Request Count,0
2220,codenames,tagextractor_langchain_clp_chat,unambiguous,episode_00019,Violated Request Count,1
2221,codenames,tagextractor_langchain_clp_chat,unambiguous,episode_00019,Request Success Ratio,0.0
2222,codenames,tagextractor_langchain_clp_chat,unambiguous,episode_00019,Main Score,
2223,codenames,tagextractor_langchain_clp_chat,unambiguous,episode_00020,experiment variable,Word Ambiguity
2224,codenames,tagextractor_langchain_clp_chat,unambiguous,episode_00020,experiment name,unambiguous
2225,codenames,tagextractor_langchain_clp_chat,unambiguous,episode_00020,Cluegiver strip words,0
2226,codenames,tagextractor_langchain_clp_chat,unambiguous,episode_00020,Guesser strip words,0
2227,codenames,tagextractor_langchain_clp_chat,unambiguous,episode_00020,Average Cluegiver Number of Targets,0
2228,codenames,tagextractor_langchain_clp_chat,unambiguous,episode_00020,Average Cluegiver Team Precision,0
2229,codenames,tagextractor_langchain_clp_chat,unambiguous,episode_00020,Average Cluegiver Team Recall,0.0
2230,codenames,tagextractor_langchain_clp_chat,unambiguous,episode_00020,Average Cluegiver Team F1,0
2231,codenames,tagextractor_langchain_clp_chat,unambiguous,episode_00020,Average Guesser Number of Guesses,0
2232,codenames,tagextractor_langchain_clp_chat,unambiguous,episode_00020,Average Guesser Number of Revealed Words,0
2233,codenames,tagextractor_langchain_clp_chat,unambiguous,episode_00020,Average Guesser Number of Unrevealed Guesses,0
2234,codenames,tagextractor_langchain_clp_chat,unambiguous,episode_00020,Average Guesser Target Precision,0
2235,codenames,tagextractor_langchain_clp_chat,unambiguous,episode_00020,Average Guesser Target Recall,0
2236,codenames,tagextractor_langchain_clp_chat,unambiguous,episode_00020,Average Guesser Target F1,0
2237,codenames,tagextractor_langchain_clp_chat,unambiguous,episode_00020,Average Guesser Team Precision,0
2238,codenames,tagextractor_langchain_clp_chat,unambiguous,episode_00020,Average Guesser Team Recall,0.0
2239,codenames,tagextractor_langchain_clp_chat,unambiguous,episode_00020,Average Guesser Team F1,0
2240,codenames,tagextractor_langchain_clp_chat,unambiguous,episode_00020,Aborted,1
2241,codenames,tagextractor_langchain_clp_chat,unambiguous,episode_00020,Lose,0
2242,codenames,tagextractor_langchain_clp_chat,unambiguous,episode_00020,Success,0
2243,codenames,tagextractor_langchain_clp_chat,unambiguous,episode_00020,Game ended through assassin,0
2244,codenames,tagextractor_langchain_clp_chat,unambiguous,episode_00020,Episode Recall,0.0
2245,codenames,tagextractor_langchain_clp_chat,unambiguous,episode_00020,Episode Negative Recall,1.0
2246,codenames,tagextractor_langchain_clp_chat,unambiguous,episode_00020,Number of turns,1
2247,codenames,tagextractor_langchain_clp_chat,unambiguous,episode_00020,Efficiency,0.0
2248,codenames,tagextractor_langchain_clp_chat,unambiguous,episode_00020,Request Count,1
2249,codenames,tagextractor_langchain_clp_chat,unambiguous,episode_00020,Parsed Request Count,0
2250,codenames,tagextractor_langchain_clp_chat,unambiguous,episode_00020,Violated Request Count,1
2251,codenames,tagextractor_langchain_clp_chat,unambiguous,episode_00020,Request Success Ratio,0.0
2252,codenames,tagextractor_langchain_clp_chat,unambiguous,episode_00020,Main Score,
2253,dond,tagextractor_langchain_clp_chat,coop_en,episode_00001,Request Count,1
2254,dond,tagextractor_langchain_clp_chat,coop_en,episode_00001,Parsed Request Count,0
2255,dond,tagextractor_langchain_clp_chat,coop_en,episode_00001,Violated Request Count,1
2256,dond,tagextractor_langchain_clp_chat,coop_en,episode_00001,Request Success Ratio,0.0
2257,dond,tagextractor_langchain_clp_chat,coop_en,episode_00001,Aborted,1
2258,dond,tagextractor_langchain_clp_chat,coop_en,episode_00001,Lose,0
2259,dond,tagextractor_langchain_clp_chat,coop_en,episode_00001,Success,0
2260,dond,tagextractor_langchain_clp_chat,coop_en,episode_00001,Main Score,
2261,dond,tagextractor_langchain_clp_chat,coop_en,episode_00002,Request Count,1
2262,dond,tagextractor_langchain_clp_chat,coop_en,episode_00002,Parsed Request Count,0
2263,dond,tagextractor_langchain_clp_chat,coop_en,episode_00002,Violated Request Count,1
2264,dond,tagextractor_langchain_clp_chat,coop_en,episode_00002,Request Success Ratio,0.0
2265,dond,tagextractor_langchain_clp_chat,coop_en,episode_00002,Aborted,1
2266,dond,tagextractor_langchain_clp_chat,coop_en,episode_00002,Lose,0
2267,dond,tagextractor_langchain_clp_chat,coop_en,episode_00002,Success,0
2268,dond,tagextractor_langchain_clp_chat,coop_en,episode_00002,Main Score,
2269,dond,tagextractor_langchain_clp_chat,coop_en,episode_00003,Request Count,1
2270,dond,tagextractor_langchain_clp_chat,coop_en,episode_00003,Parsed Request Count,0
2271,dond,tagextractor_langchain_clp_chat,coop_en,episode_00003,Violated Request Count,1
2272,dond,tagextractor_langchain_clp_chat,coop_en,episode_00003,Request Success Ratio,0.0
2273,dond,tagextractor_langchain_clp_chat,coop_en,episode_00003,Aborted,1
2274,dond,tagextractor_langchain_clp_chat,coop_en,episode_00003,Lose,0
2275,dond,tagextractor_langchain_clp_chat,coop_en,episode_00003,Success,0
2276,dond,tagextractor_langchain_clp_chat,coop_en,episode_00003,Main Score,
2277,dond,tagextractor_langchain_clp_chat,coop_en,episode_00004,Request Count,1
2278,dond,tagextractor_langchain_clp_chat,coop_en,episode_00004,Parsed Request Count,0
2279,dond,tagextractor_langchain_clp_chat,coop_en,episode_00004,Violated Request Count,1
2280,dond,tagextractor_langchain_clp_chat,coop_en,episode_00004,Request Success Ratio,0.0
2281,dond,tagextractor_langchain_clp_chat,coop_en,episode_00004,Aborted,1
2282,dond,tagextractor_langchain_clp_chat,coop_en,episode_00004,Lose,0
2283,dond,tagextractor_langchain_clp_chat,coop_en,episode_00004,Success,0
2284,dond,tagextractor_langchain_clp_chat,coop_en,episode_00004,Main Score,
2285,dond,tagextractor_langchain_clp_chat,coop_en,episode_00005,Request Count,1
2286,dond,tagextractor_langchain_clp_chat,coop_en,episode_00005,Parsed Request Count,0
2287,dond,tagextractor_langchain_clp_chat,coop_en,episode_00005,Violated Request Count,1
2288,dond,tagextractor_langchain_clp_chat,coop_en,episode_00005,Request Success Ratio,0.0
2289,dond,tagextractor_langchain_clp_chat,coop_en,episode_00005,Aborted,1
2290,dond,tagextractor_langchain_clp_chat,coop_en,episode_00005,Lose,0
2291,dond,tagextractor_langchain_clp_chat,coop_en,episode_00005,Success,0
2292,dond,tagextractor_langchain_clp_chat,coop_en,episode_00005,Main Score,
2293,dond,tagextractor_langchain_clp_chat,coop_en,episode_00006,Request Count,1
2294,dond,tagextractor_langchain_clp_chat,coop_en,episode_00006,Parsed Request Count,0
2295,dond,tagextractor_langchain_clp_chat,coop_en,episode_00006,Violated Request Count,1
2296,dond,tagextractor_langchain_clp_chat,coop_en,episode_00006,Request Success Ratio,0.0
2297,dond,tagextractor_langchain_clp_chat,coop_en,episode_00006,Aborted,1
2298,dond,tagextractor_langchain_clp_chat,coop_en,episode_00006,Lose,0
2299,dond,tagextractor_langchain_clp_chat,coop_en,episode_00006,Success,0
2300,dond,tagextractor_langchain_clp_chat,coop_en,episode_00006,Main Score,
2301,dond,tagextractor_langchain_clp_chat,coop_en,episode_00007,Request Count,1
2302,dond,tagextractor_langchain_clp_chat,coop_en,episode_00007,Parsed Request Count,0
2303,dond,tagextractor_langchain_clp_chat,coop_en,episode_00007,Violated Request Count,1
2304,dond,tagextractor_langchain_clp_chat,coop_en,episode_00007,Request Success Ratio,0.0
2305,dond,tagextractor_langchain_clp_chat,coop_en,episode_00007,Aborted,1
2306,dond,tagextractor_langchain_clp_chat,coop_en,episode_00007,Lose,0
2307,dond,tagextractor_langchain_clp_chat,coop_en,episode_00007,Success,0
2308,dond,tagextractor_langchain_clp_chat,coop_en,episode_00007,Main Score,
2309,dond,tagextractor_langchain_clp_chat,coop_en,episode_00008,Request Count,1
2310,dond,tagextractor_langchain_clp_chat,coop_en,episode_00008,Parsed Request Count,0
2311,dond,tagextractor_langchain_clp_chat,coop_en,episode_00008,Violated Request Count,1
2312,dond,tagextractor_langchain_clp_chat,coop_en,episode_00008,Request Success Ratio,0.0
2313,dond,tagextractor_langchain_clp_chat,coop_en,episode_00008,Aborted,1
2314,dond,tagextractor_langchain_clp_chat,coop_en,episode_00008,Lose,0
2315,dond,tagextractor_langchain_clp_chat,coop_en,episode_00008,Success,0
2316,dond,tagextractor_langchain_clp_chat,coop_en,episode_00008,Main Score,
2317,dond,tagextractor_langchain_clp_chat,coop_en,episode_00009,Request Count,1
2318,dond,tagextractor_langchain_clp_chat,coop_en,episode_00009,Parsed Request Count,0
2319,dond,tagextractor_langchain_clp_chat,coop_en,episode_00009,Violated Request Count,1
2320,dond,tagextractor_langchain_clp_chat,coop_en,episode_00009,Request Success Ratio,0.0
2321,dond,tagextractor_langchain_clp_chat,coop_en,episode_00009,Aborted,1
2322,dond,tagextractor_langchain_clp_chat,coop_en,episode_00009,Lose,0
2323,dond,tagextractor_langchain_clp_chat,coop_en,episode_00009,Success,0
2324,dond,tagextractor_langchain_clp_chat,coop_en,episode_00009,Main Score,
2325,dond,tagextractor_langchain_clp_chat,coop_en,episode_00010,Request Count,1
2326,dond,tagextractor_langchain_clp_chat,coop_en,episode_00010,Parsed Request Count,0
2327,dond,tagextractor_langchain_clp_chat,coop_en,episode_00010,Violated Request Count,1
2328,dond,tagextractor_langchain_clp_chat,coop_en,episode_00010,Request Success Ratio,0.0
2329,dond,tagextractor_langchain_clp_chat,coop_en,episode_00010,Aborted,1
2330,dond,tagextractor_langchain_clp_chat,coop_en,episode_00010,Lose,0
2331,dond,tagextractor_langchain_clp_chat,coop_en,episode_00010,Success,0
2332,dond,tagextractor_langchain_clp_chat,coop_en,episode_00010,Main Score,
2333,dond,tagextractor_langchain_clp_chat,semi_en,episode_00011,Request Count,1
2334,dond,tagextractor_langchain_clp_chat,semi_en,episode_00011,Parsed Request Count,0
2335,dond,tagextractor_langchain_clp_chat,semi_en,episode_00011,Violated Request Count,1
2336,dond,tagextractor_langchain_clp_chat,semi_en,episode_00011,Request Success Ratio,0.0
2337,dond,tagextractor_langchain_clp_chat,semi_en,episode_00011,Aborted,1
2338,dond,tagextractor_langchain_clp_chat,semi_en,episode_00011,Lose,0
2339,dond,tagextractor_langchain_clp_chat,semi_en,episode_00011,Success,0
2340,dond,tagextractor_langchain_clp_chat,semi_en,episode_00011,Main Score,
2341,dond,tagextractor_langchain_clp_chat,semi_en,episode_00012,Request Count,1
2342,dond,tagextractor_langchain_clp_chat,semi_en,episode_00012,Parsed Request Count,0
2343,dond,tagextractor_langchain_clp_chat,semi_en,episode_00012,Violated Request Count,1
2344,dond,tagextractor_langchain_clp_chat,semi_en,episode_00012,Request Success Ratio,0.0
2345,dond,tagextractor_langchain_clp_chat,semi_en,episode_00012,Aborted,1
2346,dond,tagextractor_langchain_clp_chat,semi_en,episode_00012,Lose,0
2347,dond,tagextractor_langchain_clp_chat,semi_en,episode_00012,Success,0
2348,dond,tagextractor_langchain_clp_chat,semi_en,episode_00012,Main Score,
2349,dond,tagextractor_langchain_clp_chat,semi_en,episode_00013,Request Count,1
2350,dond,tagextractor_langchain_clp_chat,semi_en,episode_00013,Parsed Request Count,0
2351,dond,tagextractor_langchain_clp_chat,semi_en,episode_00013,Violated Request Count,1
2352,dond,tagextractor_langchain_clp_chat,semi_en,episode_00013,Request Success Ratio,0.0
2353,dond,tagextractor_langchain_clp_chat,semi_en,episode_00013,Aborted,1
2354,dond,tagextractor_langchain_clp_chat,semi_en,episode_00013,Lose,0
2355,dond,tagextractor_langchain_clp_chat,semi_en,episode_00013,Success,0
2356,dond,tagextractor_langchain_clp_chat,semi_en,episode_00013,Main Score,
2357,dond,tagextractor_langchain_clp_chat,semi_en,episode_00014,Request Count,1
2358,dond,tagextractor_langchain_clp_chat,semi_en,episode_00014,Parsed Request Count,0
2359,dond,tagextractor_langchain_clp_chat,semi_en,episode_00014,Violated Request Count,1
2360,dond,tagextractor_langchain_clp_chat,semi_en,episode_00014,Request Success Ratio,0.0
2361,dond,tagextractor_langchain_clp_chat,semi_en,episode_00014,Aborted,1
2362,dond,tagextractor_langchain_clp_chat,semi_en,episode_00014,Lose,0
2363,dond,tagextractor_langchain_clp_chat,semi_en,episode_00014,Success,0
2364,dond,tagextractor_langchain_clp_chat,semi_en,episode_00014,Main Score,
2365,dond,tagextractor_langchain_clp_chat,semi_en,episode_00015,Request Count,1
2366,dond,tagextractor_langchain_clp_chat,semi_en,episode_00015,Parsed Request Count,0
2367,dond,tagextractor_langchain_clp_chat,semi_en,episode_00015,Violated Request Count,1
2368,dond,tagextractor_langchain_clp_chat,semi_en,episode_00015,Request Success Ratio,0.0
2369,dond,tagextractor_langchain_clp_chat,semi_en,episode_00015,Aborted,1
2370,dond,tagextractor_langchain_clp_chat,semi_en,episode_00015,Lose,0
2371,dond,tagextractor_langchain_clp_chat,semi_en,episode_00015,Success,0
2372,dond,tagextractor_langchain_clp_chat,semi_en,episode_00015,Main Score,
2373,dond,tagextractor_langchain_clp_chat,semi_en,episode_00016,Request Count,1
2374,dond,tagextractor_langchain_clp_chat,semi_en,episode_00016,Parsed Request Count,0
2375,dond,tagextractor_langchain_clp_chat,semi_en,episode_00016,Violated Request Count,1
2376,dond,tagextractor_langchain_clp_chat,semi_en,episode_00016,Request Success Ratio,0.0
2377,dond,tagextractor_langchain_clp_chat,semi_en,episode_00016,Aborted,1
2378,dond,tagextractor_langchain_clp_chat,semi_en,episode_00016,Lose,0
2379,dond,tagextractor_langchain_clp_chat,semi_en,episode_00016,Success,0
2380,dond,tagextractor_langchain_clp_chat,semi_en,episode_00016,Main Score,
2381,dond,tagextractor_langchain_clp_chat,semi_en,episode_00017,Request Count,1
2382,dond,tagextractor_langchain_clp_chat,semi_en,episode_00017,Parsed Request Count,0
2383,dond,tagextractor_langchain_clp_chat,semi_en,episode_00017,Violated Request Count,1
2384,dond,tagextractor_langchain_clp_chat,semi_en,episode_00017,Request Success Ratio,0.0
2385,dond,tagextractor_langchain_clp_chat,semi_en,episode_00017,Aborted,1
2386,dond,tagextractor_langchain_clp_chat,semi_en,episode_00017,Lose,0
2387,dond,tagextractor_langchain_clp_chat,semi_en,episode_00017,Success,0
2388,dond,tagextractor_langchain_clp_chat,semi_en,episode_00017,Main Score,
2389,dond,tagextractor_langchain_clp_chat,semi_en,episode_00018,Request Count,1
2390,dond,tagextractor_langchain_clp_chat,semi_en,episode_00018,Parsed Request Count,0
2391,dond,tagextractor_langchain_clp_chat,semi_en,episode_00018,Violated Request Count,1
2392,dond,tagextractor_langchain_clp_chat,semi_en,episode_00018,Request Success Ratio,0.0
2393,dond,tagextractor_langchain_clp_chat,semi_en,episode_00018,Aborted,1
2394,dond,tagextractor_langchain_clp_chat,semi_en,episode_00018,Lose,0
2395,dond,tagextractor_langchain_clp_chat,semi_en,episode_00018,Success,0
2396,dond,tagextractor_langchain_clp_chat,semi_en,episode_00018,Main Score,
2397,dond,tagextractor_langchain_clp_chat,semi_en,episode_00019,Request Count,1
2398,dond,tagextractor_langchain_clp_chat,semi_en,episode_00019,Parsed Request Count,0
2399,dond,tagextractor_langchain_clp_chat,semi_en,episode_00019,Violated Request Count,1
2400,dond,tagextractor_langchain_clp_chat,semi_en,episode_00019,Request Success Ratio,0.0
2401,dond,tagextractor_langchain_clp_chat,semi_en,episode_00019,Aborted,1
2402,dond,tagextractor_langchain_clp_chat,semi_en,episode_00019,Lose,0
2403,dond,tagextractor_langchain_clp_chat,semi_en,episode_00019,Success,0
2404,dond,tagextractor_langchain_clp_chat,semi_en,episode_00019,Main Score,
2405,dond,tagextractor_langchain_clp_chat,semi_en,episode_00020,Request Count,1
2406,dond,tagextractor_langchain_clp_chat,semi_en,episode_00020,Parsed Request Count,0
2407,dond,tagextractor_langchain_clp_chat,semi_en,episode_00020,Violated Request Count,1
2408,dond,tagextractor_langchain_clp_chat,semi_en,episode_00020,Request Success Ratio,0.0
2409,dond,tagextractor_langchain_clp_chat,semi_en,episode_00020,Aborted,1
2410,dond,tagextractor_langchain_clp_chat,semi_en,episode_00020,Lose,0
2411,dond,tagextractor_langchain_clp_chat,semi_en,episode_00020,Success,0
2412,dond,tagextractor_langchain_clp_chat,semi_en,episode_00020,Main Score,
2413,guesswhat,tagextractor_langchain_clp_chat,Abs_Level_1,episode_00013,Violated Request Count,0
2414,guesswhat,tagextractor_langchain_clp_chat,Abs_Level_1,episode_00013,Parsed Request Count,5
2415,guesswhat,tagextractor_langchain_clp_chat,Abs_Level_1,episode_00013,Request Count,5
2416,guesswhat,tagextractor_langchain_clp_chat,Abs_Level_1,episode_00013,Request Success Ratio,1.0
2417,guesswhat,tagextractor_langchain_clp_chat,Abs_Level_1,episode_00013,Aborted,0
2418,guesswhat,tagextractor_langchain_clp_chat,Abs_Level_1,episode_00013,Success,1
2419,guesswhat,tagextractor_langchain_clp_chat,Abs_Level_1,episode_00013,Lose,0
2420,guesswhat,tagextractor_langchain_clp_chat,Abs_Level_1,episode_00013,Speed,100
2421,guesswhat,tagextractor_langchain_clp_chat,Abs_Level_1,episode_00013,Main Score,100
2422,guesswhat,tagextractor_langchain_clp_chat,Abs_Level_1,episode_00013,Invalid format guesser response,0
2423,guesswhat,tagextractor_langchain_clp_chat,Abs_Level_1,episode_00013,Invalid format answerer response,0
2424,guesswhat,tagextractor_langchain_clp_chat,Abs_Level_1,episode_00013,Invalid content guesser response,0
2425,guesswhat,tagextractor_langchain_clp_chat,Abs_Level_1,episode_00013,Invalid content answerer response,0
2426,guesswhat,tagextractor_langchain_clp_chat,Abs_Level_1,episode_00014,Violated Request Count,0
2427,guesswhat,tagextractor_langchain_clp_chat,Abs_Level_1,episode_00014,Parsed Request Count,8
2428,guesswhat,tagextractor_langchain_clp_chat,Abs_Level_1,episode_00014,Request Count,8
2429,guesswhat,tagextractor_langchain_clp_chat,Abs_Level_1,episode_00014,Request Success Ratio,1.0
2430,guesswhat,tagextractor_langchain_clp_chat,Abs_Level_1,episode_00014,Aborted,0
2431,guesswhat,tagextractor_langchain_clp_chat,Abs_Level_1,episode_00014,Success,1
2432,guesswhat,tagextractor_langchain_clp_chat,Abs_Level_1,episode_00014,Lose,0
2433,guesswhat,tagextractor_langchain_clp_chat,Abs_Level_1,episode_00014,Speed,0
2434,guesswhat,tagextractor_langchain_clp_chat,Abs_Level_1,episode_00014,Main Score,0
2435,guesswhat,tagextractor_langchain_clp_chat,Abs_Level_1,episode_00014,Invalid format guesser response,0
2436,guesswhat,tagextractor_langchain_clp_chat,Abs_Level_1,episode_00014,Invalid format answerer response,0
2437,guesswhat,tagextractor_langchain_clp_chat,Abs_Level_1,episode_00014,Invalid content guesser response,0
2438,guesswhat,tagextractor_langchain_clp_chat,Abs_Level_1,episode_00014,Invalid content answerer response,0
2439,guesswhat,tagextractor_langchain_clp_chat,Abs_Level_1,episode_00015,Violated Request Count,0
2440,guesswhat,tagextractor_langchain_clp_chat,Abs_Level_1,episode_00015,Parsed Request Count,6
2441,guesswhat,tagextractor_langchain_clp_chat,Abs_Level_1,episode_00015,Request Count,6
2442,guesswhat,tagextractor_langchain_clp_chat,Abs_Level_1,episode_00015,Request Success Ratio,1.0
2443,guesswhat,tagextractor_langchain_clp_chat,Abs_Level_1,episode_00015,Aborted,0
2444,guesswhat,tagextractor_langchain_clp_chat,Abs_Level_1,episode_00015,Success,1
2445,guesswhat,tagextractor_langchain_clp_chat,Abs_Level_1,episode_00015,Lose,0
2446,guesswhat,tagextractor_langchain_clp_chat,Abs_Level_1,episode_00015,Speed,66.66666666666667
2447,guesswhat,tagextractor_langchain_clp_chat,Abs_Level_1,episode_00015,Main Score,66.66666666666667
2448,guesswhat,tagextractor_langchain_clp_chat,Abs_Level_1,episode_00015,Invalid format guesser response,0
2449,guesswhat,tagextractor_langchain_clp_chat,Abs_Level_1,episode_00015,Invalid format answerer response,0
2450,guesswhat,tagextractor_langchain_clp_chat,Abs_Level_1,episode_00015,Invalid content guesser response,0
2451,guesswhat,tagextractor_langchain_clp_chat,Abs_Level_1,episode_00015,Invalid content answerer response,0
2452,guesswhat,tagextractor_langchain_clp_chat,Abs_Level_1,episode_00016,Violated Request Count,0
2453,guesswhat,tagextractor_langchain_clp_chat,Abs_Level_1,episode_00016,Parsed Request Count,7
2454,guesswhat,tagextractor_langchain_clp_chat,Abs_Level_1,episode_00016,Request Count,7
2455,guesswhat,tagextractor_langchain_clp_chat,Abs_Level_1,episode_00016,Request Success Ratio,1.0
2456,guesswhat,tagextractor_langchain_clp_chat,Abs_Level_1,episode_00016,Aborted,0
2457,guesswhat,tagextractor_langchain_clp_chat,Abs_Level_1,episode_00016,Success,0
2458,guesswhat,tagextractor_langchain_clp_chat,Abs_Level_1,episode_00016,Lose,1
2459,guesswhat,tagextractor_langchain_clp_chat,Abs_Level_1,episode_00016,Main Score,0
2460,guesswhat,tagextractor_langchain_clp_chat,Abs_Level_1,episode_00016,Invalid format guesser response,0
2461,guesswhat,tagextractor_langchain_clp_chat,Abs_Level_1,episode_00016,Invalid format answerer response,0
2462,guesswhat,tagextractor_langchain_clp_chat,Abs_Level_1,episode_00016,Invalid content guesser response,0
2463,guesswhat,tagextractor_langchain_clp_chat,Abs_Level_1,episode_00016,Invalid content answerer response,0
2464,guesswhat,tagextractor_langchain_clp_chat,Abs_Level_2,episode_00017,Violated Request Count,0
2465,guesswhat,tagextractor_langchain_clp_chat,Abs_Level_2,episode_00017,Parsed Request Count,6
2466,guesswhat,tagextractor_langchain_clp_chat,Abs_Level_2,episode_00017,Request Count,6
2467,guesswhat,tagextractor_langchain_clp_chat,Abs_Level_2,episode_00017,Request Success Ratio,1.0
2468,guesswhat,tagextractor_langchain_clp_chat,Abs_Level_2,episode_00017,Aborted,0
2469,guesswhat,tagextractor_langchain_clp_chat,Abs_Level_2,episode_00017,Success,1
2470,guesswhat,tagextractor_langchain_clp_chat,Abs_Level_2,episode_00017,Lose,0
2471,guesswhat,tagextractor_langchain_clp_chat,Abs_Level_2,episode_00017,Speed,66.66666666666667
2472,guesswhat,tagextractor_langchain_clp_chat,Abs_Level_2,episode_00017,Main Score,66.66666666666667
2473,guesswhat,tagextractor_langchain_clp_chat,Abs_Level_2,episode_00017,Invalid format guesser response,0
2474,guesswhat,tagextractor_langchain_clp_chat,Abs_Level_2,episode_00017,Invalid format answerer response,0
2475,guesswhat,tagextractor_langchain_clp_chat,Abs_Level_2,episode_00017,Invalid content guesser response,0
2476,guesswhat,tagextractor_langchain_clp_chat,Abs_Level_2,episode_00017,Invalid content answerer response,0
2477,guesswhat,tagextractor_langchain_clp_chat,Abs_Level_2,episode_00018,Violated Request Count,0
2478,guesswhat,tagextractor_langchain_clp_chat,Abs_Level_2,episode_00018,Parsed Request Count,5
2479,guesswhat,tagextractor_langchain_clp_chat,Abs_Level_2,episode_00018,Request Count,5
2480,guesswhat,tagextractor_langchain_clp_chat,Abs_Level_2,episode_00018,Request Success Ratio,1.0
2481,guesswhat,tagextractor_langchain_clp_chat,Abs_Level_2,episode_00018,Aborted,0
2482,guesswhat,tagextractor_langchain_clp_chat,Abs_Level_2,episode_00018,Success,1
2483,guesswhat,tagextractor_langchain_clp_chat,Abs_Level_2,episode_00018,Lose,0
2484,guesswhat,tagextractor_langchain_clp_chat,Abs_Level_2,episode_00018,Speed,100
2485,guesswhat,tagextractor_langchain_clp_chat,Abs_Level_2,episode_00018,Main Score,100
2486,guesswhat,tagextractor_langchain_clp_chat,Abs_Level_2,episode_00018,Invalid format guesser response,0
2487,guesswhat,tagextractor_langchain_clp_chat,Abs_Level_2,episode_00018,Invalid format answerer response,0
2488,guesswhat,tagextractor_langchain_clp_chat,Abs_Level_2,episode_00018,Invalid content guesser response,0
2489,guesswhat,tagextractor_langchain_clp_chat,Abs_Level_2,episode_00018,Invalid content answerer response,0
2490,guesswhat,tagextractor_langchain_clp_chat,Abs_Level_2,episode_00019,Violated Request Count,0
2491,guesswhat,tagextractor_langchain_clp_chat,Abs_Level_2,episode_00019,Parsed Request Count,6
2492,guesswhat,tagextractor_langchain_clp_chat,Abs_Level_2,episode_00019,Request Count,6
2493,guesswhat,tagextractor_langchain_clp_chat,Abs_Level_2,episode_00019,Request Success Ratio,1.0
2494,guesswhat,tagextractor_langchain_clp_chat,Abs_Level_2,episode_00019,Aborted,0
2495,guesswhat,tagextractor_langchain_clp_chat,Abs_Level_2,episode_00019,Success,1
2496,guesswhat,tagextractor_langchain_clp_chat,Abs_Level_2,episode_00019,Lose,0
2497,guesswhat,tagextractor_langchain_clp_chat,Abs_Level_2,episode_00019,Speed,66.66666666666667
2498,guesswhat,tagextractor_langchain_clp_chat,Abs_Level_2,episode_00019,Main Score,66.66666666666667
2499,guesswhat,tagextractor_langchain_clp_chat,Abs_Level_2,episode_00019,Invalid format guesser response,0
2500,guesswhat,tagextractor_langchain_clp_chat,Abs_Level_2,episode_00019,Invalid format answerer response,0
2501,guesswhat,tagextractor_langchain_clp_chat,Abs_Level_2,episode_00019,Invalid content guesser response,0
2502,guesswhat,tagextractor_langchain_clp_chat,Abs_Level_2,episode_00019,Invalid content answerer response,0
2503,guesswhat,tagextractor_langchain_clp_chat,Abs_Level_2,episode_00020,Violated Request Count,0
2504,guesswhat,tagextractor_langchain_clp_chat,Abs_Level_2,episode_00020,Parsed Request Count,5
2505,guesswhat,tagextractor_langchain_clp_chat,Abs_Level_2,episode_00020,Request Count,5
2506,guesswhat,tagextractor_langchain_clp_chat,Abs_Level_2,episode_00020,Request Success Ratio,1.0
2507,guesswhat,tagextractor_langchain_clp_chat,Abs_Level_2,episode_00020,Aborted,0
2508,guesswhat,tagextractor_langchain_clp_chat,Abs_Level_2,episode_00020,Success,1
2509,guesswhat,tagextractor_langchain_clp_chat,Abs_Level_2,episode_00020,Lose,0
2510,guesswhat,tagextractor_langchain_clp_chat,Abs_Level_2,episode_00020,Speed,100
2511,guesswhat,tagextractor_langchain_clp_chat,Abs_Level_2,episode_00020,Main Score,100
2512,guesswhat,tagextractor_langchain_clp_chat,Abs_Level_2,episode_00020,Invalid format guesser response,0
2513,guesswhat,tagextractor_langchain_clp_chat,Abs_Level_2,episode_00020,Invalid format answerer response,0
2514,guesswhat,tagextractor_langchain_clp_chat,Abs_Level_2,episode_00020,Invalid content guesser response,0
2515,guesswhat,tagextractor_langchain_clp_chat,Abs_Level_2,episode_00020,Invalid content answerer response,0
2516,guesswhat,tagextractor_langchain_clp_chat,Abs_Level_3,episode_00021,Violated Request Count,0
2517,guesswhat,tagextractor_langchain_clp_chat,Abs_Level_3,episode_00021,Parsed Request Count,4
2518,guesswhat,tagextractor_langchain_clp_chat,Abs_Level_3,episode_00021,Request Count,4
2519,guesswhat,tagextractor_langchain_clp_chat,Abs_Level_3,episode_00021,Request Success Ratio,1.0
2520,guesswhat,tagextractor_langchain_clp_chat,Abs_Level_3,episode_00021,Aborted,0
2521,guesswhat,tagextractor_langchain_clp_chat,Abs_Level_3,episode_00021,Success,1
2522,guesswhat,tagextractor_langchain_clp_chat,Abs_Level_3,episode_00021,Lose,0
2523,guesswhat,tagextractor_langchain_clp_chat,Abs_Level_3,episode_00021,Speed,100
2524,guesswhat,tagextractor_langchain_clp_chat,Abs_Level_3,episode_00021,Main Score,100
2525,guesswhat,tagextractor_langchain_clp_chat,Abs_Level_3,episode_00021,Invalid format guesser response,0
2526,guesswhat,tagextractor_langchain_clp_chat,Abs_Level_3,episode_00021,Invalid format answerer response,0
2527,guesswhat,tagextractor_langchain_clp_chat,Abs_Level_3,episode_00021,Invalid content guesser response,0
2528,guesswhat,tagextractor_langchain_clp_chat,Abs_Level_3,episode_00021,Invalid content answerer response,0
2529,guesswhat,tagextractor_langchain_clp_chat,Abs_Level_3,episode_00022,Violated Request Count,0
2530,guesswhat,tagextractor_langchain_clp_chat,Abs_Level_3,episode_00022,Parsed Request Count,6
2531,guesswhat,tagextractor_langchain_clp_chat,Abs_Level_3,episode_00022,Request Count,6
2532,guesswhat,tagextractor_langchain_clp_chat,Abs_Level_3,episode_00022,Request Success Ratio,1.0
2533,guesswhat,tagextractor_langchain_clp_chat,Abs_Level_3,episode_00022,Aborted,0
2534,guesswhat,tagextractor_langchain_clp_chat,Abs_Level_3,episode_00022,Success,0
2535,guesswhat,tagextractor_langchain_clp_chat,Abs_Level_3,episode_00022,Lose,1
2536,guesswhat,tagextractor_langchain_clp_chat,Abs_Level_3,episode_00022,Main Score,0
2537,guesswhat,tagextractor_langchain_clp_chat,Abs_Level_3,episode_00022,Invalid format guesser response,0
2538,guesswhat,tagextractor_langchain_clp_chat,Abs_Level_3,episode_00022,Invalid format answerer response,0
2539,guesswhat,tagextractor_langchain_clp_chat,Abs_Level_3,episode_00022,Invalid content guesser response,0
2540,guesswhat,tagextractor_langchain_clp_chat,Abs_Level_3,episode_00022,Invalid content answerer response,0
2541,guesswhat,tagextractor_langchain_clp_chat,Abs_Level_3,episode_00023,Violated Request Count,1
2542,guesswhat,tagextractor_langchain_clp_chat,Abs_Level_3,episode_00023,Parsed Request Count,1
2543,guesswhat,tagextractor_langchain_clp_chat,Abs_Level_3,episode_00023,Request Count,2
2544,guesswhat,tagextractor_langchain_clp_chat,Abs_Level_3,episode_00023,Request Success Ratio,0.5
2545,guesswhat,tagextractor_langchain_clp_chat,Abs_Level_3,episode_00023,Aborted,1
2546,guesswhat,tagextractor_langchain_clp_chat,Abs_Level_3,episode_00023,Main Score,
2547,guesswhat,tagextractor_langchain_clp_chat,Abs_Level_3,episode_00023,Invalid format guesser response,1
2548,guesswhat,tagextractor_langchain_clp_chat,Abs_Level_3,episode_00023,Invalid format answerer response,0
2549,guesswhat,tagextractor_langchain_clp_chat,Abs_Level_3,episode_00023,Invalid content guesser response,0
2550,guesswhat,tagextractor_langchain_clp_chat,Abs_Level_3,episode_00023,Invalid content answerer response,0
2551,guesswhat,tagextractor_langchain_clp_chat,Abs_Level_3,episode_00024,Violated Request Count,0
2552,guesswhat,tagextractor_langchain_clp_chat,Abs_Level_3,episode_00024,Parsed Request Count,5
2553,guesswhat,tagextractor_langchain_clp_chat,Abs_Level_3,episode_00024,Request Count,5
2554,guesswhat,tagextractor_langchain_clp_chat,Abs_Level_3,episode_00024,Request Success Ratio,1.0
2555,guesswhat,tagextractor_langchain_clp_chat,Abs_Level_3,episode_00024,Aborted,0
2556,guesswhat,tagextractor_langchain_clp_chat,Abs_Level_3,episode_00024,Success,0
2557,guesswhat,tagextractor_langchain_clp_chat,Abs_Level_3,episode_00024,Lose,1
2558,guesswhat,tagextractor_langchain_clp_chat,Abs_Level_3,episode_00024,Main Score,0
2559,guesswhat,tagextractor_langchain_clp_chat,Abs_Level_3,episode_00024,Invalid format guesser response,0
2560,guesswhat,tagextractor_langchain_clp_chat,Abs_Level_3,episode_00024,Invalid format answerer response,0
2561,guesswhat,tagextractor_langchain_clp_chat,Abs_Level_3,episode_00024,Invalid content guesser response,0
2562,guesswhat,tagextractor_langchain_clp_chat,Abs_Level_3,episode_00024,Invalid content answerer response,0
2563,guesswhat,tagextractor_langchain_clp_chat,Level_1,episode_00001,Violated Request Count,0
2564,guesswhat,tagextractor_langchain_clp_chat,Level_1,episode_00001,Parsed Request Count,3
2565,guesswhat,tagextractor_langchain_clp_chat,Level_1,episode_00001,Request Count,3
2566,guesswhat,tagextractor_langchain_clp_chat,Level_1,episode_00001,Request Success Ratio,1.0
2567,guesswhat,tagextractor_langchain_clp_chat,Level_1,episode_00001,Aborted,0
2568,guesswhat,tagextractor_langchain_clp_chat,Level_1,episode_00001,Success,1
2569,guesswhat,tagextractor_langchain_clp_chat,Level_1,episode_00001,Lose,0
2570,guesswhat,tagextractor_langchain_clp_chat,Level_1,episode_00001,Speed,100
2571,guesswhat,tagextractor_langchain_clp_chat,Level_1,episode_00001,Main Score,100
2572,guesswhat,tagextractor_langchain_clp_chat,Level_1,episode_00001,Invalid format guesser response,0
2573,guesswhat,tagextractor_langchain_clp_chat,Level_1,episode_00001,Invalid format answerer response,0
2574,guesswhat,tagextractor_langchain_clp_chat,Level_1,episode_00001,Invalid content guesser response,0
2575,guesswhat,tagextractor_langchain_clp_chat,Level_1,episode_00001,Invalid content answerer response,0
2576,guesswhat,tagextractor_langchain_clp_chat,Level_1,episode_00002,Violated Request Count,0
2577,guesswhat,tagextractor_langchain_clp_chat,Level_1,episode_00002,Parsed Request Count,5
2578,guesswhat,tagextractor_langchain_clp_chat,Level_1,episode_00002,Request Count,5
2579,guesswhat,tagextractor_langchain_clp_chat,Level_1,episode_00002,Request Success Ratio,1.0
2580,guesswhat,tagextractor_langchain_clp_chat,Level_1,episode_00002,Aborted,0
2581,guesswhat,tagextractor_langchain_clp_chat,Level_1,episode_00002,Success,1
2582,guesswhat,tagextractor_langchain_clp_chat,Level_1,episode_00002,Lose,0
2583,guesswhat,tagextractor_langchain_clp_chat,Level_1,episode_00002,Speed,100
2584,guesswhat,tagextractor_langchain_clp_chat,Level_1,episode_00002,Main Score,100
2585,guesswhat,tagextractor_langchain_clp_chat,Level_1,episode_00002,Invalid format guesser response,0
2586,guesswhat,tagextractor_langchain_clp_chat,Level_1,episode_00002,Invalid format answerer response,0
2587,guesswhat,tagextractor_langchain_clp_chat,Level_1,episode_00002,Invalid content guesser response,0
2588,guesswhat,tagextractor_langchain_clp_chat,Level_1,episode_00002,Invalid content answerer response,0
2589,guesswhat,tagextractor_langchain_clp_chat,Level_1,episode_00003,Violated Request Count,0
2590,guesswhat,tagextractor_langchain_clp_chat,Level_1,episode_00003,Parsed Request Count,4
2591,guesswhat,tagextractor_langchain_clp_chat,Level_1,episode_00003,Request Count,4
2592,guesswhat,tagextractor_langchain_clp_chat,Level_1,episode_00003,Request Success Ratio,1.0
2593,guesswhat,tagextractor_langchain_clp_chat,Level_1,episode_00003,Aborted,0
2594,guesswhat,tagextractor_langchain_clp_chat,Level_1,episode_00003,Success,0
2595,guesswhat,tagextractor_langchain_clp_chat,Level_1,episode_00003,Lose,1
2596,guesswhat,tagextractor_langchain_clp_chat,Level_1,episode_00003,Main Score,0
2597,guesswhat,tagextractor_langchain_clp_chat,Level_1,episode_00003,Invalid format guesser response,0
2598,guesswhat,tagextractor_langchain_clp_chat,Level_1,episode_00003,Invalid format answerer response,0
2599,guesswhat,tagextractor_langchain_clp_chat,Level_1,episode_00003,Invalid content guesser response,0
2600,guesswhat,tagextractor_langchain_clp_chat,Level_1,episode_00003,Invalid content answerer response,0
2601,guesswhat,tagextractor_langchain_clp_chat,Level_1,episode_00004,Violated Request Count,0
2602,guesswhat,tagextractor_langchain_clp_chat,Level_1,episode_00004,Parsed Request Count,5
2603,guesswhat,tagextractor_langchain_clp_chat,Level_1,episode_00004,Request Count,5
2604,guesswhat,tagextractor_langchain_clp_chat,Level_1,episode_00004,Request Success Ratio,1.0
2605,guesswhat,tagextractor_langchain_clp_chat,Level_1,episode_00004,Aborted,0
2606,guesswhat,tagextractor_langchain_clp_chat,Level_1,episode_00004,Success,1
2607,guesswhat,tagextractor_langchain_clp_chat,Level_1,episode_00004,Lose,0
2608,guesswhat,tagextractor_langchain_clp_chat,Level_1,episode_00004,Speed,100
2609,guesswhat,tagextractor_langchain_clp_chat,Level_1,episode_00004,Main Score,100
2610,guesswhat,tagextractor_langchain_clp_chat,Level_1,episode_00004,Invalid format guesser response,0
2611,guesswhat,tagextractor_langchain_clp_chat,Level_1,episode_00004,Invalid format answerer response,0
2612,guesswhat,tagextractor_langchain_clp_chat,Level_1,episode_00004,Invalid content guesser response,0
2613,guesswhat,tagextractor_langchain_clp_chat,Level_1,episode_00004,Invalid content answerer response,0
2614,guesswhat,tagextractor_langchain_clp_chat,Level_2,episode_00005,Violated Request Count,0
2615,guesswhat,tagextractor_langchain_clp_chat,Level_2,episode_00005,Parsed Request Count,5
2616,guesswhat,tagextractor_langchain_clp_chat,Level_2,episode_00005,Request Count,5
2617,guesswhat,tagextractor_langchain_clp_chat,Level_2,episode_00005,Request Success Ratio,1.0
2618,guesswhat,tagextractor_langchain_clp_chat,Level_2,episode_00005,Aborted,0
2619,guesswhat,tagextractor_langchain_clp_chat,Level_2,episode_00005,Success,0
2620,guesswhat,tagextractor_langchain_clp_chat,Level_2,episode_00005,Lose,1
2621,guesswhat,tagextractor_langchain_clp_chat,Level_2,episode_00005,Main Score,0
2622,guesswhat,tagextractor_langchain_clp_chat,Level_2,episode_00005,Invalid format guesser response,0
2623,guesswhat,tagextractor_langchain_clp_chat,Level_2,episode_00005,Invalid format answerer response,0
2624,guesswhat,tagextractor_langchain_clp_chat,Level_2,episode_00005,Invalid content guesser response,0
2625,guesswhat,tagextractor_langchain_clp_chat,Level_2,episode_00005,Invalid content answerer response,0
2626,guesswhat,tagextractor_langchain_clp_chat,Level_2,episode_00006,Violated Request Count,0
2627,guesswhat,tagextractor_langchain_clp_chat,Level_2,episode_00006,Parsed Request Count,6
2628,guesswhat,tagextractor_langchain_clp_chat,Level_2,episode_00006,Request Count,6
2629,guesswhat,tagextractor_langchain_clp_chat,Level_2,episode_00006,Request Success Ratio,1.0
2630,guesswhat,tagextractor_langchain_clp_chat,Level_2,episode_00006,Aborted,0
2631,guesswhat,tagextractor_langchain_clp_chat,Level_2,episode_00006,Success,1
2632,guesswhat,tagextractor_langchain_clp_chat,Level_2,episode_00006,Lose,0
2633,guesswhat,tagextractor_langchain_clp_chat,Level_2,episode_00006,Speed,66.66666666666667
2634,guesswhat,tagextractor_langchain_clp_chat,Level_2,episode_00006,Main Score,66.66666666666667
2635,guesswhat,tagextractor_langchain_clp_chat,Level_2,episode_00006,Invalid format guesser response,0
2636,guesswhat,tagextractor_langchain_clp_chat,Level_2,episode_00006,Invalid format answerer response,0
2637,guesswhat,tagextractor_langchain_clp_chat,Level_2,episode_00006,Invalid content guesser response,0
2638,guesswhat,tagextractor_langchain_clp_chat,Level_2,episode_00006,Invalid content answerer response,0
2639,guesswhat,tagextractor_langchain_clp_chat,Level_2,episode_00007,Violated Request Count,1
2640,guesswhat,tagextractor_langchain_clp_chat,Level_2,episode_00007,Parsed Request Count,1
2641,guesswhat,tagextractor_langchain_clp_chat,Level_2,episode_00007,Request Count,2
2642,guesswhat,tagextractor_langchain_clp_chat,Level_2,episode_00007,Request Success Ratio,0.5
2643,guesswhat,tagextractor_langchain_clp_chat,Level_2,episode_00007,Aborted,1
2644,guesswhat,tagextractor_langchain_clp_chat,Level_2,episode_00007,Main Score,
2645,guesswhat,tagextractor_langchain_clp_chat,Level_2,episode_00007,Invalid format guesser response,1
2646,guesswhat,tagextractor_langchain_clp_chat,Level_2,episode_00007,Invalid format answerer response,0
2647,guesswhat,tagextractor_langchain_clp_chat,Level_2,episode_00007,Invalid content guesser response,0
2648,guesswhat,tagextractor_langchain_clp_chat,Level_2,episode_00007,Invalid content answerer response,0
2649,guesswhat,tagextractor_langchain_clp_chat,Level_2,episode_00008,Violated Request Count,0
2650,guesswhat,tagextractor_langchain_clp_chat,Level_2,episode_00008,Parsed Request Count,5
2651,guesswhat,tagextractor_langchain_clp_chat,Level_2,episode_00008,Request Count,5
2652,guesswhat,tagextractor_langchain_clp_chat,Level_2,episode_00008,Request Success Ratio,1.0
2653,guesswhat,tagextractor_langchain_clp_chat,Level_2,episode_00008,Aborted,0
2654,guesswhat,tagextractor_langchain_clp_chat,Level_2,episode_00008,Success,0
2655,guesswhat,tagextractor_langchain_clp_chat,Level_2,episode_00008,Lose,1
2656,guesswhat,tagextractor_langchain_clp_chat,Level_2,episode_00008,Main Score,0
2657,guesswhat,tagextractor_langchain_clp_chat,Level_2,episode_00008,Invalid format guesser response,0
2658,guesswhat,tagextractor_langchain_clp_chat,Level_2,episode_00008,Invalid format answerer response,0
2659,guesswhat,tagextractor_langchain_clp_chat,Level_2,episode_00008,Invalid content guesser response,0
2660,guesswhat,tagextractor_langchain_clp_chat,Level_2,episode_00008,Invalid content answerer response,0
2661,guesswhat,tagextractor_langchain_clp_chat,Level_3,episode_00009,Violated Request Count,0
2662,guesswhat,tagextractor_langchain_clp_chat,Level_3,episode_00009,Parsed Request Count,7
2663,guesswhat,tagextractor_langchain_clp_chat,Level_3,episode_00009,Request Count,7
2664,guesswhat,tagextractor_langchain_clp_chat,Level_3,episode_00009,Request Success Ratio,1.0
2665,guesswhat,tagextractor_langchain_clp_chat,Level_3,episode_00009,Aborted,0
2666,guesswhat,tagextractor_langchain_clp_chat,Level_3,episode_00009,Success,0
2667,guesswhat,tagextractor_langchain_clp_chat,Level_3,episode_00009,Lose,1
2668,guesswhat,tagextractor_langchain_clp_chat,Level_3,episode_00009,Main Score,0
2669,guesswhat,tagextractor_langchain_clp_chat,Level_3,episode_00009,Invalid format guesser response,0
2670,guesswhat,tagextractor_langchain_clp_chat,Level_3,episode_00009,Invalid format answerer response,0
2671,guesswhat,tagextractor_langchain_clp_chat,Level_3,episode_00009,Invalid content guesser response,0
2672,guesswhat,tagextractor_langchain_clp_chat,Level_3,episode_00009,Invalid content answerer response,0
2673,guesswhat,tagextractor_langchain_clp_chat,Level_3,episode_00010,Violated Request Count,0
2674,guesswhat,tagextractor_langchain_clp_chat,Level_3,episode_00010,Parsed Request Count,8
2675,guesswhat,tagextractor_langchain_clp_chat,Level_3,episode_00010,Request Count,8
2676,guesswhat,tagextractor_langchain_clp_chat,Level_3,episode_00010,Request Success Ratio,1.0
2677,guesswhat,tagextractor_langchain_clp_chat,Level_3,episode_00010,Aborted,0
2678,guesswhat,tagextractor_langchain_clp_chat,Level_3,episode_00010,Success,0
2679,guesswhat,tagextractor_langchain_clp_chat,Level_3,episode_00010,Lose,1
2680,guesswhat,tagextractor_langchain_clp_chat,Level_3,episode_00010,Main Score,0
2681,guesswhat,tagextractor_langchain_clp_chat,Level_3,episode_00010,Invalid format guesser response,0
2682,guesswhat,tagextractor_langchain_clp_chat,Level_3,episode_00010,Invalid format answerer response,0
2683,guesswhat,tagextractor_langchain_clp_chat,Level_3,episode_00010,Invalid content guesser response,0
2684,guesswhat,tagextractor_langchain_clp_chat,Level_3,episode_00010,Invalid content answerer response,0
2685,guesswhat,tagextractor_langchain_clp_chat,Level_3,episode_00011,Violated Request Count,0
2686,guesswhat,tagextractor_langchain_clp_chat,Level_3,episode_00011,Parsed Request Count,5
2687,guesswhat,tagextractor_langchain_clp_chat,Level_3,episode_00011,Request Count,5
2688,guesswhat,tagextractor_langchain_clp_chat,Level_3,episode_00011,Request Success Ratio,1.0
2689,guesswhat,tagextractor_langchain_clp_chat,Level_3,episode_00011,Aborted,0
2690,guesswhat,tagextractor_langchain_clp_chat,Level_3,episode_00011,Success,0
2691,guesswhat,tagextractor_langchain_clp_chat,Level_3,episode_00011,Lose,1
2692,guesswhat,tagextractor_langchain_clp_chat,Level_3,episode_00011,Main Score,0
2693,guesswhat,tagextractor_langchain_clp_chat,Level_3,episode_00011,Invalid format guesser response,0
2694,guesswhat,tagextractor_langchain_clp_chat,Level_3,episode_00011,Invalid format answerer response,0
2695,guesswhat,tagextractor_langchain_clp_chat,Level_3,episode_00011,Invalid content guesser response,0
2696,guesswhat,tagextractor_langchain_clp_chat,Level_3,episode_00011,Invalid content answerer response,0
2697,guesswhat,tagextractor_langchain_clp_chat,Level_3,episode_00012,Violated Request Count,0
2698,guesswhat,tagextractor_langchain_clp_chat,Level_3,episode_00012,Parsed Request Count,2
2699,guesswhat,tagextractor_langchain_clp_chat,Level_3,episode_00012,Request Count,2
2700,guesswhat,tagextractor_langchain_clp_chat,Level_3,episode_00012,Request Success Ratio,1.0
2701,guesswhat,tagextractor_langchain_clp_chat,Level_3,episode_00012,Aborted,0
2702,guesswhat,tagextractor_langchain_clp_chat,Level_3,episode_00012,Success,0
2703,guesswhat,tagextractor_langchain_clp_chat,Level_3,episode_00012,Lose,1
2704,guesswhat,tagextractor_langchain_clp_chat,Level_3,episode_00012,Main Score,0
2705,guesswhat,tagextractor_langchain_clp_chat,Level_3,episode_00012,Invalid format guesser response,0
2706,guesswhat,tagextractor_langchain_clp_chat,Level_3,episode_00012,Invalid format answerer response,0
2707,guesswhat,tagextractor_langchain_clp_chat,Level_3,episode_00012,Invalid content guesser response,0
2708,guesswhat,tagextractor_langchain_clp_chat,Level_3,episode_00012,Invalid content answerer response,0
2709,imagegame,tagextractor_langchain_clp_chat,compact_grids,episode_00001,Precision,
2710,imagegame,tagextractor_langchain_clp_chat,compact_grids,episode_00001,Recall,
2711,imagegame,tagextractor_langchain_clp_chat,compact_grids,episode_00001,F1,
2712,imagegame,tagextractor_langchain_clp_chat,compact_grids,episode_00001,Main Score,
2713,imagegame,tagextractor_langchain_clp_chat,compact_grids,episode_00001,Average Changed Cell Count,
2714,imagegame,tagextractor_langchain_clp_chat,compact_grids,episode_00001,Average Generated Instruction Length,
2715,imagegame,tagextractor_langchain_clp_chat,compact_grids,episode_00001,Average Generated Expression Number of Tokens,
2716,imagegame,tagextractor_langchain_clp_chat,compact_grids,episode_00001,Success,0
2717,imagegame,tagextractor_langchain_clp_chat,compact_grids,episode_00001,Lose,0
2718,imagegame,tagextractor_langchain_clp_chat,compact_grids,episode_00001,Aborted,1
2719,imagegame,tagextractor_langchain_clp_chat,compact_grids,episode_00001,Request Count,3
2720,imagegame,tagextractor_langchain_clp_chat,compact_grids,episode_00001,Violated Request Count,1
2721,imagegame,tagextractor_langchain_clp_chat,compact_grids,episode_00001,Parsed Request Count,2
2722,imagegame,tagextractor_langchain_clp_chat,compact_grids,episode_00001,Request Success Ratio,0.6667
2723,imagegame,tagextractor_langchain_clp_chat,compact_grids,episode_00002,Precision,
2724,imagegame,tagextractor_langchain_clp_chat,compact_grids,episode_00002,Recall,
2725,imagegame,tagextractor_langchain_clp_chat,compact_grids,episode_00002,F1,
2726,imagegame,tagextractor_langchain_clp_chat,compact_grids,episode_00002,Main Score,
2727,imagegame,tagextractor_langchain_clp_chat,compact_grids,episode_00002,Average Changed Cell Count,
2728,imagegame,tagextractor_langchain_clp_chat,compact_grids,episode_00002,Average Generated Instruction Length,
2729,imagegame,tagextractor_langchain_clp_chat,compact_grids,episode_00002,Average Generated Expression Number of Tokens,
2730,imagegame,tagextractor_langchain_clp_chat,compact_grids,episode_00002,Success,0
2731,imagegame,tagextractor_langchain_clp_chat,compact_grids,episode_00002,Lose,0
2732,imagegame,tagextractor_langchain_clp_chat,compact_grids,episode_00002,Aborted,1
2733,imagegame,tagextractor_langchain_clp_chat,compact_grids,episode_00002,Request Count,3
2734,imagegame,tagextractor_langchain_clp_chat,compact_grids,episode_00002,Violated Request Count,1
2735,imagegame,tagextractor_langchain_clp_chat,compact_grids,episode_00002,Parsed Request Count,2
2736,imagegame,tagextractor_langchain_clp_chat,compact_grids,episode_00002,Request Success Ratio,0.6667
2737,imagegame,tagextractor_langchain_clp_chat,compact_grids,episode_00003,Precision,
2738,imagegame,tagextractor_langchain_clp_chat,compact_grids,episode_00003,Recall,
2739,imagegame,tagextractor_langchain_clp_chat,compact_grids,episode_00003,F1,
2740,imagegame,tagextractor_langchain_clp_chat,compact_grids,episode_00003,Main Score,
2741,imagegame,tagextractor_langchain_clp_chat,compact_grids,episode_00003,Average Changed Cell Count,
2742,imagegame,tagextractor_langchain_clp_chat,compact_grids,episode_00003,Average Generated Instruction Length,
2743,imagegame,tagextractor_langchain_clp_chat,compact_grids,episode_00003,Average Generated Expression Number of Tokens,
2744,imagegame,tagextractor_langchain_clp_chat,compact_grids,episode_00003,Success,0
2745,imagegame,tagextractor_langchain_clp_chat,compact_grids,episode_00003,Lose,0
2746,imagegame,tagextractor_langchain_clp_chat,compact_grids,episode_00003,Aborted,1
2747,imagegame,tagextractor_langchain_clp_chat,compact_grids,episode_00003,Request Count,3
2748,imagegame,tagextractor_langchain_clp_chat,compact_grids,episode_00003,Violated Request Count,1
2749,imagegame,tagextractor_langchain_clp_chat,compact_grids,episode_00003,Parsed Request Count,2
2750,imagegame,tagextractor_langchain_clp_chat,compact_grids,episode_00003,Request Success Ratio,0.6667
2751,imagegame,tagextractor_langchain_clp_chat,compact_grids,episode_00004,Precision,
2752,imagegame,tagextractor_langchain_clp_chat,compact_grids,episode_00004,Recall,
2753,imagegame,tagextractor_langchain_clp_chat,compact_grids,episode_00004,F1,
2754,imagegame,tagextractor_langchain_clp_chat,compact_grids,episode_00004,Main Score,
2755,imagegame,tagextractor_langchain_clp_chat,compact_grids,episode_00004,Average Changed Cell Count,
2756,imagegame,tagextractor_langchain_clp_chat,compact_grids,episode_00004,Average Generated Instruction Length,
2757,imagegame,tagextractor_langchain_clp_chat,compact_grids,episode_00004,Average Generated Expression Number of Tokens,
2758,imagegame,tagextractor_langchain_clp_chat,compact_grids,episode_00004,Success,0
2759,imagegame,tagextractor_langchain_clp_chat,compact_grids,episode_00004,Lose,0
2760,imagegame,tagextractor_langchain_clp_chat,compact_grids,episode_00004,Aborted,1
2761,imagegame,tagextractor_langchain_clp_chat,compact_grids,episode_00004,Request Count,3
2762,imagegame,tagextractor_langchain_clp_chat,compact_grids,episode_00004,Violated Request Count,1
2763,imagegame,tagextractor_langchain_clp_chat,compact_grids,episode_00004,Parsed Request Count,2
2764,imagegame,tagextractor_langchain_clp_chat,compact_grids,episode_00004,Request Success Ratio,0.6667
2765,imagegame,tagextractor_langchain_clp_chat,compact_grids,episode_00005,Precision,
2766,imagegame,tagextractor_langchain_clp_chat,compact_grids,episode_00005,Recall,
2767,imagegame,tagextractor_langchain_clp_chat,compact_grids,episode_00005,F1,
2768,imagegame,tagextractor_langchain_clp_chat,compact_grids,episode_00005,Main Score,
2769,imagegame,tagextractor_langchain_clp_chat,compact_grids,episode_00005,Average Changed Cell Count,
2770,imagegame,tagextractor_langchain_clp_chat,compact_grids,episode_00005,Average Generated Instruction Length,
2771,imagegame,tagextractor_langchain_clp_chat,compact_grids,episode_00005,Average Generated Expression Number of Tokens,
2772,imagegame,tagextractor_langchain_clp_chat,compact_grids,episode_00005,Success,0
2773,imagegame,tagextractor_langchain_clp_chat,compact_grids,episode_00005,Lose,0
2774,imagegame,tagextractor_langchain_clp_chat,compact_grids,episode_00005,Aborted,1
2775,imagegame,tagextractor_langchain_clp_chat,compact_grids,episode_00005,Request Count,3
2776,imagegame,tagextractor_langchain_clp_chat,compact_grids,episode_00005,Violated Request Count,1
2777,imagegame,tagextractor_langchain_clp_chat,compact_grids,episode_00005,Parsed Request Count,2
2778,imagegame,tagextractor_langchain_clp_chat,compact_grids,episode_00005,Request Success Ratio,0.6667
2779,imagegame,tagextractor_langchain_clp_chat,compact_grids,episode_00006,Precision,
2780,imagegame,tagextractor_langchain_clp_chat,compact_grids,episode_00006,Recall,
2781,imagegame,tagextractor_langchain_clp_chat,compact_grids,episode_00006,F1,
2782,imagegame,tagextractor_langchain_clp_chat,compact_grids,episode_00006,Main Score,
2783,imagegame,tagextractor_langchain_clp_chat,compact_grids,episode_00006,Average Changed Cell Count,
2784,imagegame,tagextractor_langchain_clp_chat,compact_grids,episode_00006,Average Generated Instruction Length,
2785,imagegame,tagextractor_langchain_clp_chat,compact_grids,episode_00006,Average Generated Expression Number of Tokens,
2786,imagegame,tagextractor_langchain_clp_chat,compact_grids,episode_00006,Success,0
2787,imagegame,tagextractor_langchain_clp_chat,compact_grids,episode_00006,Lose,0
2788,imagegame,tagextractor_langchain_clp_chat,compact_grids,episode_00006,Aborted,1
2789,imagegame,tagextractor_langchain_clp_chat,compact_grids,episode_00006,Request Count,3
2790,imagegame,tagextractor_langchain_clp_chat,compact_grids,episode_00006,Violated Request Count,1
2791,imagegame,tagextractor_langchain_clp_chat,compact_grids,episode_00006,Parsed Request Count,2
2792,imagegame,tagextractor_langchain_clp_chat,compact_grids,episode_00006,Request Success Ratio,0.6667
2793,imagegame,tagextractor_langchain_clp_chat,compact_grids,episode_00007,Precision,
2794,imagegame,tagextractor_langchain_clp_chat,compact_grids,episode_00007,Recall,
2795,imagegame,tagextractor_langchain_clp_chat,compact_grids,episode_00007,F1,
2796,imagegame,tagextractor_langchain_clp_chat,compact_grids,episode_00007,Main Score,
2797,imagegame,tagextractor_langchain_clp_chat,compact_grids,episode_00007,Average Changed Cell Count,
2798,imagegame,tagextractor_langchain_clp_chat,compact_grids,episode_00007,Average Generated Instruction Length,
2799,imagegame,tagextractor_langchain_clp_chat,compact_grids,episode_00007,Average Generated Expression Number of Tokens,
2800,imagegame,tagextractor_langchain_clp_chat,compact_grids,episode_00007,Success,0
2801,imagegame,tagextractor_langchain_clp_chat,compact_grids,episode_00007,Lose,0
2802,imagegame,tagextractor_langchain_clp_chat,compact_grids,episode_00007,Aborted,1
2803,imagegame,tagextractor_langchain_clp_chat,compact_grids,episode_00007,Request Count,3
2804,imagegame,tagextractor_langchain_clp_chat,compact_grids,episode_00007,Violated Request Count,1
2805,imagegame,tagextractor_langchain_clp_chat,compact_grids,episode_00007,Parsed Request Count,2
2806,imagegame,tagextractor_langchain_clp_chat,compact_grids,episode_00007,Request Success Ratio,0.6667
2807,imagegame,tagextractor_langchain_clp_chat,compact_grids,episode_00008,Precision,
2808,imagegame,tagextractor_langchain_clp_chat,compact_grids,episode_00008,Recall,
2809,imagegame,tagextractor_langchain_clp_chat,compact_grids,episode_00008,F1,
2810,imagegame,tagextractor_langchain_clp_chat,compact_grids,episode_00008,Main Score,
2811,imagegame,tagextractor_langchain_clp_chat,compact_grids,episode_00008,Average Changed Cell Count,
2812,imagegame,tagextractor_langchain_clp_chat,compact_grids,episode_00008,Average Generated Instruction Length,
2813,imagegame,tagextractor_langchain_clp_chat,compact_grids,episode_00008,Average Generated Expression Number of Tokens,
2814,imagegame,tagextractor_langchain_clp_chat,compact_grids,episode_00008,Success,0
2815,imagegame,tagextractor_langchain_clp_chat,compact_grids,episode_00008,Lose,0
2816,imagegame,tagextractor_langchain_clp_chat,compact_grids,episode_00008,Aborted,1
2817,imagegame,tagextractor_langchain_clp_chat,compact_grids,episode_00008,Request Count,3
2818,imagegame,tagextractor_langchain_clp_chat,compact_grids,episode_00008,Violated Request Count,1
2819,imagegame,tagextractor_langchain_clp_chat,compact_grids,episode_00008,Parsed Request Count,2
2820,imagegame,tagextractor_langchain_clp_chat,compact_grids,episode_00008,Request Success Ratio,0.6667
2821,imagegame,tagextractor_langchain_clp_chat,compact_grids,episode_00009,Precision,
2822,imagegame,tagextractor_langchain_clp_chat,compact_grids,episode_00009,Recall,
2823,imagegame,tagextractor_langchain_clp_chat,compact_grids,episode_00009,F1,
2824,imagegame,tagextractor_langchain_clp_chat,compact_grids,episode_00009,Main Score,
2825,imagegame,tagextractor_langchain_clp_chat,compact_grids,episode_00009,Average Changed Cell Count,
2826,imagegame,tagextractor_langchain_clp_chat,compact_grids,episode_00009,Average Generated Instruction Length,
2827,imagegame,tagextractor_langchain_clp_chat,compact_grids,episode_00009,Average Generated Expression Number of Tokens,
2828,imagegame,tagextractor_langchain_clp_chat,compact_grids,episode_00009,Success,0
2829,imagegame,tagextractor_langchain_clp_chat,compact_grids,episode_00009,Lose,0
2830,imagegame,tagextractor_langchain_clp_chat,compact_grids,episode_00009,Aborted,1
2831,imagegame,tagextractor_langchain_clp_chat,compact_grids,episode_00009,Request Count,3
2832,imagegame,tagextractor_langchain_clp_chat,compact_grids,episode_00009,Violated Request Count,1
2833,imagegame,tagextractor_langchain_clp_chat,compact_grids,episode_00009,Parsed Request Count,2
2834,imagegame,tagextractor_langchain_clp_chat,compact_grids,episode_00009,Request Success Ratio,0.6667
2835,imagegame,tagextractor_langchain_clp_chat,compact_grids,episode_00010,Precision,
2836,imagegame,tagextractor_langchain_clp_chat,compact_grids,episode_00010,Recall,
2837,imagegame,tagextractor_langchain_clp_chat,compact_grids,episode_00010,F1,
2838,imagegame,tagextractor_langchain_clp_chat,compact_grids,episode_00010,Main Score,
2839,imagegame,tagextractor_langchain_clp_chat,compact_grids,episode_00010,Average Changed Cell Count,
2840,imagegame,tagextractor_langchain_clp_chat,compact_grids,episode_00010,Average Generated Instruction Length,
2841,imagegame,tagextractor_langchain_clp_chat,compact_grids,episode_00010,Average Generated Expression Number of Tokens,
2842,imagegame,tagextractor_langchain_clp_chat,compact_grids,episode_00010,Success,0
2843,imagegame,tagextractor_langchain_clp_chat,compact_grids,episode_00010,Lose,0
2844,imagegame,tagextractor_langchain_clp_chat,compact_grids,episode_00010,Aborted,1
2845,imagegame,tagextractor_langchain_clp_chat,compact_grids,episode_00010,Request Count,3
2846,imagegame,tagextractor_langchain_clp_chat,compact_grids,episode_00010,Violated Request Count,1
2847,imagegame,tagextractor_langchain_clp_chat,compact_grids,episode_00010,Parsed Request Count,2
2848,imagegame,tagextractor_langchain_clp_chat,compact_grids,episode_00010,Request Success Ratio,0.6667
2849,imagegame,tagextractor_langchain_clp_chat,compact_grids,episode_00011,Precision,
2850,imagegame,tagextractor_langchain_clp_chat,compact_grids,episode_00011,Recall,
2851,imagegame,tagextractor_langchain_clp_chat,compact_grids,episode_00011,F1,
2852,imagegame,tagextractor_langchain_clp_chat,compact_grids,episode_00011,Main Score,
2853,imagegame,tagextractor_langchain_clp_chat,compact_grids,episode_00011,Average Changed Cell Count,
2854,imagegame,tagextractor_langchain_clp_chat,compact_grids,episode_00011,Average Generated Instruction Length,
2855,imagegame,tagextractor_langchain_clp_chat,compact_grids,episode_00011,Average Generated Expression Number of Tokens,
2856,imagegame,tagextractor_langchain_clp_chat,compact_grids,episode_00011,Success,0
2857,imagegame,tagextractor_langchain_clp_chat,compact_grids,episode_00011,Lose,0
2858,imagegame,tagextractor_langchain_clp_chat,compact_grids,episode_00011,Aborted,1
2859,imagegame,tagextractor_langchain_clp_chat,compact_grids,episode_00011,Request Count,3
2860,imagegame,tagextractor_langchain_clp_chat,compact_grids,episode_00011,Violated Request Count,1
2861,imagegame,tagextractor_langchain_clp_chat,compact_grids,episode_00011,Parsed Request Count,2
2862,imagegame,tagextractor_langchain_clp_chat,compact_grids,episode_00011,Request Success Ratio,0.6667
2863,imagegame,tagextractor_langchain_clp_chat,compact_grids,episode_00012,Precision,
2864,imagegame,tagextractor_langchain_clp_chat,compact_grids,episode_00012,Recall,
2865,imagegame,tagextractor_langchain_clp_chat,compact_grids,episode_00012,F1,
2866,imagegame,tagextractor_langchain_clp_chat,compact_grids,episode_00012,Main Score,
2867,imagegame,tagextractor_langchain_clp_chat,compact_grids,episode_00012,Average Changed Cell Count,
2868,imagegame,tagextractor_langchain_clp_chat,compact_grids,episode_00012,Average Generated Instruction Length,
2869,imagegame,tagextractor_langchain_clp_chat,compact_grids,episode_00012,Average Generated Expression Number of Tokens,
2870,imagegame,tagextractor_langchain_clp_chat,compact_grids,episode_00012,Success,0
2871,imagegame,tagextractor_langchain_clp_chat,compact_grids,episode_00012,Lose,0
2872,imagegame,tagextractor_langchain_clp_chat,compact_grids,episode_00012,Aborted,1
2873,imagegame,tagextractor_langchain_clp_chat,compact_grids,episode_00012,Request Count,3
2874,imagegame,tagextractor_langchain_clp_chat,compact_grids,episode_00012,Violated Request Count,1
2875,imagegame,tagextractor_langchain_clp_chat,compact_grids,episode_00012,Parsed Request Count,2
2876,imagegame,tagextractor_langchain_clp_chat,compact_grids,episode_00012,Request Success Ratio,0.6667
2877,imagegame,tagextractor_langchain_clp_chat,random_grids,episode_00013,Precision,
2878,imagegame,tagextractor_langchain_clp_chat,random_grids,episode_00013,Recall,
2879,imagegame,tagextractor_langchain_clp_chat,random_grids,episode_00013,F1,
2880,imagegame,tagextractor_langchain_clp_chat,random_grids,episode_00013,Main Score,
2881,imagegame,tagextractor_langchain_clp_chat,random_grids,episode_00013,Average Changed Cell Count,
2882,imagegame,tagextractor_langchain_clp_chat,random_grids,episode_00013,Average Generated Instruction Length,
2883,imagegame,tagextractor_langchain_clp_chat,random_grids,episode_00013,Average Generated Expression Number of Tokens,
2884,imagegame,tagextractor_langchain_clp_chat,random_grids,episode_00013,Success,0
2885,imagegame,tagextractor_langchain_clp_chat,random_grids,episode_00013,Lose,0
2886,imagegame,tagextractor_langchain_clp_chat,random_grids,episode_00013,Aborted,1
2887,imagegame,tagextractor_langchain_clp_chat,random_grids,episode_00013,Request Count,3
2888,imagegame,tagextractor_langchain_clp_chat,random_grids,episode_00013,Violated Request Count,1
2889,imagegame,tagextractor_langchain_clp_chat,random_grids,episode_00013,Parsed Request Count,2
2890,imagegame,tagextractor_langchain_clp_chat,random_grids,episode_00013,Request Success Ratio,0.6667
2891,imagegame,tagextractor_langchain_clp_chat,random_grids,episode_00014,Precision,
2892,imagegame,tagextractor_langchain_clp_chat,random_grids,episode_00014,Recall,
2893,imagegame,tagextractor_langchain_clp_chat,random_grids,episode_00014,F1,
2894,imagegame,tagextractor_langchain_clp_chat,random_grids,episode_00014,Main Score,
2895,imagegame,tagextractor_langchain_clp_chat,random_grids,episode_00014,Average Changed Cell Count,
2896,imagegame,tagextractor_langchain_clp_chat,random_grids,episode_00014,Average Generated Instruction Length,
2897,imagegame,tagextractor_langchain_clp_chat,random_grids,episode_00014,Average Generated Expression Number of Tokens,
2898,imagegame,tagextractor_langchain_clp_chat,random_grids,episode_00014,Success,0
2899,imagegame,tagextractor_langchain_clp_chat,random_grids,episode_00014,Lose,0
2900,imagegame,tagextractor_langchain_clp_chat,random_grids,episode_00014,Aborted,1
2901,imagegame,tagextractor_langchain_clp_chat,random_grids,episode_00014,Request Count,3
2902,imagegame,tagextractor_langchain_clp_chat,random_grids,episode_00014,Violated Request Count,1
2903,imagegame,tagextractor_langchain_clp_chat,random_grids,episode_00014,Parsed Request Count,2
2904,imagegame,tagextractor_langchain_clp_chat,random_grids,episode_00014,Request Success Ratio,0.6667
2905,imagegame,tagextractor_langchain_clp_chat,random_grids,episode_00015,Precision,
2906,imagegame,tagextractor_langchain_clp_chat,random_grids,episode_00015,Recall,
2907,imagegame,tagextractor_langchain_clp_chat,random_grids,episode_00015,F1,
2908,imagegame,tagextractor_langchain_clp_chat,random_grids,episode_00015,Main Score,
2909,imagegame,tagextractor_langchain_clp_chat,random_grids,episode_00015,Average Changed Cell Count,
2910,imagegame,tagextractor_langchain_clp_chat,random_grids,episode_00015,Average Generated Instruction Length,
2911,imagegame,tagextractor_langchain_clp_chat,random_grids,episode_00015,Average Generated Expression Number of Tokens,
2912,imagegame,tagextractor_langchain_clp_chat,random_grids,episode_00015,Success,0
2913,imagegame,tagextractor_langchain_clp_chat,random_grids,episode_00015,Lose,0
2914,imagegame,tagextractor_langchain_clp_chat,random_grids,episode_00015,Aborted,1
2915,imagegame,tagextractor_langchain_clp_chat,random_grids,episode_00015,Request Count,3
2916,imagegame,tagextractor_langchain_clp_chat,random_grids,episode_00015,Violated Request Count,1
2917,imagegame,tagextractor_langchain_clp_chat,random_grids,episode_00015,Parsed Request Count,2
2918,imagegame,tagextractor_langchain_clp_chat,random_grids,episode_00015,Request Success Ratio,0.6667
2919,imagegame,tagextractor_langchain_clp_chat,random_grids,episode_00016,Precision,
2920,imagegame,tagextractor_langchain_clp_chat,random_grids,episode_00016,Recall,
2921,imagegame,tagextractor_langchain_clp_chat,random_grids,episode_00016,F1,
2922,imagegame,tagextractor_langchain_clp_chat,random_grids,episode_00016,Main Score,
2923,imagegame,tagextractor_langchain_clp_chat,random_grids,episode_00016,Average Changed Cell Count,
2924,imagegame,tagextractor_langchain_clp_chat,random_grids,episode_00016,Average Generated Instruction Length,
2925,imagegame,tagextractor_langchain_clp_chat,random_grids,episode_00016,Average Generated Expression Number of Tokens,
2926,imagegame,tagextractor_langchain_clp_chat,random_grids,episode_00016,Success,0
2927,imagegame,tagextractor_langchain_clp_chat,random_grids,episode_00016,Lose,0
2928,imagegame,tagextractor_langchain_clp_chat,random_grids,episode_00016,Aborted,1
2929,imagegame,tagextractor_langchain_clp_chat,random_grids,episode_00016,Request Count,3
2930,imagegame,tagextractor_langchain_clp_chat,random_grids,episode_00016,Violated Request Count,1
2931,imagegame,tagextractor_langchain_clp_chat,random_grids,episode_00016,Parsed Request Count,2
2932,imagegame,tagextractor_langchain_clp_chat,random_grids,episode_00016,Request Success Ratio,0.6667
2933,imagegame,tagextractor_langchain_clp_chat,random_grids,episode_00017,Precision,
2934,imagegame,tagextractor_langchain_clp_chat,random_grids,episode_00017,Recall,
2935,imagegame,tagextractor_langchain_clp_chat,random_grids,episode_00017,F1,
2936,imagegame,tagextractor_langchain_clp_chat,random_grids,episode_00017,Main Score,
2937,imagegame,tagextractor_langchain_clp_chat,random_grids,episode_00017,Average Changed Cell Count,
2938,imagegame,tagextractor_langchain_clp_chat,random_grids,episode_00017,Average Generated Instruction Length,
2939,imagegame,tagextractor_langchain_clp_chat,random_grids,episode_00017,Average Generated Expression Number of Tokens,
2940,imagegame,tagextractor_langchain_clp_chat,random_grids,episode_00017,Success,0
2941,imagegame,tagextractor_langchain_clp_chat,random_grids,episode_00017,Lose,0
2942,imagegame,tagextractor_langchain_clp_chat,random_grids,episode_00017,Aborted,1
2943,imagegame,tagextractor_langchain_clp_chat,random_grids,episode_00017,Request Count,3
2944,imagegame,tagextractor_langchain_clp_chat,random_grids,episode_00017,Violated Request Count,1
2945,imagegame,tagextractor_langchain_clp_chat,random_grids,episode_00017,Parsed Request Count,2
2946,imagegame,tagextractor_langchain_clp_chat,random_grids,episode_00017,Request Success Ratio,0.6667
2947,imagegame,tagextractor_langchain_clp_chat,random_grids,episode_00018,Precision,
2948,imagegame,tagextractor_langchain_clp_chat,random_grids,episode_00018,Recall,
2949,imagegame,tagextractor_langchain_clp_chat,random_grids,episode_00018,F1,
2950,imagegame,tagextractor_langchain_clp_chat,random_grids,episode_00018,Main Score,
2951,imagegame,tagextractor_langchain_clp_chat,random_grids,episode_00018,Average Changed Cell Count,
2952,imagegame,tagextractor_langchain_clp_chat,random_grids,episode_00018,Average Generated Instruction Length,
2953,imagegame,tagextractor_langchain_clp_chat,random_grids,episode_00018,Average Generated Expression Number of Tokens,
2954,imagegame,tagextractor_langchain_clp_chat,random_grids,episode_00018,Success,0
2955,imagegame,tagextractor_langchain_clp_chat,random_grids,episode_00018,Lose,0
2956,imagegame,tagextractor_langchain_clp_chat,random_grids,episode_00018,Aborted,1
2957,imagegame,tagextractor_langchain_clp_chat,random_grids,episode_00018,Request Count,3
2958,imagegame,tagextractor_langchain_clp_chat,random_grids,episode_00018,Violated Request Count,1
2959,imagegame,tagextractor_langchain_clp_chat,random_grids,episode_00018,Parsed Request Count,2
2960,imagegame,tagextractor_langchain_clp_chat,random_grids,episode_00018,Request Success Ratio,0.6667
2961,imagegame,tagextractor_langchain_clp_chat,random_grids,episode_00019,Precision,
2962,imagegame,tagextractor_langchain_clp_chat,random_grids,episode_00019,Recall,
2963,imagegame,tagextractor_langchain_clp_chat,random_grids,episode_00019,F1,
2964,imagegame,tagextractor_langchain_clp_chat,random_grids,episode_00019,Main Score,
2965,imagegame,tagextractor_langchain_clp_chat,random_grids,episode_00019,Average Changed Cell Count,
2966,imagegame,tagextractor_langchain_clp_chat,random_grids,episode_00019,Average Generated Instruction Length,
2967,imagegame,tagextractor_langchain_clp_chat,random_grids,episode_00019,Average Generated Expression Number of Tokens,
2968,imagegame,tagextractor_langchain_clp_chat,random_grids,episode_00019,Success,0
2969,imagegame,tagextractor_langchain_clp_chat,random_grids,episode_00019,Lose,0
2970,imagegame,tagextractor_langchain_clp_chat,random_grids,episode_00019,Aborted,1
2971,imagegame,tagextractor_langchain_clp_chat,random_grids,episode_00019,Request Count,3
2972,imagegame,tagextractor_langchain_clp_chat,random_grids,episode_00019,Violated Request Count,1
2973,imagegame,tagextractor_langchain_clp_chat,random_grids,episode_00019,Parsed Request Count,2
2974,imagegame,tagextractor_langchain_clp_chat,random_grids,episode_00019,Request Success Ratio,0.6667
2975,imagegame,tagextractor_langchain_clp_chat,random_grids,episode_00020,Precision,
2976,imagegame,tagextractor_langchain_clp_chat,random_grids,episode_00020,Recall,
2977,imagegame,tagextractor_langchain_clp_chat,random_grids,episode_00020,F1,
2978,imagegame,tagextractor_langchain_clp_chat,random_grids,episode_00020,Main Score,
2979,imagegame,tagextractor_langchain_clp_chat,random_grids,episode_00020,Average Changed Cell Count,
2980,imagegame,tagextractor_langchain_clp_chat,random_grids,episode_00020,Average Generated Instruction Length,
2981,imagegame,tagextractor_langchain_clp_chat,random_grids,episode_00020,Average Generated Expression Number of Tokens,
2982,imagegame,tagextractor_langchain_clp_chat,random_grids,episode_00020,Success,0
2983,imagegame,tagextractor_langchain_clp_chat,random_grids,episode_00020,Lose,0
2984,imagegame,tagextractor_langchain_clp_chat,random_grids,episode_00020,Aborted,1
2985,imagegame,tagextractor_langchain_clp_chat,random_grids,episode_00020,Request Count,3
2986,imagegame,tagextractor_langchain_clp_chat,random_grids,episode_00020,Violated Request Count,1
2987,imagegame,tagextractor_langchain_clp_chat,random_grids,episode_00020,Parsed Request Count,2
2988,imagegame,tagextractor_langchain_clp_chat,random_grids,episode_00020,Request Success Ratio,0.6667
2989,imagegame,tagextractor_langchain_clp_chat,random_grids,episode_00021,Precision,
2990,imagegame,tagextractor_langchain_clp_chat,random_grids,episode_00021,Recall,
2991,imagegame,tagextractor_langchain_clp_chat,random_grids,episode_00021,F1,
2992,imagegame,tagextractor_langchain_clp_chat,random_grids,episode_00021,Main Score,
2993,imagegame,tagextractor_langchain_clp_chat,random_grids,episode_00021,Average Changed Cell Count,
2994,imagegame,tagextractor_langchain_clp_chat,random_grids,episode_00021,Average Generated Instruction Length,
2995,imagegame,tagextractor_langchain_clp_chat,random_grids,episode_00021,Average Generated Expression Number of Tokens,
2996,imagegame,tagextractor_langchain_clp_chat,random_grids,episode_00021,Success,0
2997,imagegame,tagextractor_langchain_clp_chat,random_grids,episode_00021,Lose,0
2998,imagegame,tagextractor_langchain_clp_chat,random_grids,episode_00021,Aborted,1
2999,imagegame,tagextractor_langchain_clp_chat,random_grids,episode_00021,Request Count,3
3000,imagegame,tagextractor_langchain_clp_chat,random_grids,episode_00021,Violated Request Count,1
3001,imagegame,tagextractor_langchain_clp_chat,random_grids,episode_00021,Parsed Request Count,2
3002,imagegame,tagextractor_langchain_clp_chat,random_grids,episode_00021,Request Success Ratio,0.6667
3003,imagegame,tagextractor_langchain_clp_chat,random_grids,episode_00022,Precision,
3004,imagegame,tagextractor_langchain_clp_chat,random_grids,episode_00022,Recall,
3005,imagegame,tagextractor_langchain_clp_chat,random_grids,episode_00022,F1,
3006,imagegame,tagextractor_langchain_clp_chat,random_grids,episode_00022,Main Score,
3007,imagegame,tagextractor_langchain_clp_chat,random_grids,episode_00022,Average Changed Cell Count,
3008,imagegame,tagextractor_langchain_clp_chat,random_grids,episode_00022,Average Generated Instruction Length,
3009,imagegame,tagextractor_langchain_clp_chat,random_grids,episode_00022,Average Generated Expression Number of Tokens,
3010,imagegame,tagextractor_langchain_clp_chat,random_grids,episode_00022,Success,0
3011,imagegame,tagextractor_langchain_clp_chat,random_grids,episode_00022,Lose,0
3012,imagegame,tagextractor_langchain_clp_chat,random_grids,episode_00022,Aborted,1
3013,imagegame,tagextractor_langchain_clp_chat,random_grids,episode_00022,Request Count,3
3014,imagegame,tagextractor_langchain_clp_chat,random_grids,episode_00022,Violated Request Count,1
3015,imagegame,tagextractor_langchain_clp_chat,random_grids,episode_00022,Parsed Request Count,2
3016,imagegame,tagextractor_langchain_clp_chat,random_grids,episode_00022,Request Success Ratio,0.6667
3017,imagegame,tagextractor_langchain_clp_chat,random_grids,episode_00023,Precision,
3018,imagegame,tagextractor_langchain_clp_chat,random_grids,episode_00023,Recall,
3019,imagegame,tagextractor_langchain_clp_chat,random_grids,episode_00023,F1,
3020,imagegame,tagextractor_langchain_clp_chat,random_grids,episode_00023,Main Score,
3021,imagegame,tagextractor_langchain_clp_chat,random_grids,episode_00023,Average Changed Cell Count,
3022,imagegame,tagextractor_langchain_clp_chat,random_grids,episode_00023,Average Generated Instruction Length,
3023,imagegame,tagextractor_langchain_clp_chat,random_grids,episode_00023,Average Generated Expression Number of Tokens,
3024,imagegame,tagextractor_langchain_clp_chat,random_grids,episode_00023,Success,0
3025,imagegame,tagextractor_langchain_clp_chat,random_grids,episode_00023,Lose,0
3026,imagegame,tagextractor_langchain_clp_chat,random_grids,episode_00023,Aborted,1
3027,imagegame,tagextractor_langchain_clp_chat,random_grids,episode_00023,Request Count,3
3028,imagegame,tagextractor_langchain_clp_chat,random_grids,episode_00023,Violated Request Count,1
3029,imagegame,tagextractor_langchain_clp_chat,random_grids,episode_00023,Parsed Request Count,2
3030,imagegame,tagextractor_langchain_clp_chat,random_grids,episode_00023,Request Success Ratio,0.6667
3031,imagegame,tagextractor_langchain_clp_chat,random_grids,episode_00024,Precision,
3032,imagegame,tagextractor_langchain_clp_chat,random_grids,episode_00024,Recall,
3033,imagegame,tagextractor_langchain_clp_chat,random_grids,episode_00024,F1,
3034,imagegame,tagextractor_langchain_clp_chat,random_grids,episode_00024,Main Score,
3035,imagegame,tagextractor_langchain_clp_chat,random_grids,episode_00024,Average Changed Cell Count,
3036,imagegame,tagextractor_langchain_clp_chat,random_grids,episode_00024,Average Generated Instruction Length,
3037,imagegame,tagextractor_langchain_clp_chat,random_grids,episode_00024,Average Generated Expression Number of Tokens,
3038,imagegame,tagextractor_langchain_clp_chat,random_grids,episode_00024,Success,0
3039,imagegame,tagextractor_langchain_clp_chat,random_grids,episode_00024,Lose,0
3040,imagegame,tagextractor_langchain_clp_chat,random_grids,episode_00024,Aborted,1
3041,imagegame,tagextractor_langchain_clp_chat,random_grids,episode_00024,Request Count,3
3042,imagegame,tagextractor_langchain_clp_chat,random_grids,episode_00024,Violated Request Count,1
3043,imagegame,tagextractor_langchain_clp_chat,random_grids,episode_00024,Parsed Request Count,2
3044,imagegame,tagextractor_langchain_clp_chat,random_grids,episode_00024,Request Success Ratio,0.6667
3045,matchit,tagextractor_langchain_clp_chat,different_image,episode_00017,Violated Request Count,0
3046,matchit,tagextractor_langchain_clp_chat,different_image,episode_00017,Parsed Request Count,11
3047,matchit,tagextractor_langchain_clp_chat,different_image,episode_00017,Request Count,11
3048,matchit,tagextractor_langchain_clp_chat,different_image,episode_00017,Aborted,0
3049,matchit,tagextractor_langchain_clp_chat,different_image,episode_00017,Success,0
3050,matchit,tagextractor_langchain_clp_chat,different_image,episode_00017,Lose,1
3051,matchit,tagextractor_langchain_clp_chat,different_image,episode_00017,Main Score,0
3052,matchit,tagextractor_langchain_clp_chat,different_image,episode_00017,Player Score,0
3053,matchit,tagextractor_langchain_clp_chat,different_image,episode_00018,Violated Request Count,0
3054,matchit,tagextractor_langchain_clp_chat,different_image,episode_00018,Parsed Request Count,11
3055,matchit,tagextractor_langchain_clp_chat,different_image,episode_00018,Request Count,11
3056,matchit,tagextractor_langchain_clp_chat,different_image,episode_00018,Aborted,0
3057,matchit,tagextractor_langchain_clp_chat,different_image,episode_00018,Success,0
3058,matchit,tagextractor_langchain_clp_chat,different_image,episode_00018,Lose,1
3059,matchit,tagextractor_langchain_clp_chat,different_image,episode_00018,Main Score,0
3060,matchit,tagextractor_langchain_clp_chat,different_image,episode_00018,Player Score,0
3061,matchit,tagextractor_langchain_clp_chat,different_image,episode_00019,Violated Request Count,0
3062,matchit,tagextractor_langchain_clp_chat,different_image,episode_00019,Parsed Request Count,11
3063,matchit,tagextractor_langchain_clp_chat,different_image,episode_00019,Request Count,11
3064,matchit,tagextractor_langchain_clp_chat,different_image,episode_00019,Aborted,0
3065,matchit,tagextractor_langchain_clp_chat,different_image,episode_00019,Success,0
3066,matchit,tagextractor_langchain_clp_chat,different_image,episode_00019,Lose,1
3067,matchit,tagextractor_langchain_clp_chat,different_image,episode_00019,Main Score,0
3068,matchit,tagextractor_langchain_clp_chat,different_image,episode_00019,Player Score,0
3069,matchit,tagextractor_langchain_clp_chat,different_image,episode_00020,Violated Request Count,0
3070,matchit,tagextractor_langchain_clp_chat,different_image,episode_00020,Parsed Request Count,11
3071,matchit,tagextractor_langchain_clp_chat,different_image,episode_00020,Request Count,11
3072,matchit,tagextractor_langchain_clp_chat,different_image,episode_00020,Aborted,0
3073,matchit,tagextractor_langchain_clp_chat,different_image,episode_00020,Success,0
3074,matchit,tagextractor_langchain_clp_chat,different_image,episode_00020,Lose,1
3075,matchit,tagextractor_langchain_clp_chat,different_image,episode_00020,Main Score,0
3076,matchit,tagextractor_langchain_clp_chat,different_image,episode_00020,Player Score,0
3077,matchit,tagextractor_langchain_clp_chat,different_image,episode_00021,Violated Request Count,0
3078,matchit,tagextractor_langchain_clp_chat,different_image,episode_00021,Parsed Request Count,11
3079,matchit,tagextractor_langchain_clp_chat,different_image,episode_00021,Request Count,11
3080,matchit,tagextractor_langchain_clp_chat,different_image,episode_00021,Aborted,0
3081,matchit,tagextractor_langchain_clp_chat,different_image,episode_00021,Success,0
3082,matchit,tagextractor_langchain_clp_chat,different_image,episode_00021,Lose,1
3083,matchit,tagextractor_langchain_clp_chat,different_image,episode_00021,Main Score,0
3084,matchit,tagextractor_langchain_clp_chat,different_image,episode_00021,Player Score,0
3085,matchit,tagextractor_langchain_clp_chat,different_image,episode_00022,Violated Request Count,0
3086,matchit,tagextractor_langchain_clp_chat,different_image,episode_00022,Parsed Request Count,11
3087,matchit,tagextractor_langchain_clp_chat,different_image,episode_00022,Request Count,11
3088,matchit,tagextractor_langchain_clp_chat,different_image,episode_00022,Aborted,0
3089,matchit,tagextractor_langchain_clp_chat,different_image,episode_00022,Success,0
3090,matchit,tagextractor_langchain_clp_chat,different_image,episode_00022,Lose,1
3091,matchit,tagextractor_langchain_clp_chat,different_image,episode_00022,Main Score,0
3092,matchit,tagextractor_langchain_clp_chat,different_image,episode_00022,Player Score,0
3093,matchit,tagextractor_langchain_clp_chat,different_image,episode_00023,Violated Request Count,0
3094,matchit,tagextractor_langchain_clp_chat,different_image,episode_00023,Parsed Request Count,11
3095,matchit,tagextractor_langchain_clp_chat,different_image,episode_00023,Request Count,11
3096,matchit,tagextractor_langchain_clp_chat,different_image,episode_00023,Aborted,0
3097,matchit,tagextractor_langchain_clp_chat,different_image,episode_00023,Success,0
3098,matchit,tagextractor_langchain_clp_chat,different_image,episode_00023,Lose,1
3099,matchit,tagextractor_langchain_clp_chat,different_image,episode_00023,Main Score,0
3100,matchit,tagextractor_langchain_clp_chat,different_image,episode_00023,Player Score,0
3101,matchit,tagextractor_langchain_clp_chat,different_image,episode_00024,Violated Request Count,0
3102,matchit,tagextractor_langchain_clp_chat,different_image,episode_00024,Parsed Request Count,11
3103,matchit,tagextractor_langchain_clp_chat,different_image,episode_00024,Request Count,11
3104,matchit,tagextractor_langchain_clp_chat,different_image,episode_00024,Aborted,0
3105,matchit,tagextractor_langchain_clp_chat,different_image,episode_00024,Success,0
3106,matchit,tagextractor_langchain_clp_chat,different_image,episode_00024,Lose,1
3107,matchit,tagextractor_langchain_clp_chat,different_image,episode_00024,Main Score,0
3108,matchit,tagextractor_langchain_clp_chat,different_image,episode_00024,Player Score,0
3109,matchit,tagextractor_langchain_clp_chat,same_image,episode_00001,Violated Request Count,0
3110,matchit,tagextractor_langchain_clp_chat,same_image,episode_00001,Parsed Request Count,11
3111,matchit,tagextractor_langchain_clp_chat,same_image,episode_00001,Request Count,11
3112,matchit,tagextractor_langchain_clp_chat,same_image,episode_00001,Aborted,0
3113,matchit,tagextractor_langchain_clp_chat,same_image,episode_00001,Success,0
3114,matchit,tagextractor_langchain_clp_chat,same_image,episode_00001,Lose,1
3115,matchit,tagextractor_langchain_clp_chat,same_image,episode_00001,Main Score,0
3116,matchit,tagextractor_langchain_clp_chat,same_image,episode_00001,Player Score,0
3117,matchit,tagextractor_langchain_clp_chat,same_image,episode_00002,Violated Request Count,0
3118,matchit,tagextractor_langchain_clp_chat,same_image,episode_00002,Parsed Request Count,11
3119,matchit,tagextractor_langchain_clp_chat,same_image,episode_00002,Request Count,11
3120,matchit,tagextractor_langchain_clp_chat,same_image,episode_00002,Aborted,0
3121,matchit,tagextractor_langchain_clp_chat,same_image,episode_00002,Success,1
3122,matchit,tagextractor_langchain_clp_chat,same_image,episode_00002,Lose,0
3123,matchit,tagextractor_langchain_clp_chat,same_image,episode_00002,Main Score,100
3124,matchit,tagextractor_langchain_clp_chat,same_image,episode_00002,Player Score,100
3125,matchit,tagextractor_langchain_clp_chat,same_image,episode_00003,Violated Request Count,0
3126,matchit,tagextractor_langchain_clp_chat,same_image,episode_00003,Parsed Request Count,11
3127,matchit,tagextractor_langchain_clp_chat,same_image,episode_00003,Request Count,11
3128,matchit,tagextractor_langchain_clp_chat,same_image,episode_00003,Aborted,0
3129,matchit,tagextractor_langchain_clp_chat,same_image,episode_00003,Success,1
3130,matchit,tagextractor_langchain_clp_chat,same_image,episode_00003,Lose,0
3131,matchit,tagextractor_langchain_clp_chat,same_image,episode_00003,Main Score,100
3132,matchit,tagextractor_langchain_clp_chat,same_image,episode_00003,Player Score,100
3133,matchit,tagextractor_langchain_clp_chat,same_image,episode_00004,Violated Request Count,0
3134,matchit,tagextractor_langchain_clp_chat,same_image,episode_00004,Parsed Request Count,11
3135,matchit,tagextractor_langchain_clp_chat,same_image,episode_00004,Request Count,11
3136,matchit,tagextractor_langchain_clp_chat,same_image,episode_00004,Aborted,0
3137,matchit,tagextractor_langchain_clp_chat,same_image,episode_00004,Success,1
3138,matchit,tagextractor_langchain_clp_chat,same_image,episode_00004,Lose,0
3139,matchit,tagextractor_langchain_clp_chat,same_image,episode_00004,Main Score,100
3140,matchit,tagextractor_langchain_clp_chat,same_image,episode_00004,Player Score,100
3141,matchit,tagextractor_langchain_clp_chat,same_image,episode_00005,Violated Request Count,0
3142,matchit,tagextractor_langchain_clp_chat,same_image,episode_00005,Parsed Request Count,11
3143,matchit,tagextractor_langchain_clp_chat,same_image,episode_00005,Request Count,11
3144,matchit,tagextractor_langchain_clp_chat,same_image,episode_00005,Aborted,0
3145,matchit,tagextractor_langchain_clp_chat,same_image,episode_00005,Success,1
3146,matchit,tagextractor_langchain_clp_chat,same_image,episode_00005,Lose,0
3147,matchit,tagextractor_langchain_clp_chat,same_image,episode_00005,Main Score,100
3148,matchit,tagextractor_langchain_clp_chat,same_image,episode_00005,Player Score,100
3149,matchit,tagextractor_langchain_clp_chat,same_image,episode_00006,Violated Request Count,0
3150,matchit,tagextractor_langchain_clp_chat,same_image,episode_00006,Parsed Request Count,11
3151,matchit,tagextractor_langchain_clp_chat,same_image,episode_00006,Request Count,11
3152,matchit,tagextractor_langchain_clp_chat,same_image,episode_00006,Aborted,0
3153,matchit,tagextractor_langchain_clp_chat,same_image,episode_00006,Success,1
3154,matchit,tagextractor_langchain_clp_chat,same_image,episode_00006,Lose,0
3155,matchit,tagextractor_langchain_clp_chat,same_image,episode_00006,Main Score,100
3156,matchit,tagextractor_langchain_clp_chat,same_image,episode_00006,Player Score,100
3157,matchit,tagextractor_langchain_clp_chat,same_image,episode_00007,Violated Request Count,0
3158,matchit,tagextractor_langchain_clp_chat,same_image,episode_00007,Parsed Request Count,11
3159,matchit,tagextractor_langchain_clp_chat,same_image,episode_00007,Request Count,11
3160,matchit,tagextractor_langchain_clp_chat,same_image,episode_00007,Aborted,0
3161,matchit,tagextractor_langchain_clp_chat,same_image,episode_00007,Success,1
3162,matchit,tagextractor_langchain_clp_chat,same_image,episode_00007,Lose,0
3163,matchit,tagextractor_langchain_clp_chat,same_image,episode_00007,Main Score,100
3164,matchit,tagextractor_langchain_clp_chat,same_image,episode_00007,Player Score,100
3165,matchit,tagextractor_langchain_clp_chat,same_image,episode_00008,Violated Request Count,0
3166,matchit,tagextractor_langchain_clp_chat,same_image,episode_00008,Parsed Request Count,11
3167,matchit,tagextractor_langchain_clp_chat,same_image,episode_00008,Request Count,11
3168,matchit,tagextractor_langchain_clp_chat,same_image,episode_00008,Aborted,0
3169,matchit,tagextractor_langchain_clp_chat,same_image,episode_00008,Success,1
3170,matchit,tagextractor_langchain_clp_chat,same_image,episode_00008,Lose,0
3171,matchit,tagextractor_langchain_clp_chat,same_image,episode_00008,Main Score,100
3172,matchit,tagextractor_langchain_clp_chat,same_image,episode_00008,Player Score,100
3173,matchit,tagextractor_langchain_clp_chat,similar_image,episode_00009,Violated Request Count,0
3174,matchit,tagextractor_langchain_clp_chat,similar_image,episode_00009,Parsed Request Count,11
3175,matchit,tagextractor_langchain_clp_chat,similar_image,episode_00009,Request Count,11
3176,matchit,tagextractor_langchain_clp_chat,similar_image,episode_00009,Aborted,0
3177,matchit,tagextractor_langchain_clp_chat,similar_image,episode_00009,Success,0
3178,matchit,tagextractor_langchain_clp_chat,similar_image,episode_00009,Lose,1
3179,matchit,tagextractor_langchain_clp_chat,similar_image,episode_00009,Main Score,0
3180,matchit,tagextractor_langchain_clp_chat,similar_image,episode_00009,Player Score,0
3181,matchit,tagextractor_langchain_clp_chat,similar_image,episode_00010,Violated Request Count,0
3182,matchit,tagextractor_langchain_clp_chat,similar_image,episode_00010,Parsed Request Count,11
3183,matchit,tagextractor_langchain_clp_chat,similar_image,episode_00010,Request Count,11
3184,matchit,tagextractor_langchain_clp_chat,similar_image,episode_00010,Aborted,0
3185,matchit,tagextractor_langchain_clp_chat,similar_image,episode_00010,Success,0
3186,matchit,tagextractor_langchain_clp_chat,similar_image,episode_00010,Lose,1
3187,matchit,tagextractor_langchain_clp_chat,similar_image,episode_00010,Main Score,0
3188,matchit,tagextractor_langchain_clp_chat,similar_image,episode_00010,Player Score,0
3189,matchit,tagextractor_langchain_clp_chat,similar_image,episode_00011,Violated Request Count,0
3190,matchit,tagextractor_langchain_clp_chat,similar_image,episode_00011,Parsed Request Count,11
3191,matchit,tagextractor_langchain_clp_chat,similar_image,episode_00011,Request Count,11
3192,matchit,tagextractor_langchain_clp_chat,similar_image,episode_00011,Aborted,0
3193,matchit,tagextractor_langchain_clp_chat,similar_image,episode_00011,Success,0
3194,matchit,tagextractor_langchain_clp_chat,similar_image,episode_00011,Lose,1
3195,matchit,tagextractor_langchain_clp_chat,similar_image,episode_00011,Main Score,0
3196,matchit,tagextractor_langchain_clp_chat,similar_image,episode_00011,Player Score,0
3197,matchit,tagextractor_langchain_clp_chat,similar_image,episode_00012,Violated Request Count,0
3198,matchit,tagextractor_langchain_clp_chat,similar_image,episode_00012,Parsed Request Count,11
3199,matchit,tagextractor_langchain_clp_chat,similar_image,episode_00012,Request Count,11
3200,matchit,tagextractor_langchain_clp_chat,similar_image,episode_00012,Aborted,0
3201,matchit,tagextractor_langchain_clp_chat,similar_image,episode_00012,Success,0
3202,matchit,tagextractor_langchain_clp_chat,similar_image,episode_00012,Lose,1
3203,matchit,tagextractor_langchain_clp_chat,similar_image,episode_00012,Main Score,0
3204,matchit,tagextractor_langchain_clp_chat,similar_image,episode_00012,Player Score,0
3205,matchit,tagextractor_langchain_clp_chat,similar_image,episode_00013,Violated Request Count,0
3206,matchit,tagextractor_langchain_clp_chat,similar_image,episode_00013,Parsed Request Count,11
3207,matchit,tagextractor_langchain_clp_chat,similar_image,episode_00013,Request Count,11
3208,matchit,tagextractor_langchain_clp_chat,similar_image,episode_00013,Aborted,0
3209,matchit,tagextractor_langchain_clp_chat,similar_image,episode_00013,Success,0
3210,matchit,tagextractor_langchain_clp_chat,similar_image,episode_00013,Lose,1
3211,matchit,tagextractor_langchain_clp_chat,similar_image,episode_00013,Main Score,0
3212,matchit,tagextractor_langchain_clp_chat,similar_image,episode_00013,Player Score,0
3213,matchit,tagextractor_langchain_clp_chat,similar_image,episode_00014,Violated Request Count,0
3214,matchit,tagextractor_langchain_clp_chat,similar_image,episode_00014,Parsed Request Count,11
3215,matchit,tagextractor_langchain_clp_chat,similar_image,episode_00014,Request Count,11
3216,matchit,tagextractor_langchain_clp_chat,similar_image,episode_00014,Aborted,0
3217,matchit,tagextractor_langchain_clp_chat,similar_image,episode_00014,Success,0
3218,matchit,tagextractor_langchain_clp_chat,similar_image,episode_00014,Lose,1
3219,matchit,tagextractor_langchain_clp_chat,similar_image,episode_00014,Main Score,0
3220,matchit,tagextractor_langchain_clp_chat,similar_image,episode_00014,Player Score,0
3221,matchit,tagextractor_langchain_clp_chat,similar_image,episode_00015,Violated Request Count,0
3222,matchit,tagextractor_langchain_clp_chat,similar_image,episode_00015,Parsed Request Count,11
3223,matchit,tagextractor_langchain_clp_chat,similar_image,episode_00015,Request Count,11
3224,matchit,tagextractor_langchain_clp_chat,similar_image,episode_00015,Aborted,0
3225,matchit,tagextractor_langchain_clp_chat,similar_image,episode_00015,Success,0
3226,matchit,tagextractor_langchain_clp_chat,similar_image,episode_00015,Lose,1
3227,matchit,tagextractor_langchain_clp_chat,similar_image,episode_00015,Main Score,0
3228,matchit,tagextractor_langchain_clp_chat,similar_image,episode_00015,Player Score,0
3229,matchit,tagextractor_langchain_clp_chat,similar_image,episode_00016,Violated Request Count,0
3230,matchit,tagextractor_langchain_clp_chat,similar_image,episode_00016,Parsed Request Count,11
3231,matchit,tagextractor_langchain_clp_chat,similar_image,episode_00016,Request Count,11
3232,matchit,tagextractor_langchain_clp_chat,similar_image,episode_00016,Aborted,0
3233,matchit,tagextractor_langchain_clp_chat,similar_image,episode_00016,Success,0
3234,matchit,tagextractor_langchain_clp_chat,similar_image,episode_00016,Lose,1
3235,matchit,tagextractor_langchain_clp_chat,similar_image,episode_00016,Main Score,0
3236,matchit,tagextractor_langchain_clp_chat,similar_image,episode_00016,Player Score,0
3237,matchit_ascii,tagextractor_langchain_clp_chat,different_grid,episode_00019,Violated Request Count,0
3238,matchit_ascii,tagextractor_langchain_clp_chat,different_grid,episode_00019,Parsed Request Count,16
3239,matchit_ascii,tagextractor_langchain_clp_chat,different_grid,episode_00019,Request Count,16
3240,matchit_ascii,tagextractor_langchain_clp_chat,different_grid,episode_00019,Aborted,0
3241,matchit_ascii,tagextractor_langchain_clp_chat,different_grid,episode_00019,Success,0
3242,matchit_ascii,tagextractor_langchain_clp_chat,different_grid,episode_00019,Lose,1
3243,matchit_ascii,tagextractor_langchain_clp_chat,different_grid,episode_00019,Main Score,0
3244,matchit_ascii,tagextractor_langchain_clp_chat,different_grid,episode_00019,Player Score,50
3245,matchit_ascii,tagextractor_langchain_clp_chat,different_grid,episode_00020,Violated Request Count,0
3246,matchit_ascii,tagextractor_langchain_clp_chat,different_grid,episode_00020,Parsed Request Count,16
3247,matchit_ascii,tagextractor_langchain_clp_chat,different_grid,episode_00020,Request Count,16
3248,matchit_ascii,tagextractor_langchain_clp_chat,different_grid,episode_00020,Aborted,0
3249,matchit_ascii,tagextractor_langchain_clp_chat,different_grid,episode_00020,Success,1
3250,matchit_ascii,tagextractor_langchain_clp_chat,different_grid,episode_00020,Lose,0
3251,matchit_ascii,tagextractor_langchain_clp_chat,different_grid,episode_00020,Main Score,100
3252,matchit_ascii,tagextractor_langchain_clp_chat,different_grid,episode_00020,Player Score,100
3253,matchit_ascii,tagextractor_langchain_clp_chat,different_grid,episode_00021,Violated Request Count,0
3254,matchit_ascii,tagextractor_langchain_clp_chat,different_grid,episode_00021,Parsed Request Count,16
3255,matchit_ascii,tagextractor_langchain_clp_chat,different_grid,episode_00021,Request Count,16
3256,matchit_ascii,tagextractor_langchain_clp_chat,different_grid,episode_00021,Aborted,0
3257,matchit_ascii,tagextractor_langchain_clp_chat,different_grid,episode_00021,Success,1
3258,matchit_ascii,tagextractor_langchain_clp_chat,different_grid,episode_00021,Lose,0
3259,matchit_ascii,tagextractor_langchain_clp_chat,different_grid,episode_00021,Main Score,100
3260,matchit_ascii,tagextractor_langchain_clp_chat,different_grid,episode_00021,Player Score,100
3261,matchit_ascii,tagextractor_langchain_clp_chat,different_grid,episode_00022,Violated Request Count,0
3262,matchit_ascii,tagextractor_langchain_clp_chat,different_grid,episode_00022,Parsed Request Count,16
3263,matchit_ascii,tagextractor_langchain_clp_chat,different_grid,episode_00022,Request Count,16
3264,matchit_ascii,tagextractor_langchain_clp_chat,different_grid,episode_00022,Aborted,0
3265,matchit_ascii,tagextractor_langchain_clp_chat,different_grid,episode_00022,Success,1
3266,matchit_ascii,tagextractor_langchain_clp_chat,different_grid,episode_00022,Lose,0
3267,matchit_ascii,tagextractor_langchain_clp_chat,different_grid,episode_00022,Main Score,100
3268,matchit_ascii,tagextractor_langchain_clp_chat,different_grid,episode_00022,Player Score,100
3269,matchit_ascii,tagextractor_langchain_clp_chat,different_grid,episode_00023,Violated Request Count,0
3270,matchit_ascii,tagextractor_langchain_clp_chat,different_grid,episode_00023,Parsed Request Count,16
3271,matchit_ascii,tagextractor_langchain_clp_chat,different_grid,episode_00023,Request Count,16
3272,matchit_ascii,tagextractor_langchain_clp_chat,different_grid,episode_00023,Aborted,0
3273,matchit_ascii,tagextractor_langchain_clp_chat,different_grid,episode_00023,Success,1
3274,matchit_ascii,tagextractor_langchain_clp_chat,different_grid,episode_00023,Lose,0
3275,matchit_ascii,tagextractor_langchain_clp_chat,different_grid,episode_00023,Main Score,100
3276,matchit_ascii,tagextractor_langchain_clp_chat,different_grid,episode_00023,Player Score,100
3277,matchit_ascii,tagextractor_langchain_clp_chat,different_grid,episode_00024,Violated Request Count,0
3278,matchit_ascii,tagextractor_langchain_clp_chat,different_grid,episode_00024,Parsed Request Count,16
3279,matchit_ascii,tagextractor_langchain_clp_chat,different_grid,episode_00024,Request Count,16
3280,matchit_ascii,tagextractor_langchain_clp_chat,different_grid,episode_00024,Aborted,0
3281,matchit_ascii,tagextractor_langchain_clp_chat,different_grid,episode_00024,Success,1
3282,matchit_ascii,tagextractor_langchain_clp_chat,different_grid,episode_00024,Lose,0
3283,matchit_ascii,tagextractor_langchain_clp_chat,different_grid,episode_00024,Main Score,100
3284,matchit_ascii,tagextractor_langchain_clp_chat,different_grid,episode_00024,Player Score,100
3285,matchit_ascii,tagextractor_langchain_clp_chat,same_grid,episode_00001,Violated Request Count,0
3286,matchit_ascii,tagextractor_langchain_clp_chat,same_grid,episode_00001,Parsed Request Count,16
3287,matchit_ascii,tagextractor_langchain_clp_chat,same_grid,episode_00001,Request Count,16
3288,matchit_ascii,tagextractor_langchain_clp_chat,same_grid,episode_00001,Aborted,0
3289,matchit_ascii,tagextractor_langchain_clp_chat,same_grid,episode_00001,Success,1
3290,matchit_ascii,tagextractor_langchain_clp_chat,same_grid,episode_00001,Lose,0
3291,matchit_ascii,tagextractor_langchain_clp_chat,same_grid,episode_00001,Main Score,100
3292,matchit_ascii,tagextractor_langchain_clp_chat,same_grid,episode_00001,Player Score,100
3293,matchit_ascii,tagextractor_langchain_clp_chat,same_grid,episode_00002,Violated Request Count,0
3294,matchit_ascii,tagextractor_langchain_clp_chat,same_grid,episode_00002,Parsed Request Count,16
3295,matchit_ascii,tagextractor_langchain_clp_chat,same_grid,episode_00002,Request Count,16
3296,matchit_ascii,tagextractor_langchain_clp_chat,same_grid,episode_00002,Aborted,0
3297,matchit_ascii,tagextractor_langchain_clp_chat,same_grid,episode_00002,Success,1
3298,matchit_ascii,tagextractor_langchain_clp_chat,same_grid,episode_00002,Lose,0
3299,matchit_ascii,tagextractor_langchain_clp_chat,same_grid,episode_00002,Main Score,100
3300,matchit_ascii,tagextractor_langchain_clp_chat,same_grid,episode_00002,Player Score,100
3301,matchit_ascii,tagextractor_langchain_clp_chat,same_grid,episode_00003,Violated Request Count,0
3302,matchit_ascii,tagextractor_langchain_clp_chat,same_grid,episode_00003,Parsed Request Count,16
3303,matchit_ascii,tagextractor_langchain_clp_chat,same_grid,episode_00003,Request Count,16
3304,matchit_ascii,tagextractor_langchain_clp_chat,same_grid,episode_00003,Aborted,0
3305,matchit_ascii,tagextractor_langchain_clp_chat,same_grid,episode_00003,Success,1
3306,matchit_ascii,tagextractor_langchain_clp_chat,same_grid,episode_00003,Lose,0
3307,matchit_ascii,tagextractor_langchain_clp_chat,same_grid,episode_00003,Main Score,100
3308,matchit_ascii,tagextractor_langchain_clp_chat,same_grid,episode_00003,Player Score,100
3309,matchit_ascii,tagextractor_langchain_clp_chat,same_grid,episode_00004,Violated Request Count,0
3310,matchit_ascii,tagextractor_langchain_clp_chat,same_grid,episode_00004,Parsed Request Count,16
3311,matchit_ascii,tagextractor_langchain_clp_chat,same_grid,episode_00004,Request Count,16
3312,matchit_ascii,tagextractor_langchain_clp_chat,same_grid,episode_00004,Aborted,0
3313,matchit_ascii,tagextractor_langchain_clp_chat,same_grid,episode_00004,Success,1
3314,matchit_ascii,tagextractor_langchain_clp_chat,same_grid,episode_00004,Lose,0
3315,matchit_ascii,tagextractor_langchain_clp_chat,same_grid,episode_00004,Main Score,100
3316,matchit_ascii,tagextractor_langchain_clp_chat,same_grid,episode_00004,Player Score,100
3317,matchit_ascii,tagextractor_langchain_clp_chat,same_grid,episode_00005,Violated Request Count,0
3318,matchit_ascii,tagextractor_langchain_clp_chat,same_grid,episode_00005,Parsed Request Count,16
3319,matchit_ascii,tagextractor_langchain_clp_chat,same_grid,episode_00005,Request Count,16
3320,matchit_ascii,tagextractor_langchain_clp_chat,same_grid,episode_00005,Aborted,0
3321,matchit_ascii,tagextractor_langchain_clp_chat,same_grid,episode_00005,Success,1
3322,matchit_ascii,tagextractor_langchain_clp_chat,same_grid,episode_00005,Lose,0
3323,matchit_ascii,tagextractor_langchain_clp_chat,same_grid,episode_00005,Main Score,100
3324,matchit_ascii,tagextractor_langchain_clp_chat,same_grid,episode_00005,Player Score,100
3325,matchit_ascii,tagextractor_langchain_clp_chat,same_grid,episode_00006,Violated Request Count,0
3326,matchit_ascii,tagextractor_langchain_clp_chat,same_grid,episode_00006,Parsed Request Count,16
3327,matchit_ascii,tagextractor_langchain_clp_chat,same_grid,episode_00006,Request Count,16
3328,matchit_ascii,tagextractor_langchain_clp_chat,same_grid,episode_00006,Aborted,0
3329,matchit_ascii,tagextractor_langchain_clp_chat,same_grid,episode_00006,Success,1
3330,matchit_ascii,tagextractor_langchain_clp_chat,same_grid,episode_00006,Lose,0
3331,matchit_ascii,tagextractor_langchain_clp_chat,same_grid,episode_00006,Main Score,100
3332,matchit_ascii,tagextractor_langchain_clp_chat,same_grid,episode_00006,Player Score,100
3333,matchit_ascii,tagextractor_langchain_clp_chat,similar_grid_1,episode_00007,Violated Request Count,0
3334,matchit_ascii,tagextractor_langchain_clp_chat,similar_grid_1,episode_00007,Parsed Request Count,16
3335,matchit_ascii,tagextractor_langchain_clp_chat,similar_grid_1,episode_00007,Request Count,16
3336,matchit_ascii,tagextractor_langchain_clp_chat,similar_grid_1,episode_00007,Aborted,0
3337,matchit_ascii,tagextractor_langchain_clp_chat,similar_grid_1,episode_00007,Success,0
3338,matchit_ascii,tagextractor_langchain_clp_chat,similar_grid_1,episode_00007,Lose,1
3339,matchit_ascii,tagextractor_langchain_clp_chat,similar_grid_1,episode_00007,Main Score,0
3340,matchit_ascii,tagextractor_langchain_clp_chat,similar_grid_1,episode_00007,Player Score,50
3341,matchit_ascii,tagextractor_langchain_clp_chat,similar_grid_1,episode_00008,Violated Request Count,0
3342,matchit_ascii,tagextractor_langchain_clp_chat,similar_grid_1,episode_00008,Parsed Request Count,16
3343,matchit_ascii,tagextractor_langchain_clp_chat,similar_grid_1,episode_00008,Request Count,16
3344,matchit_ascii,tagextractor_langchain_clp_chat,similar_grid_1,episode_00008,Aborted,0
3345,matchit_ascii,tagextractor_langchain_clp_chat,similar_grid_1,episode_00008,Success,1
3346,matchit_ascii,tagextractor_langchain_clp_chat,similar_grid_1,episode_00008,Lose,0
3347,matchit_ascii,tagextractor_langchain_clp_chat,similar_grid_1,episode_00008,Main Score,100
3348,matchit_ascii,tagextractor_langchain_clp_chat,similar_grid_1,episode_00008,Player Score,100
3349,matchit_ascii,tagextractor_langchain_clp_chat,similar_grid_1,episode_00009,Violated Request Count,0
3350,matchit_ascii,tagextractor_langchain_clp_chat,similar_grid_1,episode_00009,Parsed Request Count,16
3351,matchit_ascii,tagextractor_langchain_clp_chat,similar_grid_1,episode_00009,Request Count,16
3352,matchit_ascii,tagextractor_langchain_clp_chat,similar_grid_1,episode_00009,Aborted,0
3353,matchit_ascii,tagextractor_langchain_clp_chat,similar_grid_1,episode_00009,Success,0
3354,matchit_ascii,tagextractor_langchain_clp_chat,similar_grid_1,episode_00009,Lose,1
3355,matchit_ascii,tagextractor_langchain_clp_chat,similar_grid_1,episode_00009,Main Score,0
3356,matchit_ascii,tagextractor_langchain_clp_chat,similar_grid_1,episode_00009,Player Score,0
3357,matchit_ascii,tagextractor_langchain_clp_chat,similar_grid_1,episode_00010,Violated Request Count,0
3358,matchit_ascii,tagextractor_langchain_clp_chat,similar_grid_1,episode_00010,Parsed Request Count,16
3359,matchit_ascii,tagextractor_langchain_clp_chat,similar_grid_1,episode_00010,Request Count,16
3360,matchit_ascii,tagextractor_langchain_clp_chat,similar_grid_1,episode_00010,Aborted,0
3361,matchit_ascii,tagextractor_langchain_clp_chat,similar_grid_1,episode_00010,Success,1
3362,matchit_ascii,tagextractor_langchain_clp_chat,similar_grid_1,episode_00010,Lose,0
3363,matchit_ascii,tagextractor_langchain_clp_chat,similar_grid_1,episode_00010,Main Score,100
3364,matchit_ascii,tagextractor_langchain_clp_chat,similar_grid_1,episode_00010,Player Score,100
3365,matchit_ascii,tagextractor_langchain_clp_chat,similar_grid_1,episode_00011,Violated Request Count,0
3366,matchit_ascii,tagextractor_langchain_clp_chat,similar_grid_1,episode_00011,Parsed Request Count,16
3367,matchit_ascii,tagextractor_langchain_clp_chat,similar_grid_1,episode_00011,Request Count,16
3368,matchit_ascii,tagextractor_langchain_clp_chat,similar_grid_1,episode_00011,Aborted,0
3369,matchit_ascii,tagextractor_langchain_clp_chat,similar_grid_1,episode_00011,Success,1
3370,matchit_ascii,tagextractor_langchain_clp_chat,similar_grid_1,episode_00011,Lose,0
3371,matchit_ascii,tagextractor_langchain_clp_chat,similar_grid_1,episode_00011,Main Score,100
3372,matchit_ascii,tagextractor_langchain_clp_chat,similar_grid_1,episode_00011,Player Score,100
3373,matchit_ascii,tagextractor_langchain_clp_chat,similar_grid_1,episode_00012,Violated Request Count,0
3374,matchit_ascii,tagextractor_langchain_clp_chat,similar_grid_1,episode_00012,Parsed Request Count,16
3375,matchit_ascii,tagextractor_langchain_clp_chat,similar_grid_1,episode_00012,Request Count,16
3376,matchit_ascii,tagextractor_langchain_clp_chat,similar_grid_1,episode_00012,Aborted,0
3377,matchit_ascii,tagextractor_langchain_clp_chat,similar_grid_1,episode_00012,Success,1
3378,matchit_ascii,tagextractor_langchain_clp_chat,similar_grid_1,episode_00012,Lose,0
3379,matchit_ascii,tagextractor_langchain_clp_chat,similar_grid_1,episode_00012,Main Score,100
3380,matchit_ascii,tagextractor_langchain_clp_chat,similar_grid_1,episode_00012,Player Score,100
3381,matchit_ascii,tagextractor_langchain_clp_chat,similar_grid_2,episode_00013,Violated Request Count,0
3382,matchit_ascii,tagextractor_langchain_clp_chat,similar_grid_2,episode_00013,Parsed Request Count,16
3383,matchit_ascii,tagextractor_langchain_clp_chat,similar_grid_2,episode_00013,Request Count,16
3384,matchit_ascii,tagextractor_langchain_clp_chat,similar_grid_2,episode_00013,Aborted,0
3385,matchit_ascii,tagextractor_langchain_clp_chat,similar_grid_2,episode_00013,Success,1
3386,matchit_ascii,tagextractor_langchain_clp_chat,similar_grid_2,episode_00013,Lose,0
3387,matchit_ascii,tagextractor_langchain_clp_chat,similar_grid_2,episode_00013,Main Score,100
3388,matchit_ascii,tagextractor_langchain_clp_chat,similar_grid_2,episode_00013,Player Score,100
3389,matchit_ascii,tagextractor_langchain_clp_chat,similar_grid_2,episode_00014,Violated Request Count,0
3390,matchit_ascii,tagextractor_langchain_clp_chat,similar_grid_2,episode_00014,Parsed Request Count,16
3391,matchit_ascii,tagextractor_langchain_clp_chat,similar_grid_2,episode_00014,Request Count,16
3392,matchit_ascii,tagextractor_langchain_clp_chat,similar_grid_2,episode_00014,Aborted,0
3393,matchit_ascii,tagextractor_langchain_clp_chat,similar_grid_2,episode_00014,Success,0
3394,matchit_ascii,tagextractor_langchain_clp_chat,similar_grid_2,episode_00014,Lose,1
3395,matchit_ascii,tagextractor_langchain_clp_chat,similar_grid_2,episode_00014,Main Score,0
3396,matchit_ascii,tagextractor_langchain_clp_chat,similar_grid_2,episode_00014,Player Score,0
3397,matchit_ascii,tagextractor_langchain_clp_chat,similar_grid_2,episode_00015,Violated Request Count,0
3398,matchit_ascii,tagextractor_langchain_clp_chat,similar_grid_2,episode_00015,Parsed Request Count,16
3399,matchit_ascii,tagextractor_langchain_clp_chat,similar_grid_2,episode_00015,Request Count,16
3400,matchit_ascii,tagextractor_langchain_clp_chat,similar_grid_2,episode_00015,Aborted,0
3401,matchit_ascii,tagextractor_langchain_clp_chat,similar_grid_2,episode_00015,Success,1
3402,matchit_ascii,tagextractor_langchain_clp_chat,similar_grid_2,episode_00015,Lose,0
3403,matchit_ascii,tagextractor_langchain_clp_chat,similar_grid_2,episode_00015,Main Score,100
3404,matchit_ascii,tagextractor_langchain_clp_chat,similar_grid_2,episode_00015,Player Score,100
3405,matchit_ascii,tagextractor_langchain_clp_chat,similar_grid_2,episode_00016,Violated Request Count,0
3406,matchit_ascii,tagextractor_langchain_clp_chat,similar_grid_2,episode_00016,Parsed Request Count,16
3407,matchit_ascii,tagextractor_langchain_clp_chat,similar_grid_2,episode_00016,Request Count,16
3408,matchit_ascii,tagextractor_langchain_clp_chat,similar_grid_2,episode_00016,Aborted,0
3409,matchit_ascii,tagextractor_langchain_clp_chat,similar_grid_2,episode_00016,Success,1
3410,matchit_ascii,tagextractor_langchain_clp_chat,similar_grid_2,episode_00016,Lose,0
3411,matchit_ascii,tagextractor_langchain_clp_chat,similar_grid_2,episode_00016,Main Score,100
3412,matchit_ascii,tagextractor_langchain_clp_chat,similar_grid_2,episode_00016,Player Score,100
3413,matchit_ascii,tagextractor_langchain_clp_chat,similar_grid_2,episode_00017,Violated Request Count,0
3414,matchit_ascii,tagextractor_langchain_clp_chat,similar_grid_2,episode_00017,Parsed Request Count,16
3415,matchit_ascii,tagextractor_langchain_clp_chat,similar_grid_2,episode_00017,Request Count,16
3416,matchit_ascii,tagextractor_langchain_clp_chat,similar_grid_2,episode_00017,Aborted,0
3417,matchit_ascii,tagextractor_langchain_clp_chat,similar_grid_2,episode_00017,Success,0
3418,matchit_ascii,tagextractor_langchain_clp_chat,similar_grid_2,episode_00017,Lose,1
3419,matchit_ascii,tagextractor_langchain_clp_chat,similar_grid_2,episode_00017,Main Score,0
3420,matchit_ascii,tagextractor_langchain_clp_chat,similar_grid_2,episode_00017,Player Score,50
3421,matchit_ascii,tagextractor_langchain_clp_chat,similar_grid_2,episode_00018,Violated Request Count,0
3422,matchit_ascii,tagextractor_langchain_clp_chat,similar_grid_2,episode_00018,Parsed Request Count,16
3423,matchit_ascii,tagextractor_langchain_clp_chat,similar_grid_2,episode_00018,Request Count,16
3424,matchit_ascii,tagextractor_langchain_clp_chat,similar_grid_2,episode_00018,Aborted,0
3425,matchit_ascii,tagextractor_langchain_clp_chat,similar_grid_2,episode_00018,Success,1
3426,matchit_ascii,tagextractor_langchain_clp_chat,similar_grid_2,episode_00018,Lose,0
3427,matchit_ascii,tagextractor_langchain_clp_chat,similar_grid_2,episode_00018,Main Score,100
3428,matchit_ascii,tagextractor_langchain_clp_chat,similar_grid_2,episode_00018,Player Score,100
3429,mm_mapworld,tagextractor_langchain_clp_chat,large,episode_00011,Aborted,1
3430,mm_mapworld,tagextractor_langchain_clp_chat,large,episode_00011,Success,
3431,mm_mapworld,tagextractor_langchain_clp_chat,large,episode_00011,Lose,
3432,mm_mapworld,tagextractor_langchain_clp_chat,large,episode_00011,moves,
3433,mm_mapworld,tagextractor_langchain_clp_chat,large,episode_00011,valid_moves,
3434,mm_mapworld,tagextractor_langchain_clp_chat,large,episode_00011,invalid_moves,
3435,mm_mapworld,tagextractor_langchain_clp_chat,large,episode_00011,visited,
3436,mm_mapworld,tagextractor_langchain_clp_chat,large,episode_00011,seen,
3437,mm_mapworld,tagextractor_langchain_clp_chat,large,episode_00011,effieciency,
3438,mm_mapworld,tagextractor_langchain_clp_chat,large,episode_00011,exploration,
3439,mm_mapworld,tagextractor_langchain_clp_chat,large,episode_00011,Main Score,
3440,mm_mapworld,tagextractor_langchain_clp_chat,large,episode_00012,Aborted,1
3441,mm_mapworld,tagextractor_langchain_clp_chat,large,episode_00012,Success,
3442,mm_mapworld,tagextractor_langchain_clp_chat,large,episode_00012,Lose,
3443,mm_mapworld,tagextractor_langchain_clp_chat,large,episode_00012,moves,
3444,mm_mapworld,tagextractor_langchain_clp_chat,large,episode_00012,valid_moves,
3445,mm_mapworld,tagextractor_langchain_clp_chat,large,episode_00012,invalid_moves,
3446,mm_mapworld,tagextractor_langchain_clp_chat,large,episode_00012,visited,
3447,mm_mapworld,tagextractor_langchain_clp_chat,large,episode_00012,seen,
3448,mm_mapworld,tagextractor_langchain_clp_chat,large,episode_00012,effieciency,
3449,mm_mapworld,tagextractor_langchain_clp_chat,large,episode_00012,exploration,
3450,mm_mapworld,tagextractor_langchain_clp_chat,large,episode_00012,Main Score,
3451,mm_mapworld,tagextractor_langchain_clp_chat,large,episode_00013,Aborted,1
3452,mm_mapworld,tagextractor_langchain_clp_chat,large,episode_00013,Success,
3453,mm_mapworld,tagextractor_langchain_clp_chat,large,episode_00013,Lose,
3454,mm_mapworld,tagextractor_langchain_clp_chat,large,episode_00013,moves,
3455,mm_mapworld,tagextractor_langchain_clp_chat,large,episode_00013,valid_moves,
3456,mm_mapworld,tagextractor_langchain_clp_chat,large,episode_00013,invalid_moves,
3457,mm_mapworld,tagextractor_langchain_clp_chat,large,episode_00013,visited,
3458,mm_mapworld,tagextractor_langchain_clp_chat,large,episode_00013,seen,
3459,mm_mapworld,tagextractor_langchain_clp_chat,large,episode_00013,effieciency,
3460,mm_mapworld,tagextractor_langchain_clp_chat,large,episode_00013,exploration,
3461,mm_mapworld,tagextractor_langchain_clp_chat,large,episode_00013,Main Score,
3462,mm_mapworld,tagextractor_langchain_clp_chat,large,episode_00014,Aborted,1
3463,mm_mapworld,tagextractor_langchain_clp_chat,large,episode_00014,Success,
3464,mm_mapworld,tagextractor_langchain_clp_chat,large,episode_00014,Lose,
3465,mm_mapworld,tagextractor_langchain_clp_chat,large,episode_00014,moves,
3466,mm_mapworld,tagextractor_langchain_clp_chat,large,episode_00014,valid_moves,
3467,mm_mapworld,tagextractor_langchain_clp_chat,large,episode_00014,invalid_moves,
3468,mm_mapworld,tagextractor_langchain_clp_chat,large,episode_00014,visited,
3469,mm_mapworld,tagextractor_langchain_clp_chat,large,episode_00014,seen,
3470,mm_mapworld,tagextractor_langchain_clp_chat,large,episode_00014,effieciency,
3471,mm_mapworld,tagextractor_langchain_clp_chat,large,episode_00014,exploration,
3472,mm_mapworld,tagextractor_langchain_clp_chat,large,episode_00014,Main Score,
3473,mm_mapworld,tagextractor_langchain_clp_chat,large,episode_00015,Aborted,1
3474,mm_mapworld,tagextractor_langchain_clp_chat,large,episode_00015,Success,
3475,mm_mapworld,tagextractor_langchain_clp_chat,large,episode_00015,Lose,
3476,mm_mapworld,tagextractor_langchain_clp_chat,large,episode_00015,moves,
3477,mm_mapworld,tagextractor_langchain_clp_chat,large,episode_00015,valid_moves,
3478,mm_mapworld,tagextractor_langchain_clp_chat,large,episode_00015,invalid_moves,
3479,mm_mapworld,tagextractor_langchain_clp_chat,large,episode_00015,visited,
3480,mm_mapworld,tagextractor_langchain_clp_chat,large,episode_00015,seen,
3481,mm_mapworld,tagextractor_langchain_clp_chat,large,episode_00015,effieciency,
3482,mm_mapworld,tagextractor_langchain_clp_chat,large,episode_00015,exploration,
3483,mm_mapworld,tagextractor_langchain_clp_chat,large,episode_00015,Main Score,
3484,mm_mapworld,tagextractor_langchain_clp_chat,large_cycle,episode_00021,Aborted,1
3485,mm_mapworld,tagextractor_langchain_clp_chat,large_cycle,episode_00021,Success,
3486,mm_mapworld,tagextractor_langchain_clp_chat,large_cycle,episode_00021,Lose,
3487,mm_mapworld,tagextractor_langchain_clp_chat,large_cycle,episode_00021,moves,
3488,mm_mapworld,tagextractor_langchain_clp_chat,large_cycle,episode_00021,valid_moves,
3489,mm_mapworld,tagextractor_langchain_clp_chat,large_cycle,episode_00021,invalid_moves,
3490,mm_mapworld,tagextractor_langchain_clp_chat,large_cycle,episode_00021,visited,
3491,mm_mapworld,tagextractor_langchain_clp_chat,large_cycle,episode_00021,seen,
3492,mm_mapworld,tagextractor_langchain_clp_chat,large_cycle,episode_00021,effieciency,
3493,mm_mapworld,tagextractor_langchain_clp_chat,large_cycle,episode_00021,exploration,
3494,mm_mapworld,tagextractor_langchain_clp_chat,large_cycle,episode_00021,Main Score,
3495,mm_mapworld,tagextractor_langchain_clp_chat,large_cycle,episode_00022,Aborted,1
3496,mm_mapworld,tagextractor_langchain_clp_chat,large_cycle,episode_00022,Success,
3497,mm_mapworld,tagextractor_langchain_clp_chat,large_cycle,episode_00022,Lose,
3498,mm_mapworld,tagextractor_langchain_clp_chat,large_cycle,episode_00022,moves,
3499,mm_mapworld,tagextractor_langchain_clp_chat,large_cycle,episode_00022,valid_moves,
3500,mm_mapworld,tagextractor_langchain_clp_chat,large_cycle,episode_00022,invalid_moves,
3501,mm_mapworld,tagextractor_langchain_clp_chat,large_cycle,episode_00022,visited,
3502,mm_mapworld,tagextractor_langchain_clp_chat,large_cycle,episode_00022,seen,
3503,mm_mapworld,tagextractor_langchain_clp_chat,large_cycle,episode_00022,effieciency,
3504,mm_mapworld,tagextractor_langchain_clp_chat,large_cycle,episode_00022,exploration,
3505,mm_mapworld,tagextractor_langchain_clp_chat,large_cycle,episode_00022,Main Score,
3506,mm_mapworld,tagextractor_langchain_clp_chat,large_cycle,episode_00023,Aborted,1
3507,mm_mapworld,tagextractor_langchain_clp_chat,large_cycle,episode_00023,Success,
3508,mm_mapworld,tagextractor_langchain_clp_chat,large_cycle,episode_00023,Lose,
3509,mm_mapworld,tagextractor_langchain_clp_chat,large_cycle,episode_00023,moves,
3510,mm_mapworld,tagextractor_langchain_clp_chat,large_cycle,episode_00023,valid_moves,
3511,mm_mapworld,tagextractor_langchain_clp_chat,large_cycle,episode_00023,invalid_moves,
3512,mm_mapworld,tagextractor_langchain_clp_chat,large_cycle,episode_00023,visited,
3513,mm_mapworld,tagextractor_langchain_clp_chat,large_cycle,episode_00023,seen,
3514,mm_mapworld,tagextractor_langchain_clp_chat,large_cycle,episode_00023,effieciency,
3515,mm_mapworld,tagextractor_langchain_clp_chat,large_cycle,episode_00023,exploration,
3516,mm_mapworld,tagextractor_langchain_clp_chat,large_cycle,episode_00023,Main Score,
3517,mm_mapworld,tagextractor_langchain_clp_chat,large_cycle,episode_00024,Aborted,1
3518,mm_mapworld,tagextractor_langchain_clp_chat,large_cycle,episode_00024,Success,
3519,mm_mapworld,tagextractor_langchain_clp_chat,large_cycle,episode_00024,Lose,
3520,mm_mapworld,tagextractor_langchain_clp_chat,large_cycle,episode_00024,moves,
3521,mm_mapworld,tagextractor_langchain_clp_chat,large_cycle,episode_00024,valid_moves,
3522,mm_mapworld,tagextractor_langchain_clp_chat,large_cycle,episode_00024,invalid_moves,
3523,mm_mapworld,tagextractor_langchain_clp_chat,large_cycle,episode_00024,visited,
3524,mm_mapworld,tagextractor_langchain_clp_chat,large_cycle,episode_00024,seen,
3525,mm_mapworld,tagextractor_langchain_clp_chat,large_cycle,episode_00024,effieciency,
3526,mm_mapworld,tagextractor_langchain_clp_chat,large_cycle,episode_00024,exploration,
3527,mm_mapworld,tagextractor_langchain_clp_chat,large_cycle,episode_00024,Main Score,
3528,mm_mapworld,tagextractor_langchain_clp_chat,large_cycle,episode_00025,Aborted,1
3529,mm_mapworld,tagextractor_langchain_clp_chat,large_cycle,episode_00025,Success,
3530,mm_mapworld,tagextractor_langchain_clp_chat,large_cycle,episode_00025,Lose,
3531,mm_mapworld,tagextractor_langchain_clp_chat,large_cycle,episode_00025,moves,
3532,mm_mapworld,tagextractor_langchain_clp_chat,large_cycle,episode_00025,valid_moves,
3533,mm_mapworld,tagextractor_langchain_clp_chat,large_cycle,episode_00025,invalid_moves,
3534,mm_mapworld,tagextractor_langchain_clp_chat,large_cycle,episode_00025,visited,
3535,mm_mapworld,tagextractor_langchain_clp_chat,large_cycle,episode_00025,seen,
3536,mm_mapworld,tagextractor_langchain_clp_chat,large_cycle,episode_00025,effieciency,
3537,mm_mapworld,tagextractor_langchain_clp_chat,large_cycle,episode_00025,exploration,
3538,mm_mapworld,tagextractor_langchain_clp_chat,large_cycle,episode_00025,Main Score,
3539,mm_mapworld,tagextractor_langchain_clp_chat,medium,episode_00006,Aborted,0
3540,mm_mapworld,tagextractor_langchain_clp_chat,medium,episode_00006,Success,0
3541,mm_mapworld,tagextractor_langchain_clp_chat,medium,episode_00006,Lose,1
3542,mm_mapworld,tagextractor_langchain_clp_chat,medium,episode_00006,moves,10
3543,mm_mapworld,tagextractor_langchain_clp_chat,medium,episode_00006,valid_moves,10
3544,mm_mapworld,tagextractor_langchain_clp_chat,medium,episode_00006,invalid_moves,0
3545,mm_mapworld,tagextractor_langchain_clp_chat,medium,episode_00006,visited,4
3546,mm_mapworld,tagextractor_langchain_clp_chat,medium,episode_00006,seen,5
3547,mm_mapworld,tagextractor_langchain_clp_chat,medium,episode_00006,effieciency,70.0
3548,mm_mapworld,tagextractor_langchain_clp_chat,medium,episode_00006,exploration,66.66666666666667
3549,mm_mapworld,tagextractor_langchain_clp_chat,medium,episode_00006,Main Score,68.29268292682926
3550,mm_mapworld,tagextractor_langchain_clp_chat,medium,episode_00007,Aborted,1
3551,mm_mapworld,tagextractor_langchain_clp_chat,medium,episode_00007,Success,
3552,mm_mapworld,tagextractor_langchain_clp_chat,medium,episode_00007,Lose,
3553,mm_mapworld,tagextractor_langchain_clp_chat,medium,episode_00007,moves,
3554,mm_mapworld,tagextractor_langchain_clp_chat,medium,episode_00007,valid_moves,
3555,mm_mapworld,tagextractor_langchain_clp_chat,medium,episode_00007,invalid_moves,
3556,mm_mapworld,tagextractor_langchain_clp_chat,medium,episode_00007,visited,
3557,mm_mapworld,tagextractor_langchain_clp_chat,medium,episode_00007,seen,
3558,mm_mapworld,tagextractor_langchain_clp_chat,medium,episode_00007,effieciency,
3559,mm_mapworld,tagextractor_langchain_clp_chat,medium,episode_00007,exploration,
3560,mm_mapworld,tagextractor_langchain_clp_chat,medium,episode_00007,Main Score,
3561,mm_mapworld,tagextractor_langchain_clp_chat,medium,episode_00008,Aborted,1
3562,mm_mapworld,tagextractor_langchain_clp_chat,medium,episode_00008,Success,
3563,mm_mapworld,tagextractor_langchain_clp_chat,medium,episode_00008,Lose,
3564,mm_mapworld,tagextractor_langchain_clp_chat,medium,episode_00008,moves,
3565,mm_mapworld,tagextractor_langchain_clp_chat,medium,episode_00008,valid_moves,
3566,mm_mapworld,tagextractor_langchain_clp_chat,medium,episode_00008,invalid_moves,
3567,mm_mapworld,tagextractor_langchain_clp_chat,medium,episode_00008,visited,
3568,mm_mapworld,tagextractor_langchain_clp_chat,medium,episode_00008,seen,
3569,mm_mapworld,tagextractor_langchain_clp_chat,medium,episode_00008,effieciency,
3570,mm_mapworld,tagextractor_langchain_clp_chat,medium,episode_00008,exploration,
3571,mm_mapworld,tagextractor_langchain_clp_chat,medium,episode_00008,Main Score,
3572,mm_mapworld,tagextractor_langchain_clp_chat,medium,episode_00009,Aborted,1
3573,mm_mapworld,tagextractor_langchain_clp_chat,medium,episode_00009,Success,
3574,mm_mapworld,tagextractor_langchain_clp_chat,medium,episode_00009,Lose,
3575,mm_mapworld,tagextractor_langchain_clp_chat,medium,episode_00009,moves,
3576,mm_mapworld,tagextractor_langchain_clp_chat,medium,episode_00009,valid_moves,
3577,mm_mapworld,tagextractor_langchain_clp_chat,medium,episode_00009,invalid_moves,
3578,mm_mapworld,tagextractor_langchain_clp_chat,medium,episode_00009,visited,
3579,mm_mapworld,tagextractor_langchain_clp_chat,medium,episode_00009,seen,
3580,mm_mapworld,tagextractor_langchain_clp_chat,medium,episode_00009,effieciency,
3581,mm_mapworld,tagextractor_langchain_clp_chat,medium,episode_00009,exploration,
3582,mm_mapworld,tagextractor_langchain_clp_chat,medium,episode_00009,Main Score,
3583,mm_mapworld,tagextractor_langchain_clp_chat,medium,episode_00010,Aborted,1
3584,mm_mapworld,tagextractor_langchain_clp_chat,medium,episode_00010,Success,
3585,mm_mapworld,tagextractor_langchain_clp_chat,medium,episode_00010,Lose,
3586,mm_mapworld,tagextractor_langchain_clp_chat,medium,episode_00010,moves,
3587,mm_mapworld,tagextractor_langchain_clp_chat,medium,episode_00010,valid_moves,
3588,mm_mapworld,tagextractor_langchain_clp_chat,medium,episode_00010,invalid_moves,
3589,mm_mapworld,tagextractor_langchain_clp_chat,medium,episode_00010,visited,
3590,mm_mapworld,tagextractor_langchain_clp_chat,medium,episode_00010,seen,
3591,mm_mapworld,tagextractor_langchain_clp_chat,medium,episode_00010,effieciency,
3592,mm_mapworld,tagextractor_langchain_clp_chat,medium,episode_00010,exploration,
3593,mm_mapworld,tagextractor_langchain_clp_chat,medium,episode_00010,Main Score,
3594,mm_mapworld,tagextractor_langchain_clp_chat,medium_cycle,episode_00016,Aborted,1
3595,mm_mapworld,tagextractor_langchain_clp_chat,medium_cycle,episode_00016,Success,
3596,mm_mapworld,tagextractor_langchain_clp_chat,medium_cycle,episode_00016,Lose,
3597,mm_mapworld,tagextractor_langchain_clp_chat,medium_cycle,episode_00016,moves,
3598,mm_mapworld,tagextractor_langchain_clp_chat,medium_cycle,episode_00016,valid_moves,
3599,mm_mapworld,tagextractor_langchain_clp_chat,medium_cycle,episode_00016,invalid_moves,
3600,mm_mapworld,tagextractor_langchain_clp_chat,medium_cycle,episode_00016,visited,
3601,mm_mapworld,tagextractor_langchain_clp_chat,medium_cycle,episode_00016,seen,
3602,mm_mapworld,tagextractor_langchain_clp_chat,medium_cycle,episode_00016,effieciency,
3603,mm_mapworld,tagextractor_langchain_clp_chat,medium_cycle,episode_00016,exploration,
3604,mm_mapworld,tagextractor_langchain_clp_chat,medium_cycle,episode_00016,Main Score,
3605,mm_mapworld,tagextractor_langchain_clp_chat,medium_cycle,episode_00017,Aborted,0
3606,mm_mapworld,tagextractor_langchain_clp_chat,medium_cycle,episode_00017,Success,0
3607,mm_mapworld,tagextractor_langchain_clp_chat,medium_cycle,episode_00017,Lose,1
3608,mm_mapworld,tagextractor_langchain_clp_chat,medium_cycle,episode_00017,moves,6
3609,mm_mapworld,tagextractor_langchain_clp_chat,medium_cycle,episode_00017,valid_moves,6
3610,mm_mapworld,tagextractor_langchain_clp_chat,medium_cycle,episode_00017,invalid_moves,0
3611,mm_mapworld,tagextractor_langchain_clp_chat,medium_cycle,episode_00017,visited,4
3612,mm_mapworld,tagextractor_langchain_clp_chat,medium_cycle,episode_00017,seen,6
3613,mm_mapworld,tagextractor_langchain_clp_chat,medium_cycle,episode_00017,effieciency,50.0
3614,mm_mapworld,tagextractor_langchain_clp_chat,medium_cycle,episode_00017,exploration,66.66666666666667
3615,mm_mapworld,tagextractor_langchain_clp_chat,medium_cycle,episode_00017,Main Score,57.142857142857146
3616,mm_mapworld,tagextractor_langchain_clp_chat,medium_cycle,episode_00018,Aborted,1
3617,mm_mapworld,tagextractor_langchain_clp_chat,medium_cycle,episode_00018,Success,
3618,mm_mapworld,tagextractor_langchain_clp_chat,medium_cycle,episode_00018,Lose,
3619,mm_mapworld,tagextractor_langchain_clp_chat,medium_cycle,episode_00018,moves,
3620,mm_mapworld,tagextractor_langchain_clp_chat,medium_cycle,episode_00018,valid_moves,
3621,mm_mapworld,tagextractor_langchain_clp_chat,medium_cycle,episode_00018,invalid_moves,
3622,mm_mapworld,tagextractor_langchain_clp_chat,medium_cycle,episode_00018,visited,
3623,mm_mapworld,tagextractor_langchain_clp_chat,medium_cycle,episode_00018,seen,
3624,mm_mapworld,tagextractor_langchain_clp_chat,medium_cycle,episode_00018,effieciency,
3625,mm_mapworld,tagextractor_langchain_clp_chat,medium_cycle,episode_00018,exploration,
3626,mm_mapworld,tagextractor_langchain_clp_chat,medium_cycle,episode_00018,Main Score,
3627,mm_mapworld,tagextractor_langchain_clp_chat,medium_cycle,episode_00019,Aborted,1
3628,mm_mapworld,tagextractor_langchain_clp_chat,medium_cycle,episode_00019,Success,
3629,mm_mapworld,tagextractor_langchain_clp_chat,medium_cycle,episode_00019,Lose,
3630,mm_mapworld,tagextractor_langchain_clp_chat,medium_cycle,episode_00019,moves,
3631,mm_mapworld,tagextractor_langchain_clp_chat,medium_cycle,episode_00019,valid_moves,
3632,mm_mapworld,tagextractor_langchain_clp_chat,medium_cycle,episode_00019,invalid_moves,
3633,mm_mapworld,tagextractor_langchain_clp_chat,medium_cycle,episode_00019,visited,
3634,mm_mapworld,tagextractor_langchain_clp_chat,medium_cycle,episode_00019,seen,
3635,mm_mapworld,tagextractor_langchain_clp_chat,medium_cycle,episode_00019,effieciency,
3636,mm_mapworld,tagextractor_langchain_clp_chat,medium_cycle,episode_00019,exploration,
3637,mm_mapworld,tagextractor_langchain_clp_chat,medium_cycle,episode_00019,Main Score,
3638,mm_mapworld,tagextractor_langchain_clp_chat,medium_cycle,episode_00020,Aborted,1
3639,mm_mapworld,tagextractor_langchain_clp_chat,medium_cycle,episode_00020,Success,
3640,mm_mapworld,tagextractor_langchain_clp_chat,medium_cycle,episode_00020,Lose,
3641,mm_mapworld,tagextractor_langchain_clp_chat,medium_cycle,episode_00020,moves,
3642,mm_mapworld,tagextractor_langchain_clp_chat,medium_cycle,episode_00020,valid_moves,
3643,mm_mapworld,tagextractor_langchain_clp_chat,medium_cycle,episode_00020,invalid_moves,
3644,mm_mapworld,tagextractor_langchain_clp_chat,medium_cycle,episode_00020,visited,
3645,mm_mapworld,tagextractor_langchain_clp_chat,medium_cycle,episode_00020,seen,
3646,mm_mapworld,tagextractor_langchain_clp_chat,medium_cycle,episode_00020,effieciency,
3647,mm_mapworld,tagextractor_langchain_clp_chat,medium_cycle,episode_00020,exploration,
3648,mm_mapworld,tagextractor_langchain_clp_chat,medium_cycle,episode_00020,Main Score,
3649,mm_mapworld,tagextractor_langchain_clp_chat,small,episode_00001,Aborted,1
3650,mm_mapworld,tagextractor_langchain_clp_chat,small,episode_00001,Success,
3651,mm_mapworld,tagextractor_langchain_clp_chat,small,episode_00001,Lose,
3652,mm_mapworld,tagextractor_langchain_clp_chat,small,episode_00001,moves,
3653,mm_mapworld,tagextractor_langchain_clp_chat,small,episode_00001,valid_moves,
3654,mm_mapworld,tagextractor_langchain_clp_chat,small,episode_00001,invalid_moves,
3655,mm_mapworld,tagextractor_langchain_clp_chat,small,episode_00001,visited,
3656,mm_mapworld,tagextractor_langchain_clp_chat,small,episode_00001,seen,
3657,mm_mapworld,tagextractor_langchain_clp_chat,small,episode_00001,effieciency,
3658,mm_mapworld,tagextractor_langchain_clp_chat,small,episode_00001,exploration,
3659,mm_mapworld,tagextractor_langchain_clp_chat,small,episode_00001,Main Score,
3660,mm_mapworld,tagextractor_langchain_clp_chat,small,episode_00002,Aborted,1
3661,mm_mapworld,tagextractor_langchain_clp_chat,small,episode_00002,Success,
3662,mm_mapworld,tagextractor_langchain_clp_chat,small,episode_00002,Lose,
3663,mm_mapworld,tagextractor_langchain_clp_chat,small,episode_00002,moves,
3664,mm_mapworld,tagextractor_langchain_clp_chat,small,episode_00002,valid_moves,
3665,mm_mapworld,tagextractor_langchain_clp_chat,small,episode_00002,invalid_moves,
3666,mm_mapworld,tagextractor_langchain_clp_chat,small,episode_00002,visited,
3667,mm_mapworld,tagextractor_langchain_clp_chat,small,episode_00002,seen,
3668,mm_mapworld,tagextractor_langchain_clp_chat,small,episode_00002,effieciency,
3669,mm_mapworld,tagextractor_langchain_clp_chat,small,episode_00002,exploration,
3670,mm_mapworld,tagextractor_langchain_clp_chat,small,episode_00002,Main Score,
3671,mm_mapworld,tagextractor_langchain_clp_chat,small,episode_00003,Aborted,1
3672,mm_mapworld,tagextractor_langchain_clp_chat,small,episode_00003,Success,
3673,mm_mapworld,tagextractor_langchain_clp_chat,small,episode_00003,Lose,
3674,mm_mapworld,tagextractor_langchain_clp_chat,small,episode_00003,moves,
3675,mm_mapworld,tagextractor_langchain_clp_chat,small,episode_00003,valid_moves,
3676,mm_mapworld,tagextractor_langchain_clp_chat,small,episode_00003,invalid_moves,
3677,mm_mapworld,tagextractor_langchain_clp_chat,small,episode_00003,visited,
3678,mm_mapworld,tagextractor_langchain_clp_chat,small,episode_00003,seen,
3679,mm_mapworld,tagextractor_langchain_clp_chat,small,episode_00003,effieciency,
3680,mm_mapworld,tagextractor_langchain_clp_chat,small,episode_00003,exploration,
3681,mm_mapworld,tagextractor_langchain_clp_chat,small,episode_00003,Main Score,
3682,mm_mapworld,tagextractor_langchain_clp_chat,small,episode_00004,Aborted,1
3683,mm_mapworld,tagextractor_langchain_clp_chat,small,episode_00004,Success,
3684,mm_mapworld,tagextractor_langchain_clp_chat,small,episode_00004,Lose,
3685,mm_mapworld,tagextractor_langchain_clp_chat,small,episode_00004,moves,
3686,mm_mapworld,tagextractor_langchain_clp_chat,small,episode_00004,valid_moves,
3687,mm_mapworld,tagextractor_langchain_clp_chat,small,episode_00004,invalid_moves,
3688,mm_mapworld,tagextractor_langchain_clp_chat,small,episode_00004,visited,
3689,mm_mapworld,tagextractor_langchain_clp_chat,small,episode_00004,seen,
3690,mm_mapworld,tagextractor_langchain_clp_chat,small,episode_00004,effieciency,
3691,mm_mapworld,tagextractor_langchain_clp_chat,small,episode_00004,exploration,
3692,mm_mapworld,tagextractor_langchain_clp_chat,small,episode_00004,Main Score,
3693,mm_mapworld,tagextractor_langchain_clp_chat,small,episode_00005,Aborted,1
3694,mm_mapworld,tagextractor_langchain_clp_chat,small,episode_00005,Success,
3695,mm_mapworld,tagextractor_langchain_clp_chat,small,episode_00005,Lose,
3696,mm_mapworld,tagextractor_langchain_clp_chat,small,episode_00005,moves,
3697,mm_mapworld,tagextractor_langchain_clp_chat,small,episode_00005,valid_moves,
3698,mm_mapworld,tagextractor_langchain_clp_chat,small,episode_00005,invalid_moves,
3699,mm_mapworld,tagextractor_langchain_clp_chat,small,episode_00005,visited,
3700,mm_mapworld,tagextractor_langchain_clp_chat,small,episode_00005,seen,
3701,mm_mapworld,tagextractor_langchain_clp_chat,small,episode_00005,effieciency,
3702,mm_mapworld,tagextractor_langchain_clp_chat,small,episode_00005,exploration,
3703,mm_mapworld,tagextractor_langchain_clp_chat,small,episode_00005,Main Score,
3704,multimodal_referencegame,tagextractor_langchain_clp_chat,CLEVR_images,episode_00015,Generated Expression Length,69
3705,multimodal_referencegame,tagextractor_langchain_clp_chat,CLEVR_images,episode_00015,Generated Expression Number of Tokens,14
3706,multimodal_referencegame,tagextractor_langchain_clp_chat,CLEVR_images,episode_00015,Aborted at Player 1,0
3707,multimodal_referencegame,tagextractor_langchain_clp_chat,CLEVR_images,episode_00015,Aborted at Player 2,0
3708,multimodal_referencegame,tagextractor_langchain_clp_chat,CLEVR_images,episode_00015,Request Count,2
3709,multimodal_referencegame,tagextractor_langchain_clp_chat,CLEVR_images,episode_00015,Parsed Request Count,2
3710,multimodal_referencegame,tagextractor_langchain_clp_chat,CLEVR_images,episode_00015,Violated Request Count,0
3711,multimodal_referencegame,tagextractor_langchain_clp_chat,CLEVR_images,episode_00015,Aborted,0
3712,multimodal_referencegame,tagextractor_langchain_clp_chat,CLEVR_images,episode_00015,Success,1
3713,multimodal_referencegame,tagextractor_langchain_clp_chat,CLEVR_images,episode_00015,Lose,0
3714,multimodal_referencegame,tagextractor_langchain_clp_chat,CLEVR_images,episode_00015,Main Score,100
3715,multimodal_referencegame,tagextractor_langchain_clp_chat,CLEVR_images,episode_00015,Request Success Ratio,1.0
3716,multimodal_referencegame,tagextractor_langchain_clp_chat,CLEVR_images,episode_00016,Generated Expression Length,107
3717,multimodal_referencegame,tagextractor_langchain_clp_chat,CLEVR_images,episode_00016,Generated Expression Number of Tokens,20
3718,multimodal_referencegame,tagextractor_langchain_clp_chat,CLEVR_images,episode_00016,Aborted at Player 1,0
3719,multimodal_referencegame,tagextractor_langchain_clp_chat,CLEVR_images,episode_00016,Aborted at Player 2,0
3720,multimodal_referencegame,tagextractor_langchain_clp_chat,CLEVR_images,episode_00016,Request Count,2
3721,multimodal_referencegame,tagextractor_langchain_clp_chat,CLEVR_images,episode_00016,Parsed Request Count,2
3722,multimodal_referencegame,tagextractor_langchain_clp_chat,CLEVR_images,episode_00016,Violated Request Count,0
3723,multimodal_referencegame,tagextractor_langchain_clp_chat,CLEVR_images,episode_00016,Aborted,0
3724,multimodal_referencegame,tagextractor_langchain_clp_chat,CLEVR_images,episode_00016,Success,0
3725,multimodal_referencegame,tagextractor_langchain_clp_chat,CLEVR_images,episode_00016,Lose,1
3726,multimodal_referencegame,tagextractor_langchain_clp_chat,CLEVR_images,episode_00016,Main Score,0
3727,multimodal_referencegame,tagextractor_langchain_clp_chat,CLEVR_images,episode_00016,Request Success Ratio,1.0
3728,multimodal_referencegame,tagextractor_langchain_clp_chat,CLEVR_static_target_images,episode_00017,Generated Expression Length,69
3729,multimodal_referencegame,tagextractor_langchain_clp_chat,CLEVR_static_target_images,episode_00017,Generated Expression Number of Tokens,14
3730,multimodal_referencegame,tagextractor_langchain_clp_chat,CLEVR_static_target_images,episode_00017,Aborted at Player 1,0
3731,multimodal_referencegame,tagextractor_langchain_clp_chat,CLEVR_static_target_images,episode_00017,Aborted at Player 2,0
3732,multimodal_referencegame,tagextractor_langchain_clp_chat,CLEVR_static_target_images,episode_00017,Request Count,2
3733,multimodal_referencegame,tagextractor_langchain_clp_chat,CLEVR_static_target_images,episode_00017,Parsed Request Count,2
3734,multimodal_referencegame,tagextractor_langchain_clp_chat,CLEVR_static_target_images,episode_00017,Violated Request Count,0
3735,multimodal_referencegame,tagextractor_langchain_clp_chat,CLEVR_static_target_images,episode_00017,Aborted,0
3736,multimodal_referencegame,tagextractor_langchain_clp_chat,CLEVR_static_target_images,episode_00017,Success,1
3737,multimodal_referencegame,tagextractor_langchain_clp_chat,CLEVR_static_target_images,episode_00017,Lose,0
3738,multimodal_referencegame,tagextractor_langchain_clp_chat,CLEVR_static_target_images,episode_00017,Main Score,100
3739,multimodal_referencegame,tagextractor_langchain_clp_chat,CLEVR_static_target_images,episode_00017,Request Success Ratio,1.0
3740,multimodal_referencegame,tagextractor_langchain_clp_chat,CLEVR_static_target_images,episode_00018,Generated Expression Length,107
3741,multimodal_referencegame,tagextractor_langchain_clp_chat,CLEVR_static_target_images,episode_00018,Generated Expression Number of Tokens,20
3742,multimodal_referencegame,tagextractor_langchain_clp_chat,CLEVR_static_target_images,episode_00018,Aborted at Player 1,0
3743,multimodal_referencegame,tagextractor_langchain_clp_chat,CLEVR_static_target_images,episode_00018,Aborted at Player 2,0
3744,multimodal_referencegame,tagextractor_langchain_clp_chat,CLEVR_static_target_images,episode_00018,Request Count,2
3745,multimodal_referencegame,tagextractor_langchain_clp_chat,CLEVR_static_target_images,episode_00018,Parsed Request Count,2
3746,multimodal_referencegame,tagextractor_langchain_clp_chat,CLEVR_static_target_images,episode_00018,Violated Request Count,0
3747,multimodal_referencegame,tagextractor_langchain_clp_chat,CLEVR_static_target_images,episode_00018,Aborted,0
3748,multimodal_referencegame,tagextractor_langchain_clp_chat,CLEVR_static_target_images,episode_00018,Success,0
3749,multimodal_referencegame,tagextractor_langchain_clp_chat,CLEVR_static_target_images,episode_00018,Lose,1
3750,multimodal_referencegame,tagextractor_langchain_clp_chat,CLEVR_static_target_images,episode_00018,Main Score,0
3751,multimodal_referencegame,tagextractor_langchain_clp_chat,CLEVR_static_target_images,episode_00018,Request Success Ratio,1.0
3752,multimodal_referencegame,tagextractor_langchain_clp_chat,diagonal_grids,episode_00005,Generated Expression Length,69
3753,multimodal_referencegame,tagextractor_langchain_clp_chat,diagonal_grids,episode_00005,Generated Expression Number of Tokens,14
3754,multimodal_referencegame,tagextractor_langchain_clp_chat,diagonal_grids,episode_00005,Aborted at Player 1,0
3755,multimodal_referencegame,tagextractor_langchain_clp_chat,diagonal_grids,episode_00005,Aborted at Player 2,0
3756,multimodal_referencegame,tagextractor_langchain_clp_chat,diagonal_grids,episode_00005,Request Count,2
3757,multimodal_referencegame,tagextractor_langchain_clp_chat,diagonal_grids,episode_00005,Parsed Request Count,2
3758,multimodal_referencegame,tagextractor_langchain_clp_chat,diagonal_grids,episode_00005,Violated Request Count,0
3759,multimodal_referencegame,tagextractor_langchain_clp_chat,diagonal_grids,episode_00005,Aborted,0
3760,multimodal_referencegame,tagextractor_langchain_clp_chat,diagonal_grids,episode_00005,Success,0
3761,multimodal_referencegame,tagextractor_langchain_clp_chat,diagonal_grids,episode_00005,Lose,1
3762,multimodal_referencegame,tagextractor_langchain_clp_chat,diagonal_grids,episode_00005,Main Score,0
3763,multimodal_referencegame,tagextractor_langchain_clp_chat,diagonal_grids,episode_00005,Request Success Ratio,1.0
3764,multimodal_referencegame,tagextractor_langchain_clp_chat,diagonal_grids,episode_00006,Generated Expression Length,69
3765,multimodal_referencegame,tagextractor_langchain_clp_chat,diagonal_grids,episode_00006,Generated Expression Number of Tokens,14
3766,multimodal_referencegame,tagextractor_langchain_clp_chat,diagonal_grids,episode_00006,Aborted at Player 1,0
3767,multimodal_referencegame,tagextractor_langchain_clp_chat,diagonal_grids,episode_00006,Aborted at Player 2,0
3768,multimodal_referencegame,tagextractor_langchain_clp_chat,diagonal_grids,episode_00006,Request Count,2
3769,multimodal_referencegame,tagextractor_langchain_clp_chat,diagonal_grids,episode_00006,Parsed Request Count,2
3770,multimodal_referencegame,tagextractor_langchain_clp_chat,diagonal_grids,episode_00006,Violated Request Count,0
3771,multimodal_referencegame,tagextractor_langchain_clp_chat,diagonal_grids,episode_00006,Aborted,0
3772,multimodal_referencegame,tagextractor_langchain_clp_chat,diagonal_grids,episode_00006,Success,1
3773,multimodal_referencegame,tagextractor_langchain_clp_chat,diagonal_grids,episode_00006,Lose,0
3774,multimodal_referencegame,tagextractor_langchain_clp_chat,diagonal_grids,episode_00006,Main Score,100
3775,multimodal_referencegame,tagextractor_langchain_clp_chat,diagonal_grids,episode_00006,Request Success Ratio,1.0
3776,multimodal_referencegame,tagextractor_langchain_clp_chat,DOCCI_images,episode_00013,Generated Expression Length,69
3777,multimodal_referencegame,tagextractor_langchain_clp_chat,DOCCI_images,episode_00013,Generated Expression Number of Tokens,14
3778,multimodal_referencegame,tagextractor_langchain_clp_chat,DOCCI_images,episode_00013,Aborted at Player 1,0
3779,multimodal_referencegame,tagextractor_langchain_clp_chat,DOCCI_images,episode_00013,Aborted at Player 2,0
3780,multimodal_referencegame,tagextractor_langchain_clp_chat,DOCCI_images,episode_00013,Request Count,2
3781,multimodal_referencegame,tagextractor_langchain_clp_chat,DOCCI_images,episode_00013,Parsed Request Count,2
3782,multimodal_referencegame,tagextractor_langchain_clp_chat,DOCCI_images,episode_00013,Violated Request Count,0
3783,multimodal_referencegame,tagextractor_langchain_clp_chat,DOCCI_images,episode_00013,Aborted,0
3784,multimodal_referencegame,tagextractor_langchain_clp_chat,DOCCI_images,episode_00013,Success,1
3785,multimodal_referencegame,tagextractor_langchain_clp_chat,DOCCI_images,episode_00013,Lose,0
3786,multimodal_referencegame,tagextractor_langchain_clp_chat,DOCCI_images,episode_00013,Main Score,100
3787,multimodal_referencegame,tagextractor_langchain_clp_chat,DOCCI_images,episode_00013,Request Success Ratio,1.0
3788,multimodal_referencegame,tagextractor_langchain_clp_chat,DOCCI_images,episode_00014,Generated Expression Length,107
3789,multimodal_referencegame,tagextractor_langchain_clp_chat,DOCCI_images,episode_00014,Generated Expression Number of Tokens,20
3790,multimodal_referencegame,tagextractor_langchain_clp_chat,DOCCI_images,episode_00014,Aborted at Player 1,0
3791,multimodal_referencegame,tagextractor_langchain_clp_chat,DOCCI_images,episode_00014,Aborted at Player 2,0
3792,multimodal_referencegame,tagextractor_langchain_clp_chat,DOCCI_images,episode_00014,Request Count,2
3793,multimodal_referencegame,tagextractor_langchain_clp_chat,DOCCI_images,episode_00014,Parsed Request Count,2
3794,multimodal_referencegame,tagextractor_langchain_clp_chat,DOCCI_images,episode_00014,Violated Request Count,0
3795,multimodal_referencegame,tagextractor_langchain_clp_chat,DOCCI_images,episode_00014,Aborted,0
3796,multimodal_referencegame,tagextractor_langchain_clp_chat,DOCCI_images,episode_00014,Success,0
3797,multimodal_referencegame,tagextractor_langchain_clp_chat,DOCCI_images,episode_00014,Lose,1
3798,multimodal_referencegame,tagextractor_langchain_clp_chat,DOCCI_images,episode_00014,Main Score,0
3799,multimodal_referencegame,tagextractor_langchain_clp_chat,DOCCI_images,episode_00014,Request Success Ratio,1.0
3800,multimodal_referencegame,tagextractor_langchain_clp_chat,DOCCI_static_target_images,episode_00019,Generated Expression Length,69
3801,multimodal_referencegame,tagextractor_langchain_clp_chat,DOCCI_static_target_images,episode_00019,Generated Expression Number of Tokens,14
3802,multimodal_referencegame,tagextractor_langchain_clp_chat,DOCCI_static_target_images,episode_00019,Aborted at Player 1,0
3803,multimodal_referencegame,tagextractor_langchain_clp_chat,DOCCI_static_target_images,episode_00019,Aborted at Player 2,0
3804,multimodal_referencegame,tagextractor_langchain_clp_chat,DOCCI_static_target_images,episode_00019,Request Count,2
3805,multimodal_referencegame,tagextractor_langchain_clp_chat,DOCCI_static_target_images,episode_00019,Parsed Request Count,2
3806,multimodal_referencegame,tagextractor_langchain_clp_chat,DOCCI_static_target_images,episode_00019,Violated Request Count,0
3807,multimodal_referencegame,tagextractor_langchain_clp_chat,DOCCI_static_target_images,episode_00019,Aborted,0
3808,multimodal_referencegame,tagextractor_langchain_clp_chat,DOCCI_static_target_images,episode_00019,Success,1
3809,multimodal_referencegame,tagextractor_langchain_clp_chat,DOCCI_static_target_images,episode_00019,Lose,0
3810,multimodal_referencegame,tagextractor_langchain_clp_chat,DOCCI_static_target_images,episode_00019,Main Score,100
3811,multimodal_referencegame,tagextractor_langchain_clp_chat,DOCCI_static_target_images,episode_00019,Request Success Ratio,1.0
3812,multimodal_referencegame,tagextractor_langchain_clp_chat,DOCCI_static_target_images,episode_00020,Generated Expression Length,107
3813,multimodal_referencegame,tagextractor_langchain_clp_chat,DOCCI_static_target_images,episode_00020,Generated Expression Number of Tokens,20
3814,multimodal_referencegame,tagextractor_langchain_clp_chat,DOCCI_static_target_images,episode_00020,Aborted at Player 1,0
3815,multimodal_referencegame,tagextractor_langchain_clp_chat,DOCCI_static_target_images,episode_00020,Aborted at Player 2,0
3816,multimodal_referencegame,tagextractor_langchain_clp_chat,DOCCI_static_target_images,episode_00020,Request Count,2
3817,multimodal_referencegame,tagextractor_langchain_clp_chat,DOCCI_static_target_images,episode_00020,Parsed Request Count,2
3818,multimodal_referencegame,tagextractor_langchain_clp_chat,DOCCI_static_target_images,episode_00020,Violated Request Count,0
3819,multimodal_referencegame,tagextractor_langchain_clp_chat,DOCCI_static_target_images,episode_00020,Aborted,0
3820,multimodal_referencegame,tagextractor_langchain_clp_chat,DOCCI_static_target_images,episode_00020,Success,0
3821,multimodal_referencegame,tagextractor_langchain_clp_chat,DOCCI_static_target_images,episode_00020,Lose,1
3822,multimodal_referencegame,tagextractor_langchain_clp_chat,DOCCI_static_target_images,episode_00020,Main Score,0
3823,multimodal_referencegame,tagextractor_langchain_clp_chat,DOCCI_static_target_images,episode_00020,Request Success Ratio,1.0
3824,multimodal_referencegame,tagextractor_langchain_clp_chat,letter_grids,episode_00007,Generated Expression Length,69
3825,multimodal_referencegame,tagextractor_langchain_clp_chat,letter_grids,episode_00007,Generated Expression Number of Tokens,14
3826,multimodal_referencegame,tagextractor_langchain_clp_chat,letter_grids,episode_00007,Aborted at Player 1,0
3827,multimodal_referencegame,tagextractor_langchain_clp_chat,letter_grids,episode_00007,Aborted at Player 2,0
3828,multimodal_referencegame,tagextractor_langchain_clp_chat,letter_grids,episode_00007,Request Count,2
3829,multimodal_referencegame,tagextractor_langchain_clp_chat,letter_grids,episode_00007,Parsed Request Count,2
3830,multimodal_referencegame,tagextractor_langchain_clp_chat,letter_grids,episode_00007,Violated Request Count,0
3831,multimodal_referencegame,tagextractor_langchain_clp_chat,letter_grids,episode_00007,Aborted,0
3832,multimodal_referencegame,tagextractor_langchain_clp_chat,letter_grids,episode_00007,Success,0
3833,multimodal_referencegame,tagextractor_langchain_clp_chat,letter_grids,episode_00007,Lose,1
3834,multimodal_referencegame,tagextractor_langchain_clp_chat,letter_grids,episode_00007,Main Score,0
3835,multimodal_referencegame,tagextractor_langchain_clp_chat,letter_grids,episode_00007,Request Success Ratio,1.0
3836,multimodal_referencegame,tagextractor_langchain_clp_chat,letter_grids,episode_00008,Generated Expression Length,69
3837,multimodal_referencegame,tagextractor_langchain_clp_chat,letter_grids,episode_00008,Generated Expression Number of Tokens,14
3838,multimodal_referencegame,tagextractor_langchain_clp_chat,letter_grids,episode_00008,Aborted at Player 1,0
3839,multimodal_referencegame,tagextractor_langchain_clp_chat,letter_grids,episode_00008,Aborted at Player 2,0
3840,multimodal_referencegame,tagextractor_langchain_clp_chat,letter_grids,episode_00008,Request Count,2
3841,multimodal_referencegame,tagextractor_langchain_clp_chat,letter_grids,episode_00008,Parsed Request Count,2
3842,multimodal_referencegame,tagextractor_langchain_clp_chat,letter_grids,episode_00008,Violated Request Count,0
3843,multimodal_referencegame,tagextractor_langchain_clp_chat,letter_grids,episode_00008,Aborted,0
3844,multimodal_referencegame,tagextractor_langchain_clp_chat,letter_grids,episode_00008,Success,1
3845,multimodal_referencegame,tagextractor_langchain_clp_chat,letter_grids,episode_00008,Lose,0
3846,multimodal_referencegame,tagextractor_langchain_clp_chat,letter_grids,episode_00008,Main Score,100
3847,multimodal_referencegame,tagextractor_langchain_clp_chat,letter_grids,episode_00008,Request Success Ratio,1.0
3848,multimodal_referencegame,tagextractor_langchain_clp_chat,line_grids_columns,episode_00003,Generated Expression Length,69
3849,multimodal_referencegame,tagextractor_langchain_clp_chat,line_grids_columns,episode_00003,Generated Expression Number of Tokens,14
3850,multimodal_referencegame,tagextractor_langchain_clp_chat,line_grids_columns,episode_00003,Aborted at Player 1,0
3851,multimodal_referencegame,tagextractor_langchain_clp_chat,line_grids_columns,episode_00003,Aborted at Player 2,0
3852,multimodal_referencegame,tagextractor_langchain_clp_chat,line_grids_columns,episode_00003,Request Count,2
3853,multimodal_referencegame,tagextractor_langchain_clp_chat,line_grids_columns,episode_00003,Parsed Request Count,2
3854,multimodal_referencegame,tagextractor_langchain_clp_chat,line_grids_columns,episode_00003,Violated Request Count,0
3855,multimodal_referencegame,tagextractor_langchain_clp_chat,line_grids_columns,episode_00003,Aborted,0
3856,multimodal_referencegame,tagextractor_langchain_clp_chat,line_grids_columns,episode_00003,Success,0
3857,multimodal_referencegame,tagextractor_langchain_clp_chat,line_grids_columns,episode_00003,Lose,1
3858,multimodal_referencegame,tagextractor_langchain_clp_chat,line_grids_columns,episode_00003,Main Score,0
3859,multimodal_referencegame,tagextractor_langchain_clp_chat,line_grids_columns,episode_00003,Request Success Ratio,1.0
3860,multimodal_referencegame,tagextractor_langchain_clp_chat,line_grids_columns,episode_00004,Generated Expression Length,69
3861,multimodal_referencegame,tagextractor_langchain_clp_chat,line_grids_columns,episode_00004,Generated Expression Number of Tokens,14
3862,multimodal_referencegame,tagextractor_langchain_clp_chat,line_grids_columns,episode_00004,Aborted at Player 1,0
3863,multimodal_referencegame,tagextractor_langchain_clp_chat,line_grids_columns,episode_00004,Aborted at Player 2,0
3864,multimodal_referencegame,tagextractor_langchain_clp_chat,line_grids_columns,episode_00004,Request Count,2
3865,multimodal_referencegame,tagextractor_langchain_clp_chat,line_grids_columns,episode_00004,Parsed Request Count,2
3866,multimodal_referencegame,tagextractor_langchain_clp_chat,line_grids_columns,episode_00004,Violated Request Count,0
3867,multimodal_referencegame,tagextractor_langchain_clp_chat,line_grids_columns,episode_00004,Aborted,0
3868,multimodal_referencegame,tagextractor_langchain_clp_chat,line_grids_columns,episode_00004,Success,1
3869,multimodal_referencegame,tagextractor_langchain_clp_chat,line_grids_columns,episode_00004,Lose,0
3870,multimodal_referencegame,tagextractor_langchain_clp_chat,line_grids_columns,episode_00004,Main Score,100
3871,multimodal_referencegame,tagextractor_langchain_clp_chat,line_grids_columns,episode_00004,Request Success Ratio,1.0
3872,multimodal_referencegame,tagextractor_langchain_clp_chat,line_grids_rows,episode_00001,Generated Expression Length,69
3873,multimodal_referencegame,tagextractor_langchain_clp_chat,line_grids_rows,episode_00001,Generated Expression Number of Tokens,14
3874,multimodal_referencegame,tagextractor_langchain_clp_chat,line_grids_rows,episode_00001,Aborted at Player 1,0
3875,multimodal_referencegame,tagextractor_langchain_clp_chat,line_grids_rows,episode_00001,Aborted at Player 2,0
3876,multimodal_referencegame,tagextractor_langchain_clp_chat,line_grids_rows,episode_00001,Request Count,2
3877,multimodal_referencegame,tagextractor_langchain_clp_chat,line_grids_rows,episode_00001,Parsed Request Count,2
3878,multimodal_referencegame,tagextractor_langchain_clp_chat,line_grids_rows,episode_00001,Violated Request Count,0
3879,multimodal_referencegame,tagextractor_langchain_clp_chat,line_grids_rows,episode_00001,Aborted,0
3880,multimodal_referencegame,tagextractor_langchain_clp_chat,line_grids_rows,episode_00001,Success,0
3881,multimodal_referencegame,tagextractor_langchain_clp_chat,line_grids_rows,episode_00001,Lose,1
3882,multimodal_referencegame,tagextractor_langchain_clp_chat,line_grids_rows,episode_00001,Main Score,0
3883,multimodal_referencegame,tagextractor_langchain_clp_chat,line_grids_rows,episode_00001,Request Success Ratio,1.0
3884,multimodal_referencegame,tagextractor_langchain_clp_chat,line_grids_rows,episode_00002,Generated Expression Length,69
3885,multimodal_referencegame,tagextractor_langchain_clp_chat,line_grids_rows,episode_00002,Generated Expression Number of Tokens,14
3886,multimodal_referencegame,tagextractor_langchain_clp_chat,line_grids_rows,episode_00002,Aborted at Player 1,0
3887,multimodal_referencegame,tagextractor_langchain_clp_chat,line_grids_rows,episode_00002,Aborted at Player 2,0
3888,multimodal_referencegame,tagextractor_langchain_clp_chat,line_grids_rows,episode_00002,Request Count,2
3889,multimodal_referencegame,tagextractor_langchain_clp_chat,line_grids_rows,episode_00002,Parsed Request Count,2
3890,multimodal_referencegame,tagextractor_langchain_clp_chat,line_grids_rows,episode_00002,Violated Request Count,0
3891,multimodal_referencegame,tagextractor_langchain_clp_chat,line_grids_rows,episode_00002,Aborted,0
3892,multimodal_referencegame,tagextractor_langchain_clp_chat,line_grids_rows,episode_00002,Success,1
3893,multimodal_referencegame,tagextractor_langchain_clp_chat,line_grids_rows,episode_00002,Lose,0
3894,multimodal_referencegame,tagextractor_langchain_clp_chat,line_grids_rows,episode_00002,Main Score,100
3895,multimodal_referencegame,tagextractor_langchain_clp_chat,line_grids_rows,episode_00002,Request Success Ratio,1.0
3896,multimodal_referencegame,tagextractor_langchain_clp_chat,pentomino_images,episode_00021,Generated Expression Length,69
3897,multimodal_referencegame,tagextractor_langchain_clp_chat,pentomino_images,episode_00021,Generated Expression Number of Tokens,14
3898,multimodal_referencegame,tagextractor_langchain_clp_chat,pentomino_images,episode_00021,Aborted at Player 1,0
3899,multimodal_referencegame,tagextractor_langchain_clp_chat,pentomino_images,episode_00021,Aborted at Player 2,0
3900,multimodal_referencegame,tagextractor_langchain_clp_chat,pentomino_images,episode_00021,Request Count,2
3901,multimodal_referencegame,tagextractor_langchain_clp_chat,pentomino_images,episode_00021,Parsed Request Count,2
3902,multimodal_referencegame,tagextractor_langchain_clp_chat,pentomino_images,episode_00021,Violated Request Count,0
3903,multimodal_referencegame,tagextractor_langchain_clp_chat,pentomino_images,episode_00021,Aborted,0
3904,multimodal_referencegame,tagextractor_langchain_clp_chat,pentomino_images,episode_00021,Success,1
3905,multimodal_referencegame,tagextractor_langchain_clp_chat,pentomino_images,episode_00021,Lose,0
3906,multimodal_referencegame,tagextractor_langchain_clp_chat,pentomino_images,episode_00021,Main Score,100
3907,multimodal_referencegame,tagextractor_langchain_clp_chat,pentomino_images,episode_00021,Request Success Ratio,1.0
3908,multimodal_referencegame,tagextractor_langchain_clp_chat,pentomino_images,episode_00022,Generated Expression Length,107
3909,multimodal_referencegame,tagextractor_langchain_clp_chat,pentomino_images,episode_00022,Generated Expression Number of Tokens,20
3910,multimodal_referencegame,tagextractor_langchain_clp_chat,pentomino_images,episode_00022,Aborted at Player 1,0
3911,multimodal_referencegame,tagextractor_langchain_clp_chat,pentomino_images,episode_00022,Aborted at Player 2,0
3912,multimodal_referencegame,tagextractor_langchain_clp_chat,pentomino_images,episode_00022,Request Count,2
3913,multimodal_referencegame,tagextractor_langchain_clp_chat,pentomino_images,episode_00022,Parsed Request Count,2
3914,multimodal_referencegame,tagextractor_langchain_clp_chat,pentomino_images,episode_00022,Violated Request Count,0
3915,multimodal_referencegame,tagextractor_langchain_clp_chat,pentomino_images,episode_00022,Aborted,0
3916,multimodal_referencegame,tagextractor_langchain_clp_chat,pentomino_images,episode_00022,Success,0
3917,multimodal_referencegame,tagextractor_langchain_clp_chat,pentomino_images,episode_00022,Lose,1
3918,multimodal_referencegame,tagextractor_langchain_clp_chat,pentomino_images,episode_00022,Main Score,0
3919,multimodal_referencegame,tagextractor_langchain_clp_chat,pentomino_images,episode_00022,Request Success Ratio,1.0
3920,multimodal_referencegame,tagextractor_langchain_clp_chat,random_grids,episode_00011,Generated Expression Length,69
3921,multimodal_referencegame,tagextractor_langchain_clp_chat,random_grids,episode_00011,Generated Expression Number of Tokens,14
3922,multimodal_referencegame,tagextractor_langchain_clp_chat,random_grids,episode_00011,Aborted at Player 1,0
3923,multimodal_referencegame,tagextractor_langchain_clp_chat,random_grids,episode_00011,Aborted at Player 2,0
3924,multimodal_referencegame,tagextractor_langchain_clp_chat,random_grids,episode_00011,Request Count,2
3925,multimodal_referencegame,tagextractor_langchain_clp_chat,random_grids,episode_00011,Parsed Request Count,2
3926,multimodal_referencegame,tagextractor_langchain_clp_chat,random_grids,episode_00011,Violated Request Count,0
3927,multimodal_referencegame,tagextractor_langchain_clp_chat,random_grids,episode_00011,Aborted,0
3928,multimodal_referencegame,tagextractor_langchain_clp_chat,random_grids,episode_00011,Success,0
3929,multimodal_referencegame,tagextractor_langchain_clp_chat,random_grids,episode_00011,Lose,1
3930,multimodal_referencegame,tagextractor_langchain_clp_chat,random_grids,episode_00011,Main Score,0
3931,multimodal_referencegame,tagextractor_langchain_clp_chat,random_grids,episode_00011,Request Success Ratio,1.0
3932,multimodal_referencegame,tagextractor_langchain_clp_chat,random_grids,episode_00012,Generated Expression Length,69
3933,multimodal_referencegame,tagextractor_langchain_clp_chat,random_grids,episode_00012,Generated Expression Number of Tokens,14
3934,multimodal_referencegame,tagextractor_langchain_clp_chat,random_grids,episode_00012,Aborted at Player 1,0
3935,multimodal_referencegame,tagextractor_langchain_clp_chat,random_grids,episode_00012,Aborted at Player 2,0
3936,multimodal_referencegame,tagextractor_langchain_clp_chat,random_grids,episode_00012,Request Count,2
3937,multimodal_referencegame,tagextractor_langchain_clp_chat,random_grids,episode_00012,Parsed Request Count,2
3938,multimodal_referencegame,tagextractor_langchain_clp_chat,random_grids,episode_00012,Violated Request Count,0
3939,multimodal_referencegame,tagextractor_langchain_clp_chat,random_grids,episode_00012,Aborted,0
3940,multimodal_referencegame,tagextractor_langchain_clp_chat,random_grids,episode_00012,Success,1
3941,multimodal_referencegame,tagextractor_langchain_clp_chat,random_grids,episode_00012,Lose,0
3942,multimodal_referencegame,tagextractor_langchain_clp_chat,random_grids,episode_00012,Main Score,100
3943,multimodal_referencegame,tagextractor_langchain_clp_chat,random_grids,episode_00012,Request Success Ratio,1.0
3944,multimodal_referencegame,tagextractor_langchain_clp_chat,shape_grids,episode_00009,Generated Expression Length,69
3945,multimodal_referencegame,tagextractor_langchain_clp_chat,shape_grids,episode_00009,Generated Expression Number of Tokens,14
3946,multimodal_referencegame,tagextractor_langchain_clp_chat,shape_grids,episode_00009,Aborted at Player 1,0
3947,multimodal_referencegame,tagextractor_langchain_clp_chat,shape_grids,episode_00009,Aborted at Player 2,0
3948,multimodal_referencegame,tagextractor_langchain_clp_chat,shape_grids,episode_00009,Request Count,2
3949,multimodal_referencegame,tagextractor_langchain_clp_chat,shape_grids,episode_00009,Parsed Request Count,2
3950,multimodal_referencegame,tagextractor_langchain_clp_chat,shape_grids,episode_00009,Violated Request Count,0
3951,multimodal_referencegame,tagextractor_langchain_clp_chat,shape_grids,episode_00009,Aborted,0
3952,multimodal_referencegame,tagextractor_langchain_clp_chat,shape_grids,episode_00009,Success,0
3953,multimodal_referencegame,tagextractor_langchain_clp_chat,shape_grids,episode_00009,Lose,1
3954,multimodal_referencegame,tagextractor_langchain_clp_chat,shape_grids,episode_00009,Main Score,0
3955,multimodal_referencegame,tagextractor_langchain_clp_chat,shape_grids,episode_00009,Request Success Ratio,1.0
3956,multimodal_referencegame,tagextractor_langchain_clp_chat,shape_grids,episode_00010,Generated Expression Length,69
3957,multimodal_referencegame,tagextractor_langchain_clp_chat,shape_grids,episode_00010,Generated Expression Number of Tokens,14
3958,multimodal_referencegame,tagextractor_langchain_clp_chat,shape_grids,episode_00010,Aborted at Player 1,0
3959,multimodal_referencegame,tagextractor_langchain_clp_chat,shape_grids,episode_00010,Aborted at Player 2,0
3960,multimodal_referencegame,tagextractor_langchain_clp_chat,shape_grids,episode_00010,Request Count,2
3961,multimodal_referencegame,tagextractor_langchain_clp_chat,shape_grids,episode_00010,Parsed Request Count,2
3962,multimodal_referencegame,tagextractor_langchain_clp_chat,shape_grids,episode_00010,Violated Request Count,0
3963,multimodal_referencegame,tagextractor_langchain_clp_chat,shape_grids,episode_00010,Aborted,0
3964,multimodal_referencegame,tagextractor_langchain_clp_chat,shape_grids,episode_00010,Success,1
3965,multimodal_referencegame,tagextractor_langchain_clp_chat,shape_grids,episode_00010,Lose,0
3966,multimodal_referencegame,tagextractor_langchain_clp_chat,shape_grids,episode_00010,Main Score,100
3967,multimodal_referencegame,tagextractor_langchain_clp_chat,shape_grids,episode_00010,Request Success Ratio,1.0
3968,privateshared,tagextractor_langchain_clp_chat,job-interview,episode_00006,Accuracy,0.0
3969,privateshared,tagextractor_langchain_clp_chat,job-interview,episode_00006,Kappa,0.0
3970,privateshared,tagextractor_langchain_clp_chat,job-interview,episode_00006,Truncated Kappa,0
3971,privateshared,tagextractor_langchain_clp_chat,job-interview,episode_00006,Slot-Filling-Accuracy,
3972,privateshared,tagextractor_langchain_clp_chat,job-interview,episode_00006,Main Score,
3973,privateshared,tagextractor_langchain_clp_chat,job-interview,episode_00006,Aborted,0
3974,privateshared,tagextractor_langchain_clp_chat,job-interview,episode_00006,Lose,1
3975,privateshared,tagextractor_langchain_clp_chat,job-interview,episode_00006,Success,0
3976,privateshared,tagextractor_langchain_clp_chat,job-interview,episode_00006,Request Count,10
3977,privateshared,tagextractor_langchain_clp_chat,job-interview,episode_00006,Parsed Request Count,5
3978,privateshared,tagextractor_langchain_clp_chat,job-interview,episode_00006,Violated Request Count,10
3979,privateshared,tagextractor_langchain_clp_chat,job-interview,episode_00006,Request Success Ratio,0.5
3980,privateshared,tagextractor_langchain_clp_chat,job-interview,episode_00007,Accuracy,0.2
3981,privateshared,tagextractor_langchain_clp_chat,job-interview,episode_00007,Kappa,0.0
3982,privateshared,tagextractor_langchain_clp_chat,job-interview,episode_00007,Truncated Kappa,0
3983,privateshared,tagextractor_langchain_clp_chat,job-interview,episode_00007,Slot-Filling-Accuracy,
3984,privateshared,tagextractor_langchain_clp_chat,job-interview,episode_00007,Main Score,
3985,privateshared,tagextractor_langchain_clp_chat,job-interview,episode_00007,Aborted,0
3986,privateshared,tagextractor_langchain_clp_chat,job-interview,episode_00007,Lose,1
3987,privateshared,tagextractor_langchain_clp_chat,job-interview,episode_00007,Success,0
3988,privateshared,tagextractor_langchain_clp_chat,job-interview,episode_00007,Request Count,8
3989,privateshared,tagextractor_langchain_clp_chat,job-interview,episode_00007,Parsed Request Count,5
3990,privateshared,tagextractor_langchain_clp_chat,job-interview,episode_00007,Violated Request Count,8
3991,privateshared,tagextractor_langchain_clp_chat,job-interview,episode_00007,Request Success Ratio,0.625
3992,privateshared,tagextractor_langchain_clp_chat,job-interview,episode_00008,Accuracy,0.6
3993,privateshared,tagextractor_langchain_clp_chat,job-interview,episode_00008,Kappa,0.0
3994,privateshared,tagextractor_langchain_clp_chat,job-interview,episode_00008,Truncated Kappa,0
3995,privateshared,tagextractor_langchain_clp_chat,job-interview,episode_00008,Slot-Filling-Accuracy,
3996,privateshared,tagextractor_langchain_clp_chat,job-interview,episode_00008,Main Score,
3997,privateshared,tagextractor_langchain_clp_chat,job-interview,episode_00008,Aborted,0
3998,privateshared,tagextractor_langchain_clp_chat,job-interview,episode_00008,Lose,1
3999,privateshared,tagextractor_langchain_clp_chat,job-interview,episode_00008,Success,0
4000,privateshared,tagextractor_langchain_clp_chat,job-interview,episode_00008,Request Count,8
4001,privateshared,tagextractor_langchain_clp_chat,job-interview,episode_00008,Parsed Request Count,5
4002,privateshared,tagextractor_langchain_clp_chat,job-interview,episode_00008,Violated Request Count,8
4003,privateshared,tagextractor_langchain_clp_chat,job-interview,episode_00008,Request Success Ratio,0.625
4004,privateshared,tagextractor_langchain_clp_chat,job-interview,episode_00009,Accuracy,0.4
4005,privateshared,tagextractor_langchain_clp_chat,job-interview,episode_00009,Kappa,0.0
4006,privateshared,tagextractor_langchain_clp_chat,job-interview,episode_00009,Truncated Kappa,0
4007,privateshared,tagextractor_langchain_clp_chat,job-interview,episode_00009,Slot-Filling-Accuracy,
4008,privateshared,tagextractor_langchain_clp_chat,job-interview,episode_00009,Main Score,
4009,privateshared,tagextractor_langchain_clp_chat,job-interview,episode_00009,Aborted,0
4010,privateshared,tagextractor_langchain_clp_chat,job-interview,episode_00009,Lose,1
4011,privateshared,tagextractor_langchain_clp_chat,job-interview,episode_00009,Success,0
4012,privateshared,tagextractor_langchain_clp_chat,job-interview,episode_00009,Request Count,9
4013,privateshared,tagextractor_langchain_clp_chat,job-interview,episode_00009,Parsed Request Count,5
4014,privateshared,tagextractor_langchain_clp_chat,job-interview,episode_00009,Violated Request Count,9
4015,privateshared,tagextractor_langchain_clp_chat,job-interview,episode_00009,Request Success Ratio,0.5555555555555556
4016,privateshared,tagextractor_langchain_clp_chat,job-interview,episode_00010,Accuracy,0.4
4017,privateshared,tagextractor_langchain_clp_chat,job-interview,episode_00010,Kappa,0.0
4018,privateshared,tagextractor_langchain_clp_chat,job-interview,episode_00010,Truncated Kappa,0
4019,privateshared,tagextractor_langchain_clp_chat,job-interview,episode_00010,Slot-Filling-Accuracy,
4020,privateshared,tagextractor_langchain_clp_chat,job-interview,episode_00010,Main Score,
4021,privateshared,tagextractor_langchain_clp_chat,job-interview,episode_00010,Aborted,0
4022,privateshared,tagextractor_langchain_clp_chat,job-interview,episode_00010,Lose,1
4023,privateshared,tagextractor_langchain_clp_chat,job-interview,episode_00010,Success,0
4024,privateshared,tagextractor_langchain_clp_chat,job-interview,episode_00010,Request Count,8
4025,privateshared,tagextractor_langchain_clp_chat,job-interview,episode_00010,Parsed Request Count,5
4026,privateshared,tagextractor_langchain_clp_chat,job-interview,episode_00010,Violated Request Count,8
4027,privateshared,tagextractor_langchain_clp_chat,job-interview,episode_00010,Request Success Ratio,0.625
4028,privateshared,tagextractor_langchain_clp_chat,letter-number,episode_00021,Accuracy,0.7
4029,privateshared,tagextractor_langchain_clp_chat,letter-number,episode_00021,Kappa,0.0
4030,privateshared,tagextractor_langchain_clp_chat,letter-number,episode_00021,Truncated Kappa,0
4031,privateshared,tagextractor_langchain_clp_chat,letter-number,episode_00021,Slot-Filling-Accuracy,
4032,privateshared,tagextractor_langchain_clp_chat,letter-number,episode_00021,Main Score,
4033,privateshared,tagextractor_langchain_clp_chat,letter-number,episode_00021,Aborted,0
4034,privateshared,tagextractor_langchain_clp_chat,letter-number,episode_00021,Lose,1
4035,privateshared,tagextractor_langchain_clp_chat,letter-number,episode_00021,Success,0
4036,privateshared,tagextractor_langchain_clp_chat,letter-number,episode_00021,Request Count,21
4037,privateshared,tagextractor_langchain_clp_chat,letter-number,episode_00021,Parsed Request Count,10
4038,privateshared,tagextractor_langchain_clp_chat,letter-number,episode_00021,Violated Request Count,21
4039,privateshared,tagextractor_langchain_clp_chat,letter-number,episode_00021,Request Success Ratio,0.47619047619047616
4040,privateshared,tagextractor_langchain_clp_chat,letter-number,episode_00022,Accuracy,0.6
4041,privateshared,tagextractor_langchain_clp_chat,letter-number,episode_00022,Kappa,0.0
4042,privateshared,tagextractor_langchain_clp_chat,letter-number,episode_00022,Truncated Kappa,0
4043,privateshared,tagextractor_langchain_clp_chat,letter-number,episode_00022,Slot-Filling-Accuracy,
4044,privateshared,tagextractor_langchain_clp_chat,letter-number,episode_00022,Main Score,
4045,privateshared,tagextractor_langchain_clp_chat,letter-number,episode_00022,Aborted,0
4046,privateshared,tagextractor_langchain_clp_chat,letter-number,episode_00022,Lose,1
4047,privateshared,tagextractor_langchain_clp_chat,letter-number,episode_00022,Success,0
4048,privateshared,tagextractor_langchain_clp_chat,letter-number,episode_00022,Request Count,16
4049,privateshared,tagextractor_langchain_clp_chat,letter-number,episode_00022,Parsed Request Count,10
4050,privateshared,tagextractor_langchain_clp_chat,letter-number,episode_00022,Violated Request Count,16
4051,privateshared,tagextractor_langchain_clp_chat,letter-number,episode_00022,Request Success Ratio,0.625
4052,privateshared,tagextractor_langchain_clp_chat,letter-number,episode_00023,Accuracy,0.5
4053,privateshared,tagextractor_langchain_clp_chat,letter-number,episode_00023,Kappa,0.0
4054,privateshared,tagextractor_langchain_clp_chat,letter-number,episode_00023,Truncated Kappa,0
4055,privateshared,tagextractor_langchain_clp_chat,letter-number,episode_00023,Slot-Filling-Accuracy,
4056,privateshared,tagextractor_langchain_clp_chat,letter-number,episode_00023,Main Score,
4057,privateshared,tagextractor_langchain_clp_chat,letter-number,episode_00023,Aborted,0
4058,privateshared,tagextractor_langchain_clp_chat,letter-number,episode_00023,Lose,1
4059,privateshared,tagextractor_langchain_clp_chat,letter-number,episode_00023,Success,0
4060,privateshared,tagextractor_langchain_clp_chat,letter-number,episode_00023,Request Count,13
4061,privateshared,tagextractor_langchain_clp_chat,letter-number,episode_00023,Parsed Request Count,10
4062,privateshared,tagextractor_langchain_clp_chat,letter-number,episode_00023,Violated Request Count,13
4063,privateshared,tagextractor_langchain_clp_chat,letter-number,episode_00023,Request Success Ratio,0.7692307692307693
4064,privateshared,tagextractor_langchain_clp_chat,letter-number,episode_00024,Accuracy,
4065,privateshared,tagextractor_langchain_clp_chat,letter-number,episode_00024,Kappa,
4066,privateshared,tagextractor_langchain_clp_chat,letter-number,episode_00024,Truncated Kappa,
4067,privateshared,tagextractor_langchain_clp_chat,letter-number,episode_00024,Slot-Filling-Accuracy,
4068,privateshared,tagextractor_langchain_clp_chat,letter-number,episode_00024,Main Score,
4069,privateshared,tagextractor_langchain_clp_chat,letter-number,episode_00024,Aborted,1
4070,privateshared,tagextractor_langchain_clp_chat,letter-number,episode_00024,Lose,0
4071,privateshared,tagextractor_langchain_clp_chat,letter-number,episode_00024,Success,0
4072,privateshared,tagextractor_langchain_clp_chat,letter-number,episode_00024,Request Count,9
4073,privateshared,tagextractor_langchain_clp_chat,letter-number,episode_00024,Parsed Request Count,4
4074,privateshared,tagextractor_langchain_clp_chat,letter-number,episode_00024,Violated Request Count,5
4075,privateshared,tagextractor_langchain_clp_chat,letter-number,episode_00024,Request Success Ratio,0.4444444444444444
4076,privateshared,tagextractor_langchain_clp_chat,letter-number,episode_00025,Accuracy,0.8
4077,privateshared,tagextractor_langchain_clp_chat,letter-number,episode_00025,Kappa,0.0
4078,privateshared,tagextractor_langchain_clp_chat,letter-number,episode_00025,Truncated Kappa,0
4079,privateshared,tagextractor_langchain_clp_chat,letter-number,episode_00025,Slot-Filling-Accuracy,
4080,privateshared,tagextractor_langchain_clp_chat,letter-number,episode_00025,Main Score,
4081,privateshared,tagextractor_langchain_clp_chat,letter-number,episode_00025,Aborted,0
4082,privateshared,tagextractor_langchain_clp_chat,letter-number,episode_00025,Lose,1
4083,privateshared,tagextractor_langchain_clp_chat,letter-number,episode_00025,Success,0
4084,privateshared,tagextractor_langchain_clp_chat,letter-number,episode_00025,Request Count,19
4085,privateshared,tagextractor_langchain_clp_chat,letter-number,episode_00025,Parsed Request Count,10
4086,privateshared,tagextractor_langchain_clp_chat,letter-number,episode_00025,Violated Request Count,19
4087,privateshared,tagextractor_langchain_clp_chat,letter-number,episode_00025,Request Success Ratio,0.5263157894736842
4088,privateshared,tagextractor_langchain_clp_chat,restaurant,episode_00011,Accuracy,0.4
4089,privateshared,tagextractor_langchain_clp_chat,restaurant,episode_00011,Kappa,0.0
4090,privateshared,tagextractor_langchain_clp_chat,restaurant,episode_00011,Truncated Kappa,0
4091,privateshared,tagextractor_langchain_clp_chat,restaurant,episode_00011,Slot-Filling-Accuracy,
4092,privateshared,tagextractor_langchain_clp_chat,restaurant,episode_00011,Main Score,
4093,privateshared,tagextractor_langchain_clp_chat,restaurant,episode_00011,Aborted,0
4094,privateshared,tagextractor_langchain_clp_chat,restaurant,episode_00011,Lose,1
4095,privateshared,tagextractor_langchain_clp_chat,restaurant,episode_00011,Success,0
4096,privateshared,tagextractor_langchain_clp_chat,restaurant,episode_00011,Request Count,7
4097,privateshared,tagextractor_langchain_clp_chat,restaurant,episode_00011,Parsed Request Count,5
4098,privateshared,tagextractor_langchain_clp_chat,restaurant,episode_00011,Violated Request Count,7
4099,privateshared,tagextractor_langchain_clp_chat,restaurant,episode_00011,Request Success Ratio,0.7142857142857143
4100,privateshared,tagextractor_langchain_clp_chat,restaurant,episode_00012,Accuracy,0.6
4101,privateshared,tagextractor_langchain_clp_chat,restaurant,episode_00012,Kappa,0.0
4102,privateshared,tagextractor_langchain_clp_chat,restaurant,episode_00012,Truncated Kappa,0
4103,privateshared,tagextractor_langchain_clp_chat,restaurant,episode_00012,Slot-Filling-Accuracy,
4104,privateshared,tagextractor_langchain_clp_chat,restaurant,episode_00012,Main Score,
4105,privateshared,tagextractor_langchain_clp_chat,restaurant,episode_00012,Aborted,0
4106,privateshared,tagextractor_langchain_clp_chat,restaurant,episode_00012,Lose,1
4107,privateshared,tagextractor_langchain_clp_chat,restaurant,episode_00012,Success,0
4108,privateshared,tagextractor_langchain_clp_chat,restaurant,episode_00012,Request Count,8
4109,privateshared,tagextractor_langchain_clp_chat,restaurant,episode_00012,Parsed Request Count,5
4110,privateshared,tagextractor_langchain_clp_chat,restaurant,episode_00012,Violated Request Count,8
4111,privateshared,tagextractor_langchain_clp_chat,restaurant,episode_00012,Request Success Ratio,0.625
4112,privateshared,tagextractor_langchain_clp_chat,restaurant,episode_00013,Accuracy,0.6
4113,privateshared,tagextractor_langchain_clp_chat,restaurant,episode_00013,Kappa,0.0
4114,privateshared,tagextractor_langchain_clp_chat,restaurant,episode_00013,Truncated Kappa,0
4115,privateshared,tagextractor_langchain_clp_chat,restaurant,episode_00013,Slot-Filling-Accuracy,
4116,privateshared,tagextractor_langchain_clp_chat,restaurant,episode_00013,Main Score,
4117,privateshared,tagextractor_langchain_clp_chat,restaurant,episode_00013,Aborted,0
4118,privateshared,tagextractor_langchain_clp_chat,restaurant,episode_00013,Lose,1
4119,privateshared,tagextractor_langchain_clp_chat,restaurant,episode_00013,Success,0
4120,privateshared,tagextractor_langchain_clp_chat,restaurant,episode_00013,Request Count,5
4121,privateshared,tagextractor_langchain_clp_chat,restaurant,episode_00013,Parsed Request Count,5
4122,privateshared,tagextractor_langchain_clp_chat,restaurant,episode_00013,Violated Request Count,5
4123,privateshared,tagextractor_langchain_clp_chat,restaurant,episode_00013,Request Success Ratio,1.0
4124,privateshared,tagextractor_langchain_clp_chat,restaurant,episode_00014,Accuracy,0.0
4125,privateshared,tagextractor_langchain_clp_chat,restaurant,episode_00014,Kappa,0.0
4126,privateshared,tagextractor_langchain_clp_chat,restaurant,episode_00014,Truncated Kappa,0
4127,privateshared,tagextractor_langchain_clp_chat,restaurant,episode_00014,Slot-Filling-Accuracy,
4128,privateshared,tagextractor_langchain_clp_chat,restaurant,episode_00014,Main Score,
4129,privateshared,tagextractor_langchain_clp_chat,restaurant,episode_00014,Aborted,0
4130,privateshared,tagextractor_langchain_clp_chat,restaurant,episode_00014,Lose,1
4131,privateshared,tagextractor_langchain_clp_chat,restaurant,episode_00014,Success,0
4132,privateshared,tagextractor_langchain_clp_chat,restaurant,episode_00014,Request Count,9
4133,privateshared,tagextractor_langchain_clp_chat,restaurant,episode_00014,Parsed Request Count,5
4134,privateshared,tagextractor_langchain_clp_chat,restaurant,episode_00014,Violated Request Count,9
4135,privateshared,tagextractor_langchain_clp_chat,restaurant,episode_00014,Request Success Ratio,0.5555555555555556
4136,privateshared,tagextractor_langchain_clp_chat,restaurant,episode_00015,Accuracy,0.6
4137,privateshared,tagextractor_langchain_clp_chat,restaurant,episode_00015,Kappa,0.0
4138,privateshared,tagextractor_langchain_clp_chat,restaurant,episode_00015,Truncated Kappa,0
4139,privateshared,tagextractor_langchain_clp_chat,restaurant,episode_00015,Slot-Filling-Accuracy,
4140,privateshared,tagextractor_langchain_clp_chat,restaurant,episode_00015,Main Score,
4141,privateshared,tagextractor_langchain_clp_chat,restaurant,episode_00015,Aborted,0
4142,privateshared,tagextractor_langchain_clp_chat,restaurant,episode_00015,Lose,1
4143,privateshared,tagextractor_langchain_clp_chat,restaurant,episode_00015,Success,0
4144,privateshared,tagextractor_langchain_clp_chat,restaurant,episode_00015,Request Count,10
4145,privateshared,tagextractor_langchain_clp_chat,restaurant,episode_00015,Parsed Request Count,5
4146,privateshared,tagextractor_langchain_clp_chat,restaurant,episode_00015,Violated Request Count,10
4147,privateshared,tagextractor_langchain_clp_chat,restaurant,episode_00015,Request Success Ratio,0.5
4148,privateshared,tagextractor_langchain_clp_chat,things-places,episode_00016,Accuracy,0.6
4149,privateshared,tagextractor_langchain_clp_chat,things-places,episode_00016,Kappa,0.0
4150,privateshared,tagextractor_langchain_clp_chat,things-places,episode_00016,Truncated Kappa,0
4151,privateshared,tagextractor_langchain_clp_chat,things-places,episode_00016,Slot-Filling-Accuracy,
4152,privateshared,tagextractor_langchain_clp_chat,things-places,episode_00016,Main Score,
4153,privateshared,tagextractor_langchain_clp_chat,things-places,episode_00016,Aborted,0
4154,privateshared,tagextractor_langchain_clp_chat,things-places,episode_00016,Lose,1
4155,privateshared,tagextractor_langchain_clp_chat,things-places,episode_00016,Success,0
4156,privateshared,tagextractor_langchain_clp_chat,things-places,episode_00016,Request Count,25
4157,privateshared,tagextractor_langchain_clp_chat,things-places,episode_00016,Parsed Request Count,15
4158,privateshared,tagextractor_langchain_clp_chat,things-places,episode_00016,Violated Request Count,25
4159,privateshared,tagextractor_langchain_clp_chat,things-places,episode_00016,Request Success Ratio,0.6
4160,privateshared,tagextractor_langchain_clp_chat,things-places,episode_00017,Accuracy,0.6
4161,privateshared,tagextractor_langchain_clp_chat,things-places,episode_00017,Kappa,0.0
4162,privateshared,tagextractor_langchain_clp_chat,things-places,episode_00017,Truncated Kappa,0
4163,privateshared,tagextractor_langchain_clp_chat,things-places,episode_00017,Slot-Filling-Accuracy,
4164,privateshared,tagextractor_langchain_clp_chat,things-places,episode_00017,Main Score,
4165,privateshared,tagextractor_langchain_clp_chat,things-places,episode_00017,Aborted,0
4166,privateshared,tagextractor_langchain_clp_chat,things-places,episode_00017,Lose,1
4167,privateshared,tagextractor_langchain_clp_chat,things-places,episode_00017,Success,0
4168,privateshared,tagextractor_langchain_clp_chat,things-places,episode_00017,Request Count,21
4169,privateshared,tagextractor_langchain_clp_chat,things-places,episode_00017,Parsed Request Count,15
4170,privateshared,tagextractor_langchain_clp_chat,things-places,episode_00017,Violated Request Count,21
4171,privateshared,tagextractor_langchain_clp_chat,things-places,episode_00017,Request Success Ratio,0.7142857142857143
4172,privateshared,tagextractor_langchain_clp_chat,things-places,episode_00018,Accuracy,0.6
4173,privateshared,tagextractor_langchain_clp_chat,things-places,episode_00018,Kappa,0.0
4174,privateshared,tagextractor_langchain_clp_chat,things-places,episode_00018,Truncated Kappa,0
4175,privateshared,tagextractor_langchain_clp_chat,things-places,episode_00018,Slot-Filling-Accuracy,
4176,privateshared,tagextractor_langchain_clp_chat,things-places,episode_00018,Main Score,
4177,privateshared,tagextractor_langchain_clp_chat,things-places,episode_00018,Aborted,0
4178,privateshared,tagextractor_langchain_clp_chat,things-places,episode_00018,Lose,1
4179,privateshared,tagextractor_langchain_clp_chat,things-places,episode_00018,Success,0
4180,privateshared,tagextractor_langchain_clp_chat,things-places,episode_00018,Request Count,18
4181,privateshared,tagextractor_langchain_clp_chat,things-places,episode_00018,Parsed Request Count,15
4182,privateshared,tagextractor_langchain_clp_chat,things-places,episode_00018,Violated Request Count,18
4183,privateshared,tagextractor_langchain_clp_chat,things-places,episode_00018,Request Success Ratio,0.8333333333333334
4184,privateshared,tagextractor_langchain_clp_chat,things-places,episode_00019,Accuracy,0.6
4185,privateshared,tagextractor_langchain_clp_chat,things-places,episode_00019,Kappa,0.0
4186,privateshared,tagextractor_langchain_clp_chat,things-places,episode_00019,Truncated Kappa,0
4187,privateshared,tagextractor_langchain_clp_chat,things-places,episode_00019,Slot-Filling-Accuracy,
4188,privateshared,tagextractor_langchain_clp_chat,things-places,episode_00019,Main Score,
4189,privateshared,tagextractor_langchain_clp_chat,things-places,episode_00019,Aborted,0
4190,privateshared,tagextractor_langchain_clp_chat,things-places,episode_00019,Lose,1
4191,privateshared,tagextractor_langchain_clp_chat,things-places,episode_00019,Success,0
4192,privateshared,tagextractor_langchain_clp_chat,things-places,episode_00019,Request Count,21
4193,privateshared,tagextractor_langchain_clp_chat,things-places,episode_00019,Parsed Request Count,15
4194,privateshared,tagextractor_langchain_clp_chat,things-places,episode_00019,Violated Request Count,21
4195,privateshared,tagextractor_langchain_clp_chat,things-places,episode_00019,Request Success Ratio,0.7142857142857143
4196,privateshared,tagextractor_langchain_clp_chat,things-places,episode_00020,Accuracy,0.6
4197,privateshared,tagextractor_langchain_clp_chat,things-places,episode_00020,Kappa,0.0
4198,privateshared,tagextractor_langchain_clp_chat,things-places,episode_00020,Truncated Kappa,0
4199,privateshared,tagextractor_langchain_clp_chat,things-places,episode_00020,Slot-Filling-Accuracy,
4200,privateshared,tagextractor_langchain_clp_chat,things-places,episode_00020,Main Score,
4201,privateshared,tagextractor_langchain_clp_chat,things-places,episode_00020,Aborted,0
4202,privateshared,tagextractor_langchain_clp_chat,things-places,episode_00020,Lose,1
4203,privateshared,tagextractor_langchain_clp_chat,things-places,episode_00020,Success,0
4204,privateshared,tagextractor_langchain_clp_chat,things-places,episode_00020,Request Count,21
4205,privateshared,tagextractor_langchain_clp_chat,things-places,episode_00020,Parsed Request Count,15
4206,privateshared,tagextractor_langchain_clp_chat,things-places,episode_00020,Violated Request Count,21
4207,privateshared,tagextractor_langchain_clp_chat,things-places,episode_00020,Request Success Ratio,0.7142857142857143
4208,privateshared,tagextractor_langchain_clp_chat,travel-booking,episode_00001,Accuracy,0.8
4209,privateshared,tagextractor_langchain_clp_chat,travel-booking,episode_00001,Kappa,0.0
4210,privateshared,tagextractor_langchain_clp_chat,travel-booking,episode_00001,Truncated Kappa,0
4211,privateshared,tagextractor_langchain_clp_chat,travel-booking,episode_00001,Slot-Filling-Accuracy,
4212,privateshared,tagextractor_langchain_clp_chat,travel-booking,episode_00001,Main Score,
4213,privateshared,tagextractor_langchain_clp_chat,travel-booking,episode_00001,Aborted,0
4214,privateshared,tagextractor_langchain_clp_chat,travel-booking,episode_00001,Lose,1
4215,privateshared,tagextractor_langchain_clp_chat,travel-booking,episode_00001,Success,0
4216,privateshared,tagextractor_langchain_clp_chat,travel-booking,episode_00001,Request Count,8
4217,privateshared,tagextractor_langchain_clp_chat,travel-booking,episode_00001,Parsed Request Count,5
4218,privateshared,tagextractor_langchain_clp_chat,travel-booking,episode_00001,Violated Request Count,8
4219,privateshared,tagextractor_langchain_clp_chat,travel-booking,episode_00001,Request Success Ratio,0.625
4220,privateshared,tagextractor_langchain_clp_chat,travel-booking,episode_00002,Accuracy,0.4
4221,privateshared,tagextractor_langchain_clp_chat,travel-booking,episode_00002,Kappa,0.0
4222,privateshared,tagextractor_langchain_clp_chat,travel-booking,episode_00002,Truncated Kappa,0
4223,privateshared,tagextractor_langchain_clp_chat,travel-booking,episode_00002,Slot-Filling-Accuracy,
4224,privateshared,tagextractor_langchain_clp_chat,travel-booking,episode_00002,Main Score,
4225,privateshared,tagextractor_langchain_clp_chat,travel-booking,episode_00002,Aborted,0
4226,privateshared,tagextractor_langchain_clp_chat,travel-booking,episode_00002,Lose,1
4227,privateshared,tagextractor_langchain_clp_chat,travel-booking,episode_00002,Success,0
4228,privateshared,tagextractor_langchain_clp_chat,travel-booking,episode_00002,Request Count,5
4229,privateshared,tagextractor_langchain_clp_chat,travel-booking,episode_00002,Parsed Request Count,5
4230,privateshared,tagextractor_langchain_clp_chat,travel-booking,episode_00002,Violated Request Count,5
4231,privateshared,tagextractor_langchain_clp_chat,travel-booking,episode_00002,Request Success Ratio,1.0
4232,privateshared,tagextractor_langchain_clp_chat,travel-booking,episode_00003,Accuracy,
4233,privateshared,tagextractor_langchain_clp_chat,travel-booking,episode_00003,Kappa,
4234,privateshared,tagextractor_langchain_clp_chat,travel-booking,episode_00003,Truncated Kappa,
4235,privateshared,tagextractor_langchain_clp_chat,travel-booking,episode_00003,Slot-Filling-Accuracy,
4236,privateshared,tagextractor_langchain_clp_chat,travel-booking,episode_00003,Main Score,
4237,privateshared,tagextractor_langchain_clp_chat,travel-booking,episode_00003,Aborted,1
4238,privateshared,tagextractor_langchain_clp_chat,travel-booking,episode_00003,Lose,0
4239,privateshared,tagextractor_langchain_clp_chat,travel-booking,episode_00003,Success,0
4240,privateshared,tagextractor_langchain_clp_chat,travel-booking,episode_00003,Request Count,11
4241,privateshared,tagextractor_langchain_clp_chat,travel-booking,episode_00003,Parsed Request Count,4
4242,privateshared,tagextractor_langchain_clp_chat,travel-booking,episode_00003,Violated Request Count,7
4243,privateshared,tagextractor_langchain_clp_chat,travel-booking,episode_00003,Request Success Ratio,0.36363636363636365
4244,privateshared,tagextractor_langchain_clp_chat,travel-booking,episode_00004,Accuracy,0.4
4245,privateshared,tagextractor_langchain_clp_chat,travel-booking,episode_00004,Kappa,0.0
4246,privateshared,tagextractor_langchain_clp_chat,travel-booking,episode_00004,Truncated Kappa,0
4247,privateshared,tagextractor_langchain_clp_chat,travel-booking,episode_00004,Slot-Filling-Accuracy,
4248,privateshared,tagextractor_langchain_clp_chat,travel-booking,episode_00004,Main Score,
4249,privateshared,tagextractor_langchain_clp_chat,travel-booking,episode_00004,Aborted,0
4250,privateshared,tagextractor_langchain_clp_chat,travel-booking,episode_00004,Lose,1
4251,privateshared,tagextractor_langchain_clp_chat,travel-booking,episode_00004,Success,0
4252,privateshared,tagextractor_langchain_clp_chat,travel-booking,episode_00004,Request Count,5
4253,privateshared,tagextractor_langchain_clp_chat,travel-booking,episode_00004,Parsed Request Count,5
4254,privateshared,tagextractor_langchain_clp_chat,travel-booking,episode_00004,Violated Request Count,5
4255,privateshared,tagextractor_langchain_clp_chat,travel-booking,episode_00004,Request Success Ratio,1.0
4256,privateshared,tagextractor_langchain_clp_chat,travel-booking,episode_00005,Accuracy,0.8
4257,privateshared,tagextractor_langchain_clp_chat,travel-booking,episode_00005,Kappa,0.0
4258,privateshared,tagextractor_langchain_clp_chat,travel-booking,episode_00005,Truncated Kappa,0
4259,privateshared,tagextractor_langchain_clp_chat,travel-booking,episode_00005,Slot-Filling-Accuracy,
4260,privateshared,tagextractor_langchain_clp_chat,travel-booking,episode_00005,Main Score,
4261,privateshared,tagextractor_langchain_clp_chat,travel-booking,episode_00005,Aborted,0
4262,privateshared,tagextractor_langchain_clp_chat,travel-booking,episode_00005,Lose,1
4263,privateshared,tagextractor_langchain_clp_chat,travel-booking,episode_00005,Success,0
4264,privateshared,tagextractor_langchain_clp_chat,travel-booking,episode_00005,Request Count,7
4265,privateshared,tagextractor_langchain_clp_chat,travel-booking,episode_00005,Parsed Request Count,5
4266,privateshared,tagextractor_langchain_clp_chat,travel-booking,episode_00005,Violated Request Count,7
4267,privateshared,tagextractor_langchain_clp_chat,travel-booking,episode_00005,Request Success Ratio,0.7142857142857143
4268,referencegame,tagextractor_langchain_clp_chat,letter_grids,episode_00001,Generated Expression Length,175
4269,referencegame,tagextractor_langchain_clp_chat,letter_grids,episode_00001,Generated Expression Number of Tokens,33
4270,referencegame,tagextractor_langchain_clp_chat,letter_grids,episode_00001,Aborted at Player 1,0
4271,referencegame,tagextractor_langchain_clp_chat,letter_grids,episode_00001,Aborted at Player 2,0
4272,referencegame,tagextractor_langchain_clp_chat,letter_grids,episode_00001,Request Count,2
4273,referencegame,tagextractor_langchain_clp_chat,letter_grids,episode_00001,Parsed Request Count,2
4274,referencegame,tagextractor_langchain_clp_chat,letter_grids,episode_00001,Violated Request Count,0
4275,referencegame,tagextractor_langchain_clp_chat,letter_grids,episode_00001,Aborted,0
4276,referencegame,tagextractor_langchain_clp_chat,letter_grids,episode_00001,Success,0
4277,referencegame,tagextractor_langchain_clp_chat,letter_grids,episode_00001,Lose,1
4278,referencegame,tagextractor_langchain_clp_chat,letter_grids,episode_00001,Main Score,0
4279,referencegame,tagextractor_langchain_clp_chat,letter_grids,episode_00001,Request Success Ratio,1.0
4280,referencegame,tagextractor_langchain_clp_chat,letter_grids,episode_00002,Generated Expression Length,145
4281,referencegame,tagextractor_langchain_clp_chat,letter_grids,episode_00002,Generated Expression Number of Tokens,26
4282,referencegame,tagextractor_langchain_clp_chat,letter_grids,episode_00002,Aborted at Player 1,0
4283,referencegame,tagextractor_langchain_clp_chat,letter_grids,episode_00002,Aborted at Player 2,0
4284,referencegame,tagextractor_langchain_clp_chat,letter_grids,episode_00002,Request Count,2
4285,referencegame,tagextractor_langchain_clp_chat,letter_grids,episode_00002,Parsed Request Count,2
4286,referencegame,tagextractor_langchain_clp_chat,letter_grids,episode_00002,Violated Request Count,0
4287,referencegame,tagextractor_langchain_clp_chat,letter_grids,episode_00002,Aborted,0
4288,referencegame,tagextractor_langchain_clp_chat,letter_grids,episode_00002,Success,1
4289,referencegame,tagextractor_langchain_clp_chat,letter_grids,episode_00002,Lose,0
4290,referencegame,tagextractor_langchain_clp_chat,letter_grids,episode_00002,Main Score,100
4291,referencegame,tagextractor_langchain_clp_chat,letter_grids,episode_00002,Request Success Ratio,1.0
4292,referencegame,tagextractor_langchain_clp_chat,letter_grids,episode_00003,Generated Expression Length,168
4293,referencegame,tagextractor_langchain_clp_chat,letter_grids,episode_00003,Generated Expression Number of Tokens,32
4294,referencegame,tagextractor_langchain_clp_chat,letter_grids,episode_00003,Aborted at Player 1,0
4295,referencegame,tagextractor_langchain_clp_chat,letter_grids,episode_00003,Aborted at Player 2,0
4296,referencegame,tagextractor_langchain_clp_chat,letter_grids,episode_00003,Request Count,2
4297,referencegame,tagextractor_langchain_clp_chat,letter_grids,episode_00003,Parsed Request Count,2
4298,referencegame,tagextractor_langchain_clp_chat,letter_grids,episode_00003,Violated Request Count,0
4299,referencegame,tagextractor_langchain_clp_chat,letter_grids,episode_00003,Aborted,0
4300,referencegame,tagextractor_langchain_clp_chat,letter_grids,episode_00003,Success,0
4301,referencegame,tagextractor_langchain_clp_chat,letter_grids,episode_00003,Lose,1
4302,referencegame,tagextractor_langchain_clp_chat,letter_grids,episode_00003,Main Score,0
4303,referencegame,tagextractor_langchain_clp_chat,letter_grids,episode_00003,Request Success Ratio,1.0
4304,referencegame,tagextractor_langchain_clp_chat,letter_grids,episode_00004,Generated Expression Length,167
4305,referencegame,tagextractor_langchain_clp_chat,letter_grids,episode_00004,Generated Expression Number of Tokens,32
4306,referencegame,tagextractor_langchain_clp_chat,letter_grids,episode_00004,Aborted at Player 1,0
4307,referencegame,tagextractor_langchain_clp_chat,letter_grids,episode_00004,Aborted at Player 2,0
4308,referencegame,tagextractor_langchain_clp_chat,letter_grids,episode_00004,Request Count,2
4309,referencegame,tagextractor_langchain_clp_chat,letter_grids,episode_00004,Parsed Request Count,2
4310,referencegame,tagextractor_langchain_clp_chat,letter_grids,episode_00004,Violated Request Count,0
4311,referencegame,tagextractor_langchain_clp_chat,letter_grids,episode_00004,Aborted,0
4312,referencegame,tagextractor_langchain_clp_chat,letter_grids,episode_00004,Success,0
4313,referencegame,tagextractor_langchain_clp_chat,letter_grids,episode_00004,Lose,1
4314,referencegame,tagextractor_langchain_clp_chat,letter_grids,episode_00004,Main Score,0
4315,referencegame,tagextractor_langchain_clp_chat,letter_grids,episode_00004,Request Success Ratio,1.0
4316,referencegame,tagextractor_langchain_clp_chat,letter_grids,episode_00005,Generated Expression Length,153
4317,referencegame,tagextractor_langchain_clp_chat,letter_grids,episode_00005,Generated Expression Number of Tokens,30
4318,referencegame,tagextractor_langchain_clp_chat,letter_grids,episode_00005,Aborted at Player 1,0
4319,referencegame,tagextractor_langchain_clp_chat,letter_grids,episode_00005,Aborted at Player 2,0
4320,referencegame,tagextractor_langchain_clp_chat,letter_grids,episode_00005,Request Count,2
4321,referencegame,tagextractor_langchain_clp_chat,letter_grids,episode_00005,Parsed Request Count,2
4322,referencegame,tagextractor_langchain_clp_chat,letter_grids,episode_00005,Violated Request Count,0
4323,referencegame,tagextractor_langchain_clp_chat,letter_grids,episode_00005,Aborted,0
4324,referencegame,tagextractor_langchain_clp_chat,letter_grids,episode_00005,Success,1
4325,referencegame,tagextractor_langchain_clp_chat,letter_grids,episode_00005,Lose,0
4326,referencegame,tagextractor_langchain_clp_chat,letter_grids,episode_00005,Main Score,100
4327,referencegame,tagextractor_langchain_clp_chat,letter_grids,episode_00005,Request Success Ratio,1.0
4328,referencegame,tagextractor_langchain_clp_chat,line_grids_columns,episode_00016,Generated Expression Length,174
4329,referencegame,tagextractor_langchain_clp_chat,line_grids_columns,episode_00016,Generated Expression Number of Tokens,33
4330,referencegame,tagextractor_langchain_clp_chat,line_grids_columns,episode_00016,Aborted at Player 1,0
4331,referencegame,tagextractor_langchain_clp_chat,line_grids_columns,episode_00016,Aborted at Player 2,0
4332,referencegame,tagextractor_langchain_clp_chat,line_grids_columns,episode_00016,Request Count,2
4333,referencegame,tagextractor_langchain_clp_chat,line_grids_columns,episode_00016,Parsed Request Count,2
4334,referencegame,tagextractor_langchain_clp_chat,line_grids_columns,episode_00016,Violated Request Count,0
4335,referencegame,tagextractor_langchain_clp_chat,line_grids_columns,episode_00016,Aborted,0
4336,referencegame,tagextractor_langchain_clp_chat,line_grids_columns,episode_00016,Success,1
4337,referencegame,tagextractor_langchain_clp_chat,line_grids_columns,episode_00016,Lose,0
4338,referencegame,tagextractor_langchain_clp_chat,line_grids_columns,episode_00016,Main Score,100
4339,referencegame,tagextractor_langchain_clp_chat,line_grids_columns,episode_00016,Request Success Ratio,1.0
4340,referencegame,tagextractor_langchain_clp_chat,line_grids_columns,episode_00017,Generated Expression Length,87
4341,referencegame,tagextractor_langchain_clp_chat,line_grids_columns,episode_00017,Generated Expression Number of Tokens,15
4342,referencegame,tagextractor_langchain_clp_chat,line_grids_columns,episode_00017,Aborted at Player 1,0
4343,referencegame,tagextractor_langchain_clp_chat,line_grids_columns,episode_00017,Aborted at Player 2,0
4344,referencegame,tagextractor_langchain_clp_chat,line_grids_columns,episode_00017,Request Count,2
4345,referencegame,tagextractor_langchain_clp_chat,line_grids_columns,episode_00017,Parsed Request Count,2
4346,referencegame,tagextractor_langchain_clp_chat,line_grids_columns,episode_00017,Violated Request Count,0
4347,referencegame,tagextractor_langchain_clp_chat,line_grids_columns,episode_00017,Aborted,0
4348,referencegame,tagextractor_langchain_clp_chat,line_grids_columns,episode_00017,Success,1
4349,referencegame,tagextractor_langchain_clp_chat,line_grids_columns,episode_00017,Lose,0
4350,referencegame,tagextractor_langchain_clp_chat,line_grids_columns,episode_00017,Main Score,100
4351,referencegame,tagextractor_langchain_clp_chat,line_grids_columns,episode_00017,Request Success Ratio,1.0
4352,referencegame,tagextractor_langchain_clp_chat,line_grids_columns,episode_00018,Generated Expression Length,202
4353,referencegame,tagextractor_langchain_clp_chat,line_grids_columns,episode_00018,Generated Expression Number of Tokens,36
4354,referencegame,tagextractor_langchain_clp_chat,line_grids_columns,episode_00018,Aborted at Player 1,0
4355,referencegame,tagextractor_langchain_clp_chat,line_grids_columns,episode_00018,Aborted at Player 2,0
4356,referencegame,tagextractor_langchain_clp_chat,line_grids_columns,episode_00018,Request Count,2
4357,referencegame,tagextractor_langchain_clp_chat,line_grids_columns,episode_00018,Parsed Request Count,2
4358,referencegame,tagextractor_langchain_clp_chat,line_grids_columns,episode_00018,Violated Request Count,0
4359,referencegame,tagextractor_langchain_clp_chat,line_grids_columns,episode_00018,Aborted,0
4360,referencegame,tagextractor_langchain_clp_chat,line_grids_columns,episode_00018,Success,1
4361,referencegame,tagextractor_langchain_clp_chat,line_grids_columns,episode_00018,Lose,0
4362,referencegame,tagextractor_langchain_clp_chat,line_grids_columns,episode_00018,Main Score,100
4363,referencegame,tagextractor_langchain_clp_chat,line_grids_columns,episode_00018,Request Success Ratio,1.0
4364,referencegame,tagextractor_langchain_clp_chat,line_grids_columns,episode_00019,Generated Expression Length,125
4365,referencegame,tagextractor_langchain_clp_chat,line_grids_columns,episode_00019,Generated Expression Number of Tokens,24
4366,referencegame,tagextractor_langchain_clp_chat,line_grids_columns,episode_00019,Aborted at Player 1,0
4367,referencegame,tagextractor_langchain_clp_chat,line_grids_columns,episode_00019,Aborted at Player 2,0
4368,referencegame,tagextractor_langchain_clp_chat,line_grids_columns,episode_00019,Request Count,2
4369,referencegame,tagextractor_langchain_clp_chat,line_grids_columns,episode_00019,Parsed Request Count,2
4370,referencegame,tagextractor_langchain_clp_chat,line_grids_columns,episode_00019,Violated Request Count,0
4371,referencegame,tagextractor_langchain_clp_chat,line_grids_columns,episode_00019,Aborted,0
4372,referencegame,tagextractor_langchain_clp_chat,line_grids_columns,episode_00019,Success,1
4373,referencegame,tagextractor_langchain_clp_chat,line_grids_columns,episode_00019,Lose,0
4374,referencegame,tagextractor_langchain_clp_chat,line_grids_columns,episode_00019,Main Score,100
4375,referencegame,tagextractor_langchain_clp_chat,line_grids_columns,episode_00019,Request Success Ratio,1.0
4376,referencegame,tagextractor_langchain_clp_chat,line_grids_columns,episode_00020,Generated Expression Length,125
4377,referencegame,tagextractor_langchain_clp_chat,line_grids_columns,episode_00020,Generated Expression Number of Tokens,24
4378,referencegame,tagextractor_langchain_clp_chat,line_grids_columns,episode_00020,Aborted at Player 1,0
4379,referencegame,tagextractor_langchain_clp_chat,line_grids_columns,episode_00020,Aborted at Player 2,0
4380,referencegame,tagextractor_langchain_clp_chat,line_grids_columns,episode_00020,Request Count,2
4381,referencegame,tagextractor_langchain_clp_chat,line_grids_columns,episode_00020,Parsed Request Count,2
4382,referencegame,tagextractor_langchain_clp_chat,line_grids_columns,episode_00020,Violated Request Count,0
4383,referencegame,tagextractor_langchain_clp_chat,line_grids_columns,episode_00020,Aborted,0
4384,referencegame,tagextractor_langchain_clp_chat,line_grids_columns,episode_00020,Success,1
4385,referencegame,tagextractor_langchain_clp_chat,line_grids_columns,episode_00020,Lose,0
4386,referencegame,tagextractor_langchain_clp_chat,line_grids_columns,episode_00020,Main Score,100
4387,referencegame,tagextractor_langchain_clp_chat,line_grids_columns,episode_00020,Request Success Ratio,1.0
4388,referencegame,tagextractor_langchain_clp_chat,line_grids_rows,episode_00011,Generated Expression Length,101
4389,referencegame,tagextractor_langchain_clp_chat,line_grids_rows,episode_00011,Generated Expression Number of Tokens,20
4390,referencegame,tagextractor_langchain_clp_chat,line_grids_rows,episode_00011,Aborted at Player 1,0
4391,referencegame,tagextractor_langchain_clp_chat,line_grids_rows,episode_00011,Aborted at Player 2,0
4392,referencegame,tagextractor_langchain_clp_chat,line_grids_rows,episode_00011,Request Count,2
4393,referencegame,tagextractor_langchain_clp_chat,line_grids_rows,episode_00011,Parsed Request Count,2
4394,referencegame,tagextractor_langchain_clp_chat,line_grids_rows,episode_00011,Violated Request Count,0
4395,referencegame,tagextractor_langchain_clp_chat,line_grids_rows,episode_00011,Aborted,0
4396,referencegame,tagextractor_langchain_clp_chat,line_grids_rows,episode_00011,Success,1
4397,referencegame,tagextractor_langchain_clp_chat,line_grids_rows,episode_00011,Lose,0
4398,referencegame,tagextractor_langchain_clp_chat,line_grids_rows,episode_00011,Main Score,100
4399,referencegame,tagextractor_langchain_clp_chat,line_grids_rows,episode_00011,Request Success Ratio,1.0
4400,referencegame,tagextractor_langchain_clp_chat,line_grids_rows,episode_00012,Generated Expression Length,101
4401,referencegame,tagextractor_langchain_clp_chat,line_grids_rows,episode_00012,Generated Expression Number of Tokens,20
4402,referencegame,tagextractor_langchain_clp_chat,line_grids_rows,episode_00012,Aborted at Player 1,0
4403,referencegame,tagextractor_langchain_clp_chat,line_grids_rows,episode_00012,Aborted at Player 2,0
4404,referencegame,tagextractor_langchain_clp_chat,line_grids_rows,episode_00012,Request Count,2
4405,referencegame,tagextractor_langchain_clp_chat,line_grids_rows,episode_00012,Parsed Request Count,2
4406,referencegame,tagextractor_langchain_clp_chat,line_grids_rows,episode_00012,Violated Request Count,0
4407,referencegame,tagextractor_langchain_clp_chat,line_grids_rows,episode_00012,Aborted,0
4408,referencegame,tagextractor_langchain_clp_chat,line_grids_rows,episode_00012,Success,1
4409,referencegame,tagextractor_langchain_clp_chat,line_grids_rows,episode_00012,Lose,0
4410,referencegame,tagextractor_langchain_clp_chat,line_grids_rows,episode_00012,Main Score,100
4411,referencegame,tagextractor_langchain_clp_chat,line_grids_rows,episode_00012,Request Success Ratio,1.0
4412,referencegame,tagextractor_langchain_clp_chat,line_grids_rows,episode_00013,Generated Expression Length,101
4413,referencegame,tagextractor_langchain_clp_chat,line_grids_rows,episode_00013,Generated Expression Number of Tokens,20
4414,referencegame,tagextractor_langchain_clp_chat,line_grids_rows,episode_00013,Aborted at Player 1,0
4415,referencegame,tagextractor_langchain_clp_chat,line_grids_rows,episode_00013,Aborted at Player 2,0
4416,referencegame,tagextractor_langchain_clp_chat,line_grids_rows,episode_00013,Request Count,2
4417,referencegame,tagextractor_langchain_clp_chat,line_grids_rows,episode_00013,Parsed Request Count,2
4418,referencegame,tagextractor_langchain_clp_chat,line_grids_rows,episode_00013,Violated Request Count,0
4419,referencegame,tagextractor_langchain_clp_chat,line_grids_rows,episode_00013,Aborted,0
4420,referencegame,tagextractor_langchain_clp_chat,line_grids_rows,episode_00013,Success,1
4421,referencegame,tagextractor_langchain_clp_chat,line_grids_rows,episode_00013,Lose,0
4422,referencegame,tagextractor_langchain_clp_chat,line_grids_rows,episode_00013,Main Score,100
4423,referencegame,tagextractor_langchain_clp_chat,line_grids_rows,episode_00013,Request Success Ratio,1.0
4424,referencegame,tagextractor_langchain_clp_chat,line_grids_rows,episode_00014,Generated Expression Length,174
4425,referencegame,tagextractor_langchain_clp_chat,line_grids_rows,episode_00014,Generated Expression Number of Tokens,33
4426,referencegame,tagextractor_langchain_clp_chat,line_grids_rows,episode_00014,Aborted at Player 1,0
4427,referencegame,tagextractor_langchain_clp_chat,line_grids_rows,episode_00014,Aborted at Player 2,0
4428,referencegame,tagextractor_langchain_clp_chat,line_grids_rows,episode_00014,Request Count,2
4429,referencegame,tagextractor_langchain_clp_chat,line_grids_rows,episode_00014,Parsed Request Count,2
4430,referencegame,tagextractor_langchain_clp_chat,line_grids_rows,episode_00014,Violated Request Count,0
4431,referencegame,tagextractor_langchain_clp_chat,line_grids_rows,episode_00014,Aborted,0
4432,referencegame,tagextractor_langchain_clp_chat,line_grids_rows,episode_00014,Success,1
4433,referencegame,tagextractor_langchain_clp_chat,line_grids_rows,episode_00014,Lose,0
4434,referencegame,tagextractor_langchain_clp_chat,line_grids_rows,episode_00014,Main Score,100
4435,referencegame,tagextractor_langchain_clp_chat,line_grids_rows,episode_00014,Request Success Ratio,1.0
4436,referencegame,tagextractor_langchain_clp_chat,line_grids_rows,episode_00015,Generated Expression Length,147
4437,referencegame,tagextractor_langchain_clp_chat,line_grids_rows,episode_00015,Generated Expression Number of Tokens,29
4438,referencegame,tagextractor_langchain_clp_chat,line_grids_rows,episode_00015,Aborted at Player 1,0
4439,referencegame,tagextractor_langchain_clp_chat,line_grids_rows,episode_00015,Aborted at Player 2,0
4440,referencegame,tagextractor_langchain_clp_chat,line_grids_rows,episode_00015,Request Count,2
4441,referencegame,tagextractor_langchain_clp_chat,line_grids_rows,episode_00015,Parsed Request Count,2
4442,referencegame,tagextractor_langchain_clp_chat,line_grids_rows,episode_00015,Violated Request Count,0
4443,referencegame,tagextractor_langchain_clp_chat,line_grids_rows,episode_00015,Aborted,0
4444,referencegame,tagextractor_langchain_clp_chat,line_grids_rows,episode_00015,Success,1
4445,referencegame,tagextractor_langchain_clp_chat,line_grids_rows,episode_00015,Lose,0
4446,referencegame,tagextractor_langchain_clp_chat,line_grids_rows,episode_00015,Main Score,100
4447,referencegame,tagextractor_langchain_clp_chat,line_grids_rows,episode_00015,Request Success Ratio,1.0
4448,referencegame,tagextractor_langchain_clp_chat,number_grids,episode_00006,Generated Expression Length,189
4449,referencegame,tagextractor_langchain_clp_chat,number_grids,episode_00006,Generated Expression Number of Tokens,36
4450,referencegame,tagextractor_langchain_clp_chat,number_grids,episode_00006,Aborted at Player 1,0
4451,referencegame,tagextractor_langchain_clp_chat,number_grids,episode_00006,Aborted at Player 2,0
4452,referencegame,tagextractor_langchain_clp_chat,number_grids,episode_00006,Request Count,2
4453,referencegame,tagextractor_langchain_clp_chat,number_grids,episode_00006,Parsed Request Count,2
4454,referencegame,tagextractor_langchain_clp_chat,number_grids,episode_00006,Violated Request Count,0
4455,referencegame,tagextractor_langchain_clp_chat,number_grids,episode_00006,Aborted,0
4456,referencegame,tagextractor_langchain_clp_chat,number_grids,episode_00006,Success,1
4457,referencegame,tagextractor_langchain_clp_chat,number_grids,episode_00006,Lose,0
4458,referencegame,tagextractor_langchain_clp_chat,number_grids,episode_00006,Main Score,100
4459,referencegame,tagextractor_langchain_clp_chat,number_grids,episode_00006,Request Success Ratio,1.0
4460,referencegame,tagextractor_langchain_clp_chat,number_grids,episode_00007,Generated Expression Length,231
4461,referencegame,tagextractor_langchain_clp_chat,number_grids,episode_00007,Generated Expression Number of Tokens,42
4462,referencegame,tagextractor_langchain_clp_chat,number_grids,episode_00007,Aborted at Player 1,0
4463,referencegame,tagextractor_langchain_clp_chat,number_grids,episode_00007,Aborted at Player 2,0
4464,referencegame,tagextractor_langchain_clp_chat,number_grids,episode_00007,Request Count,2
4465,referencegame,tagextractor_langchain_clp_chat,number_grids,episode_00007,Parsed Request Count,2
4466,referencegame,tagextractor_langchain_clp_chat,number_grids,episode_00007,Violated Request Count,0
4467,referencegame,tagextractor_langchain_clp_chat,number_grids,episode_00007,Aborted,0
4468,referencegame,tagextractor_langchain_clp_chat,number_grids,episode_00007,Success,0
4469,referencegame,tagextractor_langchain_clp_chat,number_grids,episode_00007,Lose,1
4470,referencegame,tagextractor_langchain_clp_chat,number_grids,episode_00007,Main Score,0
4471,referencegame,tagextractor_langchain_clp_chat,number_grids,episode_00007,Request Success Ratio,1.0
4472,referencegame,tagextractor_langchain_clp_chat,number_grids,episode_00008,Generated Expression Length,247
4473,referencegame,tagextractor_langchain_clp_chat,number_grids,episode_00008,Generated Expression Number of Tokens,50
4474,referencegame,tagextractor_langchain_clp_chat,number_grids,episode_00008,Aborted at Player 1,0
4475,referencegame,tagextractor_langchain_clp_chat,number_grids,episode_00008,Aborted at Player 2,0
4476,referencegame,tagextractor_langchain_clp_chat,number_grids,episode_00008,Request Count,2
4477,referencegame,tagextractor_langchain_clp_chat,number_grids,episode_00008,Parsed Request Count,2
4478,referencegame,tagextractor_langchain_clp_chat,number_grids,episode_00008,Violated Request Count,0
4479,referencegame,tagextractor_langchain_clp_chat,number_grids,episode_00008,Aborted,0
4480,referencegame,tagextractor_langchain_clp_chat,number_grids,episode_00008,Success,1
4481,referencegame,tagextractor_langchain_clp_chat,number_grids,episode_00008,Lose,0
4482,referencegame,tagextractor_langchain_clp_chat,number_grids,episode_00008,Main Score,100
4483,referencegame,tagextractor_langchain_clp_chat,number_grids,episode_00008,Request Success Ratio,1.0
4484,referencegame,tagextractor_langchain_clp_chat,number_grids,episode_00009,Generated Expression Length,347
4485,referencegame,tagextractor_langchain_clp_chat,number_grids,episode_00009,Generated Expression Number of Tokens,67
4486,referencegame,tagextractor_langchain_clp_chat,number_grids,episode_00009,Aborted at Player 1,0
4487,referencegame,tagextractor_langchain_clp_chat,number_grids,episode_00009,Aborted at Player 2,0
4488,referencegame,tagextractor_langchain_clp_chat,number_grids,episode_00009,Request Count,2
4489,referencegame,tagextractor_langchain_clp_chat,number_grids,episode_00009,Parsed Request Count,2
4490,referencegame,tagextractor_langchain_clp_chat,number_grids,episode_00009,Violated Request Count,0
4491,referencegame,tagextractor_langchain_clp_chat,number_grids,episode_00009,Aborted,0
4492,referencegame,tagextractor_langchain_clp_chat,number_grids,episode_00009,Success,0
4493,referencegame,tagextractor_langchain_clp_chat,number_grids,episode_00009,Lose,1
4494,referencegame,tagextractor_langchain_clp_chat,number_grids,episode_00009,Main Score,0
4495,referencegame,tagextractor_langchain_clp_chat,number_grids,episode_00009,Request Success Ratio,1.0
4496,referencegame,tagextractor_langchain_clp_chat,number_grids,episode_00010,Generated Expression Length,140
4497,referencegame,tagextractor_langchain_clp_chat,number_grids,episode_00010,Generated Expression Number of Tokens,30
4498,referencegame,tagextractor_langchain_clp_chat,number_grids,episode_00010,Aborted at Player 1,0
4499,referencegame,tagextractor_langchain_clp_chat,number_grids,episode_00010,Aborted at Player 2,0
4500,referencegame,tagextractor_langchain_clp_chat,number_grids,episode_00010,Request Count,2
4501,referencegame,tagextractor_langchain_clp_chat,number_grids,episode_00010,Parsed Request Count,2
4502,referencegame,tagextractor_langchain_clp_chat,number_grids,episode_00010,Violated Request Count,0
4503,referencegame,tagextractor_langchain_clp_chat,number_grids,episode_00010,Aborted,0
4504,referencegame,tagextractor_langchain_clp_chat,number_grids,episode_00010,Success,1
4505,referencegame,tagextractor_langchain_clp_chat,number_grids,episode_00010,Lose,0
4506,referencegame,tagextractor_langchain_clp_chat,number_grids,episode_00010,Main Score,100
4507,referencegame,tagextractor_langchain_clp_chat,number_grids,episode_00010,Request Success Ratio,1.0
4508,referencegame,tagextractor_langchain_clp_chat,random_grids,episode_00021,Generated Expression Length,207
4509,referencegame,tagextractor_langchain_clp_chat,random_grids,episode_00021,Generated Expression Number of Tokens,38
4510,referencegame,tagextractor_langchain_clp_chat,random_grids,episode_00021,Aborted at Player 1,0
4511,referencegame,tagextractor_langchain_clp_chat,random_grids,episode_00021,Aborted at Player 2,0
4512,referencegame,tagextractor_langchain_clp_chat,random_grids,episode_00021,Request Count,2
4513,referencegame,tagextractor_langchain_clp_chat,random_grids,episode_00021,Parsed Request Count,2
4514,referencegame,tagextractor_langchain_clp_chat,random_grids,episode_00021,Violated Request Count,0
4515,referencegame,tagextractor_langchain_clp_chat,random_grids,episode_00021,Aborted,0
4516,referencegame,tagextractor_langchain_clp_chat,random_grids,episode_00021,Success,1
4517,referencegame,tagextractor_langchain_clp_chat,random_grids,episode_00021,Lose,0
4518,referencegame,tagextractor_langchain_clp_chat,random_grids,episode_00021,Main Score,100
4519,referencegame,tagextractor_langchain_clp_chat,random_grids,episode_00021,Request Success Ratio,1.0
4520,referencegame,tagextractor_langchain_clp_chat,random_grids,episode_00022,Generated Expression Length,537
4521,referencegame,tagextractor_langchain_clp_chat,random_grids,episode_00022,Generated Expression Number of Tokens,96
4522,referencegame,tagextractor_langchain_clp_chat,random_grids,episode_00022,Aborted at Player 1,0
4523,referencegame,tagextractor_langchain_clp_chat,random_grids,episode_00022,Aborted at Player 2,0
4524,referencegame,tagextractor_langchain_clp_chat,random_grids,episode_00022,Request Count,2
4525,referencegame,tagextractor_langchain_clp_chat,random_grids,episode_00022,Parsed Request Count,2
4526,referencegame,tagextractor_langchain_clp_chat,random_grids,episode_00022,Violated Request Count,0
4527,referencegame,tagextractor_langchain_clp_chat,random_grids,episode_00022,Aborted,0
4528,referencegame,tagextractor_langchain_clp_chat,random_grids,episode_00022,Success,0
4529,referencegame,tagextractor_langchain_clp_chat,random_grids,episode_00022,Lose,1
4530,referencegame,tagextractor_langchain_clp_chat,random_grids,episode_00022,Main Score,0
4531,referencegame,tagextractor_langchain_clp_chat,random_grids,episode_00022,Request Success Ratio,1.0
4532,referencegame,tagextractor_langchain_clp_chat,random_grids,episode_00023,Generated Expression Length,200
4533,referencegame,tagextractor_langchain_clp_chat,random_grids,episode_00023,Generated Expression Number of Tokens,35
4534,referencegame,tagextractor_langchain_clp_chat,random_grids,episode_00023,Aborted at Player 1,0
4535,referencegame,tagextractor_langchain_clp_chat,random_grids,episode_00023,Aborted at Player 2,0
4536,referencegame,tagextractor_langchain_clp_chat,random_grids,episode_00023,Request Count,2
4537,referencegame,tagextractor_langchain_clp_chat,random_grids,episode_00023,Parsed Request Count,2
4538,referencegame,tagextractor_langchain_clp_chat,random_grids,episode_00023,Violated Request Count,0
4539,referencegame,tagextractor_langchain_clp_chat,random_grids,episode_00023,Aborted,0
4540,referencegame,tagextractor_langchain_clp_chat,random_grids,episode_00023,Success,0
4541,referencegame,tagextractor_langchain_clp_chat,random_grids,episode_00023,Lose,1
4542,referencegame,tagextractor_langchain_clp_chat,random_grids,episode_00023,Main Score,0
4543,referencegame,tagextractor_langchain_clp_chat,random_grids,episode_00023,Request Success Ratio,1.0
4544,referencegame,tagextractor_langchain_clp_chat,random_grids,episode_00024,Generated Expression Length,558
4545,referencegame,tagextractor_langchain_clp_chat,random_grids,episode_00024,Generated Expression Number of Tokens,119
4546,referencegame,tagextractor_langchain_clp_chat,random_grids,episode_00024,Aborted at Player 1,0
4547,referencegame,tagextractor_langchain_clp_chat,random_grids,episode_00024,Aborted at Player 2,1
4548,referencegame,tagextractor_langchain_clp_chat,random_grids,episode_00024,Request Count,2
4549,referencegame,tagextractor_langchain_clp_chat,random_grids,episode_00024,Parsed Request Count,1
4550,referencegame,tagextractor_langchain_clp_chat,random_grids,episode_00024,Violated Request Count,1
4551,referencegame,tagextractor_langchain_clp_chat,random_grids,episode_00024,Aborted,1
4552,referencegame,tagextractor_langchain_clp_chat,random_grids,episode_00024,Success,
4553,referencegame,tagextractor_langchain_clp_chat,random_grids,episode_00024,Lose,
4554,referencegame,tagextractor_langchain_clp_chat,random_grids,episode_00024,Main Score,
4555,referencegame,tagextractor_langchain_clp_chat,random_grids,episode_00024,Request Success Ratio,0.5
4556,referencegame,tagextractor_langchain_clp_chat,random_grids,episode_00025,Generated Expression Length,101
4557,referencegame,tagextractor_langchain_clp_chat,random_grids,episode_00025,Generated Expression Number of Tokens,21
4558,referencegame,tagextractor_langchain_clp_chat,random_grids,episode_00025,Aborted at Player 1,0
4559,referencegame,tagextractor_langchain_clp_chat,random_grids,episode_00025,Aborted at Player 2,0
4560,referencegame,tagextractor_langchain_clp_chat,random_grids,episode_00025,Request Count,2
4561,referencegame,tagextractor_langchain_clp_chat,random_grids,episode_00025,Parsed Request Count,2
4562,referencegame,tagextractor_langchain_clp_chat,random_grids,episode_00025,Violated Request Count,0
4563,referencegame,tagextractor_langchain_clp_chat,random_grids,episode_00025,Aborted,0
4564,referencegame,tagextractor_langchain_clp_chat,random_grids,episode_00025,Success,1
4565,referencegame,tagextractor_langchain_clp_chat,random_grids,episode_00025,Lose,0
4566,referencegame,tagextractor_langchain_clp_chat,random_grids,episode_00025,Main Score,100
4567,referencegame,tagextractor_langchain_clp_chat,random_grids,episode_00025,Request Success Ratio,1.0
4568,taboo,tagextractor_langchain_clp_chat,high_en,episode_00001,Violated Request Count,1
4569,taboo,tagextractor_langchain_clp_chat,high_en,episode_00001,Parsed Request Count,0
4570,taboo,tagextractor_langchain_clp_chat,high_en,episode_00001,Request Count,1
4571,taboo,tagextractor_langchain_clp_chat,high_en,episode_00001,Request Success Ratio,0.0
4572,taboo,tagextractor_langchain_clp_chat,high_en,episode_00001,Aborted,1
4573,taboo,tagextractor_langchain_clp_chat,high_en,episode_00001,Success,0
4574,taboo,tagextractor_langchain_clp_chat,high_en,episode_00001,Lose,0
4575,taboo,tagextractor_langchain_clp_chat,high_en,episode_00001,Main Score,
4576,taboo,tagextractor_langchain_clp_chat,high_en,episode_00001,Repetition-Guesser,0
4577,taboo,tagextractor_langchain_clp_chat,high_en,episode_00001,Repetition-Describer,0
4578,taboo,tagextractor_langchain_clp_chat,high_en,episode_00002,Violated Request Count,1
4579,taboo,tagextractor_langchain_clp_chat,high_en,episode_00002,Parsed Request Count,0
4580,taboo,tagextractor_langchain_clp_chat,high_en,episode_00002,Request Count,1
4581,taboo,tagextractor_langchain_clp_chat,high_en,episode_00002,Request Success Ratio,0.0
4582,taboo,tagextractor_langchain_clp_chat,high_en,episode_00002,Aborted,1
4583,taboo,tagextractor_langchain_clp_chat,high_en,episode_00002,Success,0
4584,taboo,tagextractor_langchain_clp_chat,high_en,episode_00002,Lose,0
4585,taboo,tagextractor_langchain_clp_chat,high_en,episode_00002,Main Score,
4586,taboo,tagextractor_langchain_clp_chat,high_en,episode_00002,Repetition-Guesser,0
4587,taboo,tagextractor_langchain_clp_chat,high_en,episode_00002,Repetition-Describer,0
4588,taboo,tagextractor_langchain_clp_chat,high_en,episode_00003,Violated Request Count,1
4589,taboo,tagextractor_langchain_clp_chat,high_en,episode_00003,Parsed Request Count,0
4590,taboo,tagextractor_langchain_clp_chat,high_en,episode_00003,Request Count,1
4591,taboo,tagextractor_langchain_clp_chat,high_en,episode_00003,Request Success Ratio,0.0
4592,taboo,tagextractor_langchain_clp_chat,high_en,episode_00003,Aborted,1
4593,taboo,tagextractor_langchain_clp_chat,high_en,episode_00003,Success,0
4594,taboo,tagextractor_langchain_clp_chat,high_en,episode_00003,Lose,0
4595,taboo,tagextractor_langchain_clp_chat,high_en,episode_00003,Main Score,
4596,taboo,tagextractor_langchain_clp_chat,high_en,episode_00003,Repetition-Guesser,0
4597,taboo,tagextractor_langchain_clp_chat,high_en,episode_00003,Repetition-Describer,0
4598,taboo,tagextractor_langchain_clp_chat,high_en,episode_00004,Violated Request Count,1
4599,taboo,tagextractor_langchain_clp_chat,high_en,episode_00004,Parsed Request Count,0
4600,taboo,tagextractor_langchain_clp_chat,high_en,episode_00004,Request Count,1
4601,taboo,tagextractor_langchain_clp_chat,high_en,episode_00004,Request Success Ratio,0.0
4602,taboo,tagextractor_langchain_clp_chat,high_en,episode_00004,Aborted,1
4603,taboo,tagextractor_langchain_clp_chat,high_en,episode_00004,Success,0
4604,taboo,tagextractor_langchain_clp_chat,high_en,episode_00004,Lose,0
4605,taboo,tagextractor_langchain_clp_chat,high_en,episode_00004,Main Score,
4606,taboo,tagextractor_langchain_clp_chat,high_en,episode_00004,Repetition-Guesser,0
4607,taboo,tagextractor_langchain_clp_chat,high_en,episode_00004,Repetition-Describer,0
4608,taboo,tagextractor_langchain_clp_chat,high_en,episode_00005,Violated Request Count,1
4609,taboo,tagextractor_langchain_clp_chat,high_en,episode_00005,Parsed Request Count,0
4610,taboo,tagextractor_langchain_clp_chat,high_en,episode_00005,Request Count,1
4611,taboo,tagextractor_langchain_clp_chat,high_en,episode_00005,Request Success Ratio,0.0
4612,taboo,tagextractor_langchain_clp_chat,high_en,episode_00005,Aborted,1
4613,taboo,tagextractor_langchain_clp_chat,high_en,episode_00005,Success,0
4614,taboo,tagextractor_langchain_clp_chat,high_en,episode_00005,Lose,0
4615,taboo,tagextractor_langchain_clp_chat,high_en,episode_00005,Main Score,
4616,taboo,tagextractor_langchain_clp_chat,high_en,episode_00005,Repetition-Guesser,0
4617,taboo,tagextractor_langchain_clp_chat,high_en,episode_00005,Repetition-Describer,0
4618,taboo,tagextractor_langchain_clp_chat,low_en,episode_00011,Violated Request Count,1
4619,taboo,tagextractor_langchain_clp_chat,low_en,episode_00011,Parsed Request Count,0
4620,taboo,tagextractor_langchain_clp_chat,low_en,episode_00011,Request Count,1
4621,taboo,tagextractor_langchain_clp_chat,low_en,episode_00011,Request Success Ratio,0.0
4622,taboo,tagextractor_langchain_clp_chat,low_en,episode_00011,Aborted,1
4623,taboo,tagextractor_langchain_clp_chat,low_en,episode_00011,Success,0
4624,taboo,tagextractor_langchain_clp_chat,low_en,episode_00011,Lose,0
4625,taboo,tagextractor_langchain_clp_chat,low_en,episode_00011,Main Score,
4626,taboo,tagextractor_langchain_clp_chat,low_en,episode_00011,Repetition-Guesser,0
4627,taboo,tagextractor_langchain_clp_chat,low_en,episode_00011,Repetition-Describer,0
4628,taboo,tagextractor_langchain_clp_chat,low_en,episode_00012,Violated Request Count,1
4629,taboo,tagextractor_langchain_clp_chat,low_en,episode_00012,Parsed Request Count,0
4630,taboo,tagextractor_langchain_clp_chat,low_en,episode_00012,Request Count,1
4631,taboo,tagextractor_langchain_clp_chat,low_en,episode_00012,Request Success Ratio,0.0
4632,taboo,tagextractor_langchain_clp_chat,low_en,episode_00012,Aborted,1
4633,taboo,tagextractor_langchain_clp_chat,low_en,episode_00012,Success,0
4634,taboo,tagextractor_langchain_clp_chat,low_en,episode_00012,Lose,0
4635,taboo,tagextractor_langchain_clp_chat,low_en,episode_00012,Main Score,
4636,taboo,tagextractor_langchain_clp_chat,low_en,episode_00012,Repetition-Guesser,0
4637,taboo,tagextractor_langchain_clp_chat,low_en,episode_00012,Repetition-Describer,0
4638,taboo,tagextractor_langchain_clp_chat,low_en,episode_00013,Violated Request Count,1
4639,taboo,tagextractor_langchain_clp_chat,low_en,episode_00013,Parsed Request Count,0
4640,taboo,tagextractor_langchain_clp_chat,low_en,episode_00013,Request Count,1
4641,taboo,tagextractor_langchain_clp_chat,low_en,episode_00013,Request Success Ratio,0.0
4642,taboo,tagextractor_langchain_clp_chat,low_en,episode_00013,Aborted,1
4643,taboo,tagextractor_langchain_clp_chat,low_en,episode_00013,Success,0
4644,taboo,tagextractor_langchain_clp_chat,low_en,episode_00013,Lose,0
4645,taboo,tagextractor_langchain_clp_chat,low_en,episode_00013,Main Score,
4646,taboo,tagextractor_langchain_clp_chat,low_en,episode_00013,Repetition-Guesser,0
4647,taboo,tagextractor_langchain_clp_chat,low_en,episode_00013,Repetition-Describer,0
4648,taboo,tagextractor_langchain_clp_chat,low_en,episode_00014,Violated Request Count,1
4649,taboo,tagextractor_langchain_clp_chat,low_en,episode_00014,Parsed Request Count,0
4650,taboo,tagextractor_langchain_clp_chat,low_en,episode_00014,Request Count,1
4651,taboo,tagextractor_langchain_clp_chat,low_en,episode_00014,Request Success Ratio,0.0
4652,taboo,tagextractor_langchain_clp_chat,low_en,episode_00014,Aborted,1
4653,taboo,tagextractor_langchain_clp_chat,low_en,episode_00014,Success,0
4654,taboo,tagextractor_langchain_clp_chat,low_en,episode_00014,Lose,0
4655,taboo,tagextractor_langchain_clp_chat,low_en,episode_00014,Main Score,
4656,taboo,tagextractor_langchain_clp_chat,low_en,episode_00014,Repetition-Guesser,0
4657,taboo,tagextractor_langchain_clp_chat,low_en,episode_00014,Repetition-Describer,0
4658,taboo,tagextractor_langchain_clp_chat,low_en,episode_00015,Violated Request Count,1
4659,taboo,tagextractor_langchain_clp_chat,low_en,episode_00015,Parsed Request Count,0
4660,taboo,tagextractor_langchain_clp_chat,low_en,episode_00015,Request Count,1
4661,taboo,tagextractor_langchain_clp_chat,low_en,episode_00015,Request Success Ratio,0.0
4662,taboo,tagextractor_langchain_clp_chat,low_en,episode_00015,Aborted,1
4663,taboo,tagextractor_langchain_clp_chat,low_en,episode_00015,Success,0
4664,taboo,tagextractor_langchain_clp_chat,low_en,episode_00015,Lose,0
4665,taboo,tagextractor_langchain_clp_chat,low_en,episode_00015,Main Score,
4666,taboo,tagextractor_langchain_clp_chat,low_en,episode_00015,Repetition-Guesser,0
4667,taboo,tagextractor_langchain_clp_chat,low_en,episode_00015,Repetition-Describer,0
4668,taboo,tagextractor_langchain_clp_chat,medium_en,episode_00006,Violated Request Count,1
4669,taboo,tagextractor_langchain_clp_chat,medium_en,episode_00006,Parsed Request Count,0
4670,taboo,tagextractor_langchain_clp_chat,medium_en,episode_00006,Request Count,1
4671,taboo,tagextractor_langchain_clp_chat,medium_en,episode_00006,Request Success Ratio,0.0
4672,taboo,tagextractor_langchain_clp_chat,medium_en,episode_00006,Aborted,1
4673,taboo,tagextractor_langchain_clp_chat,medium_en,episode_00006,Success,0
4674,taboo,tagextractor_langchain_clp_chat,medium_en,episode_00006,Lose,0
4675,taboo,tagextractor_langchain_clp_chat,medium_en,episode_00006,Main Score,
4676,taboo,tagextractor_langchain_clp_chat,medium_en,episode_00006,Repetition-Guesser,0
4677,taboo,tagextractor_langchain_clp_chat,medium_en,episode_00006,Repetition-Describer,0
4678,taboo,tagextractor_langchain_clp_chat,medium_en,episode_00007,Violated Request Count,1
4679,taboo,tagextractor_langchain_clp_chat,medium_en,episode_00007,Parsed Request Count,0
4680,taboo,tagextractor_langchain_clp_chat,medium_en,episode_00007,Request Count,1
4681,taboo,tagextractor_langchain_clp_chat,medium_en,episode_00007,Request Success Ratio,0.0
4682,taboo,tagextractor_langchain_clp_chat,medium_en,episode_00007,Aborted,1
4683,taboo,tagextractor_langchain_clp_chat,medium_en,episode_00007,Success,0
4684,taboo,tagextractor_langchain_clp_chat,medium_en,episode_00007,Lose,0
4685,taboo,tagextractor_langchain_clp_chat,medium_en,episode_00007,Main Score,
4686,taboo,tagextractor_langchain_clp_chat,medium_en,episode_00007,Repetition-Guesser,0
4687,taboo,tagextractor_langchain_clp_chat,medium_en,episode_00007,Repetition-Describer,0
4688,taboo,tagextractor_langchain_clp_chat,medium_en,episode_00008,Violated Request Count,1
4689,taboo,tagextractor_langchain_clp_chat,medium_en,episode_00008,Parsed Request Count,0
4690,taboo,tagextractor_langchain_clp_chat,medium_en,episode_00008,Request Count,1
4691,taboo,tagextractor_langchain_clp_chat,medium_en,episode_00008,Request Success Ratio,0.0
4692,taboo,tagextractor_langchain_clp_chat,medium_en,episode_00008,Aborted,1
4693,taboo,tagextractor_langchain_clp_chat,medium_en,episode_00008,Success,0
4694,taboo,tagextractor_langchain_clp_chat,medium_en,episode_00008,Lose,0
4695,taboo,tagextractor_langchain_clp_chat,medium_en,episode_00008,Main Score,
4696,taboo,tagextractor_langchain_clp_chat,medium_en,episode_00008,Repetition-Guesser,0
4697,taboo,tagextractor_langchain_clp_chat,medium_en,episode_00008,Repetition-Describer,0
4698,taboo,tagextractor_langchain_clp_chat,medium_en,episode_00009,Violated Request Count,1
4699,taboo,tagextractor_langchain_clp_chat,medium_en,episode_00009,Parsed Request Count,0
4700,taboo,tagextractor_langchain_clp_chat,medium_en,episode_00009,Request Count,1
4701,taboo,tagextractor_langchain_clp_chat,medium_en,episode_00009,Request Success Ratio,0.0
4702,taboo,tagextractor_langchain_clp_chat,medium_en,episode_00009,Aborted,1
4703,taboo,tagextractor_langchain_clp_chat,medium_en,episode_00009,Success,0
4704,taboo,tagextractor_langchain_clp_chat,medium_en,episode_00009,Lose,0
4705,taboo,tagextractor_langchain_clp_chat,medium_en,episode_00009,Main Score,
4706,taboo,tagextractor_langchain_clp_chat,medium_en,episode_00009,Repetition-Guesser,0
4707,taboo,tagextractor_langchain_clp_chat,medium_en,episode_00009,Repetition-Describer,0
4708,taboo,tagextractor_langchain_clp_chat,medium_en,episode_00010,Violated Request Count,1
4709,taboo,tagextractor_langchain_clp_chat,medium_en,episode_00010,Parsed Request Count,0
4710,taboo,tagextractor_langchain_clp_chat,medium_en,episode_00010,Request Count,1
4711,taboo,tagextractor_langchain_clp_chat,medium_en,episode_00010,Request Success Ratio,0.0
4712,taboo,tagextractor_langchain_clp_chat,medium_en,episode_00010,Aborted,1
4713,taboo,tagextractor_langchain_clp_chat,medium_en,episode_00010,Success,0
4714,taboo,tagextractor_langchain_clp_chat,medium_en,episode_00010,Lose,0
4715,taboo,tagextractor_langchain_clp_chat,medium_en,episode_00010,Main Score,
4716,taboo,tagextractor_langchain_clp_chat,medium_en,episode_00010,Repetition-Guesser,0
4717,taboo,tagextractor_langchain_clp_chat,medium_en,episode_00010,Repetition-Describer,0
4718,textmapworld,tagextractor_langchain_clp_chat,large,episode_00011,Aborted,1
4719,textmapworld,tagextractor_langchain_clp_chat,large,episode_00011,Success,0
4720,textmapworld,tagextractor_langchain_clp_chat,large,episode_00011,Lose,0
4721,textmapworld,tagextractor_langchain_clp_chat,large,episode_00011,moves,
4722,textmapworld,tagextractor_langchain_clp_chat,large,episode_00011,valid_moves,
4723,textmapworld,tagextractor_langchain_clp_chat,large,episode_00011,invalid_moves,
4724,textmapworld,tagextractor_langchain_clp_chat,large,episode_00011,stopped,
4725,textmapworld,tagextractor_langchain_clp_chat,large,episode_00011,turns_limit,
4726,textmapworld,tagextractor_langchain_clp_chat,large,episode_00011,loops,
4727,textmapworld,tagextractor_langchain_clp_chat,large,episode_00011,number_visited,
4728,textmapworld,tagextractor_langchain_clp_chat,large,episode_00011,seen,
4729,textmapworld,tagextractor_langchain_clp_chat,large,episode_00011,efficiency,
4730,textmapworld,tagextractor_langchain_clp_chat,large,episode_00011,exploration,
4731,textmapworld,tagextractor_langchain_clp_chat,large,episode_00011,Main Score,
4732,textmapworld,tagextractor_langchain_clp_chat,large,episode_00012,Aborted,1
4733,textmapworld,tagextractor_langchain_clp_chat,large,episode_00012,Success,0
4734,textmapworld,tagextractor_langchain_clp_chat,large,episode_00012,Lose,0
4735,textmapworld,tagextractor_langchain_clp_chat,large,episode_00012,moves,
4736,textmapworld,tagextractor_langchain_clp_chat,large,episode_00012,valid_moves,
4737,textmapworld,tagextractor_langchain_clp_chat,large,episode_00012,invalid_moves,
4738,textmapworld,tagextractor_langchain_clp_chat,large,episode_00012,stopped,
4739,textmapworld,tagextractor_langchain_clp_chat,large,episode_00012,turns_limit,
4740,textmapworld,tagextractor_langchain_clp_chat,large,episode_00012,loops,
4741,textmapworld,tagextractor_langchain_clp_chat,large,episode_00012,number_visited,
4742,textmapworld,tagextractor_langchain_clp_chat,large,episode_00012,seen,
4743,textmapworld,tagextractor_langchain_clp_chat,large,episode_00012,efficiency,
4744,textmapworld,tagextractor_langchain_clp_chat,large,episode_00012,exploration,
4745,textmapworld,tagextractor_langchain_clp_chat,large,episode_00012,Main Score,
4746,textmapworld,tagextractor_langchain_clp_chat,large,episode_00013,Aborted,1
4747,textmapworld,tagextractor_langchain_clp_chat,large,episode_00013,Success,0
4748,textmapworld,tagextractor_langchain_clp_chat,large,episode_00013,Lose,0
4749,textmapworld,tagextractor_langchain_clp_chat,large,episode_00013,moves,
4750,textmapworld,tagextractor_langchain_clp_chat,large,episode_00013,valid_moves,
4751,textmapworld,tagextractor_langchain_clp_chat,large,episode_00013,invalid_moves,
4752,textmapworld,tagextractor_langchain_clp_chat,large,episode_00013,stopped,
4753,textmapworld,tagextractor_langchain_clp_chat,large,episode_00013,turns_limit,
4754,textmapworld,tagextractor_langchain_clp_chat,large,episode_00013,loops,
4755,textmapworld,tagextractor_langchain_clp_chat,large,episode_00013,number_visited,
4756,textmapworld,tagextractor_langchain_clp_chat,large,episode_00013,seen,
4757,textmapworld,tagextractor_langchain_clp_chat,large,episode_00013,efficiency,
4758,textmapworld,tagextractor_langchain_clp_chat,large,episode_00013,exploration,
4759,textmapworld,tagextractor_langchain_clp_chat,large,episode_00013,Main Score,
4760,textmapworld,tagextractor_langchain_clp_chat,large,episode_00014,Aborted,1
4761,textmapworld,tagextractor_langchain_clp_chat,large,episode_00014,Success,0
4762,textmapworld,tagextractor_langchain_clp_chat,large,episode_00014,Lose,0
4763,textmapworld,tagextractor_langchain_clp_chat,large,episode_00014,moves,
4764,textmapworld,tagextractor_langchain_clp_chat,large,episode_00014,valid_moves,
4765,textmapworld,tagextractor_langchain_clp_chat,large,episode_00014,invalid_moves,
4766,textmapworld,tagextractor_langchain_clp_chat,large,episode_00014,stopped,
4767,textmapworld,tagextractor_langchain_clp_chat,large,episode_00014,turns_limit,
4768,textmapworld,tagextractor_langchain_clp_chat,large,episode_00014,loops,
4769,textmapworld,tagextractor_langchain_clp_chat,large,episode_00014,number_visited,
4770,textmapworld,tagextractor_langchain_clp_chat,large,episode_00014,seen,
4771,textmapworld,tagextractor_langchain_clp_chat,large,episode_00014,efficiency,
4772,textmapworld,tagextractor_langchain_clp_chat,large,episode_00014,exploration,
4773,textmapworld,tagextractor_langchain_clp_chat,large,episode_00014,Main Score,
4774,textmapworld,tagextractor_langchain_clp_chat,large,episode_00015,Aborted,1
4775,textmapworld,tagextractor_langchain_clp_chat,large,episode_00015,Success,0
4776,textmapworld,tagextractor_langchain_clp_chat,large,episode_00015,Lose,0
4777,textmapworld,tagextractor_langchain_clp_chat,large,episode_00015,moves,
4778,textmapworld,tagextractor_langchain_clp_chat,large,episode_00015,valid_moves,
4779,textmapworld,tagextractor_langchain_clp_chat,large,episode_00015,invalid_moves,
4780,textmapworld,tagextractor_langchain_clp_chat,large,episode_00015,stopped,
4781,textmapworld,tagextractor_langchain_clp_chat,large,episode_00015,turns_limit,
4782,textmapworld,tagextractor_langchain_clp_chat,large,episode_00015,loops,
4783,textmapworld,tagextractor_langchain_clp_chat,large,episode_00015,number_visited,
4784,textmapworld,tagextractor_langchain_clp_chat,large,episode_00015,seen,
4785,textmapworld,tagextractor_langchain_clp_chat,large,episode_00015,efficiency,
4786,textmapworld,tagextractor_langchain_clp_chat,large,episode_00015,exploration,
4787,textmapworld,tagextractor_langchain_clp_chat,large,episode_00015,Main Score,
4788,textmapworld,tagextractor_langchain_clp_chat,large_cycle,episode_00021,Aborted,1
4789,textmapworld,tagextractor_langchain_clp_chat,large_cycle,episode_00021,Success,0
4790,textmapworld,tagextractor_langchain_clp_chat,large_cycle,episode_00021,Lose,0
4791,textmapworld,tagextractor_langchain_clp_chat,large_cycle,episode_00021,moves,
4792,textmapworld,tagextractor_langchain_clp_chat,large_cycle,episode_00021,valid_moves,
4793,textmapworld,tagextractor_langchain_clp_chat,large_cycle,episode_00021,invalid_moves,
4794,textmapworld,tagextractor_langchain_clp_chat,large_cycle,episode_00021,stopped,
4795,textmapworld,tagextractor_langchain_clp_chat,large_cycle,episode_00021,turns_limit,
4796,textmapworld,tagextractor_langchain_clp_chat,large_cycle,episode_00021,loops,
4797,textmapworld,tagextractor_langchain_clp_chat,large_cycle,episode_00021,number_visited,
4798,textmapworld,tagextractor_langchain_clp_chat,large_cycle,episode_00021,seen,
4799,textmapworld,tagextractor_langchain_clp_chat,large_cycle,episode_00021,efficiency,
4800,textmapworld,tagextractor_langchain_clp_chat,large_cycle,episode_00021,exploration,
4801,textmapworld,tagextractor_langchain_clp_chat,large_cycle,episode_00021,Main Score,
4802,textmapworld,tagextractor_langchain_clp_chat,large_cycle,episode_00022,Aborted,1
4803,textmapworld,tagextractor_langchain_clp_chat,large_cycle,episode_00022,Success,0
4804,textmapworld,tagextractor_langchain_clp_chat,large_cycle,episode_00022,Lose,0
4805,textmapworld,tagextractor_langchain_clp_chat,large_cycle,episode_00022,moves,
4806,textmapworld,tagextractor_langchain_clp_chat,large_cycle,episode_00022,valid_moves,
4807,textmapworld,tagextractor_langchain_clp_chat,large_cycle,episode_00022,invalid_moves,
4808,textmapworld,tagextractor_langchain_clp_chat,large_cycle,episode_00022,stopped,
4809,textmapworld,tagextractor_langchain_clp_chat,large_cycle,episode_00022,turns_limit,
4810,textmapworld,tagextractor_langchain_clp_chat,large_cycle,episode_00022,loops,
4811,textmapworld,tagextractor_langchain_clp_chat,large_cycle,episode_00022,number_visited,
4812,textmapworld,tagextractor_langchain_clp_chat,large_cycle,episode_00022,seen,
4813,textmapworld,tagextractor_langchain_clp_chat,large_cycle,episode_00022,efficiency,
4814,textmapworld,tagextractor_langchain_clp_chat,large_cycle,episode_00022,exploration,
4815,textmapworld,tagextractor_langchain_clp_chat,large_cycle,episode_00022,Main Score,
4816,textmapworld,tagextractor_langchain_clp_chat,large_cycle,episode_00023,Aborted,1
4817,textmapworld,tagextractor_langchain_clp_chat,large_cycle,episode_00023,Success,0
4818,textmapworld,tagextractor_langchain_clp_chat,large_cycle,episode_00023,Lose,0
4819,textmapworld,tagextractor_langchain_clp_chat,large_cycle,episode_00023,moves,
4820,textmapworld,tagextractor_langchain_clp_chat,large_cycle,episode_00023,valid_moves,
4821,textmapworld,tagextractor_langchain_clp_chat,large_cycle,episode_00023,invalid_moves,
4822,textmapworld,tagextractor_langchain_clp_chat,large_cycle,episode_00023,stopped,
4823,textmapworld,tagextractor_langchain_clp_chat,large_cycle,episode_00023,turns_limit,
4824,textmapworld,tagextractor_langchain_clp_chat,large_cycle,episode_00023,loops,
4825,textmapworld,tagextractor_langchain_clp_chat,large_cycle,episode_00023,number_visited,
4826,textmapworld,tagextractor_langchain_clp_chat,large_cycle,episode_00023,seen,
4827,textmapworld,tagextractor_langchain_clp_chat,large_cycle,episode_00023,efficiency,
4828,textmapworld,tagextractor_langchain_clp_chat,large_cycle,episode_00023,exploration,
4829,textmapworld,tagextractor_langchain_clp_chat,large_cycle,episode_00023,Main Score,
4830,textmapworld,tagextractor_langchain_clp_chat,large_cycle,episode_00024,Aborted,1
4831,textmapworld,tagextractor_langchain_clp_chat,large_cycle,episode_00024,Success,0
4832,textmapworld,tagextractor_langchain_clp_chat,large_cycle,episode_00024,Lose,0
4833,textmapworld,tagextractor_langchain_clp_chat,large_cycle,episode_00024,moves,
4834,textmapworld,tagextractor_langchain_clp_chat,large_cycle,episode_00024,valid_moves,
4835,textmapworld,tagextractor_langchain_clp_chat,large_cycle,episode_00024,invalid_moves,
4836,textmapworld,tagextractor_langchain_clp_chat,large_cycle,episode_00024,stopped,
4837,textmapworld,tagextractor_langchain_clp_chat,large_cycle,episode_00024,turns_limit,
4838,textmapworld,tagextractor_langchain_clp_chat,large_cycle,episode_00024,loops,
4839,textmapworld,tagextractor_langchain_clp_chat,large_cycle,episode_00024,number_visited,
4840,textmapworld,tagextractor_langchain_clp_chat,large_cycle,episode_00024,seen,
4841,textmapworld,tagextractor_langchain_clp_chat,large_cycle,episode_00024,efficiency,
4842,textmapworld,tagextractor_langchain_clp_chat,large_cycle,episode_00024,exploration,
4843,textmapworld,tagextractor_langchain_clp_chat,large_cycle,episode_00024,Main Score,
4844,textmapworld,tagextractor_langchain_clp_chat,large_cycle,episode_00025,Aborted,1
4845,textmapworld,tagextractor_langchain_clp_chat,large_cycle,episode_00025,Success,0
4846,textmapworld,tagextractor_langchain_clp_chat,large_cycle,episode_00025,Lose,0
4847,textmapworld,tagextractor_langchain_clp_chat,large_cycle,episode_00025,moves,
4848,textmapworld,tagextractor_langchain_clp_chat,large_cycle,episode_00025,valid_moves,
4849,textmapworld,tagextractor_langchain_clp_chat,large_cycle,episode_00025,invalid_moves,
4850,textmapworld,tagextractor_langchain_clp_chat,large_cycle,episode_00025,stopped,
4851,textmapworld,tagextractor_langchain_clp_chat,large_cycle,episode_00025,turns_limit,
4852,textmapworld,tagextractor_langchain_clp_chat,large_cycle,episode_00025,loops,
4853,textmapworld,tagextractor_langchain_clp_chat,large_cycle,episode_00025,number_visited,
4854,textmapworld,tagextractor_langchain_clp_chat,large_cycle,episode_00025,seen,
4855,textmapworld,tagextractor_langchain_clp_chat,large_cycle,episode_00025,efficiency,
4856,textmapworld,tagextractor_langchain_clp_chat,large_cycle,episode_00025,exploration,
4857,textmapworld,tagextractor_langchain_clp_chat,large_cycle,episode_00025,Main Score,
4858,textmapworld,tagextractor_langchain_clp_chat,medium,episode_00006,Aborted,1
4859,textmapworld,tagextractor_langchain_clp_chat,medium,episode_00006,Success,0
4860,textmapworld,tagextractor_langchain_clp_chat,medium,episode_00006,Lose,0
4861,textmapworld,tagextractor_langchain_clp_chat,medium,episode_00006,moves,
4862,textmapworld,tagextractor_langchain_clp_chat,medium,episode_00006,valid_moves,
4863,textmapworld,tagextractor_langchain_clp_chat,medium,episode_00006,invalid_moves,
4864,textmapworld,tagextractor_langchain_clp_chat,medium,episode_00006,stopped,
4865,textmapworld,tagextractor_langchain_clp_chat,medium,episode_00006,turns_limit,
4866,textmapworld,tagextractor_langchain_clp_chat,medium,episode_00006,loops,
4867,textmapworld,tagextractor_langchain_clp_chat,medium,episode_00006,number_visited,
4868,textmapworld,tagextractor_langchain_clp_chat,medium,episode_00006,seen,
4869,textmapworld,tagextractor_langchain_clp_chat,medium,episode_00006,efficiency,
4870,textmapworld,tagextractor_langchain_clp_chat,medium,episode_00006,exploration,
4871,textmapworld,tagextractor_langchain_clp_chat,medium,episode_00006,Main Score,
4872,textmapworld,tagextractor_langchain_clp_chat,medium,episode_00007,Success,0
4873,textmapworld,tagextractor_langchain_clp_chat,medium,episode_00007,Aborted,0
4874,textmapworld,tagextractor_langchain_clp_chat,medium,episode_00007,Lose,1
4875,textmapworld,tagextractor_langchain_clp_chat,medium,episode_00007,moves,16
4876,textmapworld,tagextractor_langchain_clp_chat,medium,episode_00007,valid_moves,16
4877,textmapworld,tagextractor_langchain_clp_chat,medium,episode_00007,invalid_moves,0
4878,textmapworld,tagextractor_langchain_clp_chat,medium,episode_00007,stopped,1
4879,textmapworld,tagextractor_langchain_clp_chat,medium,episode_00007,turns_limit,0
4880,textmapworld,tagextractor_langchain_clp_chat,medium,episode_00007,loops,0
4881,textmapworld,tagextractor_langchain_clp_chat,medium,episode_00007,number_visited,4
4882,textmapworld,tagextractor_langchain_clp_chat,medium,episode_00007,seen,5
4883,textmapworld,tagextractor_langchain_clp_chat,medium,episode_00007,efficiency,68.75
4884,textmapworld,tagextractor_langchain_clp_chat,medium,episode_00007,exploration,66.66666666666666
4885,textmapworld,tagextractor_langchain_clp_chat,medium,episode_00007,Main Score,67.6923076923077
4886,textmapworld,tagextractor_langchain_clp_chat,medium,episode_00008,Aborted,1
4887,textmapworld,tagextractor_langchain_clp_chat,medium,episode_00008,Success,0
4888,textmapworld,tagextractor_langchain_clp_chat,medium,episode_00008,Lose,0
4889,textmapworld,tagextractor_langchain_clp_chat,medium,episode_00008,moves,
4890,textmapworld,tagextractor_langchain_clp_chat,medium,episode_00008,valid_moves,
4891,textmapworld,tagextractor_langchain_clp_chat,medium,episode_00008,invalid_moves,
4892,textmapworld,tagextractor_langchain_clp_chat,medium,episode_00008,stopped,
4893,textmapworld,tagextractor_langchain_clp_chat,medium,episode_00008,turns_limit,
4894,textmapworld,tagextractor_langchain_clp_chat,medium,episode_00008,loops,
4895,textmapworld,tagextractor_langchain_clp_chat,medium,episode_00008,number_visited,
4896,textmapworld,tagextractor_langchain_clp_chat,medium,episode_00008,seen,
4897,textmapworld,tagextractor_langchain_clp_chat,medium,episode_00008,efficiency,
4898,textmapworld,tagextractor_langchain_clp_chat,medium,episode_00008,exploration,
4899,textmapworld,tagextractor_langchain_clp_chat,medium,episode_00008,Main Score,
4900,textmapworld,tagextractor_langchain_clp_chat,medium,episode_00009,Aborted,1
4901,textmapworld,tagextractor_langchain_clp_chat,medium,episode_00009,Success,0
4902,textmapworld,tagextractor_langchain_clp_chat,medium,episode_00009,Lose,0
4903,textmapworld,tagextractor_langchain_clp_chat,medium,episode_00009,moves,
4904,textmapworld,tagextractor_langchain_clp_chat,medium,episode_00009,valid_moves,
4905,textmapworld,tagextractor_langchain_clp_chat,medium,episode_00009,invalid_moves,
4906,textmapworld,tagextractor_langchain_clp_chat,medium,episode_00009,stopped,
4907,textmapworld,tagextractor_langchain_clp_chat,medium,episode_00009,turns_limit,
4908,textmapworld,tagextractor_langchain_clp_chat,medium,episode_00009,loops,
4909,textmapworld,tagextractor_langchain_clp_chat,medium,episode_00009,number_visited,
4910,textmapworld,tagextractor_langchain_clp_chat,medium,episode_00009,seen,
4911,textmapworld,tagextractor_langchain_clp_chat,medium,episode_00009,efficiency,
4912,textmapworld,tagextractor_langchain_clp_chat,medium,episode_00009,exploration,
4913,textmapworld,tagextractor_langchain_clp_chat,medium,episode_00009,Main Score,
4914,textmapworld,tagextractor_langchain_clp_chat,medium,episode_00010,Aborted,1
4915,textmapworld,tagextractor_langchain_clp_chat,medium,episode_00010,Success,0
4916,textmapworld,tagextractor_langchain_clp_chat,medium,episode_00010,Lose,0
4917,textmapworld,tagextractor_langchain_clp_chat,medium,episode_00010,moves,
4918,textmapworld,tagextractor_langchain_clp_chat,medium,episode_00010,valid_moves,
4919,textmapworld,tagextractor_langchain_clp_chat,medium,episode_00010,invalid_moves,
4920,textmapworld,tagextractor_langchain_clp_chat,medium,episode_00010,stopped,
4921,textmapworld,tagextractor_langchain_clp_chat,medium,episode_00010,turns_limit,
4922,textmapworld,tagextractor_langchain_clp_chat,medium,episode_00010,loops,
4923,textmapworld,tagextractor_langchain_clp_chat,medium,episode_00010,number_visited,
4924,textmapworld,tagextractor_langchain_clp_chat,medium,episode_00010,seen,
4925,textmapworld,tagextractor_langchain_clp_chat,medium,episode_00010,efficiency,
4926,textmapworld,tagextractor_langchain_clp_chat,medium,episode_00010,exploration,
4927,textmapworld,tagextractor_langchain_clp_chat,medium,episode_00010,Main Score,
4928,textmapworld,tagextractor_langchain_clp_chat,medium_cycle,episode_00016,Success,0
4929,textmapworld,tagextractor_langchain_clp_chat,medium_cycle,episode_00016,Aborted,0
4930,textmapworld,tagextractor_langchain_clp_chat,medium_cycle,episode_00016,Lose,1
4931,textmapworld,tagextractor_langchain_clp_chat,medium_cycle,episode_00016,moves,8
4932,textmapworld,tagextractor_langchain_clp_chat,medium_cycle,episode_00016,valid_moves,8
4933,textmapworld,tagextractor_langchain_clp_chat,medium_cycle,episode_00016,invalid_moves,0
4934,textmapworld,tagextractor_langchain_clp_chat,medium_cycle,episode_00016,stopped,1
4935,textmapworld,tagextractor_langchain_clp_chat,medium_cycle,episode_00016,turns_limit,0
4936,textmapworld,tagextractor_langchain_clp_chat,medium_cycle,episode_00016,loops,0
4937,textmapworld,tagextractor_langchain_clp_chat,medium_cycle,episode_00016,number_visited,4
4938,textmapworld,tagextractor_langchain_clp_chat,medium_cycle,episode_00016,seen,5
4939,textmapworld,tagextractor_langchain_clp_chat,medium_cycle,episode_00016,efficiency,75.0
4940,textmapworld,tagextractor_langchain_clp_chat,medium_cycle,episode_00016,exploration,66.66666666666666
4941,textmapworld,tagextractor_langchain_clp_chat,medium_cycle,episode_00016,Main Score,70.58823529411764
4942,textmapworld,tagextractor_langchain_clp_chat,medium_cycle,episode_00017,Aborted,1
4943,textmapworld,tagextractor_langchain_clp_chat,medium_cycle,episode_00017,Success,0
4944,textmapworld,tagextractor_langchain_clp_chat,medium_cycle,episode_00017,Lose,0
4945,textmapworld,tagextractor_langchain_clp_chat,medium_cycle,episode_00017,moves,
4946,textmapworld,tagextractor_langchain_clp_chat,medium_cycle,episode_00017,valid_moves,
4947,textmapworld,tagextractor_langchain_clp_chat,medium_cycle,episode_00017,invalid_moves,
4948,textmapworld,tagextractor_langchain_clp_chat,medium_cycle,episode_00017,stopped,
4949,textmapworld,tagextractor_langchain_clp_chat,medium_cycle,episode_00017,turns_limit,
4950,textmapworld,tagextractor_langchain_clp_chat,medium_cycle,episode_00017,loops,
4951,textmapworld,tagextractor_langchain_clp_chat,medium_cycle,episode_00017,number_visited,
4952,textmapworld,tagextractor_langchain_clp_chat,medium_cycle,episode_00017,seen,
4953,textmapworld,tagextractor_langchain_clp_chat,medium_cycle,episode_00017,efficiency,
4954,textmapworld,tagextractor_langchain_clp_chat,medium_cycle,episode_00017,exploration,
4955,textmapworld,tagextractor_langchain_clp_chat,medium_cycle,episode_00017,Main Score,
4956,textmapworld,tagextractor_langchain_clp_chat,medium_cycle,episode_00018,Aborted,1
4957,textmapworld,tagextractor_langchain_clp_chat,medium_cycle,episode_00018,Success,0
4958,textmapworld,tagextractor_langchain_clp_chat,medium_cycle,episode_00018,Lose,0
4959,textmapworld,tagextractor_langchain_clp_chat,medium_cycle,episode_00018,moves,
4960,textmapworld,tagextractor_langchain_clp_chat,medium_cycle,episode_00018,valid_moves,
4961,textmapworld,tagextractor_langchain_clp_chat,medium_cycle,episode_00018,invalid_moves,
4962,textmapworld,tagextractor_langchain_clp_chat,medium_cycle,episode_00018,stopped,
4963,textmapworld,tagextractor_langchain_clp_chat,medium_cycle,episode_00018,turns_limit,
4964,textmapworld,tagextractor_langchain_clp_chat,medium_cycle,episode_00018,loops,
4965,textmapworld,tagextractor_langchain_clp_chat,medium_cycle,episode_00018,number_visited,
4966,textmapworld,tagextractor_langchain_clp_chat,medium_cycle,episode_00018,seen,
4967,textmapworld,tagextractor_langchain_clp_chat,medium_cycle,episode_00018,efficiency,
4968,textmapworld,tagextractor_langchain_clp_chat,medium_cycle,episode_00018,exploration,
4969,textmapworld,tagextractor_langchain_clp_chat,medium_cycle,episode_00018,Main Score,
4970,textmapworld,tagextractor_langchain_clp_chat,medium_cycle,episode_00019,Aborted,1
4971,textmapworld,tagextractor_langchain_clp_chat,medium_cycle,episode_00019,Success,0
4972,textmapworld,tagextractor_langchain_clp_chat,medium_cycle,episode_00019,Lose,0
4973,textmapworld,tagextractor_langchain_clp_chat,medium_cycle,episode_00019,moves,
4974,textmapworld,tagextractor_langchain_clp_chat,medium_cycle,episode_00019,valid_moves,
4975,textmapworld,tagextractor_langchain_clp_chat,medium_cycle,episode_00019,invalid_moves,
4976,textmapworld,tagextractor_langchain_clp_chat,medium_cycle,episode_00019,stopped,
4977,textmapworld,tagextractor_langchain_clp_chat,medium_cycle,episode_00019,turns_limit,
4978,textmapworld,tagextractor_langchain_clp_chat,medium_cycle,episode_00019,loops,
4979,textmapworld,tagextractor_langchain_clp_chat,medium_cycle,episode_00019,number_visited,
4980,textmapworld,tagextractor_langchain_clp_chat,medium_cycle,episode_00019,seen,
4981,textmapworld,tagextractor_langchain_clp_chat,medium_cycle,episode_00019,efficiency,
4982,textmapworld,tagextractor_langchain_clp_chat,medium_cycle,episode_00019,exploration,
4983,textmapworld,tagextractor_langchain_clp_chat,medium_cycle,episode_00019,Main Score,
4984,textmapworld,tagextractor_langchain_clp_chat,medium_cycle,episode_00020,Aborted,1
4985,textmapworld,tagextractor_langchain_clp_chat,medium_cycle,episode_00020,Success,0
4986,textmapworld,tagextractor_langchain_clp_chat,medium_cycle,episode_00020,Lose,0
4987,textmapworld,tagextractor_langchain_clp_chat,medium_cycle,episode_00020,moves,
4988,textmapworld,tagextractor_langchain_clp_chat,medium_cycle,episode_00020,valid_moves,
4989,textmapworld,tagextractor_langchain_clp_chat,medium_cycle,episode_00020,invalid_moves,
4990,textmapworld,tagextractor_langchain_clp_chat,medium_cycle,episode_00020,stopped,
4991,textmapworld,tagextractor_langchain_clp_chat,medium_cycle,episode_00020,turns_limit,
4992,textmapworld,tagextractor_langchain_clp_chat,medium_cycle,episode_00020,loops,
4993,textmapworld,tagextractor_langchain_clp_chat,medium_cycle,episode_00020,number_visited,
4994,textmapworld,tagextractor_langchain_clp_chat,medium_cycle,episode_00020,seen,
4995,textmapworld,tagextractor_langchain_clp_chat,medium_cycle,episode_00020,efficiency,
4996,textmapworld,tagextractor_langchain_clp_chat,medium_cycle,episode_00020,exploration,
4997,textmapworld,tagextractor_langchain_clp_chat,medium_cycle,episode_00020,Main Score,
4998,textmapworld,tagextractor_langchain_clp_chat,small,episode_00001,Aborted,1
4999,textmapworld,tagextractor_langchain_clp_chat,small,episode_00001,Success,0
5000,textmapworld,tagextractor_langchain_clp_chat,small,episode_00001,Lose,0
5001,textmapworld,tagextractor_langchain_clp_chat,small,episode_00001,moves,
5002,textmapworld,tagextractor_langchain_clp_chat,small,episode_00001,valid_moves,
5003,textmapworld,tagextractor_langchain_clp_chat,small,episode_00001,invalid_moves,
5004,textmapworld,tagextractor_langchain_clp_chat,small,episode_00001,stopped,
5005,textmapworld,tagextractor_langchain_clp_chat,small,episode_00001,turns_limit,
5006,textmapworld,tagextractor_langchain_clp_chat,small,episode_00001,loops,
5007,textmapworld,tagextractor_langchain_clp_chat,small,episode_00001,number_visited,
5008,textmapworld,tagextractor_langchain_clp_chat,small,episode_00001,seen,
5009,textmapworld,tagextractor_langchain_clp_chat,small,episode_00001,efficiency,
5010,textmapworld,tagextractor_langchain_clp_chat,small,episode_00001,exploration,
5011,textmapworld,tagextractor_langchain_clp_chat,small,episode_00001,Main Score,
5012,textmapworld,tagextractor_langchain_clp_chat,small,episode_00002,Success,1
5013,textmapworld,tagextractor_langchain_clp_chat,small,episode_00002,Aborted,0
5014,textmapworld,tagextractor_langchain_clp_chat,small,episode_00002,Lose,0
5015,textmapworld,tagextractor_langchain_clp_chat,small,episode_00002,moves,12
5016,textmapworld,tagextractor_langchain_clp_chat,small,episode_00002,valid_moves,12
5017,textmapworld,tagextractor_langchain_clp_chat,small,episode_00002,invalid_moves,0
5018,textmapworld,tagextractor_langchain_clp_chat,small,episode_00002,stopped,1
5019,textmapworld,tagextractor_langchain_clp_chat,small,episode_00002,turns_limit,0
5020,textmapworld,tagextractor_langchain_clp_chat,small,episode_00002,loops,0
5021,textmapworld,tagextractor_langchain_clp_chat,small,episode_00002,number_visited,4
5022,textmapworld,tagextractor_langchain_clp_chat,small,episode_00002,seen,4
5023,textmapworld,tagextractor_langchain_clp_chat,small,episode_00002,efficiency,25.0
5024,textmapworld,tagextractor_langchain_clp_chat,small,episode_00002,exploration,100.0
5025,textmapworld,tagextractor_langchain_clp_chat,small,episode_00002,Main Score,40.0
5026,textmapworld,tagextractor_langchain_clp_chat,small,episode_00003,Aborted,1
5027,textmapworld,tagextractor_langchain_clp_chat,small,episode_00003,Success,0
5028,textmapworld,tagextractor_langchain_clp_chat,small,episode_00003,Lose,0
5029,textmapworld,tagextractor_langchain_clp_chat,small,episode_00003,moves,
5030,textmapworld,tagextractor_langchain_clp_chat,small,episode_00003,valid_moves,
5031,textmapworld,tagextractor_langchain_clp_chat,small,episode_00003,invalid_moves,
5032,textmapworld,tagextractor_langchain_clp_chat,small,episode_00003,stopped,
5033,textmapworld,tagextractor_langchain_clp_chat,small,episode_00003,turns_limit,
5034,textmapworld,tagextractor_langchain_clp_chat,small,episode_00003,loops,
5035,textmapworld,tagextractor_langchain_clp_chat,small,episode_00003,number_visited,
5036,textmapworld,tagextractor_langchain_clp_chat,small,episode_00003,seen,
5037,textmapworld,tagextractor_langchain_clp_chat,small,episode_00003,efficiency,
5038,textmapworld,tagextractor_langchain_clp_chat,small,episode_00003,exploration,
5039,textmapworld,tagextractor_langchain_clp_chat,small,episode_00003,Main Score,
5040,textmapworld,tagextractor_langchain_clp_chat,small,episode_00004,Aborted,1
5041,textmapworld,tagextractor_langchain_clp_chat,small,episode_00004,Success,0
5042,textmapworld,tagextractor_langchain_clp_chat,small,episode_00004,Lose,0
5043,textmapworld,tagextractor_langchain_clp_chat,small,episode_00004,moves,
5044,textmapworld,tagextractor_langchain_clp_chat,small,episode_00004,valid_moves,
5045,textmapworld,tagextractor_langchain_clp_chat,small,episode_00004,invalid_moves,
5046,textmapworld,tagextractor_langchain_clp_chat,small,episode_00004,stopped,
5047,textmapworld,tagextractor_langchain_clp_chat,small,episode_00004,turns_limit,
5048,textmapworld,tagextractor_langchain_clp_chat,small,episode_00004,loops,
5049,textmapworld,tagextractor_langchain_clp_chat,small,episode_00004,number_visited,
5050,textmapworld,tagextractor_langchain_clp_chat,small,episode_00004,seen,
5051,textmapworld,tagextractor_langchain_clp_chat,small,episode_00004,efficiency,
5052,textmapworld,tagextractor_langchain_clp_chat,small,episode_00004,exploration,
5053,textmapworld,tagextractor_langchain_clp_chat,small,episode_00004,Main Score,
5054,textmapworld,tagextractor_langchain_clp_chat,small,episode_00005,Aborted,1
5055,textmapworld,tagextractor_langchain_clp_chat,small,episode_00005,Success,0
5056,textmapworld,tagextractor_langchain_clp_chat,small,episode_00005,Lose,0
5057,textmapworld,tagextractor_langchain_clp_chat,small,episode_00005,moves,
5058,textmapworld,tagextractor_langchain_clp_chat,small,episode_00005,valid_moves,
5059,textmapworld,tagextractor_langchain_clp_chat,small,episode_00005,invalid_moves,
5060,textmapworld,tagextractor_langchain_clp_chat,small,episode_00005,stopped,
5061,textmapworld,tagextractor_langchain_clp_chat,small,episode_00005,turns_limit,
5062,textmapworld,tagextractor_langchain_clp_chat,small,episode_00005,loops,
5063,textmapworld,tagextractor_langchain_clp_chat,small,episode_00005,number_visited,
5064,textmapworld,tagextractor_langchain_clp_chat,small,episode_00005,seen,
5065,textmapworld,tagextractor_langchain_clp_chat,small,episode_00005,efficiency,
5066,textmapworld,tagextractor_langchain_clp_chat,small,episode_00005,exploration,
5067,textmapworld,tagextractor_langchain_clp_chat,small,episode_00005,Main Score,
5068,wordle,tagextractor_langchain_clp_chat,high_frequency_words_no_clue_no_critic,episode_00001,Aborted,0
5069,wordle,tagextractor_langchain_clp_chat,high_frequency_words_no_clue_no_critic,episode_00001,Lose,1
5070,wordle,tagextractor_langchain_clp_chat,high_frequency_words_no_clue_no_critic,episode_00001,Success,0
5071,wordle,tagextractor_langchain_clp_chat,high_frequency_words_no_clue_no_critic,episode_00001,Request Count,6
5072,wordle,tagextractor_langchain_clp_chat,high_frequency_words_no_clue_no_critic,episode_00001,Parsed Request Count,6
5073,wordle,tagextractor_langchain_clp_chat,high_frequency_words_no_clue_no_critic,episode_00001,Violated Request Count,0
5074,wordle,tagextractor_langchain_clp_chat,high_frequency_words_no_clue_no_critic,episode_00001,Request Success Ratio,1.0
5075,wordle,tagextractor_langchain_clp_chat,high_frequency_words_no_clue_no_critic,episode_00001,Main Score,0
5076,wordle,tagextractor_langchain_clp_chat,high_frequency_words_no_clue_no_critic,episode_00001,Guess Repetitions,2
5077,wordle,tagextractor_langchain_clp_chat,high_frequency_words_no_clue_no_critic,episode_00002,Aborted,0
5078,wordle,tagextractor_langchain_clp_chat,high_frequency_words_no_clue_no_critic,episode_00002,Lose,1
5079,wordle,tagextractor_langchain_clp_chat,high_frequency_words_no_clue_no_critic,episode_00002,Success,0
5080,wordle,tagextractor_langchain_clp_chat,high_frequency_words_no_clue_no_critic,episode_00002,Request Count,6
5081,wordle,tagextractor_langchain_clp_chat,high_frequency_words_no_clue_no_critic,episode_00002,Parsed Request Count,6
5082,wordle,tagextractor_langchain_clp_chat,high_frequency_words_no_clue_no_critic,episode_00002,Violated Request Count,0
5083,wordle,tagextractor_langchain_clp_chat,high_frequency_words_no_clue_no_critic,episode_00002,Request Success Ratio,1.0
5084,wordle,tagextractor_langchain_clp_chat,high_frequency_words_no_clue_no_critic,episode_00002,Main Score,0
5085,wordle,tagextractor_langchain_clp_chat,high_frequency_words_no_clue_no_critic,episode_00002,Guess Repetitions,2
5086,wordle,tagextractor_langchain_clp_chat,high_frequency_words_no_clue_no_critic,episode_00003,Aborted,0
5087,wordle,tagextractor_langchain_clp_chat,high_frequency_words_no_clue_no_critic,episode_00003,Lose,1
5088,wordle,tagextractor_langchain_clp_chat,high_frequency_words_no_clue_no_critic,episode_00003,Success,0
5089,wordle,tagextractor_langchain_clp_chat,high_frequency_words_no_clue_no_critic,episode_00003,Request Count,6
5090,wordle,tagextractor_langchain_clp_chat,high_frequency_words_no_clue_no_critic,episode_00003,Parsed Request Count,6
5091,wordle,tagextractor_langchain_clp_chat,high_frequency_words_no_clue_no_critic,episode_00003,Violated Request Count,0
5092,wordle,tagextractor_langchain_clp_chat,high_frequency_words_no_clue_no_critic,episode_00003,Request Success Ratio,1.0
5093,wordle,tagextractor_langchain_clp_chat,high_frequency_words_no_clue_no_critic,episode_00003,Main Score,0
5094,wordle,tagextractor_langchain_clp_chat,high_frequency_words_no_clue_no_critic,episode_00003,Guess Repetitions,1
5095,wordle,tagextractor_langchain_clp_chat,high_frequency_words_no_clue_no_critic,episode_00004,Aborted,1
5096,wordle,tagextractor_langchain_clp_chat,high_frequency_words_no_clue_no_critic,episode_00004,Lose,0
5097,wordle,tagextractor_langchain_clp_chat,high_frequency_words_no_clue_no_critic,episode_00004,Success,0
5098,wordle,tagextractor_langchain_clp_chat,high_frequency_words_no_clue_no_critic,episode_00004,Request Count,3
5099,wordle,tagextractor_langchain_clp_chat,high_frequency_words_no_clue_no_critic,episode_00004,Parsed Request Count,2
5100,wordle,tagextractor_langchain_clp_chat,high_frequency_words_no_clue_no_critic,episode_00004,Violated Request Count,1
5101,wordle,tagextractor_langchain_clp_chat,high_frequency_words_no_clue_no_critic,episode_00004,Request Success Ratio,0.6666666666666666
5102,wordle,tagextractor_langchain_clp_chat,high_frequency_words_no_clue_no_critic,episode_00004,Main Score,
5103,wordle,tagextractor_langchain_clp_chat,high_frequency_words_no_clue_no_critic,episode_00004,Guess Repetitions,
5104,wordle,tagextractor_langchain_clp_chat,high_frequency_words_no_clue_no_critic,episode_00005,Aborted,1
5105,wordle,tagextractor_langchain_clp_chat,high_frequency_words_no_clue_no_critic,episode_00005,Lose,0
5106,wordle,tagextractor_langchain_clp_chat,high_frequency_words_no_clue_no_critic,episode_00005,Success,0
5107,wordle,tagextractor_langchain_clp_chat,high_frequency_words_no_clue_no_critic,episode_00005,Request Count,2
5108,wordle,tagextractor_langchain_clp_chat,high_frequency_words_no_clue_no_critic,episode_00005,Parsed Request Count,1
5109,wordle,tagextractor_langchain_clp_chat,high_frequency_words_no_clue_no_critic,episode_00005,Violated Request Count,1
5110,wordle,tagextractor_langchain_clp_chat,high_frequency_words_no_clue_no_critic,episode_00005,Request Success Ratio,0.5
5111,wordle,tagextractor_langchain_clp_chat,high_frequency_words_no_clue_no_critic,episode_00005,Main Score,
5112,wordle,tagextractor_langchain_clp_chat,high_frequency_words_no_clue_no_critic,episode_00005,Guess Repetitions,
5113,wordle,tagextractor_langchain_clp_chat,high_frequency_words_no_clue_no_critic,episode_00006,Aborted,0
5114,wordle,tagextractor_langchain_clp_chat,high_frequency_words_no_clue_no_critic,episode_00006,Lose,1
5115,wordle,tagextractor_langchain_clp_chat,high_frequency_words_no_clue_no_critic,episode_00006,Success,0
5116,wordle,tagextractor_langchain_clp_chat,high_frequency_words_no_clue_no_critic,episode_00006,Request Count,7
5117,wordle,tagextractor_langchain_clp_chat,high_frequency_words_no_clue_no_critic,episode_00006,Parsed Request Count,7
5118,wordle,tagextractor_langchain_clp_chat,high_frequency_words_no_clue_no_critic,episode_00006,Violated Request Count,0
5119,wordle,tagextractor_langchain_clp_chat,high_frequency_words_no_clue_no_critic,episode_00006,Request Success Ratio,1.0
5120,wordle,tagextractor_langchain_clp_chat,high_frequency_words_no_clue_no_critic,episode_00006,Main Score,0
5121,wordle,tagextractor_langchain_clp_chat,high_frequency_words_no_clue_no_critic,episode_00006,Guess Repetitions,2
5122,wordle,tagextractor_langchain_clp_chat,high_frequency_words_no_clue_no_critic,episode_00007,Aborted,1
5123,wordle,tagextractor_langchain_clp_chat,high_frequency_words_no_clue_no_critic,episode_00007,Lose,0
5124,wordle,tagextractor_langchain_clp_chat,high_frequency_words_no_clue_no_critic,episode_00007,Success,0
5125,wordle,tagextractor_langchain_clp_chat,high_frequency_words_no_clue_no_critic,episode_00007,Request Count,2
5126,wordle,tagextractor_langchain_clp_chat,high_frequency_words_no_clue_no_critic,episode_00007,Parsed Request Count,1
5127,wordle,tagextractor_langchain_clp_chat,high_frequency_words_no_clue_no_critic,episode_00007,Violated Request Count,1
5128,wordle,tagextractor_langchain_clp_chat,high_frequency_words_no_clue_no_critic,episode_00007,Request Success Ratio,0.5
5129,wordle,tagextractor_langchain_clp_chat,high_frequency_words_no_clue_no_critic,episode_00007,Main Score,
5130,wordle,tagextractor_langchain_clp_chat,high_frequency_words_no_clue_no_critic,episode_00007,Guess Repetitions,
5131,wordle,tagextractor_langchain_clp_chat,high_frequency_words_no_clue_no_critic,episode_00008,Aborted,1
5132,wordle,tagextractor_langchain_clp_chat,high_frequency_words_no_clue_no_critic,episode_00008,Lose,0
5133,wordle,tagextractor_langchain_clp_chat,high_frequency_words_no_clue_no_critic,episode_00008,Success,0
5134,wordle,tagextractor_langchain_clp_chat,high_frequency_words_no_clue_no_critic,episode_00008,Request Count,2
5135,wordle,tagextractor_langchain_clp_chat,high_frequency_words_no_clue_no_critic,episode_00008,Parsed Request Count,1
5136,wordle,tagextractor_langchain_clp_chat,high_frequency_words_no_clue_no_critic,episode_00008,Violated Request Count,1
5137,wordle,tagextractor_langchain_clp_chat,high_frequency_words_no_clue_no_critic,episode_00008,Request Success Ratio,0.5
5138,wordle,tagextractor_langchain_clp_chat,high_frequency_words_no_clue_no_critic,episode_00008,Main Score,
5139,wordle,tagextractor_langchain_clp_chat,high_frequency_words_no_clue_no_critic,episode_00008,Guess Repetitions,
5140,wordle,tagextractor_langchain_clp_chat,high_frequency_words_no_clue_no_critic,episode_00009,Aborted,0
5141,wordle,tagextractor_langchain_clp_chat,high_frequency_words_no_clue_no_critic,episode_00009,Lose,1
5142,wordle,tagextractor_langchain_clp_chat,high_frequency_words_no_clue_no_critic,episode_00009,Success,0
5143,wordle,tagextractor_langchain_clp_chat,high_frequency_words_no_clue_no_critic,episode_00009,Request Count,6
5144,wordle,tagextractor_langchain_clp_chat,high_frequency_words_no_clue_no_critic,episode_00009,Parsed Request Count,6
5145,wordle,tagextractor_langchain_clp_chat,high_frequency_words_no_clue_no_critic,episode_00009,Violated Request Count,0
5146,wordle,tagextractor_langchain_clp_chat,high_frequency_words_no_clue_no_critic,episode_00009,Request Success Ratio,1.0
5147,wordle,tagextractor_langchain_clp_chat,high_frequency_words_no_clue_no_critic,episode_00009,Main Score,0
5148,wordle,tagextractor_langchain_clp_chat,high_frequency_words_no_clue_no_critic,episode_00009,Guess Repetitions,4
5149,wordle,tagextractor_langchain_clp_chat,high_frequency_words_no_clue_no_critic,episode_00010,Aborted,1
5150,wordle,tagextractor_langchain_clp_chat,high_frequency_words_no_clue_no_critic,episode_00010,Lose,0
5151,wordle,tagextractor_langchain_clp_chat,high_frequency_words_no_clue_no_critic,episode_00010,Success,0
5152,wordle,tagextractor_langchain_clp_chat,high_frequency_words_no_clue_no_critic,episode_00010,Request Count,2
5153,wordle,tagextractor_langchain_clp_chat,high_frequency_words_no_clue_no_critic,episode_00010,Parsed Request Count,1
5154,wordle,tagextractor_langchain_clp_chat,high_frequency_words_no_clue_no_critic,episode_00010,Violated Request Count,1
5155,wordle,tagextractor_langchain_clp_chat,high_frequency_words_no_clue_no_critic,episode_00010,Request Success Ratio,0.5
5156,wordle,tagextractor_langchain_clp_chat,high_frequency_words_no_clue_no_critic,episode_00010,Main Score,
5157,wordle,tagextractor_langchain_clp_chat,high_frequency_words_no_clue_no_critic,episode_00010,Guess Repetitions,
5158,wordle,tagextractor_langchain_clp_chat,medium_frequency_words_no_clue_no_critic,episode_00011,Aborted,1
5159,wordle,tagextractor_langchain_clp_chat,medium_frequency_words_no_clue_no_critic,episode_00011,Lose,0
5160,wordle,tagextractor_langchain_clp_chat,medium_frequency_words_no_clue_no_critic,episode_00011,Success,0
5161,wordle,tagextractor_langchain_clp_chat,medium_frequency_words_no_clue_no_critic,episode_00011,Request Count,2
5162,wordle,tagextractor_langchain_clp_chat,medium_frequency_words_no_clue_no_critic,episode_00011,Parsed Request Count,1
5163,wordle,tagextractor_langchain_clp_chat,medium_frequency_words_no_clue_no_critic,episode_00011,Violated Request Count,1
5164,wordle,tagextractor_langchain_clp_chat,medium_frequency_words_no_clue_no_critic,episode_00011,Request Success Ratio,0.5
5165,wordle,tagextractor_langchain_clp_chat,medium_frequency_words_no_clue_no_critic,episode_00011,Main Score,
5166,wordle,tagextractor_langchain_clp_chat,medium_frequency_words_no_clue_no_critic,episode_00011,Guess Repetitions,
5167,wordle,tagextractor_langchain_clp_chat,medium_frequency_words_no_clue_no_critic,episode_00012,Aborted,1
5168,wordle,tagextractor_langchain_clp_chat,medium_frequency_words_no_clue_no_critic,episode_00012,Lose,0
5169,wordle,tagextractor_langchain_clp_chat,medium_frequency_words_no_clue_no_critic,episode_00012,Success,0
5170,wordle,tagextractor_langchain_clp_chat,medium_frequency_words_no_clue_no_critic,episode_00012,Request Count,2
5171,wordle,tagextractor_langchain_clp_chat,medium_frequency_words_no_clue_no_critic,episode_00012,Parsed Request Count,1
5172,wordle,tagextractor_langchain_clp_chat,medium_frequency_words_no_clue_no_critic,episode_00012,Violated Request Count,1
5173,wordle,tagextractor_langchain_clp_chat,medium_frequency_words_no_clue_no_critic,episode_00012,Request Success Ratio,0.5
5174,wordle,tagextractor_langchain_clp_chat,medium_frequency_words_no_clue_no_critic,episode_00012,Main Score,
5175,wordle,tagextractor_langchain_clp_chat,medium_frequency_words_no_clue_no_critic,episode_00012,Guess Repetitions,
5176,wordle,tagextractor_langchain_clp_chat,medium_frequency_words_no_clue_no_critic,episode_00013,Aborted,1
5177,wordle,tagextractor_langchain_clp_chat,medium_frequency_words_no_clue_no_critic,episode_00013,Lose,0
5178,wordle,tagextractor_langchain_clp_chat,medium_frequency_words_no_clue_no_critic,episode_00013,Success,0
5179,wordle,tagextractor_langchain_clp_chat,medium_frequency_words_no_clue_no_critic,episode_00013,Request Count,2
5180,wordle,tagextractor_langchain_clp_chat,medium_frequency_words_no_clue_no_critic,episode_00013,Parsed Request Count,1
5181,wordle,tagextractor_langchain_clp_chat,medium_frequency_words_no_clue_no_critic,episode_00013,Violated Request Count,1
5182,wordle,tagextractor_langchain_clp_chat,medium_frequency_words_no_clue_no_critic,episode_00013,Request Success Ratio,0.5
5183,wordle,tagextractor_langchain_clp_chat,medium_frequency_words_no_clue_no_critic,episode_00013,Main Score,
5184,wordle,tagextractor_langchain_clp_chat,medium_frequency_words_no_clue_no_critic,episode_00013,Guess Repetitions,
5185,wordle,tagextractor_langchain_clp_chat,medium_frequency_words_no_clue_no_critic,episode_00014,Aborted,0
5186,wordle,tagextractor_langchain_clp_chat,medium_frequency_words_no_clue_no_critic,episode_00014,Lose,1
5187,wordle,tagextractor_langchain_clp_chat,medium_frequency_words_no_clue_no_critic,episode_00014,Success,0
5188,wordle,tagextractor_langchain_clp_chat,medium_frequency_words_no_clue_no_critic,episode_00014,Request Count,6
5189,wordle,tagextractor_langchain_clp_chat,medium_frequency_words_no_clue_no_critic,episode_00014,Parsed Request Count,6
5190,wordle,tagextractor_langchain_clp_chat,medium_frequency_words_no_clue_no_critic,episode_00014,Violated Request Count,0
5191,wordle,tagextractor_langchain_clp_chat,medium_frequency_words_no_clue_no_critic,episode_00014,Request Success Ratio,1.0
5192,wordle,tagextractor_langchain_clp_chat,medium_frequency_words_no_clue_no_critic,episode_00014,Main Score,0
5193,wordle,tagextractor_langchain_clp_chat,medium_frequency_words_no_clue_no_critic,episode_00014,Guess Repetitions,0
5194,wordle,tagextractor_langchain_clp_chat,medium_frequency_words_no_clue_no_critic,episode_00015,Aborted,0
5195,wordle,tagextractor_langchain_clp_chat,medium_frequency_words_no_clue_no_critic,episode_00015,Lose,1
5196,wordle,tagextractor_langchain_clp_chat,medium_frequency_words_no_clue_no_critic,episode_00015,Success,0
5197,wordle,tagextractor_langchain_clp_chat,medium_frequency_words_no_clue_no_critic,episode_00015,Request Count,6
5198,wordle,tagextractor_langchain_clp_chat,medium_frequency_words_no_clue_no_critic,episode_00015,Parsed Request Count,6
5199,wordle,tagextractor_langchain_clp_chat,medium_frequency_words_no_clue_no_critic,episode_00015,Violated Request Count,0
5200,wordle,tagextractor_langchain_clp_chat,medium_frequency_words_no_clue_no_critic,episode_00015,Request Success Ratio,1.0
5201,wordle,tagextractor_langchain_clp_chat,medium_frequency_words_no_clue_no_critic,episode_00015,Main Score,0
5202,wordle,tagextractor_langchain_clp_chat,medium_frequency_words_no_clue_no_critic,episode_00015,Guess Repetitions,5
5203,wordle,tagextractor_langchain_clp_chat,medium_frequency_words_no_clue_no_critic,episode_00016,Aborted,1
5204,wordle,tagextractor_langchain_clp_chat,medium_frequency_words_no_clue_no_critic,episode_00016,Lose,0
5205,wordle,tagextractor_langchain_clp_chat,medium_frequency_words_no_clue_no_critic,episode_00016,Success,0
5206,wordle,tagextractor_langchain_clp_chat,medium_frequency_words_no_clue_no_critic,episode_00016,Request Count,2
5207,wordle,tagextractor_langchain_clp_chat,medium_frequency_words_no_clue_no_critic,episode_00016,Parsed Request Count,1
5208,wordle,tagextractor_langchain_clp_chat,medium_frequency_words_no_clue_no_critic,episode_00016,Violated Request Count,1
5209,wordle,tagextractor_langchain_clp_chat,medium_frequency_words_no_clue_no_critic,episode_00016,Request Success Ratio,0.5
5210,wordle,tagextractor_langchain_clp_chat,medium_frequency_words_no_clue_no_critic,episode_00016,Main Score,
5211,wordle,tagextractor_langchain_clp_chat,medium_frequency_words_no_clue_no_critic,episode_00016,Guess Repetitions,
5212,wordle,tagextractor_langchain_clp_chat,medium_frequency_words_no_clue_no_critic,episode_00017,Aborted,1
5213,wordle,tagextractor_langchain_clp_chat,medium_frequency_words_no_clue_no_critic,episode_00017,Lose,0
5214,wordle,tagextractor_langchain_clp_chat,medium_frequency_words_no_clue_no_critic,episode_00017,Success,0
5215,wordle,tagextractor_langchain_clp_chat,medium_frequency_words_no_clue_no_critic,episode_00017,Request Count,2
5216,wordle,tagextractor_langchain_clp_chat,medium_frequency_words_no_clue_no_critic,episode_00017,Parsed Request Count,1
5217,wordle,tagextractor_langchain_clp_chat,medium_frequency_words_no_clue_no_critic,episode_00017,Violated Request Count,1
5218,wordle,tagextractor_langchain_clp_chat,medium_frequency_words_no_clue_no_critic,episode_00017,Request Success Ratio,0.5
5219,wordle,tagextractor_langchain_clp_chat,medium_frequency_words_no_clue_no_critic,episode_00017,Main Score,
5220,wordle,tagextractor_langchain_clp_chat,medium_frequency_words_no_clue_no_critic,episode_00017,Guess Repetitions,
5221,wordle,tagextractor_langchain_clp_chat,medium_frequency_words_no_clue_no_critic,episode_00018,Aborted,0
5222,wordle,tagextractor_langchain_clp_chat,medium_frequency_words_no_clue_no_critic,episode_00018,Lose,1
5223,wordle,tagextractor_langchain_clp_chat,medium_frequency_words_no_clue_no_critic,episode_00018,Success,0
5224,wordle,tagextractor_langchain_clp_chat,medium_frequency_words_no_clue_no_critic,episode_00018,Request Count,6
5225,wordle,tagextractor_langchain_clp_chat,medium_frequency_words_no_clue_no_critic,episode_00018,Parsed Request Count,6
5226,wordle,tagextractor_langchain_clp_chat,medium_frequency_words_no_clue_no_critic,episode_00018,Violated Request Count,0
5227,wordle,tagextractor_langchain_clp_chat,medium_frequency_words_no_clue_no_critic,episode_00018,Request Success Ratio,1.0
5228,wordle,tagextractor_langchain_clp_chat,medium_frequency_words_no_clue_no_critic,episode_00018,Main Score,0
5229,wordle,tagextractor_langchain_clp_chat,medium_frequency_words_no_clue_no_critic,episode_00018,Guess Repetitions,2
5230,wordle,tagextractor_langchain_clp_chat,medium_frequency_words_no_clue_no_critic,episode_00019,Aborted,0
5231,wordle,tagextractor_langchain_clp_chat,medium_frequency_words_no_clue_no_critic,episode_00019,Lose,1
5232,wordle,tagextractor_langchain_clp_chat,medium_frequency_words_no_clue_no_critic,episode_00019,Success,0
5233,wordle,tagextractor_langchain_clp_chat,medium_frequency_words_no_clue_no_critic,episode_00019,Request Count,7
5234,wordle,tagextractor_langchain_clp_chat,medium_frequency_words_no_clue_no_critic,episode_00019,Parsed Request Count,7
5235,wordle,tagextractor_langchain_clp_chat,medium_frequency_words_no_clue_no_critic,episode_00019,Violated Request Count,0
5236,wordle,tagextractor_langchain_clp_chat,medium_frequency_words_no_clue_no_critic,episode_00019,Request Success Ratio,1.0
5237,wordle,tagextractor_langchain_clp_chat,medium_frequency_words_no_clue_no_critic,episode_00019,Main Score,0
5238,wordle,tagextractor_langchain_clp_chat,medium_frequency_words_no_clue_no_critic,episode_00019,Guess Repetitions,1
5239,wordle,tagextractor_langchain_clp_chat,medium_frequency_words_no_clue_no_critic,episode_00020,Aborted,0
5240,wordle,tagextractor_langchain_clp_chat,medium_frequency_words_no_clue_no_critic,episode_00020,Lose,1
5241,wordle,tagextractor_langchain_clp_chat,medium_frequency_words_no_clue_no_critic,episode_00020,Success,0
5242,wordle,tagextractor_langchain_clp_chat,medium_frequency_words_no_clue_no_critic,episode_00020,Request Count,7
5243,wordle,tagextractor_langchain_clp_chat,medium_frequency_words_no_clue_no_critic,episode_00020,Parsed Request Count,7
5244,wordle,tagextractor_langchain_clp_chat,medium_frequency_words_no_clue_no_critic,episode_00020,Violated Request Count,0
5245,wordle,tagextractor_langchain_clp_chat,medium_frequency_words_no_clue_no_critic,episode_00020,Request Success Ratio,1.0
5246,wordle,tagextractor_langchain_clp_chat,medium_frequency_words_no_clue_no_critic,episode_00020,Main Score,0
5247,wordle,tagextractor_langchain_clp_chat,medium_frequency_words_no_clue_no_critic,episode_00020,Guess Repetitions,3
5248,adventuregame,tagextractor_langchain_clp_chat,home_deliver_three_basic_easy,episode_00001,Played,1.0
5249,adventuregame,tagextractor_langchain_clp_chat,home_deliver_three_basic_easy,episode_00002,Played,1.0
5250,adventuregame,tagextractor_langchain_clp_chat,home_deliver_three_basic_easy,episode_00003,Played,1.0
5251,adventuregame,tagextractor_langchain_clp_chat,home_deliver_three_basic_easy_invlimittwo,episode_00007,Played,1.0
5252,adventuregame,tagextractor_langchain_clp_chat,home_deliver_three_basic_easy_invlimittwo,episode_00008,Played,0.0
5253,adventuregame,tagextractor_langchain_clp_chat,home_deliver_three_basic_easy_invlimittwo,episode_00009,Played,1.0
5254,adventuregame,tagextractor_langchain_clp_chat,home_deliver_three_basic_hard,episode_00013,Played,1.0
5255,adventuregame,tagextractor_langchain_clp_chat,home_deliver_three_basic_hard,episode_00014,Played,0.0
5256,adventuregame,tagextractor_langchain_clp_chat,home_deliver_three_basic_hard,episode_00015,Played,1.0
5257,adventuregame,tagextractor_langchain_clp_chat,home_deliver_three_basic_hard_invlimittwo,episode_00019,Played,1.0
5258,adventuregame,tagextractor_langchain_clp_chat,home_deliver_three_basic_hard_invlimittwo,episode_00020,Played,0.0
5259,adventuregame,tagextractor_langchain_clp_chat,home_deliver_three_basic_hard_invlimittwo,episode_00021,Played,1.0
5260,adventuregame,tagextractor_langchain_clp_chat,home_deliver_three_planning_easy,episode_00004,Played,1.0
5261,adventuregame,tagextractor_langchain_clp_chat,home_deliver_three_planning_easy,episode_00005,Played,0.0
5262,adventuregame,tagextractor_langchain_clp_chat,home_deliver_three_planning_easy,episode_00006,Played,1.0
5263,adventuregame,tagextractor_langchain_clp_chat,home_deliver_three_planning_easy_invlimittwo,episode_00010,Played,1.0
5264,adventuregame,tagextractor_langchain_clp_chat,home_deliver_three_planning_easy_invlimittwo,episode_00011,Played,1.0
5265,adventuregame,tagextractor_langchain_clp_chat,home_deliver_three_planning_easy_invlimittwo,episode_00012,Played,1.0
5266,adventuregame,tagextractor_langchain_clp_chat,home_deliver_three_planning_hard,episode_00016,Played,0.0
5267,adventuregame,tagextractor_langchain_clp_chat,home_deliver_three_planning_hard,episode_00017,Played,0.0
5268,adventuregame,tagextractor_langchain_clp_chat,home_deliver_three_planning_hard,episode_00018,Played,0.0
5269,adventuregame,tagextractor_langchain_clp_chat,home_deliver_three_planning_hard_invlimittwo,episode_00022,Played,0.0
5270,adventuregame,tagextractor_langchain_clp_chat,home_deliver_three_planning_hard_invlimittwo,episode_00023,Played,0.0
5271,adventuregame,tagextractor_langchain_clp_chat,home_deliver_three_planning_hard_invlimittwo,episode_00024,Played,0.0
5272,clean_up,tagextractor_langchain_clp_chat,0_easy_3obj_en,episode_00001,Played,1.0
5273,clean_up,tagextractor_langchain_clp_chat,0_easy_3obj_en,episode_00002,Played,1
5274,clean_up,tagextractor_langchain_clp_chat,0_easy_5obj_en,episode_00003,Played,1
5275,clean_up,tagextractor_langchain_clp_chat,0_easy_5obj_en,episode_00004,Played,0
5276,clean_up,tagextractor_langchain_clp_chat,0_easy_7obj_en,episode_00005,Played,0
5277,clean_up,tagextractor_langchain_clp_chat,0_easy_7obj_en,episode_00006,Played,1
5278,clean_up,tagextractor_langchain_clp_chat,1_medium_3obj_en,episode_00007,Played,0
5279,clean_up,tagextractor_langchain_clp_chat,1_medium_3obj_en,episode_00008,Played,0
5280,clean_up,tagextractor_langchain_clp_chat,1_medium_5obj_en,episode_00009,Played,1
5281,clean_up,tagextractor_langchain_clp_chat,1_medium_5obj_en,episode_00010,Played,0
5282,clean_up,tagextractor_langchain_clp_chat,1_medium_7obj_en,episode_00011,Played,0
5283,clean_up,tagextractor_langchain_clp_chat,1_medium_7obj_en,episode_00012,Played,0
5284,clean_up,tagextractor_langchain_clp_chat,2_hard_3obj_en,episode_00013,Played,0
5285,clean_up,tagextractor_langchain_clp_chat,2_hard_3obj_en,episode_00014,Played,0
5286,clean_up,tagextractor_langchain_clp_chat,2_hard_5obj_en,episode_00015,Played,0
5287,clean_up,tagextractor_langchain_clp_chat,2_hard_5obj_en,episode_00016,Played,0
5288,clean_up,tagextractor_langchain_clp_chat,2_hard_7obj_en,episode_00017,Played,0
5289,clean_up,tagextractor_langchain_clp_chat,2_hard_7obj_en,episode_00018,Played,0
5290,codenames,tagextractor_langchain_clp_chat,abstract,episode_00025,Played,0
5291,codenames,tagextractor_langchain_clp_chat,abstract,episode_00026,Played,0
5292,codenames,tagextractor_langchain_clp_chat,ambiguous,episode_00021,Played,0
5293,codenames,tagextractor_langchain_clp_chat,ambiguous,episode_00022,Played,0
5294,codenames,tagextractor_langchain_clp_chat,association_difficult,episode_00007,Played,0
5295,codenames,tagextractor_langchain_clp_chat,association_difficult,episode_00008,Played,0
5296,codenames,tagextractor_langchain_clp_chat,association_easy,episode_00005,Played,0
5297,codenames,tagextractor_langchain_clp_chat,association_easy,episode_00006,Played,0
5298,codenames,tagextractor_langchain_clp_chat,concrete,episode_00023,Played,0
5299,codenames,tagextractor_langchain_clp_chat,concrete,episode_00024,Played,0
5300,codenames,tagextractor_langchain_clp_chat,frequency_high,episode_00017,Played,0
5301,codenames,tagextractor_langchain_clp_chat,frequency_high,episode_00018,Played,0
5302,codenames,tagextractor_langchain_clp_chat,frequency_low,episode_00015,Played,0
5303,codenames,tagextractor_langchain_clp_chat,frequency_low,episode_00016,Played,1
5304,codenames,tagextractor_langchain_clp_chat,opponent_difficult,episode_00013,Played,0
5305,codenames,tagextractor_langchain_clp_chat,opponent_difficult,episode_00014,Played,1
5306,codenames,tagextractor_langchain_clp_chat,opponent_easy,episode_00011,Played,0
5307,codenames,tagextractor_langchain_clp_chat,opponent_easy,episode_00012,Played,0
5308,codenames,tagextractor_langchain_clp_chat,opponent_none,episode_00009,Played,0
5309,codenames,tagextractor_langchain_clp_chat,opponent_none,episode_00010,Played,0
5310,codenames,tagextractor_langchain_clp_chat,risk_high,episode_00003,Played,0
5311,codenames,tagextractor_langchain_clp_chat,risk_high,episode_00004,Played,0
5312,codenames,tagextractor_langchain_clp_chat,risk_low,episode_00001,Played,0
5313,codenames,tagextractor_langchain_clp_chat,risk_low,episode_00002,Played,0
5314,codenames,tagextractor_langchain_clp_chat,unambiguous,episode_00019,Played,0
5315,codenames,tagextractor_langchain_clp_chat,unambiguous,episode_00020,Played,0
5316,dond,tagextractor_langchain_clp_chat,coop_en,episode_00001,Played,0
5317,dond,tagextractor_langchain_clp_chat,coop_en,episode_00002,Played,0
5318,dond,tagextractor_langchain_clp_chat,coop_en,episode_00003,Played,0
5319,dond,tagextractor_langchain_clp_chat,coop_en,episode_00004,Played,0
5320,dond,tagextractor_langchain_clp_chat,coop_en,episode_00005,Played,0
5321,dond,tagextractor_langchain_clp_chat,coop_en,episode_00006,Played,0
5322,dond,tagextractor_langchain_clp_chat,coop_en,episode_00007,Played,0
5323,dond,tagextractor_langchain_clp_chat,coop_en,episode_00008,Played,0
5324,dond,tagextractor_langchain_clp_chat,coop_en,episode_00009,Played,0
5325,dond,tagextractor_langchain_clp_chat,coop_en,episode_00010,Played,0
5326,dond,tagextractor_langchain_clp_chat,semi_en,episode_00011,Played,0
5327,dond,tagextractor_langchain_clp_chat,semi_en,episode_00012,Played,0
5328,dond,tagextractor_langchain_clp_chat,semi_en,episode_00013,Played,0
5329,dond,tagextractor_langchain_clp_chat,semi_en,episode_00014,Played,0
5330,dond,tagextractor_langchain_clp_chat,semi_en,episode_00015,Played,0
5331,dond,tagextractor_langchain_clp_chat,semi_en,episode_00016,Played,0
5332,dond,tagextractor_langchain_clp_chat,semi_en,episode_00017,Played,0
5333,dond,tagextractor_langchain_clp_chat,semi_en,episode_00018,Played,0
5334,dond,tagextractor_langchain_clp_chat,semi_en,episode_00019,Played,0
5335,dond,tagextractor_langchain_clp_chat,semi_en,episode_00020,Played,0
5336,guesswhat,tagextractor_langchain_clp_chat,Abs_Level_1,episode_00013,Played,1
5337,guesswhat,tagextractor_langchain_clp_chat,Abs_Level_1,episode_00014,Played,1
5338,guesswhat,tagextractor_langchain_clp_chat,Abs_Level_1,episode_00015,Played,1
5339,guesswhat,tagextractor_langchain_clp_chat,Abs_Level_1,episode_00016,Played,1
5340,guesswhat,tagextractor_langchain_clp_chat,Abs_Level_2,episode_00017,Played,1
5341,guesswhat,tagextractor_langchain_clp_chat,Abs_Level_2,episode_00018,Played,1
5342,guesswhat,tagextractor_langchain_clp_chat,Abs_Level_2,episode_00019,Played,1
5343,guesswhat,tagextractor_langchain_clp_chat,Abs_Level_2,episode_00020,Played,1
5344,guesswhat,tagextractor_langchain_clp_chat,Abs_Level_3,episode_00021,Played,1
5345,guesswhat,tagextractor_langchain_clp_chat,Abs_Level_3,episode_00022,Played,1
5346,guesswhat,tagextractor_langchain_clp_chat,Abs_Level_3,episode_00023,Played,0
5347,guesswhat,tagextractor_langchain_clp_chat,Abs_Level_3,episode_00024,Played,1
5348,guesswhat,tagextractor_langchain_clp_chat,Level_1,episode_00001,Played,1
5349,guesswhat,tagextractor_langchain_clp_chat,Level_1,episode_00002,Played,1
5350,guesswhat,tagextractor_langchain_clp_chat,Level_1,episode_00003,Played,1
5351,guesswhat,tagextractor_langchain_clp_chat,Level_1,episode_00004,Played,1
5352,guesswhat,tagextractor_langchain_clp_chat,Level_2,episode_00005,Played,1
5353,guesswhat,tagextractor_langchain_clp_chat,Level_2,episode_00006,Played,1
5354,guesswhat,tagextractor_langchain_clp_chat,Level_2,episode_00007,Played,0
5355,guesswhat,tagextractor_langchain_clp_chat,Level_2,episode_00008,Played,1
5356,guesswhat,tagextractor_langchain_clp_chat,Level_3,episode_00009,Played,1
5357,guesswhat,tagextractor_langchain_clp_chat,Level_3,episode_00010,Played,1
5358,guesswhat,tagextractor_langchain_clp_chat,Level_3,episode_00011,Played,1
5359,guesswhat,tagextractor_langchain_clp_chat,Level_3,episode_00012,Played,1
5360,imagegame,tagextractor_langchain_clp_chat,compact_grids,episode_00001,Played,0
5361,imagegame,tagextractor_langchain_clp_chat,compact_grids,episode_00002,Played,0
5362,imagegame,tagextractor_langchain_clp_chat,compact_grids,episode_00003,Played,0
5363,imagegame,tagextractor_langchain_clp_chat,compact_grids,episode_00004,Played,0
5364,imagegame,tagextractor_langchain_clp_chat,compact_grids,episode_00005,Played,0
5365,imagegame,tagextractor_langchain_clp_chat,compact_grids,episode_00006,Played,0
5366,imagegame,tagextractor_langchain_clp_chat,compact_grids,episode_00007,Played,0
5367,imagegame,tagextractor_langchain_clp_chat,compact_grids,episode_00008,Played,0
5368,imagegame,tagextractor_langchain_clp_chat,compact_grids,episode_00009,Played,0
5369,imagegame,tagextractor_langchain_clp_chat,compact_grids,episode_00010,Played,0
5370,imagegame,tagextractor_langchain_clp_chat,compact_grids,episode_00011,Played,0
5371,imagegame,tagextractor_langchain_clp_chat,compact_grids,episode_00012,Played,0
5372,imagegame,tagextractor_langchain_clp_chat,random_grids,episode_00013,Played,0
5373,imagegame,tagextractor_langchain_clp_chat,random_grids,episode_00014,Played,0
5374,imagegame,tagextractor_langchain_clp_chat,random_grids,episode_00015,Played,0
5375,imagegame,tagextractor_langchain_clp_chat,random_grids,episode_00016,Played,0
5376,imagegame,tagextractor_langchain_clp_chat,random_grids,episode_00017,Played,0
5377,imagegame,tagextractor_langchain_clp_chat,random_grids,episode_00018,Played,0
5378,imagegame,tagextractor_langchain_clp_chat,random_grids,episode_00019,Played,0
5379,imagegame,tagextractor_langchain_clp_chat,random_grids,episode_00020,Played,0
5380,imagegame,tagextractor_langchain_clp_chat,random_grids,episode_00021,Played,0
5381,imagegame,tagextractor_langchain_clp_chat,random_grids,episode_00022,Played,0
5382,imagegame,tagextractor_langchain_clp_chat,random_grids,episode_00023,Played,0
5383,imagegame,tagextractor_langchain_clp_chat,random_grids,episode_00024,Played,0
5384,matchit,tagextractor_langchain_clp_chat,different_image,episode_00017,Played,1
5385,matchit,tagextractor_langchain_clp_chat,different_image,episode_00018,Played,1
5386,matchit,tagextractor_langchain_clp_chat,different_image,episode_00019,Played,1
5387,matchit,tagextractor_langchain_clp_chat,different_image,episode_00020,Played,1
5388,matchit,tagextractor_langchain_clp_chat,different_image,episode_00021,Played,1
5389,matchit,tagextractor_langchain_clp_chat,different_image,episode_00022,Played,1
5390,matchit,tagextractor_langchain_clp_chat,different_image,episode_00023,Played,1
5391,matchit,tagextractor_langchain_clp_chat,different_image,episode_00024,Played,1
5392,matchit,tagextractor_langchain_clp_chat,same_image,episode_00001,Played,1
5393,matchit,tagextractor_langchain_clp_chat,same_image,episode_00002,Played,1
5394,matchit,tagextractor_langchain_clp_chat,same_image,episode_00003,Played,1
5395,matchit,tagextractor_langchain_clp_chat,same_image,episode_00004,Played,1
5396,matchit,tagextractor_langchain_clp_chat,same_image,episode_00005,Played,1
5397,matchit,tagextractor_langchain_clp_chat,same_image,episode_00006,Played,1
5398,matchit,tagextractor_langchain_clp_chat,same_image,episode_00007,Played,1
5399,matchit,tagextractor_langchain_clp_chat,same_image,episode_00008,Played,1
5400,matchit,tagextractor_langchain_clp_chat,similar_image,episode_00009,Played,1
5401,matchit,tagextractor_langchain_clp_chat,similar_image,episode_00010,Played,1
5402,matchit,tagextractor_langchain_clp_chat,similar_image,episode_00011,Played,1
5403,matchit,tagextractor_langchain_clp_chat,similar_image,episode_00012,Played,1
5404,matchit,tagextractor_langchain_clp_chat,similar_image,episode_00013,Played,1
5405,matchit,tagextractor_langchain_clp_chat,similar_image,episode_00014,Played,1
5406,matchit,tagextractor_langchain_clp_chat,similar_image,episode_00015,Played,1
5407,matchit,tagextractor_langchain_clp_chat,similar_image,episode_00016,Played,1
5408,matchit_ascii,tagextractor_langchain_clp_chat,different_grid,episode_00019,Played,1
5409,matchit_ascii,tagextractor_langchain_clp_chat,different_grid,episode_00020,Played,1
5410,matchit_ascii,tagextractor_langchain_clp_chat,different_grid,episode_00021,Played,1
5411,matchit_ascii,tagextractor_langchain_clp_chat,different_grid,episode_00022,Played,1
5412,matchit_ascii,tagextractor_langchain_clp_chat,different_grid,episode_00023,Played,1
5413,matchit_ascii,tagextractor_langchain_clp_chat,different_grid,episode_00024,Played,1
5414,matchit_ascii,tagextractor_langchain_clp_chat,same_grid,episode_00001,Played,1
5415,matchit_ascii,tagextractor_langchain_clp_chat,same_grid,episode_00002,Played,1
5416,matchit_ascii,tagextractor_langchain_clp_chat,same_grid,episode_00003,Played,1
5417,matchit_ascii,tagextractor_langchain_clp_chat,same_grid,episode_00004,Played,1
5418,matchit_ascii,tagextractor_langchain_clp_chat,same_grid,episode_00005,Played,1
5419,matchit_ascii,tagextractor_langchain_clp_chat,same_grid,episode_00006,Played,1
5420,matchit_ascii,tagextractor_langchain_clp_chat,similar_grid_1,episode_00007,Played,1
5421,matchit_ascii,tagextractor_langchain_clp_chat,similar_grid_1,episode_00008,Played,1
5422,matchit_ascii,tagextractor_langchain_clp_chat,similar_grid_1,episode_00009,Played,1
5423,matchit_ascii,tagextractor_langchain_clp_chat,similar_grid_1,episode_00010,Played,1
5424,matchit_ascii,tagextractor_langchain_clp_chat,similar_grid_1,episode_00011,Played,1
5425,matchit_ascii,tagextractor_langchain_clp_chat,similar_grid_1,episode_00012,Played,1
5426,matchit_ascii,tagextractor_langchain_clp_chat,similar_grid_2,episode_00013,Played,1
5427,matchit_ascii,tagextractor_langchain_clp_chat,similar_grid_2,episode_00014,Played,1
5428,matchit_ascii,tagextractor_langchain_clp_chat,similar_grid_2,episode_00015,Played,1
5429,matchit_ascii,tagextractor_langchain_clp_chat,similar_grid_2,episode_00016,Played,1
5430,matchit_ascii,tagextractor_langchain_clp_chat,similar_grid_2,episode_00017,Played,1
5431,matchit_ascii,tagextractor_langchain_clp_chat,similar_grid_2,episode_00018,Played,1
5432,mm_mapworld,tagextractor_langchain_clp_chat,large,episode_00011,Played,0
5433,mm_mapworld,tagextractor_langchain_clp_chat,large,episode_00012,Played,0
5434,mm_mapworld,tagextractor_langchain_clp_chat,large,episode_00013,Played,0
5435,mm_mapworld,tagextractor_langchain_clp_chat,large,episode_00014,Played,0
5436,mm_mapworld,tagextractor_langchain_clp_chat,large,episode_00015,Played,0
5437,mm_mapworld,tagextractor_langchain_clp_chat,large_cycle,episode_00021,Played,0
5438,mm_mapworld,tagextractor_langchain_clp_chat,large_cycle,episode_00022,Played,0
5439,mm_mapworld,tagextractor_langchain_clp_chat,large_cycle,episode_00023,Played,0
5440,mm_mapworld,tagextractor_langchain_clp_chat,large_cycle,episode_00024,Played,0
5441,mm_mapworld,tagextractor_langchain_clp_chat,large_cycle,episode_00025,Played,0
5442,mm_mapworld,tagextractor_langchain_clp_chat,medium,episode_00006,Played,1
5443,mm_mapworld,tagextractor_langchain_clp_chat,medium,episode_00007,Played,0
5444,mm_mapworld,tagextractor_langchain_clp_chat,medium,episode_00008,Played,0
5445,mm_mapworld,tagextractor_langchain_clp_chat,medium,episode_00009,Played,0
5446,mm_mapworld,tagextractor_langchain_clp_chat,medium,episode_00010,Played,0
5447,mm_mapworld,tagextractor_langchain_clp_chat,medium_cycle,episode_00016,Played,0
5448,mm_mapworld,tagextractor_langchain_clp_chat,medium_cycle,episode_00017,Played,1
5449,mm_mapworld,tagextractor_langchain_clp_chat,medium_cycle,episode_00018,Played,0
5450,mm_mapworld,tagextractor_langchain_clp_chat,medium_cycle,episode_00019,Played,0
5451,mm_mapworld,tagextractor_langchain_clp_chat,medium_cycle,episode_00020,Played,0
5452,mm_mapworld,tagextractor_langchain_clp_chat,small,episode_00001,Played,0
5453,mm_mapworld,tagextractor_langchain_clp_chat,small,episode_00002,Played,0
5454,mm_mapworld,tagextractor_langchain_clp_chat,small,episode_00003,Played,0
5455,mm_mapworld,tagextractor_langchain_clp_chat,small,episode_00004,Played,0
5456,mm_mapworld,tagextractor_langchain_clp_chat,small,episode_00005,Played,0
5457,multimodal_referencegame,tagextractor_langchain_clp_chat,CLEVR_images,episode_00015,Played,1
5458,multimodal_referencegame,tagextractor_langchain_clp_chat,CLEVR_images,episode_00016,Played,1
5459,multimodal_referencegame,tagextractor_langchain_clp_chat,CLEVR_static_target_images,episode_00017,Played,1
5460,multimodal_referencegame,tagextractor_langchain_clp_chat,CLEVR_static_target_images,episode_00018,Played,1
5461,multimodal_referencegame,tagextractor_langchain_clp_chat,diagonal_grids,episode_00005,Played,1
5462,multimodal_referencegame,tagextractor_langchain_clp_chat,diagonal_grids,episode_00006,Played,1
5463,multimodal_referencegame,tagextractor_langchain_clp_chat,DOCCI_images,episode_00013,Played,1
5464,multimodal_referencegame,tagextractor_langchain_clp_chat,DOCCI_images,episode_00014,Played,1
5465,multimodal_referencegame,tagextractor_langchain_clp_chat,DOCCI_static_target_images,episode_00019,Played,1
5466,multimodal_referencegame,tagextractor_langchain_clp_chat,DOCCI_static_target_images,episode_00020,Played,1
5467,multimodal_referencegame,tagextractor_langchain_clp_chat,letter_grids,episode_00007,Played,1
5468,multimodal_referencegame,tagextractor_langchain_clp_chat,letter_grids,episode_00008,Played,1
5469,multimodal_referencegame,tagextractor_langchain_clp_chat,line_grids_columns,episode_00003,Played,1
5470,multimodal_referencegame,tagextractor_langchain_clp_chat,line_grids_columns,episode_00004,Played,1
5471,multimodal_referencegame,tagextractor_langchain_clp_chat,line_grids_rows,episode_00001,Played,1
5472,multimodal_referencegame,tagextractor_langchain_clp_chat,line_grids_rows,episode_00002,Played,1
5473,multimodal_referencegame,tagextractor_langchain_clp_chat,pentomino_images,episode_00021,Played,1
5474,multimodal_referencegame,tagextractor_langchain_clp_chat,pentomino_images,episode_00022,Played,1
5475,multimodal_referencegame,tagextractor_langchain_clp_chat,random_grids,episode_00011,Played,1
5476,multimodal_referencegame,tagextractor_langchain_clp_chat,random_grids,episode_00012,Played,1
5477,multimodal_referencegame,tagextractor_langchain_clp_chat,shape_grids,episode_00009,Played,1
5478,multimodal_referencegame,tagextractor_langchain_clp_chat,shape_grids,episode_00010,Played,1
5479,privateshared,tagextractor_langchain_clp_chat,job-interview,episode_00006,Played,1
5480,privateshared,tagextractor_langchain_clp_chat,job-interview,episode_00007,Played,1
5481,privateshared,tagextractor_langchain_clp_chat,job-interview,episode_00008,Played,1
5482,privateshared,tagextractor_langchain_clp_chat,job-interview,episode_00009,Played,1
5483,privateshared,tagextractor_langchain_clp_chat,job-interview,episode_00010,Played,1
5484,privateshared,tagextractor_langchain_clp_chat,letter-number,episode_00021,Played,1
5485,privateshared,tagextractor_langchain_clp_chat,letter-number,episode_00022,Played,1
5486,privateshared,tagextractor_langchain_clp_chat,letter-number,episode_00023,Played,1
5487,privateshared,tagextractor_langchain_clp_chat,letter-number,episode_00024,Played,0
5488,privateshared,tagextractor_langchain_clp_chat,letter-number,episode_00025,Played,1
5489,privateshared,tagextractor_langchain_clp_chat,restaurant,episode_00011,Played,1
5490,privateshared,tagextractor_langchain_clp_chat,restaurant,episode_00012,Played,1
5491,privateshared,tagextractor_langchain_clp_chat,restaurant,episode_00013,Played,1
5492,privateshared,tagextractor_langchain_clp_chat,restaurant,episode_00014,Played,1
5493,privateshared,tagextractor_langchain_clp_chat,restaurant,episode_00015,Played,1
5494,privateshared,tagextractor_langchain_clp_chat,things-places,episode_00016,Played,1
5495,privateshared,tagextractor_langchain_clp_chat,things-places,episode_00017,Played,1
5496,privateshared,tagextractor_langchain_clp_chat,things-places,episode_00018,Played,1
5497,privateshared,tagextractor_langchain_clp_chat,things-places,episode_00019,Played,1
5498,privateshared,tagextractor_langchain_clp_chat,things-places,episode_00020,Played,1
5499,privateshared,tagextractor_langchain_clp_chat,travel-booking,episode_00001,Played,1
5500,privateshared,tagextractor_langchain_clp_chat,travel-booking,episode_00002,Played,1
5501,privateshared,tagextractor_langchain_clp_chat,travel-booking,episode_00003,Played,0
5502,privateshared,tagextractor_langchain_clp_chat,travel-booking,episode_00004,Played,1
5503,privateshared,tagextractor_langchain_clp_chat,travel-booking,episode_00005,Played,1
5504,referencegame,tagextractor_langchain_clp_chat,letter_grids,episode_00001,Played,1
5505,referencegame,tagextractor_langchain_clp_chat,letter_grids,episode_00002,Played,1
5506,referencegame,tagextractor_langchain_clp_chat,letter_grids,episode_00003,Played,1
5507,referencegame,tagextractor_langchain_clp_chat,letter_grids,episode_00004,Played,1
5508,referencegame,tagextractor_langchain_clp_chat,letter_grids,episode_00005,Played,1
5509,referencegame,tagextractor_langchain_clp_chat,line_grids_columns,episode_00016,Played,1
5510,referencegame,tagextractor_langchain_clp_chat,line_grids_columns,episode_00017,Played,1
5511,referencegame,tagextractor_langchain_clp_chat,line_grids_columns,episode_00018,Played,1
5512,referencegame,tagextractor_langchain_clp_chat,line_grids_columns,episode_00019,Played,1
5513,referencegame,tagextractor_langchain_clp_chat,line_grids_columns,episode_00020,Played,1
5514,referencegame,tagextractor_langchain_clp_chat,line_grids_rows,episode_00011,Played,1
5515,referencegame,tagextractor_langchain_clp_chat,line_grids_rows,episode_00012,Played,1
5516,referencegame,tagextractor_langchain_clp_chat,line_grids_rows,episode_00013,Played,1
5517,referencegame,tagextractor_langchain_clp_chat,line_grids_rows,episode_00014,Played,1
5518,referencegame,tagextractor_langchain_clp_chat,line_grids_rows,episode_00015,Played,1
5519,referencegame,tagextractor_langchain_clp_chat,number_grids,episode_00006,Played,1
5520,referencegame,tagextractor_langchain_clp_chat,number_grids,episode_00007,Played,1
5521,referencegame,tagextractor_langchain_clp_chat,number_grids,episode_00008,Played,1
5522,referencegame,tagextractor_langchain_clp_chat,number_grids,episode_00009,Played,1
5523,referencegame,tagextractor_langchain_clp_chat,number_grids,episode_00010,Played,1
5524,referencegame,tagextractor_langchain_clp_chat,random_grids,episode_00021,Played,1
5525,referencegame,tagextractor_langchain_clp_chat,random_grids,episode_00022,Played,1
5526,referencegame,tagextractor_langchain_clp_chat,random_grids,episode_00023,Played,1
5527,referencegame,tagextractor_langchain_clp_chat,random_grids,episode_00024,Played,0
5528,referencegame,tagextractor_langchain_clp_chat,random_grids,episode_00025,Played,1
5529,taboo,tagextractor_langchain_clp_chat,high_en,episode_00001,Played,0
5530,taboo,tagextractor_langchain_clp_chat,high_en,episode_00002,Played,0
5531,taboo,tagextractor_langchain_clp_chat,high_en,episode_00003,Played,0
5532,taboo,tagextractor_langchain_clp_chat,high_en,episode_00004,Played,0
5533,taboo,tagextractor_langchain_clp_chat,high_en,episode_00005,Played,0
5534,taboo,tagextractor_langchain_clp_chat,low_en,episode_00011,Played,0
5535,taboo,tagextractor_langchain_clp_chat,low_en,episode_00012,Played,0
5536,taboo,tagextractor_langchain_clp_chat,low_en,episode_00013,Played,0
5537,taboo,tagextractor_langchain_clp_chat,low_en,episode_00014,Played,0
5538,taboo,tagextractor_langchain_clp_chat,low_en,episode_00015,Played,0
5539,taboo,tagextractor_langchain_clp_chat,medium_en,episode_00006,Played,0
5540,taboo,tagextractor_langchain_clp_chat,medium_en,episode_00007,Played,0
5541,taboo,tagextractor_langchain_clp_chat,medium_en,episode_00008,Played,0
5542,taboo,tagextractor_langchain_clp_chat,medium_en,episode_00009,Played,0
5543,taboo,tagextractor_langchain_clp_chat,medium_en,episode_00010,Played,0
5544,textmapworld,tagextractor_langchain_clp_chat,large,episode_00011,Played,0
5545,textmapworld,tagextractor_langchain_clp_chat,large,episode_00012,Played,0
5546,textmapworld,tagextractor_langchain_clp_chat,large,episode_00013,Played,0
5547,textmapworld,tagextractor_langchain_clp_chat,large,episode_00014,Played,0
5548,textmapworld,tagextractor_langchain_clp_chat,large,episode_00015,Played,0
5549,textmapworld,tagextractor_langchain_clp_chat,large_cycle,episode_00021,Played,0
5550,textmapworld,tagextractor_langchain_clp_chat,large_cycle,episode_00022,Played,0
5551,textmapworld,tagextractor_langchain_clp_chat,large_cycle,episode_00023,Played,0
5552,textmapworld,tagextractor_langchain_clp_chat,large_cycle,episode_00024,Played,0
5553,textmapworld,tagextractor_langchain_clp_chat,large_cycle,episode_00025,Played,0
5554,textmapworld,tagextractor_langchain_clp_chat,medium,episode_00006,Played,0
5555,textmapworld,tagextractor_langchain_clp_chat,medium,episode_00007,Played,1
5556,textmapworld,tagextractor_langchain_clp_chat,medium,episode_00008,Played,0
5557,textmapworld,tagextractor_langchain_clp_chat,medium,episode_00009,Played,0
5558,textmapworld,tagextractor_langchain_clp_chat,medium,episode_00010,Played,0
5559,textmapworld,tagextractor_langchain_clp_chat,medium_cycle,episode_00016,Played,1
5560,textmapworld,tagextractor_langchain_clp_chat,medium_cycle,episode_00017,Played,0
5561,textmapworld,tagextractor_langchain_clp_chat,medium_cycle,episode_00018,Played,0
5562,textmapworld,tagextractor_langchain_clp_chat,medium_cycle,episode_00019,Played,0
5563,textmapworld,tagextractor_langchain_clp_chat,medium_cycle,episode_00020,Played,0
5564,textmapworld,tagextractor_langchain_clp_chat,small,episode_00001,Played,0
5565,textmapworld,tagextractor_langchain_clp_chat,small,episode_00002,Played,1
5566,textmapworld,tagextractor_langchain_clp_chat,small,episode_00003,Played,0
5567,textmapworld,tagextractor_langchain_clp_chat,small,episode_00004,Played,0
5568,textmapworld,tagextractor_langchain_clp_chat,small,episode_00005,Played,0
5569,wordle,tagextractor_langchain_clp_chat,high_frequency_words_no_clue_no_critic,episode_00001,Played,1
5570,wordle,tagextractor_langchain_clp_chat,high_frequency_words_no_clue_no_critic,episode_00002,Played,1
5571,wordle,tagextractor_langchain_clp_chat,high_frequency_words_no_clue_no_critic,episode_00003,Played,1
5572,wordle,tagextractor_langchain_clp_chat,high_frequency_words_no_clue_no_critic,episode_00004,Played,0
5573,wordle,tagextractor_langchain_clp_chat,high_frequency_words_no_clue_no_critic,episode_00005,Played,0
5574,wordle,tagextractor_langchain_clp_chat,high_frequency_words_no_clue_no_critic,episode_00006,Played,1
5575,wordle,tagextractor_langchain_clp_chat,high_frequency_words_no_clue_no_critic,episode_00007,Played,0
5576,wordle,tagextractor_langchain_clp_chat,high_frequency_words_no_clue_no_critic,episode_00008,Played,0
5577,wordle,tagextractor_langchain_clp_chat,high_frequency_words_no_clue_no_critic,episode_00009,Played,1
5578,wordle,tagextractor_langchain_clp_chat,high_frequency_words_no_clue_no_critic,episode_00010,Played,0
5579,wordle,tagextractor_langchain_clp_chat,medium_frequency_words_no_clue_no_critic,episode_00011,Played,0
5580,wordle,tagextractor_langchain_clp_chat,medium_frequency_words_no_clue_no_critic,episode_00012,Played,0
5581,wordle,tagextractor_langchain_clp_chat,medium_frequency_words_no_clue_no_critic,episode_00013,Played,0
5582,wordle,tagextractor_langchain_clp_chat,medium_frequency_words_no_clue_no_critic,episode_00014,Played,1
5583,wordle,tagextractor_langchain_clp_chat,medium_frequency_words_no_clue_no_critic,episode_00015,Played,1
5584,wordle,tagextractor_langchain_clp_chat,medium_frequency_words_no_clue_no_critic,episode_00016,Played,0
5585,wordle,tagextractor_langchain_clp_chat,medium_frequency_words_no_clue_no_critic,episode_00017,Played,0
5586,wordle,tagextractor_langchain_clp_chat,medium_frequency_words_no_clue_no_critic,episode_00018,Played,1
5587,wordle,tagextractor_langchain_clp_chat,medium_frequency_words_no_clue_no_critic,episode_00019,Played,1
5588,wordle,tagextractor_langchain_clp_chat,medium_frequency_words_no_clue_no_critic,episode_00020,Played,1
