,game,model,experiment,episode,metric,value
0,adventuregame,longterm_langchain_clp_chat,home_deliver_three_basic_easy,episode_00001,Violated Request Count,0.0
1,adventuregame,longterm_langchain_clp_chat,home_deliver_three_basic_easy,episode_00001,Parsed Request Count,1.0
2,adventuregame,longterm_langchain_clp_chat,home_deliver_three_basic_easy,episode_00001,Request Count,1.0
3,adventuregame,longterm_langchain_clp_chat,home_deliver_three_basic_easy,episode_00001,Request Success Ratio,1.0
4,adventuregame,longterm_langchain_clp_chat,home_deliver_three_basic_easy,episode_00001,hallucination_count,1.0
5,adventuregame,longterm_langchain_clp_chat,home_deliver_three_basic_easy,episode_00001,action_parsing_fail,0.0
6,adventuregame,longterm_langchain_clp_chat,home_deliver_three_basic_easy,episode_00001,action_resolution_fail,0.0
7,adventuregame,longterm_langchain_clp_chat,home_deliver_three_basic_easy,episode_00001,lark_exception,0.0
8,adventuregame,longterm_langchain_clp_chat,home_deliver_three_basic_easy,episode_00001,malformed_command,0.0
9,adventuregame,longterm_langchain_clp_chat,home_deliver_three_basic_easy,episode_00001,undefined_action_verb,0.0
10,adventuregame,longterm_langchain_clp_chat,home_deliver_three_basic_easy,episode_00001,undefined_action,0.0
11,adventuregame,longterm_langchain_clp_chat,home_deliver_three_basic_easy,episode_00001,undefined_repr_str,0.0
12,adventuregame,longterm_langchain_clp_chat,home_deliver_three_basic_easy,episode_00001,manipulating_room,0.0
13,adventuregame,longterm_langchain_clp_chat,home_deliver_three_basic_easy,episode_00001,undefined_argument_type,0.0
14,adventuregame,longterm_langchain_clp_chat,home_deliver_three_basic_easy,episode_00001,taking_from_inventory,0.0
15,adventuregame,longterm_langchain_clp_chat,home_deliver_three_basic_easy,episode_00001,other_room_argument,0.0
16,adventuregame,longterm_langchain_clp_chat,home_deliver_three_basic_easy,episode_00001,domain_trait_type_mismatch,0.0
17,adventuregame,longterm_langchain_clp_chat,home_deliver_three_basic_easy,episode_00001,domain_type_discrepancy,0.0
18,adventuregame,longterm_langchain_clp_chat,home_deliver_three_basic_easy,episode_00001,world_state_discrepancy,0.0
19,adventuregame,longterm_langchain_clp_chat,home_deliver_three_basic_easy,episode_00001,entity_not_accessible,0.0
20,adventuregame,longterm_langchain_clp_chat,home_deliver_three_basic_easy,episode_00001,entity_state_mismatch,0.0
21,adventuregame,longterm_langchain_clp_chat,home_deliver_three_basic_easy,episode_00001,entity_trait_mismatch,0.0
22,adventuregame,longterm_langchain_clp_chat,home_deliver_three_basic_easy,episode_00001,entity_already_inventory,0.0
23,adventuregame,longterm_langchain_clp_chat,home_deliver_three_basic_easy,episode_00001,going_to_current_room,0.0
24,adventuregame,longterm_langchain_clp_chat,home_deliver_three_basic_easy,episode_00001,no_exit_to,0.0
25,adventuregame,longterm_langchain_clp_chat,home_deliver_three_basic_easy,episode_00001,inventory_limit_exceeded,0.0
26,adventuregame,longterm_langchain_clp_chat,home_deliver_three_basic_easy,episode_00001,successful_actions,1.0
27,adventuregame,longterm_langchain_clp_chat,home_deliver_three_basic_easy,episode_00001,turn_limit_loss,0.0
28,adventuregame,longterm_langchain_clp_chat,home_deliver_three_basic_easy,episode_00001,turns_over_par,
29,adventuregame,longterm_langchain_clp_chat,home_deliver_three_basic_easy,episode_00001,turn_ratio,
30,adventuregame,longterm_langchain_clp_chat,home_deliver_three_basic_easy,episode_00001,finish_speed,
31,adventuregame,longterm_langchain_clp_chat,home_deliver_three_basic_easy,episode_00001,achieved_goal_ratio,0.0
32,adventuregame,longterm_langchain_clp_chat,home_deliver_three_basic_easy,episode_00001,Aborted,0.0
33,adventuregame,longterm_langchain_clp_chat,home_deliver_three_basic_easy,episode_00001,Success,0.0
34,adventuregame,longterm_langchain_clp_chat,home_deliver_three_basic_easy,episode_00001,Lose,1.0
35,adventuregame,longterm_langchain_clp_chat,home_deliver_three_basic_easy,episode_00001,Main Score,0.0
36,adventuregame,longterm_langchain_clp_chat,home_deliver_three_basic_easy,episode_00001,plan_followed_ratio,0.0
37,adventuregame,longterm_langchain_clp_chat,home_deliver_three_basic_easy,episode_00001,plan_average_viability_ratio,0.0
38,adventuregame,longterm_langchain_clp_chat,home_deliver_three_basic_easy,episode_00001,bad_plan_follow_ratio,0.0
39,adventuregame,longterm_langchain_clp_chat,home_deliver_three_basic_easy,episode_00001,bad_plan_dismiss_ratio,1.0
40,adventuregame,longterm_langchain_clp_chat,home_deliver_three_basic_easy,episode_00002,Violated Request Count,0.0
41,adventuregame,longterm_langchain_clp_chat,home_deliver_three_basic_easy,episode_00002,Parsed Request Count,1.0
42,adventuregame,longterm_langchain_clp_chat,home_deliver_three_basic_easy,episode_00002,Request Count,1.0
43,adventuregame,longterm_langchain_clp_chat,home_deliver_three_basic_easy,episode_00002,Request Success Ratio,1.0
44,adventuregame,longterm_langchain_clp_chat,home_deliver_three_basic_easy,episode_00002,hallucination_count,1.0
45,adventuregame,longterm_langchain_clp_chat,home_deliver_three_basic_easy,episode_00002,action_parsing_fail,0.0
46,adventuregame,longterm_langchain_clp_chat,home_deliver_three_basic_easy,episode_00002,action_resolution_fail,0.0
47,adventuregame,longterm_langchain_clp_chat,home_deliver_three_basic_easy,episode_00002,lark_exception,0.0
48,adventuregame,longterm_langchain_clp_chat,home_deliver_three_basic_easy,episode_00002,malformed_command,0.0
49,adventuregame,longterm_langchain_clp_chat,home_deliver_three_basic_easy,episode_00002,undefined_action_verb,0.0
50,adventuregame,longterm_langchain_clp_chat,home_deliver_three_basic_easy,episode_00002,undefined_action,0.0
51,adventuregame,longterm_langchain_clp_chat,home_deliver_three_basic_easy,episode_00002,undefined_repr_str,0.0
52,adventuregame,longterm_langchain_clp_chat,home_deliver_three_basic_easy,episode_00002,manipulating_room,0.0
53,adventuregame,longterm_langchain_clp_chat,home_deliver_three_basic_easy,episode_00002,undefined_argument_type,0.0
54,adventuregame,longterm_langchain_clp_chat,home_deliver_three_basic_easy,episode_00002,taking_from_inventory,0.0
55,adventuregame,longterm_langchain_clp_chat,home_deliver_three_basic_easy,episode_00002,other_room_argument,0.0
56,adventuregame,longterm_langchain_clp_chat,home_deliver_three_basic_easy,episode_00002,domain_trait_type_mismatch,0.0
57,adventuregame,longterm_langchain_clp_chat,home_deliver_three_basic_easy,episode_00002,domain_type_discrepancy,0.0
58,adventuregame,longterm_langchain_clp_chat,home_deliver_three_basic_easy,episode_00002,world_state_discrepancy,0.0
59,adventuregame,longterm_langchain_clp_chat,home_deliver_three_basic_easy,episode_00002,entity_not_accessible,0.0
60,adventuregame,longterm_langchain_clp_chat,home_deliver_three_basic_easy,episode_00002,entity_state_mismatch,0.0
61,adventuregame,longterm_langchain_clp_chat,home_deliver_three_basic_easy,episode_00002,entity_trait_mismatch,0.0
62,adventuregame,longterm_langchain_clp_chat,home_deliver_three_basic_easy,episode_00002,entity_already_inventory,0.0
63,adventuregame,longterm_langchain_clp_chat,home_deliver_three_basic_easy,episode_00002,going_to_current_room,0.0
64,adventuregame,longterm_langchain_clp_chat,home_deliver_three_basic_easy,episode_00002,no_exit_to,0.0
65,adventuregame,longterm_langchain_clp_chat,home_deliver_three_basic_easy,episode_00002,inventory_limit_exceeded,0.0
66,adventuregame,longterm_langchain_clp_chat,home_deliver_three_basic_easy,episode_00002,successful_actions,1.0
67,adventuregame,longterm_langchain_clp_chat,home_deliver_three_basic_easy,episode_00002,turn_limit_loss,0.0
68,adventuregame,longterm_langchain_clp_chat,home_deliver_three_basic_easy,episode_00002,turns_over_par,
69,adventuregame,longterm_langchain_clp_chat,home_deliver_three_basic_easy,episode_00002,turn_ratio,
70,adventuregame,longterm_langchain_clp_chat,home_deliver_three_basic_easy,episode_00002,finish_speed,
71,adventuregame,longterm_langchain_clp_chat,home_deliver_three_basic_easy,episode_00002,achieved_goal_ratio,0.0
72,adventuregame,longterm_langchain_clp_chat,home_deliver_three_basic_easy,episode_00002,Aborted,0.0
73,adventuregame,longterm_langchain_clp_chat,home_deliver_three_basic_easy,episode_00002,Success,0.0
74,adventuregame,longterm_langchain_clp_chat,home_deliver_three_basic_easy,episode_00002,Lose,1.0
75,adventuregame,longterm_langchain_clp_chat,home_deliver_three_basic_easy,episode_00002,Main Score,0.0
76,adventuregame,longterm_langchain_clp_chat,home_deliver_three_basic_easy,episode_00002,plan_followed_ratio,0.0
77,adventuregame,longterm_langchain_clp_chat,home_deliver_three_basic_easy,episode_00002,plan_average_viability_ratio,0.0
78,adventuregame,longterm_langchain_clp_chat,home_deliver_three_basic_easy,episode_00002,bad_plan_follow_ratio,0.0
79,adventuregame,longterm_langchain_clp_chat,home_deliver_three_basic_easy,episode_00002,bad_plan_dismiss_ratio,1.0
80,adventuregame,longterm_langchain_clp_chat,home_deliver_three_basic_easy,episode_00003,Violated Request Count,0.0
81,adventuregame,longterm_langchain_clp_chat,home_deliver_three_basic_easy,episode_00003,Parsed Request Count,1.0
82,adventuregame,longterm_langchain_clp_chat,home_deliver_three_basic_easy,episode_00003,Request Count,1.0
83,adventuregame,longterm_langchain_clp_chat,home_deliver_three_basic_easy,episode_00003,Request Success Ratio,1.0
84,adventuregame,longterm_langchain_clp_chat,home_deliver_three_basic_easy,episode_00003,hallucination_count,1.0
85,adventuregame,longterm_langchain_clp_chat,home_deliver_three_basic_easy,episode_00003,action_parsing_fail,0.0
86,adventuregame,longterm_langchain_clp_chat,home_deliver_three_basic_easy,episode_00003,action_resolution_fail,0.0
87,adventuregame,longterm_langchain_clp_chat,home_deliver_three_basic_easy,episode_00003,lark_exception,0.0
88,adventuregame,longterm_langchain_clp_chat,home_deliver_three_basic_easy,episode_00003,malformed_command,0.0
89,adventuregame,longterm_langchain_clp_chat,home_deliver_three_basic_easy,episode_00003,undefined_action_verb,0.0
90,adventuregame,longterm_langchain_clp_chat,home_deliver_three_basic_easy,episode_00003,undefined_action,0.0
91,adventuregame,longterm_langchain_clp_chat,home_deliver_three_basic_easy,episode_00003,undefined_repr_str,0.0
92,adventuregame,longterm_langchain_clp_chat,home_deliver_three_basic_easy,episode_00003,manipulating_room,0.0
93,adventuregame,longterm_langchain_clp_chat,home_deliver_three_basic_easy,episode_00003,undefined_argument_type,0.0
94,adventuregame,longterm_langchain_clp_chat,home_deliver_three_basic_easy,episode_00003,taking_from_inventory,0.0
95,adventuregame,longterm_langchain_clp_chat,home_deliver_three_basic_easy,episode_00003,other_room_argument,0.0
96,adventuregame,longterm_langchain_clp_chat,home_deliver_three_basic_easy,episode_00003,domain_trait_type_mismatch,0.0
97,adventuregame,longterm_langchain_clp_chat,home_deliver_three_basic_easy,episode_00003,domain_type_discrepancy,0.0
98,adventuregame,longterm_langchain_clp_chat,home_deliver_three_basic_easy,episode_00003,world_state_discrepancy,0.0
99,adventuregame,longterm_langchain_clp_chat,home_deliver_three_basic_easy,episode_00003,entity_not_accessible,0.0
100,adventuregame,longterm_langchain_clp_chat,home_deliver_three_basic_easy,episode_00003,entity_state_mismatch,0.0
101,adventuregame,longterm_langchain_clp_chat,home_deliver_three_basic_easy,episode_00003,entity_trait_mismatch,0.0
102,adventuregame,longterm_langchain_clp_chat,home_deliver_three_basic_easy,episode_00003,entity_already_inventory,0.0
103,adventuregame,longterm_langchain_clp_chat,home_deliver_three_basic_easy,episode_00003,going_to_current_room,0.0
104,adventuregame,longterm_langchain_clp_chat,home_deliver_three_basic_easy,episode_00003,no_exit_to,0.0
105,adventuregame,longterm_langchain_clp_chat,home_deliver_three_basic_easy,episode_00003,inventory_limit_exceeded,0.0
106,adventuregame,longterm_langchain_clp_chat,home_deliver_three_basic_easy,episode_00003,successful_actions,1.0
107,adventuregame,longterm_langchain_clp_chat,home_deliver_three_basic_easy,episode_00003,turn_limit_loss,0.0
108,adventuregame,longterm_langchain_clp_chat,home_deliver_three_basic_easy,episode_00003,turns_over_par,
109,adventuregame,longterm_langchain_clp_chat,home_deliver_three_basic_easy,episode_00003,turn_ratio,
110,adventuregame,longterm_langchain_clp_chat,home_deliver_three_basic_easy,episode_00003,finish_speed,
111,adventuregame,longterm_langchain_clp_chat,home_deliver_three_basic_easy,episode_00003,achieved_goal_ratio,0.0
112,adventuregame,longterm_langchain_clp_chat,home_deliver_three_basic_easy,episode_00003,Aborted,0.0
113,adventuregame,longterm_langchain_clp_chat,home_deliver_three_basic_easy,episode_00003,Success,0.0
114,adventuregame,longterm_langchain_clp_chat,home_deliver_three_basic_easy,episode_00003,Lose,1.0
115,adventuregame,longterm_langchain_clp_chat,home_deliver_three_basic_easy,episode_00003,Main Score,0.0
116,adventuregame,longterm_langchain_clp_chat,home_deliver_three_basic_easy,episode_00003,plan_followed_ratio,0.0
117,adventuregame,longterm_langchain_clp_chat,home_deliver_three_basic_easy,episode_00003,plan_average_viability_ratio,0.0
118,adventuregame,longterm_langchain_clp_chat,home_deliver_three_basic_easy,episode_00003,bad_plan_follow_ratio,0.0
119,adventuregame,longterm_langchain_clp_chat,home_deliver_three_basic_easy,episode_00003,bad_plan_dismiss_ratio,1.0
120,adventuregame,longterm_langchain_clp_chat,home_deliver_three_basic_easy_invlimittwo,episode_00007,Violated Request Count,0.0
121,adventuregame,longterm_langchain_clp_chat,home_deliver_three_basic_easy_invlimittwo,episode_00007,Parsed Request Count,1.0
122,adventuregame,longterm_langchain_clp_chat,home_deliver_three_basic_easy_invlimittwo,episode_00007,Request Count,1.0
123,adventuregame,longterm_langchain_clp_chat,home_deliver_three_basic_easy_invlimittwo,episode_00007,Request Success Ratio,1.0
124,adventuregame,longterm_langchain_clp_chat,home_deliver_three_basic_easy_invlimittwo,episode_00007,hallucination_count,1.0
125,adventuregame,longterm_langchain_clp_chat,home_deliver_three_basic_easy_invlimittwo,episode_00007,action_parsing_fail,0.0
126,adventuregame,longterm_langchain_clp_chat,home_deliver_three_basic_easy_invlimittwo,episode_00007,action_resolution_fail,0.0
127,adventuregame,longterm_langchain_clp_chat,home_deliver_three_basic_easy_invlimittwo,episode_00007,lark_exception,0.0
128,adventuregame,longterm_langchain_clp_chat,home_deliver_three_basic_easy_invlimittwo,episode_00007,malformed_command,0.0
129,adventuregame,longterm_langchain_clp_chat,home_deliver_three_basic_easy_invlimittwo,episode_00007,undefined_action_verb,0.0
130,adventuregame,longterm_langchain_clp_chat,home_deliver_three_basic_easy_invlimittwo,episode_00007,undefined_action,0.0
131,adventuregame,longterm_langchain_clp_chat,home_deliver_three_basic_easy_invlimittwo,episode_00007,undefined_repr_str,0.0
132,adventuregame,longterm_langchain_clp_chat,home_deliver_three_basic_easy_invlimittwo,episode_00007,manipulating_room,0.0
133,adventuregame,longterm_langchain_clp_chat,home_deliver_three_basic_easy_invlimittwo,episode_00007,undefined_argument_type,0.0
134,adventuregame,longterm_langchain_clp_chat,home_deliver_three_basic_easy_invlimittwo,episode_00007,taking_from_inventory,0.0
135,adventuregame,longterm_langchain_clp_chat,home_deliver_three_basic_easy_invlimittwo,episode_00007,other_room_argument,0.0
136,adventuregame,longterm_langchain_clp_chat,home_deliver_three_basic_easy_invlimittwo,episode_00007,domain_trait_type_mismatch,0.0
137,adventuregame,longterm_langchain_clp_chat,home_deliver_three_basic_easy_invlimittwo,episode_00007,domain_type_discrepancy,0.0
138,adventuregame,longterm_langchain_clp_chat,home_deliver_three_basic_easy_invlimittwo,episode_00007,world_state_discrepancy,0.0
139,adventuregame,longterm_langchain_clp_chat,home_deliver_three_basic_easy_invlimittwo,episode_00007,entity_not_accessible,0.0
140,adventuregame,longterm_langchain_clp_chat,home_deliver_three_basic_easy_invlimittwo,episode_00007,entity_state_mismatch,0.0
141,adventuregame,longterm_langchain_clp_chat,home_deliver_three_basic_easy_invlimittwo,episode_00007,entity_trait_mismatch,0.0
142,adventuregame,longterm_langchain_clp_chat,home_deliver_three_basic_easy_invlimittwo,episode_00007,entity_already_inventory,0.0
143,adventuregame,longterm_langchain_clp_chat,home_deliver_three_basic_easy_invlimittwo,episode_00007,going_to_current_room,0.0
144,adventuregame,longterm_langchain_clp_chat,home_deliver_three_basic_easy_invlimittwo,episode_00007,no_exit_to,0.0
145,adventuregame,longterm_langchain_clp_chat,home_deliver_three_basic_easy_invlimittwo,episode_00007,inventory_limit_exceeded,0.0
146,adventuregame,longterm_langchain_clp_chat,home_deliver_three_basic_easy_invlimittwo,episode_00007,successful_actions,1.0
147,adventuregame,longterm_langchain_clp_chat,home_deliver_three_basic_easy_invlimittwo,episode_00007,turn_limit_loss,0.0
148,adventuregame,longterm_langchain_clp_chat,home_deliver_three_basic_easy_invlimittwo,episode_00007,turns_over_par,
149,adventuregame,longterm_langchain_clp_chat,home_deliver_three_basic_easy_invlimittwo,episode_00007,turn_ratio,
150,adventuregame,longterm_langchain_clp_chat,home_deliver_three_basic_easy_invlimittwo,episode_00007,finish_speed,
151,adventuregame,longterm_langchain_clp_chat,home_deliver_three_basic_easy_invlimittwo,episode_00007,achieved_goal_ratio,0.0
152,adventuregame,longterm_langchain_clp_chat,home_deliver_three_basic_easy_invlimittwo,episode_00007,Aborted,0.0
153,adventuregame,longterm_langchain_clp_chat,home_deliver_three_basic_easy_invlimittwo,episode_00007,Success,0.0
154,adventuregame,longterm_langchain_clp_chat,home_deliver_three_basic_easy_invlimittwo,episode_00007,Lose,1.0
155,adventuregame,longterm_langchain_clp_chat,home_deliver_three_basic_easy_invlimittwo,episode_00007,Main Score,0.0
156,adventuregame,longterm_langchain_clp_chat,home_deliver_three_basic_easy_invlimittwo,episode_00007,plan_followed_ratio,0.0
157,adventuregame,longterm_langchain_clp_chat,home_deliver_three_basic_easy_invlimittwo,episode_00007,plan_average_viability_ratio,0.0
158,adventuregame,longterm_langchain_clp_chat,home_deliver_three_basic_easy_invlimittwo,episode_00007,bad_plan_follow_ratio,0.0
159,adventuregame,longterm_langchain_clp_chat,home_deliver_three_basic_easy_invlimittwo,episode_00007,bad_plan_dismiss_ratio,1.0
160,adventuregame,longterm_langchain_clp_chat,home_deliver_three_basic_easy_invlimittwo,episode_00008,Violated Request Count,0.0
161,adventuregame,longterm_langchain_clp_chat,home_deliver_three_basic_easy_invlimittwo,episode_00008,Parsed Request Count,1.0
162,adventuregame,longterm_langchain_clp_chat,home_deliver_three_basic_easy_invlimittwo,episode_00008,Request Count,1.0
163,adventuregame,longterm_langchain_clp_chat,home_deliver_three_basic_easy_invlimittwo,episode_00008,Request Success Ratio,1.0
164,adventuregame,longterm_langchain_clp_chat,home_deliver_three_basic_easy_invlimittwo,episode_00008,hallucination_count,1.0
165,adventuregame,longterm_langchain_clp_chat,home_deliver_three_basic_easy_invlimittwo,episode_00008,action_parsing_fail,0.0
166,adventuregame,longterm_langchain_clp_chat,home_deliver_three_basic_easy_invlimittwo,episode_00008,action_resolution_fail,0.0
167,adventuregame,longterm_langchain_clp_chat,home_deliver_three_basic_easy_invlimittwo,episode_00008,lark_exception,0.0
168,adventuregame,longterm_langchain_clp_chat,home_deliver_three_basic_easy_invlimittwo,episode_00008,malformed_command,0.0
169,adventuregame,longterm_langchain_clp_chat,home_deliver_three_basic_easy_invlimittwo,episode_00008,undefined_action_verb,0.0
170,adventuregame,longterm_langchain_clp_chat,home_deliver_three_basic_easy_invlimittwo,episode_00008,undefined_action,0.0
171,adventuregame,longterm_langchain_clp_chat,home_deliver_three_basic_easy_invlimittwo,episode_00008,undefined_repr_str,0.0
172,adventuregame,longterm_langchain_clp_chat,home_deliver_three_basic_easy_invlimittwo,episode_00008,manipulating_room,0.0
173,adventuregame,longterm_langchain_clp_chat,home_deliver_three_basic_easy_invlimittwo,episode_00008,undefined_argument_type,0.0
174,adventuregame,longterm_langchain_clp_chat,home_deliver_three_basic_easy_invlimittwo,episode_00008,taking_from_inventory,0.0
175,adventuregame,longterm_langchain_clp_chat,home_deliver_three_basic_easy_invlimittwo,episode_00008,other_room_argument,0.0
176,adventuregame,longterm_langchain_clp_chat,home_deliver_three_basic_easy_invlimittwo,episode_00008,domain_trait_type_mismatch,0.0
177,adventuregame,longterm_langchain_clp_chat,home_deliver_three_basic_easy_invlimittwo,episode_00008,domain_type_discrepancy,0.0
178,adventuregame,longterm_langchain_clp_chat,home_deliver_three_basic_easy_invlimittwo,episode_00008,world_state_discrepancy,0.0
179,adventuregame,longterm_langchain_clp_chat,home_deliver_three_basic_easy_invlimittwo,episode_00008,entity_not_accessible,0.0
180,adventuregame,longterm_langchain_clp_chat,home_deliver_three_basic_easy_invlimittwo,episode_00008,entity_state_mismatch,0.0
181,adventuregame,longterm_langchain_clp_chat,home_deliver_three_basic_easy_invlimittwo,episode_00008,entity_trait_mismatch,0.0
182,adventuregame,longterm_langchain_clp_chat,home_deliver_three_basic_easy_invlimittwo,episode_00008,entity_already_inventory,0.0
183,adventuregame,longterm_langchain_clp_chat,home_deliver_three_basic_easy_invlimittwo,episode_00008,going_to_current_room,0.0
184,adventuregame,longterm_langchain_clp_chat,home_deliver_three_basic_easy_invlimittwo,episode_00008,no_exit_to,0.0
185,adventuregame,longterm_langchain_clp_chat,home_deliver_three_basic_easy_invlimittwo,episode_00008,inventory_limit_exceeded,0.0
186,adventuregame,longterm_langchain_clp_chat,home_deliver_three_basic_easy_invlimittwo,episode_00008,successful_actions,1.0
187,adventuregame,longterm_langchain_clp_chat,home_deliver_three_basic_easy_invlimittwo,episode_00008,turn_limit_loss,0.0
188,adventuregame,longterm_langchain_clp_chat,home_deliver_three_basic_easy_invlimittwo,episode_00008,turns_over_par,
189,adventuregame,longterm_langchain_clp_chat,home_deliver_three_basic_easy_invlimittwo,episode_00008,turn_ratio,
190,adventuregame,longterm_langchain_clp_chat,home_deliver_three_basic_easy_invlimittwo,episode_00008,finish_speed,
191,adventuregame,longterm_langchain_clp_chat,home_deliver_three_basic_easy_invlimittwo,episode_00008,achieved_goal_ratio,0.0
192,adventuregame,longterm_langchain_clp_chat,home_deliver_three_basic_easy_invlimittwo,episode_00008,Aborted,0.0
193,adventuregame,longterm_langchain_clp_chat,home_deliver_three_basic_easy_invlimittwo,episode_00008,Success,0.0
194,adventuregame,longterm_langchain_clp_chat,home_deliver_three_basic_easy_invlimittwo,episode_00008,Lose,1.0
195,adventuregame,longterm_langchain_clp_chat,home_deliver_three_basic_easy_invlimittwo,episode_00008,Main Score,0.0
196,adventuregame,longterm_langchain_clp_chat,home_deliver_three_basic_easy_invlimittwo,episode_00008,plan_followed_ratio,0.0
197,adventuregame,longterm_langchain_clp_chat,home_deliver_three_basic_easy_invlimittwo,episode_00008,plan_average_viability_ratio,0.0
198,adventuregame,longterm_langchain_clp_chat,home_deliver_three_basic_easy_invlimittwo,episode_00008,bad_plan_follow_ratio,0.0
199,adventuregame,longterm_langchain_clp_chat,home_deliver_three_basic_easy_invlimittwo,episode_00008,bad_plan_dismiss_ratio,1.0
200,adventuregame,longterm_langchain_clp_chat,home_deliver_three_basic_easy_invlimittwo,episode_00009,Violated Request Count,0.0
201,adventuregame,longterm_langchain_clp_chat,home_deliver_three_basic_easy_invlimittwo,episode_00009,Parsed Request Count,1.0
202,adventuregame,longterm_langchain_clp_chat,home_deliver_three_basic_easy_invlimittwo,episode_00009,Request Count,1.0
203,adventuregame,longterm_langchain_clp_chat,home_deliver_three_basic_easy_invlimittwo,episode_00009,Request Success Ratio,1.0
204,adventuregame,longterm_langchain_clp_chat,home_deliver_three_basic_easy_invlimittwo,episode_00009,hallucination_count,1.0
205,adventuregame,longterm_langchain_clp_chat,home_deliver_three_basic_easy_invlimittwo,episode_00009,action_parsing_fail,0.0
206,adventuregame,longterm_langchain_clp_chat,home_deliver_three_basic_easy_invlimittwo,episode_00009,action_resolution_fail,0.0
207,adventuregame,longterm_langchain_clp_chat,home_deliver_three_basic_easy_invlimittwo,episode_00009,lark_exception,0.0
208,adventuregame,longterm_langchain_clp_chat,home_deliver_three_basic_easy_invlimittwo,episode_00009,malformed_command,0.0
209,adventuregame,longterm_langchain_clp_chat,home_deliver_three_basic_easy_invlimittwo,episode_00009,undefined_action_verb,0.0
210,adventuregame,longterm_langchain_clp_chat,home_deliver_three_basic_easy_invlimittwo,episode_00009,undefined_action,0.0
211,adventuregame,longterm_langchain_clp_chat,home_deliver_three_basic_easy_invlimittwo,episode_00009,undefined_repr_str,0.0
212,adventuregame,longterm_langchain_clp_chat,home_deliver_three_basic_easy_invlimittwo,episode_00009,manipulating_room,0.0
213,adventuregame,longterm_langchain_clp_chat,home_deliver_three_basic_easy_invlimittwo,episode_00009,undefined_argument_type,0.0
214,adventuregame,longterm_langchain_clp_chat,home_deliver_three_basic_easy_invlimittwo,episode_00009,taking_from_inventory,0.0
215,adventuregame,longterm_langchain_clp_chat,home_deliver_three_basic_easy_invlimittwo,episode_00009,other_room_argument,0.0
216,adventuregame,longterm_langchain_clp_chat,home_deliver_three_basic_easy_invlimittwo,episode_00009,domain_trait_type_mismatch,0.0
217,adventuregame,longterm_langchain_clp_chat,home_deliver_three_basic_easy_invlimittwo,episode_00009,domain_type_discrepancy,0.0
218,adventuregame,longterm_langchain_clp_chat,home_deliver_three_basic_easy_invlimittwo,episode_00009,world_state_discrepancy,0.0
219,adventuregame,longterm_langchain_clp_chat,home_deliver_three_basic_easy_invlimittwo,episode_00009,entity_not_accessible,0.0
220,adventuregame,longterm_langchain_clp_chat,home_deliver_three_basic_easy_invlimittwo,episode_00009,entity_state_mismatch,0.0
221,adventuregame,longterm_langchain_clp_chat,home_deliver_three_basic_easy_invlimittwo,episode_00009,entity_trait_mismatch,0.0
222,adventuregame,longterm_langchain_clp_chat,home_deliver_three_basic_easy_invlimittwo,episode_00009,entity_already_inventory,0.0
223,adventuregame,longterm_langchain_clp_chat,home_deliver_three_basic_easy_invlimittwo,episode_00009,going_to_current_room,0.0
224,adventuregame,longterm_langchain_clp_chat,home_deliver_three_basic_easy_invlimittwo,episode_00009,no_exit_to,0.0
225,adventuregame,longterm_langchain_clp_chat,home_deliver_three_basic_easy_invlimittwo,episode_00009,inventory_limit_exceeded,0.0
226,adventuregame,longterm_langchain_clp_chat,home_deliver_three_basic_easy_invlimittwo,episode_00009,successful_actions,1.0
227,adventuregame,longterm_langchain_clp_chat,home_deliver_three_basic_easy_invlimittwo,episode_00009,turn_limit_loss,0.0
228,adventuregame,longterm_langchain_clp_chat,home_deliver_three_basic_easy_invlimittwo,episode_00009,turns_over_par,
229,adventuregame,longterm_langchain_clp_chat,home_deliver_three_basic_easy_invlimittwo,episode_00009,turn_ratio,
230,adventuregame,longterm_langchain_clp_chat,home_deliver_three_basic_easy_invlimittwo,episode_00009,finish_speed,
231,adventuregame,longterm_langchain_clp_chat,home_deliver_three_basic_easy_invlimittwo,episode_00009,achieved_goal_ratio,0.0
232,adventuregame,longterm_langchain_clp_chat,home_deliver_three_basic_easy_invlimittwo,episode_00009,Aborted,0.0
233,adventuregame,longterm_langchain_clp_chat,home_deliver_three_basic_easy_invlimittwo,episode_00009,Success,0.0
234,adventuregame,longterm_langchain_clp_chat,home_deliver_three_basic_easy_invlimittwo,episode_00009,Lose,1.0
235,adventuregame,longterm_langchain_clp_chat,home_deliver_three_basic_easy_invlimittwo,episode_00009,Main Score,0.0
236,adventuregame,longterm_langchain_clp_chat,home_deliver_three_basic_easy_invlimittwo,episode_00009,plan_followed_ratio,0.0
237,adventuregame,longterm_langchain_clp_chat,home_deliver_three_basic_easy_invlimittwo,episode_00009,plan_average_viability_ratio,0.0
238,adventuregame,longterm_langchain_clp_chat,home_deliver_three_basic_easy_invlimittwo,episode_00009,bad_plan_follow_ratio,0.0
239,adventuregame,longterm_langchain_clp_chat,home_deliver_three_basic_easy_invlimittwo,episode_00009,bad_plan_dismiss_ratio,1.0
240,adventuregame,longterm_langchain_clp_chat,home_deliver_three_basic_hard,episode_00013,Violated Request Count,0.0
241,adventuregame,longterm_langchain_clp_chat,home_deliver_three_basic_hard,episode_00013,Parsed Request Count,1.0
242,adventuregame,longterm_langchain_clp_chat,home_deliver_three_basic_hard,episode_00013,Request Count,1.0
243,adventuregame,longterm_langchain_clp_chat,home_deliver_three_basic_hard,episode_00013,Request Success Ratio,1.0
244,adventuregame,longterm_langchain_clp_chat,home_deliver_three_basic_hard,episode_00013,hallucination_count,1.0
245,adventuregame,longterm_langchain_clp_chat,home_deliver_three_basic_hard,episode_00013,action_parsing_fail,0.0
246,adventuregame,longterm_langchain_clp_chat,home_deliver_three_basic_hard,episode_00013,action_resolution_fail,0.0
247,adventuregame,longterm_langchain_clp_chat,home_deliver_three_basic_hard,episode_00013,lark_exception,0.0
248,adventuregame,longterm_langchain_clp_chat,home_deliver_three_basic_hard,episode_00013,malformed_command,0.0
249,adventuregame,longterm_langchain_clp_chat,home_deliver_three_basic_hard,episode_00013,undefined_action_verb,0.0
250,adventuregame,longterm_langchain_clp_chat,home_deliver_three_basic_hard,episode_00013,undefined_action,0.0
251,adventuregame,longterm_langchain_clp_chat,home_deliver_three_basic_hard,episode_00013,undefined_repr_str,0.0
252,adventuregame,longterm_langchain_clp_chat,home_deliver_three_basic_hard,episode_00013,manipulating_room,0.0
253,adventuregame,longterm_langchain_clp_chat,home_deliver_three_basic_hard,episode_00013,undefined_argument_type,0.0
254,adventuregame,longterm_langchain_clp_chat,home_deliver_three_basic_hard,episode_00013,taking_from_inventory,0.0
255,adventuregame,longterm_langchain_clp_chat,home_deliver_three_basic_hard,episode_00013,other_room_argument,0.0
256,adventuregame,longterm_langchain_clp_chat,home_deliver_three_basic_hard,episode_00013,domain_trait_type_mismatch,0.0
257,adventuregame,longterm_langchain_clp_chat,home_deliver_three_basic_hard,episode_00013,domain_type_discrepancy,0.0
258,adventuregame,longterm_langchain_clp_chat,home_deliver_three_basic_hard,episode_00013,world_state_discrepancy,0.0
259,adventuregame,longterm_langchain_clp_chat,home_deliver_three_basic_hard,episode_00013,entity_not_accessible,0.0
260,adventuregame,longterm_langchain_clp_chat,home_deliver_three_basic_hard,episode_00013,entity_state_mismatch,0.0
261,adventuregame,longterm_langchain_clp_chat,home_deliver_three_basic_hard,episode_00013,entity_trait_mismatch,0.0
262,adventuregame,longterm_langchain_clp_chat,home_deliver_three_basic_hard,episode_00013,entity_already_inventory,0.0
263,adventuregame,longterm_langchain_clp_chat,home_deliver_three_basic_hard,episode_00013,going_to_current_room,0.0
264,adventuregame,longterm_langchain_clp_chat,home_deliver_three_basic_hard,episode_00013,no_exit_to,0.0
265,adventuregame,longterm_langchain_clp_chat,home_deliver_three_basic_hard,episode_00013,inventory_limit_exceeded,0.0
266,adventuregame,longterm_langchain_clp_chat,home_deliver_three_basic_hard,episode_00013,successful_actions,1.0
267,adventuregame,longterm_langchain_clp_chat,home_deliver_three_basic_hard,episode_00013,turn_limit_loss,0.0
268,adventuregame,longterm_langchain_clp_chat,home_deliver_three_basic_hard,episode_00013,turns_over_par,
269,adventuregame,longterm_langchain_clp_chat,home_deliver_three_basic_hard,episode_00013,turn_ratio,
270,adventuregame,longterm_langchain_clp_chat,home_deliver_three_basic_hard,episode_00013,finish_speed,
271,adventuregame,longterm_langchain_clp_chat,home_deliver_three_basic_hard,episode_00013,achieved_goal_ratio,0.0
272,adventuregame,longterm_langchain_clp_chat,home_deliver_three_basic_hard,episode_00013,Aborted,0.0
273,adventuregame,longterm_langchain_clp_chat,home_deliver_three_basic_hard,episode_00013,Success,0.0
274,adventuregame,longterm_langchain_clp_chat,home_deliver_three_basic_hard,episode_00013,Lose,1.0
275,adventuregame,longterm_langchain_clp_chat,home_deliver_three_basic_hard,episode_00013,Main Score,0.0
276,adventuregame,longterm_langchain_clp_chat,home_deliver_three_basic_hard,episode_00013,plan_followed_ratio,0.0
277,adventuregame,longterm_langchain_clp_chat,home_deliver_three_basic_hard,episode_00013,plan_average_viability_ratio,0.0
278,adventuregame,longterm_langchain_clp_chat,home_deliver_three_basic_hard,episode_00013,bad_plan_follow_ratio,0.0
279,adventuregame,longterm_langchain_clp_chat,home_deliver_three_basic_hard,episode_00013,bad_plan_dismiss_ratio,1.0
280,adventuregame,longterm_langchain_clp_chat,home_deliver_three_basic_hard,episode_00014,Violated Request Count,0.0
281,adventuregame,longterm_langchain_clp_chat,home_deliver_three_basic_hard,episode_00014,Parsed Request Count,1.0
282,adventuregame,longterm_langchain_clp_chat,home_deliver_three_basic_hard,episode_00014,Request Count,1.0
283,adventuregame,longterm_langchain_clp_chat,home_deliver_three_basic_hard,episode_00014,Request Success Ratio,1.0
284,adventuregame,longterm_langchain_clp_chat,home_deliver_three_basic_hard,episode_00014,hallucination_count,1.0
285,adventuregame,longterm_langchain_clp_chat,home_deliver_three_basic_hard,episode_00014,action_parsing_fail,0.0
286,adventuregame,longterm_langchain_clp_chat,home_deliver_three_basic_hard,episode_00014,action_resolution_fail,0.0
287,adventuregame,longterm_langchain_clp_chat,home_deliver_three_basic_hard,episode_00014,lark_exception,0.0
288,adventuregame,longterm_langchain_clp_chat,home_deliver_three_basic_hard,episode_00014,malformed_command,0.0
289,adventuregame,longterm_langchain_clp_chat,home_deliver_three_basic_hard,episode_00014,undefined_action_verb,0.0
290,adventuregame,longterm_langchain_clp_chat,home_deliver_three_basic_hard,episode_00014,undefined_action,0.0
291,adventuregame,longterm_langchain_clp_chat,home_deliver_three_basic_hard,episode_00014,undefined_repr_str,0.0
292,adventuregame,longterm_langchain_clp_chat,home_deliver_three_basic_hard,episode_00014,manipulating_room,0.0
293,adventuregame,longterm_langchain_clp_chat,home_deliver_three_basic_hard,episode_00014,undefined_argument_type,0.0
294,adventuregame,longterm_langchain_clp_chat,home_deliver_three_basic_hard,episode_00014,taking_from_inventory,0.0
295,adventuregame,longterm_langchain_clp_chat,home_deliver_three_basic_hard,episode_00014,other_room_argument,0.0
296,adventuregame,longterm_langchain_clp_chat,home_deliver_three_basic_hard,episode_00014,domain_trait_type_mismatch,0.0
297,adventuregame,longterm_langchain_clp_chat,home_deliver_three_basic_hard,episode_00014,domain_type_discrepancy,0.0
298,adventuregame,longterm_langchain_clp_chat,home_deliver_three_basic_hard,episode_00014,world_state_discrepancy,0.0
299,adventuregame,longterm_langchain_clp_chat,home_deliver_three_basic_hard,episode_00014,entity_not_accessible,0.0
300,adventuregame,longterm_langchain_clp_chat,home_deliver_three_basic_hard,episode_00014,entity_state_mismatch,0.0
301,adventuregame,longterm_langchain_clp_chat,home_deliver_three_basic_hard,episode_00014,entity_trait_mismatch,0.0
302,adventuregame,longterm_langchain_clp_chat,home_deliver_three_basic_hard,episode_00014,entity_already_inventory,0.0
303,adventuregame,longterm_langchain_clp_chat,home_deliver_three_basic_hard,episode_00014,going_to_current_room,0.0
304,adventuregame,longterm_langchain_clp_chat,home_deliver_three_basic_hard,episode_00014,no_exit_to,0.0
305,adventuregame,longterm_langchain_clp_chat,home_deliver_three_basic_hard,episode_00014,inventory_limit_exceeded,0.0
306,adventuregame,longterm_langchain_clp_chat,home_deliver_three_basic_hard,episode_00014,successful_actions,1.0
307,adventuregame,longterm_langchain_clp_chat,home_deliver_three_basic_hard,episode_00014,turn_limit_loss,0.0
308,adventuregame,longterm_langchain_clp_chat,home_deliver_three_basic_hard,episode_00014,turns_over_par,
309,adventuregame,longterm_langchain_clp_chat,home_deliver_three_basic_hard,episode_00014,turn_ratio,
310,adventuregame,longterm_langchain_clp_chat,home_deliver_three_basic_hard,episode_00014,finish_speed,
311,adventuregame,longterm_langchain_clp_chat,home_deliver_three_basic_hard,episode_00014,achieved_goal_ratio,0.0
312,adventuregame,longterm_langchain_clp_chat,home_deliver_three_basic_hard,episode_00014,Aborted,0.0
313,adventuregame,longterm_langchain_clp_chat,home_deliver_three_basic_hard,episode_00014,Success,0.0
314,adventuregame,longterm_langchain_clp_chat,home_deliver_three_basic_hard,episode_00014,Lose,1.0
315,adventuregame,longterm_langchain_clp_chat,home_deliver_three_basic_hard,episode_00014,Main Score,0.0
316,adventuregame,longterm_langchain_clp_chat,home_deliver_three_basic_hard,episode_00014,plan_followed_ratio,0.0
317,adventuregame,longterm_langchain_clp_chat,home_deliver_three_basic_hard,episode_00014,plan_average_viability_ratio,0.0
318,adventuregame,longterm_langchain_clp_chat,home_deliver_three_basic_hard,episode_00014,bad_plan_follow_ratio,0.0
319,adventuregame,longterm_langchain_clp_chat,home_deliver_three_basic_hard,episode_00014,bad_plan_dismiss_ratio,1.0
320,adventuregame,longterm_langchain_clp_chat,home_deliver_three_basic_hard,episode_00015,Violated Request Count,0.0
321,adventuregame,longterm_langchain_clp_chat,home_deliver_three_basic_hard,episode_00015,Parsed Request Count,50.0
322,adventuregame,longterm_langchain_clp_chat,home_deliver_three_basic_hard,episode_00015,Request Count,50.0
323,adventuregame,longterm_langchain_clp_chat,home_deliver_three_basic_hard,episode_00015,Request Success Ratio,1.0
324,adventuregame,longterm_langchain_clp_chat,home_deliver_three_basic_hard,episode_00015,hallucination_count,0.0
325,adventuregame,longterm_langchain_clp_chat,home_deliver_three_basic_hard,episode_00015,action_parsing_fail,0.0
326,adventuregame,longterm_langchain_clp_chat,home_deliver_three_basic_hard,episode_00015,action_resolution_fail,22.0
327,adventuregame,longterm_langchain_clp_chat,home_deliver_three_basic_hard,episode_00015,lark_exception,0.0
328,adventuregame,longterm_langchain_clp_chat,home_deliver_three_basic_hard,episode_00015,malformed_command,0.0
329,adventuregame,longterm_langchain_clp_chat,home_deliver_three_basic_hard,episode_00015,undefined_action_verb,0.0
330,adventuregame,longterm_langchain_clp_chat,home_deliver_three_basic_hard,episode_00015,undefined_action,0.0
331,adventuregame,longterm_langchain_clp_chat,home_deliver_three_basic_hard,episode_00015,undefined_repr_str,0.0
332,adventuregame,longterm_langchain_clp_chat,home_deliver_three_basic_hard,episode_00015,manipulating_room,0.0
333,adventuregame,longterm_langchain_clp_chat,home_deliver_three_basic_hard,episode_00015,undefined_argument_type,0.0
334,adventuregame,longterm_langchain_clp_chat,home_deliver_three_basic_hard,episode_00015,taking_from_inventory,0.0
335,adventuregame,longterm_langchain_clp_chat,home_deliver_three_basic_hard,episode_00015,other_room_argument,0.0
336,adventuregame,longterm_langchain_clp_chat,home_deliver_three_basic_hard,episode_00015,domain_trait_type_mismatch,0.0
337,adventuregame,longterm_langchain_clp_chat,home_deliver_three_basic_hard,episode_00015,domain_type_discrepancy,0.0
338,adventuregame,longterm_langchain_clp_chat,home_deliver_three_basic_hard,episode_00015,world_state_discrepancy,0.0
339,adventuregame,longterm_langchain_clp_chat,home_deliver_three_basic_hard,episode_00015,entity_not_accessible,22.0
340,adventuregame,longterm_langchain_clp_chat,home_deliver_three_basic_hard,episode_00015,entity_state_mismatch,0.0
341,adventuregame,longterm_langchain_clp_chat,home_deliver_three_basic_hard,episode_00015,entity_trait_mismatch,0.0
342,adventuregame,longterm_langchain_clp_chat,home_deliver_three_basic_hard,episode_00015,entity_already_inventory,0.0
343,adventuregame,longterm_langchain_clp_chat,home_deliver_three_basic_hard,episode_00015,going_to_current_room,0.0
344,adventuregame,longterm_langchain_clp_chat,home_deliver_three_basic_hard,episode_00015,no_exit_to,0.0
345,adventuregame,longterm_langchain_clp_chat,home_deliver_three_basic_hard,episode_00015,inventory_limit_exceeded,0.0
346,adventuregame,longterm_langchain_clp_chat,home_deliver_three_basic_hard,episode_00015,successful_actions,28.0
347,adventuregame,longterm_langchain_clp_chat,home_deliver_three_basic_hard,episode_00015,turn_limit_loss,1.0
348,adventuregame,longterm_langchain_clp_chat,home_deliver_three_basic_hard,episode_00015,turns_over_par,
349,adventuregame,longterm_langchain_clp_chat,home_deliver_three_basic_hard,episode_00015,turn_ratio,
350,adventuregame,longterm_langchain_clp_chat,home_deliver_three_basic_hard,episode_00015,finish_speed,
351,adventuregame,longterm_langchain_clp_chat,home_deliver_three_basic_hard,episode_00015,achieved_goal_ratio,0.0
352,adventuregame,longterm_langchain_clp_chat,home_deliver_three_basic_hard,episode_00015,Aborted,1.0
353,adventuregame,longterm_langchain_clp_chat,home_deliver_three_basic_hard,episode_00015,Success,0.0
354,adventuregame,longterm_langchain_clp_chat,home_deliver_three_basic_hard,episode_00015,Lose,0.0
355,adventuregame,longterm_langchain_clp_chat,home_deliver_three_basic_hard,episode_00015,Main Score,
356,adventuregame,longterm_langchain_clp_chat,home_deliver_three_basic_hard,episode_00015,plan_followed_ratio,0.0
357,adventuregame,longterm_langchain_clp_chat,home_deliver_three_basic_hard,episode_00015,plan_average_viability_ratio,0.0
358,adventuregame,longterm_langchain_clp_chat,home_deliver_three_basic_hard,episode_00015,bad_plan_follow_ratio,0.0
359,adventuregame,longterm_langchain_clp_chat,home_deliver_three_basic_hard,episode_00015,bad_plan_dismiss_ratio,1.0
360,adventuregame,longterm_langchain_clp_chat,home_deliver_three_basic_hard_invlimittwo,episode_00019,Violated Request Count,0.0
361,adventuregame,longterm_langchain_clp_chat,home_deliver_three_basic_hard_invlimittwo,episode_00019,Parsed Request Count,37.0
362,adventuregame,longterm_langchain_clp_chat,home_deliver_three_basic_hard_invlimittwo,episode_00019,Request Count,37.0
363,adventuregame,longterm_langchain_clp_chat,home_deliver_three_basic_hard_invlimittwo,episode_00019,Request Success Ratio,1.0
364,adventuregame,longterm_langchain_clp_chat,home_deliver_three_basic_hard_invlimittwo,episode_00019,hallucination_count,1.0
365,adventuregame,longterm_langchain_clp_chat,home_deliver_three_basic_hard_invlimittwo,episode_00019,action_parsing_fail,0.0
366,adventuregame,longterm_langchain_clp_chat,home_deliver_three_basic_hard_invlimittwo,episode_00019,action_resolution_fail,10.0
367,adventuregame,longterm_langchain_clp_chat,home_deliver_three_basic_hard_invlimittwo,episode_00019,lark_exception,0.0
368,adventuregame,longterm_langchain_clp_chat,home_deliver_three_basic_hard_invlimittwo,episode_00019,malformed_command,0.0
369,adventuregame,longterm_langchain_clp_chat,home_deliver_three_basic_hard_invlimittwo,episode_00019,undefined_action_verb,0.0
370,adventuregame,longterm_langchain_clp_chat,home_deliver_three_basic_hard_invlimittwo,episode_00019,undefined_action,0.0
371,adventuregame,longterm_langchain_clp_chat,home_deliver_three_basic_hard_invlimittwo,episode_00019,undefined_repr_str,0.0
372,adventuregame,longterm_langchain_clp_chat,home_deliver_three_basic_hard_invlimittwo,episode_00019,manipulating_room,0.0
373,adventuregame,longterm_langchain_clp_chat,home_deliver_three_basic_hard_invlimittwo,episode_00019,undefined_argument_type,0.0
374,adventuregame,longterm_langchain_clp_chat,home_deliver_three_basic_hard_invlimittwo,episode_00019,taking_from_inventory,0.0
375,adventuregame,longterm_langchain_clp_chat,home_deliver_three_basic_hard_invlimittwo,episode_00019,other_room_argument,0.0
376,adventuregame,longterm_langchain_clp_chat,home_deliver_three_basic_hard_invlimittwo,episode_00019,domain_trait_type_mismatch,0.0
377,adventuregame,longterm_langchain_clp_chat,home_deliver_three_basic_hard_invlimittwo,episode_00019,domain_type_discrepancy,0.0
378,adventuregame,longterm_langchain_clp_chat,home_deliver_three_basic_hard_invlimittwo,episode_00019,world_state_discrepancy,0.0
379,adventuregame,longterm_langchain_clp_chat,home_deliver_three_basic_hard_invlimittwo,episode_00019,entity_not_accessible,5.0
380,adventuregame,longterm_langchain_clp_chat,home_deliver_three_basic_hard_invlimittwo,episode_00019,entity_state_mismatch,0.0
381,adventuregame,longterm_langchain_clp_chat,home_deliver_three_basic_hard_invlimittwo,episode_00019,entity_trait_mismatch,0.0
382,adventuregame,longterm_langchain_clp_chat,home_deliver_three_basic_hard_invlimittwo,episode_00019,entity_already_inventory,0.0
383,adventuregame,longterm_langchain_clp_chat,home_deliver_three_basic_hard_invlimittwo,episode_00019,going_to_current_room,0.0
384,adventuregame,longterm_langchain_clp_chat,home_deliver_three_basic_hard_invlimittwo,episode_00019,no_exit_to,5.0
385,adventuregame,longterm_langchain_clp_chat,home_deliver_three_basic_hard_invlimittwo,episode_00019,inventory_limit_exceeded,0.0
386,adventuregame,longterm_langchain_clp_chat,home_deliver_three_basic_hard_invlimittwo,episode_00019,successful_actions,27.0
387,adventuregame,longterm_langchain_clp_chat,home_deliver_three_basic_hard_invlimittwo,episode_00019,turn_limit_loss,0.0
388,adventuregame,longterm_langchain_clp_chat,home_deliver_three_basic_hard_invlimittwo,episode_00019,turns_over_par,
389,adventuregame,longterm_langchain_clp_chat,home_deliver_three_basic_hard_invlimittwo,episode_00019,turn_ratio,
390,adventuregame,longterm_langchain_clp_chat,home_deliver_three_basic_hard_invlimittwo,episode_00019,finish_speed,
391,adventuregame,longterm_langchain_clp_chat,home_deliver_three_basic_hard_invlimittwo,episode_00019,achieved_goal_ratio,0.6666666666666666
392,adventuregame,longterm_langchain_clp_chat,home_deliver_three_basic_hard_invlimittwo,episode_00019,Aborted,0.0
393,adventuregame,longterm_langchain_clp_chat,home_deliver_three_basic_hard_invlimittwo,episode_00019,Success,0.0
394,adventuregame,longterm_langchain_clp_chat,home_deliver_three_basic_hard_invlimittwo,episode_00019,Lose,1.0
395,adventuregame,longterm_langchain_clp_chat,home_deliver_three_basic_hard_invlimittwo,episode_00019,Main Score,66.66666666666666
396,adventuregame,longterm_langchain_clp_chat,home_deliver_three_basic_hard_invlimittwo,episode_00019,plan_followed_ratio,0.0
397,adventuregame,longterm_langchain_clp_chat,home_deliver_three_basic_hard_invlimittwo,episode_00019,plan_average_viability_ratio,0.0
398,adventuregame,longterm_langchain_clp_chat,home_deliver_three_basic_hard_invlimittwo,episode_00019,bad_plan_follow_ratio,0.0
399,adventuregame,longterm_langchain_clp_chat,home_deliver_three_basic_hard_invlimittwo,episode_00019,bad_plan_dismiss_ratio,1.0
400,adventuregame,longterm_langchain_clp_chat,home_deliver_three_basic_hard_invlimittwo,episode_00020,Violated Request Count,0.0
401,adventuregame,longterm_langchain_clp_chat,home_deliver_three_basic_hard_invlimittwo,episode_00020,Parsed Request Count,1.0
402,adventuregame,longterm_langchain_clp_chat,home_deliver_three_basic_hard_invlimittwo,episode_00020,Request Count,1.0
403,adventuregame,longterm_langchain_clp_chat,home_deliver_three_basic_hard_invlimittwo,episode_00020,Request Success Ratio,1.0
404,adventuregame,longterm_langchain_clp_chat,home_deliver_three_basic_hard_invlimittwo,episode_00020,hallucination_count,1.0
405,adventuregame,longterm_langchain_clp_chat,home_deliver_three_basic_hard_invlimittwo,episode_00020,action_parsing_fail,0.0
406,adventuregame,longterm_langchain_clp_chat,home_deliver_three_basic_hard_invlimittwo,episode_00020,action_resolution_fail,0.0
407,adventuregame,longterm_langchain_clp_chat,home_deliver_three_basic_hard_invlimittwo,episode_00020,lark_exception,0.0
408,adventuregame,longterm_langchain_clp_chat,home_deliver_three_basic_hard_invlimittwo,episode_00020,malformed_command,0.0
409,adventuregame,longterm_langchain_clp_chat,home_deliver_three_basic_hard_invlimittwo,episode_00020,undefined_action_verb,0.0
410,adventuregame,longterm_langchain_clp_chat,home_deliver_three_basic_hard_invlimittwo,episode_00020,undefined_action,0.0
411,adventuregame,longterm_langchain_clp_chat,home_deliver_three_basic_hard_invlimittwo,episode_00020,undefined_repr_str,0.0
412,adventuregame,longterm_langchain_clp_chat,home_deliver_three_basic_hard_invlimittwo,episode_00020,manipulating_room,0.0
413,adventuregame,longterm_langchain_clp_chat,home_deliver_three_basic_hard_invlimittwo,episode_00020,undefined_argument_type,0.0
414,adventuregame,longterm_langchain_clp_chat,home_deliver_three_basic_hard_invlimittwo,episode_00020,taking_from_inventory,0.0
415,adventuregame,longterm_langchain_clp_chat,home_deliver_three_basic_hard_invlimittwo,episode_00020,other_room_argument,0.0
416,adventuregame,longterm_langchain_clp_chat,home_deliver_three_basic_hard_invlimittwo,episode_00020,domain_trait_type_mismatch,0.0
417,adventuregame,longterm_langchain_clp_chat,home_deliver_three_basic_hard_invlimittwo,episode_00020,domain_type_discrepancy,0.0
418,adventuregame,longterm_langchain_clp_chat,home_deliver_three_basic_hard_invlimittwo,episode_00020,world_state_discrepancy,0.0
419,adventuregame,longterm_langchain_clp_chat,home_deliver_three_basic_hard_invlimittwo,episode_00020,entity_not_accessible,0.0
420,adventuregame,longterm_langchain_clp_chat,home_deliver_three_basic_hard_invlimittwo,episode_00020,entity_state_mismatch,0.0
421,adventuregame,longterm_langchain_clp_chat,home_deliver_three_basic_hard_invlimittwo,episode_00020,entity_trait_mismatch,0.0
422,adventuregame,longterm_langchain_clp_chat,home_deliver_three_basic_hard_invlimittwo,episode_00020,entity_already_inventory,0.0
423,adventuregame,longterm_langchain_clp_chat,home_deliver_three_basic_hard_invlimittwo,episode_00020,going_to_current_room,0.0
424,adventuregame,longterm_langchain_clp_chat,home_deliver_three_basic_hard_invlimittwo,episode_00020,no_exit_to,0.0
425,adventuregame,longterm_langchain_clp_chat,home_deliver_three_basic_hard_invlimittwo,episode_00020,inventory_limit_exceeded,0.0
426,adventuregame,longterm_langchain_clp_chat,home_deliver_three_basic_hard_invlimittwo,episode_00020,successful_actions,1.0
427,adventuregame,longterm_langchain_clp_chat,home_deliver_three_basic_hard_invlimittwo,episode_00020,turn_limit_loss,0.0
428,adventuregame,longterm_langchain_clp_chat,home_deliver_three_basic_hard_invlimittwo,episode_00020,turns_over_par,
429,adventuregame,longterm_langchain_clp_chat,home_deliver_three_basic_hard_invlimittwo,episode_00020,turn_ratio,
430,adventuregame,longterm_langchain_clp_chat,home_deliver_three_basic_hard_invlimittwo,episode_00020,finish_speed,
431,adventuregame,longterm_langchain_clp_chat,home_deliver_three_basic_hard_invlimittwo,episode_00020,achieved_goal_ratio,0.0
432,adventuregame,longterm_langchain_clp_chat,home_deliver_three_basic_hard_invlimittwo,episode_00020,Aborted,0.0
433,adventuregame,longterm_langchain_clp_chat,home_deliver_three_basic_hard_invlimittwo,episode_00020,Success,0.0
434,adventuregame,longterm_langchain_clp_chat,home_deliver_three_basic_hard_invlimittwo,episode_00020,Lose,1.0
435,adventuregame,longterm_langchain_clp_chat,home_deliver_three_basic_hard_invlimittwo,episode_00020,Main Score,0.0
436,adventuregame,longterm_langchain_clp_chat,home_deliver_three_basic_hard_invlimittwo,episode_00020,plan_followed_ratio,0.0
437,adventuregame,longterm_langchain_clp_chat,home_deliver_three_basic_hard_invlimittwo,episode_00020,plan_average_viability_ratio,0.0
438,adventuregame,longterm_langchain_clp_chat,home_deliver_three_basic_hard_invlimittwo,episode_00020,bad_plan_follow_ratio,0.0
439,adventuregame,longterm_langchain_clp_chat,home_deliver_three_basic_hard_invlimittwo,episode_00020,bad_plan_dismiss_ratio,1.0
440,adventuregame,longterm_langchain_clp_chat,home_deliver_three_basic_hard_invlimittwo,episode_00021,Violated Request Count,0.0
441,adventuregame,longterm_langchain_clp_chat,home_deliver_three_basic_hard_invlimittwo,episode_00021,Parsed Request Count,1.0
442,adventuregame,longterm_langchain_clp_chat,home_deliver_three_basic_hard_invlimittwo,episode_00021,Request Count,1.0
443,adventuregame,longterm_langchain_clp_chat,home_deliver_three_basic_hard_invlimittwo,episode_00021,Request Success Ratio,1.0
444,adventuregame,longterm_langchain_clp_chat,home_deliver_three_basic_hard_invlimittwo,episode_00021,hallucination_count,1.0
445,adventuregame,longterm_langchain_clp_chat,home_deliver_three_basic_hard_invlimittwo,episode_00021,action_parsing_fail,0.0
446,adventuregame,longterm_langchain_clp_chat,home_deliver_three_basic_hard_invlimittwo,episode_00021,action_resolution_fail,0.0
447,adventuregame,longterm_langchain_clp_chat,home_deliver_three_basic_hard_invlimittwo,episode_00021,lark_exception,0.0
448,adventuregame,longterm_langchain_clp_chat,home_deliver_three_basic_hard_invlimittwo,episode_00021,malformed_command,0.0
449,adventuregame,longterm_langchain_clp_chat,home_deliver_three_basic_hard_invlimittwo,episode_00021,undefined_action_verb,0.0
450,adventuregame,longterm_langchain_clp_chat,home_deliver_three_basic_hard_invlimittwo,episode_00021,undefined_action,0.0
451,adventuregame,longterm_langchain_clp_chat,home_deliver_three_basic_hard_invlimittwo,episode_00021,undefined_repr_str,0.0
452,adventuregame,longterm_langchain_clp_chat,home_deliver_three_basic_hard_invlimittwo,episode_00021,manipulating_room,0.0
453,adventuregame,longterm_langchain_clp_chat,home_deliver_three_basic_hard_invlimittwo,episode_00021,undefined_argument_type,0.0
454,adventuregame,longterm_langchain_clp_chat,home_deliver_three_basic_hard_invlimittwo,episode_00021,taking_from_inventory,0.0
455,adventuregame,longterm_langchain_clp_chat,home_deliver_three_basic_hard_invlimittwo,episode_00021,other_room_argument,0.0
456,adventuregame,longterm_langchain_clp_chat,home_deliver_three_basic_hard_invlimittwo,episode_00021,domain_trait_type_mismatch,0.0
457,adventuregame,longterm_langchain_clp_chat,home_deliver_three_basic_hard_invlimittwo,episode_00021,domain_type_discrepancy,0.0
458,adventuregame,longterm_langchain_clp_chat,home_deliver_three_basic_hard_invlimittwo,episode_00021,world_state_discrepancy,0.0
459,adventuregame,longterm_langchain_clp_chat,home_deliver_three_basic_hard_invlimittwo,episode_00021,entity_not_accessible,0.0
460,adventuregame,longterm_langchain_clp_chat,home_deliver_three_basic_hard_invlimittwo,episode_00021,entity_state_mismatch,0.0
461,adventuregame,longterm_langchain_clp_chat,home_deliver_three_basic_hard_invlimittwo,episode_00021,entity_trait_mismatch,0.0
462,adventuregame,longterm_langchain_clp_chat,home_deliver_three_basic_hard_invlimittwo,episode_00021,entity_already_inventory,0.0
463,adventuregame,longterm_langchain_clp_chat,home_deliver_three_basic_hard_invlimittwo,episode_00021,going_to_current_room,0.0
464,adventuregame,longterm_langchain_clp_chat,home_deliver_three_basic_hard_invlimittwo,episode_00021,no_exit_to,0.0
465,adventuregame,longterm_langchain_clp_chat,home_deliver_three_basic_hard_invlimittwo,episode_00021,inventory_limit_exceeded,0.0
466,adventuregame,longterm_langchain_clp_chat,home_deliver_three_basic_hard_invlimittwo,episode_00021,successful_actions,1.0
467,adventuregame,longterm_langchain_clp_chat,home_deliver_three_basic_hard_invlimittwo,episode_00021,turn_limit_loss,0.0
468,adventuregame,longterm_langchain_clp_chat,home_deliver_three_basic_hard_invlimittwo,episode_00021,turns_over_par,
469,adventuregame,longterm_langchain_clp_chat,home_deliver_three_basic_hard_invlimittwo,episode_00021,turn_ratio,
470,adventuregame,longterm_langchain_clp_chat,home_deliver_three_basic_hard_invlimittwo,episode_00021,finish_speed,
471,adventuregame,longterm_langchain_clp_chat,home_deliver_three_basic_hard_invlimittwo,episode_00021,achieved_goal_ratio,0.0
472,adventuregame,longterm_langchain_clp_chat,home_deliver_three_basic_hard_invlimittwo,episode_00021,Aborted,0.0
473,adventuregame,longterm_langchain_clp_chat,home_deliver_three_basic_hard_invlimittwo,episode_00021,Success,0.0
474,adventuregame,longterm_langchain_clp_chat,home_deliver_three_basic_hard_invlimittwo,episode_00021,Lose,1.0
475,adventuregame,longterm_langchain_clp_chat,home_deliver_three_basic_hard_invlimittwo,episode_00021,Main Score,0.0
476,adventuregame,longterm_langchain_clp_chat,home_deliver_three_basic_hard_invlimittwo,episode_00021,plan_followed_ratio,0.0
477,adventuregame,longterm_langchain_clp_chat,home_deliver_three_basic_hard_invlimittwo,episode_00021,plan_average_viability_ratio,0.0
478,adventuregame,longterm_langchain_clp_chat,home_deliver_three_basic_hard_invlimittwo,episode_00021,bad_plan_follow_ratio,0.0
479,adventuregame,longterm_langchain_clp_chat,home_deliver_three_basic_hard_invlimittwo,episode_00021,bad_plan_dismiss_ratio,1.0
480,adventuregame,longterm_langchain_clp_chat,home_deliver_three_planning_easy,episode_00004,Violated Request Count,0.0
481,adventuregame,longterm_langchain_clp_chat,home_deliver_three_planning_easy,episode_00004,Parsed Request Count,1.0
482,adventuregame,longterm_langchain_clp_chat,home_deliver_three_planning_easy,episode_00004,Request Count,1.0
483,adventuregame,longterm_langchain_clp_chat,home_deliver_three_planning_easy,episode_00004,Request Success Ratio,1.0
484,adventuregame,longterm_langchain_clp_chat,home_deliver_three_planning_easy,episode_00004,hallucination_count,1.0
485,adventuregame,longterm_langchain_clp_chat,home_deliver_three_planning_easy,episode_00004,action_parsing_fail,0.0
486,adventuregame,longterm_langchain_clp_chat,home_deliver_three_planning_easy,episode_00004,action_resolution_fail,0.0
487,adventuregame,longterm_langchain_clp_chat,home_deliver_three_planning_easy,episode_00004,lark_exception,0.0
488,adventuregame,longterm_langchain_clp_chat,home_deliver_three_planning_easy,episode_00004,malformed_command,0.0
489,adventuregame,longterm_langchain_clp_chat,home_deliver_three_planning_easy,episode_00004,undefined_action_verb,0.0
490,adventuregame,longterm_langchain_clp_chat,home_deliver_three_planning_easy,episode_00004,undefined_action,0.0
491,adventuregame,longterm_langchain_clp_chat,home_deliver_three_planning_easy,episode_00004,undefined_repr_str,0.0
492,adventuregame,longterm_langchain_clp_chat,home_deliver_three_planning_easy,episode_00004,manipulating_room,0.0
493,adventuregame,longterm_langchain_clp_chat,home_deliver_three_planning_easy,episode_00004,undefined_argument_type,0.0
494,adventuregame,longterm_langchain_clp_chat,home_deliver_three_planning_easy,episode_00004,taking_from_inventory,0.0
495,adventuregame,longterm_langchain_clp_chat,home_deliver_three_planning_easy,episode_00004,other_room_argument,0.0
496,adventuregame,longterm_langchain_clp_chat,home_deliver_three_planning_easy,episode_00004,domain_trait_type_mismatch,0.0
497,adventuregame,longterm_langchain_clp_chat,home_deliver_three_planning_easy,episode_00004,domain_type_discrepancy,0.0
498,adventuregame,longterm_langchain_clp_chat,home_deliver_three_planning_easy,episode_00004,world_state_discrepancy,0.0
499,adventuregame,longterm_langchain_clp_chat,home_deliver_three_planning_easy,episode_00004,entity_not_accessible,0.0
500,adventuregame,longterm_langchain_clp_chat,home_deliver_three_planning_easy,episode_00004,entity_state_mismatch,0.0
501,adventuregame,longterm_langchain_clp_chat,home_deliver_three_planning_easy,episode_00004,entity_trait_mismatch,0.0
502,adventuregame,longterm_langchain_clp_chat,home_deliver_three_planning_easy,episode_00004,entity_already_inventory,0.0
503,adventuregame,longterm_langchain_clp_chat,home_deliver_three_planning_easy,episode_00004,going_to_current_room,0.0
504,adventuregame,longterm_langchain_clp_chat,home_deliver_three_planning_easy,episode_00004,no_exit_to,0.0
505,adventuregame,longterm_langchain_clp_chat,home_deliver_three_planning_easy,episode_00004,inventory_limit_exceeded,0.0
506,adventuregame,longterm_langchain_clp_chat,home_deliver_three_planning_easy,episode_00004,successful_actions,1.0
507,adventuregame,longterm_langchain_clp_chat,home_deliver_three_planning_easy,episode_00004,turn_limit_loss,0.0
508,adventuregame,longterm_langchain_clp_chat,home_deliver_three_planning_easy,episode_00004,turns_over_par,
509,adventuregame,longterm_langchain_clp_chat,home_deliver_three_planning_easy,episode_00004,turn_ratio,
510,adventuregame,longterm_langchain_clp_chat,home_deliver_three_planning_easy,episode_00004,finish_speed,
511,adventuregame,longterm_langchain_clp_chat,home_deliver_three_planning_easy,episode_00004,achieved_goal_ratio,0.0
512,adventuregame,longterm_langchain_clp_chat,home_deliver_three_planning_easy,episode_00004,Aborted,0.0
513,adventuregame,longterm_langchain_clp_chat,home_deliver_three_planning_easy,episode_00004,Success,0.0
514,adventuregame,longterm_langchain_clp_chat,home_deliver_three_planning_easy,episode_00004,Lose,1.0
515,adventuregame,longterm_langchain_clp_chat,home_deliver_three_planning_easy,episode_00004,Main Score,0.0
516,adventuregame,longterm_langchain_clp_chat,home_deliver_three_planning_easy,episode_00004,plan_followed_ratio,0.0
517,adventuregame,longterm_langchain_clp_chat,home_deliver_three_planning_easy,episode_00004,plan_average_viability_ratio,0.0
518,adventuregame,longterm_langchain_clp_chat,home_deliver_three_planning_easy,episode_00004,bad_plan_follow_ratio,0.0
519,adventuregame,longterm_langchain_clp_chat,home_deliver_three_planning_easy,episode_00004,bad_plan_dismiss_ratio,1.0
520,adventuregame,longterm_langchain_clp_chat,home_deliver_three_planning_easy,episode_00005,Violated Request Count,0.0
521,adventuregame,longterm_langchain_clp_chat,home_deliver_three_planning_easy,episode_00005,Parsed Request Count,1.0
522,adventuregame,longterm_langchain_clp_chat,home_deliver_three_planning_easy,episode_00005,Request Count,1.0
523,adventuregame,longterm_langchain_clp_chat,home_deliver_three_planning_easy,episode_00005,Request Success Ratio,1.0
524,adventuregame,longterm_langchain_clp_chat,home_deliver_three_planning_easy,episode_00005,hallucination_count,1.0
525,adventuregame,longterm_langchain_clp_chat,home_deliver_three_planning_easy,episode_00005,action_parsing_fail,0.0
526,adventuregame,longterm_langchain_clp_chat,home_deliver_three_planning_easy,episode_00005,action_resolution_fail,0.0
527,adventuregame,longterm_langchain_clp_chat,home_deliver_three_planning_easy,episode_00005,lark_exception,0.0
528,adventuregame,longterm_langchain_clp_chat,home_deliver_three_planning_easy,episode_00005,malformed_command,0.0
529,adventuregame,longterm_langchain_clp_chat,home_deliver_three_planning_easy,episode_00005,undefined_action_verb,0.0
530,adventuregame,longterm_langchain_clp_chat,home_deliver_three_planning_easy,episode_00005,undefined_action,0.0
531,adventuregame,longterm_langchain_clp_chat,home_deliver_three_planning_easy,episode_00005,undefined_repr_str,0.0
532,adventuregame,longterm_langchain_clp_chat,home_deliver_three_planning_easy,episode_00005,manipulating_room,0.0
533,adventuregame,longterm_langchain_clp_chat,home_deliver_three_planning_easy,episode_00005,undefined_argument_type,0.0
534,adventuregame,longterm_langchain_clp_chat,home_deliver_three_planning_easy,episode_00005,taking_from_inventory,0.0
535,adventuregame,longterm_langchain_clp_chat,home_deliver_three_planning_easy,episode_00005,other_room_argument,0.0
536,adventuregame,longterm_langchain_clp_chat,home_deliver_three_planning_easy,episode_00005,domain_trait_type_mismatch,0.0
537,adventuregame,longterm_langchain_clp_chat,home_deliver_three_planning_easy,episode_00005,domain_type_discrepancy,0.0
538,adventuregame,longterm_langchain_clp_chat,home_deliver_three_planning_easy,episode_00005,world_state_discrepancy,0.0
539,adventuregame,longterm_langchain_clp_chat,home_deliver_three_planning_easy,episode_00005,entity_not_accessible,0.0
540,adventuregame,longterm_langchain_clp_chat,home_deliver_three_planning_easy,episode_00005,entity_state_mismatch,0.0
541,adventuregame,longterm_langchain_clp_chat,home_deliver_three_planning_easy,episode_00005,entity_trait_mismatch,0.0
542,adventuregame,longterm_langchain_clp_chat,home_deliver_three_planning_easy,episode_00005,entity_already_inventory,0.0
543,adventuregame,longterm_langchain_clp_chat,home_deliver_three_planning_easy,episode_00005,going_to_current_room,0.0
544,adventuregame,longterm_langchain_clp_chat,home_deliver_three_planning_easy,episode_00005,no_exit_to,0.0
545,adventuregame,longterm_langchain_clp_chat,home_deliver_three_planning_easy,episode_00005,inventory_limit_exceeded,0.0
546,adventuregame,longterm_langchain_clp_chat,home_deliver_three_planning_easy,episode_00005,successful_actions,1.0
547,adventuregame,longterm_langchain_clp_chat,home_deliver_three_planning_easy,episode_00005,turn_limit_loss,0.0
548,adventuregame,longterm_langchain_clp_chat,home_deliver_three_planning_easy,episode_00005,turns_over_par,
549,adventuregame,longterm_langchain_clp_chat,home_deliver_three_planning_easy,episode_00005,turn_ratio,
550,adventuregame,longterm_langchain_clp_chat,home_deliver_three_planning_easy,episode_00005,finish_speed,
551,adventuregame,longterm_langchain_clp_chat,home_deliver_three_planning_easy,episode_00005,achieved_goal_ratio,0.0
552,adventuregame,longterm_langchain_clp_chat,home_deliver_three_planning_easy,episode_00005,Aborted,0.0
553,adventuregame,longterm_langchain_clp_chat,home_deliver_three_planning_easy,episode_00005,Success,0.0
554,adventuregame,longterm_langchain_clp_chat,home_deliver_three_planning_easy,episode_00005,Lose,1.0
555,adventuregame,longterm_langchain_clp_chat,home_deliver_three_planning_easy,episode_00005,Main Score,0.0
556,adventuregame,longterm_langchain_clp_chat,home_deliver_three_planning_easy,episode_00005,plan_followed_ratio,0.0
557,adventuregame,longterm_langchain_clp_chat,home_deliver_three_planning_easy,episode_00005,plan_average_viability_ratio,0.0
558,adventuregame,longterm_langchain_clp_chat,home_deliver_three_planning_easy,episode_00005,bad_plan_follow_ratio,0.0
559,adventuregame,longterm_langchain_clp_chat,home_deliver_three_planning_easy,episode_00005,bad_plan_dismiss_ratio,1.0
560,adventuregame,longterm_langchain_clp_chat,home_deliver_three_planning_easy,episode_00006,Violated Request Count,0.0
561,adventuregame,longterm_langchain_clp_chat,home_deliver_three_planning_easy,episode_00006,Parsed Request Count,1.0
562,adventuregame,longterm_langchain_clp_chat,home_deliver_three_planning_easy,episode_00006,Request Count,1.0
563,adventuregame,longterm_langchain_clp_chat,home_deliver_three_planning_easy,episode_00006,Request Success Ratio,1.0
564,adventuregame,longterm_langchain_clp_chat,home_deliver_three_planning_easy,episode_00006,hallucination_count,1.0
565,adventuregame,longterm_langchain_clp_chat,home_deliver_three_planning_easy,episode_00006,action_parsing_fail,0.0
566,adventuregame,longterm_langchain_clp_chat,home_deliver_three_planning_easy,episode_00006,action_resolution_fail,0.0
567,adventuregame,longterm_langchain_clp_chat,home_deliver_three_planning_easy,episode_00006,lark_exception,0.0
568,adventuregame,longterm_langchain_clp_chat,home_deliver_three_planning_easy,episode_00006,malformed_command,0.0
569,adventuregame,longterm_langchain_clp_chat,home_deliver_three_planning_easy,episode_00006,undefined_action_verb,0.0
570,adventuregame,longterm_langchain_clp_chat,home_deliver_three_planning_easy,episode_00006,undefined_action,0.0
571,adventuregame,longterm_langchain_clp_chat,home_deliver_three_planning_easy,episode_00006,undefined_repr_str,0.0
572,adventuregame,longterm_langchain_clp_chat,home_deliver_three_planning_easy,episode_00006,manipulating_room,0.0
573,adventuregame,longterm_langchain_clp_chat,home_deliver_three_planning_easy,episode_00006,undefined_argument_type,0.0
574,adventuregame,longterm_langchain_clp_chat,home_deliver_three_planning_easy,episode_00006,taking_from_inventory,0.0
575,adventuregame,longterm_langchain_clp_chat,home_deliver_three_planning_easy,episode_00006,other_room_argument,0.0
576,adventuregame,longterm_langchain_clp_chat,home_deliver_three_planning_easy,episode_00006,domain_trait_type_mismatch,0.0
577,adventuregame,longterm_langchain_clp_chat,home_deliver_three_planning_easy,episode_00006,domain_type_discrepancy,0.0
578,adventuregame,longterm_langchain_clp_chat,home_deliver_three_planning_easy,episode_00006,world_state_discrepancy,0.0
579,adventuregame,longterm_langchain_clp_chat,home_deliver_three_planning_easy,episode_00006,entity_not_accessible,0.0
580,adventuregame,longterm_langchain_clp_chat,home_deliver_three_planning_easy,episode_00006,entity_state_mismatch,0.0
581,adventuregame,longterm_langchain_clp_chat,home_deliver_three_planning_easy,episode_00006,entity_trait_mismatch,0.0
582,adventuregame,longterm_langchain_clp_chat,home_deliver_three_planning_easy,episode_00006,entity_already_inventory,0.0
583,adventuregame,longterm_langchain_clp_chat,home_deliver_three_planning_easy,episode_00006,going_to_current_room,0.0
584,adventuregame,longterm_langchain_clp_chat,home_deliver_three_planning_easy,episode_00006,no_exit_to,0.0
585,adventuregame,longterm_langchain_clp_chat,home_deliver_three_planning_easy,episode_00006,inventory_limit_exceeded,0.0
586,adventuregame,longterm_langchain_clp_chat,home_deliver_three_planning_easy,episode_00006,successful_actions,1.0
587,adventuregame,longterm_langchain_clp_chat,home_deliver_three_planning_easy,episode_00006,turn_limit_loss,0.0
588,adventuregame,longterm_langchain_clp_chat,home_deliver_three_planning_easy,episode_00006,turns_over_par,
589,adventuregame,longterm_langchain_clp_chat,home_deliver_three_planning_easy,episode_00006,turn_ratio,
590,adventuregame,longterm_langchain_clp_chat,home_deliver_three_planning_easy,episode_00006,finish_speed,
591,adventuregame,longterm_langchain_clp_chat,home_deliver_three_planning_easy,episode_00006,achieved_goal_ratio,0.0
592,adventuregame,longterm_langchain_clp_chat,home_deliver_three_planning_easy,episode_00006,Aborted,0.0
593,adventuregame,longterm_langchain_clp_chat,home_deliver_three_planning_easy,episode_00006,Success,0.0
594,adventuregame,longterm_langchain_clp_chat,home_deliver_three_planning_easy,episode_00006,Lose,1.0
595,adventuregame,longterm_langchain_clp_chat,home_deliver_three_planning_easy,episode_00006,Main Score,0.0
596,adventuregame,longterm_langchain_clp_chat,home_deliver_three_planning_easy,episode_00006,plan_followed_ratio,0.0
597,adventuregame,longterm_langchain_clp_chat,home_deliver_three_planning_easy,episode_00006,plan_average_viability_ratio,0.0
598,adventuregame,longterm_langchain_clp_chat,home_deliver_three_planning_easy,episode_00006,bad_plan_follow_ratio,0.0
599,adventuregame,longterm_langchain_clp_chat,home_deliver_three_planning_easy,episode_00006,bad_plan_dismiss_ratio,1.0
600,adventuregame,longterm_langchain_clp_chat,home_deliver_three_planning_easy_invlimittwo,episode_00010,Violated Request Count,0.0
601,adventuregame,longterm_langchain_clp_chat,home_deliver_three_planning_easy_invlimittwo,episode_00010,Parsed Request Count,1.0
602,adventuregame,longterm_langchain_clp_chat,home_deliver_three_planning_easy_invlimittwo,episode_00010,Request Count,1.0
603,adventuregame,longterm_langchain_clp_chat,home_deliver_three_planning_easy_invlimittwo,episode_00010,Request Success Ratio,1.0
604,adventuregame,longterm_langchain_clp_chat,home_deliver_three_planning_easy_invlimittwo,episode_00010,hallucination_count,1.0
605,adventuregame,longterm_langchain_clp_chat,home_deliver_three_planning_easy_invlimittwo,episode_00010,action_parsing_fail,0.0
606,adventuregame,longterm_langchain_clp_chat,home_deliver_three_planning_easy_invlimittwo,episode_00010,action_resolution_fail,0.0
607,adventuregame,longterm_langchain_clp_chat,home_deliver_three_planning_easy_invlimittwo,episode_00010,lark_exception,0.0
608,adventuregame,longterm_langchain_clp_chat,home_deliver_three_planning_easy_invlimittwo,episode_00010,malformed_command,0.0
609,adventuregame,longterm_langchain_clp_chat,home_deliver_three_planning_easy_invlimittwo,episode_00010,undefined_action_verb,0.0
610,adventuregame,longterm_langchain_clp_chat,home_deliver_three_planning_easy_invlimittwo,episode_00010,undefined_action,0.0
611,adventuregame,longterm_langchain_clp_chat,home_deliver_three_planning_easy_invlimittwo,episode_00010,undefined_repr_str,0.0
612,adventuregame,longterm_langchain_clp_chat,home_deliver_three_planning_easy_invlimittwo,episode_00010,manipulating_room,0.0
613,adventuregame,longterm_langchain_clp_chat,home_deliver_three_planning_easy_invlimittwo,episode_00010,undefined_argument_type,0.0
614,adventuregame,longterm_langchain_clp_chat,home_deliver_three_planning_easy_invlimittwo,episode_00010,taking_from_inventory,0.0
615,adventuregame,longterm_langchain_clp_chat,home_deliver_three_planning_easy_invlimittwo,episode_00010,other_room_argument,0.0
616,adventuregame,longterm_langchain_clp_chat,home_deliver_three_planning_easy_invlimittwo,episode_00010,domain_trait_type_mismatch,0.0
617,adventuregame,longterm_langchain_clp_chat,home_deliver_three_planning_easy_invlimittwo,episode_00010,domain_type_discrepancy,0.0
618,adventuregame,longterm_langchain_clp_chat,home_deliver_three_planning_easy_invlimittwo,episode_00010,world_state_discrepancy,0.0
619,adventuregame,longterm_langchain_clp_chat,home_deliver_three_planning_easy_invlimittwo,episode_00010,entity_not_accessible,0.0
620,adventuregame,longterm_langchain_clp_chat,home_deliver_three_planning_easy_invlimittwo,episode_00010,entity_state_mismatch,0.0
621,adventuregame,longterm_langchain_clp_chat,home_deliver_three_planning_easy_invlimittwo,episode_00010,entity_trait_mismatch,0.0
622,adventuregame,longterm_langchain_clp_chat,home_deliver_three_planning_easy_invlimittwo,episode_00010,entity_already_inventory,0.0
623,adventuregame,longterm_langchain_clp_chat,home_deliver_three_planning_easy_invlimittwo,episode_00010,going_to_current_room,0.0
624,adventuregame,longterm_langchain_clp_chat,home_deliver_three_planning_easy_invlimittwo,episode_00010,no_exit_to,0.0
625,adventuregame,longterm_langchain_clp_chat,home_deliver_three_planning_easy_invlimittwo,episode_00010,inventory_limit_exceeded,0.0
626,adventuregame,longterm_langchain_clp_chat,home_deliver_three_planning_easy_invlimittwo,episode_00010,successful_actions,1.0
627,adventuregame,longterm_langchain_clp_chat,home_deliver_three_planning_easy_invlimittwo,episode_00010,turn_limit_loss,0.0
628,adventuregame,longterm_langchain_clp_chat,home_deliver_three_planning_easy_invlimittwo,episode_00010,turns_over_par,
629,adventuregame,longterm_langchain_clp_chat,home_deliver_three_planning_easy_invlimittwo,episode_00010,turn_ratio,
630,adventuregame,longterm_langchain_clp_chat,home_deliver_three_planning_easy_invlimittwo,episode_00010,finish_speed,
631,adventuregame,longterm_langchain_clp_chat,home_deliver_three_planning_easy_invlimittwo,episode_00010,achieved_goal_ratio,0.0
632,adventuregame,longterm_langchain_clp_chat,home_deliver_three_planning_easy_invlimittwo,episode_00010,Aborted,0.0
633,adventuregame,longterm_langchain_clp_chat,home_deliver_three_planning_easy_invlimittwo,episode_00010,Success,0.0
634,adventuregame,longterm_langchain_clp_chat,home_deliver_three_planning_easy_invlimittwo,episode_00010,Lose,1.0
635,adventuregame,longterm_langchain_clp_chat,home_deliver_three_planning_easy_invlimittwo,episode_00010,Main Score,0.0
636,adventuregame,longterm_langchain_clp_chat,home_deliver_three_planning_easy_invlimittwo,episode_00010,plan_followed_ratio,0.0
637,adventuregame,longterm_langchain_clp_chat,home_deliver_three_planning_easy_invlimittwo,episode_00010,plan_average_viability_ratio,0.0
638,adventuregame,longterm_langchain_clp_chat,home_deliver_three_planning_easy_invlimittwo,episode_00010,bad_plan_follow_ratio,0.0
639,adventuregame,longterm_langchain_clp_chat,home_deliver_three_planning_easy_invlimittwo,episode_00010,bad_plan_dismiss_ratio,1.0
640,adventuregame,longterm_langchain_clp_chat,home_deliver_three_planning_easy_invlimittwo,episode_00011,Violated Request Count,0.0
641,adventuregame,longterm_langchain_clp_chat,home_deliver_three_planning_easy_invlimittwo,episode_00011,Parsed Request Count,1.0
642,adventuregame,longterm_langchain_clp_chat,home_deliver_three_planning_easy_invlimittwo,episode_00011,Request Count,1.0
643,adventuregame,longterm_langchain_clp_chat,home_deliver_three_planning_easy_invlimittwo,episode_00011,Request Success Ratio,1.0
644,adventuregame,longterm_langchain_clp_chat,home_deliver_three_planning_easy_invlimittwo,episode_00011,hallucination_count,1.0
645,adventuregame,longterm_langchain_clp_chat,home_deliver_three_planning_easy_invlimittwo,episode_00011,action_parsing_fail,0.0
646,adventuregame,longterm_langchain_clp_chat,home_deliver_three_planning_easy_invlimittwo,episode_00011,action_resolution_fail,0.0
647,adventuregame,longterm_langchain_clp_chat,home_deliver_three_planning_easy_invlimittwo,episode_00011,lark_exception,0.0
648,adventuregame,longterm_langchain_clp_chat,home_deliver_three_planning_easy_invlimittwo,episode_00011,malformed_command,0.0
649,adventuregame,longterm_langchain_clp_chat,home_deliver_three_planning_easy_invlimittwo,episode_00011,undefined_action_verb,0.0
650,adventuregame,longterm_langchain_clp_chat,home_deliver_three_planning_easy_invlimittwo,episode_00011,undefined_action,0.0
651,adventuregame,longterm_langchain_clp_chat,home_deliver_three_planning_easy_invlimittwo,episode_00011,undefined_repr_str,0.0
652,adventuregame,longterm_langchain_clp_chat,home_deliver_three_planning_easy_invlimittwo,episode_00011,manipulating_room,0.0
653,adventuregame,longterm_langchain_clp_chat,home_deliver_three_planning_easy_invlimittwo,episode_00011,undefined_argument_type,0.0
654,adventuregame,longterm_langchain_clp_chat,home_deliver_three_planning_easy_invlimittwo,episode_00011,taking_from_inventory,0.0
655,adventuregame,longterm_langchain_clp_chat,home_deliver_three_planning_easy_invlimittwo,episode_00011,other_room_argument,0.0
656,adventuregame,longterm_langchain_clp_chat,home_deliver_three_planning_easy_invlimittwo,episode_00011,domain_trait_type_mismatch,0.0
657,adventuregame,longterm_langchain_clp_chat,home_deliver_three_planning_easy_invlimittwo,episode_00011,domain_type_discrepancy,0.0
658,adventuregame,longterm_langchain_clp_chat,home_deliver_three_planning_easy_invlimittwo,episode_00011,world_state_discrepancy,0.0
659,adventuregame,longterm_langchain_clp_chat,home_deliver_three_planning_easy_invlimittwo,episode_00011,entity_not_accessible,0.0
660,adventuregame,longterm_langchain_clp_chat,home_deliver_three_planning_easy_invlimittwo,episode_00011,entity_state_mismatch,0.0
661,adventuregame,longterm_langchain_clp_chat,home_deliver_three_planning_easy_invlimittwo,episode_00011,entity_trait_mismatch,0.0
662,adventuregame,longterm_langchain_clp_chat,home_deliver_three_planning_easy_invlimittwo,episode_00011,entity_already_inventory,0.0
663,adventuregame,longterm_langchain_clp_chat,home_deliver_three_planning_easy_invlimittwo,episode_00011,going_to_current_room,0.0
664,adventuregame,longterm_langchain_clp_chat,home_deliver_three_planning_easy_invlimittwo,episode_00011,no_exit_to,0.0
665,adventuregame,longterm_langchain_clp_chat,home_deliver_three_planning_easy_invlimittwo,episode_00011,inventory_limit_exceeded,0.0
666,adventuregame,longterm_langchain_clp_chat,home_deliver_three_planning_easy_invlimittwo,episode_00011,successful_actions,1.0
667,adventuregame,longterm_langchain_clp_chat,home_deliver_three_planning_easy_invlimittwo,episode_00011,turn_limit_loss,0.0
668,adventuregame,longterm_langchain_clp_chat,home_deliver_three_planning_easy_invlimittwo,episode_00011,turns_over_par,
669,adventuregame,longterm_langchain_clp_chat,home_deliver_three_planning_easy_invlimittwo,episode_00011,turn_ratio,
670,adventuregame,longterm_langchain_clp_chat,home_deliver_three_planning_easy_invlimittwo,episode_00011,finish_speed,
671,adventuregame,longterm_langchain_clp_chat,home_deliver_three_planning_easy_invlimittwo,episode_00011,achieved_goal_ratio,0.0
672,adventuregame,longterm_langchain_clp_chat,home_deliver_three_planning_easy_invlimittwo,episode_00011,Aborted,0.0
673,adventuregame,longterm_langchain_clp_chat,home_deliver_three_planning_easy_invlimittwo,episode_00011,Success,0.0
674,adventuregame,longterm_langchain_clp_chat,home_deliver_three_planning_easy_invlimittwo,episode_00011,Lose,1.0
675,adventuregame,longterm_langchain_clp_chat,home_deliver_three_planning_easy_invlimittwo,episode_00011,Main Score,0.0
676,adventuregame,longterm_langchain_clp_chat,home_deliver_three_planning_easy_invlimittwo,episode_00011,plan_followed_ratio,0.0
677,adventuregame,longterm_langchain_clp_chat,home_deliver_three_planning_easy_invlimittwo,episode_00011,plan_average_viability_ratio,0.0
678,adventuregame,longterm_langchain_clp_chat,home_deliver_three_planning_easy_invlimittwo,episode_00011,bad_plan_follow_ratio,0.0
679,adventuregame,longterm_langchain_clp_chat,home_deliver_three_planning_easy_invlimittwo,episode_00011,bad_plan_dismiss_ratio,1.0
680,adventuregame,longterm_langchain_clp_chat,home_deliver_three_planning_easy_invlimittwo,episode_00012,Violated Request Count,0.0
681,adventuregame,longterm_langchain_clp_chat,home_deliver_three_planning_easy_invlimittwo,episode_00012,Parsed Request Count,1.0
682,adventuregame,longterm_langchain_clp_chat,home_deliver_three_planning_easy_invlimittwo,episode_00012,Request Count,1.0
683,adventuregame,longterm_langchain_clp_chat,home_deliver_three_planning_easy_invlimittwo,episode_00012,Request Success Ratio,1.0
684,adventuregame,longterm_langchain_clp_chat,home_deliver_three_planning_easy_invlimittwo,episode_00012,hallucination_count,1.0
685,adventuregame,longterm_langchain_clp_chat,home_deliver_three_planning_easy_invlimittwo,episode_00012,action_parsing_fail,0.0
686,adventuregame,longterm_langchain_clp_chat,home_deliver_three_planning_easy_invlimittwo,episode_00012,action_resolution_fail,0.0
687,adventuregame,longterm_langchain_clp_chat,home_deliver_three_planning_easy_invlimittwo,episode_00012,lark_exception,0.0
688,adventuregame,longterm_langchain_clp_chat,home_deliver_three_planning_easy_invlimittwo,episode_00012,malformed_command,0.0
689,adventuregame,longterm_langchain_clp_chat,home_deliver_three_planning_easy_invlimittwo,episode_00012,undefined_action_verb,0.0
690,adventuregame,longterm_langchain_clp_chat,home_deliver_three_planning_easy_invlimittwo,episode_00012,undefined_action,0.0
691,adventuregame,longterm_langchain_clp_chat,home_deliver_three_planning_easy_invlimittwo,episode_00012,undefined_repr_str,0.0
692,adventuregame,longterm_langchain_clp_chat,home_deliver_three_planning_easy_invlimittwo,episode_00012,manipulating_room,0.0
693,adventuregame,longterm_langchain_clp_chat,home_deliver_three_planning_easy_invlimittwo,episode_00012,undefined_argument_type,0.0
694,adventuregame,longterm_langchain_clp_chat,home_deliver_three_planning_easy_invlimittwo,episode_00012,taking_from_inventory,0.0
695,adventuregame,longterm_langchain_clp_chat,home_deliver_three_planning_easy_invlimittwo,episode_00012,other_room_argument,0.0
696,adventuregame,longterm_langchain_clp_chat,home_deliver_three_planning_easy_invlimittwo,episode_00012,domain_trait_type_mismatch,0.0
697,adventuregame,longterm_langchain_clp_chat,home_deliver_three_planning_easy_invlimittwo,episode_00012,domain_type_discrepancy,0.0
698,adventuregame,longterm_langchain_clp_chat,home_deliver_three_planning_easy_invlimittwo,episode_00012,world_state_discrepancy,0.0
699,adventuregame,longterm_langchain_clp_chat,home_deliver_three_planning_easy_invlimittwo,episode_00012,entity_not_accessible,0.0
700,adventuregame,longterm_langchain_clp_chat,home_deliver_three_planning_easy_invlimittwo,episode_00012,entity_state_mismatch,0.0
701,adventuregame,longterm_langchain_clp_chat,home_deliver_three_planning_easy_invlimittwo,episode_00012,entity_trait_mismatch,0.0
702,adventuregame,longterm_langchain_clp_chat,home_deliver_three_planning_easy_invlimittwo,episode_00012,entity_already_inventory,0.0
703,adventuregame,longterm_langchain_clp_chat,home_deliver_three_planning_easy_invlimittwo,episode_00012,going_to_current_room,0.0
704,adventuregame,longterm_langchain_clp_chat,home_deliver_three_planning_easy_invlimittwo,episode_00012,no_exit_to,0.0
705,adventuregame,longterm_langchain_clp_chat,home_deliver_three_planning_easy_invlimittwo,episode_00012,inventory_limit_exceeded,0.0
706,adventuregame,longterm_langchain_clp_chat,home_deliver_three_planning_easy_invlimittwo,episode_00012,successful_actions,1.0
707,adventuregame,longterm_langchain_clp_chat,home_deliver_three_planning_easy_invlimittwo,episode_00012,turn_limit_loss,0.0
708,adventuregame,longterm_langchain_clp_chat,home_deliver_three_planning_easy_invlimittwo,episode_00012,turns_over_par,
709,adventuregame,longterm_langchain_clp_chat,home_deliver_three_planning_easy_invlimittwo,episode_00012,turn_ratio,
710,adventuregame,longterm_langchain_clp_chat,home_deliver_three_planning_easy_invlimittwo,episode_00012,finish_speed,
711,adventuregame,longterm_langchain_clp_chat,home_deliver_three_planning_easy_invlimittwo,episode_00012,achieved_goal_ratio,0.0
712,adventuregame,longterm_langchain_clp_chat,home_deliver_three_planning_easy_invlimittwo,episode_00012,Aborted,0.0
713,adventuregame,longterm_langchain_clp_chat,home_deliver_three_planning_easy_invlimittwo,episode_00012,Success,0.0
714,adventuregame,longterm_langchain_clp_chat,home_deliver_three_planning_easy_invlimittwo,episode_00012,Lose,1.0
715,adventuregame,longterm_langchain_clp_chat,home_deliver_three_planning_easy_invlimittwo,episode_00012,Main Score,0.0
716,adventuregame,longterm_langchain_clp_chat,home_deliver_three_planning_easy_invlimittwo,episode_00012,plan_followed_ratio,0.0
717,adventuregame,longterm_langchain_clp_chat,home_deliver_three_planning_easy_invlimittwo,episode_00012,plan_average_viability_ratio,0.0
718,adventuregame,longterm_langchain_clp_chat,home_deliver_three_planning_easy_invlimittwo,episode_00012,bad_plan_follow_ratio,0.0
719,adventuregame,longterm_langchain_clp_chat,home_deliver_three_planning_easy_invlimittwo,episode_00012,bad_plan_dismiss_ratio,1.0
720,adventuregame,longterm_langchain_clp_chat,home_deliver_three_planning_hard,episode_00016,Violated Request Count,0.0
721,adventuregame,longterm_langchain_clp_chat,home_deliver_three_planning_hard,episode_00016,Parsed Request Count,30.0
722,adventuregame,longterm_langchain_clp_chat,home_deliver_three_planning_hard,episode_00016,Request Count,30.0
723,adventuregame,longterm_langchain_clp_chat,home_deliver_three_planning_hard,episode_00016,Request Success Ratio,1.0
724,adventuregame,longterm_langchain_clp_chat,home_deliver_three_planning_hard,episode_00016,hallucination_count,0.0
725,adventuregame,longterm_langchain_clp_chat,home_deliver_three_planning_hard,episode_00016,action_parsing_fail,0.0
726,adventuregame,longterm_langchain_clp_chat,home_deliver_three_planning_hard,episode_00016,action_resolution_fail,7.0
727,adventuregame,longterm_langchain_clp_chat,home_deliver_three_planning_hard,episode_00016,lark_exception,0.0
728,adventuregame,longterm_langchain_clp_chat,home_deliver_three_planning_hard,episode_00016,malformed_command,0.0
729,adventuregame,longterm_langchain_clp_chat,home_deliver_three_planning_hard,episode_00016,undefined_action_verb,0.0
730,adventuregame,longterm_langchain_clp_chat,home_deliver_three_planning_hard,episode_00016,undefined_action,0.0
731,adventuregame,longterm_langchain_clp_chat,home_deliver_three_planning_hard,episode_00016,undefined_repr_str,0.0
732,adventuregame,longterm_langchain_clp_chat,home_deliver_three_planning_hard,episode_00016,manipulating_room,0.0
733,adventuregame,longterm_langchain_clp_chat,home_deliver_three_planning_hard,episode_00016,undefined_argument_type,0.0
734,adventuregame,longterm_langchain_clp_chat,home_deliver_three_planning_hard,episode_00016,taking_from_inventory,0.0
735,adventuregame,longterm_langchain_clp_chat,home_deliver_three_planning_hard,episode_00016,other_room_argument,0.0
736,adventuregame,longterm_langchain_clp_chat,home_deliver_three_planning_hard,episode_00016,domain_trait_type_mismatch,0.0
737,adventuregame,longterm_langchain_clp_chat,home_deliver_three_planning_hard,episode_00016,domain_type_discrepancy,0.0
738,adventuregame,longterm_langchain_clp_chat,home_deliver_three_planning_hard,episode_00016,world_state_discrepancy,0.0
739,adventuregame,longterm_langchain_clp_chat,home_deliver_three_planning_hard,episode_00016,entity_not_accessible,2.0
740,adventuregame,longterm_langchain_clp_chat,home_deliver_three_planning_hard,episode_00016,entity_state_mismatch,0.0
741,adventuregame,longterm_langchain_clp_chat,home_deliver_three_planning_hard,episode_00016,entity_trait_mismatch,0.0
742,adventuregame,longterm_langchain_clp_chat,home_deliver_three_planning_hard,episode_00016,entity_already_inventory,0.0
743,adventuregame,longterm_langchain_clp_chat,home_deliver_three_planning_hard,episode_00016,going_to_current_room,0.0
744,adventuregame,longterm_langchain_clp_chat,home_deliver_three_planning_hard,episode_00016,no_exit_to,5.0
745,adventuregame,longterm_langchain_clp_chat,home_deliver_three_planning_hard,episode_00016,inventory_limit_exceeded,0.0
746,adventuregame,longterm_langchain_clp_chat,home_deliver_three_planning_hard,episode_00016,successful_actions,23.0
747,adventuregame,longterm_langchain_clp_chat,home_deliver_three_planning_hard,episode_00016,turn_limit_loss,0.0
748,adventuregame,longterm_langchain_clp_chat,home_deliver_three_planning_hard,episode_00016,turns_over_par,14.0
749,adventuregame,longterm_langchain_clp_chat,home_deliver_three_planning_hard,episode_00016,turn_ratio,0.5882352941176471
750,adventuregame,longterm_langchain_clp_chat,home_deliver_three_planning_hard,episode_00016,finish_speed,0.4117647058823529
751,adventuregame,longterm_langchain_clp_chat,home_deliver_three_planning_hard,episode_00016,achieved_goal_ratio,1.0
752,adventuregame,longterm_langchain_clp_chat,home_deliver_three_planning_hard,episode_00016,Aborted,0.0
753,adventuregame,longterm_langchain_clp_chat,home_deliver_three_planning_hard,episode_00016,Success,1.0
754,adventuregame,longterm_langchain_clp_chat,home_deliver_three_planning_hard,episode_00016,Lose,0.0
755,adventuregame,longterm_langchain_clp_chat,home_deliver_three_planning_hard,episode_00016,Main Score,100.0
756,adventuregame,longterm_langchain_clp_chat,home_deliver_three_planning_hard,episode_00016,plan_followed_ratio,0.0
757,adventuregame,longterm_langchain_clp_chat,home_deliver_three_planning_hard,episode_00016,plan_average_viability_ratio,0.03611111111111111
758,adventuregame,longterm_langchain_clp_chat,home_deliver_three_planning_hard,episode_00016,bad_plan_follow_ratio,0.0
759,adventuregame,longterm_langchain_clp_chat,home_deliver_three_planning_hard,episode_00016,bad_plan_dismiss_ratio,1.0
760,adventuregame,longterm_langchain_clp_chat,home_deliver_three_planning_hard,episode_00017,Violated Request Count,0.0
761,adventuregame,longterm_langchain_clp_chat,home_deliver_three_planning_hard,episode_00017,Parsed Request Count,50.0
762,adventuregame,longterm_langchain_clp_chat,home_deliver_three_planning_hard,episode_00017,Request Count,50.0
763,adventuregame,longterm_langchain_clp_chat,home_deliver_three_planning_hard,episode_00017,Request Success Ratio,1.0
764,adventuregame,longterm_langchain_clp_chat,home_deliver_three_planning_hard,episode_00017,hallucination_count,0.0
765,adventuregame,longterm_langchain_clp_chat,home_deliver_three_planning_hard,episode_00017,action_parsing_fail,12.0
766,adventuregame,longterm_langchain_clp_chat,home_deliver_three_planning_hard,episode_00017,action_resolution_fail,0.0
767,adventuregame,longterm_langchain_clp_chat,home_deliver_three_planning_hard,episode_00017,lark_exception,0.0
768,adventuregame,longterm_langchain_clp_chat,home_deliver_three_planning_hard,episode_00017,malformed_command,0.0
769,adventuregame,longterm_langchain_clp_chat,home_deliver_three_planning_hard,episode_00017,undefined_action_verb,0.0
770,adventuregame,longterm_langchain_clp_chat,home_deliver_three_planning_hard,episode_00017,undefined_action,0.0
771,adventuregame,longterm_langchain_clp_chat,home_deliver_three_planning_hard,episode_00017,undefined_repr_str,0.0
772,adventuregame,longterm_langchain_clp_chat,home_deliver_three_planning_hard,episode_00017,manipulating_room,0.0
773,adventuregame,longterm_langchain_clp_chat,home_deliver_three_planning_hard,episode_00017,undefined_argument_type,0.0
774,adventuregame,longterm_langchain_clp_chat,home_deliver_three_planning_hard,episode_00017,taking_from_inventory,0.0
775,adventuregame,longterm_langchain_clp_chat,home_deliver_three_planning_hard,episode_00017,other_room_argument,12.0
776,adventuregame,longterm_langchain_clp_chat,home_deliver_three_planning_hard,episode_00017,domain_trait_type_mismatch,0.0
777,adventuregame,longterm_langchain_clp_chat,home_deliver_three_planning_hard,episode_00017,domain_type_discrepancy,0.0
778,adventuregame,longterm_langchain_clp_chat,home_deliver_three_planning_hard,episode_00017,world_state_discrepancy,0.0
779,adventuregame,longterm_langchain_clp_chat,home_deliver_three_planning_hard,episode_00017,entity_not_accessible,0.0
780,adventuregame,longterm_langchain_clp_chat,home_deliver_three_planning_hard,episode_00017,entity_state_mismatch,0.0
781,adventuregame,longterm_langchain_clp_chat,home_deliver_three_planning_hard,episode_00017,entity_trait_mismatch,0.0
782,adventuregame,longterm_langchain_clp_chat,home_deliver_three_planning_hard,episode_00017,entity_already_inventory,0.0
783,adventuregame,longterm_langchain_clp_chat,home_deliver_three_planning_hard,episode_00017,going_to_current_room,0.0
784,adventuregame,longterm_langchain_clp_chat,home_deliver_three_planning_hard,episode_00017,no_exit_to,0.0
785,adventuregame,longterm_langchain_clp_chat,home_deliver_three_planning_hard,episode_00017,inventory_limit_exceeded,0.0
786,adventuregame,longterm_langchain_clp_chat,home_deliver_three_planning_hard,episode_00017,successful_actions,38.0
787,adventuregame,longterm_langchain_clp_chat,home_deliver_three_planning_hard,episode_00017,turn_limit_loss,1.0
788,adventuregame,longterm_langchain_clp_chat,home_deliver_three_planning_hard,episode_00017,turns_over_par,
789,adventuregame,longterm_langchain_clp_chat,home_deliver_three_planning_hard,episode_00017,turn_ratio,
790,adventuregame,longterm_langchain_clp_chat,home_deliver_three_planning_hard,episode_00017,finish_speed,
791,adventuregame,longterm_langchain_clp_chat,home_deliver_three_planning_hard,episode_00017,achieved_goal_ratio,0.3333333333333333
792,adventuregame,longterm_langchain_clp_chat,home_deliver_three_planning_hard,episode_00017,Aborted,1.0
793,adventuregame,longterm_langchain_clp_chat,home_deliver_three_planning_hard,episode_00017,Success,0.0
794,adventuregame,longterm_langchain_clp_chat,home_deliver_three_planning_hard,episode_00017,Lose,0.0
795,adventuregame,longterm_langchain_clp_chat,home_deliver_three_planning_hard,episode_00017,Main Score,
796,adventuregame,longterm_langchain_clp_chat,home_deliver_three_planning_hard,episode_00017,plan_followed_ratio,0.78
797,adventuregame,longterm_langchain_clp_chat,home_deliver_three_planning_hard,episode_00017,plan_average_viability_ratio,0.18466666666666673
798,adventuregame,longterm_langchain_clp_chat,home_deliver_three_planning_hard,episode_00017,bad_plan_follow_ratio,0.22
799,adventuregame,longterm_langchain_clp_chat,home_deliver_three_planning_hard,episode_00017,bad_plan_dismiss_ratio,0.78
800,adventuregame,longterm_langchain_clp_chat,home_deliver_three_planning_hard,episode_00018,Violated Request Count,0.0
801,adventuregame,longterm_langchain_clp_chat,home_deliver_three_planning_hard,episode_00018,Parsed Request Count,50.0
802,adventuregame,longterm_langchain_clp_chat,home_deliver_three_planning_hard,episode_00018,Request Count,50.0
803,adventuregame,longterm_langchain_clp_chat,home_deliver_three_planning_hard,episode_00018,Request Success Ratio,1.0
804,adventuregame,longterm_langchain_clp_chat,home_deliver_three_planning_hard,episode_00018,hallucination_count,0.0
805,adventuregame,longterm_langchain_clp_chat,home_deliver_three_planning_hard,episode_00018,action_parsing_fail,0.0
806,adventuregame,longterm_langchain_clp_chat,home_deliver_three_planning_hard,episode_00018,action_resolution_fail,2.0
807,adventuregame,longterm_langchain_clp_chat,home_deliver_three_planning_hard,episode_00018,lark_exception,0.0
808,adventuregame,longterm_langchain_clp_chat,home_deliver_three_planning_hard,episode_00018,malformed_command,0.0
809,adventuregame,longterm_langchain_clp_chat,home_deliver_three_planning_hard,episode_00018,undefined_action_verb,0.0
810,adventuregame,longterm_langchain_clp_chat,home_deliver_three_planning_hard,episode_00018,undefined_action,0.0
811,adventuregame,longterm_langchain_clp_chat,home_deliver_three_planning_hard,episode_00018,undefined_repr_str,0.0
812,adventuregame,longterm_langchain_clp_chat,home_deliver_three_planning_hard,episode_00018,manipulating_room,0.0
813,adventuregame,longterm_langchain_clp_chat,home_deliver_three_planning_hard,episode_00018,undefined_argument_type,0.0
814,adventuregame,longterm_langchain_clp_chat,home_deliver_three_planning_hard,episode_00018,taking_from_inventory,0.0
815,adventuregame,longterm_langchain_clp_chat,home_deliver_three_planning_hard,episode_00018,other_room_argument,0.0
816,adventuregame,longterm_langchain_clp_chat,home_deliver_three_planning_hard,episode_00018,domain_trait_type_mismatch,0.0
817,adventuregame,longterm_langchain_clp_chat,home_deliver_three_planning_hard,episode_00018,domain_type_discrepancy,0.0
818,adventuregame,longterm_langchain_clp_chat,home_deliver_three_planning_hard,episode_00018,world_state_discrepancy,0.0
819,adventuregame,longterm_langchain_clp_chat,home_deliver_three_planning_hard,episode_00018,entity_not_accessible,2.0
820,adventuregame,longterm_langchain_clp_chat,home_deliver_three_planning_hard,episode_00018,entity_state_mismatch,0.0
821,adventuregame,longterm_langchain_clp_chat,home_deliver_three_planning_hard,episode_00018,entity_trait_mismatch,0.0
822,adventuregame,longterm_langchain_clp_chat,home_deliver_three_planning_hard,episode_00018,entity_already_inventory,0.0
823,adventuregame,longterm_langchain_clp_chat,home_deliver_three_planning_hard,episode_00018,going_to_current_room,0.0
824,adventuregame,longterm_langchain_clp_chat,home_deliver_three_planning_hard,episode_00018,no_exit_to,0.0
825,adventuregame,longterm_langchain_clp_chat,home_deliver_three_planning_hard,episode_00018,inventory_limit_exceeded,0.0
826,adventuregame,longterm_langchain_clp_chat,home_deliver_three_planning_hard,episode_00018,successful_actions,48.0
827,adventuregame,longterm_langchain_clp_chat,home_deliver_three_planning_hard,episode_00018,turn_limit_loss,1.0
828,adventuregame,longterm_langchain_clp_chat,home_deliver_three_planning_hard,episode_00018,turns_over_par,
829,adventuregame,longterm_langchain_clp_chat,home_deliver_three_planning_hard,episode_00018,turn_ratio,
830,adventuregame,longterm_langchain_clp_chat,home_deliver_three_planning_hard,episode_00018,finish_speed,
831,adventuregame,longterm_langchain_clp_chat,home_deliver_three_planning_hard,episode_00018,achieved_goal_ratio,0.6666666666666666
832,adventuregame,longterm_langchain_clp_chat,home_deliver_three_planning_hard,episode_00018,Aborted,1.0
833,adventuregame,longterm_langchain_clp_chat,home_deliver_three_planning_hard,episode_00018,Success,0.0
834,adventuregame,longterm_langchain_clp_chat,home_deliver_three_planning_hard,episode_00018,Lose,0.0
835,adventuregame,longterm_langchain_clp_chat,home_deliver_three_planning_hard,episode_00018,Main Score,
836,adventuregame,longterm_langchain_clp_chat,home_deliver_three_planning_hard,episode_00018,plan_followed_ratio,0.0
837,adventuregame,longterm_langchain_clp_chat,home_deliver_three_planning_hard,episode_00018,plan_average_viability_ratio,0.01
838,adventuregame,longterm_langchain_clp_chat,home_deliver_three_planning_hard,episode_00018,bad_plan_follow_ratio,0.0
839,adventuregame,longterm_langchain_clp_chat,home_deliver_three_planning_hard,episode_00018,bad_plan_dismiss_ratio,1.0
840,adventuregame,longterm_langchain_clp_chat,home_deliver_three_planning_hard_invlimittwo,episode_00022,Violated Request Count,0.0
841,adventuregame,longterm_langchain_clp_chat,home_deliver_three_planning_hard_invlimittwo,episode_00022,Parsed Request Count,28.0
842,adventuregame,longterm_langchain_clp_chat,home_deliver_three_planning_hard_invlimittwo,episode_00022,Request Count,28.0
843,adventuregame,longterm_langchain_clp_chat,home_deliver_three_planning_hard_invlimittwo,episode_00022,Request Success Ratio,1.0
844,adventuregame,longterm_langchain_clp_chat,home_deliver_three_planning_hard_invlimittwo,episode_00022,hallucination_count,0.0
845,adventuregame,longterm_langchain_clp_chat,home_deliver_three_planning_hard_invlimittwo,episode_00022,action_parsing_fail,0.0
846,adventuregame,longterm_langchain_clp_chat,home_deliver_three_planning_hard_invlimittwo,episode_00022,action_resolution_fail,7.0
847,adventuregame,longterm_langchain_clp_chat,home_deliver_three_planning_hard_invlimittwo,episode_00022,lark_exception,0.0
848,adventuregame,longterm_langchain_clp_chat,home_deliver_three_planning_hard_invlimittwo,episode_00022,malformed_command,0.0
849,adventuregame,longterm_langchain_clp_chat,home_deliver_three_planning_hard_invlimittwo,episode_00022,undefined_action_verb,0.0
850,adventuregame,longterm_langchain_clp_chat,home_deliver_three_planning_hard_invlimittwo,episode_00022,undefined_action,0.0
851,adventuregame,longterm_langchain_clp_chat,home_deliver_three_planning_hard_invlimittwo,episode_00022,undefined_repr_str,0.0
852,adventuregame,longterm_langchain_clp_chat,home_deliver_three_planning_hard_invlimittwo,episode_00022,manipulating_room,0.0
853,adventuregame,longterm_langchain_clp_chat,home_deliver_three_planning_hard_invlimittwo,episode_00022,undefined_argument_type,0.0
854,adventuregame,longterm_langchain_clp_chat,home_deliver_three_planning_hard_invlimittwo,episode_00022,taking_from_inventory,0.0
855,adventuregame,longterm_langchain_clp_chat,home_deliver_three_planning_hard_invlimittwo,episode_00022,other_room_argument,0.0
856,adventuregame,longterm_langchain_clp_chat,home_deliver_three_planning_hard_invlimittwo,episode_00022,domain_trait_type_mismatch,0.0
857,adventuregame,longterm_langchain_clp_chat,home_deliver_three_planning_hard_invlimittwo,episode_00022,domain_type_discrepancy,0.0
858,adventuregame,longterm_langchain_clp_chat,home_deliver_three_planning_hard_invlimittwo,episode_00022,world_state_discrepancy,0.0
859,adventuregame,longterm_langchain_clp_chat,home_deliver_three_planning_hard_invlimittwo,episode_00022,entity_not_accessible,4.0
860,adventuregame,longterm_langchain_clp_chat,home_deliver_three_planning_hard_invlimittwo,episode_00022,entity_state_mismatch,0.0
861,adventuregame,longterm_langchain_clp_chat,home_deliver_three_planning_hard_invlimittwo,episode_00022,entity_trait_mismatch,0.0
862,adventuregame,longterm_langchain_clp_chat,home_deliver_three_planning_hard_invlimittwo,episode_00022,entity_already_inventory,0.0
863,adventuregame,longterm_langchain_clp_chat,home_deliver_three_planning_hard_invlimittwo,episode_00022,going_to_current_room,0.0
864,adventuregame,longterm_langchain_clp_chat,home_deliver_three_planning_hard_invlimittwo,episode_00022,no_exit_to,2.0
865,adventuregame,longterm_langchain_clp_chat,home_deliver_three_planning_hard_invlimittwo,episode_00022,inventory_limit_exceeded,1.0
866,adventuregame,longterm_langchain_clp_chat,home_deliver_three_planning_hard_invlimittwo,episode_00022,successful_actions,21.0
867,adventuregame,longterm_langchain_clp_chat,home_deliver_three_planning_hard_invlimittwo,episode_00022,turn_limit_loss,0.0
868,adventuregame,longterm_langchain_clp_chat,home_deliver_three_planning_hard_invlimittwo,episode_00022,turns_over_par,12.0
869,adventuregame,longterm_langchain_clp_chat,home_deliver_three_planning_hard_invlimittwo,episode_00022,turn_ratio,0.6470588235294117
870,adventuregame,longterm_langchain_clp_chat,home_deliver_three_planning_hard_invlimittwo,episode_00022,finish_speed,0.3529411764705883
871,adventuregame,longterm_langchain_clp_chat,home_deliver_three_planning_hard_invlimittwo,episode_00022,achieved_goal_ratio,1.0
872,adventuregame,longterm_langchain_clp_chat,home_deliver_three_planning_hard_invlimittwo,episode_00022,Aborted,0.0
873,adventuregame,longterm_langchain_clp_chat,home_deliver_three_planning_hard_invlimittwo,episode_00022,Success,1.0
874,adventuregame,longterm_langchain_clp_chat,home_deliver_three_planning_hard_invlimittwo,episode_00022,Lose,0.0
875,adventuregame,longterm_langchain_clp_chat,home_deliver_three_planning_hard_invlimittwo,episode_00022,Main Score,100.0
876,adventuregame,longterm_langchain_clp_chat,home_deliver_three_planning_hard_invlimittwo,episode_00022,plan_followed_ratio,0.0
877,adventuregame,longterm_langchain_clp_chat,home_deliver_three_planning_hard_invlimittwo,episode_00022,plan_average_viability_ratio,0.08333333333333333
878,adventuregame,longterm_langchain_clp_chat,home_deliver_three_planning_hard_invlimittwo,episode_00022,bad_plan_follow_ratio,0.0
879,adventuregame,longterm_langchain_clp_chat,home_deliver_three_planning_hard_invlimittwo,episode_00022,bad_plan_dismiss_ratio,1.0
880,adventuregame,longterm_langchain_clp_chat,home_deliver_three_planning_hard_invlimittwo,episode_00023,Violated Request Count,0.0
881,adventuregame,longterm_langchain_clp_chat,home_deliver_three_planning_hard_invlimittwo,episode_00023,Parsed Request Count,41.0
882,adventuregame,longterm_langchain_clp_chat,home_deliver_three_planning_hard_invlimittwo,episode_00023,Request Count,41.0
883,adventuregame,longterm_langchain_clp_chat,home_deliver_three_planning_hard_invlimittwo,episode_00023,Request Success Ratio,1.0
884,adventuregame,longterm_langchain_clp_chat,home_deliver_three_planning_hard_invlimittwo,episode_00023,hallucination_count,1.0
885,adventuregame,longterm_langchain_clp_chat,home_deliver_three_planning_hard_invlimittwo,episode_00023,action_parsing_fail,1.0
886,adventuregame,longterm_langchain_clp_chat,home_deliver_three_planning_hard_invlimittwo,episode_00023,action_resolution_fail,8.0
887,adventuregame,longterm_langchain_clp_chat,home_deliver_three_planning_hard_invlimittwo,episode_00023,lark_exception,0.0
888,adventuregame,longterm_langchain_clp_chat,home_deliver_three_planning_hard_invlimittwo,episode_00023,malformed_command,0.0
889,adventuregame,longterm_langchain_clp_chat,home_deliver_three_planning_hard_invlimittwo,episode_00023,undefined_action_verb,0.0
890,adventuregame,longterm_langchain_clp_chat,home_deliver_three_planning_hard_invlimittwo,episode_00023,undefined_action,0.0
891,adventuregame,longterm_langchain_clp_chat,home_deliver_three_planning_hard_invlimittwo,episode_00023,undefined_repr_str,1.0
892,adventuregame,longterm_langchain_clp_chat,home_deliver_three_planning_hard_invlimittwo,episode_00023,manipulating_room,0.0
893,adventuregame,longterm_langchain_clp_chat,home_deliver_three_planning_hard_invlimittwo,episode_00023,undefined_argument_type,0.0
894,adventuregame,longterm_langchain_clp_chat,home_deliver_three_planning_hard_invlimittwo,episode_00023,taking_from_inventory,0.0
895,adventuregame,longterm_langchain_clp_chat,home_deliver_three_planning_hard_invlimittwo,episode_00023,other_room_argument,0.0
896,adventuregame,longterm_langchain_clp_chat,home_deliver_three_planning_hard_invlimittwo,episode_00023,domain_trait_type_mismatch,0.0
897,adventuregame,longterm_langchain_clp_chat,home_deliver_three_planning_hard_invlimittwo,episode_00023,domain_type_discrepancy,0.0
898,adventuregame,longterm_langchain_clp_chat,home_deliver_three_planning_hard_invlimittwo,episode_00023,world_state_discrepancy,0.0
899,adventuregame,longterm_langchain_clp_chat,home_deliver_three_planning_hard_invlimittwo,episode_00023,entity_not_accessible,4.0
900,adventuregame,longterm_langchain_clp_chat,home_deliver_three_planning_hard_invlimittwo,episode_00023,entity_state_mismatch,1.0
901,adventuregame,longterm_langchain_clp_chat,home_deliver_three_planning_hard_invlimittwo,episode_00023,entity_trait_mismatch,0.0
902,adventuregame,longterm_langchain_clp_chat,home_deliver_three_planning_hard_invlimittwo,episode_00023,entity_already_inventory,0.0
903,adventuregame,longterm_langchain_clp_chat,home_deliver_three_planning_hard_invlimittwo,episode_00023,going_to_current_room,0.0
904,adventuregame,longterm_langchain_clp_chat,home_deliver_three_planning_hard_invlimittwo,episode_00023,no_exit_to,0.0
905,adventuregame,longterm_langchain_clp_chat,home_deliver_three_planning_hard_invlimittwo,episode_00023,inventory_limit_exceeded,3.0
906,adventuregame,longterm_langchain_clp_chat,home_deliver_three_planning_hard_invlimittwo,episode_00023,successful_actions,32.0
907,adventuregame,longterm_langchain_clp_chat,home_deliver_three_planning_hard_invlimittwo,episode_00023,turn_limit_loss,0.0
908,adventuregame,longterm_langchain_clp_chat,home_deliver_three_planning_hard_invlimittwo,episode_00023,turns_over_par,
909,adventuregame,longterm_langchain_clp_chat,home_deliver_three_planning_hard_invlimittwo,episode_00023,turn_ratio,
910,adventuregame,longterm_langchain_clp_chat,home_deliver_three_planning_hard_invlimittwo,episode_00023,finish_speed,
911,adventuregame,longterm_langchain_clp_chat,home_deliver_three_planning_hard_invlimittwo,episode_00023,achieved_goal_ratio,0.0
912,adventuregame,longterm_langchain_clp_chat,home_deliver_three_planning_hard_invlimittwo,episode_00023,Aborted,0.0
913,adventuregame,longterm_langchain_clp_chat,home_deliver_three_planning_hard_invlimittwo,episode_00023,Success,0.0
914,adventuregame,longterm_langchain_clp_chat,home_deliver_three_planning_hard_invlimittwo,episode_00023,Lose,1.0
915,adventuregame,longterm_langchain_clp_chat,home_deliver_three_planning_hard_invlimittwo,episode_00023,Main Score,0.0
916,adventuregame,longterm_langchain_clp_chat,home_deliver_three_planning_hard_invlimittwo,episode_00023,plan_followed_ratio,0.04878048780487805
917,adventuregame,longterm_langchain_clp_chat,home_deliver_three_planning_hard_invlimittwo,episode_00023,plan_average_viability_ratio,0.03048780487804878
918,adventuregame,longterm_langchain_clp_chat,home_deliver_three_planning_hard_invlimittwo,episode_00023,bad_plan_follow_ratio,0.0
919,adventuregame,longterm_langchain_clp_chat,home_deliver_three_planning_hard_invlimittwo,episode_00023,bad_plan_dismiss_ratio,1.0
920,adventuregame,longterm_langchain_clp_chat,home_deliver_three_planning_hard_invlimittwo,episode_00024,Violated Request Count,0.0
921,adventuregame,longterm_langchain_clp_chat,home_deliver_three_planning_hard_invlimittwo,episode_00024,Parsed Request Count,50.0
922,adventuregame,longterm_langchain_clp_chat,home_deliver_three_planning_hard_invlimittwo,episode_00024,Request Count,50.0
923,adventuregame,longterm_langchain_clp_chat,home_deliver_three_planning_hard_invlimittwo,episode_00024,Request Success Ratio,1.0
924,adventuregame,longterm_langchain_clp_chat,home_deliver_three_planning_hard_invlimittwo,episode_00024,hallucination_count,0.0
925,adventuregame,longterm_langchain_clp_chat,home_deliver_three_planning_hard_invlimittwo,episode_00024,action_parsing_fail,0.0
926,adventuregame,longterm_langchain_clp_chat,home_deliver_three_planning_hard_invlimittwo,episode_00024,action_resolution_fail,25.0
927,adventuregame,longterm_langchain_clp_chat,home_deliver_three_planning_hard_invlimittwo,episode_00024,lark_exception,0.0
928,adventuregame,longterm_langchain_clp_chat,home_deliver_three_planning_hard_invlimittwo,episode_00024,malformed_command,0.0
929,adventuregame,longterm_langchain_clp_chat,home_deliver_three_planning_hard_invlimittwo,episode_00024,undefined_action_verb,0.0
930,adventuregame,longterm_langchain_clp_chat,home_deliver_three_planning_hard_invlimittwo,episode_00024,undefined_action,0.0
931,adventuregame,longterm_langchain_clp_chat,home_deliver_three_planning_hard_invlimittwo,episode_00024,undefined_repr_str,0.0
932,adventuregame,longterm_langchain_clp_chat,home_deliver_three_planning_hard_invlimittwo,episode_00024,manipulating_room,0.0
933,adventuregame,longterm_langchain_clp_chat,home_deliver_three_planning_hard_invlimittwo,episode_00024,undefined_argument_type,0.0
934,adventuregame,longterm_langchain_clp_chat,home_deliver_three_planning_hard_invlimittwo,episode_00024,taking_from_inventory,0.0
935,adventuregame,longterm_langchain_clp_chat,home_deliver_three_planning_hard_invlimittwo,episode_00024,other_room_argument,0.0
936,adventuregame,longterm_langchain_clp_chat,home_deliver_three_planning_hard_invlimittwo,episode_00024,domain_trait_type_mismatch,0.0
937,adventuregame,longterm_langchain_clp_chat,home_deliver_three_planning_hard_invlimittwo,episode_00024,domain_type_discrepancy,0.0
938,adventuregame,longterm_langchain_clp_chat,home_deliver_three_planning_hard_invlimittwo,episode_00024,world_state_discrepancy,0.0
939,adventuregame,longterm_langchain_clp_chat,home_deliver_three_planning_hard_invlimittwo,episode_00024,entity_not_accessible,16.0
940,adventuregame,longterm_langchain_clp_chat,home_deliver_three_planning_hard_invlimittwo,episode_00024,entity_state_mismatch,0.0
941,adventuregame,longterm_langchain_clp_chat,home_deliver_three_planning_hard_invlimittwo,episode_00024,entity_trait_mismatch,0.0
942,adventuregame,longterm_langchain_clp_chat,home_deliver_three_planning_hard_invlimittwo,episode_00024,entity_already_inventory,0.0
943,adventuregame,longterm_langchain_clp_chat,home_deliver_three_planning_hard_invlimittwo,episode_00024,going_to_current_room,0.0
944,adventuregame,longterm_langchain_clp_chat,home_deliver_three_planning_hard_invlimittwo,episode_00024,no_exit_to,1.0
945,adventuregame,longterm_langchain_clp_chat,home_deliver_three_planning_hard_invlimittwo,episode_00024,inventory_limit_exceeded,8.0
946,adventuregame,longterm_langchain_clp_chat,home_deliver_three_planning_hard_invlimittwo,episode_00024,successful_actions,25.0
947,adventuregame,longterm_langchain_clp_chat,home_deliver_three_planning_hard_invlimittwo,episode_00024,turn_limit_loss,1.0
948,adventuregame,longterm_langchain_clp_chat,home_deliver_three_planning_hard_invlimittwo,episode_00024,turns_over_par,
949,adventuregame,longterm_langchain_clp_chat,home_deliver_three_planning_hard_invlimittwo,episode_00024,turn_ratio,
950,adventuregame,longterm_langchain_clp_chat,home_deliver_three_planning_hard_invlimittwo,episode_00024,finish_speed,
951,adventuregame,longterm_langchain_clp_chat,home_deliver_three_planning_hard_invlimittwo,episode_00024,achieved_goal_ratio,0.0
952,adventuregame,longterm_langchain_clp_chat,home_deliver_three_planning_hard_invlimittwo,episode_00024,Aborted,1.0
953,adventuregame,longterm_langchain_clp_chat,home_deliver_three_planning_hard_invlimittwo,episode_00024,Success,0.0
954,adventuregame,longterm_langchain_clp_chat,home_deliver_three_planning_hard_invlimittwo,episode_00024,Lose,0.0
955,adventuregame,longterm_langchain_clp_chat,home_deliver_three_planning_hard_invlimittwo,episode_00024,Main Score,
956,adventuregame,longterm_langchain_clp_chat,home_deliver_three_planning_hard_invlimittwo,episode_00024,plan_followed_ratio,0.0
957,adventuregame,longterm_langchain_clp_chat,home_deliver_three_planning_hard_invlimittwo,episode_00024,plan_average_viability_ratio,0.0
958,adventuregame,longterm_langchain_clp_chat,home_deliver_three_planning_hard_invlimittwo,episode_00024,bad_plan_follow_ratio,0.0
959,adventuregame,longterm_langchain_clp_chat,home_deliver_three_planning_hard_invlimittwo,episode_00024,bad_plan_dismiss_ratio,1.0
960,clean_up,longterm_langchain_clp_chat,0_easy_3obj_en,episode_00001,Request Count,32.0
961,clean_up,longterm_langchain_clp_chat,0_easy_3obj_en,episode_00001,Parsed Request Count,32.0
962,clean_up,longterm_langchain_clp_chat,0_easy_3obj_en,episode_00001,Violated Request Count,0.0
963,clean_up,longterm_langchain_clp_chat,0_easy_3obj_en,episode_00001,Request Success Ratio,1.0
964,clean_up,longterm_langchain_clp_chat,0_easy_3obj_en,episode_00001,Aborted,0.0
965,clean_up,longterm_langchain_clp_chat,0_easy_3obj_en,episode_00001,Lose,0.0
966,clean_up,longterm_langchain_clp_chat,0_easy_3obj_en,episode_00001,Success,1.0
967,clean_up,longterm_langchain_clp_chat,0_easy_3obj_en,episode_00001,Distance Score,0.04123162520796714
968,clean_up,longterm_langchain_clp_chat,0_easy_3obj_en,episode_00001,Coverage Score,0.1875
969,clean_up,longterm_langchain_clp_chat,0_easy_3obj_en,episode_00001,Penalty Score,0.5
970,clean_up,longterm_langchain_clp_chat,0_easy_3obj_en,episode_00001,Moves,"[['Player 2', 'C'], ['Player 2', 'C'], ['Player 2', 'P']]"
971,clean_up,longterm_langchain_clp_chat,0_easy_3obj_en,episode_00001,Init States,"{'state_1': [{'id': 'C', 'coord': [1, 1]}, {'id': 'L', 'coord': [4, 3]}, {'id': 'P', 'coord': [1, 5]}], 'state_2': [{'id': 'C', 'coord': [4, 1]}, {'id': 'L', 'coord': [1, 1]}, {'id': 'P', 'coord': [6, 7]}]}"
972,clean_up,longterm_langchain_clp_chat,0_easy_3obj_en,episode_00001,End States,"{'state_1': [{'id': 'C', 'coord': [1, 1]}, {'id': 'L', 'coord': [4, 3]}, {'id': 'P', 'coord': [1, 5]}], 'state_2': [{'id': 'C', 'coord': [5, 4]}, {'id': 'L', 'coord': [1, 1]}, {'id': 'P', 'coord': [4, 4]}]}"
973,clean_up,longterm_langchain_clp_chat,0_easy_3obj_en,episode_00001,Shifts,1
974,clean_up,longterm_langchain_clp_chat,0_easy_3obj_en,episode_00001,Max Shifts,4
975,clean_up,longterm_langchain_clp_chat,0_easy_3obj_en,episode_00001,Min Shifts,2
976,clean_up,longterm_langchain_clp_chat,0_easy_3obj_en,episode_00001,End Distance Sum,11.76782893563237
977,clean_up,longterm_langchain_clp_chat,0_easy_3obj_en,episode_00001,Init Distance Sum,11.990716082598492
978,clean_up,longterm_langchain_clp_chat,0_easy_3obj_en,episode_00001,Expected Distance Sum,12.570787221094177
979,clean_up,longterm_langchain_clp_chat,0_easy_3obj_en,episode_00001,Penalties,8
980,clean_up,longterm_langchain_clp_chat,0_easy_3obj_en,episode_00001,Max Penalties,8
981,clean_up,longterm_langchain_clp_chat,0_easy_3obj_en,episode_00001,Rounds,12
982,clean_up,longterm_langchain_clp_chat,0_easy_3obj_en,episode_00001,Max Rounds,12
983,clean_up,longterm_langchain_clp_chat,0_easy_3obj_en,episode_00001,Object Count,3
984,clean_up,longterm_langchain_clp_chat,0_easy_3obj_en,episode_00001,Valid Moves,3
985,clean_up,longterm_langchain_clp_chat,0_easy_3obj_en,episode_00001,Invalid Moves,8
986,clean_up,longterm_langchain_clp_chat,0_easy_3obj_en,episode_00001,Parse Errors,0
987,clean_up,longterm_langchain_clp_chat,0_easy_3obj_en,episode_00001,Main Score,2.061581260398357
988,codenames,longterm_langchain_clp_chat,abstract,episode_00025,experiment variable,Word Concreteness
989,codenames,longterm_langchain_clp_chat,abstract,episode_00025,experiment name,abstract
990,codenames,longterm_langchain_clp_chat,abstract,episode_00025,Cluegiver strip words,0
991,codenames,longterm_langchain_clp_chat,abstract,episode_00025,Guesser strip words,0
992,codenames,longterm_langchain_clp_chat,abstract,episode_00025,Average Cluegiver Number of Targets,9
993,codenames,longterm_langchain_clp_chat,abstract,episode_00025,Average Cluegiver Team Precision,1.0
994,codenames,longterm_langchain_clp_chat,abstract,episode_00025,Average Cluegiver Team Recall,1.0
995,codenames,longterm_langchain_clp_chat,abstract,episode_00025,Average Cluegiver Team F1,1.0
996,codenames,longterm_langchain_clp_chat,abstract,episode_00025,Average Guesser Number of Guesses,0
997,codenames,longterm_langchain_clp_chat,abstract,episode_00025,Average Guesser Number of Revealed Words,0
998,codenames,longterm_langchain_clp_chat,abstract,episode_00025,Average Guesser Number of Unrevealed Guesses,0
999,codenames,longterm_langchain_clp_chat,abstract,episode_00025,Average Guesser Target Precision,0
1000,codenames,longterm_langchain_clp_chat,abstract,episode_00025,Average Guesser Target Recall,0.0
1001,codenames,longterm_langchain_clp_chat,abstract,episode_00025,Average Guesser Target F1,0
1002,codenames,longterm_langchain_clp_chat,abstract,episode_00025,Average Guesser Team Precision,0
1003,codenames,longterm_langchain_clp_chat,abstract,episode_00025,Average Guesser Team Recall,0.0
1004,codenames,longterm_langchain_clp_chat,abstract,episode_00025,Average Guesser Team F1,0
1005,codenames,longterm_langchain_clp_chat,abstract,episode_00025,Aborted,1
1006,codenames,longterm_langchain_clp_chat,abstract,episode_00025,Lose,0
1007,codenames,longterm_langchain_clp_chat,abstract,episode_00025,Success,0
1008,codenames,longterm_langchain_clp_chat,abstract,episode_00025,Game ended through assassin,0
1009,codenames,longterm_langchain_clp_chat,abstract,episode_00025,Episode Recall,0.0
1010,codenames,longterm_langchain_clp_chat,abstract,episode_00025,Episode Negative Recall,1.0
1011,codenames,longterm_langchain_clp_chat,abstract,episode_00025,Number of turns,2
1012,codenames,longterm_langchain_clp_chat,abstract,episode_00025,Efficiency,0.0
1013,codenames,longterm_langchain_clp_chat,abstract,episode_00025,Request Count,2
1014,codenames,longterm_langchain_clp_chat,abstract,episode_00025,Parsed Request Count,1
1015,codenames,longterm_langchain_clp_chat,abstract,episode_00025,Violated Request Count,1
1016,codenames,longterm_langchain_clp_chat,abstract,episode_00025,Request Success Ratio,0.5
1017,codenames,longterm_langchain_clp_chat,abstract,episode_00025,Main Score,
1018,codenames,longterm_langchain_clp_chat,abstract,episode_00026,experiment variable,Word Concreteness
1019,codenames,longterm_langchain_clp_chat,abstract,episode_00026,experiment name,abstract
1020,codenames,longterm_langchain_clp_chat,abstract,episode_00026,Cluegiver strip words,0
1021,codenames,longterm_langchain_clp_chat,abstract,episode_00026,Guesser strip words,0
1022,codenames,longterm_langchain_clp_chat,abstract,episode_00026,Average Cluegiver Number of Targets,9
1023,codenames,longterm_langchain_clp_chat,abstract,episode_00026,Average Cluegiver Team Precision,1.0
1024,codenames,longterm_langchain_clp_chat,abstract,episode_00026,Average Cluegiver Team Recall,1.0
1025,codenames,longterm_langchain_clp_chat,abstract,episode_00026,Average Cluegiver Team F1,1.0
1026,codenames,longterm_langchain_clp_chat,abstract,episode_00026,Average Guesser Number of Guesses,0
1027,codenames,longterm_langchain_clp_chat,abstract,episode_00026,Average Guesser Number of Revealed Words,0
1028,codenames,longterm_langchain_clp_chat,abstract,episode_00026,Average Guesser Number of Unrevealed Guesses,0
1029,codenames,longterm_langchain_clp_chat,abstract,episode_00026,Average Guesser Target Precision,0
1030,codenames,longterm_langchain_clp_chat,abstract,episode_00026,Average Guesser Target Recall,0.0
1031,codenames,longterm_langchain_clp_chat,abstract,episode_00026,Average Guesser Target F1,0
1032,codenames,longterm_langchain_clp_chat,abstract,episode_00026,Average Guesser Team Precision,0
1033,codenames,longterm_langchain_clp_chat,abstract,episode_00026,Average Guesser Team Recall,0.0
1034,codenames,longterm_langchain_clp_chat,abstract,episode_00026,Average Guesser Team F1,0
1035,codenames,longterm_langchain_clp_chat,abstract,episode_00026,Aborted,1
1036,codenames,longterm_langchain_clp_chat,abstract,episode_00026,Lose,0
1037,codenames,longterm_langchain_clp_chat,abstract,episode_00026,Success,0
1038,codenames,longterm_langchain_clp_chat,abstract,episode_00026,Game ended through assassin,0
1039,codenames,longterm_langchain_clp_chat,abstract,episode_00026,Episode Recall,0.0
1040,codenames,longterm_langchain_clp_chat,abstract,episode_00026,Episode Negative Recall,1.0
1041,codenames,longterm_langchain_clp_chat,abstract,episode_00026,Number of turns,2
1042,codenames,longterm_langchain_clp_chat,abstract,episode_00026,Efficiency,0.0
1043,codenames,longterm_langchain_clp_chat,abstract,episode_00026,Request Count,2
1044,codenames,longterm_langchain_clp_chat,abstract,episode_00026,Parsed Request Count,1
1045,codenames,longterm_langchain_clp_chat,abstract,episode_00026,Violated Request Count,1
1046,codenames,longterm_langchain_clp_chat,abstract,episode_00026,Request Success Ratio,0.5
1047,codenames,longterm_langchain_clp_chat,abstract,episode_00026,Main Score,
1048,codenames,longterm_langchain_clp_chat,ambiguous,episode_00021,experiment variable,Word Ambiguity
1049,codenames,longterm_langchain_clp_chat,ambiguous,episode_00021,experiment name,ambiguous
1050,codenames,longterm_langchain_clp_chat,ambiguous,episode_00021,Cluegiver strip words,0
1051,codenames,longterm_langchain_clp_chat,ambiguous,episode_00021,Guesser strip words,0
1052,codenames,longterm_langchain_clp_chat,ambiguous,episode_00021,Average Cluegiver Number of Targets,0
1053,codenames,longterm_langchain_clp_chat,ambiguous,episode_00021,Average Cluegiver Team Precision,0
1054,codenames,longterm_langchain_clp_chat,ambiguous,episode_00021,Average Cluegiver Team Recall,0.0
1055,codenames,longterm_langchain_clp_chat,ambiguous,episode_00021,Average Cluegiver Team F1,0
1056,codenames,longterm_langchain_clp_chat,ambiguous,episode_00021,Average Guesser Number of Guesses,0
1057,codenames,longterm_langchain_clp_chat,ambiguous,episode_00021,Average Guesser Number of Revealed Words,0
1058,codenames,longterm_langchain_clp_chat,ambiguous,episode_00021,Average Guesser Number of Unrevealed Guesses,0
1059,codenames,longterm_langchain_clp_chat,ambiguous,episode_00021,Average Guesser Target Precision,0
1060,codenames,longterm_langchain_clp_chat,ambiguous,episode_00021,Average Guesser Target Recall,0
1061,codenames,longterm_langchain_clp_chat,ambiguous,episode_00021,Average Guesser Target F1,0
1062,codenames,longterm_langchain_clp_chat,ambiguous,episode_00021,Average Guesser Team Precision,0
1063,codenames,longterm_langchain_clp_chat,ambiguous,episode_00021,Average Guesser Team Recall,0.0
1064,codenames,longterm_langchain_clp_chat,ambiguous,episode_00021,Average Guesser Team F1,0
1065,codenames,longterm_langchain_clp_chat,ambiguous,episode_00021,Aborted,1
1066,codenames,longterm_langchain_clp_chat,ambiguous,episode_00021,Lose,0
1067,codenames,longterm_langchain_clp_chat,ambiguous,episode_00021,Success,0
1068,codenames,longterm_langchain_clp_chat,ambiguous,episode_00021,Game ended through assassin,0
1069,codenames,longterm_langchain_clp_chat,ambiguous,episode_00021,Episode Recall,0.0
1070,codenames,longterm_langchain_clp_chat,ambiguous,episode_00021,Episode Negative Recall,1.0
1071,codenames,longterm_langchain_clp_chat,ambiguous,episode_00021,Number of turns,1
1072,codenames,longterm_langchain_clp_chat,ambiguous,episode_00021,Efficiency,0.0
1073,codenames,longterm_langchain_clp_chat,ambiguous,episode_00021,Request Count,1
1074,codenames,longterm_langchain_clp_chat,ambiguous,episode_00021,Parsed Request Count,0
1075,codenames,longterm_langchain_clp_chat,ambiguous,episode_00021,Violated Request Count,1
1076,codenames,longterm_langchain_clp_chat,ambiguous,episode_00021,Request Success Ratio,0.0
1077,codenames,longterm_langchain_clp_chat,ambiguous,episode_00021,Main Score,
1078,codenames,longterm_langchain_clp_chat,ambiguous,episode_00022,experiment variable,Word Ambiguity
1079,codenames,longterm_langchain_clp_chat,ambiguous,episode_00022,experiment name,ambiguous
1080,codenames,longterm_langchain_clp_chat,ambiguous,episode_00022,Cluegiver strip words,0
1081,codenames,longterm_langchain_clp_chat,ambiguous,episode_00022,Guesser strip words,0
1082,codenames,longterm_langchain_clp_chat,ambiguous,episode_00022,Average Cluegiver Number of Targets,0
1083,codenames,longterm_langchain_clp_chat,ambiguous,episode_00022,Average Cluegiver Team Precision,0
1084,codenames,longterm_langchain_clp_chat,ambiguous,episode_00022,Average Cluegiver Team Recall,0.0
1085,codenames,longterm_langchain_clp_chat,ambiguous,episode_00022,Average Cluegiver Team F1,0
1086,codenames,longterm_langchain_clp_chat,ambiguous,episode_00022,Average Guesser Number of Guesses,0
1087,codenames,longterm_langchain_clp_chat,ambiguous,episode_00022,Average Guesser Number of Revealed Words,0
1088,codenames,longterm_langchain_clp_chat,ambiguous,episode_00022,Average Guesser Number of Unrevealed Guesses,0
1089,codenames,longterm_langchain_clp_chat,ambiguous,episode_00022,Average Guesser Target Precision,0
1090,codenames,longterm_langchain_clp_chat,ambiguous,episode_00022,Average Guesser Target Recall,0
1091,codenames,longterm_langchain_clp_chat,ambiguous,episode_00022,Average Guesser Target F1,0
1092,codenames,longterm_langchain_clp_chat,ambiguous,episode_00022,Average Guesser Team Precision,0
1093,codenames,longterm_langchain_clp_chat,ambiguous,episode_00022,Average Guesser Team Recall,0.0
1094,codenames,longterm_langchain_clp_chat,ambiguous,episode_00022,Average Guesser Team F1,0
1095,codenames,longterm_langchain_clp_chat,ambiguous,episode_00022,Aborted,1
1096,codenames,longterm_langchain_clp_chat,ambiguous,episode_00022,Lose,0
1097,codenames,longterm_langchain_clp_chat,ambiguous,episode_00022,Success,0
1098,codenames,longterm_langchain_clp_chat,ambiguous,episode_00022,Game ended through assassin,0
1099,codenames,longterm_langchain_clp_chat,ambiguous,episode_00022,Episode Recall,0.0
1100,codenames,longterm_langchain_clp_chat,ambiguous,episode_00022,Episode Negative Recall,1.0
1101,codenames,longterm_langchain_clp_chat,ambiguous,episode_00022,Number of turns,1
1102,codenames,longterm_langchain_clp_chat,ambiguous,episode_00022,Efficiency,0.0
1103,codenames,longterm_langchain_clp_chat,ambiguous,episode_00022,Request Count,1
1104,codenames,longterm_langchain_clp_chat,ambiguous,episode_00022,Parsed Request Count,0
1105,codenames,longterm_langchain_clp_chat,ambiguous,episode_00022,Violated Request Count,1
1106,codenames,longterm_langchain_clp_chat,ambiguous,episode_00022,Request Success Ratio,0.0
1107,codenames,longterm_langchain_clp_chat,ambiguous,episode_00022,Main Score,
1108,codenames,longterm_langchain_clp_chat,association_difficult,episode_00007,experiment variable,Word Assignments
1109,codenames,longterm_langchain_clp_chat,association_difficult,episode_00007,experiment name,association_difficult
1110,codenames,longterm_langchain_clp_chat,association_difficult,episode_00007,Cluegiver strip words,0
1111,codenames,longterm_langchain_clp_chat,association_difficult,episode_00007,Guesser strip words,0
1112,codenames,longterm_langchain_clp_chat,association_difficult,episode_00007,Average Cluegiver Number of Targets,5
1113,codenames,longterm_langchain_clp_chat,association_difficult,episode_00007,Average Cluegiver Team Precision,0.7
1114,codenames,longterm_langchain_clp_chat,association_difficult,episode_00007,Average Cluegiver Team Recall,0.617
1115,codenames,longterm_langchain_clp_chat,association_difficult,episode_00007,Average Cluegiver Team F1,0.651
1116,codenames,longterm_langchain_clp_chat,association_difficult,episode_00007,Average Guesser Number of Guesses,2.8
1117,codenames,longterm_langchain_clp_chat,association_difficult,episode_00007,Average Guesser Number of Revealed Words,1.6
1118,codenames,longterm_langchain_clp_chat,association_difficult,episode_00007,Average Guesser Number of Unrevealed Guesses,1.2
1119,codenames,longterm_langchain_clp_chat,association_difficult,episode_00007,Average Guesser Target Precision,0.5
1120,codenames,longterm_langchain_clp_chat,association_difficult,episode_00007,Average Guesser Target Recall,0.162
1121,codenames,longterm_langchain_clp_chat,association_difficult,episode_00007,Average Guesser Target F1,0.244
1122,codenames,longterm_langchain_clp_chat,association_difficult,episode_00007,Average Guesser Team Precision,0.4
1123,codenames,longterm_langchain_clp_chat,association_difficult,episode_00007,Average Guesser Team Recall,0.109
1124,codenames,longterm_langchain_clp_chat,association_difficult,episode_00007,Average Guesser Team F1,0.171
1125,codenames,longterm_langchain_clp_chat,association_difficult,episode_00007,Aborted,1
1126,codenames,longterm_langchain_clp_chat,association_difficult,episode_00007,Lose,0
1127,codenames,longterm_langchain_clp_chat,association_difficult,episode_00007,Success,0
1128,codenames,longterm_langchain_clp_chat,association_difficult,episode_00007,Game ended through assassin,0
1129,codenames,longterm_langchain_clp_chat,association_difficult,episode_00007,Episode Recall,0.444
1130,codenames,longterm_langchain_clp_chat,association_difficult,episode_00007,Episode Negative Recall,0.75
1131,codenames,longterm_langchain_clp_chat,association_difficult,episode_00007,Number of turns,5
1132,codenames,longterm_langchain_clp_chat,association_difficult,episode_00007,Efficiency,1
1133,codenames,longterm_langchain_clp_chat,association_difficult,episode_00007,Request Count,9
1134,codenames,longterm_langchain_clp_chat,association_difficult,episode_00007,Parsed Request Count,8
1135,codenames,longterm_langchain_clp_chat,association_difficult,episode_00007,Violated Request Count,1
1136,codenames,longterm_langchain_clp_chat,association_difficult,episode_00007,Request Success Ratio,0.889
1137,codenames,longterm_langchain_clp_chat,association_difficult,episode_00007,Main Score,
1138,codenames,longterm_langchain_clp_chat,association_difficult,episode_00008,experiment variable,Word Assignments
1139,codenames,longterm_langchain_clp_chat,association_difficult,episode_00008,experiment name,association_difficult
1140,codenames,longterm_langchain_clp_chat,association_difficult,episode_00008,Cluegiver strip words,0
1141,codenames,longterm_langchain_clp_chat,association_difficult,episode_00008,Guesser strip words,0
1142,codenames,longterm_langchain_clp_chat,association_difficult,episode_00008,Average Cluegiver Number of Targets,9
1143,codenames,longterm_langchain_clp_chat,association_difficult,episode_00008,Average Cluegiver Team Precision,1.0
1144,codenames,longterm_langchain_clp_chat,association_difficult,episode_00008,Average Cluegiver Team Recall,1.0
1145,codenames,longterm_langchain_clp_chat,association_difficult,episode_00008,Average Cluegiver Team F1,1.0
1146,codenames,longterm_langchain_clp_chat,association_difficult,episode_00008,Average Guesser Number of Guesses,0
1147,codenames,longterm_langchain_clp_chat,association_difficult,episode_00008,Average Guesser Number of Revealed Words,0
1148,codenames,longterm_langchain_clp_chat,association_difficult,episode_00008,Average Guesser Number of Unrevealed Guesses,0
1149,codenames,longterm_langchain_clp_chat,association_difficult,episode_00008,Average Guesser Target Precision,0
1150,codenames,longterm_langchain_clp_chat,association_difficult,episode_00008,Average Guesser Target Recall,0.0
1151,codenames,longterm_langchain_clp_chat,association_difficult,episode_00008,Average Guesser Target F1,0
1152,codenames,longterm_langchain_clp_chat,association_difficult,episode_00008,Average Guesser Team Precision,0
1153,codenames,longterm_langchain_clp_chat,association_difficult,episode_00008,Average Guesser Team Recall,0.0
1154,codenames,longterm_langchain_clp_chat,association_difficult,episode_00008,Average Guesser Team F1,0
1155,codenames,longterm_langchain_clp_chat,association_difficult,episode_00008,Aborted,1
1156,codenames,longterm_langchain_clp_chat,association_difficult,episode_00008,Lose,0
1157,codenames,longterm_langchain_clp_chat,association_difficult,episode_00008,Success,0
1158,codenames,longterm_langchain_clp_chat,association_difficult,episode_00008,Game ended through assassin,0
1159,codenames,longterm_langchain_clp_chat,association_difficult,episode_00008,Episode Recall,0.0
1160,codenames,longterm_langchain_clp_chat,association_difficult,episode_00008,Episode Negative Recall,1.0
1161,codenames,longterm_langchain_clp_chat,association_difficult,episode_00008,Number of turns,2
1162,codenames,longterm_langchain_clp_chat,association_difficult,episode_00008,Efficiency,0.0
1163,codenames,longterm_langchain_clp_chat,association_difficult,episode_00008,Request Count,2
1164,codenames,longterm_langchain_clp_chat,association_difficult,episode_00008,Parsed Request Count,1
1165,codenames,longterm_langchain_clp_chat,association_difficult,episode_00008,Violated Request Count,1
1166,codenames,longterm_langchain_clp_chat,association_difficult,episode_00008,Request Success Ratio,0.5
1167,codenames,longterm_langchain_clp_chat,association_difficult,episode_00008,Main Score,
1168,codenames,longterm_langchain_clp_chat,association_easy,episode_00005,experiment variable,Word Assignments
1169,codenames,longterm_langchain_clp_chat,association_easy,episode_00005,experiment name,association_easy
1170,codenames,longterm_langchain_clp_chat,association_easy,episode_00005,Cluegiver strip words,0
1171,codenames,longterm_langchain_clp_chat,association_easy,episode_00005,Guesser strip words,0
1172,codenames,longterm_langchain_clp_chat,association_easy,episode_00005,Average Cluegiver Number of Targets,3.667
1173,codenames,longterm_langchain_clp_chat,association_easy,episode_00005,Average Cluegiver Team Precision,1.0
1174,codenames,longterm_langchain_clp_chat,association_easy,episode_00005,Average Cluegiver Team Recall,0.852
1175,codenames,longterm_langchain_clp_chat,association_easy,episode_00005,Average Cluegiver Team F1,0.905
1176,codenames,longterm_langchain_clp_chat,association_easy,episode_00005,Average Guesser Number of Guesses,3
1177,codenames,longterm_langchain_clp_chat,association_easy,episode_00005,Average Guesser Number of Revealed Words,3
1178,codenames,longterm_langchain_clp_chat,association_easy,episode_00005,Average Guesser Number of Unrevealed Guesses,0
1179,codenames,longterm_langchain_clp_chat,association_easy,episode_00005,Average Guesser Target Precision,1.0
1180,codenames,longterm_langchain_clp_chat,association_easy,episode_00005,Average Guesser Target Recall,0.833
1181,codenames,longterm_langchain_clp_chat,association_easy,episode_00005,Average Guesser Target F1,0.889
1182,codenames,longterm_langchain_clp_chat,association_easy,episode_00005,Average Guesser Team Precision,1.0
1183,codenames,longterm_langchain_clp_chat,association_easy,episode_00005,Average Guesser Team Recall,0.685
1184,codenames,longterm_langchain_clp_chat,association_easy,episode_00005,Average Guesser Team F1,0.794
1185,codenames,longterm_langchain_clp_chat,association_easy,episode_00005,Aborted,0
1186,codenames,longterm_langchain_clp_chat,association_easy,episode_00005,Lose,0
1187,codenames,longterm_langchain_clp_chat,association_easy,episode_00005,Success,1
1188,codenames,longterm_langchain_clp_chat,association_easy,episode_00005,Game ended through assassin,0
1189,codenames,longterm_langchain_clp_chat,association_easy,episode_00005,Episode Recall,1.0
1190,codenames,longterm_langchain_clp_chat,association_easy,episode_00005,Episode Negative Recall,1.0
1191,codenames,longterm_langchain_clp_chat,association_easy,episode_00005,Number of turns,4
1192,codenames,longterm_langchain_clp_chat,association_easy,episode_00005,Efficiency,1
1193,codenames,longterm_langchain_clp_chat,association_easy,episode_00005,Request Count,6
1194,codenames,longterm_langchain_clp_chat,association_easy,episode_00005,Parsed Request Count,6
1195,codenames,longterm_langchain_clp_chat,association_easy,episode_00005,Violated Request Count,0
1196,codenames,longterm_langchain_clp_chat,association_easy,episode_00005,Request Success Ratio,1.0
1197,codenames,longterm_langchain_clp_chat,association_easy,episode_00005,Main Score,100
1198,codenames,longterm_langchain_clp_chat,association_easy,episode_00006,experiment variable,Word Assignments
1199,codenames,longterm_langchain_clp_chat,association_easy,episode_00006,experiment name,association_easy
1200,codenames,longterm_langchain_clp_chat,association_easy,episode_00006,Cluegiver strip words,0
1201,codenames,longterm_langchain_clp_chat,association_easy,episode_00006,Guesser strip words,0
1202,codenames,longterm_langchain_clp_chat,association_easy,episode_00006,Average Cluegiver Number of Targets,4.75
1203,codenames,longterm_langchain_clp_chat,association_easy,episode_00006,Average Cluegiver Team Precision,1.0
1204,codenames,longterm_langchain_clp_chat,association_easy,episode_00006,Average Cluegiver Team Recall,0.938
1205,codenames,longterm_langchain_clp_chat,association_easy,episode_00006,Average Cluegiver Team F1,0.964
1206,codenames,longterm_langchain_clp_chat,association_easy,episode_00006,Average Guesser Number of Guesses,4.75
1207,codenames,longterm_langchain_clp_chat,association_easy,episode_00006,Average Guesser Number of Revealed Words,2.75
1208,codenames,longterm_langchain_clp_chat,association_easy,episode_00006,Average Guesser Number of Unrevealed Guesses,2
1209,codenames,longterm_langchain_clp_chat,association_easy,episode_00006,Average Guesser Target Precision,0.625
1210,codenames,longterm_langchain_clp_chat,association_easy,episode_00006,Average Guesser Target Recall,0.528
1211,codenames,longterm_langchain_clp_chat,association_easy,episode_00006,Average Guesser Target F1,0.545
1212,codenames,longterm_langchain_clp_chat,association_easy,episode_00006,Average Guesser Team Precision,0.625
1213,codenames,longterm_langchain_clp_chat,association_easy,episode_00006,Average Guesser Team Recall,0.465
1214,codenames,longterm_langchain_clp_chat,association_easy,episode_00006,Average Guesser Team F1,0.51
1215,codenames,longterm_langchain_clp_chat,association_easy,episode_00006,Aborted,0
1216,codenames,longterm_langchain_clp_chat,association_easy,episode_00006,Lose,0
1217,codenames,longterm_langchain_clp_chat,association_easy,episode_00006,Success,1
1218,codenames,longterm_langchain_clp_chat,association_easy,episode_00006,Game ended through assassin,0
1219,codenames,longterm_langchain_clp_chat,association_easy,episode_00006,Episode Recall,1.0
1220,codenames,longterm_langchain_clp_chat,association_easy,episode_00006,Episode Negative Recall,0.875
1221,codenames,longterm_langchain_clp_chat,association_easy,episode_00006,Number of turns,5
1222,codenames,longterm_langchain_clp_chat,association_easy,episode_00006,Efficiency,1
1223,codenames,longterm_langchain_clp_chat,association_easy,episode_00006,Request Count,8
1224,codenames,longterm_langchain_clp_chat,association_easy,episode_00006,Parsed Request Count,8
1225,codenames,longterm_langchain_clp_chat,association_easy,episode_00006,Violated Request Count,0
1226,codenames,longterm_langchain_clp_chat,association_easy,episode_00006,Request Success Ratio,1.0
1227,codenames,longterm_langchain_clp_chat,association_easy,episode_00006,Main Score,100
1228,codenames,longterm_langchain_clp_chat,concrete,episode_00023,experiment variable,Word Concreteness
1229,codenames,longterm_langchain_clp_chat,concrete,episode_00023,experiment name,concrete
1230,codenames,longterm_langchain_clp_chat,concrete,episode_00023,Cluegiver strip words,0
1231,codenames,longterm_langchain_clp_chat,concrete,episode_00023,Guesser strip words,0
1232,codenames,longterm_langchain_clp_chat,concrete,episode_00023,Average Cluegiver Number of Targets,6.833
1233,codenames,longterm_langchain_clp_chat,concrete,episode_00023,Average Cluegiver Team Precision,1.0
1234,codenames,longterm_langchain_clp_chat,concrete,episode_00023,Average Cluegiver Team Recall,1.0
1235,codenames,longterm_langchain_clp_chat,concrete,episode_00023,Average Cluegiver Team F1,1.0
1236,codenames,longterm_langchain_clp_chat,concrete,episode_00023,Average Guesser Number of Guesses,6.167
1237,codenames,longterm_langchain_clp_chat,concrete,episode_00023,Average Guesser Number of Revealed Words,1.667
1238,codenames,longterm_langchain_clp_chat,concrete,episode_00023,Average Guesser Number of Unrevealed Guesses,4.5
1239,codenames,longterm_langchain_clp_chat,concrete,episode_00023,Average Guesser Target Precision,0.306
1240,codenames,longterm_langchain_clp_chat,concrete,episode_00023,Average Guesser Target Recall,0.116
1241,codenames,longterm_langchain_clp_chat,concrete,episode_00023,Average Guesser Target F1,0.167
1242,codenames,longterm_langchain_clp_chat,concrete,episode_00023,Average Guesser Team Precision,0.306
1243,codenames,longterm_langchain_clp_chat,concrete,episode_00023,Average Guesser Team Recall,0.116
1244,codenames,longterm_langchain_clp_chat,concrete,episode_00023,Average Guesser Team F1,0.167
1245,codenames,longterm_langchain_clp_chat,concrete,episode_00023,Aborted,0
1246,codenames,longterm_langchain_clp_chat,concrete,episode_00023,Lose,1
1247,codenames,longterm_langchain_clp_chat,concrete,episode_00023,Success,0
1248,codenames,longterm_langchain_clp_chat,concrete,episode_00023,Game ended through assassin,0
1249,codenames,longterm_langchain_clp_chat,concrete,episode_00023,Episode Recall,0.556
1250,codenames,longterm_langchain_clp_chat,concrete,episode_00023,Episode Negative Recall,0.688
1251,codenames,longterm_langchain_clp_chat,concrete,episode_00023,Number of turns,6
1252,codenames,longterm_langchain_clp_chat,concrete,episode_00023,Efficiency,1
1253,codenames,longterm_langchain_clp_chat,concrete,episode_00023,Request Count,11
1254,codenames,longterm_langchain_clp_chat,concrete,episode_00023,Parsed Request Count,11
1255,codenames,longterm_langchain_clp_chat,concrete,episode_00023,Violated Request Count,0
1256,codenames,longterm_langchain_clp_chat,concrete,episode_00023,Request Success Ratio,1.0
1257,codenames,longterm_langchain_clp_chat,concrete,episode_00023,Main Score,0
1258,codenames,longterm_langchain_clp_chat,concrete,episode_00024,experiment variable,Word Concreteness
1259,codenames,longterm_langchain_clp_chat,concrete,episode_00024,experiment name,concrete
1260,codenames,longterm_langchain_clp_chat,concrete,episode_00024,Cluegiver strip words,0
1261,codenames,longterm_langchain_clp_chat,concrete,episode_00024,Guesser strip words,0
1262,codenames,longterm_langchain_clp_chat,concrete,episode_00024,Average Cluegiver Number of Targets,6.5
1263,codenames,longterm_langchain_clp_chat,concrete,episode_00024,Average Cluegiver Team Precision,0.75
1264,codenames,longterm_langchain_clp_chat,concrete,episode_00024,Average Cluegiver Team Recall,0.75
1265,codenames,longterm_langchain_clp_chat,concrete,episode_00024,Average Cluegiver Team F1,0.75
1266,codenames,longterm_langchain_clp_chat,concrete,episode_00024,Average Guesser Number of Guesses,5.25
1267,codenames,longterm_langchain_clp_chat,concrete,episode_00024,Average Guesser Number of Revealed Words,1
1268,codenames,longterm_langchain_clp_chat,concrete,episode_00024,Average Guesser Number of Unrevealed Guesses,4.25
1269,codenames,longterm_langchain_clp_chat,concrete,episode_00024,Average Guesser Target Precision,0.125
1270,codenames,longterm_langchain_clp_chat,concrete,episode_00024,Average Guesser Target Recall,0.028
1271,codenames,longterm_langchain_clp_chat,concrete,episode_00024,Average Guesser Target F1,0.045
1272,codenames,longterm_langchain_clp_chat,concrete,episode_00024,Average Guesser Team Precision,0.125
1273,codenames,longterm_langchain_clp_chat,concrete,episode_00024,Average Guesser Team Recall,0.028
1274,codenames,longterm_langchain_clp_chat,concrete,episode_00024,Average Guesser Team F1,0.045
1275,codenames,longterm_langchain_clp_chat,concrete,episode_00024,Aborted,1
1276,codenames,longterm_langchain_clp_chat,concrete,episode_00024,Lose,0
1277,codenames,longterm_langchain_clp_chat,concrete,episode_00024,Success,0
1278,codenames,longterm_langchain_clp_chat,concrete,episode_00024,Game ended through assassin,0
1279,codenames,longterm_langchain_clp_chat,concrete,episode_00024,Episode Recall,0.111
1280,codenames,longterm_langchain_clp_chat,concrete,episode_00024,Episode Negative Recall,0.812
1281,codenames,longterm_langchain_clp_chat,concrete,episode_00024,Number of turns,4
1282,codenames,longterm_langchain_clp_chat,concrete,episode_00024,Efficiency,1
1283,codenames,longterm_langchain_clp_chat,concrete,episode_00024,Request Count,7
1284,codenames,longterm_langchain_clp_chat,concrete,episode_00024,Parsed Request Count,6
1285,codenames,longterm_langchain_clp_chat,concrete,episode_00024,Violated Request Count,1
1286,codenames,longterm_langchain_clp_chat,concrete,episode_00024,Request Success Ratio,0.857
1287,codenames,longterm_langchain_clp_chat,concrete,episode_00024,Main Score,
1288,codenames,longterm_langchain_clp_chat,frequency_high,episode_00017,experiment variable,Word Frequency
1289,codenames,longterm_langchain_clp_chat,frequency_high,episode_00017,experiment name,frequency_high
1290,codenames,longterm_langchain_clp_chat,frequency_high,episode_00017,Cluegiver strip words,0
1291,codenames,longterm_langchain_clp_chat,frequency_high,episode_00017,Guesser strip words,0
1292,codenames,longterm_langchain_clp_chat,frequency_high,episode_00017,Average Cluegiver Number of Targets,6.8
1293,codenames,longterm_langchain_clp_chat,frequency_high,episode_00017,Average Cluegiver Team Precision,1.0
1294,codenames,longterm_langchain_clp_chat,frequency_high,episode_00017,Average Cluegiver Team Recall,1.0
1295,codenames,longterm_langchain_clp_chat,frequency_high,episode_00017,Average Cluegiver Team F1,1.0
1296,codenames,longterm_langchain_clp_chat,frequency_high,episode_00017,Average Guesser Number of Guesses,6
1297,codenames,longterm_langchain_clp_chat,frequency_high,episode_00017,Average Guesser Number of Revealed Words,1.8
1298,codenames,longterm_langchain_clp_chat,frequency_high,episode_00017,Average Guesser Number of Unrevealed Guesses,4.2
1299,codenames,longterm_langchain_clp_chat,frequency_high,episode_00017,Average Guesser Target Precision,0.367
1300,codenames,longterm_langchain_clp_chat,frequency_high,episode_00017,Average Guesser Target Recall,0.142
1301,codenames,longterm_langchain_clp_chat,frequency_high,episode_00017,Average Guesser Target F1,0.204
1302,codenames,longterm_langchain_clp_chat,frequency_high,episode_00017,Average Guesser Team Precision,0.367
1303,codenames,longterm_langchain_clp_chat,frequency_high,episode_00017,Average Guesser Team Recall,0.142
1304,codenames,longterm_langchain_clp_chat,frequency_high,episode_00017,Average Guesser Team F1,0.204
1305,codenames,longterm_langchain_clp_chat,frequency_high,episode_00017,Aborted,1
1306,codenames,longterm_langchain_clp_chat,frequency_high,episode_00017,Lose,0
1307,codenames,longterm_langchain_clp_chat,frequency_high,episode_00017,Success,0
1308,codenames,longterm_langchain_clp_chat,frequency_high,episode_00017,Game ended through assassin,0
1309,codenames,longterm_langchain_clp_chat,frequency_high,episode_00017,Episode Recall,0.556
1310,codenames,longterm_langchain_clp_chat,frequency_high,episode_00017,Episode Negative Recall,0.75
1311,codenames,longterm_langchain_clp_chat,frequency_high,episode_00017,Number of turns,6
1312,codenames,longterm_langchain_clp_chat,frequency_high,episode_00017,Efficiency,1
1313,codenames,longterm_langchain_clp_chat,frequency_high,episode_00017,Request Count,10
1314,codenames,longterm_langchain_clp_chat,frequency_high,episode_00017,Parsed Request Count,9
1315,codenames,longterm_langchain_clp_chat,frequency_high,episode_00017,Violated Request Count,1
1316,codenames,longterm_langchain_clp_chat,frequency_high,episode_00017,Request Success Ratio,0.9
1317,codenames,longterm_langchain_clp_chat,frequency_high,episode_00017,Main Score,
1318,codenames,longterm_langchain_clp_chat,frequency_high,episode_00018,experiment variable,Word Frequency
1319,codenames,longterm_langchain_clp_chat,frequency_high,episode_00018,experiment name,frequency_high
1320,codenames,longterm_langchain_clp_chat,frequency_high,episode_00018,Cluegiver strip words,0
1321,codenames,longterm_langchain_clp_chat,frequency_high,episode_00018,Guesser strip words,0
1322,codenames,longterm_langchain_clp_chat,frequency_high,episode_00018,Average Cluegiver Number of Targets,6.4
1323,codenames,longterm_langchain_clp_chat,frequency_high,episode_00018,Average Cluegiver Team Precision,1.0
1324,codenames,longterm_langchain_clp_chat,frequency_high,episode_00018,Average Cluegiver Team Recall,1.0
1325,codenames,longterm_langchain_clp_chat,frequency_high,episode_00018,Average Cluegiver Team F1,1.0
1326,codenames,longterm_langchain_clp_chat,frequency_high,episode_00018,Average Guesser Number of Guesses,5.6
1327,codenames,longterm_langchain_clp_chat,frequency_high,episode_00018,Average Guesser Number of Revealed Words,1.8
1328,codenames,longterm_langchain_clp_chat,frequency_high,episode_00018,Average Guesser Number of Unrevealed Guesses,3.8
1329,codenames,longterm_langchain_clp_chat,frequency_high,episode_00018,Average Guesser Target Precision,0.433
1330,codenames,longterm_langchain_clp_chat,frequency_high,episode_00018,Average Guesser Target Recall,0.146
1331,codenames,longterm_langchain_clp_chat,frequency_high,episode_00018,Average Guesser Target F1,0.216
1332,codenames,longterm_langchain_clp_chat,frequency_high,episode_00018,Average Guesser Team Precision,0.433
1333,codenames,longterm_langchain_clp_chat,frequency_high,episode_00018,Average Guesser Team Recall,0.146
1334,codenames,longterm_langchain_clp_chat,frequency_high,episode_00018,Average Guesser Team F1,0.216
1335,codenames,longterm_langchain_clp_chat,frequency_high,episode_00018,Aborted,0
1336,codenames,longterm_langchain_clp_chat,frequency_high,episode_00018,Lose,1
1337,codenames,longterm_langchain_clp_chat,frequency_high,episode_00018,Success,0
1338,codenames,longterm_langchain_clp_chat,frequency_high,episode_00018,Game ended through assassin,0
1339,codenames,longterm_langchain_clp_chat,frequency_high,episode_00018,Episode Recall,0.556
1340,codenames,longterm_langchain_clp_chat,frequency_high,episode_00018,Episode Negative Recall,0.75
1341,codenames,longterm_langchain_clp_chat,frequency_high,episode_00018,Number of turns,5
1342,codenames,longterm_langchain_clp_chat,frequency_high,episode_00018,Efficiency,1
1343,codenames,longterm_langchain_clp_chat,frequency_high,episode_00018,Request Count,9
1344,codenames,longterm_langchain_clp_chat,frequency_high,episode_00018,Parsed Request Count,9
1345,codenames,longterm_langchain_clp_chat,frequency_high,episode_00018,Violated Request Count,0
1346,codenames,longterm_langchain_clp_chat,frequency_high,episode_00018,Request Success Ratio,1.0
1347,codenames,longterm_langchain_clp_chat,frequency_high,episode_00018,Main Score,0
1348,codenames,longterm_langchain_clp_chat,frequency_low,episode_00015,experiment variable,Word Frequency
1349,codenames,longterm_langchain_clp_chat,frequency_low,episode_00015,experiment name,frequency_low
1350,codenames,longterm_langchain_clp_chat,frequency_low,episode_00015,Cluegiver strip words,0
1351,codenames,longterm_langchain_clp_chat,frequency_low,episode_00015,Guesser strip words,0
1352,codenames,longterm_langchain_clp_chat,frequency_low,episode_00015,Average Cluegiver Number of Targets,3.571
1353,codenames,longterm_langchain_clp_chat,frequency_low,episode_00015,Average Cluegiver Team Precision,1.0
1354,codenames,longterm_langchain_clp_chat,frequency_low,episode_00015,Average Cluegiver Team Recall,0.859
1355,codenames,longterm_langchain_clp_chat,frequency_low,episode_00015,Average Cluegiver Team F1,0.913
1356,codenames,longterm_langchain_clp_chat,frequency_low,episode_00015,Average Guesser Number of Guesses,3.571
1357,codenames,longterm_langchain_clp_chat,frequency_low,episode_00015,Average Guesser Number of Revealed Words,2.143
1358,codenames,longterm_langchain_clp_chat,frequency_low,episode_00015,Average Guesser Number of Unrevealed Guesses,1.429
1359,codenames,longterm_langchain_clp_chat,frequency_low,episode_00015,Average Guesser Target Precision,0.619
1360,codenames,longterm_langchain_clp_chat,frequency_low,episode_00015,Average Guesser Target Recall,0.44
1361,codenames,longterm_langchain_clp_chat,frequency_low,episode_00015,Average Guesser Target F1,0.503
1362,codenames,longterm_langchain_clp_chat,frequency_low,episode_00015,Average Guesser Team Precision,0.619
1363,codenames,longterm_langchain_clp_chat,frequency_low,episode_00015,Average Guesser Team Recall,0.397
1364,codenames,longterm_langchain_clp_chat,frequency_low,episode_00015,Average Guesser Team F1,0.46
1365,codenames,longterm_langchain_clp_chat,frequency_low,episode_00015,Aborted,0
1366,codenames,longterm_langchain_clp_chat,frequency_low,episode_00015,Lose,0
1367,codenames,longterm_langchain_clp_chat,frequency_low,episode_00015,Success,1
1368,codenames,longterm_langchain_clp_chat,frequency_low,episode_00015,Game ended through assassin,0
1369,codenames,longterm_langchain_clp_chat,frequency_low,episode_00015,Episode Recall,1.0
1370,codenames,longterm_langchain_clp_chat,frequency_low,episode_00015,Episode Negative Recall,0.625
1371,codenames,longterm_langchain_clp_chat,frequency_low,episode_00015,Number of turns,8
1372,codenames,longterm_langchain_clp_chat,frequency_low,episode_00015,Efficiency,1
1373,codenames,longterm_langchain_clp_chat,frequency_low,episode_00015,Request Count,14
1374,codenames,longterm_langchain_clp_chat,frequency_low,episode_00015,Parsed Request Count,14
1375,codenames,longterm_langchain_clp_chat,frequency_low,episode_00015,Violated Request Count,0
1376,codenames,longterm_langchain_clp_chat,frequency_low,episode_00015,Request Success Ratio,1.0
1377,codenames,longterm_langchain_clp_chat,frequency_low,episode_00015,Main Score,100
1378,codenames,longterm_langchain_clp_chat,frequency_low,episode_00016,experiment variable,Word Frequency
1379,codenames,longterm_langchain_clp_chat,frequency_low,episode_00016,experiment name,frequency_low
1380,codenames,longterm_langchain_clp_chat,frequency_low,episode_00016,Cluegiver strip words,0
1381,codenames,longterm_langchain_clp_chat,frequency_low,episode_00016,Guesser strip words,0
1382,codenames,longterm_langchain_clp_chat,frequency_low,episode_00016,Average Cluegiver Number of Targets,0
1383,codenames,longterm_langchain_clp_chat,frequency_low,episode_00016,Average Cluegiver Team Precision,0
1384,codenames,longterm_langchain_clp_chat,frequency_low,episode_00016,Average Cluegiver Team Recall,0.0
1385,codenames,longterm_langchain_clp_chat,frequency_low,episode_00016,Average Cluegiver Team F1,0
1386,codenames,longterm_langchain_clp_chat,frequency_low,episode_00016,Average Guesser Number of Guesses,0
1387,codenames,longterm_langchain_clp_chat,frequency_low,episode_00016,Average Guesser Number of Revealed Words,0
1388,codenames,longterm_langchain_clp_chat,frequency_low,episode_00016,Average Guesser Number of Unrevealed Guesses,0
1389,codenames,longterm_langchain_clp_chat,frequency_low,episode_00016,Average Guesser Target Precision,0
1390,codenames,longterm_langchain_clp_chat,frequency_low,episode_00016,Average Guesser Target Recall,0
1391,codenames,longterm_langchain_clp_chat,frequency_low,episode_00016,Average Guesser Target F1,0
1392,codenames,longterm_langchain_clp_chat,frequency_low,episode_00016,Average Guesser Team Precision,0
1393,codenames,longterm_langchain_clp_chat,frequency_low,episode_00016,Average Guesser Team Recall,0.0
1394,codenames,longterm_langchain_clp_chat,frequency_low,episode_00016,Average Guesser Team F1,0
1395,codenames,longterm_langchain_clp_chat,frequency_low,episode_00016,Aborted,1
1396,codenames,longterm_langchain_clp_chat,frequency_low,episode_00016,Lose,0
1397,codenames,longterm_langchain_clp_chat,frequency_low,episode_00016,Success,0
1398,codenames,longterm_langchain_clp_chat,frequency_low,episode_00016,Game ended through assassin,0
1399,codenames,longterm_langchain_clp_chat,frequency_low,episode_00016,Episode Recall,0.0
1400,codenames,longterm_langchain_clp_chat,frequency_low,episode_00016,Episode Negative Recall,1.0
1401,codenames,longterm_langchain_clp_chat,frequency_low,episode_00016,Number of turns,1
1402,codenames,longterm_langchain_clp_chat,frequency_low,episode_00016,Efficiency,0.0
1403,codenames,longterm_langchain_clp_chat,frequency_low,episode_00016,Request Count,1
1404,codenames,longterm_langchain_clp_chat,frequency_low,episode_00016,Parsed Request Count,0
1405,codenames,longterm_langchain_clp_chat,frequency_low,episode_00016,Violated Request Count,1
1406,codenames,longterm_langchain_clp_chat,frequency_low,episode_00016,Request Success Ratio,0.0
1407,codenames,longterm_langchain_clp_chat,frequency_low,episode_00016,Main Score,
1408,codenames,longterm_langchain_clp_chat,opponent_difficult,episode_00013,experiment variable,Opponent Difficulty
1409,codenames,longterm_langchain_clp_chat,opponent_difficult,episode_00013,experiment name,opponent_difficult
1410,codenames,longterm_langchain_clp_chat,opponent_difficult,episode_00013,Cluegiver strip words,0
1411,codenames,longterm_langchain_clp_chat,opponent_difficult,episode_00013,Guesser strip words,0
1412,codenames,longterm_langchain_clp_chat,opponent_difficult,episode_00013,Average Cluegiver Number of Targets,4.75
1413,codenames,longterm_langchain_clp_chat,opponent_difficult,episode_00013,Average Cluegiver Team Precision,1.0
1414,codenames,longterm_langchain_clp_chat,opponent_difficult,episode_00013,Average Cluegiver Team Recall,0.818
1415,codenames,longterm_langchain_clp_chat,opponent_difficult,episode_00013,Average Cluegiver Team F1,0.887
1416,codenames,longterm_langchain_clp_chat,opponent_difficult,episode_00013,Average Guesser Number of Guesses,4.75
1417,codenames,longterm_langchain_clp_chat,opponent_difficult,episode_00013,Average Guesser Number of Revealed Words,2.5
1418,codenames,longterm_langchain_clp_chat,opponent_difficult,episode_00013,Average Guesser Number of Unrevealed Guesses,2.25
1419,codenames,longterm_langchain_clp_chat,opponent_difficult,episode_00013,Average Guesser Target Precision,0.584
1420,codenames,longterm_langchain_clp_chat,opponent_difficult,episode_00013,Average Guesser Target Recall,0.312
1421,codenames,longterm_langchain_clp_chat,opponent_difficult,episode_00013,Average Guesser Target F1,0.405
1422,codenames,longterm_langchain_clp_chat,opponent_difficult,episode_00013,Average Guesser Team Precision,0.584
1423,codenames,longterm_langchain_clp_chat,opponent_difficult,episode_00013,Average Guesser Team Recall,0.239
1424,codenames,longterm_langchain_clp_chat,opponent_difficult,episode_00013,Average Guesser Team F1,0.338
1425,codenames,longterm_langchain_clp_chat,opponent_difficult,episode_00013,Aborted,0
1426,codenames,longterm_langchain_clp_chat,opponent_difficult,episode_00013,Lose,1
1427,codenames,longterm_langchain_clp_chat,opponent_difficult,episode_00013,Success,0
1428,codenames,longterm_langchain_clp_chat,opponent_difficult,episode_00013,Game ended through assassin,1
1429,codenames,longterm_langchain_clp_chat,opponent_difficult,episode_00013,Episode Recall,0.667
1430,codenames,longterm_langchain_clp_chat,opponent_difficult,episode_00013,Episode Negative Recall,0.75
1431,codenames,longterm_langchain_clp_chat,opponent_difficult,episode_00013,Number of turns,5
1432,codenames,longterm_langchain_clp_chat,opponent_difficult,episode_00013,Efficiency,1
1433,codenames,longterm_langchain_clp_chat,opponent_difficult,episode_00013,Request Count,8
1434,codenames,longterm_langchain_clp_chat,opponent_difficult,episode_00013,Parsed Request Count,8
1435,codenames,longterm_langchain_clp_chat,opponent_difficult,episode_00013,Violated Request Count,0
1436,codenames,longterm_langchain_clp_chat,opponent_difficult,episode_00013,Request Success Ratio,1.0
1437,codenames,longterm_langchain_clp_chat,opponent_difficult,episode_00013,Main Score,0
1438,codenames,longterm_langchain_clp_chat,opponent_difficult,episode_00014,experiment variable,Opponent Difficulty
1439,codenames,longterm_langchain_clp_chat,opponent_difficult,episode_00014,experiment name,opponent_difficult
1440,codenames,longterm_langchain_clp_chat,opponent_difficult,episode_00014,Cluegiver strip words,0
1441,codenames,longterm_langchain_clp_chat,opponent_difficult,episode_00014,Guesser strip words,0
1442,codenames,longterm_langchain_clp_chat,opponent_difficult,episode_00014,Average Cluegiver Number of Targets,5.8
1443,codenames,longterm_langchain_clp_chat,opponent_difficult,episode_00014,Average Cluegiver Team Precision,1.0
1444,codenames,longterm_langchain_clp_chat,opponent_difficult,episode_00014,Average Cluegiver Team Recall,0.928
1445,codenames,longterm_langchain_clp_chat,opponent_difficult,episode_00014,Average Cluegiver Team F1,0.96
1446,codenames,longterm_langchain_clp_chat,opponent_difficult,episode_00014,Average Guesser Number of Guesses,5
1447,codenames,longterm_langchain_clp_chat,opponent_difficult,episode_00014,Average Guesser Number of Revealed Words,1.8
1448,codenames,longterm_langchain_clp_chat,opponent_difficult,episode_00014,Average Guesser Number of Unrevealed Guesses,3.2
1449,codenames,longterm_langchain_clp_chat,opponent_difficult,episode_00014,Average Guesser Target Precision,0.433
1450,codenames,longterm_langchain_clp_chat,opponent_difficult,episode_00014,Average Guesser Target Recall,0.165
1451,codenames,longterm_langchain_clp_chat,opponent_difficult,episode_00014,Average Guesser Target F1,0.236
1452,codenames,longterm_langchain_clp_chat,opponent_difficult,episode_00014,Average Guesser Team Precision,0.433
1453,codenames,longterm_langchain_clp_chat,opponent_difficult,episode_00014,Average Guesser Team Recall,0.146
1454,codenames,longterm_langchain_clp_chat,opponent_difficult,episode_00014,Average Guesser Team F1,0.216
1455,codenames,longterm_langchain_clp_chat,opponent_difficult,episode_00014,Aborted,0
1456,codenames,longterm_langchain_clp_chat,opponent_difficult,episode_00014,Lose,1
1457,codenames,longterm_langchain_clp_chat,opponent_difficult,episode_00014,Success,0
1458,codenames,longterm_langchain_clp_chat,opponent_difficult,episode_00014,Game ended through assassin,0
1459,codenames,longterm_langchain_clp_chat,opponent_difficult,episode_00014,Episode Recall,0.556
1460,codenames,longterm_langchain_clp_chat,opponent_difficult,episode_00014,Episode Negative Recall,0.75
1461,codenames,longterm_langchain_clp_chat,opponent_difficult,episode_00014,Number of turns,5
1462,codenames,longterm_langchain_clp_chat,opponent_difficult,episode_00014,Efficiency,1
1463,codenames,longterm_langchain_clp_chat,opponent_difficult,episode_00014,Request Count,9
1464,codenames,longterm_langchain_clp_chat,opponent_difficult,episode_00014,Parsed Request Count,9
1465,codenames,longterm_langchain_clp_chat,opponent_difficult,episode_00014,Violated Request Count,0
1466,codenames,longterm_langchain_clp_chat,opponent_difficult,episode_00014,Request Success Ratio,1.0
1467,codenames,longterm_langchain_clp_chat,opponent_difficult,episode_00014,Main Score,0
1468,codenames,longterm_langchain_clp_chat,opponent_easy,episode_00011,experiment variable,Opponent Difficulty
1469,codenames,longterm_langchain_clp_chat,opponent_easy,episode_00011,experiment name,opponent_easy
1470,codenames,longterm_langchain_clp_chat,opponent_easy,episode_00011,Cluegiver strip words,0
1471,codenames,longterm_langchain_clp_chat,opponent_easy,episode_00011,Guesser strip words,0
1472,codenames,longterm_langchain_clp_chat,opponent_easy,episode_00011,Average Cluegiver Number of Targets,8.5
1473,codenames,longterm_langchain_clp_chat,opponent_easy,episode_00011,Average Cluegiver Team Precision,1.0
1474,codenames,longterm_langchain_clp_chat,opponent_easy,episode_00011,Average Cluegiver Team Recall,1.0
1475,codenames,longterm_langchain_clp_chat,opponent_easy,episode_00011,Average Cluegiver Team F1,1.0
1476,codenames,longterm_langchain_clp_chat,opponent_easy,episode_00011,Average Guesser Number of Guesses,8.5
1477,codenames,longterm_langchain_clp_chat,opponent_easy,episode_00011,Average Guesser Number of Revealed Words,2.5
1478,codenames,longterm_langchain_clp_chat,opponent_easy,episode_00011,Average Guesser Number of Unrevealed Guesses,6
1479,codenames,longterm_langchain_clp_chat,opponent_easy,episode_00011,Average Guesser Target Precision,0.584
1480,codenames,longterm_langchain_clp_chat,opponent_easy,episode_00011,Average Guesser Target Recall,0.18
1481,codenames,longterm_langchain_clp_chat,opponent_easy,episode_00011,Average Guesser Target F1,0.273
1482,codenames,longterm_langchain_clp_chat,opponent_easy,episode_00011,Average Guesser Team Precision,0.584
1483,codenames,longterm_langchain_clp_chat,opponent_easy,episode_00011,Average Guesser Team Recall,0.18
1484,codenames,longterm_langchain_clp_chat,opponent_easy,episode_00011,Average Guesser Team F1,0.273
1485,codenames,longterm_langchain_clp_chat,opponent_easy,episode_00011,Aborted,0
1486,codenames,longterm_langchain_clp_chat,opponent_easy,episode_00011,Lose,1
1487,codenames,longterm_langchain_clp_chat,opponent_easy,episode_00011,Success,0
1488,codenames,longterm_langchain_clp_chat,opponent_easy,episode_00011,Game ended through assassin,1
1489,codenames,longterm_langchain_clp_chat,opponent_easy,episode_00011,Episode Recall,0.333
1490,codenames,longterm_langchain_clp_chat,opponent_easy,episode_00011,Episode Negative Recall,0.875
1491,codenames,longterm_langchain_clp_chat,opponent_easy,episode_00011,Number of turns,3
1492,codenames,longterm_langchain_clp_chat,opponent_easy,episode_00011,Efficiency,1
1493,codenames,longterm_langchain_clp_chat,opponent_easy,episode_00011,Request Count,4
1494,codenames,longterm_langchain_clp_chat,opponent_easy,episode_00011,Parsed Request Count,4
1495,codenames,longterm_langchain_clp_chat,opponent_easy,episode_00011,Violated Request Count,0
1496,codenames,longterm_langchain_clp_chat,opponent_easy,episode_00011,Request Success Ratio,1.0
1497,codenames,longterm_langchain_clp_chat,opponent_easy,episode_00011,Main Score,0
1498,codenames,longterm_langchain_clp_chat,opponent_easy,episode_00012,experiment variable,Opponent Difficulty
1499,codenames,longterm_langchain_clp_chat,opponent_easy,episode_00012,experiment name,opponent_easy
1500,codenames,longterm_langchain_clp_chat,opponent_easy,episode_00012,Cluegiver strip words,0
1501,codenames,longterm_langchain_clp_chat,opponent_easy,episode_00012,Guesser strip words,0
1502,codenames,longterm_langchain_clp_chat,opponent_easy,episode_00012,Average Cluegiver Number of Targets,0
1503,codenames,longterm_langchain_clp_chat,opponent_easy,episode_00012,Average Cluegiver Team Precision,0
1504,codenames,longterm_langchain_clp_chat,opponent_easy,episode_00012,Average Cluegiver Team Recall,0.0
1505,codenames,longterm_langchain_clp_chat,opponent_easy,episode_00012,Average Cluegiver Team F1,0
1506,codenames,longterm_langchain_clp_chat,opponent_easy,episode_00012,Average Guesser Number of Guesses,0
1507,codenames,longterm_langchain_clp_chat,opponent_easy,episode_00012,Average Guesser Number of Revealed Words,0
1508,codenames,longterm_langchain_clp_chat,opponent_easy,episode_00012,Average Guesser Number of Unrevealed Guesses,0
1509,codenames,longterm_langchain_clp_chat,opponent_easy,episode_00012,Average Guesser Target Precision,0
1510,codenames,longterm_langchain_clp_chat,opponent_easy,episode_00012,Average Guesser Target Recall,0
1511,codenames,longterm_langchain_clp_chat,opponent_easy,episode_00012,Average Guesser Target F1,0
1512,codenames,longterm_langchain_clp_chat,opponent_easy,episode_00012,Average Guesser Team Precision,0
1513,codenames,longterm_langchain_clp_chat,opponent_easy,episode_00012,Average Guesser Team Recall,0.0
1514,codenames,longterm_langchain_clp_chat,opponent_easy,episode_00012,Average Guesser Team F1,0
1515,codenames,longterm_langchain_clp_chat,opponent_easy,episode_00012,Aborted,1
1516,codenames,longterm_langchain_clp_chat,opponent_easy,episode_00012,Lose,0
1517,codenames,longterm_langchain_clp_chat,opponent_easy,episode_00012,Success,0
1518,codenames,longterm_langchain_clp_chat,opponent_easy,episode_00012,Game ended through assassin,0
1519,codenames,longterm_langchain_clp_chat,opponent_easy,episode_00012,Episode Recall,0.0
1520,codenames,longterm_langchain_clp_chat,opponent_easy,episode_00012,Episode Negative Recall,1.0
1521,codenames,longterm_langchain_clp_chat,opponent_easy,episode_00012,Number of turns,1
1522,codenames,longterm_langchain_clp_chat,opponent_easy,episode_00012,Efficiency,0.0
1523,codenames,longterm_langchain_clp_chat,opponent_easy,episode_00012,Request Count,1
1524,codenames,longterm_langchain_clp_chat,opponent_easy,episode_00012,Parsed Request Count,0
1525,codenames,longterm_langchain_clp_chat,opponent_easy,episode_00012,Violated Request Count,1
1526,codenames,longterm_langchain_clp_chat,opponent_easy,episode_00012,Request Success Ratio,0.0
1527,codenames,longterm_langchain_clp_chat,opponent_easy,episode_00012,Main Score,
1528,codenames,longterm_langchain_clp_chat,opponent_none,episode_00009,experiment variable,Opponent Difficulty
1529,codenames,longterm_langchain_clp_chat,opponent_none,episode_00009,experiment name,opponent_none
1530,codenames,longterm_langchain_clp_chat,opponent_none,episode_00009,Cluegiver strip words,0
1531,codenames,longterm_langchain_clp_chat,opponent_none,episode_00009,Guesser strip words,0
1532,codenames,longterm_langchain_clp_chat,opponent_none,episode_00009,Average Cluegiver Number of Targets,4.5
1533,codenames,longterm_langchain_clp_chat,opponent_none,episode_00009,Average Cluegiver Team Precision,1.0
1534,codenames,longterm_langchain_clp_chat,opponent_none,episode_00009,Average Cluegiver Team Recall,1.0
1535,codenames,longterm_langchain_clp_chat,opponent_none,episode_00009,Average Cluegiver Team F1,1.0
1536,codenames,longterm_langchain_clp_chat,opponent_none,episode_00009,Average Guesser Number of Guesses,4.5
1537,codenames,longterm_langchain_clp_chat,opponent_none,episode_00009,Average Guesser Number of Revealed Words,2
1538,codenames,longterm_langchain_clp_chat,opponent_none,episode_00009,Average Guesser Number of Unrevealed Guesses,2.5
1539,codenames,longterm_langchain_clp_chat,opponent_none,episode_00009,Average Guesser Target Precision,0.49
1540,codenames,longterm_langchain_clp_chat,opponent_none,episode_00009,Average Guesser Target Recall,0.342
1541,codenames,longterm_langchain_clp_chat,opponent_none,episode_00009,Average Guesser Target F1,0.389
1542,codenames,longterm_langchain_clp_chat,opponent_none,episode_00009,Average Guesser Team Precision,0.49
1543,codenames,longterm_langchain_clp_chat,opponent_none,episode_00009,Average Guesser Team Recall,0.342
1544,codenames,longterm_langchain_clp_chat,opponent_none,episode_00009,Average Guesser Team F1,0.389
1545,codenames,longterm_langchain_clp_chat,opponent_none,episode_00009,Aborted,0
1546,codenames,longterm_langchain_clp_chat,opponent_none,episode_00009,Lose,0
1547,codenames,longterm_langchain_clp_chat,opponent_none,episode_00009,Success,1
1548,codenames,longterm_langchain_clp_chat,opponent_none,episode_00009,Game ended through assassin,0
1549,codenames,longterm_langchain_clp_chat,opponent_none,episode_00009,Episode Recall,1.0
1550,codenames,longterm_langchain_clp_chat,opponent_none,episode_00009,Episode Negative Recall,0.562
1551,codenames,longterm_langchain_clp_chat,opponent_none,episode_00009,Number of turns,9
1552,codenames,longterm_langchain_clp_chat,opponent_none,episode_00009,Efficiency,1
1553,codenames,longterm_langchain_clp_chat,opponent_none,episode_00009,Request Count,16
1554,codenames,longterm_langchain_clp_chat,opponent_none,episode_00009,Parsed Request Count,16
1555,codenames,longterm_langchain_clp_chat,opponent_none,episode_00009,Violated Request Count,0
1556,codenames,longterm_langchain_clp_chat,opponent_none,episode_00009,Request Success Ratio,1.0
1557,codenames,longterm_langchain_clp_chat,opponent_none,episode_00009,Main Score,100
1558,codenames,longterm_langchain_clp_chat,opponent_none,episode_00010,experiment variable,Opponent Difficulty
1559,codenames,longterm_langchain_clp_chat,opponent_none,episode_00010,experiment name,opponent_none
1560,codenames,longterm_langchain_clp_chat,opponent_none,episode_00010,Cluegiver strip words,0
1561,codenames,longterm_langchain_clp_chat,opponent_none,episode_00010,Guesser strip words,0
1562,codenames,longterm_langchain_clp_chat,opponent_none,episode_00010,Average Cluegiver Number of Targets,4.5
1563,codenames,longterm_langchain_clp_chat,opponent_none,episode_00010,Average Cluegiver Team Precision,0.5
1564,codenames,longterm_langchain_clp_chat,opponent_none,episode_00010,Average Cluegiver Team Recall,0.5
1565,codenames,longterm_langchain_clp_chat,opponent_none,episode_00010,Average Cluegiver Team F1,0.5
1566,codenames,longterm_langchain_clp_chat,opponent_none,episode_00010,Average Guesser Number of Guesses,4.5
1567,codenames,longterm_langchain_clp_chat,opponent_none,episode_00010,Average Guesser Number of Revealed Words,1
1568,codenames,longterm_langchain_clp_chat,opponent_none,episode_00010,Average Guesser Number of Unrevealed Guesses,3.5
1569,codenames,longterm_langchain_clp_chat,opponent_none,episode_00010,Average Guesser Target Precision,0.25
1570,codenames,longterm_langchain_clp_chat,opponent_none,episode_00010,Average Guesser Target Recall,0.056
1571,codenames,longterm_langchain_clp_chat,opponent_none,episode_00010,Average Guesser Target F1,0.091
1572,codenames,longterm_langchain_clp_chat,opponent_none,episode_00010,Average Guesser Team Precision,0.25
1573,codenames,longterm_langchain_clp_chat,opponent_none,episode_00010,Average Guesser Team Recall,0.056
1574,codenames,longterm_langchain_clp_chat,opponent_none,episode_00010,Average Guesser Team F1,0.091
1575,codenames,longterm_langchain_clp_chat,opponent_none,episode_00010,Aborted,1
1576,codenames,longterm_langchain_clp_chat,opponent_none,episode_00010,Lose,0
1577,codenames,longterm_langchain_clp_chat,opponent_none,episode_00010,Success,0
1578,codenames,longterm_langchain_clp_chat,opponent_none,episode_00010,Game ended through assassin,0
1579,codenames,longterm_langchain_clp_chat,opponent_none,episode_00010,Episode Recall,0.111
1580,codenames,longterm_langchain_clp_chat,opponent_none,episode_00010,Episode Negative Recall,0.938
1581,codenames,longterm_langchain_clp_chat,opponent_none,episode_00010,Number of turns,2
1582,codenames,longterm_langchain_clp_chat,opponent_none,episode_00010,Efficiency,1
1583,codenames,longterm_langchain_clp_chat,opponent_none,episode_00010,Request Count,3
1584,codenames,longterm_langchain_clp_chat,opponent_none,episode_00010,Parsed Request Count,2
1585,codenames,longterm_langchain_clp_chat,opponent_none,episode_00010,Violated Request Count,1
1586,codenames,longterm_langchain_clp_chat,opponent_none,episode_00010,Request Success Ratio,0.667
1587,codenames,longterm_langchain_clp_chat,opponent_none,episode_00010,Main Score,
1588,codenames,longterm_langchain_clp_chat,risk_high,episode_00003,experiment variable,Risk
1589,codenames,longterm_langchain_clp_chat,risk_high,episode_00003,experiment name,risk_high
1590,codenames,longterm_langchain_clp_chat,risk_high,episode_00003,Cluegiver strip words,0
1591,codenames,longterm_langchain_clp_chat,risk_high,episode_00003,Guesser strip words,0
1592,codenames,longterm_langchain_clp_chat,risk_high,episode_00003,Average Cluegiver Number of Targets,7.5
1593,codenames,longterm_langchain_clp_chat,risk_high,episode_00003,Average Cluegiver Team Precision,1.0
1594,codenames,longterm_langchain_clp_chat,risk_high,episode_00003,Average Cluegiver Team Recall,1.0
1595,codenames,longterm_langchain_clp_chat,risk_high,episode_00003,Average Cluegiver Team F1,1.0
1596,codenames,longterm_langchain_clp_chat,risk_high,episode_00003,Average Guesser Number of Guesses,4.5
1597,codenames,longterm_langchain_clp_chat,risk_high,episode_00003,Average Guesser Number of Revealed Words,2
1598,codenames,longterm_langchain_clp_chat,risk_high,episode_00003,Average Guesser Number of Unrevealed Guesses,2.5
1599,codenames,longterm_langchain_clp_chat,risk_high,episode_00003,Average Guesser Target Precision,0.375
1600,codenames,longterm_langchain_clp_chat,risk_high,episode_00003,Average Guesser Target Recall,0.167
1601,codenames,longterm_langchain_clp_chat,risk_high,episode_00003,Average Guesser Target F1,0.231
1602,codenames,longterm_langchain_clp_chat,risk_high,episode_00003,Average Guesser Team Precision,0.375
1603,codenames,longterm_langchain_clp_chat,risk_high,episode_00003,Average Guesser Team Recall,0.167
1604,codenames,longterm_langchain_clp_chat,risk_high,episode_00003,Average Guesser Team F1,0.231
1605,codenames,longterm_langchain_clp_chat,risk_high,episode_00003,Aborted,1
1606,codenames,longterm_langchain_clp_chat,risk_high,episode_00003,Lose,0
1607,codenames,longterm_langchain_clp_chat,risk_high,episode_00003,Success,0
1608,codenames,longterm_langchain_clp_chat,risk_high,episode_00003,Game ended through assassin,0
1609,codenames,longterm_langchain_clp_chat,risk_high,episode_00003,Episode Recall,0.333
1610,codenames,longterm_langchain_clp_chat,risk_high,episode_00003,Episode Negative Recall,0.938
1611,codenames,longterm_langchain_clp_chat,risk_high,episode_00003,Number of turns,3
1612,codenames,longterm_langchain_clp_chat,risk_high,episode_00003,Efficiency,1
1613,codenames,longterm_langchain_clp_chat,risk_high,episode_00003,Request Count,4
1614,codenames,longterm_langchain_clp_chat,risk_high,episode_00003,Parsed Request Count,3
1615,codenames,longterm_langchain_clp_chat,risk_high,episode_00003,Violated Request Count,1
1616,codenames,longterm_langchain_clp_chat,risk_high,episode_00003,Request Success Ratio,0.75
1617,codenames,longterm_langchain_clp_chat,risk_high,episode_00003,Main Score,
1618,codenames,longterm_langchain_clp_chat,risk_high,episode_00004,experiment variable,Risk
1619,codenames,longterm_langchain_clp_chat,risk_high,episode_00004,experiment name,risk_high
1620,codenames,longterm_langchain_clp_chat,risk_high,episode_00004,Cluegiver strip words,0
1621,codenames,longterm_langchain_clp_chat,risk_high,episode_00004,Guesser strip words,0
1622,codenames,longterm_langchain_clp_chat,risk_high,episode_00004,Average Cluegiver Number of Targets,9
1623,codenames,longterm_langchain_clp_chat,risk_high,episode_00004,Average Cluegiver Team Precision,1.0
1624,codenames,longterm_langchain_clp_chat,risk_high,episode_00004,Average Cluegiver Team Recall,1.0
1625,codenames,longterm_langchain_clp_chat,risk_high,episode_00004,Average Cluegiver Team F1,1.0
1626,codenames,longterm_langchain_clp_chat,risk_high,episode_00004,Average Guesser Number of Guesses,9
1627,codenames,longterm_langchain_clp_chat,risk_high,episode_00004,Average Guesser Number of Revealed Words,1
1628,codenames,longterm_langchain_clp_chat,risk_high,episode_00004,Average Guesser Number of Unrevealed Guesses,8
1629,codenames,longterm_langchain_clp_chat,risk_high,episode_00004,Average Guesser Target Precision,0.0
1630,codenames,longterm_langchain_clp_chat,risk_high,episode_00004,Average Guesser Target Recall,0.0
1631,codenames,longterm_langchain_clp_chat,risk_high,episode_00004,Average Guesser Target F1,0
1632,codenames,longterm_langchain_clp_chat,risk_high,episode_00004,Average Guesser Team Precision,0.0
1633,codenames,longterm_langchain_clp_chat,risk_high,episode_00004,Average Guesser Team Recall,0.0
1634,codenames,longterm_langchain_clp_chat,risk_high,episode_00004,Average Guesser Team F1,0
1635,codenames,longterm_langchain_clp_chat,risk_high,episode_00004,Aborted,0
1636,codenames,longterm_langchain_clp_chat,risk_high,episode_00004,Lose,1
1637,codenames,longterm_langchain_clp_chat,risk_high,episode_00004,Success,0
1638,codenames,longterm_langchain_clp_chat,risk_high,episode_00004,Game ended through assassin,1
1639,codenames,longterm_langchain_clp_chat,risk_high,episode_00004,Episode Recall,0.0
1640,codenames,longterm_langchain_clp_chat,risk_high,episode_00004,Episode Negative Recall,0.938
1641,codenames,longterm_langchain_clp_chat,risk_high,episode_00004,Number of turns,2
1642,codenames,longterm_langchain_clp_chat,risk_high,episode_00004,Efficiency,1
1643,codenames,longterm_langchain_clp_chat,risk_high,episode_00004,Request Count,2
1644,codenames,longterm_langchain_clp_chat,risk_high,episode_00004,Parsed Request Count,2
1645,codenames,longterm_langchain_clp_chat,risk_high,episode_00004,Violated Request Count,0
1646,codenames,longterm_langchain_clp_chat,risk_high,episode_00004,Request Success Ratio,1.0
1647,codenames,longterm_langchain_clp_chat,risk_high,episode_00004,Main Score,0
1648,codenames,longterm_langchain_clp_chat,risk_low,episode_00001,experiment variable,Risk
1649,codenames,longterm_langchain_clp_chat,risk_low,episode_00001,experiment name,risk_low
1650,codenames,longterm_langchain_clp_chat,risk_low,episode_00001,Cluegiver strip words,0
1651,codenames,longterm_langchain_clp_chat,risk_low,episode_00001,Guesser strip words,0
1652,codenames,longterm_langchain_clp_chat,risk_low,episode_00001,Average Cluegiver Number of Targets,5.667
1653,codenames,longterm_langchain_clp_chat,risk_low,episode_00001,Average Cluegiver Team Precision,0.667
1654,codenames,longterm_langchain_clp_chat,risk_low,episode_00001,Average Cluegiver Team Recall,0.667
1655,codenames,longterm_langchain_clp_chat,risk_low,episode_00001,Average Cluegiver Team F1,0.667
1656,codenames,longterm_langchain_clp_chat,risk_low,episode_00001,Average Guesser Number of Guesses,5.667
1657,codenames,longterm_langchain_clp_chat,risk_low,episode_00001,Average Guesser Number of Revealed Words,1.667
1658,codenames,longterm_langchain_clp_chat,risk_low,episode_00001,Average Guesser Number of Unrevealed Guesses,4
1659,codenames,longterm_langchain_clp_chat,risk_low,episode_00001,Average Guesser Target Precision,0.389
1660,codenames,longterm_langchain_clp_chat,risk_low,episode_00001,Average Guesser Target Recall,0.12
1661,codenames,longterm_langchain_clp_chat,risk_low,episode_00001,Average Guesser Target F1,0.182
1662,codenames,longterm_langchain_clp_chat,risk_low,episode_00001,Average Guesser Team Precision,0.389
1663,codenames,longterm_langchain_clp_chat,risk_low,episode_00001,Average Guesser Team Recall,0.12
1664,codenames,longterm_langchain_clp_chat,risk_low,episode_00001,Average Guesser Team F1,0.182
1665,codenames,longterm_langchain_clp_chat,risk_low,episode_00001,Aborted,1
1666,codenames,longterm_langchain_clp_chat,risk_low,episode_00001,Lose,0
1667,codenames,longterm_langchain_clp_chat,risk_low,episode_00001,Success,0
1668,codenames,longterm_langchain_clp_chat,risk_low,episode_00001,Game ended through assassin,0
1669,codenames,longterm_langchain_clp_chat,risk_low,episode_00001,Episode Recall,0.333
1670,codenames,longterm_langchain_clp_chat,risk_low,episode_00001,Episode Negative Recall,0.875
1671,codenames,longterm_langchain_clp_chat,risk_low,episode_00001,Number of turns,3
1672,codenames,longterm_langchain_clp_chat,risk_low,episode_00001,Efficiency,1
1673,codenames,longterm_langchain_clp_chat,risk_low,episode_00001,Request Count,5
1674,codenames,longterm_langchain_clp_chat,risk_low,episode_00001,Parsed Request Count,4
1675,codenames,longterm_langchain_clp_chat,risk_low,episode_00001,Violated Request Count,1
1676,codenames,longterm_langchain_clp_chat,risk_low,episode_00001,Request Success Ratio,0.8
1677,codenames,longterm_langchain_clp_chat,risk_low,episode_00001,Main Score,
1678,codenames,longterm_langchain_clp_chat,risk_low,episode_00002,experiment variable,Risk
1679,codenames,longterm_langchain_clp_chat,risk_low,episode_00002,experiment name,risk_low
1680,codenames,longterm_langchain_clp_chat,risk_low,episode_00002,Cluegiver strip words,0
1681,codenames,longterm_langchain_clp_chat,risk_low,episode_00002,Guesser strip words,0
1682,codenames,longterm_langchain_clp_chat,risk_low,episode_00002,Average Cluegiver Number of Targets,3.5
1683,codenames,longterm_langchain_clp_chat,risk_low,episode_00002,Average Cluegiver Team Precision,1.0
1684,codenames,longterm_langchain_clp_chat,risk_low,episode_00002,Average Cluegiver Team Recall,0.863
1685,codenames,longterm_langchain_clp_chat,risk_low,episode_00002,Average Cluegiver Team F1,0.916
1686,codenames,longterm_langchain_clp_chat,risk_low,episode_00002,Average Guesser Number of Guesses,3.375
1687,codenames,longterm_langchain_clp_chat,risk_low,episode_00002,Average Guesser Number of Revealed Words,1.875
1688,codenames,longterm_langchain_clp_chat,risk_low,episode_00002,Average Guesser Number of Unrevealed Guesses,1.5
1689,codenames,longterm_langchain_clp_chat,risk_low,episode_00002,Average Guesser Target Precision,0.417
1690,codenames,longterm_langchain_clp_chat,risk_low,episode_00002,Average Guesser Target Recall,0.271
1691,codenames,longterm_langchain_clp_chat,risk_low,episode_00002,Average Guesser Target F1,0.323
1692,codenames,longterm_langchain_clp_chat,risk_low,episode_00002,Average Guesser Team Precision,0.417
1693,codenames,longterm_langchain_clp_chat,risk_low,episode_00002,Average Guesser Team Recall,0.223
1694,codenames,longterm_langchain_clp_chat,risk_low,episode_00002,Average Guesser Team F1,0.279
1695,codenames,longterm_langchain_clp_chat,risk_low,episode_00002,Aborted,0
1696,codenames,longterm_langchain_clp_chat,risk_low,episode_00002,Lose,1
1697,codenames,longterm_langchain_clp_chat,risk_low,episode_00002,Success,0
1698,codenames,longterm_langchain_clp_chat,risk_low,episode_00002,Game ended through assassin,0
1699,codenames,longterm_langchain_clp_chat,risk_low,episode_00002,Episode Recall,0.889
1700,codenames,longterm_langchain_clp_chat,risk_low,episode_00002,Episode Negative Recall,0.562
1701,codenames,longterm_langchain_clp_chat,risk_low,episode_00002,Number of turns,8
1702,codenames,longterm_langchain_clp_chat,risk_low,episode_00002,Efficiency,1
1703,codenames,longterm_langchain_clp_chat,risk_low,episode_00002,Request Count,15
1704,codenames,longterm_langchain_clp_chat,risk_low,episode_00002,Parsed Request Count,15
1705,codenames,longterm_langchain_clp_chat,risk_low,episode_00002,Violated Request Count,0
1706,codenames,longterm_langchain_clp_chat,risk_low,episode_00002,Request Success Ratio,1.0
1707,codenames,longterm_langchain_clp_chat,risk_low,episode_00002,Main Score,0
1708,codenames,longterm_langchain_clp_chat,unambiguous,episode_00019,experiment variable,Word Ambiguity
1709,codenames,longterm_langchain_clp_chat,unambiguous,episode_00019,experiment name,unambiguous
1710,codenames,longterm_langchain_clp_chat,unambiguous,episode_00019,Cluegiver strip words,0
1711,codenames,longterm_langchain_clp_chat,unambiguous,episode_00019,Guesser strip words,0
1712,codenames,longterm_langchain_clp_chat,unambiguous,episode_00019,Average Cluegiver Number of Targets,3.333
1713,codenames,longterm_langchain_clp_chat,unambiguous,episode_00019,Average Cluegiver Team Precision,1.0
1714,codenames,longterm_langchain_clp_chat,unambiguous,episode_00019,Average Cluegiver Team Recall,0.826
1715,codenames,longterm_langchain_clp_chat,unambiguous,episode_00019,Average Cluegiver Team F1,0.889
1716,codenames,longterm_langchain_clp_chat,unambiguous,episode_00019,Average Guesser Number of Guesses,3.167
1717,codenames,longterm_langchain_clp_chat,unambiguous,episode_00019,Average Guesser Number of Revealed Words,2.167
1718,codenames,longterm_langchain_clp_chat,unambiguous,episode_00019,Average Guesser Number of Unrevealed Guesses,1
1719,codenames,longterm_langchain_clp_chat,unambiguous,episode_00019,Average Guesser Target Precision,0.5
1720,codenames,longterm_langchain_clp_chat,unambiguous,episode_00019,Average Guesser Target Recall,0.358
1721,codenames,longterm_langchain_clp_chat,unambiguous,episode_00019,Average Guesser Target F1,0.412
1722,codenames,longterm_langchain_clp_chat,unambiguous,episode_00019,Average Guesser Team Precision,0.5
1723,codenames,longterm_langchain_clp_chat,unambiguous,episode_00019,Average Guesser Team Recall,0.285
1724,codenames,longterm_langchain_clp_chat,unambiguous,episode_00019,Average Guesser Team F1,0.348
1725,codenames,longterm_langchain_clp_chat,unambiguous,episode_00019,Aborted,0
1726,codenames,longterm_langchain_clp_chat,unambiguous,episode_00019,Lose,1
1727,codenames,longterm_langchain_clp_chat,unambiguous,episode_00019,Success,0
1728,codenames,longterm_langchain_clp_chat,unambiguous,episode_00019,Game ended through assassin,0
1729,codenames,longterm_langchain_clp_chat,unambiguous,episode_00019,Episode Recall,0.889
1730,codenames,longterm_langchain_clp_chat,unambiguous,episode_00019,Episode Negative Recall,0.688
1731,codenames,longterm_langchain_clp_chat,unambiguous,episode_00019,Number of turns,6
1732,codenames,longterm_langchain_clp_chat,unambiguous,episode_00019,Efficiency,1
1733,codenames,longterm_langchain_clp_chat,unambiguous,episode_00019,Request Count,11
1734,codenames,longterm_langchain_clp_chat,unambiguous,episode_00019,Parsed Request Count,11
1735,codenames,longterm_langchain_clp_chat,unambiguous,episode_00019,Violated Request Count,0
1736,codenames,longterm_langchain_clp_chat,unambiguous,episode_00019,Request Success Ratio,1.0
1737,codenames,longterm_langchain_clp_chat,unambiguous,episode_00019,Main Score,0
1738,codenames,longterm_langchain_clp_chat,unambiguous,episode_00020,experiment variable,Word Ambiguity
1739,codenames,longterm_langchain_clp_chat,unambiguous,episode_00020,experiment name,unambiguous
1740,codenames,longterm_langchain_clp_chat,unambiguous,episode_00020,Cluegiver strip words,0
1741,codenames,longterm_langchain_clp_chat,unambiguous,episode_00020,Guesser strip words,0
1742,codenames,longterm_langchain_clp_chat,unambiguous,episode_00020,Average Cluegiver Number of Targets,5
1743,codenames,longterm_langchain_clp_chat,unambiguous,episode_00020,Average Cluegiver Team Precision,1.0
1744,codenames,longterm_langchain_clp_chat,unambiguous,episode_00020,Average Cluegiver Team Recall,0.748
1745,codenames,longterm_langchain_clp_chat,unambiguous,episode_00020,Average Cluegiver Team F1,0.843
1746,codenames,longterm_langchain_clp_chat,unambiguous,episode_00020,Average Guesser Number of Guesses,4
1747,codenames,longterm_langchain_clp_chat,unambiguous,episode_00020,Average Guesser Number of Revealed Words,1.6
1748,codenames,longterm_langchain_clp_chat,unambiguous,episode_00020,Average Guesser Number of Unrevealed Guesses,2.4
1749,codenames,longterm_langchain_clp_chat,unambiguous,episode_00020,Average Guesser Target Precision,0.4
1750,codenames,longterm_langchain_clp_chat,unambiguous,episode_00020,Average Guesser Target Recall,0.163
1751,codenames,longterm_langchain_clp_chat,unambiguous,episode_00020,Average Guesser Target F1,0.231
1752,codenames,longterm_langchain_clp_chat,unambiguous,episode_00020,Average Guesser Team Precision,0.4
1753,codenames,longterm_langchain_clp_chat,unambiguous,episode_00020,Average Guesser Team Recall,0.109
1754,codenames,longterm_langchain_clp_chat,unambiguous,episode_00020,Average Guesser Team F1,0.171
1755,codenames,longterm_langchain_clp_chat,unambiguous,episode_00020,Aborted,0
1756,codenames,longterm_langchain_clp_chat,unambiguous,episode_00020,Lose,1
1757,codenames,longterm_langchain_clp_chat,unambiguous,episode_00020,Success,0
1758,codenames,longterm_langchain_clp_chat,unambiguous,episode_00020,Game ended through assassin,0
1759,codenames,longterm_langchain_clp_chat,unambiguous,episode_00020,Episode Recall,0.444
1760,codenames,longterm_langchain_clp_chat,unambiguous,episode_00020,Episode Negative Recall,0.75
1761,codenames,longterm_langchain_clp_chat,unambiguous,episode_00020,Number of turns,5
1762,codenames,longterm_langchain_clp_chat,unambiguous,episode_00020,Efficiency,1
1763,codenames,longterm_langchain_clp_chat,unambiguous,episode_00020,Request Count,9
1764,codenames,longterm_langchain_clp_chat,unambiguous,episode_00020,Parsed Request Count,9
1765,codenames,longterm_langchain_clp_chat,unambiguous,episode_00020,Violated Request Count,0
1766,codenames,longterm_langchain_clp_chat,unambiguous,episode_00020,Request Success Ratio,1.0
1767,codenames,longterm_langchain_clp_chat,unambiguous,episode_00020,Main Score,0
1768,dond,longterm_langchain_clp_chat,coop_en,episode_00001,Request Count,2
1769,dond,longterm_langchain_clp_chat,coop_en,episode_00001,Parsed Request Count,2
1770,dond,longterm_langchain_clp_chat,coop_en,episode_00001,Violated Request Count,0
1771,dond,longterm_langchain_clp_chat,coop_en,episode_00001,Request Success Ratio,1.0
1772,dond,longterm_langchain_clp_chat,coop_en,episode_00001,Aborted,1
1773,dond,longterm_langchain_clp_chat,coop_en,episode_00001,Lose,0
1774,dond,longterm_langchain_clp_chat,coop_en,episode_00001,Success,0
1775,dond,longterm_langchain_clp_chat,coop_en,episode_00001,Main Score,
1776,dond,longterm_langchain_clp_chat,coop_en,episode_00002,Request Count,2
1777,dond,longterm_langchain_clp_chat,coop_en,episode_00002,Parsed Request Count,2
1778,dond,longterm_langchain_clp_chat,coop_en,episode_00002,Violated Request Count,0
1779,dond,longterm_langchain_clp_chat,coop_en,episode_00002,Request Success Ratio,1.0
1780,dond,longterm_langchain_clp_chat,coop_en,episode_00002,Aborted,0
1781,dond,longterm_langchain_clp_chat,coop_en,episode_00002,Lose,1
1782,dond,longterm_langchain_clp_chat,coop_en,episode_00002,Success,0
1783,dond,longterm_langchain_clp_chat,coop_en,episode_00002,Main Score,0.0
1784,dond,longterm_langchain_clp_chat,coop_en,episode_00002,Sum of Points,0.0
1785,dond,longterm_langchain_clp_chat,coop_en,episode_00002,Pareto Optimal,0
1786,dond,longterm_langchain_clp_chat,coop_en,episode_00003,Request Count,5
1787,dond,longterm_langchain_clp_chat,coop_en,episode_00003,Parsed Request Count,5
1788,dond,longterm_langchain_clp_chat,coop_en,episode_00003,Violated Request Count,0
1789,dond,longterm_langchain_clp_chat,coop_en,episode_00003,Request Success Ratio,1.0
1790,dond,longterm_langchain_clp_chat,coop_en,episode_00003,Aborted,0
1791,dond,longterm_langchain_clp_chat,coop_en,episode_00003,Lose,1
1792,dond,longterm_langchain_clp_chat,coop_en,episode_00003,Success,0
1793,dond,longterm_langchain_clp_chat,coop_en,episode_00003,Main Score,0.0
1794,dond,longterm_langchain_clp_chat,coop_en,episode_00003,Sum of Points,0.0
1795,dond,longterm_langchain_clp_chat,coop_en,episode_00003,Pareto Optimal,0
1796,dond,longterm_langchain_clp_chat,coop_en,episode_00004,Request Count,3
1797,dond,longterm_langchain_clp_chat,coop_en,episode_00004,Parsed Request Count,3
1798,dond,longterm_langchain_clp_chat,coop_en,episode_00004,Violated Request Count,0
1799,dond,longterm_langchain_clp_chat,coop_en,episode_00004,Request Success Ratio,1.0
1800,dond,longterm_langchain_clp_chat,coop_en,episode_00004,Aborted,0
1801,dond,longterm_langchain_clp_chat,coop_en,episode_00004,Lose,1
1802,dond,longterm_langchain_clp_chat,coop_en,episode_00004,Success,0
1803,dond,longterm_langchain_clp_chat,coop_en,episode_00004,Main Score,0.0
1804,dond,longterm_langchain_clp_chat,coop_en,episode_00004,Sum of Points,0.0
1805,dond,longterm_langchain_clp_chat,coop_en,episode_00004,Pareto Optimal,0
1806,dond,longterm_langchain_clp_chat,coop_en,episode_00005,Request Count,3
1807,dond,longterm_langchain_clp_chat,coop_en,episode_00005,Parsed Request Count,3
1808,dond,longterm_langchain_clp_chat,coop_en,episode_00005,Violated Request Count,0
1809,dond,longterm_langchain_clp_chat,coop_en,episode_00005,Request Success Ratio,1.0
1810,dond,longterm_langchain_clp_chat,coop_en,episode_00005,Aborted,0
1811,dond,longterm_langchain_clp_chat,coop_en,episode_00005,Lose,1
1812,dond,longterm_langchain_clp_chat,coop_en,episode_00005,Success,0
1813,dond,longterm_langchain_clp_chat,coop_en,episode_00005,Main Score,0.0
1814,dond,longterm_langchain_clp_chat,coop_en,episode_00005,Sum of Points,0.0
1815,dond,longterm_langchain_clp_chat,coop_en,episode_00005,Pareto Optimal,0
1816,dond,longterm_langchain_clp_chat,coop_en,episode_00006,Request Count,9
1817,dond,longterm_langchain_clp_chat,coop_en,episode_00006,Parsed Request Count,9
1818,dond,longterm_langchain_clp_chat,coop_en,episode_00006,Violated Request Count,0
1819,dond,longterm_langchain_clp_chat,coop_en,episode_00006,Request Success Ratio,1.0
1820,dond,longterm_langchain_clp_chat,coop_en,episode_00006,Aborted,0
1821,dond,longterm_langchain_clp_chat,coop_en,episode_00006,Lose,1
1822,dond,longterm_langchain_clp_chat,coop_en,episode_00006,Success,0
1823,dond,longterm_langchain_clp_chat,coop_en,episode_00006,Main Score,0.0
1824,dond,longterm_langchain_clp_chat,coop_en,episode_00006,Sum of Points,0.0
1825,dond,longterm_langchain_clp_chat,coop_en,episode_00006,Pareto Optimal,0
1826,dond,longterm_langchain_clp_chat,coop_en,episode_00007,Request Count,3
1827,dond,longterm_langchain_clp_chat,coop_en,episode_00007,Parsed Request Count,3
1828,dond,longterm_langchain_clp_chat,coop_en,episode_00007,Violated Request Count,0
1829,dond,longterm_langchain_clp_chat,coop_en,episode_00007,Request Success Ratio,1.0
1830,dond,longterm_langchain_clp_chat,coop_en,episode_00007,Aborted,0
1831,dond,longterm_langchain_clp_chat,coop_en,episode_00007,Lose,1
1832,dond,longterm_langchain_clp_chat,coop_en,episode_00007,Success,0
1833,dond,longterm_langchain_clp_chat,coop_en,episode_00007,Main Score,0.0
1834,dond,longterm_langchain_clp_chat,coop_en,episode_00007,Sum of Points,0.0
1835,dond,longterm_langchain_clp_chat,coop_en,episode_00007,Pareto Optimal,0
1836,dond,longterm_langchain_clp_chat,coop_en,episode_00008,Request Count,5
1837,dond,longterm_langchain_clp_chat,coop_en,episode_00008,Parsed Request Count,5
1838,dond,longterm_langchain_clp_chat,coop_en,episode_00008,Violated Request Count,0
1839,dond,longterm_langchain_clp_chat,coop_en,episode_00008,Request Success Ratio,1.0
1840,dond,longterm_langchain_clp_chat,coop_en,episode_00008,Aborted,0
1841,dond,longterm_langchain_clp_chat,coop_en,episode_00008,Lose,0
1842,dond,longterm_langchain_clp_chat,coop_en,episode_00008,Success,1
1843,dond,longterm_langchain_clp_chat,coop_en,episode_00008,Main Score,100.0
1844,dond,longterm_langchain_clp_chat,coop_en,episode_00008,Sum of Points,1.0
1845,dond,longterm_langchain_clp_chat,coop_en,episode_00008,Pareto Optimal,1
1846,dond,longterm_langchain_clp_chat,coop_en,episode_00009,Request Count,3
1847,dond,longterm_langchain_clp_chat,coop_en,episode_00009,Parsed Request Count,3
1848,dond,longterm_langchain_clp_chat,coop_en,episode_00009,Violated Request Count,0
1849,dond,longterm_langchain_clp_chat,coop_en,episode_00009,Request Success Ratio,1.0
1850,dond,longterm_langchain_clp_chat,coop_en,episode_00009,Aborted,0
1851,dond,longterm_langchain_clp_chat,coop_en,episode_00009,Lose,1
1852,dond,longterm_langchain_clp_chat,coop_en,episode_00009,Success,0
1853,dond,longterm_langchain_clp_chat,coop_en,episode_00009,Main Score,0.0
1854,dond,longterm_langchain_clp_chat,coop_en,episode_00009,Sum of Points,0.0
1855,dond,longterm_langchain_clp_chat,coop_en,episode_00009,Pareto Optimal,0
1856,dond,longterm_langchain_clp_chat,coop_en,episode_00010,Request Count,5
1857,dond,longterm_langchain_clp_chat,coop_en,episode_00010,Parsed Request Count,5
1858,dond,longterm_langchain_clp_chat,coop_en,episode_00010,Violated Request Count,0
1859,dond,longterm_langchain_clp_chat,coop_en,episode_00010,Request Success Ratio,1.0
1860,dond,longterm_langchain_clp_chat,coop_en,episode_00010,Aborted,0
1861,dond,longterm_langchain_clp_chat,coop_en,episode_00010,Lose,1
1862,dond,longterm_langchain_clp_chat,coop_en,episode_00010,Success,0
1863,dond,longterm_langchain_clp_chat,coop_en,episode_00010,Main Score,0.0
1864,dond,longterm_langchain_clp_chat,coop_en,episode_00010,Sum of Points,0.0
1865,dond,longterm_langchain_clp_chat,coop_en,episode_00010,Pareto Optimal,0
1866,dond,longterm_langchain_clp_chat,semi_en,episode_00011,Request Count,3
1867,dond,longterm_langchain_clp_chat,semi_en,episode_00011,Parsed Request Count,3
1868,dond,longterm_langchain_clp_chat,semi_en,episode_00011,Violated Request Count,0
1869,dond,longterm_langchain_clp_chat,semi_en,episode_00011,Request Success Ratio,1.0
1870,dond,longterm_langchain_clp_chat,semi_en,episode_00011,Aborted,0
1871,dond,longterm_langchain_clp_chat,semi_en,episode_00011,Lose,1
1872,dond,longterm_langchain_clp_chat,semi_en,episode_00011,Success,0
1873,dond,longterm_langchain_clp_chat,semi_en,episode_00011,Main Score,0.0
1874,dond,longterm_langchain_clp_chat,semi_en,episode_00011,Sum of Points,0.0
1875,dond,longterm_langchain_clp_chat,semi_en,episode_00011,Pareto Optimal,0
1876,dond,longterm_langchain_clp_chat,semi_en,episode_00012,Request Count,2
1877,dond,longterm_langchain_clp_chat,semi_en,episode_00012,Parsed Request Count,2
1878,dond,longterm_langchain_clp_chat,semi_en,episode_00012,Violated Request Count,0
1879,dond,longterm_langchain_clp_chat,semi_en,episode_00012,Request Success Ratio,1.0
1880,dond,longterm_langchain_clp_chat,semi_en,episode_00012,Aborted,0
1881,dond,longterm_langchain_clp_chat,semi_en,episode_00012,Lose,0
1882,dond,longterm_langchain_clp_chat,semi_en,episode_00012,Success,1
1883,dond,longterm_langchain_clp_chat,semi_en,episode_00012,Main Score,80.0
1884,dond,longterm_langchain_clp_chat,semi_en,episode_00012,Sum of Points,0.8125
1885,dond,longterm_langchain_clp_chat,semi_en,episode_00012,Pareto Optimal,0
1886,dond,longterm_langchain_clp_chat,semi_en,episode_00013,Request Count,2
1887,dond,longterm_langchain_clp_chat,semi_en,episode_00013,Parsed Request Count,2
1888,dond,longterm_langchain_clp_chat,semi_en,episode_00013,Violated Request Count,0
1889,dond,longterm_langchain_clp_chat,semi_en,episode_00013,Request Success Ratio,1.0
1890,dond,longterm_langchain_clp_chat,semi_en,episode_00013,Aborted,0
1891,dond,longterm_langchain_clp_chat,semi_en,episode_00013,Lose,1
1892,dond,longterm_langchain_clp_chat,semi_en,episode_00013,Success,0
1893,dond,longterm_langchain_clp_chat,semi_en,episode_00013,Main Score,0.0
1894,dond,longterm_langchain_clp_chat,semi_en,episode_00013,Sum of Points,0.0
1895,dond,longterm_langchain_clp_chat,semi_en,episode_00013,Pareto Optimal,0
1896,dond,longterm_langchain_clp_chat,semi_en,episode_00014,Request Count,2
1897,dond,longterm_langchain_clp_chat,semi_en,episode_00014,Parsed Request Count,2
1898,dond,longterm_langchain_clp_chat,semi_en,episode_00014,Violated Request Count,0
1899,dond,longterm_langchain_clp_chat,semi_en,episode_00014,Request Success Ratio,1.0
1900,dond,longterm_langchain_clp_chat,semi_en,episode_00014,Aborted,0
1901,dond,longterm_langchain_clp_chat,semi_en,episode_00014,Lose,1
1902,dond,longterm_langchain_clp_chat,semi_en,episode_00014,Success,0
1903,dond,longterm_langchain_clp_chat,semi_en,episode_00014,Main Score,0.0
1904,dond,longterm_langchain_clp_chat,semi_en,episode_00014,Sum of Points,0.0
1905,dond,longterm_langchain_clp_chat,semi_en,episode_00014,Pareto Optimal,0
1906,dond,longterm_langchain_clp_chat,semi_en,episode_00015,Request Count,2
1907,dond,longterm_langchain_clp_chat,semi_en,episode_00015,Parsed Request Count,2
1908,dond,longterm_langchain_clp_chat,semi_en,episode_00015,Violated Request Count,0
1909,dond,longterm_langchain_clp_chat,semi_en,episode_00015,Request Success Ratio,1.0
1910,dond,longterm_langchain_clp_chat,semi_en,episode_00015,Aborted,0
1911,dond,longterm_langchain_clp_chat,semi_en,episode_00015,Lose,1
1912,dond,longterm_langchain_clp_chat,semi_en,episode_00015,Success,0
1913,dond,longterm_langchain_clp_chat,semi_en,episode_00015,Main Score,0.0
1914,dond,longterm_langchain_clp_chat,semi_en,episode_00015,Sum of Points,0.0
1915,dond,longterm_langchain_clp_chat,semi_en,episode_00015,Pareto Optimal,0
1916,dond,longterm_langchain_clp_chat,semi_en,episode_00016,Request Count,3
1917,dond,longterm_langchain_clp_chat,semi_en,episode_00016,Parsed Request Count,3
1918,dond,longterm_langchain_clp_chat,semi_en,episode_00016,Violated Request Count,0
1919,dond,longterm_langchain_clp_chat,semi_en,episode_00016,Request Success Ratio,1.0
1920,dond,longterm_langchain_clp_chat,semi_en,episode_00016,Aborted,1
1921,dond,longterm_langchain_clp_chat,semi_en,episode_00016,Lose,0
1922,dond,longterm_langchain_clp_chat,semi_en,episode_00016,Success,0
1923,dond,longterm_langchain_clp_chat,semi_en,episode_00016,Main Score,
1924,dond,longterm_langchain_clp_chat,semi_en,episode_00017,Request Count,2
1925,dond,longterm_langchain_clp_chat,semi_en,episode_00017,Parsed Request Count,2
1926,dond,longterm_langchain_clp_chat,semi_en,episode_00017,Violated Request Count,0
1927,dond,longterm_langchain_clp_chat,semi_en,episode_00017,Request Success Ratio,1.0
1928,dond,longterm_langchain_clp_chat,semi_en,episode_00017,Aborted,0
1929,dond,longterm_langchain_clp_chat,semi_en,episode_00017,Lose,1
1930,dond,longterm_langchain_clp_chat,semi_en,episode_00017,Success,0
1931,dond,longterm_langchain_clp_chat,semi_en,episode_00017,Main Score,0.0
1932,dond,longterm_langchain_clp_chat,semi_en,episode_00017,Sum of Points,0.0
1933,dond,longterm_langchain_clp_chat,semi_en,episode_00017,Pareto Optimal,0
1934,dond,longterm_langchain_clp_chat,semi_en,episode_00018,Request Count,2
1935,dond,longterm_langchain_clp_chat,semi_en,episode_00018,Parsed Request Count,2
1936,dond,longterm_langchain_clp_chat,semi_en,episode_00018,Violated Request Count,0
1937,dond,longterm_langchain_clp_chat,semi_en,episode_00018,Request Success Ratio,1.0
1938,dond,longterm_langchain_clp_chat,semi_en,episode_00018,Aborted,0
1939,dond,longterm_langchain_clp_chat,semi_en,episode_00018,Lose,0
1940,dond,longterm_langchain_clp_chat,semi_en,episode_00018,Success,1
1941,dond,longterm_langchain_clp_chat,semi_en,episode_00018,Main Score,100.0
1942,dond,longterm_langchain_clp_chat,semi_en,episode_00018,Sum of Points,1.0
1943,dond,longterm_langchain_clp_chat,semi_en,episode_00018,Pareto Optimal,1
1944,dond,longterm_langchain_clp_chat,semi_en,episode_00019,Request Count,2
1945,dond,longterm_langchain_clp_chat,semi_en,episode_00019,Parsed Request Count,2
1946,dond,longterm_langchain_clp_chat,semi_en,episode_00019,Violated Request Count,0
1947,dond,longterm_langchain_clp_chat,semi_en,episode_00019,Request Success Ratio,1.0
1948,dond,longterm_langchain_clp_chat,semi_en,episode_00019,Aborted,0
1949,dond,longterm_langchain_clp_chat,semi_en,episode_00019,Lose,1
1950,dond,longterm_langchain_clp_chat,semi_en,episode_00019,Success,0
1951,dond,longterm_langchain_clp_chat,semi_en,episode_00019,Main Score,0.0
1952,dond,longterm_langchain_clp_chat,semi_en,episode_00019,Sum of Points,0.0
1953,dond,longterm_langchain_clp_chat,semi_en,episode_00019,Pareto Optimal,0
1954,dond,longterm_langchain_clp_chat,semi_en,episode_00020,Request Count,4
1955,dond,longterm_langchain_clp_chat,semi_en,episode_00020,Parsed Request Count,4
1956,dond,longterm_langchain_clp_chat,semi_en,episode_00020,Violated Request Count,0
1957,dond,longterm_langchain_clp_chat,semi_en,episode_00020,Request Success Ratio,1.0
1958,dond,longterm_langchain_clp_chat,semi_en,episode_00020,Aborted,0
1959,dond,longterm_langchain_clp_chat,semi_en,episode_00020,Lose,1
1960,dond,longterm_langchain_clp_chat,semi_en,episode_00020,Success,0
1961,dond,longterm_langchain_clp_chat,semi_en,episode_00020,Main Score,0.0
1962,dond,longterm_langchain_clp_chat,semi_en,episode_00020,Sum of Points,0.0
1963,dond,longterm_langchain_clp_chat,semi_en,episode_00020,Pareto Optimal,0
1964,guesswhat,longterm_langchain_clp_chat,Abs_Level_1,episode_00013,Violated Request Count,1
1965,guesswhat,longterm_langchain_clp_chat,Abs_Level_1,episode_00013,Parsed Request Count,0
1966,guesswhat,longterm_langchain_clp_chat,Abs_Level_1,episode_00013,Request Count,1
1967,guesswhat,longterm_langchain_clp_chat,Abs_Level_1,episode_00013,Request Success Ratio,0.0
1968,guesswhat,longterm_langchain_clp_chat,Abs_Level_1,episode_00013,Aborted,1
1969,guesswhat,longterm_langchain_clp_chat,Abs_Level_1,episode_00013,Main Score,
1970,guesswhat,longterm_langchain_clp_chat,Abs_Level_1,episode_00013,Invalid format guesser response,1
1971,guesswhat,longterm_langchain_clp_chat,Abs_Level_1,episode_00013,Invalid format answerer response,0
1972,guesswhat,longterm_langchain_clp_chat,Abs_Level_1,episode_00013,Invalid content guesser response,0
1973,guesswhat,longterm_langchain_clp_chat,Abs_Level_1,episode_00013,Invalid content answerer response,0
1974,guesswhat,longterm_langchain_clp_chat,Abs_Level_1,episode_00014,Violated Request Count,1
1975,guesswhat,longterm_langchain_clp_chat,Abs_Level_1,episode_00014,Parsed Request Count,0
1976,guesswhat,longterm_langchain_clp_chat,Abs_Level_1,episode_00014,Request Count,1
1977,guesswhat,longterm_langchain_clp_chat,Abs_Level_1,episode_00014,Request Success Ratio,0.0
1978,guesswhat,longterm_langchain_clp_chat,Abs_Level_1,episode_00014,Aborted,1
1979,guesswhat,longterm_langchain_clp_chat,Abs_Level_1,episode_00014,Main Score,
1980,guesswhat,longterm_langchain_clp_chat,Abs_Level_1,episode_00014,Invalid format guesser response,1
1981,guesswhat,longterm_langchain_clp_chat,Abs_Level_1,episode_00014,Invalid format answerer response,0
1982,guesswhat,longterm_langchain_clp_chat,Abs_Level_1,episode_00014,Invalid content guesser response,0
1983,guesswhat,longterm_langchain_clp_chat,Abs_Level_1,episode_00014,Invalid content answerer response,0
1984,guesswhat,longterm_langchain_clp_chat,Abs_Level_1,episode_00015,Violated Request Count,1
1985,guesswhat,longterm_langchain_clp_chat,Abs_Level_1,episode_00015,Parsed Request Count,0
1986,guesswhat,longterm_langchain_clp_chat,Abs_Level_1,episode_00015,Request Count,1
1987,guesswhat,longterm_langchain_clp_chat,Abs_Level_1,episode_00015,Request Success Ratio,0.0
1988,guesswhat,longterm_langchain_clp_chat,Abs_Level_1,episode_00015,Aborted,1
1989,guesswhat,longterm_langchain_clp_chat,Abs_Level_1,episode_00015,Main Score,
1990,guesswhat,longterm_langchain_clp_chat,Abs_Level_1,episode_00015,Invalid format guesser response,1
1991,guesswhat,longterm_langchain_clp_chat,Abs_Level_1,episode_00015,Invalid format answerer response,0
1992,guesswhat,longterm_langchain_clp_chat,Abs_Level_1,episode_00015,Invalid content guesser response,0
1993,guesswhat,longterm_langchain_clp_chat,Abs_Level_1,episode_00015,Invalid content answerer response,0
1994,guesswhat,longterm_langchain_clp_chat,Abs_Level_1,episode_00016,Violated Request Count,1
1995,guesswhat,longterm_langchain_clp_chat,Abs_Level_1,episode_00016,Parsed Request Count,0
1996,guesswhat,longterm_langchain_clp_chat,Abs_Level_1,episode_00016,Request Count,1
1997,guesswhat,longterm_langchain_clp_chat,Abs_Level_1,episode_00016,Request Success Ratio,0.0
1998,guesswhat,longterm_langchain_clp_chat,Abs_Level_1,episode_00016,Aborted,1
1999,guesswhat,longterm_langchain_clp_chat,Abs_Level_1,episode_00016,Main Score,
2000,guesswhat,longterm_langchain_clp_chat,Abs_Level_1,episode_00016,Invalid format guesser response,1
2001,guesswhat,longterm_langchain_clp_chat,Abs_Level_1,episode_00016,Invalid format answerer response,0
2002,guesswhat,longterm_langchain_clp_chat,Abs_Level_1,episode_00016,Invalid content guesser response,0
2003,guesswhat,longterm_langchain_clp_chat,Abs_Level_1,episode_00016,Invalid content answerer response,0
2004,guesswhat,longterm_langchain_clp_chat,Abs_Level_2,episode_00017,Violated Request Count,0
2005,guesswhat,longterm_langchain_clp_chat,Abs_Level_2,episode_00017,Parsed Request Count,2
2006,guesswhat,longterm_langchain_clp_chat,Abs_Level_2,episode_00017,Request Count,2
2007,guesswhat,longterm_langchain_clp_chat,Abs_Level_2,episode_00017,Request Success Ratio,1.0
2008,guesswhat,longterm_langchain_clp_chat,Abs_Level_2,episode_00017,Aborted,0
2009,guesswhat,longterm_langchain_clp_chat,Abs_Level_2,episode_00017,Success,0
2010,guesswhat,longterm_langchain_clp_chat,Abs_Level_2,episode_00017,Lose,1
2011,guesswhat,longterm_langchain_clp_chat,Abs_Level_2,episode_00017,Main Score,0
2012,guesswhat,longterm_langchain_clp_chat,Abs_Level_2,episode_00017,Invalid format guesser response,0
2013,guesswhat,longterm_langchain_clp_chat,Abs_Level_2,episode_00017,Invalid format answerer response,0
2014,guesswhat,longterm_langchain_clp_chat,Abs_Level_2,episode_00017,Invalid content guesser response,0
2015,guesswhat,longterm_langchain_clp_chat,Abs_Level_2,episode_00017,Invalid content answerer response,0
2016,guesswhat,longterm_langchain_clp_chat,Abs_Level_2,episode_00018,Violated Request Count,0
2017,guesswhat,longterm_langchain_clp_chat,Abs_Level_2,episode_00018,Parsed Request Count,1
2018,guesswhat,longterm_langchain_clp_chat,Abs_Level_2,episode_00018,Request Count,1
2019,guesswhat,longterm_langchain_clp_chat,Abs_Level_2,episode_00018,Request Success Ratio,1.0
2020,guesswhat,longterm_langchain_clp_chat,Abs_Level_2,episode_00018,Aborted,0
2021,guesswhat,longterm_langchain_clp_chat,Abs_Level_2,episode_00018,Success,0
2022,guesswhat,longterm_langchain_clp_chat,Abs_Level_2,episode_00018,Lose,1
2023,guesswhat,longterm_langchain_clp_chat,Abs_Level_2,episode_00018,Main Score,0
2024,guesswhat,longterm_langchain_clp_chat,Abs_Level_2,episode_00018,Invalid format guesser response,0
2025,guesswhat,longterm_langchain_clp_chat,Abs_Level_2,episode_00018,Invalid format answerer response,0
2026,guesswhat,longterm_langchain_clp_chat,Abs_Level_2,episode_00018,Invalid content guesser response,0
2027,guesswhat,longterm_langchain_clp_chat,Abs_Level_2,episode_00018,Invalid content answerer response,0
2028,guesswhat,longterm_langchain_clp_chat,Abs_Level_2,episode_00019,Violated Request Count,0
2029,guesswhat,longterm_langchain_clp_chat,Abs_Level_2,episode_00019,Parsed Request Count,1
2030,guesswhat,longterm_langchain_clp_chat,Abs_Level_2,episode_00019,Request Count,1
2031,guesswhat,longterm_langchain_clp_chat,Abs_Level_2,episode_00019,Request Success Ratio,1.0
2032,guesswhat,longterm_langchain_clp_chat,Abs_Level_2,episode_00019,Aborted,0
2033,guesswhat,longterm_langchain_clp_chat,Abs_Level_2,episode_00019,Success,0
2034,guesswhat,longterm_langchain_clp_chat,Abs_Level_2,episode_00019,Lose,1
2035,guesswhat,longterm_langchain_clp_chat,Abs_Level_2,episode_00019,Main Score,0
2036,guesswhat,longterm_langchain_clp_chat,Abs_Level_2,episode_00019,Invalid format guesser response,0
2037,guesswhat,longterm_langchain_clp_chat,Abs_Level_2,episode_00019,Invalid format answerer response,0
2038,guesswhat,longterm_langchain_clp_chat,Abs_Level_2,episode_00019,Invalid content guesser response,0
2039,guesswhat,longterm_langchain_clp_chat,Abs_Level_2,episode_00019,Invalid content answerer response,0
2040,guesswhat,longterm_langchain_clp_chat,Abs_Level_2,episode_00020,Violated Request Count,0
2041,guesswhat,longterm_langchain_clp_chat,Abs_Level_2,episode_00020,Parsed Request Count,1
2042,guesswhat,longterm_langchain_clp_chat,Abs_Level_2,episode_00020,Request Count,1
2043,guesswhat,longterm_langchain_clp_chat,Abs_Level_2,episode_00020,Request Success Ratio,1.0
2044,guesswhat,longterm_langchain_clp_chat,Abs_Level_2,episode_00020,Aborted,0
2045,guesswhat,longterm_langchain_clp_chat,Abs_Level_2,episode_00020,Success,0
2046,guesswhat,longterm_langchain_clp_chat,Abs_Level_2,episode_00020,Lose,1
2047,guesswhat,longterm_langchain_clp_chat,Abs_Level_2,episode_00020,Main Score,0
2048,guesswhat,longterm_langchain_clp_chat,Abs_Level_2,episode_00020,Invalid format guesser response,0
2049,guesswhat,longterm_langchain_clp_chat,Abs_Level_2,episode_00020,Invalid format answerer response,0
2050,guesswhat,longterm_langchain_clp_chat,Abs_Level_2,episode_00020,Invalid content guesser response,0
2051,guesswhat,longterm_langchain_clp_chat,Abs_Level_2,episode_00020,Invalid content answerer response,0
2052,guesswhat,longterm_langchain_clp_chat,Abs_Level_3,episode_00021,Violated Request Count,0
2053,guesswhat,longterm_langchain_clp_chat,Abs_Level_3,episode_00021,Parsed Request Count,6
2054,guesswhat,longterm_langchain_clp_chat,Abs_Level_3,episode_00021,Request Count,6
2055,guesswhat,longterm_langchain_clp_chat,Abs_Level_3,episode_00021,Request Success Ratio,1.0
2056,guesswhat,longterm_langchain_clp_chat,Abs_Level_3,episode_00021,Aborted,0
2057,guesswhat,longterm_langchain_clp_chat,Abs_Level_3,episode_00021,Success,1
2058,guesswhat,longterm_langchain_clp_chat,Abs_Level_3,episode_00021,Lose,0
2059,guesswhat,longterm_langchain_clp_chat,Abs_Level_3,episode_00021,Speed,66.66666666666667
2060,guesswhat,longterm_langchain_clp_chat,Abs_Level_3,episode_00021,Main Score,66.66666666666667
2061,guesswhat,longterm_langchain_clp_chat,Abs_Level_3,episode_00021,Invalid format guesser response,0
2062,guesswhat,longterm_langchain_clp_chat,Abs_Level_3,episode_00021,Invalid format answerer response,0
2063,guesswhat,longterm_langchain_clp_chat,Abs_Level_3,episode_00021,Invalid content guesser response,0
2064,guesswhat,longterm_langchain_clp_chat,Abs_Level_3,episode_00021,Invalid content answerer response,0
2065,guesswhat,longterm_langchain_clp_chat,Abs_Level_3,episode_00022,Violated Request Count,0
2066,guesswhat,longterm_langchain_clp_chat,Abs_Level_3,episode_00022,Parsed Request Count,1
2067,guesswhat,longterm_langchain_clp_chat,Abs_Level_3,episode_00022,Request Count,1
2068,guesswhat,longterm_langchain_clp_chat,Abs_Level_3,episode_00022,Request Success Ratio,1.0
2069,guesswhat,longterm_langchain_clp_chat,Abs_Level_3,episode_00022,Aborted,0
2070,guesswhat,longterm_langchain_clp_chat,Abs_Level_3,episode_00022,Success,0
2071,guesswhat,longterm_langchain_clp_chat,Abs_Level_3,episode_00022,Lose,1
2072,guesswhat,longterm_langchain_clp_chat,Abs_Level_3,episode_00022,Main Score,0
2073,guesswhat,longterm_langchain_clp_chat,Abs_Level_3,episode_00022,Invalid format guesser response,0
2074,guesswhat,longterm_langchain_clp_chat,Abs_Level_3,episode_00022,Invalid format answerer response,0
2075,guesswhat,longterm_langchain_clp_chat,Abs_Level_3,episode_00022,Invalid content guesser response,0
2076,guesswhat,longterm_langchain_clp_chat,Abs_Level_3,episode_00022,Invalid content answerer response,0
2077,guesswhat,longterm_langchain_clp_chat,Abs_Level_3,episode_00023,Violated Request Count,0
2078,guesswhat,longterm_langchain_clp_chat,Abs_Level_3,episode_00023,Parsed Request Count,6
2079,guesswhat,longterm_langchain_clp_chat,Abs_Level_3,episode_00023,Request Count,6
2080,guesswhat,longterm_langchain_clp_chat,Abs_Level_3,episode_00023,Request Success Ratio,1.0
2081,guesswhat,longterm_langchain_clp_chat,Abs_Level_3,episode_00023,Aborted,0
2082,guesswhat,longterm_langchain_clp_chat,Abs_Level_3,episode_00023,Success,0
2083,guesswhat,longterm_langchain_clp_chat,Abs_Level_3,episode_00023,Lose,1
2084,guesswhat,longterm_langchain_clp_chat,Abs_Level_3,episode_00023,Main Score,0
2085,guesswhat,longterm_langchain_clp_chat,Abs_Level_3,episode_00023,Invalid format guesser response,0
2086,guesswhat,longterm_langchain_clp_chat,Abs_Level_3,episode_00023,Invalid format answerer response,0
2087,guesswhat,longterm_langchain_clp_chat,Abs_Level_3,episode_00023,Invalid content guesser response,0
2088,guesswhat,longterm_langchain_clp_chat,Abs_Level_3,episode_00023,Invalid content answerer response,0
2089,guesswhat,longterm_langchain_clp_chat,Abs_Level_3,episode_00024,Violated Request Count,0
2090,guesswhat,longterm_langchain_clp_chat,Abs_Level_3,episode_00024,Parsed Request Count,1
2091,guesswhat,longterm_langchain_clp_chat,Abs_Level_3,episode_00024,Request Count,1
2092,guesswhat,longterm_langchain_clp_chat,Abs_Level_3,episode_00024,Request Success Ratio,1.0
2093,guesswhat,longterm_langchain_clp_chat,Abs_Level_3,episode_00024,Aborted,0
2094,guesswhat,longterm_langchain_clp_chat,Abs_Level_3,episode_00024,Success,0
2095,guesswhat,longterm_langchain_clp_chat,Abs_Level_3,episode_00024,Lose,1
2096,guesswhat,longterm_langchain_clp_chat,Abs_Level_3,episode_00024,Main Score,0
2097,guesswhat,longterm_langchain_clp_chat,Abs_Level_3,episode_00024,Invalid format guesser response,0
2098,guesswhat,longterm_langchain_clp_chat,Abs_Level_3,episode_00024,Invalid format answerer response,0
2099,guesswhat,longterm_langchain_clp_chat,Abs_Level_3,episode_00024,Invalid content guesser response,0
2100,guesswhat,longterm_langchain_clp_chat,Abs_Level_3,episode_00024,Invalid content answerer response,0
2101,guesswhat,longterm_langchain_clp_chat,Level_1,episode_00001,Violated Request Count,0
2102,guesswhat,longterm_langchain_clp_chat,Level_1,episode_00001,Parsed Request Count,3
2103,guesswhat,longterm_langchain_clp_chat,Level_1,episode_00001,Request Count,3
2104,guesswhat,longterm_langchain_clp_chat,Level_1,episode_00001,Request Success Ratio,1.0
2105,guesswhat,longterm_langchain_clp_chat,Level_1,episode_00001,Aborted,0
2106,guesswhat,longterm_langchain_clp_chat,Level_1,episode_00001,Success,1
2107,guesswhat,longterm_langchain_clp_chat,Level_1,episode_00001,Lose,0
2108,guesswhat,longterm_langchain_clp_chat,Level_1,episode_00001,Speed,100
2109,guesswhat,longterm_langchain_clp_chat,Level_1,episode_00001,Main Score,100
2110,guesswhat,longterm_langchain_clp_chat,Level_1,episode_00001,Invalid format guesser response,0
2111,guesswhat,longterm_langchain_clp_chat,Level_1,episode_00001,Invalid format answerer response,0
2112,guesswhat,longterm_langchain_clp_chat,Level_1,episode_00001,Invalid content guesser response,0
2113,guesswhat,longterm_langchain_clp_chat,Level_1,episode_00001,Invalid content answerer response,0
2114,guesswhat,longterm_langchain_clp_chat,Level_1,episode_00002,Violated Request Count,0
2115,guesswhat,longterm_langchain_clp_chat,Level_1,episode_00002,Parsed Request Count,7
2116,guesswhat,longterm_langchain_clp_chat,Level_1,episode_00002,Request Count,7
2117,guesswhat,longterm_langchain_clp_chat,Level_1,episode_00002,Request Success Ratio,1.0
2118,guesswhat,longterm_langchain_clp_chat,Level_1,episode_00002,Aborted,0
2119,guesswhat,longterm_langchain_clp_chat,Level_1,episode_00002,Success,1
2120,guesswhat,longterm_langchain_clp_chat,Level_1,episode_00002,Lose,0
2121,guesswhat,longterm_langchain_clp_chat,Level_1,episode_00002,Speed,33.333333333333336
2122,guesswhat,longterm_langchain_clp_chat,Level_1,episode_00002,Main Score,33.333333333333336
2123,guesswhat,longterm_langchain_clp_chat,Level_1,episode_00002,Invalid format guesser response,0
2124,guesswhat,longterm_langchain_clp_chat,Level_1,episode_00002,Invalid format answerer response,0
2125,guesswhat,longterm_langchain_clp_chat,Level_1,episode_00002,Invalid content guesser response,0
2126,guesswhat,longterm_langchain_clp_chat,Level_1,episode_00002,Invalid content answerer response,0
2127,guesswhat,longterm_langchain_clp_chat,Level_1,episode_00003,Violated Request Count,0
2128,guesswhat,longterm_langchain_clp_chat,Level_1,episode_00003,Parsed Request Count,5
2129,guesswhat,longterm_langchain_clp_chat,Level_1,episode_00003,Request Count,5
2130,guesswhat,longterm_langchain_clp_chat,Level_1,episode_00003,Request Success Ratio,1.0
2131,guesswhat,longterm_langchain_clp_chat,Level_1,episode_00003,Aborted,0
2132,guesswhat,longterm_langchain_clp_chat,Level_1,episode_00003,Success,1
2133,guesswhat,longterm_langchain_clp_chat,Level_1,episode_00003,Lose,0
2134,guesswhat,longterm_langchain_clp_chat,Level_1,episode_00003,Speed,100
2135,guesswhat,longterm_langchain_clp_chat,Level_1,episode_00003,Main Score,100
2136,guesswhat,longterm_langchain_clp_chat,Level_1,episode_00003,Invalid format guesser response,0
2137,guesswhat,longterm_langchain_clp_chat,Level_1,episode_00003,Invalid format answerer response,0
2138,guesswhat,longterm_langchain_clp_chat,Level_1,episode_00003,Invalid content guesser response,0
2139,guesswhat,longterm_langchain_clp_chat,Level_1,episode_00003,Invalid content answerer response,0
2140,guesswhat,longterm_langchain_clp_chat,Level_1,episode_00004,Violated Request Count,0
2141,guesswhat,longterm_langchain_clp_chat,Level_1,episode_00004,Parsed Request Count,1
2142,guesswhat,longterm_langchain_clp_chat,Level_1,episode_00004,Request Count,1
2143,guesswhat,longterm_langchain_clp_chat,Level_1,episode_00004,Request Success Ratio,1.0
2144,guesswhat,longterm_langchain_clp_chat,Level_1,episode_00004,Aborted,0
2145,guesswhat,longterm_langchain_clp_chat,Level_1,episode_00004,Success,0
2146,guesswhat,longterm_langchain_clp_chat,Level_1,episode_00004,Lose,1
2147,guesswhat,longterm_langchain_clp_chat,Level_1,episode_00004,Main Score,0
2148,guesswhat,longterm_langchain_clp_chat,Level_1,episode_00004,Invalid format guesser response,0
2149,guesswhat,longterm_langchain_clp_chat,Level_1,episode_00004,Invalid format answerer response,0
2150,guesswhat,longterm_langchain_clp_chat,Level_1,episode_00004,Invalid content guesser response,0
2151,guesswhat,longterm_langchain_clp_chat,Level_1,episode_00004,Invalid content answerer response,0
2152,guesswhat,longterm_langchain_clp_chat,Level_2,episode_00005,Violated Request Count,0
2153,guesswhat,longterm_langchain_clp_chat,Level_2,episode_00005,Parsed Request Count,1
2154,guesswhat,longterm_langchain_clp_chat,Level_2,episode_00005,Request Count,1
2155,guesswhat,longterm_langchain_clp_chat,Level_2,episode_00005,Request Success Ratio,1.0
2156,guesswhat,longterm_langchain_clp_chat,Level_2,episode_00005,Aborted,0
2157,guesswhat,longterm_langchain_clp_chat,Level_2,episode_00005,Success,0
2158,guesswhat,longterm_langchain_clp_chat,Level_2,episode_00005,Lose,1
2159,guesswhat,longterm_langchain_clp_chat,Level_2,episode_00005,Main Score,0
2160,guesswhat,longterm_langchain_clp_chat,Level_2,episode_00005,Invalid format guesser response,0
2161,guesswhat,longterm_langchain_clp_chat,Level_2,episode_00005,Invalid format answerer response,0
2162,guesswhat,longterm_langchain_clp_chat,Level_2,episode_00005,Invalid content guesser response,0
2163,guesswhat,longterm_langchain_clp_chat,Level_2,episode_00005,Invalid content answerer response,0
2164,guesswhat,longterm_langchain_clp_chat,Level_2,episode_00006,Violated Request Count,0
2165,guesswhat,longterm_langchain_clp_chat,Level_2,episode_00006,Parsed Request Count,1
2166,guesswhat,longterm_langchain_clp_chat,Level_2,episode_00006,Request Count,1
2167,guesswhat,longterm_langchain_clp_chat,Level_2,episode_00006,Request Success Ratio,1.0
2168,guesswhat,longterm_langchain_clp_chat,Level_2,episode_00006,Aborted,0
2169,guesswhat,longterm_langchain_clp_chat,Level_2,episode_00006,Success,0
2170,guesswhat,longterm_langchain_clp_chat,Level_2,episode_00006,Lose,1
2171,guesswhat,longterm_langchain_clp_chat,Level_2,episode_00006,Main Score,0
2172,guesswhat,longterm_langchain_clp_chat,Level_2,episode_00006,Invalid format guesser response,0
2173,guesswhat,longterm_langchain_clp_chat,Level_2,episode_00006,Invalid format answerer response,0
2174,guesswhat,longterm_langchain_clp_chat,Level_2,episode_00006,Invalid content guesser response,0
2175,guesswhat,longterm_langchain_clp_chat,Level_2,episode_00006,Invalid content answerer response,0
2176,guesswhat,longterm_langchain_clp_chat,Level_2,episode_00007,Violated Request Count,0
2177,guesswhat,longterm_langchain_clp_chat,Level_2,episode_00007,Parsed Request Count,6
2178,guesswhat,longterm_langchain_clp_chat,Level_2,episode_00007,Request Count,6
2179,guesswhat,longterm_langchain_clp_chat,Level_2,episode_00007,Request Success Ratio,1.0
2180,guesswhat,longterm_langchain_clp_chat,Level_2,episode_00007,Aborted,0
2181,guesswhat,longterm_langchain_clp_chat,Level_2,episode_00007,Success,1
2182,guesswhat,longterm_langchain_clp_chat,Level_2,episode_00007,Lose,0
2183,guesswhat,longterm_langchain_clp_chat,Level_2,episode_00007,Speed,66.66666666666667
2184,guesswhat,longterm_langchain_clp_chat,Level_2,episode_00007,Main Score,66.66666666666667
2185,guesswhat,longterm_langchain_clp_chat,Level_2,episode_00007,Invalid format guesser response,0
2186,guesswhat,longterm_langchain_clp_chat,Level_2,episode_00007,Invalid format answerer response,0
2187,guesswhat,longterm_langchain_clp_chat,Level_2,episode_00007,Invalid content guesser response,0
2188,guesswhat,longterm_langchain_clp_chat,Level_2,episode_00007,Invalid content answerer response,0
2189,guesswhat,longterm_langchain_clp_chat,Level_2,episode_00008,Violated Request Count,0
2190,guesswhat,longterm_langchain_clp_chat,Level_2,episode_00008,Parsed Request Count,1
2191,guesswhat,longterm_langchain_clp_chat,Level_2,episode_00008,Request Count,1
2192,guesswhat,longterm_langchain_clp_chat,Level_2,episode_00008,Request Success Ratio,1.0
2193,guesswhat,longterm_langchain_clp_chat,Level_2,episode_00008,Aborted,0
2194,guesswhat,longterm_langchain_clp_chat,Level_2,episode_00008,Success,0
2195,guesswhat,longterm_langchain_clp_chat,Level_2,episode_00008,Lose,1
2196,guesswhat,longterm_langchain_clp_chat,Level_2,episode_00008,Main Score,0
2197,guesswhat,longterm_langchain_clp_chat,Level_2,episode_00008,Invalid format guesser response,0
2198,guesswhat,longterm_langchain_clp_chat,Level_2,episode_00008,Invalid format answerer response,0
2199,guesswhat,longterm_langchain_clp_chat,Level_2,episode_00008,Invalid content guesser response,0
2200,guesswhat,longterm_langchain_clp_chat,Level_2,episode_00008,Invalid content answerer response,0
2201,guesswhat,longterm_langchain_clp_chat,Level_3,episode_00009,Violated Request Count,1
2202,guesswhat,longterm_langchain_clp_chat,Level_3,episode_00009,Parsed Request Count,0
2203,guesswhat,longterm_langchain_clp_chat,Level_3,episode_00009,Request Count,1
2204,guesswhat,longterm_langchain_clp_chat,Level_3,episode_00009,Request Success Ratio,0.0
2205,guesswhat,longterm_langchain_clp_chat,Level_3,episode_00009,Aborted,1
2206,guesswhat,longterm_langchain_clp_chat,Level_3,episode_00009,Main Score,
2207,guesswhat,longterm_langchain_clp_chat,Level_3,episode_00009,Invalid format guesser response,1
2208,guesswhat,longterm_langchain_clp_chat,Level_3,episode_00009,Invalid format answerer response,0
2209,guesswhat,longterm_langchain_clp_chat,Level_3,episode_00009,Invalid content guesser response,0
2210,guesswhat,longterm_langchain_clp_chat,Level_3,episode_00009,Invalid content answerer response,0
2211,guesswhat,longterm_langchain_clp_chat,Level_3,episode_00010,Violated Request Count,0
2212,guesswhat,longterm_langchain_clp_chat,Level_3,episode_00010,Parsed Request Count,7
2213,guesswhat,longterm_langchain_clp_chat,Level_3,episode_00010,Request Count,7
2214,guesswhat,longterm_langchain_clp_chat,Level_3,episode_00010,Request Success Ratio,1.0
2215,guesswhat,longterm_langchain_clp_chat,Level_3,episode_00010,Aborted,0
2216,guesswhat,longterm_langchain_clp_chat,Level_3,episode_00010,Success,1
2217,guesswhat,longterm_langchain_clp_chat,Level_3,episode_00010,Lose,0
2218,guesswhat,longterm_langchain_clp_chat,Level_3,episode_00010,Speed,33.333333333333336
2219,guesswhat,longterm_langchain_clp_chat,Level_3,episode_00010,Main Score,33.333333333333336
2220,guesswhat,longterm_langchain_clp_chat,Level_3,episode_00010,Invalid format guesser response,0
2221,guesswhat,longterm_langchain_clp_chat,Level_3,episode_00010,Invalid format answerer response,0
2222,guesswhat,longterm_langchain_clp_chat,Level_3,episode_00010,Invalid content guesser response,0
2223,guesswhat,longterm_langchain_clp_chat,Level_3,episode_00010,Invalid content answerer response,0
2224,guesswhat,longterm_langchain_clp_chat,Level_3,episode_00011,Violated Request Count,0
2225,guesswhat,longterm_langchain_clp_chat,Level_3,episode_00011,Parsed Request Count,1
2226,guesswhat,longterm_langchain_clp_chat,Level_3,episode_00011,Request Count,1
2227,guesswhat,longterm_langchain_clp_chat,Level_3,episode_00011,Request Success Ratio,1.0
2228,guesswhat,longterm_langchain_clp_chat,Level_3,episode_00011,Aborted,0
2229,guesswhat,longterm_langchain_clp_chat,Level_3,episode_00011,Success,0
2230,guesswhat,longterm_langchain_clp_chat,Level_3,episode_00011,Lose,1
2231,guesswhat,longterm_langchain_clp_chat,Level_3,episode_00011,Main Score,0
2232,guesswhat,longterm_langchain_clp_chat,Level_3,episode_00011,Invalid format guesser response,0
2233,guesswhat,longterm_langchain_clp_chat,Level_3,episode_00011,Invalid format answerer response,0
2234,guesswhat,longterm_langchain_clp_chat,Level_3,episode_00011,Invalid content guesser response,0
2235,guesswhat,longterm_langchain_clp_chat,Level_3,episode_00011,Invalid content answerer response,0
2236,guesswhat,longterm_langchain_clp_chat,Level_3,episode_00012,Violated Request Count,0
2237,guesswhat,longterm_langchain_clp_chat,Level_3,episode_00012,Parsed Request Count,1
2238,guesswhat,longterm_langchain_clp_chat,Level_3,episode_00012,Request Count,1
2239,guesswhat,longterm_langchain_clp_chat,Level_3,episode_00012,Request Success Ratio,1.0
2240,guesswhat,longterm_langchain_clp_chat,Level_3,episode_00012,Aborted,0
2241,guesswhat,longterm_langchain_clp_chat,Level_3,episode_00012,Success,0
2242,guesswhat,longterm_langchain_clp_chat,Level_3,episode_00012,Lose,1
2243,guesswhat,longterm_langchain_clp_chat,Level_3,episode_00012,Main Score,0
2244,guesswhat,longterm_langchain_clp_chat,Level_3,episode_00012,Invalid format guesser response,0
2245,guesswhat,longterm_langchain_clp_chat,Level_3,episode_00012,Invalid format answerer response,0
2246,guesswhat,longterm_langchain_clp_chat,Level_3,episode_00012,Invalid content guesser response,0
2247,guesswhat,longterm_langchain_clp_chat,Level_3,episode_00012,Invalid content answerer response,0
2248,imagegame,longterm_langchain_clp_chat,compact_grids,episode_00001,Precision,80.0
2249,imagegame,longterm_langchain_clp_chat,compact_grids,episode_00001,Recall,80.0
2250,imagegame,longterm_langchain_clp_chat,compact_grids,episode_00001,F1,80.0
2251,imagegame,longterm_langchain_clp_chat,compact_grids,episode_00001,Main Score,80.0
2252,imagegame,longterm_langchain_clp_chat,compact_grids,episode_00001,Average Changed Cell Count,1.0
2253,imagegame,longterm_langchain_clp_chat,compact_grids,episode_00001,Average Generated Instruction Length,43.8
2254,imagegame,longterm_langchain_clp_chat,compact_grids,episode_00001,Average Generated Expression Number of Tokens,9.0
2255,imagegame,longterm_langchain_clp_chat,compact_grids,episode_00001,Success,0
2256,imagegame,longterm_langchain_clp_chat,compact_grids,episode_00001,Lose,1
2257,imagegame,longterm_langchain_clp_chat,compact_grids,episode_00001,Aborted,0
2258,imagegame,longterm_langchain_clp_chat,compact_grids,episode_00001,Request Count,32
2259,imagegame,longterm_langchain_clp_chat,compact_grids,episode_00001,Violated Request Count,0
2260,imagegame,longterm_langchain_clp_chat,compact_grids,episode_00001,Parsed Request Count,32
2261,imagegame,longterm_langchain_clp_chat,compact_grids,episode_00001,Request Success Ratio,1.0
2262,imagegame,longterm_langchain_clp_chat,compact_grids,episode_00002,Precision,
2263,imagegame,longterm_langchain_clp_chat,compact_grids,episode_00002,Recall,
2264,imagegame,longterm_langchain_clp_chat,compact_grids,episode_00002,F1,
2265,imagegame,longterm_langchain_clp_chat,compact_grids,episode_00002,Main Score,
2266,imagegame,longterm_langchain_clp_chat,compact_grids,episode_00002,Average Changed Cell Count,
2267,imagegame,longterm_langchain_clp_chat,compact_grids,episode_00002,Average Generated Instruction Length,
2268,imagegame,longterm_langchain_clp_chat,compact_grids,episode_00002,Average Generated Expression Number of Tokens,
2269,imagegame,longterm_langchain_clp_chat,compact_grids,episode_00002,Success,0
2270,imagegame,longterm_langchain_clp_chat,compact_grids,episode_00002,Lose,0
2271,imagegame,longterm_langchain_clp_chat,compact_grids,episode_00002,Aborted,1
2272,imagegame,longterm_langchain_clp_chat,compact_grids,episode_00002,Request Count,3
2273,imagegame,longterm_langchain_clp_chat,compact_grids,episode_00002,Violated Request Count,1
2274,imagegame,longterm_langchain_clp_chat,compact_grids,episode_00002,Parsed Request Count,2
2275,imagegame,longterm_langchain_clp_chat,compact_grids,episode_00002,Request Success Ratio,0.6667
2276,imagegame,longterm_langchain_clp_chat,compact_grids,episode_00003,Precision,
2277,imagegame,longterm_langchain_clp_chat,compact_grids,episode_00003,Recall,
2278,imagegame,longterm_langchain_clp_chat,compact_grids,episode_00003,F1,
2279,imagegame,longterm_langchain_clp_chat,compact_grids,episode_00003,Main Score,
2280,imagegame,longterm_langchain_clp_chat,compact_grids,episode_00003,Average Changed Cell Count,
2281,imagegame,longterm_langchain_clp_chat,compact_grids,episode_00003,Average Generated Instruction Length,
2282,imagegame,longterm_langchain_clp_chat,compact_grids,episode_00003,Average Generated Expression Number of Tokens,
2283,imagegame,longterm_langchain_clp_chat,compact_grids,episode_00003,Success,0
2284,imagegame,longterm_langchain_clp_chat,compact_grids,episode_00003,Lose,0
2285,imagegame,longterm_langchain_clp_chat,compact_grids,episode_00003,Aborted,1
2286,imagegame,longterm_langchain_clp_chat,compact_grids,episode_00003,Request Count,3
2287,imagegame,longterm_langchain_clp_chat,compact_grids,episode_00003,Violated Request Count,1
2288,imagegame,longterm_langchain_clp_chat,compact_grids,episode_00003,Parsed Request Count,2
2289,imagegame,longterm_langchain_clp_chat,compact_grids,episode_00003,Request Success Ratio,0.6667
2290,imagegame,longterm_langchain_clp_chat,compact_grids,episode_00004,Precision,
2291,imagegame,longterm_langchain_clp_chat,compact_grids,episode_00004,Recall,
2292,imagegame,longterm_langchain_clp_chat,compact_grids,episode_00004,F1,
2293,imagegame,longterm_langchain_clp_chat,compact_grids,episode_00004,Main Score,
2294,imagegame,longterm_langchain_clp_chat,compact_grids,episode_00004,Average Changed Cell Count,
2295,imagegame,longterm_langchain_clp_chat,compact_grids,episode_00004,Average Generated Instruction Length,
2296,imagegame,longterm_langchain_clp_chat,compact_grids,episode_00004,Average Generated Expression Number of Tokens,
2297,imagegame,longterm_langchain_clp_chat,compact_grids,episode_00004,Success,0
2298,imagegame,longterm_langchain_clp_chat,compact_grids,episode_00004,Lose,0
2299,imagegame,longterm_langchain_clp_chat,compact_grids,episode_00004,Aborted,1
2300,imagegame,longterm_langchain_clp_chat,compact_grids,episode_00004,Request Count,3
2301,imagegame,longterm_langchain_clp_chat,compact_grids,episode_00004,Violated Request Count,1
2302,imagegame,longterm_langchain_clp_chat,compact_grids,episode_00004,Parsed Request Count,2
2303,imagegame,longterm_langchain_clp_chat,compact_grids,episode_00004,Request Success Ratio,0.6667
2304,imagegame,longterm_langchain_clp_chat,compact_grids,episode_00005,Precision,
2305,imagegame,longterm_langchain_clp_chat,compact_grids,episode_00005,Recall,
2306,imagegame,longterm_langchain_clp_chat,compact_grids,episode_00005,F1,
2307,imagegame,longterm_langchain_clp_chat,compact_grids,episode_00005,Main Score,
2308,imagegame,longterm_langchain_clp_chat,compact_grids,episode_00005,Average Changed Cell Count,
2309,imagegame,longterm_langchain_clp_chat,compact_grids,episode_00005,Average Generated Instruction Length,
2310,imagegame,longterm_langchain_clp_chat,compact_grids,episode_00005,Average Generated Expression Number of Tokens,
2311,imagegame,longterm_langchain_clp_chat,compact_grids,episode_00005,Success,0
2312,imagegame,longterm_langchain_clp_chat,compact_grids,episode_00005,Lose,0
2313,imagegame,longterm_langchain_clp_chat,compact_grids,episode_00005,Aborted,1
2314,imagegame,longterm_langchain_clp_chat,compact_grids,episode_00005,Request Count,3
2315,imagegame,longterm_langchain_clp_chat,compact_grids,episode_00005,Violated Request Count,1
2316,imagegame,longterm_langchain_clp_chat,compact_grids,episode_00005,Parsed Request Count,2
2317,imagegame,longterm_langchain_clp_chat,compact_grids,episode_00005,Request Success Ratio,0.6667
2318,imagegame,longterm_langchain_clp_chat,compact_grids,episode_00006,Precision,
2319,imagegame,longterm_langchain_clp_chat,compact_grids,episode_00006,Recall,
2320,imagegame,longterm_langchain_clp_chat,compact_grids,episode_00006,F1,
2321,imagegame,longterm_langchain_clp_chat,compact_grids,episode_00006,Main Score,
2322,imagegame,longterm_langchain_clp_chat,compact_grids,episode_00006,Average Changed Cell Count,
2323,imagegame,longterm_langchain_clp_chat,compact_grids,episode_00006,Average Generated Instruction Length,
2324,imagegame,longterm_langchain_clp_chat,compact_grids,episode_00006,Average Generated Expression Number of Tokens,
2325,imagegame,longterm_langchain_clp_chat,compact_grids,episode_00006,Success,0
2326,imagegame,longterm_langchain_clp_chat,compact_grids,episode_00006,Lose,0
2327,imagegame,longterm_langchain_clp_chat,compact_grids,episode_00006,Aborted,1
2328,imagegame,longterm_langchain_clp_chat,compact_grids,episode_00006,Request Count,3
2329,imagegame,longterm_langchain_clp_chat,compact_grids,episode_00006,Violated Request Count,1
2330,imagegame,longterm_langchain_clp_chat,compact_grids,episode_00006,Parsed Request Count,2
2331,imagegame,longterm_langchain_clp_chat,compact_grids,episode_00006,Request Success Ratio,0.6667
2332,imagegame,longterm_langchain_clp_chat,compact_grids,episode_00007,Precision,
2333,imagegame,longterm_langchain_clp_chat,compact_grids,episode_00007,Recall,
2334,imagegame,longterm_langchain_clp_chat,compact_grids,episode_00007,F1,
2335,imagegame,longterm_langchain_clp_chat,compact_grids,episode_00007,Main Score,
2336,imagegame,longterm_langchain_clp_chat,compact_grids,episode_00007,Average Changed Cell Count,
2337,imagegame,longterm_langchain_clp_chat,compact_grids,episode_00007,Average Generated Instruction Length,
2338,imagegame,longterm_langchain_clp_chat,compact_grids,episode_00007,Average Generated Expression Number of Tokens,
2339,imagegame,longterm_langchain_clp_chat,compact_grids,episode_00007,Success,0
2340,imagegame,longterm_langchain_clp_chat,compact_grids,episode_00007,Lose,0
2341,imagegame,longterm_langchain_clp_chat,compact_grids,episode_00007,Aborted,1
2342,imagegame,longterm_langchain_clp_chat,compact_grids,episode_00007,Request Count,3
2343,imagegame,longterm_langchain_clp_chat,compact_grids,episode_00007,Violated Request Count,1
2344,imagegame,longterm_langchain_clp_chat,compact_grids,episode_00007,Parsed Request Count,2
2345,imagegame,longterm_langchain_clp_chat,compact_grids,episode_00007,Request Success Ratio,0.6667
2346,imagegame,longterm_langchain_clp_chat,compact_grids,episode_00008,Precision,
2347,imagegame,longterm_langchain_clp_chat,compact_grids,episode_00008,Recall,
2348,imagegame,longterm_langchain_clp_chat,compact_grids,episode_00008,F1,
2349,imagegame,longterm_langchain_clp_chat,compact_grids,episode_00008,Main Score,
2350,imagegame,longterm_langchain_clp_chat,compact_grids,episode_00008,Average Changed Cell Count,
2351,imagegame,longterm_langchain_clp_chat,compact_grids,episode_00008,Average Generated Instruction Length,
2352,imagegame,longterm_langchain_clp_chat,compact_grids,episode_00008,Average Generated Expression Number of Tokens,
2353,imagegame,longterm_langchain_clp_chat,compact_grids,episode_00008,Success,0
2354,imagegame,longterm_langchain_clp_chat,compact_grids,episode_00008,Lose,0
2355,imagegame,longterm_langchain_clp_chat,compact_grids,episode_00008,Aborted,1
2356,imagegame,longterm_langchain_clp_chat,compact_grids,episode_00008,Request Count,3
2357,imagegame,longterm_langchain_clp_chat,compact_grids,episode_00008,Violated Request Count,1
2358,imagegame,longterm_langchain_clp_chat,compact_grids,episode_00008,Parsed Request Count,2
2359,imagegame,longterm_langchain_clp_chat,compact_grids,episode_00008,Request Success Ratio,0.6667
2360,imagegame,longterm_langchain_clp_chat,compact_grids,episode_00009,Precision,
2361,imagegame,longterm_langchain_clp_chat,compact_grids,episode_00009,Recall,
2362,imagegame,longterm_langchain_clp_chat,compact_grids,episode_00009,F1,
2363,imagegame,longterm_langchain_clp_chat,compact_grids,episode_00009,Main Score,
2364,imagegame,longterm_langchain_clp_chat,compact_grids,episode_00009,Average Changed Cell Count,
2365,imagegame,longterm_langchain_clp_chat,compact_grids,episode_00009,Average Generated Instruction Length,
2366,imagegame,longterm_langchain_clp_chat,compact_grids,episode_00009,Average Generated Expression Number of Tokens,
2367,imagegame,longterm_langchain_clp_chat,compact_grids,episode_00009,Success,0
2368,imagegame,longterm_langchain_clp_chat,compact_grids,episode_00009,Lose,0
2369,imagegame,longterm_langchain_clp_chat,compact_grids,episode_00009,Aborted,1
2370,imagegame,longterm_langchain_clp_chat,compact_grids,episode_00009,Request Count,3
2371,imagegame,longterm_langchain_clp_chat,compact_grids,episode_00009,Violated Request Count,1
2372,imagegame,longterm_langchain_clp_chat,compact_grids,episode_00009,Parsed Request Count,2
2373,imagegame,longterm_langchain_clp_chat,compact_grids,episode_00009,Request Success Ratio,0.6667
2374,imagegame,longterm_langchain_clp_chat,compact_grids,episode_00010,Precision,
2375,imagegame,longterm_langchain_clp_chat,compact_grids,episode_00010,Recall,
2376,imagegame,longterm_langchain_clp_chat,compact_grids,episode_00010,F1,
2377,imagegame,longterm_langchain_clp_chat,compact_grids,episode_00010,Main Score,
2378,imagegame,longterm_langchain_clp_chat,compact_grids,episode_00010,Average Changed Cell Count,
2379,imagegame,longterm_langchain_clp_chat,compact_grids,episode_00010,Average Generated Instruction Length,
2380,imagegame,longterm_langchain_clp_chat,compact_grids,episode_00010,Average Generated Expression Number of Tokens,
2381,imagegame,longterm_langchain_clp_chat,compact_grids,episode_00010,Success,0
2382,imagegame,longterm_langchain_clp_chat,compact_grids,episode_00010,Lose,0
2383,imagegame,longterm_langchain_clp_chat,compact_grids,episode_00010,Aborted,1
2384,imagegame,longterm_langchain_clp_chat,compact_grids,episode_00010,Request Count,3
2385,imagegame,longterm_langchain_clp_chat,compact_grids,episode_00010,Violated Request Count,1
2386,imagegame,longterm_langchain_clp_chat,compact_grids,episode_00010,Parsed Request Count,2
2387,imagegame,longterm_langchain_clp_chat,compact_grids,episode_00010,Request Success Ratio,0.6667
2388,imagegame,longterm_langchain_clp_chat,compact_grids,episode_00011,Precision,
2389,imagegame,longterm_langchain_clp_chat,compact_grids,episode_00011,Recall,
2390,imagegame,longterm_langchain_clp_chat,compact_grids,episode_00011,F1,
2391,imagegame,longterm_langchain_clp_chat,compact_grids,episode_00011,Main Score,
2392,imagegame,longterm_langchain_clp_chat,compact_grids,episode_00011,Average Changed Cell Count,
2393,imagegame,longterm_langchain_clp_chat,compact_grids,episode_00011,Average Generated Instruction Length,
2394,imagegame,longterm_langchain_clp_chat,compact_grids,episode_00011,Average Generated Expression Number of Tokens,
2395,imagegame,longterm_langchain_clp_chat,compact_grids,episode_00011,Success,0
2396,imagegame,longterm_langchain_clp_chat,compact_grids,episode_00011,Lose,0
2397,imagegame,longterm_langchain_clp_chat,compact_grids,episode_00011,Aborted,1
2398,imagegame,longterm_langchain_clp_chat,compact_grids,episode_00011,Request Count,3
2399,imagegame,longterm_langchain_clp_chat,compact_grids,episode_00011,Violated Request Count,1
2400,imagegame,longterm_langchain_clp_chat,compact_grids,episode_00011,Parsed Request Count,2
2401,imagegame,longterm_langchain_clp_chat,compact_grids,episode_00011,Request Success Ratio,0.6667
2402,imagegame,longterm_langchain_clp_chat,compact_grids,episode_00012,Precision,
2403,imagegame,longterm_langchain_clp_chat,compact_grids,episode_00012,Recall,
2404,imagegame,longterm_langchain_clp_chat,compact_grids,episode_00012,F1,
2405,imagegame,longterm_langchain_clp_chat,compact_grids,episode_00012,Main Score,
2406,imagegame,longterm_langchain_clp_chat,compact_grids,episode_00012,Average Changed Cell Count,
2407,imagegame,longterm_langchain_clp_chat,compact_grids,episode_00012,Average Generated Instruction Length,
2408,imagegame,longterm_langchain_clp_chat,compact_grids,episode_00012,Average Generated Expression Number of Tokens,
2409,imagegame,longterm_langchain_clp_chat,compact_grids,episode_00012,Success,0
2410,imagegame,longterm_langchain_clp_chat,compact_grids,episode_00012,Lose,0
2411,imagegame,longterm_langchain_clp_chat,compact_grids,episode_00012,Aborted,1
2412,imagegame,longterm_langchain_clp_chat,compact_grids,episode_00012,Request Count,3
2413,imagegame,longterm_langchain_clp_chat,compact_grids,episode_00012,Violated Request Count,1
2414,imagegame,longterm_langchain_clp_chat,compact_grids,episode_00012,Parsed Request Count,2
2415,imagegame,longterm_langchain_clp_chat,compact_grids,episode_00012,Request Success Ratio,0.6667
2416,imagegame,longterm_langchain_clp_chat,random_grids,episode_00013,Precision,
2417,imagegame,longterm_langchain_clp_chat,random_grids,episode_00013,Recall,
2418,imagegame,longterm_langchain_clp_chat,random_grids,episode_00013,F1,
2419,imagegame,longterm_langchain_clp_chat,random_grids,episode_00013,Main Score,
2420,imagegame,longterm_langchain_clp_chat,random_grids,episode_00013,Average Changed Cell Count,
2421,imagegame,longterm_langchain_clp_chat,random_grids,episode_00013,Average Generated Instruction Length,
2422,imagegame,longterm_langchain_clp_chat,random_grids,episode_00013,Average Generated Expression Number of Tokens,
2423,imagegame,longterm_langchain_clp_chat,random_grids,episode_00013,Success,0
2424,imagegame,longterm_langchain_clp_chat,random_grids,episode_00013,Lose,0
2425,imagegame,longterm_langchain_clp_chat,random_grids,episode_00013,Aborted,1
2426,imagegame,longterm_langchain_clp_chat,random_grids,episode_00013,Request Count,3
2427,imagegame,longterm_langchain_clp_chat,random_grids,episode_00013,Violated Request Count,1
2428,imagegame,longterm_langchain_clp_chat,random_grids,episode_00013,Parsed Request Count,2
2429,imagegame,longterm_langchain_clp_chat,random_grids,episode_00013,Request Success Ratio,0.6667
2430,imagegame,longterm_langchain_clp_chat,random_grids,episode_00014,Precision,
2431,imagegame,longterm_langchain_clp_chat,random_grids,episode_00014,Recall,
2432,imagegame,longterm_langchain_clp_chat,random_grids,episode_00014,F1,
2433,imagegame,longterm_langchain_clp_chat,random_grids,episode_00014,Main Score,
2434,imagegame,longterm_langchain_clp_chat,random_grids,episode_00014,Average Changed Cell Count,
2435,imagegame,longterm_langchain_clp_chat,random_grids,episode_00014,Average Generated Instruction Length,
2436,imagegame,longterm_langchain_clp_chat,random_grids,episode_00014,Average Generated Expression Number of Tokens,
2437,imagegame,longterm_langchain_clp_chat,random_grids,episode_00014,Success,0
2438,imagegame,longterm_langchain_clp_chat,random_grids,episode_00014,Lose,0
2439,imagegame,longterm_langchain_clp_chat,random_grids,episode_00014,Aborted,1
2440,imagegame,longterm_langchain_clp_chat,random_grids,episode_00014,Request Count,3
2441,imagegame,longterm_langchain_clp_chat,random_grids,episode_00014,Violated Request Count,1
2442,imagegame,longterm_langchain_clp_chat,random_grids,episode_00014,Parsed Request Count,2
2443,imagegame,longterm_langchain_clp_chat,random_grids,episode_00014,Request Success Ratio,0.6667
2444,imagegame,longterm_langchain_clp_chat,random_grids,episode_00015,Precision,
2445,imagegame,longterm_langchain_clp_chat,random_grids,episode_00015,Recall,
2446,imagegame,longterm_langchain_clp_chat,random_grids,episode_00015,F1,
2447,imagegame,longterm_langchain_clp_chat,random_grids,episode_00015,Main Score,
2448,imagegame,longterm_langchain_clp_chat,random_grids,episode_00015,Average Changed Cell Count,
2449,imagegame,longterm_langchain_clp_chat,random_grids,episode_00015,Average Generated Instruction Length,
2450,imagegame,longterm_langchain_clp_chat,random_grids,episode_00015,Average Generated Expression Number of Tokens,
2451,imagegame,longterm_langchain_clp_chat,random_grids,episode_00015,Success,0
2452,imagegame,longterm_langchain_clp_chat,random_grids,episode_00015,Lose,0
2453,imagegame,longterm_langchain_clp_chat,random_grids,episode_00015,Aborted,1
2454,imagegame,longterm_langchain_clp_chat,random_grids,episode_00015,Request Count,3
2455,imagegame,longterm_langchain_clp_chat,random_grids,episode_00015,Violated Request Count,1
2456,imagegame,longterm_langchain_clp_chat,random_grids,episode_00015,Parsed Request Count,2
2457,imagegame,longterm_langchain_clp_chat,random_grids,episode_00015,Request Success Ratio,0.6667
2458,imagegame,longterm_langchain_clp_chat,random_grids,episode_00016,Precision,
2459,imagegame,longterm_langchain_clp_chat,random_grids,episode_00016,Recall,
2460,imagegame,longterm_langchain_clp_chat,random_grids,episode_00016,F1,
2461,imagegame,longterm_langchain_clp_chat,random_grids,episode_00016,Main Score,
2462,imagegame,longterm_langchain_clp_chat,random_grids,episode_00016,Average Changed Cell Count,
2463,imagegame,longterm_langchain_clp_chat,random_grids,episode_00016,Average Generated Instruction Length,
2464,imagegame,longterm_langchain_clp_chat,random_grids,episode_00016,Average Generated Expression Number of Tokens,
2465,imagegame,longterm_langchain_clp_chat,random_grids,episode_00016,Success,0
2466,imagegame,longterm_langchain_clp_chat,random_grids,episode_00016,Lose,0
2467,imagegame,longterm_langchain_clp_chat,random_grids,episode_00016,Aborted,1
2468,imagegame,longterm_langchain_clp_chat,random_grids,episode_00016,Request Count,3
2469,imagegame,longterm_langchain_clp_chat,random_grids,episode_00016,Violated Request Count,1
2470,imagegame,longterm_langchain_clp_chat,random_grids,episode_00016,Parsed Request Count,2
2471,imagegame,longterm_langchain_clp_chat,random_grids,episode_00016,Request Success Ratio,0.6667
2472,imagegame,longterm_langchain_clp_chat,random_grids,episode_00017,Precision,
2473,imagegame,longterm_langchain_clp_chat,random_grids,episode_00017,Recall,
2474,imagegame,longterm_langchain_clp_chat,random_grids,episode_00017,F1,
2475,imagegame,longterm_langchain_clp_chat,random_grids,episode_00017,Main Score,
2476,imagegame,longterm_langchain_clp_chat,random_grids,episode_00017,Average Changed Cell Count,
2477,imagegame,longterm_langchain_clp_chat,random_grids,episode_00017,Average Generated Instruction Length,
2478,imagegame,longterm_langchain_clp_chat,random_grids,episode_00017,Average Generated Expression Number of Tokens,
2479,imagegame,longterm_langchain_clp_chat,random_grids,episode_00017,Success,0
2480,imagegame,longterm_langchain_clp_chat,random_grids,episode_00017,Lose,0
2481,imagegame,longterm_langchain_clp_chat,random_grids,episode_00017,Aborted,1
2482,imagegame,longterm_langchain_clp_chat,random_grids,episode_00017,Request Count,3
2483,imagegame,longterm_langchain_clp_chat,random_grids,episode_00017,Violated Request Count,1
2484,imagegame,longterm_langchain_clp_chat,random_grids,episode_00017,Parsed Request Count,2
2485,imagegame,longterm_langchain_clp_chat,random_grids,episode_00017,Request Success Ratio,0.6667
2486,imagegame,longterm_langchain_clp_chat,random_grids,episode_00018,Precision,
2487,imagegame,longterm_langchain_clp_chat,random_grids,episode_00018,Recall,
2488,imagegame,longterm_langchain_clp_chat,random_grids,episode_00018,F1,
2489,imagegame,longterm_langchain_clp_chat,random_grids,episode_00018,Main Score,
2490,imagegame,longterm_langchain_clp_chat,random_grids,episode_00018,Average Changed Cell Count,
2491,imagegame,longterm_langchain_clp_chat,random_grids,episode_00018,Average Generated Instruction Length,
2492,imagegame,longterm_langchain_clp_chat,random_grids,episode_00018,Average Generated Expression Number of Tokens,
2493,imagegame,longterm_langchain_clp_chat,random_grids,episode_00018,Success,0
2494,imagegame,longterm_langchain_clp_chat,random_grids,episode_00018,Lose,0
2495,imagegame,longterm_langchain_clp_chat,random_grids,episode_00018,Aborted,1
2496,imagegame,longterm_langchain_clp_chat,random_grids,episode_00018,Request Count,3
2497,imagegame,longterm_langchain_clp_chat,random_grids,episode_00018,Violated Request Count,1
2498,imagegame,longterm_langchain_clp_chat,random_grids,episode_00018,Parsed Request Count,2
2499,imagegame,longterm_langchain_clp_chat,random_grids,episode_00018,Request Success Ratio,0.6667
2500,imagegame,longterm_langchain_clp_chat,random_grids,episode_00019,Precision,
2501,imagegame,longterm_langchain_clp_chat,random_grids,episode_00019,Recall,
2502,imagegame,longterm_langchain_clp_chat,random_grids,episode_00019,F1,
2503,imagegame,longterm_langchain_clp_chat,random_grids,episode_00019,Main Score,
2504,imagegame,longterm_langchain_clp_chat,random_grids,episode_00019,Average Changed Cell Count,
2505,imagegame,longterm_langchain_clp_chat,random_grids,episode_00019,Average Generated Instruction Length,
2506,imagegame,longterm_langchain_clp_chat,random_grids,episode_00019,Average Generated Expression Number of Tokens,
2507,imagegame,longterm_langchain_clp_chat,random_grids,episode_00019,Success,0
2508,imagegame,longterm_langchain_clp_chat,random_grids,episode_00019,Lose,0
2509,imagegame,longterm_langchain_clp_chat,random_grids,episode_00019,Aborted,1
2510,imagegame,longterm_langchain_clp_chat,random_grids,episode_00019,Request Count,3
2511,imagegame,longterm_langchain_clp_chat,random_grids,episode_00019,Violated Request Count,1
2512,imagegame,longterm_langchain_clp_chat,random_grids,episode_00019,Parsed Request Count,2
2513,imagegame,longterm_langchain_clp_chat,random_grids,episode_00019,Request Success Ratio,0.6667
2514,imagegame,longterm_langchain_clp_chat,random_grids,episode_00020,Precision,
2515,imagegame,longterm_langchain_clp_chat,random_grids,episode_00020,Recall,
2516,imagegame,longterm_langchain_clp_chat,random_grids,episode_00020,F1,
2517,imagegame,longterm_langchain_clp_chat,random_grids,episode_00020,Main Score,
2518,imagegame,longterm_langchain_clp_chat,random_grids,episode_00020,Average Changed Cell Count,
2519,imagegame,longterm_langchain_clp_chat,random_grids,episode_00020,Average Generated Instruction Length,
2520,imagegame,longterm_langchain_clp_chat,random_grids,episode_00020,Average Generated Expression Number of Tokens,
2521,imagegame,longterm_langchain_clp_chat,random_grids,episode_00020,Success,0
2522,imagegame,longterm_langchain_clp_chat,random_grids,episode_00020,Lose,0
2523,imagegame,longterm_langchain_clp_chat,random_grids,episode_00020,Aborted,1
2524,imagegame,longterm_langchain_clp_chat,random_grids,episode_00020,Request Count,3
2525,imagegame,longterm_langchain_clp_chat,random_grids,episode_00020,Violated Request Count,1
2526,imagegame,longterm_langchain_clp_chat,random_grids,episode_00020,Parsed Request Count,2
2527,imagegame,longterm_langchain_clp_chat,random_grids,episode_00020,Request Success Ratio,0.6667
2528,imagegame,longterm_langchain_clp_chat,random_grids,episode_00021,Precision,
2529,imagegame,longterm_langchain_clp_chat,random_grids,episode_00021,Recall,
2530,imagegame,longterm_langchain_clp_chat,random_grids,episode_00021,F1,
2531,imagegame,longterm_langchain_clp_chat,random_grids,episode_00021,Main Score,
2532,imagegame,longterm_langchain_clp_chat,random_grids,episode_00021,Average Changed Cell Count,
2533,imagegame,longterm_langchain_clp_chat,random_grids,episode_00021,Average Generated Instruction Length,
2534,imagegame,longterm_langchain_clp_chat,random_grids,episode_00021,Average Generated Expression Number of Tokens,
2535,imagegame,longterm_langchain_clp_chat,random_grids,episode_00021,Success,0
2536,imagegame,longterm_langchain_clp_chat,random_grids,episode_00021,Lose,0
2537,imagegame,longterm_langchain_clp_chat,random_grids,episode_00021,Aborted,1
2538,imagegame,longterm_langchain_clp_chat,random_grids,episode_00021,Request Count,3
2539,imagegame,longterm_langchain_clp_chat,random_grids,episode_00021,Violated Request Count,1
2540,imagegame,longterm_langchain_clp_chat,random_grids,episode_00021,Parsed Request Count,2
2541,imagegame,longterm_langchain_clp_chat,random_grids,episode_00021,Request Success Ratio,0.6667
2542,imagegame,longterm_langchain_clp_chat,random_grids,episode_00022,Precision,
2543,imagegame,longterm_langchain_clp_chat,random_grids,episode_00022,Recall,
2544,imagegame,longterm_langchain_clp_chat,random_grids,episode_00022,F1,
2545,imagegame,longterm_langchain_clp_chat,random_grids,episode_00022,Main Score,
2546,imagegame,longterm_langchain_clp_chat,random_grids,episode_00022,Average Changed Cell Count,
2547,imagegame,longterm_langchain_clp_chat,random_grids,episode_00022,Average Generated Instruction Length,
2548,imagegame,longterm_langchain_clp_chat,random_grids,episode_00022,Average Generated Expression Number of Tokens,
2549,imagegame,longterm_langchain_clp_chat,random_grids,episode_00022,Success,0
2550,imagegame,longterm_langchain_clp_chat,random_grids,episode_00022,Lose,0
2551,imagegame,longterm_langchain_clp_chat,random_grids,episode_00022,Aborted,1
2552,imagegame,longterm_langchain_clp_chat,random_grids,episode_00022,Request Count,3
2553,imagegame,longterm_langchain_clp_chat,random_grids,episode_00022,Violated Request Count,1
2554,imagegame,longterm_langchain_clp_chat,random_grids,episode_00022,Parsed Request Count,2
2555,imagegame,longterm_langchain_clp_chat,random_grids,episode_00022,Request Success Ratio,0.6667
2556,imagegame,longterm_langchain_clp_chat,random_grids,episode_00023,Precision,
2557,imagegame,longterm_langchain_clp_chat,random_grids,episode_00023,Recall,
2558,imagegame,longterm_langchain_clp_chat,random_grids,episode_00023,F1,
2559,imagegame,longterm_langchain_clp_chat,random_grids,episode_00023,Main Score,
2560,imagegame,longterm_langchain_clp_chat,random_grids,episode_00023,Average Changed Cell Count,
2561,imagegame,longterm_langchain_clp_chat,random_grids,episode_00023,Average Generated Instruction Length,
2562,imagegame,longterm_langchain_clp_chat,random_grids,episode_00023,Average Generated Expression Number of Tokens,
2563,imagegame,longterm_langchain_clp_chat,random_grids,episode_00023,Success,0
2564,imagegame,longterm_langchain_clp_chat,random_grids,episode_00023,Lose,0
2565,imagegame,longterm_langchain_clp_chat,random_grids,episode_00023,Aborted,1
2566,imagegame,longterm_langchain_clp_chat,random_grids,episode_00023,Request Count,3
2567,imagegame,longterm_langchain_clp_chat,random_grids,episode_00023,Violated Request Count,1
2568,imagegame,longterm_langchain_clp_chat,random_grids,episode_00023,Parsed Request Count,2
2569,imagegame,longterm_langchain_clp_chat,random_grids,episode_00023,Request Success Ratio,0.6667
2570,imagegame,longterm_langchain_clp_chat,random_grids,episode_00024,Precision,
2571,imagegame,longterm_langchain_clp_chat,random_grids,episode_00024,Recall,
2572,imagegame,longterm_langchain_clp_chat,random_grids,episode_00024,F1,
2573,imagegame,longterm_langchain_clp_chat,random_grids,episode_00024,Main Score,
2574,imagegame,longterm_langchain_clp_chat,random_grids,episode_00024,Average Changed Cell Count,
2575,imagegame,longterm_langchain_clp_chat,random_grids,episode_00024,Average Generated Instruction Length,
2576,imagegame,longterm_langchain_clp_chat,random_grids,episode_00024,Average Generated Expression Number of Tokens,
2577,imagegame,longterm_langchain_clp_chat,random_grids,episode_00024,Success,0
2578,imagegame,longterm_langchain_clp_chat,random_grids,episode_00024,Lose,0
2579,imagegame,longterm_langchain_clp_chat,random_grids,episode_00024,Aborted,1
2580,imagegame,longterm_langchain_clp_chat,random_grids,episode_00024,Request Count,3
2581,imagegame,longterm_langchain_clp_chat,random_grids,episode_00024,Violated Request Count,1
2582,imagegame,longterm_langchain_clp_chat,random_grids,episode_00024,Parsed Request Count,2
2583,imagegame,longterm_langchain_clp_chat,random_grids,episode_00024,Request Success Ratio,0.6667
2584,matchit,longterm_langchain_clp_chat,different_image,episode_00017,Violated Request Count,0
2585,matchit,longterm_langchain_clp_chat,different_image,episode_00017,Parsed Request Count,11
2586,matchit,longterm_langchain_clp_chat,different_image,episode_00017,Request Count,11
2587,matchit,longterm_langchain_clp_chat,different_image,episode_00017,Aborted,0
2588,matchit,longterm_langchain_clp_chat,different_image,episode_00017,Success,0
2589,matchit,longterm_langchain_clp_chat,different_image,episode_00017,Lose,1
2590,matchit,longterm_langchain_clp_chat,different_image,episode_00017,Main Score,0
2591,matchit,longterm_langchain_clp_chat,different_image,episode_00017,Player Score,0
2592,matchit,longterm_langchain_clp_chat,different_image,episode_00018,Violated Request Count,0
2593,matchit,longterm_langchain_clp_chat,different_image,episode_00018,Parsed Request Count,11
2594,matchit,longterm_langchain_clp_chat,different_image,episode_00018,Request Count,11
2595,matchit,longterm_langchain_clp_chat,different_image,episode_00018,Aborted,0
2596,matchit,longterm_langchain_clp_chat,different_image,episode_00018,Success,0
2597,matchit,longterm_langchain_clp_chat,different_image,episode_00018,Lose,1
2598,matchit,longterm_langchain_clp_chat,different_image,episode_00018,Main Score,0
2599,matchit,longterm_langchain_clp_chat,different_image,episode_00018,Player Score,0
2600,matchit,longterm_langchain_clp_chat,different_image,episode_00019,Violated Request Count,0
2601,matchit,longterm_langchain_clp_chat,different_image,episode_00019,Parsed Request Count,11
2602,matchit,longterm_langchain_clp_chat,different_image,episode_00019,Request Count,11
2603,matchit,longterm_langchain_clp_chat,different_image,episode_00019,Aborted,0
2604,matchit,longterm_langchain_clp_chat,different_image,episode_00019,Success,0
2605,matchit,longterm_langchain_clp_chat,different_image,episode_00019,Lose,1
2606,matchit,longterm_langchain_clp_chat,different_image,episode_00019,Main Score,0
2607,matchit,longterm_langchain_clp_chat,different_image,episode_00019,Player Score,0
2608,matchit,longterm_langchain_clp_chat,different_image,episode_00020,Violated Request Count,0
2609,matchit,longterm_langchain_clp_chat,different_image,episode_00020,Parsed Request Count,11
2610,matchit,longterm_langchain_clp_chat,different_image,episode_00020,Request Count,11
2611,matchit,longterm_langchain_clp_chat,different_image,episode_00020,Aborted,0
2612,matchit,longterm_langchain_clp_chat,different_image,episode_00020,Success,0
2613,matchit,longterm_langchain_clp_chat,different_image,episode_00020,Lose,1
2614,matchit,longterm_langchain_clp_chat,different_image,episode_00020,Main Score,0
2615,matchit,longterm_langchain_clp_chat,different_image,episode_00020,Player Score,0
2616,matchit,longterm_langchain_clp_chat,different_image,episode_00021,Violated Request Count,0
2617,matchit,longterm_langchain_clp_chat,different_image,episode_00021,Parsed Request Count,11
2618,matchit,longterm_langchain_clp_chat,different_image,episode_00021,Request Count,11
2619,matchit,longterm_langchain_clp_chat,different_image,episode_00021,Aborted,0
2620,matchit,longterm_langchain_clp_chat,different_image,episode_00021,Success,0
2621,matchit,longterm_langchain_clp_chat,different_image,episode_00021,Lose,1
2622,matchit,longterm_langchain_clp_chat,different_image,episode_00021,Main Score,0
2623,matchit,longterm_langchain_clp_chat,different_image,episode_00021,Player Score,0
2624,matchit,longterm_langchain_clp_chat,different_image,episode_00022,Violated Request Count,0
2625,matchit,longterm_langchain_clp_chat,different_image,episode_00022,Parsed Request Count,11
2626,matchit,longterm_langchain_clp_chat,different_image,episode_00022,Request Count,11
2627,matchit,longterm_langchain_clp_chat,different_image,episode_00022,Aborted,0
2628,matchit,longterm_langchain_clp_chat,different_image,episode_00022,Success,0
2629,matchit,longterm_langchain_clp_chat,different_image,episode_00022,Lose,1
2630,matchit,longterm_langchain_clp_chat,different_image,episode_00022,Main Score,0
2631,matchit,longterm_langchain_clp_chat,different_image,episode_00022,Player Score,0
2632,matchit,longterm_langchain_clp_chat,different_image,episode_00023,Violated Request Count,0
2633,matchit,longterm_langchain_clp_chat,different_image,episode_00023,Parsed Request Count,11
2634,matchit,longterm_langchain_clp_chat,different_image,episode_00023,Request Count,11
2635,matchit,longterm_langchain_clp_chat,different_image,episode_00023,Aborted,0
2636,matchit,longterm_langchain_clp_chat,different_image,episode_00023,Success,0
2637,matchit,longterm_langchain_clp_chat,different_image,episode_00023,Lose,1
2638,matchit,longterm_langchain_clp_chat,different_image,episode_00023,Main Score,0
2639,matchit,longterm_langchain_clp_chat,different_image,episode_00023,Player Score,0
2640,matchit,longterm_langchain_clp_chat,different_image,episode_00024,Violated Request Count,0
2641,matchit,longterm_langchain_clp_chat,different_image,episode_00024,Parsed Request Count,11
2642,matchit,longterm_langchain_clp_chat,different_image,episode_00024,Request Count,11
2643,matchit,longterm_langchain_clp_chat,different_image,episode_00024,Aborted,0
2644,matchit,longterm_langchain_clp_chat,different_image,episode_00024,Success,0
2645,matchit,longterm_langchain_clp_chat,different_image,episode_00024,Lose,1
2646,matchit,longterm_langchain_clp_chat,different_image,episode_00024,Main Score,0
2647,matchit,longterm_langchain_clp_chat,different_image,episode_00024,Player Score,0
2648,matchit,longterm_langchain_clp_chat,same_image,episode_00001,Violated Request Count,0
2649,matchit,longterm_langchain_clp_chat,same_image,episode_00001,Parsed Request Count,11
2650,matchit,longterm_langchain_clp_chat,same_image,episode_00001,Request Count,11
2651,matchit,longterm_langchain_clp_chat,same_image,episode_00001,Aborted,0
2652,matchit,longterm_langchain_clp_chat,same_image,episode_00001,Success,0
2653,matchit,longterm_langchain_clp_chat,same_image,episode_00001,Lose,1
2654,matchit,longterm_langchain_clp_chat,same_image,episode_00001,Main Score,0
2655,matchit,longterm_langchain_clp_chat,same_image,episode_00001,Player Score,0
2656,matchit,longterm_langchain_clp_chat,same_image,episode_00002,Violated Request Count,0
2657,matchit,longterm_langchain_clp_chat,same_image,episode_00002,Parsed Request Count,11
2658,matchit,longterm_langchain_clp_chat,same_image,episode_00002,Request Count,11
2659,matchit,longterm_langchain_clp_chat,same_image,episode_00002,Aborted,0
2660,matchit,longterm_langchain_clp_chat,same_image,episode_00002,Success,1
2661,matchit,longterm_langchain_clp_chat,same_image,episode_00002,Lose,0
2662,matchit,longterm_langchain_clp_chat,same_image,episode_00002,Main Score,100
2663,matchit,longterm_langchain_clp_chat,same_image,episode_00002,Player Score,100
2664,matchit,longterm_langchain_clp_chat,same_image,episode_00003,Violated Request Count,0
2665,matchit,longterm_langchain_clp_chat,same_image,episode_00003,Parsed Request Count,11
2666,matchit,longterm_langchain_clp_chat,same_image,episode_00003,Request Count,11
2667,matchit,longterm_langchain_clp_chat,same_image,episode_00003,Aborted,0
2668,matchit,longterm_langchain_clp_chat,same_image,episode_00003,Success,1
2669,matchit,longterm_langchain_clp_chat,same_image,episode_00003,Lose,0
2670,matchit,longterm_langchain_clp_chat,same_image,episode_00003,Main Score,100
2671,matchit,longterm_langchain_clp_chat,same_image,episode_00003,Player Score,100
2672,matchit,longterm_langchain_clp_chat,same_image,episode_00004,Violated Request Count,0
2673,matchit,longterm_langchain_clp_chat,same_image,episode_00004,Parsed Request Count,11
2674,matchit,longterm_langchain_clp_chat,same_image,episode_00004,Request Count,11
2675,matchit,longterm_langchain_clp_chat,same_image,episode_00004,Aborted,0
2676,matchit,longterm_langchain_clp_chat,same_image,episode_00004,Success,1
2677,matchit,longterm_langchain_clp_chat,same_image,episode_00004,Lose,0
2678,matchit,longterm_langchain_clp_chat,same_image,episode_00004,Main Score,100
2679,matchit,longterm_langchain_clp_chat,same_image,episode_00004,Player Score,100
2680,matchit,longterm_langchain_clp_chat,same_image,episode_00005,Violated Request Count,0
2681,matchit,longterm_langchain_clp_chat,same_image,episode_00005,Parsed Request Count,11
2682,matchit,longterm_langchain_clp_chat,same_image,episode_00005,Request Count,11
2683,matchit,longterm_langchain_clp_chat,same_image,episode_00005,Aborted,0
2684,matchit,longterm_langchain_clp_chat,same_image,episode_00005,Success,1
2685,matchit,longterm_langchain_clp_chat,same_image,episode_00005,Lose,0
2686,matchit,longterm_langchain_clp_chat,same_image,episode_00005,Main Score,100
2687,matchit,longterm_langchain_clp_chat,same_image,episode_00005,Player Score,100
2688,matchit,longterm_langchain_clp_chat,same_image,episode_00006,Violated Request Count,0
2689,matchit,longterm_langchain_clp_chat,same_image,episode_00006,Parsed Request Count,11
2690,matchit,longterm_langchain_clp_chat,same_image,episode_00006,Request Count,11
2691,matchit,longterm_langchain_clp_chat,same_image,episode_00006,Aborted,0
2692,matchit,longterm_langchain_clp_chat,same_image,episode_00006,Success,1
2693,matchit,longterm_langchain_clp_chat,same_image,episode_00006,Lose,0
2694,matchit,longterm_langchain_clp_chat,same_image,episode_00006,Main Score,100
2695,matchit,longterm_langchain_clp_chat,same_image,episode_00006,Player Score,100
2696,matchit,longterm_langchain_clp_chat,same_image,episode_00007,Violated Request Count,0
2697,matchit,longterm_langchain_clp_chat,same_image,episode_00007,Parsed Request Count,11
2698,matchit,longterm_langchain_clp_chat,same_image,episode_00007,Request Count,11
2699,matchit,longterm_langchain_clp_chat,same_image,episode_00007,Aborted,0
2700,matchit,longterm_langchain_clp_chat,same_image,episode_00007,Success,1
2701,matchit,longterm_langchain_clp_chat,same_image,episode_00007,Lose,0
2702,matchit,longterm_langchain_clp_chat,same_image,episode_00007,Main Score,100
2703,matchit,longterm_langchain_clp_chat,same_image,episode_00007,Player Score,100
2704,matchit,longterm_langchain_clp_chat,same_image,episode_00008,Violated Request Count,0
2705,matchit,longterm_langchain_clp_chat,same_image,episode_00008,Parsed Request Count,11
2706,matchit,longterm_langchain_clp_chat,same_image,episode_00008,Request Count,11
2707,matchit,longterm_langchain_clp_chat,same_image,episode_00008,Aborted,0
2708,matchit,longterm_langchain_clp_chat,same_image,episode_00008,Success,1
2709,matchit,longterm_langchain_clp_chat,same_image,episode_00008,Lose,0
2710,matchit,longterm_langchain_clp_chat,same_image,episode_00008,Main Score,100
2711,matchit,longterm_langchain_clp_chat,same_image,episode_00008,Player Score,100
2712,matchit,longterm_langchain_clp_chat,similar_image,episode_00009,Violated Request Count,0
2713,matchit,longterm_langchain_clp_chat,similar_image,episode_00009,Parsed Request Count,11
2714,matchit,longterm_langchain_clp_chat,similar_image,episode_00009,Request Count,11
2715,matchit,longterm_langchain_clp_chat,similar_image,episode_00009,Aborted,0
2716,matchit,longterm_langchain_clp_chat,similar_image,episode_00009,Success,0
2717,matchit,longterm_langchain_clp_chat,similar_image,episode_00009,Lose,1
2718,matchit,longterm_langchain_clp_chat,similar_image,episode_00009,Main Score,0
2719,matchit,longterm_langchain_clp_chat,similar_image,episode_00009,Player Score,0
2720,matchit,longterm_langchain_clp_chat,similar_image,episode_00010,Violated Request Count,0
2721,matchit,longterm_langchain_clp_chat,similar_image,episode_00010,Parsed Request Count,11
2722,matchit,longterm_langchain_clp_chat,similar_image,episode_00010,Request Count,11
2723,matchit,longterm_langchain_clp_chat,similar_image,episode_00010,Aborted,0
2724,matchit,longterm_langchain_clp_chat,similar_image,episode_00010,Success,0
2725,matchit,longterm_langchain_clp_chat,similar_image,episode_00010,Lose,1
2726,matchit,longterm_langchain_clp_chat,similar_image,episode_00010,Main Score,0
2727,matchit,longterm_langchain_clp_chat,similar_image,episode_00010,Player Score,0
2728,matchit,longterm_langchain_clp_chat,similar_image,episode_00011,Violated Request Count,0
2729,matchit,longterm_langchain_clp_chat,similar_image,episode_00011,Parsed Request Count,11
2730,matchit,longterm_langchain_clp_chat,similar_image,episode_00011,Request Count,11
2731,matchit,longterm_langchain_clp_chat,similar_image,episode_00011,Aborted,0
2732,matchit,longterm_langchain_clp_chat,similar_image,episode_00011,Success,0
2733,matchit,longterm_langchain_clp_chat,similar_image,episode_00011,Lose,1
2734,matchit,longterm_langchain_clp_chat,similar_image,episode_00011,Main Score,0
2735,matchit,longterm_langchain_clp_chat,similar_image,episode_00011,Player Score,0
2736,matchit,longterm_langchain_clp_chat,similar_image,episode_00012,Violated Request Count,0
2737,matchit,longterm_langchain_clp_chat,similar_image,episode_00012,Parsed Request Count,11
2738,matchit,longterm_langchain_clp_chat,similar_image,episode_00012,Request Count,11
2739,matchit,longterm_langchain_clp_chat,similar_image,episode_00012,Aborted,0
2740,matchit,longterm_langchain_clp_chat,similar_image,episode_00012,Success,0
2741,matchit,longterm_langchain_clp_chat,similar_image,episode_00012,Lose,1
2742,matchit,longterm_langchain_clp_chat,similar_image,episode_00012,Main Score,0
2743,matchit,longterm_langchain_clp_chat,similar_image,episode_00012,Player Score,0
2744,matchit,longterm_langchain_clp_chat,similar_image,episode_00013,Violated Request Count,0
2745,matchit,longterm_langchain_clp_chat,similar_image,episode_00013,Parsed Request Count,11
2746,matchit,longterm_langchain_clp_chat,similar_image,episode_00013,Request Count,11
2747,matchit,longterm_langchain_clp_chat,similar_image,episode_00013,Aborted,0
2748,matchit,longterm_langchain_clp_chat,similar_image,episode_00013,Success,0
2749,matchit,longterm_langchain_clp_chat,similar_image,episode_00013,Lose,1
2750,matchit,longterm_langchain_clp_chat,similar_image,episode_00013,Main Score,0
2751,matchit,longterm_langchain_clp_chat,similar_image,episode_00013,Player Score,0
2752,matchit,longterm_langchain_clp_chat,similar_image,episode_00014,Violated Request Count,0
2753,matchit,longterm_langchain_clp_chat,similar_image,episode_00014,Parsed Request Count,11
2754,matchit,longterm_langchain_clp_chat,similar_image,episode_00014,Request Count,11
2755,matchit,longterm_langchain_clp_chat,similar_image,episode_00014,Aborted,0
2756,matchit,longterm_langchain_clp_chat,similar_image,episode_00014,Success,0
2757,matchit,longterm_langchain_clp_chat,similar_image,episode_00014,Lose,1
2758,matchit,longterm_langchain_clp_chat,similar_image,episode_00014,Main Score,0
2759,matchit,longterm_langchain_clp_chat,similar_image,episode_00014,Player Score,0
2760,matchit,longterm_langchain_clp_chat,similar_image,episode_00015,Violated Request Count,1
2761,matchit,longterm_langchain_clp_chat,similar_image,episode_00015,Parsed Request Count,8
2762,matchit,longterm_langchain_clp_chat,similar_image,episode_00015,Request Count,9
2763,matchit,longterm_langchain_clp_chat,similar_image,episode_00015,Aborted,1
2764,matchit,longterm_langchain_clp_chat,similar_image,episode_00015,Success,0
2765,matchit,longterm_langchain_clp_chat,similar_image,episode_00015,Lose,0
2766,matchit,longterm_langchain_clp_chat,similar_image,episode_00015,Main Score,
2767,matchit,longterm_langchain_clp_chat,similar_image,episode_00015,Player Score,
2768,matchit,longterm_langchain_clp_chat,similar_image,episode_00016,Violated Request Count,0
2769,matchit,longterm_langchain_clp_chat,similar_image,episode_00016,Parsed Request Count,11
2770,matchit,longterm_langchain_clp_chat,similar_image,episode_00016,Request Count,11
2771,matchit,longterm_langchain_clp_chat,similar_image,episode_00016,Aborted,0
2772,matchit,longterm_langchain_clp_chat,similar_image,episode_00016,Success,0
2773,matchit,longterm_langchain_clp_chat,similar_image,episode_00016,Lose,1
2774,matchit,longterm_langchain_clp_chat,similar_image,episode_00016,Main Score,0
2775,matchit,longterm_langchain_clp_chat,similar_image,episode_00016,Player Score,0
2776,matchit_ascii,longterm_langchain_clp_chat,different_grid,episode_00019,Violated Request Count,0
2777,matchit_ascii,longterm_langchain_clp_chat,different_grid,episode_00019,Parsed Request Count,16
2778,matchit_ascii,longterm_langchain_clp_chat,different_grid,episode_00019,Request Count,16
2779,matchit_ascii,longterm_langchain_clp_chat,different_grid,episode_00019,Aborted,0
2780,matchit_ascii,longterm_langchain_clp_chat,different_grid,episode_00019,Success,0
2781,matchit_ascii,longterm_langchain_clp_chat,different_grid,episode_00019,Lose,1
2782,matchit_ascii,longterm_langchain_clp_chat,different_grid,episode_00019,Main Score,0
2783,matchit_ascii,longterm_langchain_clp_chat,different_grid,episode_00019,Player Score,0
2784,matchit_ascii,longterm_langchain_clp_chat,different_grid,episode_00020,Violated Request Count,0
2785,matchit_ascii,longterm_langchain_clp_chat,different_grid,episode_00020,Parsed Request Count,16
2786,matchit_ascii,longterm_langchain_clp_chat,different_grid,episode_00020,Request Count,16
2787,matchit_ascii,longterm_langchain_clp_chat,different_grid,episode_00020,Aborted,0
2788,matchit_ascii,longterm_langchain_clp_chat,different_grid,episode_00020,Success,1
2789,matchit_ascii,longterm_langchain_clp_chat,different_grid,episode_00020,Lose,0
2790,matchit_ascii,longterm_langchain_clp_chat,different_grid,episode_00020,Main Score,100
2791,matchit_ascii,longterm_langchain_clp_chat,different_grid,episode_00020,Player Score,100
2792,matchit_ascii,longterm_langchain_clp_chat,different_grid,episode_00021,Violated Request Count,0
2793,matchit_ascii,longterm_langchain_clp_chat,different_grid,episode_00021,Parsed Request Count,16
2794,matchit_ascii,longterm_langchain_clp_chat,different_grid,episode_00021,Request Count,16
2795,matchit_ascii,longterm_langchain_clp_chat,different_grid,episode_00021,Aborted,0
2796,matchit_ascii,longterm_langchain_clp_chat,different_grid,episode_00021,Success,0
2797,matchit_ascii,longterm_langchain_clp_chat,different_grid,episode_00021,Lose,1
2798,matchit_ascii,longterm_langchain_clp_chat,different_grid,episode_00021,Main Score,0
2799,matchit_ascii,longterm_langchain_clp_chat,different_grid,episode_00021,Player Score,50
2800,matchit_ascii,longterm_langchain_clp_chat,different_grid,episode_00022,Violated Request Count,1
2801,matchit_ascii,longterm_langchain_clp_chat,different_grid,episode_00022,Parsed Request Count,0
2802,matchit_ascii,longterm_langchain_clp_chat,different_grid,episode_00022,Request Count,1
2803,matchit_ascii,longterm_langchain_clp_chat,different_grid,episode_00022,Aborted,0
2804,matchit_ascii,longterm_langchain_clp_chat,different_grid,episode_00022,Success,0
2805,matchit_ascii,longterm_langchain_clp_chat,different_grid,episode_00022,Lose,1
2806,matchit_ascii,longterm_langchain_clp_chat,different_grid,episode_00022,Main Score,0
2807,matchit_ascii,longterm_langchain_clp_chat,different_grid,episode_00022,Player Score,0
2808,matchit_ascii,longterm_langchain_clp_chat,different_grid,episode_00023,Violated Request Count,0
2809,matchit_ascii,longterm_langchain_clp_chat,different_grid,episode_00023,Parsed Request Count,16
2810,matchit_ascii,longterm_langchain_clp_chat,different_grid,episode_00023,Request Count,16
2811,matchit_ascii,longterm_langchain_clp_chat,different_grid,episode_00023,Aborted,0
2812,matchit_ascii,longterm_langchain_clp_chat,different_grid,episode_00023,Success,0
2813,matchit_ascii,longterm_langchain_clp_chat,different_grid,episode_00023,Lose,1
2814,matchit_ascii,longterm_langchain_clp_chat,different_grid,episode_00023,Main Score,0
2815,matchit_ascii,longterm_langchain_clp_chat,different_grid,episode_00023,Player Score,50
2816,matchit_ascii,longterm_langchain_clp_chat,different_grid,episode_00024,Violated Request Count,0
2817,matchit_ascii,longterm_langchain_clp_chat,different_grid,episode_00024,Parsed Request Count,16
2818,matchit_ascii,longterm_langchain_clp_chat,different_grid,episode_00024,Request Count,16
2819,matchit_ascii,longterm_langchain_clp_chat,different_grid,episode_00024,Aborted,0
2820,matchit_ascii,longterm_langchain_clp_chat,different_grid,episode_00024,Success,0
2821,matchit_ascii,longterm_langchain_clp_chat,different_grid,episode_00024,Lose,1
2822,matchit_ascii,longterm_langchain_clp_chat,different_grid,episode_00024,Main Score,0
2823,matchit_ascii,longterm_langchain_clp_chat,different_grid,episode_00024,Player Score,50
2824,matchit_ascii,longterm_langchain_clp_chat,same_grid,episode_00001,Violated Request Count,0
2825,matchit_ascii,longterm_langchain_clp_chat,same_grid,episode_00001,Parsed Request Count,16
2826,matchit_ascii,longterm_langchain_clp_chat,same_grid,episode_00001,Request Count,16
2827,matchit_ascii,longterm_langchain_clp_chat,same_grid,episode_00001,Aborted,0
2828,matchit_ascii,longterm_langchain_clp_chat,same_grid,episode_00001,Success,1
2829,matchit_ascii,longterm_langchain_clp_chat,same_grid,episode_00001,Lose,0
2830,matchit_ascii,longterm_langchain_clp_chat,same_grid,episode_00001,Main Score,100
2831,matchit_ascii,longterm_langchain_clp_chat,same_grid,episode_00001,Player Score,100
2832,matchit_ascii,longterm_langchain_clp_chat,same_grid,episode_00002,Violated Request Count,0
2833,matchit_ascii,longterm_langchain_clp_chat,same_grid,episode_00002,Parsed Request Count,16
2834,matchit_ascii,longterm_langchain_clp_chat,same_grid,episode_00002,Request Count,16
2835,matchit_ascii,longterm_langchain_clp_chat,same_grid,episode_00002,Aborted,0
2836,matchit_ascii,longterm_langchain_clp_chat,same_grid,episode_00002,Success,1
2837,matchit_ascii,longterm_langchain_clp_chat,same_grid,episode_00002,Lose,0
2838,matchit_ascii,longterm_langchain_clp_chat,same_grid,episode_00002,Main Score,100
2839,matchit_ascii,longterm_langchain_clp_chat,same_grid,episode_00002,Player Score,100
2840,matchit_ascii,longterm_langchain_clp_chat,same_grid,episode_00003,Violated Request Count,0
2841,matchit_ascii,longterm_langchain_clp_chat,same_grid,episode_00003,Parsed Request Count,16
2842,matchit_ascii,longterm_langchain_clp_chat,same_grid,episode_00003,Request Count,16
2843,matchit_ascii,longterm_langchain_clp_chat,same_grid,episode_00003,Aborted,0
2844,matchit_ascii,longterm_langchain_clp_chat,same_grid,episode_00003,Success,1
2845,matchit_ascii,longterm_langchain_clp_chat,same_grid,episode_00003,Lose,0
2846,matchit_ascii,longterm_langchain_clp_chat,same_grid,episode_00003,Main Score,100
2847,matchit_ascii,longterm_langchain_clp_chat,same_grid,episode_00003,Player Score,100
2848,matchit_ascii,longterm_langchain_clp_chat,same_grid,episode_00004,Violated Request Count,0
2849,matchit_ascii,longterm_langchain_clp_chat,same_grid,episode_00004,Parsed Request Count,16
2850,matchit_ascii,longterm_langchain_clp_chat,same_grid,episode_00004,Request Count,16
2851,matchit_ascii,longterm_langchain_clp_chat,same_grid,episode_00004,Aborted,0
2852,matchit_ascii,longterm_langchain_clp_chat,same_grid,episode_00004,Success,1
2853,matchit_ascii,longterm_langchain_clp_chat,same_grid,episode_00004,Lose,0
2854,matchit_ascii,longterm_langchain_clp_chat,same_grid,episode_00004,Main Score,100
2855,matchit_ascii,longterm_langchain_clp_chat,same_grid,episode_00004,Player Score,100
2856,matchit_ascii,longterm_langchain_clp_chat,same_grid,episode_00005,Violated Request Count,1
2857,matchit_ascii,longterm_langchain_clp_chat,same_grid,episode_00005,Parsed Request Count,1
2858,matchit_ascii,longterm_langchain_clp_chat,same_grid,episode_00005,Request Count,2
2859,matchit_ascii,longterm_langchain_clp_chat,same_grid,episode_00005,Aborted,0
2860,matchit_ascii,longterm_langchain_clp_chat,same_grid,episode_00005,Success,0
2861,matchit_ascii,longterm_langchain_clp_chat,same_grid,episode_00005,Lose,1
2862,matchit_ascii,longterm_langchain_clp_chat,same_grid,episode_00005,Main Score,0
2863,matchit_ascii,longterm_langchain_clp_chat,same_grid,episode_00005,Player Score,0
2864,matchit_ascii,longterm_langchain_clp_chat,same_grid,episode_00006,Violated Request Count,0
2865,matchit_ascii,longterm_langchain_clp_chat,same_grid,episode_00006,Parsed Request Count,16
2866,matchit_ascii,longterm_langchain_clp_chat,same_grid,episode_00006,Request Count,16
2867,matchit_ascii,longterm_langchain_clp_chat,same_grid,episode_00006,Aborted,0
2868,matchit_ascii,longterm_langchain_clp_chat,same_grid,episode_00006,Success,1
2869,matchit_ascii,longterm_langchain_clp_chat,same_grid,episode_00006,Lose,0
2870,matchit_ascii,longterm_langchain_clp_chat,same_grid,episode_00006,Main Score,100
2871,matchit_ascii,longterm_langchain_clp_chat,same_grid,episode_00006,Player Score,100
2872,matchit_ascii,longterm_langchain_clp_chat,similar_grid_1,episode_00007,Violated Request Count,0
2873,matchit_ascii,longterm_langchain_clp_chat,similar_grid_1,episode_00007,Parsed Request Count,16
2874,matchit_ascii,longterm_langchain_clp_chat,similar_grid_1,episode_00007,Request Count,16
2875,matchit_ascii,longterm_langchain_clp_chat,similar_grid_1,episode_00007,Aborted,0
2876,matchit_ascii,longterm_langchain_clp_chat,similar_grid_1,episode_00007,Success,0
2877,matchit_ascii,longterm_langchain_clp_chat,similar_grid_1,episode_00007,Lose,1
2878,matchit_ascii,longterm_langchain_clp_chat,similar_grid_1,episode_00007,Main Score,0
2879,matchit_ascii,longterm_langchain_clp_chat,similar_grid_1,episode_00007,Player Score,0
2880,matchit_ascii,longterm_langchain_clp_chat,similar_grid_1,episode_00008,Violated Request Count,0
2881,matchit_ascii,longterm_langchain_clp_chat,similar_grid_1,episode_00008,Parsed Request Count,16
2882,matchit_ascii,longterm_langchain_clp_chat,similar_grid_1,episode_00008,Request Count,16
2883,matchit_ascii,longterm_langchain_clp_chat,similar_grid_1,episode_00008,Aborted,0
2884,matchit_ascii,longterm_langchain_clp_chat,similar_grid_1,episode_00008,Success,0
2885,matchit_ascii,longterm_langchain_clp_chat,similar_grid_1,episode_00008,Lose,1
2886,matchit_ascii,longterm_langchain_clp_chat,similar_grid_1,episode_00008,Main Score,0
2887,matchit_ascii,longterm_langchain_clp_chat,similar_grid_1,episode_00008,Player Score,50
2888,matchit_ascii,longterm_langchain_clp_chat,similar_grid_1,episode_00009,Violated Request Count,0
2889,matchit_ascii,longterm_langchain_clp_chat,similar_grid_1,episode_00009,Parsed Request Count,16
2890,matchit_ascii,longterm_langchain_clp_chat,similar_grid_1,episode_00009,Request Count,16
2891,matchit_ascii,longterm_langchain_clp_chat,similar_grid_1,episode_00009,Aborted,0
2892,matchit_ascii,longterm_langchain_clp_chat,similar_grid_1,episode_00009,Success,0
2893,matchit_ascii,longterm_langchain_clp_chat,similar_grid_1,episode_00009,Lose,1
2894,matchit_ascii,longterm_langchain_clp_chat,similar_grid_1,episode_00009,Main Score,0
2895,matchit_ascii,longterm_langchain_clp_chat,similar_grid_1,episode_00009,Player Score,0
2896,matchit_ascii,longterm_langchain_clp_chat,similar_grid_1,episode_00010,Violated Request Count,0
2897,matchit_ascii,longterm_langchain_clp_chat,similar_grid_1,episode_00010,Parsed Request Count,16
2898,matchit_ascii,longterm_langchain_clp_chat,similar_grid_1,episode_00010,Request Count,16
2899,matchit_ascii,longterm_langchain_clp_chat,similar_grid_1,episode_00010,Aborted,0
2900,matchit_ascii,longterm_langchain_clp_chat,similar_grid_1,episode_00010,Success,1
2901,matchit_ascii,longterm_langchain_clp_chat,similar_grid_1,episode_00010,Lose,0
2902,matchit_ascii,longterm_langchain_clp_chat,similar_grid_1,episode_00010,Main Score,100
2903,matchit_ascii,longterm_langchain_clp_chat,similar_grid_1,episode_00010,Player Score,100
2904,matchit_ascii,longterm_langchain_clp_chat,similar_grid_1,episode_00011,Violated Request Count,0
2905,matchit_ascii,longterm_langchain_clp_chat,similar_grid_1,episode_00011,Parsed Request Count,16
2906,matchit_ascii,longterm_langchain_clp_chat,similar_grid_1,episode_00011,Request Count,16
2907,matchit_ascii,longterm_langchain_clp_chat,similar_grid_1,episode_00011,Aborted,0
2908,matchit_ascii,longterm_langchain_clp_chat,similar_grid_1,episode_00011,Success,0
2909,matchit_ascii,longterm_langchain_clp_chat,similar_grid_1,episode_00011,Lose,1
2910,matchit_ascii,longterm_langchain_clp_chat,similar_grid_1,episode_00011,Main Score,0
2911,matchit_ascii,longterm_langchain_clp_chat,similar_grid_1,episode_00011,Player Score,0
2912,matchit_ascii,longterm_langchain_clp_chat,similar_grid_1,episode_00012,Violated Request Count,1
2913,matchit_ascii,longterm_langchain_clp_chat,similar_grid_1,episode_00012,Parsed Request Count,0
2914,matchit_ascii,longterm_langchain_clp_chat,similar_grid_1,episode_00012,Request Count,1
2915,matchit_ascii,longterm_langchain_clp_chat,similar_grid_1,episode_00012,Aborted,0
2916,matchit_ascii,longterm_langchain_clp_chat,similar_grid_1,episode_00012,Success,0
2917,matchit_ascii,longterm_langchain_clp_chat,similar_grid_1,episode_00012,Lose,1
2918,matchit_ascii,longterm_langchain_clp_chat,similar_grid_1,episode_00012,Main Score,0
2919,matchit_ascii,longterm_langchain_clp_chat,similar_grid_1,episode_00012,Player Score,0
2920,matchit_ascii,longterm_langchain_clp_chat,similar_grid_2,episode_00013,Violated Request Count,0
2921,matchit_ascii,longterm_langchain_clp_chat,similar_grid_2,episode_00013,Parsed Request Count,16
2922,matchit_ascii,longterm_langchain_clp_chat,similar_grid_2,episode_00013,Request Count,16
2923,matchit_ascii,longterm_langchain_clp_chat,similar_grid_2,episode_00013,Aborted,0
2924,matchit_ascii,longterm_langchain_clp_chat,similar_grid_2,episode_00013,Success,0
2925,matchit_ascii,longterm_langchain_clp_chat,similar_grid_2,episode_00013,Lose,1
2926,matchit_ascii,longterm_langchain_clp_chat,similar_grid_2,episode_00013,Main Score,0
2927,matchit_ascii,longterm_langchain_clp_chat,similar_grid_2,episode_00013,Player Score,50
2928,matchit_ascii,longterm_langchain_clp_chat,similar_grid_2,episode_00014,Violated Request Count,0
2929,matchit_ascii,longterm_langchain_clp_chat,similar_grid_2,episode_00014,Parsed Request Count,16
2930,matchit_ascii,longterm_langchain_clp_chat,similar_grid_2,episode_00014,Request Count,16
2931,matchit_ascii,longterm_langchain_clp_chat,similar_grid_2,episode_00014,Aborted,0
2932,matchit_ascii,longterm_langchain_clp_chat,similar_grid_2,episode_00014,Success,0
2933,matchit_ascii,longterm_langchain_clp_chat,similar_grid_2,episode_00014,Lose,1
2934,matchit_ascii,longterm_langchain_clp_chat,similar_grid_2,episode_00014,Main Score,0
2935,matchit_ascii,longterm_langchain_clp_chat,similar_grid_2,episode_00014,Player Score,0
2936,matchit_ascii,longterm_langchain_clp_chat,similar_grid_2,episode_00015,Violated Request Count,0
2937,matchit_ascii,longterm_langchain_clp_chat,similar_grid_2,episode_00015,Parsed Request Count,16
2938,matchit_ascii,longterm_langchain_clp_chat,similar_grid_2,episode_00015,Request Count,16
2939,matchit_ascii,longterm_langchain_clp_chat,similar_grid_2,episode_00015,Aborted,0
2940,matchit_ascii,longterm_langchain_clp_chat,similar_grid_2,episode_00015,Success,1
2941,matchit_ascii,longterm_langchain_clp_chat,similar_grid_2,episode_00015,Lose,0
2942,matchit_ascii,longterm_langchain_clp_chat,similar_grid_2,episode_00015,Main Score,100
2943,matchit_ascii,longterm_langchain_clp_chat,similar_grid_2,episode_00015,Player Score,100
2944,matchit_ascii,longterm_langchain_clp_chat,similar_grid_2,episode_00016,Violated Request Count,0
2945,matchit_ascii,longterm_langchain_clp_chat,similar_grid_2,episode_00016,Parsed Request Count,16
2946,matchit_ascii,longterm_langchain_clp_chat,similar_grid_2,episode_00016,Request Count,16
2947,matchit_ascii,longterm_langchain_clp_chat,similar_grid_2,episode_00016,Aborted,0
2948,matchit_ascii,longterm_langchain_clp_chat,similar_grid_2,episode_00016,Success,1
2949,matchit_ascii,longterm_langchain_clp_chat,similar_grid_2,episode_00016,Lose,0
2950,matchit_ascii,longterm_langchain_clp_chat,similar_grid_2,episode_00016,Main Score,100
2951,matchit_ascii,longterm_langchain_clp_chat,similar_grid_2,episode_00016,Player Score,100
2952,matchit_ascii,longterm_langchain_clp_chat,similar_grid_2,episode_00017,Violated Request Count,0
2953,matchit_ascii,longterm_langchain_clp_chat,similar_grid_2,episode_00017,Parsed Request Count,16
2954,matchit_ascii,longterm_langchain_clp_chat,similar_grid_2,episode_00017,Request Count,16
2955,matchit_ascii,longterm_langchain_clp_chat,similar_grid_2,episode_00017,Aborted,0
2956,matchit_ascii,longterm_langchain_clp_chat,similar_grid_2,episode_00017,Success,0
2957,matchit_ascii,longterm_langchain_clp_chat,similar_grid_2,episode_00017,Lose,1
2958,matchit_ascii,longterm_langchain_clp_chat,similar_grid_2,episode_00017,Main Score,0
2959,matchit_ascii,longterm_langchain_clp_chat,similar_grid_2,episode_00017,Player Score,0
2960,matchit_ascii,longterm_langchain_clp_chat,similar_grid_2,episode_00018,Violated Request Count,0
2961,matchit_ascii,longterm_langchain_clp_chat,similar_grid_2,episode_00018,Parsed Request Count,16
2962,matchit_ascii,longterm_langchain_clp_chat,similar_grid_2,episode_00018,Request Count,16
2963,matchit_ascii,longterm_langchain_clp_chat,similar_grid_2,episode_00018,Aborted,0
2964,matchit_ascii,longterm_langchain_clp_chat,similar_grid_2,episode_00018,Success,0
2965,matchit_ascii,longterm_langchain_clp_chat,similar_grid_2,episode_00018,Lose,1
2966,matchit_ascii,longterm_langchain_clp_chat,similar_grid_2,episode_00018,Main Score,0
2967,matchit_ascii,longterm_langchain_clp_chat,similar_grid_2,episode_00018,Player Score,0
2968,mm_mapworld,longterm_langchain_clp_chat,large,episode_00011,Aborted,1
2969,mm_mapworld,longterm_langchain_clp_chat,large,episode_00011,Success,
2970,mm_mapworld,longterm_langchain_clp_chat,large,episode_00011,Lose,
2971,mm_mapworld,longterm_langchain_clp_chat,large,episode_00011,moves,
2972,mm_mapworld,longterm_langchain_clp_chat,large,episode_00011,valid_moves,
2973,mm_mapworld,longterm_langchain_clp_chat,large,episode_00011,invalid_moves,
2974,mm_mapworld,longterm_langchain_clp_chat,large,episode_00011,visited,
2975,mm_mapworld,longterm_langchain_clp_chat,large,episode_00011,seen,
2976,mm_mapworld,longterm_langchain_clp_chat,large,episode_00011,effieciency,
2977,mm_mapworld,longterm_langchain_clp_chat,large,episode_00011,exploration,
2978,mm_mapworld,longterm_langchain_clp_chat,large,episode_00011,Main Score,
2979,mm_mapworld,longterm_langchain_clp_chat,large,episode_00012,Aborted,1
2980,mm_mapworld,longterm_langchain_clp_chat,large,episode_00012,Success,
2981,mm_mapworld,longterm_langchain_clp_chat,large,episode_00012,Lose,
2982,mm_mapworld,longterm_langchain_clp_chat,large,episode_00012,moves,
2983,mm_mapworld,longterm_langchain_clp_chat,large,episode_00012,valid_moves,
2984,mm_mapworld,longterm_langchain_clp_chat,large,episode_00012,invalid_moves,
2985,mm_mapworld,longterm_langchain_clp_chat,large,episode_00012,visited,
2986,mm_mapworld,longterm_langchain_clp_chat,large,episode_00012,seen,
2987,mm_mapworld,longterm_langchain_clp_chat,large,episode_00012,effieciency,
2988,mm_mapworld,longterm_langchain_clp_chat,large,episode_00012,exploration,
2989,mm_mapworld,longterm_langchain_clp_chat,large,episode_00012,Main Score,
2990,mm_mapworld,longterm_langchain_clp_chat,large,episode_00013,Aborted,1
2991,mm_mapworld,longterm_langchain_clp_chat,large,episode_00013,Success,
2992,mm_mapworld,longterm_langchain_clp_chat,large,episode_00013,Lose,
2993,mm_mapworld,longterm_langchain_clp_chat,large,episode_00013,moves,
2994,mm_mapworld,longterm_langchain_clp_chat,large,episode_00013,valid_moves,
2995,mm_mapworld,longterm_langchain_clp_chat,large,episode_00013,invalid_moves,
2996,mm_mapworld,longterm_langchain_clp_chat,large,episode_00013,visited,
2997,mm_mapworld,longterm_langchain_clp_chat,large,episode_00013,seen,
2998,mm_mapworld,longterm_langchain_clp_chat,large,episode_00013,effieciency,
2999,mm_mapworld,longterm_langchain_clp_chat,large,episode_00013,exploration,
3000,mm_mapworld,longterm_langchain_clp_chat,large,episode_00013,Main Score,
3001,mm_mapworld,longterm_langchain_clp_chat,large,episode_00014,Aborted,1
3002,mm_mapworld,longterm_langchain_clp_chat,large,episode_00014,Success,
3003,mm_mapworld,longterm_langchain_clp_chat,large,episode_00014,Lose,
3004,mm_mapworld,longterm_langchain_clp_chat,large,episode_00014,moves,
3005,mm_mapworld,longterm_langchain_clp_chat,large,episode_00014,valid_moves,
3006,mm_mapworld,longterm_langchain_clp_chat,large,episode_00014,invalid_moves,
3007,mm_mapworld,longterm_langchain_clp_chat,large,episode_00014,visited,
3008,mm_mapworld,longterm_langchain_clp_chat,large,episode_00014,seen,
3009,mm_mapworld,longterm_langchain_clp_chat,large,episode_00014,effieciency,
3010,mm_mapworld,longterm_langchain_clp_chat,large,episode_00014,exploration,
3011,mm_mapworld,longterm_langchain_clp_chat,large,episode_00014,Main Score,
3012,mm_mapworld,longterm_langchain_clp_chat,large,episode_00015,Aborted,1
3013,mm_mapworld,longterm_langchain_clp_chat,large,episode_00015,Success,
3014,mm_mapworld,longterm_langchain_clp_chat,large,episode_00015,Lose,
3015,mm_mapworld,longterm_langchain_clp_chat,large,episode_00015,moves,
3016,mm_mapworld,longterm_langchain_clp_chat,large,episode_00015,valid_moves,
3017,mm_mapworld,longterm_langchain_clp_chat,large,episode_00015,invalid_moves,
3018,mm_mapworld,longterm_langchain_clp_chat,large,episode_00015,visited,
3019,mm_mapworld,longterm_langchain_clp_chat,large,episode_00015,seen,
3020,mm_mapworld,longterm_langchain_clp_chat,large,episode_00015,effieciency,
3021,mm_mapworld,longterm_langchain_clp_chat,large,episode_00015,exploration,
3022,mm_mapworld,longterm_langchain_clp_chat,large,episode_00015,Main Score,
3023,mm_mapworld,longterm_langchain_clp_chat,large_cycle,episode_00021,Aborted,0
3024,mm_mapworld,longterm_langchain_clp_chat,large_cycle,episode_00021,Success,0
3025,mm_mapworld,longterm_langchain_clp_chat,large_cycle,episode_00021,Lose,1
3026,mm_mapworld,longterm_langchain_clp_chat,large_cycle,episode_00021,moves,0
3027,mm_mapworld,longterm_langchain_clp_chat,large_cycle,episode_00021,valid_moves,0
3028,mm_mapworld,longterm_langchain_clp_chat,large_cycle,episode_00021,invalid_moves,0
3029,mm_mapworld,longterm_langchain_clp_chat,large_cycle,episode_00021,visited,1
3030,mm_mapworld,longterm_langchain_clp_chat,large_cycle,episode_00021,seen,2
3031,mm_mapworld,longterm_langchain_clp_chat,large_cycle,episode_00021,effieciency,0.0
3032,mm_mapworld,longterm_langchain_clp_chat,large_cycle,episode_00021,exploration,12.5
3033,mm_mapworld,longterm_langchain_clp_chat,large_cycle,episode_00021,Main Score,0.0
3034,mm_mapworld,longterm_langchain_clp_chat,large_cycle,episode_00022,Aborted,0
3035,mm_mapworld,longterm_langchain_clp_chat,large_cycle,episode_00022,Success,0
3036,mm_mapworld,longterm_langchain_clp_chat,large_cycle,episode_00022,Lose,1
3037,mm_mapworld,longterm_langchain_clp_chat,large_cycle,episode_00022,moves,0
3038,mm_mapworld,longterm_langchain_clp_chat,large_cycle,episode_00022,valid_moves,0
3039,mm_mapworld,longterm_langchain_clp_chat,large_cycle,episode_00022,invalid_moves,0
3040,mm_mapworld,longterm_langchain_clp_chat,large_cycle,episode_00022,visited,1
3041,mm_mapworld,longterm_langchain_clp_chat,large_cycle,episode_00022,seen,3
3042,mm_mapworld,longterm_langchain_clp_chat,large_cycle,episode_00022,effieciency,0.0
3043,mm_mapworld,longterm_langchain_clp_chat,large_cycle,episode_00022,exploration,12.5
3044,mm_mapworld,longterm_langchain_clp_chat,large_cycle,episode_00022,Main Score,0.0
3045,mm_mapworld,longterm_langchain_clp_chat,large_cycle,episode_00023,Aborted,0
3046,mm_mapworld,longterm_langchain_clp_chat,large_cycle,episode_00023,Success,0
3047,mm_mapworld,longterm_langchain_clp_chat,large_cycle,episode_00023,Lose,1
3048,mm_mapworld,longterm_langchain_clp_chat,large_cycle,episode_00023,moves,0
3049,mm_mapworld,longterm_langchain_clp_chat,large_cycle,episode_00023,valid_moves,0
3050,mm_mapworld,longterm_langchain_clp_chat,large_cycle,episode_00023,invalid_moves,0
3051,mm_mapworld,longterm_langchain_clp_chat,large_cycle,episode_00023,visited,1
3052,mm_mapworld,longterm_langchain_clp_chat,large_cycle,episode_00023,seen,4
3053,mm_mapworld,longterm_langchain_clp_chat,large_cycle,episode_00023,effieciency,0.0
3054,mm_mapworld,longterm_langchain_clp_chat,large_cycle,episode_00023,exploration,12.5
3055,mm_mapworld,longterm_langchain_clp_chat,large_cycle,episode_00023,Main Score,0.0
3056,mm_mapworld,longterm_langchain_clp_chat,large_cycle,episode_00024,Aborted,0
3057,mm_mapworld,longterm_langchain_clp_chat,large_cycle,episode_00024,Success,0
3058,mm_mapworld,longterm_langchain_clp_chat,large_cycle,episode_00024,Lose,1
3059,mm_mapworld,longterm_langchain_clp_chat,large_cycle,episode_00024,moves,0
3060,mm_mapworld,longterm_langchain_clp_chat,large_cycle,episode_00024,valid_moves,0
3061,mm_mapworld,longterm_langchain_clp_chat,large_cycle,episode_00024,invalid_moves,0
3062,mm_mapworld,longterm_langchain_clp_chat,large_cycle,episode_00024,visited,1
3063,mm_mapworld,longterm_langchain_clp_chat,large_cycle,episode_00024,seen,3
3064,mm_mapworld,longterm_langchain_clp_chat,large_cycle,episode_00024,effieciency,0.0
3065,mm_mapworld,longterm_langchain_clp_chat,large_cycle,episode_00024,exploration,12.5
3066,mm_mapworld,longterm_langchain_clp_chat,large_cycle,episode_00024,Main Score,0.0
3067,mm_mapworld,longterm_langchain_clp_chat,large_cycle,episode_00025,Aborted,0
3068,mm_mapworld,longterm_langchain_clp_chat,large_cycle,episode_00025,Success,0
3069,mm_mapworld,longterm_langchain_clp_chat,large_cycle,episode_00025,Lose,1
3070,mm_mapworld,longterm_langchain_clp_chat,large_cycle,episode_00025,moves,0
3071,mm_mapworld,longterm_langchain_clp_chat,large_cycle,episode_00025,valid_moves,0
3072,mm_mapworld,longterm_langchain_clp_chat,large_cycle,episode_00025,invalid_moves,0
3073,mm_mapworld,longterm_langchain_clp_chat,large_cycle,episode_00025,visited,1
3074,mm_mapworld,longterm_langchain_clp_chat,large_cycle,episode_00025,seen,3
3075,mm_mapworld,longterm_langchain_clp_chat,large_cycle,episode_00025,effieciency,0.0
3076,mm_mapworld,longterm_langchain_clp_chat,large_cycle,episode_00025,exploration,12.5
3077,mm_mapworld,longterm_langchain_clp_chat,large_cycle,episode_00025,Main Score,0.0
3078,mm_mapworld,longterm_langchain_clp_chat,medium,episode_00006,Aborted,1
3079,mm_mapworld,longterm_langchain_clp_chat,medium,episode_00006,Success,
3080,mm_mapworld,longterm_langchain_clp_chat,medium,episode_00006,Lose,
3081,mm_mapworld,longterm_langchain_clp_chat,medium,episode_00006,moves,
3082,mm_mapworld,longterm_langchain_clp_chat,medium,episode_00006,valid_moves,
3083,mm_mapworld,longterm_langchain_clp_chat,medium,episode_00006,invalid_moves,
3084,mm_mapworld,longterm_langchain_clp_chat,medium,episode_00006,visited,
3085,mm_mapworld,longterm_langchain_clp_chat,medium,episode_00006,seen,
3086,mm_mapworld,longterm_langchain_clp_chat,medium,episode_00006,effieciency,
3087,mm_mapworld,longterm_langchain_clp_chat,medium,episode_00006,exploration,
3088,mm_mapworld,longterm_langchain_clp_chat,medium,episode_00006,Main Score,
3089,mm_mapworld,longterm_langchain_clp_chat,medium,episode_00007,Aborted,0
3090,mm_mapworld,longterm_langchain_clp_chat,medium,episode_00007,Success,0
3091,mm_mapworld,longterm_langchain_clp_chat,medium,episode_00007,Lose,1
3092,mm_mapworld,longterm_langchain_clp_chat,medium,episode_00007,moves,3
3093,mm_mapworld,longterm_langchain_clp_chat,medium,episode_00007,valid_moves,3
3094,mm_mapworld,longterm_langchain_clp_chat,medium,episode_00007,invalid_moves,0
3095,mm_mapworld,longterm_langchain_clp_chat,medium,episode_00007,visited,3
3096,mm_mapworld,longterm_langchain_clp_chat,medium,episode_00007,seen,4
3097,mm_mapworld,longterm_langchain_clp_chat,medium,episode_00007,effieciency,66.66666666666667
3098,mm_mapworld,longterm_langchain_clp_chat,medium,episode_00007,exploration,50.0
3099,mm_mapworld,longterm_langchain_clp_chat,medium,episode_00007,Main Score,57.142857142857146
3100,mm_mapworld,longterm_langchain_clp_chat,medium,episode_00008,Aborted,1
3101,mm_mapworld,longterm_langchain_clp_chat,medium,episode_00008,Success,
3102,mm_mapworld,longterm_langchain_clp_chat,medium,episode_00008,Lose,
3103,mm_mapworld,longterm_langchain_clp_chat,medium,episode_00008,moves,
3104,mm_mapworld,longterm_langchain_clp_chat,medium,episode_00008,valid_moves,
3105,mm_mapworld,longterm_langchain_clp_chat,medium,episode_00008,invalid_moves,
3106,mm_mapworld,longterm_langchain_clp_chat,medium,episode_00008,visited,
3107,mm_mapworld,longterm_langchain_clp_chat,medium,episode_00008,seen,
3108,mm_mapworld,longterm_langchain_clp_chat,medium,episode_00008,effieciency,
3109,mm_mapworld,longterm_langchain_clp_chat,medium,episode_00008,exploration,
3110,mm_mapworld,longterm_langchain_clp_chat,medium,episode_00008,Main Score,
3111,mm_mapworld,longterm_langchain_clp_chat,medium,episode_00009,Aborted,1
3112,mm_mapworld,longterm_langchain_clp_chat,medium,episode_00009,Success,
3113,mm_mapworld,longterm_langchain_clp_chat,medium,episode_00009,Lose,
3114,mm_mapworld,longterm_langchain_clp_chat,medium,episode_00009,moves,
3115,mm_mapworld,longterm_langchain_clp_chat,medium,episode_00009,valid_moves,
3116,mm_mapworld,longterm_langchain_clp_chat,medium,episode_00009,invalid_moves,
3117,mm_mapworld,longterm_langchain_clp_chat,medium,episode_00009,visited,
3118,mm_mapworld,longterm_langchain_clp_chat,medium,episode_00009,seen,
3119,mm_mapworld,longterm_langchain_clp_chat,medium,episode_00009,effieciency,
3120,mm_mapworld,longterm_langchain_clp_chat,medium,episode_00009,exploration,
3121,mm_mapworld,longterm_langchain_clp_chat,medium,episode_00009,Main Score,
3122,mm_mapworld,longterm_langchain_clp_chat,medium,episode_00010,Aborted,1
3123,mm_mapworld,longterm_langchain_clp_chat,medium,episode_00010,Success,
3124,mm_mapworld,longterm_langchain_clp_chat,medium,episode_00010,Lose,
3125,mm_mapworld,longterm_langchain_clp_chat,medium,episode_00010,moves,
3126,mm_mapworld,longterm_langchain_clp_chat,medium,episode_00010,valid_moves,
3127,mm_mapworld,longterm_langchain_clp_chat,medium,episode_00010,invalid_moves,
3128,mm_mapworld,longterm_langchain_clp_chat,medium,episode_00010,visited,
3129,mm_mapworld,longterm_langchain_clp_chat,medium,episode_00010,seen,
3130,mm_mapworld,longterm_langchain_clp_chat,medium,episode_00010,effieciency,
3131,mm_mapworld,longterm_langchain_clp_chat,medium,episode_00010,exploration,
3132,mm_mapworld,longterm_langchain_clp_chat,medium,episode_00010,Main Score,
3133,mm_mapworld,longterm_langchain_clp_chat,medium_cycle,episode_00016,Aborted,0
3134,mm_mapworld,longterm_langchain_clp_chat,medium_cycle,episode_00016,Success,0
3135,mm_mapworld,longterm_langchain_clp_chat,medium_cycle,episode_00016,Lose,1
3136,mm_mapworld,longterm_langchain_clp_chat,medium_cycle,episode_00016,moves,6
3137,mm_mapworld,longterm_langchain_clp_chat,medium_cycle,episode_00016,valid_moves,6
3138,mm_mapworld,longterm_langchain_clp_chat,medium_cycle,episode_00016,invalid_moves,0
3139,mm_mapworld,longterm_langchain_clp_chat,medium_cycle,episode_00016,visited,4
3140,mm_mapworld,longterm_langchain_clp_chat,medium_cycle,episode_00016,seen,6
3141,mm_mapworld,longterm_langchain_clp_chat,medium_cycle,episode_00016,effieciency,33.333333333333336
3142,mm_mapworld,longterm_langchain_clp_chat,medium_cycle,episode_00016,exploration,66.66666666666667
3143,mm_mapworld,longterm_langchain_clp_chat,medium_cycle,episode_00016,Main Score,44.44444444444445
3144,mm_mapworld,longterm_langchain_clp_chat,medium_cycle,episode_00017,Aborted,0
3145,mm_mapworld,longterm_langchain_clp_chat,medium_cycle,episode_00017,Success,0
3146,mm_mapworld,longterm_langchain_clp_chat,medium_cycle,episode_00017,Lose,1
3147,mm_mapworld,longterm_langchain_clp_chat,medium_cycle,episode_00017,moves,3
3148,mm_mapworld,longterm_langchain_clp_chat,medium_cycle,episode_00017,valid_moves,3
3149,mm_mapworld,longterm_langchain_clp_chat,medium_cycle,episode_00017,invalid_moves,0
3150,mm_mapworld,longterm_langchain_clp_chat,medium_cycle,episode_00017,visited,4
3151,mm_mapworld,longterm_langchain_clp_chat,medium_cycle,episode_00017,seen,5
3152,mm_mapworld,longterm_langchain_clp_chat,medium_cycle,episode_00017,effieciency,100.0
3153,mm_mapworld,longterm_langchain_clp_chat,medium_cycle,episode_00017,exploration,66.66666666666667
3154,mm_mapworld,longterm_langchain_clp_chat,medium_cycle,episode_00017,Main Score,80.0
3155,mm_mapworld,longterm_langchain_clp_chat,medium_cycle,episode_00018,Aborted,1
3156,mm_mapworld,longterm_langchain_clp_chat,medium_cycle,episode_00018,Success,
3157,mm_mapworld,longterm_langchain_clp_chat,medium_cycle,episode_00018,Lose,
3158,mm_mapworld,longterm_langchain_clp_chat,medium_cycle,episode_00018,moves,
3159,mm_mapworld,longterm_langchain_clp_chat,medium_cycle,episode_00018,valid_moves,
3160,mm_mapworld,longterm_langchain_clp_chat,medium_cycle,episode_00018,invalid_moves,
3161,mm_mapworld,longterm_langchain_clp_chat,medium_cycle,episode_00018,visited,
3162,mm_mapworld,longterm_langchain_clp_chat,medium_cycle,episode_00018,seen,
3163,mm_mapworld,longterm_langchain_clp_chat,medium_cycle,episode_00018,effieciency,
3164,mm_mapworld,longterm_langchain_clp_chat,medium_cycle,episode_00018,exploration,
3165,mm_mapworld,longterm_langchain_clp_chat,medium_cycle,episode_00018,Main Score,
3166,mm_mapworld,longterm_langchain_clp_chat,medium_cycle,episode_00019,Aborted,0
3167,mm_mapworld,longterm_langchain_clp_chat,medium_cycle,episode_00019,Success,0
3168,mm_mapworld,longterm_langchain_clp_chat,medium_cycle,episode_00019,Lose,1
3169,mm_mapworld,longterm_langchain_clp_chat,medium_cycle,episode_00019,moves,0
3170,mm_mapworld,longterm_langchain_clp_chat,medium_cycle,episode_00019,valid_moves,0
3171,mm_mapworld,longterm_langchain_clp_chat,medium_cycle,episode_00019,invalid_moves,0
3172,mm_mapworld,longterm_langchain_clp_chat,medium_cycle,episode_00019,visited,1
3173,mm_mapworld,longterm_langchain_clp_chat,medium_cycle,episode_00019,seen,3
3174,mm_mapworld,longterm_langchain_clp_chat,medium_cycle,episode_00019,effieciency,0.0
3175,mm_mapworld,longterm_langchain_clp_chat,medium_cycle,episode_00019,exploration,16.666666666666668
3176,mm_mapworld,longterm_langchain_clp_chat,medium_cycle,episode_00019,Main Score,0.0
3177,mm_mapworld,longterm_langchain_clp_chat,medium_cycle,episode_00020,Aborted,0
3178,mm_mapworld,longterm_langchain_clp_chat,medium_cycle,episode_00020,Success,0
3179,mm_mapworld,longterm_langchain_clp_chat,medium_cycle,episode_00020,Lose,1
3180,mm_mapworld,longterm_langchain_clp_chat,medium_cycle,episode_00020,moves,0
3181,mm_mapworld,longterm_langchain_clp_chat,medium_cycle,episode_00020,valid_moves,0
3182,mm_mapworld,longterm_langchain_clp_chat,medium_cycle,episode_00020,invalid_moves,0
3183,mm_mapworld,longterm_langchain_clp_chat,medium_cycle,episode_00020,visited,1
3184,mm_mapworld,longterm_langchain_clp_chat,medium_cycle,episode_00020,seen,4
3185,mm_mapworld,longterm_langchain_clp_chat,medium_cycle,episode_00020,effieciency,0.0
3186,mm_mapworld,longterm_langchain_clp_chat,medium_cycle,episode_00020,exploration,16.666666666666668
3187,mm_mapworld,longterm_langchain_clp_chat,medium_cycle,episode_00020,Main Score,0.0
3188,mm_mapworld,longterm_langchain_clp_chat,small,episode_00001,Aborted,1
3189,mm_mapworld,longterm_langchain_clp_chat,small,episode_00001,Success,
3190,mm_mapworld,longterm_langchain_clp_chat,small,episode_00001,Lose,
3191,mm_mapworld,longterm_langchain_clp_chat,small,episode_00001,moves,
3192,mm_mapworld,longterm_langchain_clp_chat,small,episode_00001,valid_moves,
3193,mm_mapworld,longterm_langchain_clp_chat,small,episode_00001,invalid_moves,
3194,mm_mapworld,longterm_langchain_clp_chat,small,episode_00001,visited,
3195,mm_mapworld,longterm_langchain_clp_chat,small,episode_00001,seen,
3196,mm_mapworld,longterm_langchain_clp_chat,small,episode_00001,effieciency,
3197,mm_mapworld,longterm_langchain_clp_chat,small,episode_00001,exploration,
3198,mm_mapworld,longterm_langchain_clp_chat,small,episode_00001,Main Score,
3199,mm_mapworld,longterm_langchain_clp_chat,small,episode_00002,Aborted,1
3200,mm_mapworld,longterm_langchain_clp_chat,small,episode_00002,Success,
3201,mm_mapworld,longterm_langchain_clp_chat,small,episode_00002,Lose,
3202,mm_mapworld,longterm_langchain_clp_chat,small,episode_00002,moves,
3203,mm_mapworld,longterm_langchain_clp_chat,small,episode_00002,valid_moves,
3204,mm_mapworld,longterm_langchain_clp_chat,small,episode_00002,invalid_moves,
3205,mm_mapworld,longterm_langchain_clp_chat,small,episode_00002,visited,
3206,mm_mapworld,longterm_langchain_clp_chat,small,episode_00002,seen,
3207,mm_mapworld,longterm_langchain_clp_chat,small,episode_00002,effieciency,
3208,mm_mapworld,longterm_langchain_clp_chat,small,episode_00002,exploration,
3209,mm_mapworld,longterm_langchain_clp_chat,small,episode_00002,Main Score,
3210,mm_mapworld,longterm_langchain_clp_chat,small,episode_00003,Aborted,1
3211,mm_mapworld,longterm_langchain_clp_chat,small,episode_00003,Success,
3212,mm_mapworld,longterm_langchain_clp_chat,small,episode_00003,Lose,
3213,mm_mapworld,longterm_langchain_clp_chat,small,episode_00003,moves,
3214,mm_mapworld,longterm_langchain_clp_chat,small,episode_00003,valid_moves,
3215,mm_mapworld,longterm_langchain_clp_chat,small,episode_00003,invalid_moves,
3216,mm_mapworld,longterm_langchain_clp_chat,small,episode_00003,visited,
3217,mm_mapworld,longterm_langchain_clp_chat,small,episode_00003,seen,
3218,mm_mapworld,longterm_langchain_clp_chat,small,episode_00003,effieciency,
3219,mm_mapworld,longterm_langchain_clp_chat,small,episode_00003,exploration,
3220,mm_mapworld,longterm_langchain_clp_chat,small,episode_00003,Main Score,
3221,mm_mapworld,longterm_langchain_clp_chat,small,episode_00004,Aborted,1
3222,mm_mapworld,longterm_langchain_clp_chat,small,episode_00004,Success,
3223,mm_mapworld,longterm_langchain_clp_chat,small,episode_00004,Lose,
3224,mm_mapworld,longterm_langchain_clp_chat,small,episode_00004,moves,
3225,mm_mapworld,longterm_langchain_clp_chat,small,episode_00004,valid_moves,
3226,mm_mapworld,longterm_langchain_clp_chat,small,episode_00004,invalid_moves,
3227,mm_mapworld,longterm_langchain_clp_chat,small,episode_00004,visited,
3228,mm_mapworld,longterm_langchain_clp_chat,small,episode_00004,seen,
3229,mm_mapworld,longterm_langchain_clp_chat,small,episode_00004,effieciency,
3230,mm_mapworld,longterm_langchain_clp_chat,small,episode_00004,exploration,
3231,mm_mapworld,longterm_langchain_clp_chat,small,episode_00004,Main Score,
3232,mm_mapworld,longterm_langchain_clp_chat,small,episode_00005,Aborted,1
3233,mm_mapworld,longterm_langchain_clp_chat,small,episode_00005,Success,
3234,mm_mapworld,longterm_langchain_clp_chat,small,episode_00005,Lose,
3235,mm_mapworld,longterm_langchain_clp_chat,small,episode_00005,moves,
3236,mm_mapworld,longterm_langchain_clp_chat,small,episode_00005,valid_moves,
3237,mm_mapworld,longterm_langchain_clp_chat,small,episode_00005,invalid_moves,
3238,mm_mapworld,longterm_langchain_clp_chat,small,episode_00005,visited,
3239,mm_mapworld,longterm_langchain_clp_chat,small,episode_00005,seen,
3240,mm_mapworld,longterm_langchain_clp_chat,small,episode_00005,effieciency,
3241,mm_mapworld,longterm_langchain_clp_chat,small,episode_00005,exploration,
3242,mm_mapworld,longterm_langchain_clp_chat,small,episode_00005,Main Score,
3243,multimodal_referencegame,longterm_langchain_clp_chat,CLEVR_images,episode_00015,Generated Expression Length,38
3244,multimodal_referencegame,longterm_langchain_clp_chat,CLEVR_images,episode_00015,Generated Expression Number of Tokens,8
3245,multimodal_referencegame,longterm_langchain_clp_chat,CLEVR_images,episode_00015,Aborted at Player 1,0
3246,multimodal_referencegame,longterm_langchain_clp_chat,CLEVR_images,episode_00015,Aborted at Player 2,0
3247,multimodal_referencegame,longterm_langchain_clp_chat,CLEVR_images,episode_00015,Request Count,2
3248,multimodal_referencegame,longterm_langchain_clp_chat,CLEVR_images,episode_00015,Parsed Request Count,2
3249,multimodal_referencegame,longterm_langchain_clp_chat,CLEVR_images,episode_00015,Violated Request Count,0
3250,multimodal_referencegame,longterm_langchain_clp_chat,CLEVR_images,episode_00015,Aborted,0
3251,multimodal_referencegame,longterm_langchain_clp_chat,CLEVR_images,episode_00015,Success,0
3252,multimodal_referencegame,longterm_langchain_clp_chat,CLEVR_images,episode_00015,Lose,1
3253,multimodal_referencegame,longterm_langchain_clp_chat,CLEVR_images,episode_00015,Main Score,0
3254,multimodal_referencegame,longterm_langchain_clp_chat,CLEVR_images,episode_00015,Request Success Ratio,1.0
3255,multimodal_referencegame,longterm_langchain_clp_chat,CLEVR_images,episode_00016,Generated Expression Length,38
3256,multimodal_referencegame,longterm_langchain_clp_chat,CLEVR_images,episode_00016,Generated Expression Number of Tokens,8
3257,multimodal_referencegame,longterm_langchain_clp_chat,CLEVR_images,episode_00016,Aborted at Player 1,0
3258,multimodal_referencegame,longterm_langchain_clp_chat,CLEVR_images,episode_00016,Aborted at Player 2,0
3259,multimodal_referencegame,longterm_langchain_clp_chat,CLEVR_images,episode_00016,Request Count,2
3260,multimodal_referencegame,longterm_langchain_clp_chat,CLEVR_images,episode_00016,Parsed Request Count,2
3261,multimodal_referencegame,longterm_langchain_clp_chat,CLEVR_images,episode_00016,Violated Request Count,0
3262,multimodal_referencegame,longterm_langchain_clp_chat,CLEVR_images,episode_00016,Aborted,0
3263,multimodal_referencegame,longterm_langchain_clp_chat,CLEVR_images,episode_00016,Success,1
3264,multimodal_referencegame,longterm_langchain_clp_chat,CLEVR_images,episode_00016,Lose,0
3265,multimodal_referencegame,longterm_langchain_clp_chat,CLEVR_images,episode_00016,Main Score,100
3266,multimodal_referencegame,longterm_langchain_clp_chat,CLEVR_images,episode_00016,Request Success Ratio,1.0
3267,multimodal_referencegame,longterm_langchain_clp_chat,CLEVR_static_target_images,episode_00017,Generated Expression Length,38
3268,multimodal_referencegame,longterm_langchain_clp_chat,CLEVR_static_target_images,episode_00017,Generated Expression Number of Tokens,8
3269,multimodal_referencegame,longterm_langchain_clp_chat,CLEVR_static_target_images,episode_00017,Aborted at Player 1,0
3270,multimodal_referencegame,longterm_langchain_clp_chat,CLEVR_static_target_images,episode_00017,Aborted at Player 2,0
3271,multimodal_referencegame,longterm_langchain_clp_chat,CLEVR_static_target_images,episode_00017,Request Count,2
3272,multimodal_referencegame,longterm_langchain_clp_chat,CLEVR_static_target_images,episode_00017,Parsed Request Count,2
3273,multimodal_referencegame,longterm_langchain_clp_chat,CLEVR_static_target_images,episode_00017,Violated Request Count,0
3274,multimodal_referencegame,longterm_langchain_clp_chat,CLEVR_static_target_images,episode_00017,Aborted,0
3275,multimodal_referencegame,longterm_langchain_clp_chat,CLEVR_static_target_images,episode_00017,Success,0
3276,multimodal_referencegame,longterm_langchain_clp_chat,CLEVR_static_target_images,episode_00017,Lose,1
3277,multimodal_referencegame,longterm_langchain_clp_chat,CLEVR_static_target_images,episode_00017,Main Score,0
3278,multimodal_referencegame,longterm_langchain_clp_chat,CLEVR_static_target_images,episode_00017,Request Success Ratio,1.0
3279,multimodal_referencegame,longterm_langchain_clp_chat,CLEVR_static_target_images,episode_00018,Generated Expression Length,38
3280,multimodal_referencegame,longterm_langchain_clp_chat,CLEVR_static_target_images,episode_00018,Generated Expression Number of Tokens,8
3281,multimodal_referencegame,longterm_langchain_clp_chat,CLEVR_static_target_images,episode_00018,Aborted at Player 1,0
3282,multimodal_referencegame,longterm_langchain_clp_chat,CLEVR_static_target_images,episode_00018,Aborted at Player 2,0
3283,multimodal_referencegame,longterm_langchain_clp_chat,CLEVR_static_target_images,episode_00018,Request Count,2
3284,multimodal_referencegame,longterm_langchain_clp_chat,CLEVR_static_target_images,episode_00018,Parsed Request Count,2
3285,multimodal_referencegame,longterm_langchain_clp_chat,CLEVR_static_target_images,episode_00018,Violated Request Count,0
3286,multimodal_referencegame,longterm_langchain_clp_chat,CLEVR_static_target_images,episode_00018,Aborted,0
3287,multimodal_referencegame,longterm_langchain_clp_chat,CLEVR_static_target_images,episode_00018,Success,1
3288,multimodal_referencegame,longterm_langchain_clp_chat,CLEVR_static_target_images,episode_00018,Lose,0
3289,multimodal_referencegame,longterm_langchain_clp_chat,CLEVR_static_target_images,episode_00018,Main Score,100
3290,multimodal_referencegame,longterm_langchain_clp_chat,CLEVR_static_target_images,episode_00018,Request Success Ratio,1.0
3291,multimodal_referencegame,longterm_langchain_clp_chat,diagonal_grids,episode_00005,Generated Expression Length,38
3292,multimodal_referencegame,longterm_langchain_clp_chat,diagonal_grids,episode_00005,Generated Expression Number of Tokens,8
3293,multimodal_referencegame,longterm_langchain_clp_chat,diagonal_grids,episode_00005,Aborted at Player 1,0
3294,multimodal_referencegame,longterm_langchain_clp_chat,diagonal_grids,episode_00005,Aborted at Player 2,0
3295,multimodal_referencegame,longterm_langchain_clp_chat,diagonal_grids,episode_00005,Request Count,2
3296,multimodal_referencegame,longterm_langchain_clp_chat,diagonal_grids,episode_00005,Parsed Request Count,2
3297,multimodal_referencegame,longterm_langchain_clp_chat,diagonal_grids,episode_00005,Violated Request Count,0
3298,multimodal_referencegame,longterm_langchain_clp_chat,diagonal_grids,episode_00005,Aborted,0
3299,multimodal_referencegame,longterm_langchain_clp_chat,diagonal_grids,episode_00005,Success,1
3300,multimodal_referencegame,longterm_langchain_clp_chat,diagonal_grids,episode_00005,Lose,0
3301,multimodal_referencegame,longterm_langchain_clp_chat,diagonal_grids,episode_00005,Main Score,100
3302,multimodal_referencegame,longterm_langchain_clp_chat,diagonal_grids,episode_00005,Request Success Ratio,1.0
3303,multimodal_referencegame,longterm_langchain_clp_chat,diagonal_grids,episode_00006,Generated Expression Length,38
3304,multimodal_referencegame,longterm_langchain_clp_chat,diagonal_grids,episode_00006,Generated Expression Number of Tokens,8
3305,multimodal_referencegame,longterm_langchain_clp_chat,diagonal_grids,episode_00006,Aborted at Player 1,0
3306,multimodal_referencegame,longterm_langchain_clp_chat,diagonal_grids,episode_00006,Aborted at Player 2,0
3307,multimodal_referencegame,longterm_langchain_clp_chat,diagonal_grids,episode_00006,Request Count,2
3308,multimodal_referencegame,longterm_langchain_clp_chat,diagonal_grids,episode_00006,Parsed Request Count,2
3309,multimodal_referencegame,longterm_langchain_clp_chat,diagonal_grids,episode_00006,Violated Request Count,0
3310,multimodal_referencegame,longterm_langchain_clp_chat,diagonal_grids,episode_00006,Aborted,0
3311,multimodal_referencegame,longterm_langchain_clp_chat,diagonal_grids,episode_00006,Success,0
3312,multimodal_referencegame,longterm_langchain_clp_chat,diagonal_grids,episode_00006,Lose,1
3313,multimodal_referencegame,longterm_langchain_clp_chat,diagonal_grids,episode_00006,Main Score,0
3314,multimodal_referencegame,longterm_langchain_clp_chat,diagonal_grids,episode_00006,Request Success Ratio,1.0
3315,multimodal_referencegame,longterm_langchain_clp_chat,DOCCI_images,episode_00013,Generated Expression Length,38
3316,multimodal_referencegame,longterm_langchain_clp_chat,DOCCI_images,episode_00013,Generated Expression Number of Tokens,8
3317,multimodal_referencegame,longterm_langchain_clp_chat,DOCCI_images,episode_00013,Aborted at Player 1,0
3318,multimodal_referencegame,longterm_langchain_clp_chat,DOCCI_images,episode_00013,Aborted at Player 2,0
3319,multimodal_referencegame,longterm_langchain_clp_chat,DOCCI_images,episode_00013,Request Count,2
3320,multimodal_referencegame,longterm_langchain_clp_chat,DOCCI_images,episode_00013,Parsed Request Count,2
3321,multimodal_referencegame,longterm_langchain_clp_chat,DOCCI_images,episode_00013,Violated Request Count,0
3322,multimodal_referencegame,longterm_langchain_clp_chat,DOCCI_images,episode_00013,Aborted,0
3323,multimodal_referencegame,longterm_langchain_clp_chat,DOCCI_images,episode_00013,Success,0
3324,multimodal_referencegame,longterm_langchain_clp_chat,DOCCI_images,episode_00013,Lose,1
3325,multimodal_referencegame,longterm_langchain_clp_chat,DOCCI_images,episode_00013,Main Score,0
3326,multimodal_referencegame,longterm_langchain_clp_chat,DOCCI_images,episode_00013,Request Success Ratio,1.0
3327,multimodal_referencegame,longterm_langchain_clp_chat,DOCCI_images,episode_00014,Generated Expression Length,39
3328,multimodal_referencegame,longterm_langchain_clp_chat,DOCCI_images,episode_00014,Generated Expression Number of Tokens,8
3329,multimodal_referencegame,longterm_langchain_clp_chat,DOCCI_images,episode_00014,Aborted at Player 1,0
3330,multimodal_referencegame,longterm_langchain_clp_chat,DOCCI_images,episode_00014,Aborted at Player 2,0
3331,multimodal_referencegame,longterm_langchain_clp_chat,DOCCI_images,episode_00014,Request Count,2
3332,multimodal_referencegame,longterm_langchain_clp_chat,DOCCI_images,episode_00014,Parsed Request Count,2
3333,multimodal_referencegame,longterm_langchain_clp_chat,DOCCI_images,episode_00014,Violated Request Count,0
3334,multimodal_referencegame,longterm_langchain_clp_chat,DOCCI_images,episode_00014,Aborted,0
3335,multimodal_referencegame,longterm_langchain_clp_chat,DOCCI_images,episode_00014,Success,1
3336,multimodal_referencegame,longterm_langchain_clp_chat,DOCCI_images,episode_00014,Lose,0
3337,multimodal_referencegame,longterm_langchain_clp_chat,DOCCI_images,episode_00014,Main Score,100
3338,multimodal_referencegame,longterm_langchain_clp_chat,DOCCI_images,episode_00014,Request Success Ratio,1.0
3339,multimodal_referencegame,longterm_langchain_clp_chat,DOCCI_static_target_images,episode_00019,Generated Expression Length,38
3340,multimodal_referencegame,longterm_langchain_clp_chat,DOCCI_static_target_images,episode_00019,Generated Expression Number of Tokens,8
3341,multimodal_referencegame,longterm_langchain_clp_chat,DOCCI_static_target_images,episode_00019,Aborted at Player 1,0
3342,multimodal_referencegame,longterm_langchain_clp_chat,DOCCI_static_target_images,episode_00019,Aborted at Player 2,0
3343,multimodal_referencegame,longterm_langchain_clp_chat,DOCCI_static_target_images,episode_00019,Request Count,2
3344,multimodal_referencegame,longterm_langchain_clp_chat,DOCCI_static_target_images,episode_00019,Parsed Request Count,2
3345,multimodal_referencegame,longterm_langchain_clp_chat,DOCCI_static_target_images,episode_00019,Violated Request Count,0
3346,multimodal_referencegame,longterm_langchain_clp_chat,DOCCI_static_target_images,episode_00019,Aborted,0
3347,multimodal_referencegame,longterm_langchain_clp_chat,DOCCI_static_target_images,episode_00019,Success,0
3348,multimodal_referencegame,longterm_langchain_clp_chat,DOCCI_static_target_images,episode_00019,Lose,1
3349,multimodal_referencegame,longterm_langchain_clp_chat,DOCCI_static_target_images,episode_00019,Main Score,0
3350,multimodal_referencegame,longterm_langchain_clp_chat,DOCCI_static_target_images,episode_00019,Request Success Ratio,1.0
3351,multimodal_referencegame,longterm_langchain_clp_chat,DOCCI_static_target_images,episode_00020,Generated Expression Length,38
3352,multimodal_referencegame,longterm_langchain_clp_chat,DOCCI_static_target_images,episode_00020,Generated Expression Number of Tokens,8
3353,multimodal_referencegame,longterm_langchain_clp_chat,DOCCI_static_target_images,episode_00020,Aborted at Player 1,0
3354,multimodal_referencegame,longterm_langchain_clp_chat,DOCCI_static_target_images,episode_00020,Aborted at Player 2,0
3355,multimodal_referencegame,longterm_langchain_clp_chat,DOCCI_static_target_images,episode_00020,Request Count,2
3356,multimodal_referencegame,longterm_langchain_clp_chat,DOCCI_static_target_images,episode_00020,Parsed Request Count,2
3357,multimodal_referencegame,longterm_langchain_clp_chat,DOCCI_static_target_images,episode_00020,Violated Request Count,0
3358,multimodal_referencegame,longterm_langchain_clp_chat,DOCCI_static_target_images,episode_00020,Aborted,0
3359,multimodal_referencegame,longterm_langchain_clp_chat,DOCCI_static_target_images,episode_00020,Success,1
3360,multimodal_referencegame,longterm_langchain_clp_chat,DOCCI_static_target_images,episode_00020,Lose,0
3361,multimodal_referencegame,longterm_langchain_clp_chat,DOCCI_static_target_images,episode_00020,Main Score,100
3362,multimodal_referencegame,longterm_langchain_clp_chat,DOCCI_static_target_images,episode_00020,Request Success Ratio,1.0
3363,multimodal_referencegame,longterm_langchain_clp_chat,letter_grids,episode_00007,Generated Expression Length,38
3364,multimodal_referencegame,longterm_langchain_clp_chat,letter_grids,episode_00007,Generated Expression Number of Tokens,8
3365,multimodal_referencegame,longterm_langchain_clp_chat,letter_grids,episode_00007,Aborted at Player 1,0
3366,multimodal_referencegame,longterm_langchain_clp_chat,letter_grids,episode_00007,Aborted at Player 2,0
3367,multimodal_referencegame,longterm_langchain_clp_chat,letter_grids,episode_00007,Request Count,2
3368,multimodal_referencegame,longterm_langchain_clp_chat,letter_grids,episode_00007,Parsed Request Count,2
3369,multimodal_referencegame,longterm_langchain_clp_chat,letter_grids,episode_00007,Violated Request Count,0
3370,multimodal_referencegame,longterm_langchain_clp_chat,letter_grids,episode_00007,Aborted,0
3371,multimodal_referencegame,longterm_langchain_clp_chat,letter_grids,episode_00007,Success,1
3372,multimodal_referencegame,longterm_langchain_clp_chat,letter_grids,episode_00007,Lose,0
3373,multimodal_referencegame,longterm_langchain_clp_chat,letter_grids,episode_00007,Main Score,100
3374,multimodal_referencegame,longterm_langchain_clp_chat,letter_grids,episode_00007,Request Success Ratio,1.0
3375,multimodal_referencegame,longterm_langchain_clp_chat,letter_grids,episode_00008,Generated Expression Length,38
3376,multimodal_referencegame,longterm_langchain_clp_chat,letter_grids,episode_00008,Generated Expression Number of Tokens,8
3377,multimodal_referencegame,longterm_langchain_clp_chat,letter_grids,episode_00008,Aborted at Player 1,0
3378,multimodal_referencegame,longterm_langchain_clp_chat,letter_grids,episode_00008,Aborted at Player 2,0
3379,multimodal_referencegame,longterm_langchain_clp_chat,letter_grids,episode_00008,Request Count,2
3380,multimodal_referencegame,longterm_langchain_clp_chat,letter_grids,episode_00008,Parsed Request Count,2
3381,multimodal_referencegame,longterm_langchain_clp_chat,letter_grids,episode_00008,Violated Request Count,0
3382,multimodal_referencegame,longterm_langchain_clp_chat,letter_grids,episode_00008,Aborted,0
3383,multimodal_referencegame,longterm_langchain_clp_chat,letter_grids,episode_00008,Success,0
3384,multimodal_referencegame,longterm_langchain_clp_chat,letter_grids,episode_00008,Lose,1
3385,multimodal_referencegame,longterm_langchain_clp_chat,letter_grids,episode_00008,Main Score,0
3386,multimodal_referencegame,longterm_langchain_clp_chat,letter_grids,episode_00008,Request Success Ratio,1.0
3387,multimodal_referencegame,longterm_langchain_clp_chat,line_grids_columns,episode_00003,Generated Expression Length,38
3388,multimodal_referencegame,longterm_langchain_clp_chat,line_grids_columns,episode_00003,Generated Expression Number of Tokens,8
3389,multimodal_referencegame,longterm_langchain_clp_chat,line_grids_columns,episode_00003,Aborted at Player 1,0
3390,multimodal_referencegame,longterm_langchain_clp_chat,line_grids_columns,episode_00003,Aborted at Player 2,0
3391,multimodal_referencegame,longterm_langchain_clp_chat,line_grids_columns,episode_00003,Request Count,2
3392,multimodal_referencegame,longterm_langchain_clp_chat,line_grids_columns,episode_00003,Parsed Request Count,2
3393,multimodal_referencegame,longterm_langchain_clp_chat,line_grids_columns,episode_00003,Violated Request Count,0
3394,multimodal_referencegame,longterm_langchain_clp_chat,line_grids_columns,episode_00003,Aborted,0
3395,multimodal_referencegame,longterm_langchain_clp_chat,line_grids_columns,episode_00003,Success,1
3396,multimodal_referencegame,longterm_langchain_clp_chat,line_grids_columns,episode_00003,Lose,0
3397,multimodal_referencegame,longterm_langchain_clp_chat,line_grids_columns,episode_00003,Main Score,100
3398,multimodal_referencegame,longterm_langchain_clp_chat,line_grids_columns,episode_00003,Request Success Ratio,1.0
3399,multimodal_referencegame,longterm_langchain_clp_chat,line_grids_columns,episode_00004,Generated Expression Length,38
3400,multimodal_referencegame,longterm_langchain_clp_chat,line_grids_columns,episode_00004,Generated Expression Number of Tokens,8
3401,multimodal_referencegame,longterm_langchain_clp_chat,line_grids_columns,episode_00004,Aborted at Player 1,0
3402,multimodal_referencegame,longterm_langchain_clp_chat,line_grids_columns,episode_00004,Aborted at Player 2,0
3403,multimodal_referencegame,longterm_langchain_clp_chat,line_grids_columns,episode_00004,Request Count,2
3404,multimodal_referencegame,longterm_langchain_clp_chat,line_grids_columns,episode_00004,Parsed Request Count,2
3405,multimodal_referencegame,longterm_langchain_clp_chat,line_grids_columns,episode_00004,Violated Request Count,0
3406,multimodal_referencegame,longterm_langchain_clp_chat,line_grids_columns,episode_00004,Aborted,0
3407,multimodal_referencegame,longterm_langchain_clp_chat,line_grids_columns,episode_00004,Success,0
3408,multimodal_referencegame,longterm_langchain_clp_chat,line_grids_columns,episode_00004,Lose,1
3409,multimodal_referencegame,longterm_langchain_clp_chat,line_grids_columns,episode_00004,Main Score,0
3410,multimodal_referencegame,longterm_langchain_clp_chat,line_grids_columns,episode_00004,Request Success Ratio,1.0
3411,multimodal_referencegame,longterm_langchain_clp_chat,line_grids_rows,episode_00001,Generated Expression Length,38
3412,multimodal_referencegame,longterm_langchain_clp_chat,line_grids_rows,episode_00001,Generated Expression Number of Tokens,8
3413,multimodal_referencegame,longterm_langchain_clp_chat,line_grids_rows,episode_00001,Aborted at Player 1,0
3414,multimodal_referencegame,longterm_langchain_clp_chat,line_grids_rows,episode_00001,Aborted at Player 2,0
3415,multimodal_referencegame,longterm_langchain_clp_chat,line_grids_rows,episode_00001,Request Count,2
3416,multimodal_referencegame,longterm_langchain_clp_chat,line_grids_rows,episode_00001,Parsed Request Count,2
3417,multimodal_referencegame,longterm_langchain_clp_chat,line_grids_rows,episode_00001,Violated Request Count,0
3418,multimodal_referencegame,longterm_langchain_clp_chat,line_grids_rows,episode_00001,Aborted,0
3419,multimodal_referencegame,longterm_langchain_clp_chat,line_grids_rows,episode_00001,Success,1
3420,multimodal_referencegame,longterm_langchain_clp_chat,line_grids_rows,episode_00001,Lose,0
3421,multimodal_referencegame,longterm_langchain_clp_chat,line_grids_rows,episode_00001,Main Score,100
3422,multimodal_referencegame,longterm_langchain_clp_chat,line_grids_rows,episode_00001,Request Success Ratio,1.0
3423,multimodal_referencegame,longterm_langchain_clp_chat,line_grids_rows,episode_00002,Generated Expression Length,38
3424,multimodal_referencegame,longterm_langchain_clp_chat,line_grids_rows,episode_00002,Generated Expression Number of Tokens,8
3425,multimodal_referencegame,longterm_langchain_clp_chat,line_grids_rows,episode_00002,Aborted at Player 1,0
3426,multimodal_referencegame,longterm_langchain_clp_chat,line_grids_rows,episode_00002,Aborted at Player 2,0
3427,multimodal_referencegame,longterm_langchain_clp_chat,line_grids_rows,episode_00002,Request Count,2
3428,multimodal_referencegame,longterm_langchain_clp_chat,line_grids_rows,episode_00002,Parsed Request Count,2
3429,multimodal_referencegame,longterm_langchain_clp_chat,line_grids_rows,episode_00002,Violated Request Count,0
3430,multimodal_referencegame,longterm_langchain_clp_chat,line_grids_rows,episode_00002,Aborted,0
3431,multimodal_referencegame,longterm_langchain_clp_chat,line_grids_rows,episode_00002,Success,0
3432,multimodal_referencegame,longterm_langchain_clp_chat,line_grids_rows,episode_00002,Lose,1
3433,multimodal_referencegame,longterm_langchain_clp_chat,line_grids_rows,episode_00002,Main Score,0
3434,multimodal_referencegame,longterm_langchain_clp_chat,line_grids_rows,episode_00002,Request Success Ratio,1.0
3435,multimodal_referencegame,longterm_langchain_clp_chat,pentomino_images,episode_00021,Generated Expression Length,38
3436,multimodal_referencegame,longterm_langchain_clp_chat,pentomino_images,episode_00021,Generated Expression Number of Tokens,8
3437,multimodal_referencegame,longterm_langchain_clp_chat,pentomino_images,episode_00021,Aborted at Player 1,0
3438,multimodal_referencegame,longterm_langchain_clp_chat,pentomino_images,episode_00021,Aborted at Player 2,0
3439,multimodal_referencegame,longterm_langchain_clp_chat,pentomino_images,episode_00021,Request Count,2
3440,multimodal_referencegame,longterm_langchain_clp_chat,pentomino_images,episode_00021,Parsed Request Count,2
3441,multimodal_referencegame,longterm_langchain_clp_chat,pentomino_images,episode_00021,Violated Request Count,0
3442,multimodal_referencegame,longterm_langchain_clp_chat,pentomino_images,episode_00021,Aborted,0
3443,multimodal_referencegame,longterm_langchain_clp_chat,pentomino_images,episode_00021,Success,0
3444,multimodal_referencegame,longterm_langchain_clp_chat,pentomino_images,episode_00021,Lose,1
3445,multimodal_referencegame,longterm_langchain_clp_chat,pentomino_images,episode_00021,Main Score,0
3446,multimodal_referencegame,longterm_langchain_clp_chat,pentomino_images,episode_00021,Request Success Ratio,1.0
3447,multimodal_referencegame,longterm_langchain_clp_chat,pentomino_images,episode_00022,Generated Expression Length,38
3448,multimodal_referencegame,longterm_langchain_clp_chat,pentomino_images,episode_00022,Generated Expression Number of Tokens,8
3449,multimodal_referencegame,longterm_langchain_clp_chat,pentomino_images,episode_00022,Aborted at Player 1,0
3450,multimodal_referencegame,longterm_langchain_clp_chat,pentomino_images,episode_00022,Aborted at Player 2,0
3451,multimodal_referencegame,longterm_langchain_clp_chat,pentomino_images,episode_00022,Request Count,2
3452,multimodal_referencegame,longterm_langchain_clp_chat,pentomino_images,episode_00022,Parsed Request Count,2
3453,multimodal_referencegame,longterm_langchain_clp_chat,pentomino_images,episode_00022,Violated Request Count,0
3454,multimodal_referencegame,longterm_langchain_clp_chat,pentomino_images,episode_00022,Aborted,0
3455,multimodal_referencegame,longterm_langchain_clp_chat,pentomino_images,episode_00022,Success,1
3456,multimodal_referencegame,longterm_langchain_clp_chat,pentomino_images,episode_00022,Lose,0
3457,multimodal_referencegame,longterm_langchain_clp_chat,pentomino_images,episode_00022,Main Score,100
3458,multimodal_referencegame,longterm_langchain_clp_chat,pentomino_images,episode_00022,Request Success Ratio,1.0
3459,multimodal_referencegame,longterm_langchain_clp_chat,random_grids,episode_00011,Generated Expression Length,38
3460,multimodal_referencegame,longterm_langchain_clp_chat,random_grids,episode_00011,Generated Expression Number of Tokens,8
3461,multimodal_referencegame,longterm_langchain_clp_chat,random_grids,episode_00011,Aborted at Player 1,0
3462,multimodal_referencegame,longterm_langchain_clp_chat,random_grids,episode_00011,Aborted at Player 2,0
3463,multimodal_referencegame,longterm_langchain_clp_chat,random_grids,episode_00011,Request Count,2
3464,multimodal_referencegame,longterm_langchain_clp_chat,random_grids,episode_00011,Parsed Request Count,2
3465,multimodal_referencegame,longterm_langchain_clp_chat,random_grids,episode_00011,Violated Request Count,0
3466,multimodal_referencegame,longterm_langchain_clp_chat,random_grids,episode_00011,Aborted,0
3467,multimodal_referencegame,longterm_langchain_clp_chat,random_grids,episode_00011,Success,1
3468,multimodal_referencegame,longterm_langchain_clp_chat,random_grids,episode_00011,Lose,0
3469,multimodal_referencegame,longterm_langchain_clp_chat,random_grids,episode_00011,Main Score,100
3470,multimodal_referencegame,longterm_langchain_clp_chat,random_grids,episode_00011,Request Success Ratio,1.0
3471,multimodal_referencegame,longterm_langchain_clp_chat,random_grids,episode_00012,Generated Expression Length,38
3472,multimodal_referencegame,longterm_langchain_clp_chat,random_grids,episode_00012,Generated Expression Number of Tokens,8
3473,multimodal_referencegame,longterm_langchain_clp_chat,random_grids,episode_00012,Aborted at Player 1,0
3474,multimodal_referencegame,longterm_langchain_clp_chat,random_grids,episode_00012,Aborted at Player 2,0
3475,multimodal_referencegame,longterm_langchain_clp_chat,random_grids,episode_00012,Request Count,2
3476,multimodal_referencegame,longterm_langchain_clp_chat,random_grids,episode_00012,Parsed Request Count,2
3477,multimodal_referencegame,longterm_langchain_clp_chat,random_grids,episode_00012,Violated Request Count,0
3478,multimodal_referencegame,longterm_langchain_clp_chat,random_grids,episode_00012,Aborted,0
3479,multimodal_referencegame,longterm_langchain_clp_chat,random_grids,episode_00012,Success,0
3480,multimodal_referencegame,longterm_langchain_clp_chat,random_grids,episode_00012,Lose,1
3481,multimodal_referencegame,longterm_langchain_clp_chat,random_grids,episode_00012,Main Score,0
3482,multimodal_referencegame,longterm_langchain_clp_chat,random_grids,episode_00012,Request Success Ratio,1.0
3483,multimodal_referencegame,longterm_langchain_clp_chat,shape_grids,episode_00009,Generated Expression Length,38
3484,multimodal_referencegame,longterm_langchain_clp_chat,shape_grids,episode_00009,Generated Expression Number of Tokens,8
3485,multimodal_referencegame,longterm_langchain_clp_chat,shape_grids,episode_00009,Aborted at Player 1,0
3486,multimodal_referencegame,longterm_langchain_clp_chat,shape_grids,episode_00009,Aborted at Player 2,0
3487,multimodal_referencegame,longterm_langchain_clp_chat,shape_grids,episode_00009,Request Count,2
3488,multimodal_referencegame,longterm_langchain_clp_chat,shape_grids,episode_00009,Parsed Request Count,2
3489,multimodal_referencegame,longterm_langchain_clp_chat,shape_grids,episode_00009,Violated Request Count,0
3490,multimodal_referencegame,longterm_langchain_clp_chat,shape_grids,episode_00009,Aborted,0
3491,multimodal_referencegame,longterm_langchain_clp_chat,shape_grids,episode_00009,Success,1
3492,multimodal_referencegame,longterm_langchain_clp_chat,shape_grids,episode_00009,Lose,0
3493,multimodal_referencegame,longterm_langchain_clp_chat,shape_grids,episode_00009,Main Score,100
3494,multimodal_referencegame,longterm_langchain_clp_chat,shape_grids,episode_00009,Request Success Ratio,1.0
3495,multimodal_referencegame,longterm_langchain_clp_chat,shape_grids,episode_00010,Generated Expression Length,38
3496,multimodal_referencegame,longterm_langchain_clp_chat,shape_grids,episode_00010,Generated Expression Number of Tokens,8
3497,multimodal_referencegame,longterm_langchain_clp_chat,shape_grids,episode_00010,Aborted at Player 1,0
3498,multimodal_referencegame,longterm_langchain_clp_chat,shape_grids,episode_00010,Aborted at Player 2,0
3499,multimodal_referencegame,longterm_langchain_clp_chat,shape_grids,episode_00010,Request Count,2
3500,multimodal_referencegame,longterm_langchain_clp_chat,shape_grids,episode_00010,Parsed Request Count,2
3501,multimodal_referencegame,longterm_langchain_clp_chat,shape_grids,episode_00010,Violated Request Count,0
3502,multimodal_referencegame,longterm_langchain_clp_chat,shape_grids,episode_00010,Aborted,0
3503,multimodal_referencegame,longterm_langchain_clp_chat,shape_grids,episode_00010,Success,0
3504,multimodal_referencegame,longterm_langchain_clp_chat,shape_grids,episode_00010,Lose,1
3505,multimodal_referencegame,longterm_langchain_clp_chat,shape_grids,episode_00010,Main Score,0
3506,multimodal_referencegame,longterm_langchain_clp_chat,shape_grids,episode_00010,Request Success Ratio,1.0
3507,privateshared,longterm_langchain_clp_chat,job-interview,episode_00006,Accuracy,0.4
3508,privateshared,longterm_langchain_clp_chat,job-interview,episode_00006,Kappa,0.0
3509,privateshared,longterm_langchain_clp_chat,job-interview,episode_00006,Truncated Kappa,0
3510,privateshared,longterm_langchain_clp_chat,job-interview,episode_00006,Slot-Filling-Accuracy,
3511,privateshared,longterm_langchain_clp_chat,job-interview,episode_00006,Main Score,
3512,privateshared,longterm_langchain_clp_chat,job-interview,episode_00006,Aborted,0
3513,privateshared,longterm_langchain_clp_chat,job-interview,episode_00006,Lose,1
3514,privateshared,longterm_langchain_clp_chat,job-interview,episode_00006,Success,0
3515,privateshared,longterm_langchain_clp_chat,job-interview,episode_00006,Request Count,5
3516,privateshared,longterm_langchain_clp_chat,job-interview,episode_00006,Parsed Request Count,5
3517,privateshared,longterm_langchain_clp_chat,job-interview,episode_00006,Violated Request Count,5
3518,privateshared,longterm_langchain_clp_chat,job-interview,episode_00006,Request Success Ratio,1.0
3519,privateshared,longterm_langchain_clp_chat,job-interview,episode_00007,Accuracy,0.6
3520,privateshared,longterm_langchain_clp_chat,job-interview,episode_00007,Kappa,0.0
3521,privateshared,longterm_langchain_clp_chat,job-interview,episode_00007,Truncated Kappa,0
3522,privateshared,longterm_langchain_clp_chat,job-interview,episode_00007,Slot-Filling-Accuracy,
3523,privateshared,longterm_langchain_clp_chat,job-interview,episode_00007,Main Score,
3524,privateshared,longterm_langchain_clp_chat,job-interview,episode_00007,Aborted,0
3525,privateshared,longterm_langchain_clp_chat,job-interview,episode_00007,Lose,1
3526,privateshared,longterm_langchain_clp_chat,job-interview,episode_00007,Success,0
3527,privateshared,longterm_langchain_clp_chat,job-interview,episode_00007,Request Count,7
3528,privateshared,longterm_langchain_clp_chat,job-interview,episode_00007,Parsed Request Count,5
3529,privateshared,longterm_langchain_clp_chat,job-interview,episode_00007,Violated Request Count,7
3530,privateshared,longterm_langchain_clp_chat,job-interview,episode_00007,Request Success Ratio,0.7142857142857143
3531,privateshared,longterm_langchain_clp_chat,job-interview,episode_00008,Accuracy,0.6
3532,privateshared,longterm_langchain_clp_chat,job-interview,episode_00008,Kappa,0.0
3533,privateshared,longterm_langchain_clp_chat,job-interview,episode_00008,Truncated Kappa,0
3534,privateshared,longterm_langchain_clp_chat,job-interview,episode_00008,Slot-Filling-Accuracy,
3535,privateshared,longterm_langchain_clp_chat,job-interview,episode_00008,Main Score,
3536,privateshared,longterm_langchain_clp_chat,job-interview,episode_00008,Aborted,0
3537,privateshared,longterm_langchain_clp_chat,job-interview,episode_00008,Lose,1
3538,privateshared,longterm_langchain_clp_chat,job-interview,episode_00008,Success,0
3539,privateshared,longterm_langchain_clp_chat,job-interview,episode_00008,Request Count,5
3540,privateshared,longterm_langchain_clp_chat,job-interview,episode_00008,Parsed Request Count,5
3541,privateshared,longterm_langchain_clp_chat,job-interview,episode_00008,Violated Request Count,5
3542,privateshared,longterm_langchain_clp_chat,job-interview,episode_00008,Request Success Ratio,1.0
3543,privateshared,longterm_langchain_clp_chat,job-interview,episode_00009,Accuracy,0.4
3544,privateshared,longterm_langchain_clp_chat,job-interview,episode_00009,Kappa,0.0
3545,privateshared,longterm_langchain_clp_chat,job-interview,episode_00009,Truncated Kappa,0
3546,privateshared,longterm_langchain_clp_chat,job-interview,episode_00009,Slot-Filling-Accuracy,
3547,privateshared,longterm_langchain_clp_chat,job-interview,episode_00009,Main Score,
3548,privateshared,longterm_langchain_clp_chat,job-interview,episode_00009,Aborted,0
3549,privateshared,longterm_langchain_clp_chat,job-interview,episode_00009,Lose,1
3550,privateshared,longterm_langchain_clp_chat,job-interview,episode_00009,Success,0
3551,privateshared,longterm_langchain_clp_chat,job-interview,episode_00009,Request Count,6
3552,privateshared,longterm_langchain_clp_chat,job-interview,episode_00009,Parsed Request Count,5
3553,privateshared,longterm_langchain_clp_chat,job-interview,episode_00009,Violated Request Count,6
3554,privateshared,longterm_langchain_clp_chat,job-interview,episode_00009,Request Success Ratio,0.8333333333333334
3555,privateshared,longterm_langchain_clp_chat,job-interview,episode_00010,Accuracy,0.6
3556,privateshared,longterm_langchain_clp_chat,job-interview,episode_00010,Kappa,0.0
3557,privateshared,longterm_langchain_clp_chat,job-interview,episode_00010,Truncated Kappa,0
3558,privateshared,longterm_langchain_clp_chat,job-interview,episode_00010,Slot-Filling-Accuracy,
3559,privateshared,longterm_langchain_clp_chat,job-interview,episode_00010,Main Score,
3560,privateshared,longterm_langchain_clp_chat,job-interview,episode_00010,Aborted,0
3561,privateshared,longterm_langchain_clp_chat,job-interview,episode_00010,Lose,1
3562,privateshared,longterm_langchain_clp_chat,job-interview,episode_00010,Success,0
3563,privateshared,longterm_langchain_clp_chat,job-interview,episode_00010,Request Count,5
3564,privateshared,longterm_langchain_clp_chat,job-interview,episode_00010,Parsed Request Count,5
3565,privateshared,longterm_langchain_clp_chat,job-interview,episode_00010,Violated Request Count,5
3566,privateshared,longterm_langchain_clp_chat,job-interview,episode_00010,Request Success Ratio,1.0
3567,privateshared,longterm_langchain_clp_chat,letter-number,episode_00021,Accuracy,0.3
3568,privateshared,longterm_langchain_clp_chat,letter-number,episode_00021,Kappa,0.0
3569,privateshared,longterm_langchain_clp_chat,letter-number,episode_00021,Truncated Kappa,0
3570,privateshared,longterm_langchain_clp_chat,letter-number,episode_00021,Slot-Filling-Accuracy,
3571,privateshared,longterm_langchain_clp_chat,letter-number,episode_00021,Main Score,
3572,privateshared,longterm_langchain_clp_chat,letter-number,episode_00021,Aborted,0
3573,privateshared,longterm_langchain_clp_chat,letter-number,episode_00021,Lose,1
3574,privateshared,longterm_langchain_clp_chat,letter-number,episode_00021,Success,0
3575,privateshared,longterm_langchain_clp_chat,letter-number,episode_00021,Request Count,16
3576,privateshared,longterm_langchain_clp_chat,letter-number,episode_00021,Parsed Request Count,10
3577,privateshared,longterm_langchain_clp_chat,letter-number,episode_00021,Violated Request Count,16
3578,privateshared,longterm_langchain_clp_chat,letter-number,episode_00021,Request Success Ratio,0.625
3579,privateshared,longterm_langchain_clp_chat,letter-number,episode_00022,Accuracy,0.5
3580,privateshared,longterm_langchain_clp_chat,letter-number,episode_00022,Kappa,0.0
3581,privateshared,longterm_langchain_clp_chat,letter-number,episode_00022,Truncated Kappa,0
3582,privateshared,longterm_langchain_clp_chat,letter-number,episode_00022,Slot-Filling-Accuracy,
3583,privateshared,longterm_langchain_clp_chat,letter-number,episode_00022,Main Score,
3584,privateshared,longterm_langchain_clp_chat,letter-number,episode_00022,Aborted,0
3585,privateshared,longterm_langchain_clp_chat,letter-number,episode_00022,Lose,1
3586,privateshared,longterm_langchain_clp_chat,letter-number,episode_00022,Success,0
3587,privateshared,longterm_langchain_clp_chat,letter-number,episode_00022,Request Count,17
3588,privateshared,longterm_langchain_clp_chat,letter-number,episode_00022,Parsed Request Count,10
3589,privateshared,longterm_langchain_clp_chat,letter-number,episode_00022,Violated Request Count,17
3590,privateshared,longterm_langchain_clp_chat,letter-number,episode_00022,Request Success Ratio,0.5882352941176471
3591,privateshared,longterm_langchain_clp_chat,letter-number,episode_00023,Accuracy,0.5
3592,privateshared,longterm_langchain_clp_chat,letter-number,episode_00023,Kappa,0.0
3593,privateshared,longterm_langchain_clp_chat,letter-number,episode_00023,Truncated Kappa,0
3594,privateshared,longterm_langchain_clp_chat,letter-number,episode_00023,Slot-Filling-Accuracy,
3595,privateshared,longterm_langchain_clp_chat,letter-number,episode_00023,Main Score,
3596,privateshared,longterm_langchain_clp_chat,letter-number,episode_00023,Aborted,0
3597,privateshared,longterm_langchain_clp_chat,letter-number,episode_00023,Lose,1
3598,privateshared,longterm_langchain_clp_chat,letter-number,episode_00023,Success,0
3599,privateshared,longterm_langchain_clp_chat,letter-number,episode_00023,Request Count,18
3600,privateshared,longterm_langchain_clp_chat,letter-number,episode_00023,Parsed Request Count,10
3601,privateshared,longterm_langchain_clp_chat,letter-number,episode_00023,Violated Request Count,18
3602,privateshared,longterm_langchain_clp_chat,letter-number,episode_00023,Request Success Ratio,0.5555555555555556
3603,privateshared,longterm_langchain_clp_chat,letter-number,episode_00024,Accuracy,0.7
3604,privateshared,longterm_langchain_clp_chat,letter-number,episode_00024,Kappa,0.0
3605,privateshared,longterm_langchain_clp_chat,letter-number,episode_00024,Truncated Kappa,0
3606,privateshared,longterm_langchain_clp_chat,letter-number,episode_00024,Slot-Filling-Accuracy,
3607,privateshared,longterm_langchain_clp_chat,letter-number,episode_00024,Main Score,
3608,privateshared,longterm_langchain_clp_chat,letter-number,episode_00024,Aborted,0
3609,privateshared,longterm_langchain_clp_chat,letter-number,episode_00024,Lose,1
3610,privateshared,longterm_langchain_clp_chat,letter-number,episode_00024,Success,0
3611,privateshared,longterm_langchain_clp_chat,letter-number,episode_00024,Request Count,17
3612,privateshared,longterm_langchain_clp_chat,letter-number,episode_00024,Parsed Request Count,10
3613,privateshared,longterm_langchain_clp_chat,letter-number,episode_00024,Violated Request Count,17
3614,privateshared,longterm_langchain_clp_chat,letter-number,episode_00024,Request Success Ratio,0.5882352941176471
3615,privateshared,longterm_langchain_clp_chat,letter-number,episode_00025,Accuracy,0.4
3616,privateshared,longterm_langchain_clp_chat,letter-number,episode_00025,Kappa,0.0
3617,privateshared,longterm_langchain_clp_chat,letter-number,episode_00025,Truncated Kappa,0
3618,privateshared,longterm_langchain_clp_chat,letter-number,episode_00025,Slot-Filling-Accuracy,
3619,privateshared,longterm_langchain_clp_chat,letter-number,episode_00025,Main Score,
3620,privateshared,longterm_langchain_clp_chat,letter-number,episode_00025,Aborted,0
3621,privateshared,longterm_langchain_clp_chat,letter-number,episode_00025,Lose,1
3622,privateshared,longterm_langchain_clp_chat,letter-number,episode_00025,Success,0
3623,privateshared,longterm_langchain_clp_chat,letter-number,episode_00025,Request Count,16
3624,privateshared,longterm_langchain_clp_chat,letter-number,episode_00025,Parsed Request Count,10
3625,privateshared,longterm_langchain_clp_chat,letter-number,episode_00025,Violated Request Count,16
3626,privateshared,longterm_langchain_clp_chat,letter-number,episode_00025,Request Success Ratio,0.625
3627,privateshared,longterm_langchain_clp_chat,restaurant,episode_00011,Accuracy,0.4
3628,privateshared,longterm_langchain_clp_chat,restaurant,episode_00011,Kappa,0.0
3629,privateshared,longterm_langchain_clp_chat,restaurant,episode_00011,Truncated Kappa,0
3630,privateshared,longterm_langchain_clp_chat,restaurant,episode_00011,Slot-Filling-Accuracy,
3631,privateshared,longterm_langchain_clp_chat,restaurant,episode_00011,Main Score,
3632,privateshared,longterm_langchain_clp_chat,restaurant,episode_00011,Aborted,0
3633,privateshared,longterm_langchain_clp_chat,restaurant,episode_00011,Lose,1
3634,privateshared,longterm_langchain_clp_chat,restaurant,episode_00011,Success,0
3635,privateshared,longterm_langchain_clp_chat,restaurant,episode_00011,Request Count,8
3636,privateshared,longterm_langchain_clp_chat,restaurant,episode_00011,Parsed Request Count,5
3637,privateshared,longterm_langchain_clp_chat,restaurant,episode_00011,Violated Request Count,8
3638,privateshared,longterm_langchain_clp_chat,restaurant,episode_00011,Request Success Ratio,0.625
3639,privateshared,longterm_langchain_clp_chat,restaurant,episode_00012,Accuracy,0.0
3640,privateshared,longterm_langchain_clp_chat,restaurant,episode_00012,Kappa,0.0
3641,privateshared,longterm_langchain_clp_chat,restaurant,episode_00012,Truncated Kappa,0
3642,privateshared,longterm_langchain_clp_chat,restaurant,episode_00012,Slot-Filling-Accuracy,
3643,privateshared,longterm_langchain_clp_chat,restaurant,episode_00012,Main Score,
3644,privateshared,longterm_langchain_clp_chat,restaurant,episode_00012,Aborted,0
3645,privateshared,longterm_langchain_clp_chat,restaurant,episode_00012,Lose,1
3646,privateshared,longterm_langchain_clp_chat,restaurant,episode_00012,Success,0
3647,privateshared,longterm_langchain_clp_chat,restaurant,episode_00012,Request Count,7
3648,privateshared,longterm_langchain_clp_chat,restaurant,episode_00012,Parsed Request Count,5
3649,privateshared,longterm_langchain_clp_chat,restaurant,episode_00012,Violated Request Count,7
3650,privateshared,longterm_langchain_clp_chat,restaurant,episode_00012,Request Success Ratio,0.7142857142857143
3651,privateshared,longterm_langchain_clp_chat,restaurant,episode_00013,Accuracy,0.6
3652,privateshared,longterm_langchain_clp_chat,restaurant,episode_00013,Kappa,0.0
3653,privateshared,longterm_langchain_clp_chat,restaurant,episode_00013,Truncated Kappa,0
3654,privateshared,longterm_langchain_clp_chat,restaurant,episode_00013,Slot-Filling-Accuracy,
3655,privateshared,longterm_langchain_clp_chat,restaurant,episode_00013,Main Score,
3656,privateshared,longterm_langchain_clp_chat,restaurant,episode_00013,Aborted,0
3657,privateshared,longterm_langchain_clp_chat,restaurant,episode_00013,Lose,1
3658,privateshared,longterm_langchain_clp_chat,restaurant,episode_00013,Success,0
3659,privateshared,longterm_langchain_clp_chat,restaurant,episode_00013,Request Count,7
3660,privateshared,longterm_langchain_clp_chat,restaurant,episode_00013,Parsed Request Count,5
3661,privateshared,longterm_langchain_clp_chat,restaurant,episode_00013,Violated Request Count,7
3662,privateshared,longterm_langchain_clp_chat,restaurant,episode_00013,Request Success Ratio,0.7142857142857143
3663,privateshared,longterm_langchain_clp_chat,restaurant,episode_00014,Accuracy,0.6
3664,privateshared,longterm_langchain_clp_chat,restaurant,episode_00014,Kappa,0.0
3665,privateshared,longterm_langchain_clp_chat,restaurant,episode_00014,Truncated Kappa,0
3666,privateshared,longterm_langchain_clp_chat,restaurant,episode_00014,Slot-Filling-Accuracy,
3667,privateshared,longterm_langchain_clp_chat,restaurant,episode_00014,Main Score,
3668,privateshared,longterm_langchain_clp_chat,restaurant,episode_00014,Aborted,0
3669,privateshared,longterm_langchain_clp_chat,restaurant,episode_00014,Lose,1
3670,privateshared,longterm_langchain_clp_chat,restaurant,episode_00014,Success,0
3671,privateshared,longterm_langchain_clp_chat,restaurant,episode_00014,Request Count,6
3672,privateshared,longterm_langchain_clp_chat,restaurant,episode_00014,Parsed Request Count,5
3673,privateshared,longterm_langchain_clp_chat,restaurant,episode_00014,Violated Request Count,6
3674,privateshared,longterm_langchain_clp_chat,restaurant,episode_00014,Request Success Ratio,0.8333333333333334
3675,privateshared,longterm_langchain_clp_chat,restaurant,episode_00015,Accuracy,0.4
3676,privateshared,longterm_langchain_clp_chat,restaurant,episode_00015,Kappa,0.0
3677,privateshared,longterm_langchain_clp_chat,restaurant,episode_00015,Truncated Kappa,0
3678,privateshared,longterm_langchain_clp_chat,restaurant,episode_00015,Slot-Filling-Accuracy,
3679,privateshared,longterm_langchain_clp_chat,restaurant,episode_00015,Main Score,
3680,privateshared,longterm_langchain_clp_chat,restaurant,episode_00015,Aborted,0
3681,privateshared,longterm_langchain_clp_chat,restaurant,episode_00015,Lose,1
3682,privateshared,longterm_langchain_clp_chat,restaurant,episode_00015,Success,0
3683,privateshared,longterm_langchain_clp_chat,restaurant,episode_00015,Request Count,7
3684,privateshared,longterm_langchain_clp_chat,restaurant,episode_00015,Parsed Request Count,5
3685,privateshared,longterm_langchain_clp_chat,restaurant,episode_00015,Violated Request Count,7
3686,privateshared,longterm_langchain_clp_chat,restaurant,episode_00015,Request Success Ratio,0.7142857142857143
3687,privateshared,longterm_langchain_clp_chat,things-places,episode_00016,Accuracy,0.5333333333333333
3688,privateshared,longterm_langchain_clp_chat,things-places,episode_00016,Kappa,0.0
3689,privateshared,longterm_langchain_clp_chat,things-places,episode_00016,Truncated Kappa,0
3690,privateshared,longterm_langchain_clp_chat,things-places,episode_00016,Slot-Filling-Accuracy,
3691,privateshared,longterm_langchain_clp_chat,things-places,episode_00016,Main Score,
3692,privateshared,longterm_langchain_clp_chat,things-places,episode_00016,Aborted,0
3693,privateshared,longterm_langchain_clp_chat,things-places,episode_00016,Lose,1
3694,privateshared,longterm_langchain_clp_chat,things-places,episode_00016,Success,0
3695,privateshared,longterm_langchain_clp_chat,things-places,episode_00016,Request Count,19
3696,privateshared,longterm_langchain_clp_chat,things-places,episode_00016,Parsed Request Count,15
3697,privateshared,longterm_langchain_clp_chat,things-places,episode_00016,Violated Request Count,19
3698,privateshared,longterm_langchain_clp_chat,things-places,episode_00016,Request Success Ratio,0.7894736842105263
3699,privateshared,longterm_langchain_clp_chat,things-places,episode_00017,Accuracy,0.6
3700,privateshared,longterm_langchain_clp_chat,things-places,episode_00017,Kappa,0.0
3701,privateshared,longterm_langchain_clp_chat,things-places,episode_00017,Truncated Kappa,0
3702,privateshared,longterm_langchain_clp_chat,things-places,episode_00017,Slot-Filling-Accuracy,
3703,privateshared,longterm_langchain_clp_chat,things-places,episode_00017,Main Score,
3704,privateshared,longterm_langchain_clp_chat,things-places,episode_00017,Aborted,0
3705,privateshared,longterm_langchain_clp_chat,things-places,episode_00017,Lose,1
3706,privateshared,longterm_langchain_clp_chat,things-places,episode_00017,Success,0
3707,privateshared,longterm_langchain_clp_chat,things-places,episode_00017,Request Count,21
3708,privateshared,longterm_langchain_clp_chat,things-places,episode_00017,Parsed Request Count,15
3709,privateshared,longterm_langchain_clp_chat,things-places,episode_00017,Violated Request Count,21
3710,privateshared,longterm_langchain_clp_chat,things-places,episode_00017,Request Success Ratio,0.7142857142857143
3711,privateshared,longterm_langchain_clp_chat,things-places,episode_00018,Accuracy,0.6
3712,privateshared,longterm_langchain_clp_chat,things-places,episode_00018,Kappa,0.0
3713,privateshared,longterm_langchain_clp_chat,things-places,episode_00018,Truncated Kappa,0
3714,privateshared,longterm_langchain_clp_chat,things-places,episode_00018,Slot-Filling-Accuracy,
3715,privateshared,longterm_langchain_clp_chat,things-places,episode_00018,Main Score,
3716,privateshared,longterm_langchain_clp_chat,things-places,episode_00018,Aborted,0
3717,privateshared,longterm_langchain_clp_chat,things-places,episode_00018,Lose,1
3718,privateshared,longterm_langchain_clp_chat,things-places,episode_00018,Success,0
3719,privateshared,longterm_langchain_clp_chat,things-places,episode_00018,Request Count,20
3720,privateshared,longterm_langchain_clp_chat,things-places,episode_00018,Parsed Request Count,15
3721,privateshared,longterm_langchain_clp_chat,things-places,episode_00018,Violated Request Count,20
3722,privateshared,longterm_langchain_clp_chat,things-places,episode_00018,Request Success Ratio,0.75
3723,privateshared,longterm_langchain_clp_chat,things-places,episode_00019,Accuracy,
3724,privateshared,longterm_langchain_clp_chat,things-places,episode_00019,Kappa,
3725,privateshared,longterm_langchain_clp_chat,things-places,episode_00019,Truncated Kappa,
3726,privateshared,longterm_langchain_clp_chat,things-places,episode_00019,Slot-Filling-Accuracy,
3727,privateshared,longterm_langchain_clp_chat,things-places,episode_00019,Main Score,
3728,privateshared,longterm_langchain_clp_chat,things-places,episode_00019,Aborted,1
3729,privateshared,longterm_langchain_clp_chat,things-places,episode_00019,Lose,0
3730,privateshared,longterm_langchain_clp_chat,things-places,episode_00019,Success,0
3731,privateshared,longterm_langchain_clp_chat,things-places,episode_00019,Request Count,29
3732,privateshared,longterm_langchain_clp_chat,things-places,episode_00019,Parsed Request Count,14
3733,privateshared,longterm_langchain_clp_chat,things-places,episode_00019,Violated Request Count,15
3734,privateshared,longterm_langchain_clp_chat,things-places,episode_00019,Request Success Ratio,0.4827586206896552
3735,privateshared,longterm_langchain_clp_chat,things-places,episode_00020,Accuracy,0.4666666666666667
3736,privateshared,longterm_langchain_clp_chat,things-places,episode_00020,Kappa,0.0
3737,privateshared,longterm_langchain_clp_chat,things-places,episode_00020,Truncated Kappa,0
3738,privateshared,longterm_langchain_clp_chat,things-places,episode_00020,Slot-Filling-Accuracy,
3739,privateshared,longterm_langchain_clp_chat,things-places,episode_00020,Main Score,
3740,privateshared,longterm_langchain_clp_chat,things-places,episode_00020,Aborted,0
3741,privateshared,longterm_langchain_clp_chat,things-places,episode_00020,Lose,1
3742,privateshared,longterm_langchain_clp_chat,things-places,episode_00020,Success,0
3743,privateshared,longterm_langchain_clp_chat,things-places,episode_00020,Request Count,19
3744,privateshared,longterm_langchain_clp_chat,things-places,episode_00020,Parsed Request Count,15
3745,privateshared,longterm_langchain_clp_chat,things-places,episode_00020,Violated Request Count,19
3746,privateshared,longterm_langchain_clp_chat,things-places,episode_00020,Request Success Ratio,0.7894736842105263
3747,privateshared,longterm_langchain_clp_chat,travel-booking,episode_00001,Accuracy,0.4
3748,privateshared,longterm_langchain_clp_chat,travel-booking,episode_00001,Kappa,0.0
3749,privateshared,longterm_langchain_clp_chat,travel-booking,episode_00001,Truncated Kappa,0
3750,privateshared,longterm_langchain_clp_chat,travel-booking,episode_00001,Slot-Filling-Accuracy,
3751,privateshared,longterm_langchain_clp_chat,travel-booking,episode_00001,Main Score,
3752,privateshared,longterm_langchain_clp_chat,travel-booking,episode_00001,Aborted,0
3753,privateshared,longterm_langchain_clp_chat,travel-booking,episode_00001,Lose,1
3754,privateshared,longterm_langchain_clp_chat,travel-booking,episode_00001,Success,0
3755,privateshared,longterm_langchain_clp_chat,travel-booking,episode_00001,Request Count,8
3756,privateshared,longterm_langchain_clp_chat,travel-booking,episode_00001,Parsed Request Count,5
3757,privateshared,longterm_langchain_clp_chat,travel-booking,episode_00001,Violated Request Count,8
3758,privateshared,longterm_langchain_clp_chat,travel-booking,episode_00001,Request Success Ratio,0.625
3759,privateshared,longterm_langchain_clp_chat,travel-booking,episode_00002,Accuracy,0.8
3760,privateshared,longterm_langchain_clp_chat,travel-booking,episode_00002,Kappa,0.0
3761,privateshared,longterm_langchain_clp_chat,travel-booking,episode_00002,Truncated Kappa,0
3762,privateshared,longterm_langchain_clp_chat,travel-booking,episode_00002,Slot-Filling-Accuracy,
3763,privateshared,longterm_langchain_clp_chat,travel-booking,episode_00002,Main Score,
3764,privateshared,longterm_langchain_clp_chat,travel-booking,episode_00002,Aborted,0
3765,privateshared,longterm_langchain_clp_chat,travel-booking,episode_00002,Lose,1
3766,privateshared,longterm_langchain_clp_chat,travel-booking,episode_00002,Success,0
3767,privateshared,longterm_langchain_clp_chat,travel-booking,episode_00002,Request Count,8
3768,privateshared,longterm_langchain_clp_chat,travel-booking,episode_00002,Parsed Request Count,5
3769,privateshared,longterm_langchain_clp_chat,travel-booking,episode_00002,Violated Request Count,8
3770,privateshared,longterm_langchain_clp_chat,travel-booking,episode_00002,Request Success Ratio,0.625
3771,privateshared,longterm_langchain_clp_chat,travel-booking,episode_00003,Accuracy,0.8
3772,privateshared,longterm_langchain_clp_chat,travel-booking,episode_00003,Kappa,0.0
3773,privateshared,longterm_langchain_clp_chat,travel-booking,episode_00003,Truncated Kappa,0
3774,privateshared,longterm_langchain_clp_chat,travel-booking,episode_00003,Slot-Filling-Accuracy,
3775,privateshared,longterm_langchain_clp_chat,travel-booking,episode_00003,Main Score,
3776,privateshared,longterm_langchain_clp_chat,travel-booking,episode_00003,Aborted,0
3777,privateshared,longterm_langchain_clp_chat,travel-booking,episode_00003,Lose,1
3778,privateshared,longterm_langchain_clp_chat,travel-booking,episode_00003,Success,0
3779,privateshared,longterm_langchain_clp_chat,travel-booking,episode_00003,Request Count,5
3780,privateshared,longterm_langchain_clp_chat,travel-booking,episode_00003,Parsed Request Count,5
3781,privateshared,longterm_langchain_clp_chat,travel-booking,episode_00003,Violated Request Count,5
3782,privateshared,longterm_langchain_clp_chat,travel-booking,episode_00003,Request Success Ratio,1.0
3783,privateshared,longterm_langchain_clp_chat,travel-booking,episode_00004,Accuracy,0.0
3784,privateshared,longterm_langchain_clp_chat,travel-booking,episode_00004,Kappa,0.0
3785,privateshared,longterm_langchain_clp_chat,travel-booking,episode_00004,Truncated Kappa,0
3786,privateshared,longterm_langchain_clp_chat,travel-booking,episode_00004,Slot-Filling-Accuracy,
3787,privateshared,longterm_langchain_clp_chat,travel-booking,episode_00004,Main Score,
3788,privateshared,longterm_langchain_clp_chat,travel-booking,episode_00004,Aborted,0
3789,privateshared,longterm_langchain_clp_chat,travel-booking,episode_00004,Lose,1
3790,privateshared,longterm_langchain_clp_chat,travel-booking,episode_00004,Success,0
3791,privateshared,longterm_langchain_clp_chat,travel-booking,episode_00004,Request Count,7
3792,privateshared,longterm_langchain_clp_chat,travel-booking,episode_00004,Parsed Request Count,5
3793,privateshared,longterm_langchain_clp_chat,travel-booking,episode_00004,Violated Request Count,7
3794,privateshared,longterm_langchain_clp_chat,travel-booking,episode_00004,Request Success Ratio,0.7142857142857143
3795,privateshared,longterm_langchain_clp_chat,travel-booking,episode_00005,Accuracy,0.6
3796,privateshared,longterm_langchain_clp_chat,travel-booking,episode_00005,Kappa,0.0
3797,privateshared,longterm_langchain_clp_chat,travel-booking,episode_00005,Truncated Kappa,0
3798,privateshared,longterm_langchain_clp_chat,travel-booking,episode_00005,Slot-Filling-Accuracy,
3799,privateshared,longterm_langchain_clp_chat,travel-booking,episode_00005,Main Score,
3800,privateshared,longterm_langchain_clp_chat,travel-booking,episode_00005,Aborted,0
3801,privateshared,longterm_langchain_clp_chat,travel-booking,episode_00005,Lose,1
3802,privateshared,longterm_langchain_clp_chat,travel-booking,episode_00005,Success,0
3803,privateshared,longterm_langchain_clp_chat,travel-booking,episode_00005,Request Count,8
3804,privateshared,longterm_langchain_clp_chat,travel-booking,episode_00005,Parsed Request Count,5
3805,privateshared,longterm_langchain_clp_chat,travel-booking,episode_00005,Violated Request Count,8
3806,privateshared,longterm_langchain_clp_chat,travel-booking,episode_00005,Request Success Ratio,0.625
3807,referencegame,longterm_langchain_clp_chat,letter_grids,episode_00001,Generated Expression Length,213
3808,referencegame,longterm_langchain_clp_chat,letter_grids,episode_00001,Generated Expression Number of Tokens,41
3809,referencegame,longterm_langchain_clp_chat,letter_grids,episode_00001,Aborted at Player 1,0
3810,referencegame,longterm_langchain_clp_chat,letter_grids,episode_00001,Aborted at Player 2,0
3811,referencegame,longterm_langchain_clp_chat,letter_grids,episode_00001,Request Count,2
3812,referencegame,longterm_langchain_clp_chat,letter_grids,episode_00001,Parsed Request Count,2
3813,referencegame,longterm_langchain_clp_chat,letter_grids,episode_00001,Violated Request Count,0
3814,referencegame,longterm_langchain_clp_chat,letter_grids,episode_00001,Aborted,0
3815,referencegame,longterm_langchain_clp_chat,letter_grids,episode_00001,Success,0
3816,referencegame,longterm_langchain_clp_chat,letter_grids,episode_00001,Lose,1
3817,referencegame,longterm_langchain_clp_chat,letter_grids,episode_00001,Main Score,0
3818,referencegame,longterm_langchain_clp_chat,letter_grids,episode_00001,Request Success Ratio,1.0
3819,referencegame,longterm_langchain_clp_chat,letter_grids,episode_00002,Generated Expression Length,176
3820,referencegame,longterm_langchain_clp_chat,letter_grids,episode_00002,Generated Expression Number of Tokens,33
3821,referencegame,longterm_langchain_clp_chat,letter_grids,episode_00002,Aborted at Player 1,0
3822,referencegame,longterm_langchain_clp_chat,letter_grids,episode_00002,Aborted at Player 2,0
3823,referencegame,longterm_langchain_clp_chat,letter_grids,episode_00002,Request Count,2
3824,referencegame,longterm_langchain_clp_chat,letter_grids,episode_00002,Parsed Request Count,2
3825,referencegame,longterm_langchain_clp_chat,letter_grids,episode_00002,Violated Request Count,0
3826,referencegame,longterm_langchain_clp_chat,letter_grids,episode_00002,Aborted,0
3827,referencegame,longterm_langchain_clp_chat,letter_grids,episode_00002,Success,0
3828,referencegame,longterm_langchain_clp_chat,letter_grids,episode_00002,Lose,1
3829,referencegame,longterm_langchain_clp_chat,letter_grids,episode_00002,Main Score,0
3830,referencegame,longterm_langchain_clp_chat,letter_grids,episode_00002,Request Success Ratio,1.0
3831,referencegame,longterm_langchain_clp_chat,letter_grids,episode_00003,Generated Expression Length,172
3832,referencegame,longterm_langchain_clp_chat,letter_grids,episode_00003,Generated Expression Number of Tokens,33
3833,referencegame,longterm_langchain_clp_chat,letter_grids,episode_00003,Aborted at Player 1,0
3834,referencegame,longterm_langchain_clp_chat,letter_grids,episode_00003,Aborted at Player 2,0
3835,referencegame,longterm_langchain_clp_chat,letter_grids,episode_00003,Request Count,2
3836,referencegame,longterm_langchain_clp_chat,letter_grids,episode_00003,Parsed Request Count,2
3837,referencegame,longterm_langchain_clp_chat,letter_grids,episode_00003,Violated Request Count,0
3838,referencegame,longterm_langchain_clp_chat,letter_grids,episode_00003,Aborted,0
3839,referencegame,longterm_langchain_clp_chat,letter_grids,episode_00003,Success,0
3840,referencegame,longterm_langchain_clp_chat,letter_grids,episode_00003,Lose,1
3841,referencegame,longterm_langchain_clp_chat,letter_grids,episode_00003,Main Score,0
3842,referencegame,longterm_langchain_clp_chat,letter_grids,episode_00003,Request Success Ratio,1.0
3843,referencegame,longterm_langchain_clp_chat,letter_grids,episode_00004,Generated Expression Length,165
3844,referencegame,longterm_langchain_clp_chat,letter_grids,episode_00004,Generated Expression Number of Tokens,33
3845,referencegame,longterm_langchain_clp_chat,letter_grids,episode_00004,Aborted at Player 1,0
3846,referencegame,longterm_langchain_clp_chat,letter_grids,episode_00004,Aborted at Player 2,0
3847,referencegame,longterm_langchain_clp_chat,letter_grids,episode_00004,Request Count,2
3848,referencegame,longterm_langchain_clp_chat,letter_grids,episode_00004,Parsed Request Count,2
3849,referencegame,longterm_langchain_clp_chat,letter_grids,episode_00004,Violated Request Count,0
3850,referencegame,longterm_langchain_clp_chat,letter_grids,episode_00004,Aborted,0
3851,referencegame,longterm_langchain_clp_chat,letter_grids,episode_00004,Success,0
3852,referencegame,longterm_langchain_clp_chat,letter_grids,episode_00004,Lose,1
3853,referencegame,longterm_langchain_clp_chat,letter_grids,episode_00004,Main Score,0
3854,referencegame,longterm_langchain_clp_chat,letter_grids,episode_00004,Request Success Ratio,1.0
3855,referencegame,longterm_langchain_clp_chat,letter_grids,episode_00005,Generated Expression Length,120
3856,referencegame,longterm_langchain_clp_chat,letter_grids,episode_00005,Generated Expression Number of Tokens,23
3857,referencegame,longterm_langchain_clp_chat,letter_grids,episode_00005,Aborted at Player 1,0
3858,referencegame,longterm_langchain_clp_chat,letter_grids,episode_00005,Aborted at Player 2,0
3859,referencegame,longterm_langchain_clp_chat,letter_grids,episode_00005,Request Count,2
3860,referencegame,longterm_langchain_clp_chat,letter_grids,episode_00005,Parsed Request Count,2
3861,referencegame,longterm_langchain_clp_chat,letter_grids,episode_00005,Violated Request Count,0
3862,referencegame,longterm_langchain_clp_chat,letter_grids,episode_00005,Aborted,0
3863,referencegame,longterm_langchain_clp_chat,letter_grids,episode_00005,Success,0
3864,referencegame,longterm_langchain_clp_chat,letter_grids,episode_00005,Lose,1
3865,referencegame,longterm_langchain_clp_chat,letter_grids,episode_00005,Main Score,0
3866,referencegame,longterm_langchain_clp_chat,letter_grids,episode_00005,Request Success Ratio,1.0
3867,referencegame,longterm_langchain_clp_chat,line_grids_columns,episode_00016,Generated Expression Length,129
3868,referencegame,longterm_langchain_clp_chat,line_grids_columns,episode_00016,Generated Expression Number of Tokens,24
3869,referencegame,longterm_langchain_clp_chat,line_grids_columns,episode_00016,Aborted at Player 1,0
3870,referencegame,longterm_langchain_clp_chat,line_grids_columns,episode_00016,Aborted at Player 2,0
3871,referencegame,longterm_langchain_clp_chat,line_grids_columns,episode_00016,Request Count,2
3872,referencegame,longterm_langchain_clp_chat,line_grids_columns,episode_00016,Parsed Request Count,2
3873,referencegame,longterm_langchain_clp_chat,line_grids_columns,episode_00016,Violated Request Count,0
3874,referencegame,longterm_langchain_clp_chat,line_grids_columns,episode_00016,Aborted,0
3875,referencegame,longterm_langchain_clp_chat,line_grids_columns,episode_00016,Success,1
3876,referencegame,longterm_langchain_clp_chat,line_grids_columns,episode_00016,Lose,0
3877,referencegame,longterm_langchain_clp_chat,line_grids_columns,episode_00016,Main Score,100
3878,referencegame,longterm_langchain_clp_chat,line_grids_columns,episode_00016,Request Success Ratio,1.0
3879,referencegame,longterm_langchain_clp_chat,line_grids_columns,episode_00017,Generated Expression Length,123
3880,referencegame,longterm_langchain_clp_chat,line_grids_columns,episode_00017,Generated Expression Number of Tokens,23
3881,referencegame,longterm_langchain_clp_chat,line_grids_columns,episode_00017,Aborted at Player 1,0
3882,referencegame,longterm_langchain_clp_chat,line_grids_columns,episode_00017,Aborted at Player 2,0
3883,referencegame,longterm_langchain_clp_chat,line_grids_columns,episode_00017,Request Count,2
3884,referencegame,longterm_langchain_clp_chat,line_grids_columns,episode_00017,Parsed Request Count,2
3885,referencegame,longterm_langchain_clp_chat,line_grids_columns,episode_00017,Violated Request Count,0
3886,referencegame,longterm_langchain_clp_chat,line_grids_columns,episode_00017,Aborted,0
3887,referencegame,longterm_langchain_clp_chat,line_grids_columns,episode_00017,Success,0
3888,referencegame,longterm_langchain_clp_chat,line_grids_columns,episode_00017,Lose,1
3889,referencegame,longterm_langchain_clp_chat,line_grids_columns,episode_00017,Main Score,0
3890,referencegame,longterm_langchain_clp_chat,line_grids_columns,episode_00017,Request Success Ratio,1.0
3891,referencegame,longterm_langchain_clp_chat,line_grids_columns,episode_00018,Generated Expression Length,123
3892,referencegame,longterm_langchain_clp_chat,line_grids_columns,episode_00018,Generated Expression Number of Tokens,23
3893,referencegame,longterm_langchain_clp_chat,line_grids_columns,episode_00018,Aborted at Player 1,0
3894,referencegame,longterm_langchain_clp_chat,line_grids_columns,episode_00018,Aborted at Player 2,0
3895,referencegame,longterm_langchain_clp_chat,line_grids_columns,episode_00018,Request Count,2
3896,referencegame,longterm_langchain_clp_chat,line_grids_columns,episode_00018,Parsed Request Count,2
3897,referencegame,longterm_langchain_clp_chat,line_grids_columns,episode_00018,Violated Request Count,0
3898,referencegame,longterm_langchain_clp_chat,line_grids_columns,episode_00018,Aborted,0
3899,referencegame,longterm_langchain_clp_chat,line_grids_columns,episode_00018,Success,0
3900,referencegame,longterm_langchain_clp_chat,line_grids_columns,episode_00018,Lose,1
3901,referencegame,longterm_langchain_clp_chat,line_grids_columns,episode_00018,Main Score,0
3902,referencegame,longterm_langchain_clp_chat,line_grids_columns,episode_00018,Request Success Ratio,1.0
3903,referencegame,longterm_langchain_clp_chat,line_grids_columns,episode_00019,Generated Expression Length,123
3904,referencegame,longterm_langchain_clp_chat,line_grids_columns,episode_00019,Generated Expression Number of Tokens,23
3905,referencegame,longterm_langchain_clp_chat,line_grids_columns,episode_00019,Aborted at Player 1,0
3906,referencegame,longterm_langchain_clp_chat,line_grids_columns,episode_00019,Aborted at Player 2,0
3907,referencegame,longterm_langchain_clp_chat,line_grids_columns,episode_00019,Request Count,2
3908,referencegame,longterm_langchain_clp_chat,line_grids_columns,episode_00019,Parsed Request Count,2
3909,referencegame,longterm_langchain_clp_chat,line_grids_columns,episode_00019,Violated Request Count,0
3910,referencegame,longterm_langchain_clp_chat,line_grids_columns,episode_00019,Aborted,0
3911,referencegame,longterm_langchain_clp_chat,line_grids_columns,episode_00019,Success,0
3912,referencegame,longterm_langchain_clp_chat,line_grids_columns,episode_00019,Lose,1
3913,referencegame,longterm_langchain_clp_chat,line_grids_columns,episode_00019,Main Score,0
3914,referencegame,longterm_langchain_clp_chat,line_grids_columns,episode_00019,Request Success Ratio,1.0
3915,referencegame,longterm_langchain_clp_chat,line_grids_columns,episode_00020,Generated Expression Length,123
3916,referencegame,longterm_langchain_clp_chat,line_grids_columns,episode_00020,Generated Expression Number of Tokens,23
3917,referencegame,longterm_langchain_clp_chat,line_grids_columns,episode_00020,Aborted at Player 1,0
3918,referencegame,longterm_langchain_clp_chat,line_grids_columns,episode_00020,Aborted at Player 2,0
3919,referencegame,longterm_langchain_clp_chat,line_grids_columns,episode_00020,Request Count,2
3920,referencegame,longterm_langchain_clp_chat,line_grids_columns,episode_00020,Parsed Request Count,2
3921,referencegame,longterm_langchain_clp_chat,line_grids_columns,episode_00020,Violated Request Count,0
3922,referencegame,longterm_langchain_clp_chat,line_grids_columns,episode_00020,Aborted,0
3923,referencegame,longterm_langchain_clp_chat,line_grids_columns,episode_00020,Success,1
3924,referencegame,longterm_langchain_clp_chat,line_grids_columns,episode_00020,Lose,0
3925,referencegame,longterm_langchain_clp_chat,line_grids_columns,episode_00020,Main Score,100
3926,referencegame,longterm_langchain_clp_chat,line_grids_columns,episode_00020,Request Success Ratio,1.0
3927,referencegame,longterm_langchain_clp_chat,line_grids_rows,episode_00011,Generated Expression Length,120
3928,referencegame,longterm_langchain_clp_chat,line_grids_rows,episode_00011,Generated Expression Number of Tokens,23
3929,referencegame,longterm_langchain_clp_chat,line_grids_rows,episode_00011,Aborted at Player 1,0
3930,referencegame,longterm_langchain_clp_chat,line_grids_rows,episode_00011,Aborted at Player 2,0
3931,referencegame,longterm_langchain_clp_chat,line_grids_rows,episode_00011,Request Count,2
3932,referencegame,longterm_langchain_clp_chat,line_grids_rows,episode_00011,Parsed Request Count,2
3933,referencegame,longterm_langchain_clp_chat,line_grids_rows,episode_00011,Violated Request Count,0
3934,referencegame,longterm_langchain_clp_chat,line_grids_rows,episode_00011,Aborted,0
3935,referencegame,longterm_langchain_clp_chat,line_grids_rows,episode_00011,Success,1
3936,referencegame,longterm_langchain_clp_chat,line_grids_rows,episode_00011,Lose,0
3937,referencegame,longterm_langchain_clp_chat,line_grids_rows,episode_00011,Main Score,100
3938,referencegame,longterm_langchain_clp_chat,line_grids_rows,episode_00011,Request Success Ratio,1.0
3939,referencegame,longterm_langchain_clp_chat,line_grids_rows,episode_00012,Generated Expression Length,120
3940,referencegame,longterm_langchain_clp_chat,line_grids_rows,episode_00012,Generated Expression Number of Tokens,23
3941,referencegame,longterm_langchain_clp_chat,line_grids_rows,episode_00012,Aborted at Player 1,0
3942,referencegame,longterm_langchain_clp_chat,line_grids_rows,episode_00012,Aborted at Player 2,0
3943,referencegame,longterm_langchain_clp_chat,line_grids_rows,episode_00012,Request Count,2
3944,referencegame,longterm_langchain_clp_chat,line_grids_rows,episode_00012,Parsed Request Count,2
3945,referencegame,longterm_langchain_clp_chat,line_grids_rows,episode_00012,Violated Request Count,0
3946,referencegame,longterm_langchain_clp_chat,line_grids_rows,episode_00012,Aborted,0
3947,referencegame,longterm_langchain_clp_chat,line_grids_rows,episode_00012,Success,0
3948,referencegame,longterm_langchain_clp_chat,line_grids_rows,episode_00012,Lose,1
3949,referencegame,longterm_langchain_clp_chat,line_grids_rows,episode_00012,Main Score,0
3950,referencegame,longterm_langchain_clp_chat,line_grids_rows,episode_00012,Request Success Ratio,1.0
3951,referencegame,longterm_langchain_clp_chat,line_grids_rows,episode_00013,Generated Expression Length,120
3952,referencegame,longterm_langchain_clp_chat,line_grids_rows,episode_00013,Generated Expression Number of Tokens,23
3953,referencegame,longterm_langchain_clp_chat,line_grids_rows,episode_00013,Aborted at Player 1,0
3954,referencegame,longterm_langchain_clp_chat,line_grids_rows,episode_00013,Aborted at Player 2,0
3955,referencegame,longterm_langchain_clp_chat,line_grids_rows,episode_00013,Request Count,2
3956,referencegame,longterm_langchain_clp_chat,line_grids_rows,episode_00013,Parsed Request Count,2
3957,referencegame,longterm_langchain_clp_chat,line_grids_rows,episode_00013,Violated Request Count,0
3958,referencegame,longterm_langchain_clp_chat,line_grids_rows,episode_00013,Aborted,0
3959,referencegame,longterm_langchain_clp_chat,line_grids_rows,episode_00013,Success,0
3960,referencegame,longterm_langchain_clp_chat,line_grids_rows,episode_00013,Lose,1
3961,referencegame,longterm_langchain_clp_chat,line_grids_rows,episode_00013,Main Score,0
3962,referencegame,longterm_langchain_clp_chat,line_grids_rows,episode_00013,Request Success Ratio,1.0
3963,referencegame,longterm_langchain_clp_chat,line_grids_rows,episode_00014,Generated Expression Length,120
3964,referencegame,longterm_langchain_clp_chat,line_grids_rows,episode_00014,Generated Expression Number of Tokens,23
3965,referencegame,longterm_langchain_clp_chat,line_grids_rows,episode_00014,Aborted at Player 1,0
3966,referencegame,longterm_langchain_clp_chat,line_grids_rows,episode_00014,Aborted at Player 2,0
3967,referencegame,longterm_langchain_clp_chat,line_grids_rows,episode_00014,Request Count,2
3968,referencegame,longterm_langchain_clp_chat,line_grids_rows,episode_00014,Parsed Request Count,2
3969,referencegame,longterm_langchain_clp_chat,line_grids_rows,episode_00014,Violated Request Count,0
3970,referencegame,longterm_langchain_clp_chat,line_grids_rows,episode_00014,Aborted,0
3971,referencegame,longterm_langchain_clp_chat,line_grids_rows,episode_00014,Success,0
3972,referencegame,longterm_langchain_clp_chat,line_grids_rows,episode_00014,Lose,1
3973,referencegame,longterm_langchain_clp_chat,line_grids_rows,episode_00014,Main Score,0
3974,referencegame,longterm_langchain_clp_chat,line_grids_rows,episode_00014,Request Success Ratio,1.0
3975,referencegame,longterm_langchain_clp_chat,line_grids_rows,episode_00015,Generated Expression Length,120
3976,referencegame,longterm_langchain_clp_chat,line_grids_rows,episode_00015,Generated Expression Number of Tokens,23
3977,referencegame,longterm_langchain_clp_chat,line_grids_rows,episode_00015,Aborted at Player 1,0
3978,referencegame,longterm_langchain_clp_chat,line_grids_rows,episode_00015,Aborted at Player 2,0
3979,referencegame,longterm_langchain_clp_chat,line_grids_rows,episode_00015,Request Count,2
3980,referencegame,longterm_langchain_clp_chat,line_grids_rows,episode_00015,Parsed Request Count,2
3981,referencegame,longterm_langchain_clp_chat,line_grids_rows,episode_00015,Violated Request Count,0
3982,referencegame,longterm_langchain_clp_chat,line_grids_rows,episode_00015,Aborted,0
3983,referencegame,longterm_langchain_clp_chat,line_grids_rows,episode_00015,Success,0
3984,referencegame,longterm_langchain_clp_chat,line_grids_rows,episode_00015,Lose,1
3985,referencegame,longterm_langchain_clp_chat,line_grids_rows,episode_00015,Main Score,0
3986,referencegame,longterm_langchain_clp_chat,line_grids_rows,episode_00015,Request Success Ratio,1.0
3987,referencegame,longterm_langchain_clp_chat,number_grids,episode_00006,Generated Expression Length,120
3988,referencegame,longterm_langchain_clp_chat,number_grids,episode_00006,Generated Expression Number of Tokens,23
3989,referencegame,longterm_langchain_clp_chat,number_grids,episode_00006,Aborted at Player 1,0
3990,referencegame,longterm_langchain_clp_chat,number_grids,episode_00006,Aborted at Player 2,0
3991,referencegame,longterm_langchain_clp_chat,number_grids,episode_00006,Request Count,2
3992,referencegame,longterm_langchain_clp_chat,number_grids,episode_00006,Parsed Request Count,2
3993,referencegame,longterm_langchain_clp_chat,number_grids,episode_00006,Violated Request Count,0
3994,referencegame,longterm_langchain_clp_chat,number_grids,episode_00006,Aborted,0
3995,referencegame,longterm_langchain_clp_chat,number_grids,episode_00006,Success,1
3996,referencegame,longterm_langchain_clp_chat,number_grids,episode_00006,Lose,0
3997,referencegame,longterm_langchain_clp_chat,number_grids,episode_00006,Main Score,100
3998,referencegame,longterm_langchain_clp_chat,number_grids,episode_00006,Request Success Ratio,1.0
3999,referencegame,longterm_langchain_clp_chat,number_grids,episode_00007,Generated Expression Length,120
4000,referencegame,longterm_langchain_clp_chat,number_grids,episode_00007,Generated Expression Number of Tokens,23
4001,referencegame,longterm_langchain_clp_chat,number_grids,episode_00007,Aborted at Player 1,0
4002,referencegame,longterm_langchain_clp_chat,number_grids,episode_00007,Aborted at Player 2,0
4003,referencegame,longterm_langchain_clp_chat,number_grids,episode_00007,Request Count,2
4004,referencegame,longterm_langchain_clp_chat,number_grids,episode_00007,Parsed Request Count,2
4005,referencegame,longterm_langchain_clp_chat,number_grids,episode_00007,Violated Request Count,0
4006,referencegame,longterm_langchain_clp_chat,number_grids,episode_00007,Aborted,0
4007,referencegame,longterm_langchain_clp_chat,number_grids,episode_00007,Success,0
4008,referencegame,longterm_langchain_clp_chat,number_grids,episode_00007,Lose,1
4009,referencegame,longterm_langchain_clp_chat,number_grids,episode_00007,Main Score,0
4010,referencegame,longterm_langchain_clp_chat,number_grids,episode_00007,Request Success Ratio,1.0
4011,referencegame,longterm_langchain_clp_chat,number_grids,episode_00008,Generated Expression Length,138
4012,referencegame,longterm_langchain_clp_chat,number_grids,episode_00008,Generated Expression Number of Tokens,27
4013,referencegame,longterm_langchain_clp_chat,number_grids,episode_00008,Aborted at Player 1,0
4014,referencegame,longterm_langchain_clp_chat,number_grids,episode_00008,Aborted at Player 2,0
4015,referencegame,longterm_langchain_clp_chat,number_grids,episode_00008,Request Count,2
4016,referencegame,longterm_langchain_clp_chat,number_grids,episode_00008,Parsed Request Count,2
4017,referencegame,longterm_langchain_clp_chat,number_grids,episode_00008,Violated Request Count,0
4018,referencegame,longterm_langchain_clp_chat,number_grids,episode_00008,Aborted,0
4019,referencegame,longterm_langchain_clp_chat,number_grids,episode_00008,Success,0
4020,referencegame,longterm_langchain_clp_chat,number_grids,episode_00008,Lose,1
4021,referencegame,longterm_langchain_clp_chat,number_grids,episode_00008,Main Score,0
4022,referencegame,longterm_langchain_clp_chat,number_grids,episode_00008,Request Success Ratio,1.0
4023,referencegame,longterm_langchain_clp_chat,number_grids,episode_00009,Generated Expression Length,120
4024,referencegame,longterm_langchain_clp_chat,number_grids,episode_00009,Generated Expression Number of Tokens,23
4025,referencegame,longterm_langchain_clp_chat,number_grids,episode_00009,Aborted at Player 1,0
4026,referencegame,longterm_langchain_clp_chat,number_grids,episode_00009,Aborted at Player 2,0
4027,referencegame,longterm_langchain_clp_chat,number_grids,episode_00009,Request Count,2
4028,referencegame,longterm_langchain_clp_chat,number_grids,episode_00009,Parsed Request Count,2
4029,referencegame,longterm_langchain_clp_chat,number_grids,episode_00009,Violated Request Count,0
4030,referencegame,longterm_langchain_clp_chat,number_grids,episode_00009,Aborted,0
4031,referencegame,longterm_langchain_clp_chat,number_grids,episode_00009,Success,0
4032,referencegame,longterm_langchain_clp_chat,number_grids,episode_00009,Lose,1
4033,referencegame,longterm_langchain_clp_chat,number_grids,episode_00009,Main Score,0
4034,referencegame,longterm_langchain_clp_chat,number_grids,episode_00009,Request Success Ratio,1.0
4035,referencegame,longterm_langchain_clp_chat,number_grids,episode_00010,Generated Expression Length,120
4036,referencegame,longterm_langchain_clp_chat,number_grids,episode_00010,Generated Expression Number of Tokens,23
4037,referencegame,longterm_langchain_clp_chat,number_grids,episode_00010,Aborted at Player 1,0
4038,referencegame,longterm_langchain_clp_chat,number_grids,episode_00010,Aborted at Player 2,0
4039,referencegame,longterm_langchain_clp_chat,number_grids,episode_00010,Request Count,2
4040,referencegame,longterm_langchain_clp_chat,number_grids,episode_00010,Parsed Request Count,2
4041,referencegame,longterm_langchain_clp_chat,number_grids,episode_00010,Violated Request Count,0
4042,referencegame,longterm_langchain_clp_chat,number_grids,episode_00010,Aborted,0
4043,referencegame,longterm_langchain_clp_chat,number_grids,episode_00010,Success,0
4044,referencegame,longterm_langchain_clp_chat,number_grids,episode_00010,Lose,1
4045,referencegame,longterm_langchain_clp_chat,number_grids,episode_00010,Main Score,0
4046,referencegame,longterm_langchain_clp_chat,number_grids,episode_00010,Request Success Ratio,1.0
4047,referencegame,longterm_langchain_clp_chat,random_grids,episode_00021,Generated Expression Length,123
4048,referencegame,longterm_langchain_clp_chat,random_grids,episode_00021,Generated Expression Number of Tokens,23
4049,referencegame,longterm_langchain_clp_chat,random_grids,episode_00021,Aborted at Player 1,0
4050,referencegame,longterm_langchain_clp_chat,random_grids,episode_00021,Aborted at Player 2,0
4051,referencegame,longterm_langchain_clp_chat,random_grids,episode_00021,Request Count,2
4052,referencegame,longterm_langchain_clp_chat,random_grids,episode_00021,Parsed Request Count,2
4053,referencegame,longterm_langchain_clp_chat,random_grids,episode_00021,Violated Request Count,0
4054,referencegame,longterm_langchain_clp_chat,random_grids,episode_00021,Aborted,0
4055,referencegame,longterm_langchain_clp_chat,random_grids,episode_00021,Success,0
4056,referencegame,longterm_langchain_clp_chat,random_grids,episode_00021,Lose,1
4057,referencegame,longterm_langchain_clp_chat,random_grids,episode_00021,Main Score,0
4058,referencegame,longterm_langchain_clp_chat,random_grids,episode_00021,Request Success Ratio,1.0
4059,referencegame,longterm_langchain_clp_chat,random_grids,episode_00022,Generated Expression Length,123
4060,referencegame,longterm_langchain_clp_chat,random_grids,episode_00022,Generated Expression Number of Tokens,23
4061,referencegame,longterm_langchain_clp_chat,random_grids,episode_00022,Aborted at Player 1,0
4062,referencegame,longterm_langchain_clp_chat,random_grids,episode_00022,Aborted at Player 2,0
4063,referencegame,longterm_langchain_clp_chat,random_grids,episode_00022,Request Count,2
4064,referencegame,longterm_langchain_clp_chat,random_grids,episode_00022,Parsed Request Count,2
4065,referencegame,longterm_langchain_clp_chat,random_grids,episode_00022,Violated Request Count,0
4066,referencegame,longterm_langchain_clp_chat,random_grids,episode_00022,Aborted,0
4067,referencegame,longterm_langchain_clp_chat,random_grids,episode_00022,Success,1
4068,referencegame,longterm_langchain_clp_chat,random_grids,episode_00022,Lose,0
4069,referencegame,longterm_langchain_clp_chat,random_grids,episode_00022,Main Score,100
4070,referencegame,longterm_langchain_clp_chat,random_grids,episode_00022,Request Success Ratio,1.0
4071,referencegame,longterm_langchain_clp_chat,random_grids,episode_00023,Generated Expression Length,130
4072,referencegame,longterm_langchain_clp_chat,random_grids,episode_00023,Generated Expression Number of Tokens,24
4073,referencegame,longterm_langchain_clp_chat,random_grids,episode_00023,Aborted at Player 1,0
4074,referencegame,longterm_langchain_clp_chat,random_grids,episode_00023,Aborted at Player 2,0
4075,referencegame,longterm_langchain_clp_chat,random_grids,episode_00023,Request Count,2
4076,referencegame,longterm_langchain_clp_chat,random_grids,episode_00023,Parsed Request Count,2
4077,referencegame,longterm_langchain_clp_chat,random_grids,episode_00023,Violated Request Count,0
4078,referencegame,longterm_langchain_clp_chat,random_grids,episode_00023,Aborted,0
4079,referencegame,longterm_langchain_clp_chat,random_grids,episode_00023,Success,1
4080,referencegame,longterm_langchain_clp_chat,random_grids,episode_00023,Lose,0
4081,referencegame,longterm_langchain_clp_chat,random_grids,episode_00023,Main Score,100
4082,referencegame,longterm_langchain_clp_chat,random_grids,episode_00023,Request Success Ratio,1.0
4083,referencegame,longterm_langchain_clp_chat,random_grids,episode_00024,Generated Expression Length,130
4084,referencegame,longterm_langchain_clp_chat,random_grids,episode_00024,Generated Expression Number of Tokens,24
4085,referencegame,longterm_langchain_clp_chat,random_grids,episode_00024,Aborted at Player 1,0
4086,referencegame,longterm_langchain_clp_chat,random_grids,episode_00024,Aborted at Player 2,0
4087,referencegame,longterm_langchain_clp_chat,random_grids,episode_00024,Request Count,2
4088,referencegame,longterm_langchain_clp_chat,random_grids,episode_00024,Parsed Request Count,2
4089,referencegame,longterm_langchain_clp_chat,random_grids,episode_00024,Violated Request Count,0
4090,referencegame,longterm_langchain_clp_chat,random_grids,episode_00024,Aborted,0
4091,referencegame,longterm_langchain_clp_chat,random_grids,episode_00024,Success,0
4092,referencegame,longterm_langchain_clp_chat,random_grids,episode_00024,Lose,1
4093,referencegame,longterm_langchain_clp_chat,random_grids,episode_00024,Main Score,0
4094,referencegame,longterm_langchain_clp_chat,random_grids,episode_00024,Request Success Ratio,1.0
4095,referencegame,longterm_langchain_clp_chat,random_grids,episode_00025,Generated Expression Length,123
4096,referencegame,longterm_langchain_clp_chat,random_grids,episode_00025,Generated Expression Number of Tokens,23
4097,referencegame,longterm_langchain_clp_chat,random_grids,episode_00025,Aborted at Player 1,0
4098,referencegame,longterm_langchain_clp_chat,random_grids,episode_00025,Aborted at Player 2,0
4099,referencegame,longterm_langchain_clp_chat,random_grids,episode_00025,Request Count,2
4100,referencegame,longterm_langchain_clp_chat,random_grids,episode_00025,Parsed Request Count,2
4101,referencegame,longterm_langchain_clp_chat,random_grids,episode_00025,Violated Request Count,0
4102,referencegame,longterm_langchain_clp_chat,random_grids,episode_00025,Aborted,0
4103,referencegame,longterm_langchain_clp_chat,random_grids,episode_00025,Success,0
4104,referencegame,longterm_langchain_clp_chat,random_grids,episode_00025,Lose,1
4105,referencegame,longterm_langchain_clp_chat,random_grids,episode_00025,Main Score,0
4106,referencegame,longterm_langchain_clp_chat,random_grids,episode_00025,Request Success Ratio,1.0
4107,taboo,longterm_langchain_clp_chat,high_en,episode_00001,Violated Request Count,0
4108,taboo,longterm_langchain_clp_chat,high_en,episode_00001,Parsed Request Count,3
4109,taboo,longterm_langchain_clp_chat,high_en,episode_00001,Request Count,3
4110,taboo,longterm_langchain_clp_chat,high_en,episode_00001,Request Success Ratio,1.0
4111,taboo,longterm_langchain_clp_chat,high_en,episode_00001,Aborted,0
4112,taboo,longterm_langchain_clp_chat,high_en,episode_00001,Success,0
4113,taboo,longterm_langchain_clp_chat,high_en,episode_00001,Lose,1
4114,taboo,longterm_langchain_clp_chat,high_en,episode_00001,Main Score,0
4115,taboo,longterm_langchain_clp_chat,high_en,episode_00001,Repetition-Guesser,0
4116,taboo,longterm_langchain_clp_chat,high_en,episode_00001,Repetition-Describer,0
4117,taboo,longterm_langchain_clp_chat,high_en,episode_00002,Violated Request Count,0
4118,taboo,longterm_langchain_clp_chat,high_en,episode_00002,Parsed Request Count,3
4119,taboo,longterm_langchain_clp_chat,high_en,episode_00002,Request Count,3
4120,taboo,longterm_langchain_clp_chat,high_en,episode_00002,Request Success Ratio,1.0
4121,taboo,longterm_langchain_clp_chat,high_en,episode_00002,Aborted,0
4122,taboo,longterm_langchain_clp_chat,high_en,episode_00002,Success,0
4123,taboo,longterm_langchain_clp_chat,high_en,episode_00002,Lose,1
4124,taboo,longterm_langchain_clp_chat,high_en,episode_00002,Main Score,0
4125,taboo,longterm_langchain_clp_chat,high_en,episode_00002,Repetition-Guesser,0
4126,taboo,longterm_langchain_clp_chat,high_en,episode_00002,Repetition-Describer,0
4127,taboo,longterm_langchain_clp_chat,high_en,episode_00003,Violated Request Count,0
4128,taboo,longterm_langchain_clp_chat,high_en,episode_00003,Parsed Request Count,1
4129,taboo,longterm_langchain_clp_chat,high_en,episode_00003,Request Count,1
4130,taboo,longterm_langchain_clp_chat,high_en,episode_00003,Request Success Ratio,1.0
4131,taboo,longterm_langchain_clp_chat,high_en,episode_00003,Aborted,0
4132,taboo,longterm_langchain_clp_chat,high_en,episode_00003,Success,1
4133,taboo,longterm_langchain_clp_chat,high_en,episode_00003,Lose,0
4134,taboo,longterm_langchain_clp_chat,high_en,episode_00003,Main Score,100.0
4135,taboo,longterm_langchain_clp_chat,high_en,episode_00003,Repetition-Guesser,0
4136,taboo,longterm_langchain_clp_chat,high_en,episode_00003,Repetition-Describer,0
4137,taboo,longterm_langchain_clp_chat,high_en,episode_00004,Violated Request Count,0
4138,taboo,longterm_langchain_clp_chat,high_en,episode_00004,Parsed Request Count,1
4139,taboo,longterm_langchain_clp_chat,high_en,episode_00004,Request Count,1
4140,taboo,longterm_langchain_clp_chat,high_en,episode_00004,Request Success Ratio,1.0
4141,taboo,longterm_langchain_clp_chat,high_en,episode_00004,Aborted,0
4142,taboo,longterm_langchain_clp_chat,high_en,episode_00004,Success,0
4143,taboo,longterm_langchain_clp_chat,high_en,episode_00004,Lose,1
4144,taboo,longterm_langchain_clp_chat,high_en,episode_00004,Main Score,0
4145,taboo,longterm_langchain_clp_chat,high_en,episode_00004,Repetition-Guesser,0
4146,taboo,longterm_langchain_clp_chat,high_en,episode_00004,Repetition-Describer,0
4147,taboo,longterm_langchain_clp_chat,high_en,episode_00005,Violated Request Count,0
4148,taboo,longterm_langchain_clp_chat,high_en,episode_00005,Parsed Request Count,2
4149,taboo,longterm_langchain_clp_chat,high_en,episode_00005,Request Count,2
4150,taboo,longterm_langchain_clp_chat,high_en,episode_00005,Request Success Ratio,1.0
4151,taboo,longterm_langchain_clp_chat,high_en,episode_00005,Aborted,0
4152,taboo,longterm_langchain_clp_chat,high_en,episode_00005,Success,0
4153,taboo,longterm_langchain_clp_chat,high_en,episode_00005,Lose,1
4154,taboo,longterm_langchain_clp_chat,high_en,episode_00005,Main Score,0
4155,taboo,longterm_langchain_clp_chat,high_en,episode_00005,Repetition-Guesser,0
4156,taboo,longterm_langchain_clp_chat,high_en,episode_00005,Repetition-Describer,0
4157,taboo,longterm_langchain_clp_chat,low_en,episode_00011,Violated Request Count,0
4158,taboo,longterm_langchain_clp_chat,low_en,episode_00011,Parsed Request Count,1
4159,taboo,longterm_langchain_clp_chat,low_en,episode_00011,Request Count,1
4160,taboo,longterm_langchain_clp_chat,low_en,episode_00011,Request Success Ratio,1.0
4161,taboo,longterm_langchain_clp_chat,low_en,episode_00011,Aborted,0
4162,taboo,longterm_langchain_clp_chat,low_en,episode_00011,Success,0
4163,taboo,longterm_langchain_clp_chat,low_en,episode_00011,Lose,1
4164,taboo,longterm_langchain_clp_chat,low_en,episode_00011,Main Score,0
4165,taboo,longterm_langchain_clp_chat,low_en,episode_00011,Repetition-Guesser,0
4166,taboo,longterm_langchain_clp_chat,low_en,episode_00011,Repetition-Describer,0
4167,taboo,longterm_langchain_clp_chat,low_en,episode_00012,Violated Request Count,0
4168,taboo,longterm_langchain_clp_chat,low_en,episode_00012,Parsed Request Count,1
4169,taboo,longterm_langchain_clp_chat,low_en,episode_00012,Request Count,1
4170,taboo,longterm_langchain_clp_chat,low_en,episode_00012,Request Success Ratio,1.0
4171,taboo,longterm_langchain_clp_chat,low_en,episode_00012,Aborted,0
4172,taboo,longterm_langchain_clp_chat,low_en,episode_00012,Success,0
4173,taboo,longterm_langchain_clp_chat,low_en,episode_00012,Lose,1
4174,taboo,longterm_langchain_clp_chat,low_en,episode_00012,Main Score,0
4175,taboo,longterm_langchain_clp_chat,low_en,episode_00012,Repetition-Guesser,0
4176,taboo,longterm_langchain_clp_chat,low_en,episode_00012,Repetition-Describer,0
4177,taboo,longterm_langchain_clp_chat,low_en,episode_00013,Violated Request Count,0
4178,taboo,longterm_langchain_clp_chat,low_en,episode_00013,Parsed Request Count,3
4179,taboo,longterm_langchain_clp_chat,low_en,episode_00013,Request Count,3
4180,taboo,longterm_langchain_clp_chat,low_en,episode_00013,Request Success Ratio,1.0
4181,taboo,longterm_langchain_clp_chat,low_en,episode_00013,Aborted,0
4182,taboo,longterm_langchain_clp_chat,low_en,episode_00013,Success,1
4183,taboo,longterm_langchain_clp_chat,low_en,episode_00013,Lose,0
4184,taboo,longterm_langchain_clp_chat,low_en,episode_00013,Main Score,33.333333333333336
4185,taboo,longterm_langchain_clp_chat,low_en,episode_00013,Repetition-Guesser,0
4186,taboo,longterm_langchain_clp_chat,low_en,episode_00013,Repetition-Describer,0
4187,taboo,longterm_langchain_clp_chat,low_en,episode_00014,Violated Request Count,0
4188,taboo,longterm_langchain_clp_chat,low_en,episode_00014,Parsed Request Count,3
4189,taboo,longterm_langchain_clp_chat,low_en,episode_00014,Request Count,3
4190,taboo,longterm_langchain_clp_chat,low_en,episode_00014,Request Success Ratio,1.0
4191,taboo,longterm_langchain_clp_chat,low_en,episode_00014,Aborted,0
4192,taboo,longterm_langchain_clp_chat,low_en,episode_00014,Success,0
4193,taboo,longterm_langchain_clp_chat,low_en,episode_00014,Lose,1
4194,taboo,longterm_langchain_clp_chat,low_en,episode_00014,Main Score,0
4195,taboo,longterm_langchain_clp_chat,low_en,episode_00014,Repetition-Guesser,0
4196,taboo,longterm_langchain_clp_chat,low_en,episode_00014,Repetition-Describer,0
4197,taboo,longterm_langchain_clp_chat,low_en,episode_00015,Violated Request Count,0
4198,taboo,longterm_langchain_clp_chat,low_en,episode_00015,Parsed Request Count,3
4199,taboo,longterm_langchain_clp_chat,low_en,episode_00015,Request Count,3
4200,taboo,longterm_langchain_clp_chat,low_en,episode_00015,Request Success Ratio,1.0
4201,taboo,longterm_langchain_clp_chat,low_en,episode_00015,Aborted,0
4202,taboo,longterm_langchain_clp_chat,low_en,episode_00015,Success,0
4203,taboo,longterm_langchain_clp_chat,low_en,episode_00015,Lose,1
4204,taboo,longterm_langchain_clp_chat,low_en,episode_00015,Main Score,0
4205,taboo,longterm_langchain_clp_chat,low_en,episode_00015,Repetition-Guesser,0
4206,taboo,longterm_langchain_clp_chat,low_en,episode_00015,Repetition-Describer,0
4207,taboo,longterm_langchain_clp_chat,medium_en,episode_00006,Violated Request Count,0
4208,taboo,longterm_langchain_clp_chat,medium_en,episode_00006,Parsed Request Count,2
4209,taboo,longterm_langchain_clp_chat,medium_en,episode_00006,Request Count,2
4210,taboo,longterm_langchain_clp_chat,medium_en,episode_00006,Request Success Ratio,1.0
4211,taboo,longterm_langchain_clp_chat,medium_en,episode_00006,Aborted,0
4212,taboo,longterm_langchain_clp_chat,medium_en,episode_00006,Success,0
4213,taboo,longterm_langchain_clp_chat,medium_en,episode_00006,Lose,1
4214,taboo,longterm_langchain_clp_chat,medium_en,episode_00006,Main Score,0
4215,taboo,longterm_langchain_clp_chat,medium_en,episode_00006,Repetition-Guesser,0
4216,taboo,longterm_langchain_clp_chat,medium_en,episode_00006,Repetition-Describer,0
4217,taboo,longterm_langchain_clp_chat,medium_en,episode_00007,Violated Request Count,1
4218,taboo,longterm_langchain_clp_chat,medium_en,episode_00007,Parsed Request Count,0
4219,taboo,longterm_langchain_clp_chat,medium_en,episode_00007,Request Count,1
4220,taboo,longterm_langchain_clp_chat,medium_en,episode_00007,Request Success Ratio,0.0
4221,taboo,longterm_langchain_clp_chat,medium_en,episode_00007,Aborted,1
4222,taboo,longterm_langchain_clp_chat,medium_en,episode_00007,Success,0
4223,taboo,longterm_langchain_clp_chat,medium_en,episode_00007,Lose,0
4224,taboo,longterm_langchain_clp_chat,medium_en,episode_00007,Main Score,
4225,taboo,longterm_langchain_clp_chat,medium_en,episode_00007,Repetition-Guesser,0
4226,taboo,longterm_langchain_clp_chat,medium_en,episode_00007,Repetition-Describer,0
4227,taboo,longterm_langchain_clp_chat,medium_en,episode_00008,Violated Request Count,0
4228,taboo,longterm_langchain_clp_chat,medium_en,episode_00008,Parsed Request Count,3
4229,taboo,longterm_langchain_clp_chat,medium_en,episode_00008,Request Count,3
4230,taboo,longterm_langchain_clp_chat,medium_en,episode_00008,Request Success Ratio,1.0
4231,taboo,longterm_langchain_clp_chat,medium_en,episode_00008,Aborted,0
4232,taboo,longterm_langchain_clp_chat,medium_en,episode_00008,Success,0
4233,taboo,longterm_langchain_clp_chat,medium_en,episode_00008,Lose,1
4234,taboo,longterm_langchain_clp_chat,medium_en,episode_00008,Main Score,0
4235,taboo,longterm_langchain_clp_chat,medium_en,episode_00008,Repetition-Guesser,0
4236,taboo,longterm_langchain_clp_chat,medium_en,episode_00008,Repetition-Describer,0
4237,taboo,longterm_langchain_clp_chat,medium_en,episode_00009,Violated Request Count,0
4238,taboo,longterm_langchain_clp_chat,medium_en,episode_00009,Parsed Request Count,3
4239,taboo,longterm_langchain_clp_chat,medium_en,episode_00009,Request Count,3
4240,taboo,longterm_langchain_clp_chat,medium_en,episode_00009,Request Success Ratio,1.0
4241,taboo,longterm_langchain_clp_chat,medium_en,episode_00009,Aborted,0
4242,taboo,longterm_langchain_clp_chat,medium_en,episode_00009,Success,0
4243,taboo,longterm_langchain_clp_chat,medium_en,episode_00009,Lose,1
4244,taboo,longterm_langchain_clp_chat,medium_en,episode_00009,Main Score,0
4245,taboo,longterm_langchain_clp_chat,medium_en,episode_00009,Repetition-Guesser,0
4246,taboo,longterm_langchain_clp_chat,medium_en,episode_00009,Repetition-Describer,0
4247,taboo,longterm_langchain_clp_chat,medium_en,episode_00010,Violated Request Count,0
4248,taboo,longterm_langchain_clp_chat,medium_en,episode_00010,Parsed Request Count,1
4249,taboo,longterm_langchain_clp_chat,medium_en,episode_00010,Request Count,1
4250,taboo,longterm_langchain_clp_chat,medium_en,episode_00010,Request Success Ratio,1.0
4251,taboo,longterm_langchain_clp_chat,medium_en,episode_00010,Aborted,0
4252,taboo,longterm_langchain_clp_chat,medium_en,episode_00010,Success,0
4253,taboo,longterm_langchain_clp_chat,medium_en,episode_00010,Lose,1
4254,taboo,longterm_langchain_clp_chat,medium_en,episode_00010,Main Score,0
4255,taboo,longterm_langchain_clp_chat,medium_en,episode_00010,Repetition-Guesser,0
4256,taboo,longterm_langchain_clp_chat,medium_en,episode_00010,Repetition-Describer,0
4257,textmapworld,longterm_langchain_clp_chat,large,episode_00011,Success,0
4258,textmapworld,longterm_langchain_clp_chat,large,episode_00011,Aborted,0
4259,textmapworld,longterm_langchain_clp_chat,large,episode_00011,Lose,1
4260,textmapworld,longterm_langchain_clp_chat,large,episode_00011,moves,4
4261,textmapworld,longterm_langchain_clp_chat,large,episode_00011,valid_moves,4
4262,textmapworld,longterm_langchain_clp_chat,large,episode_00011,invalid_moves,0
4263,textmapworld,longterm_langchain_clp_chat,large,episode_00011,stopped,1
4264,textmapworld,longterm_langchain_clp_chat,large,episode_00011,turns_limit,0
4265,textmapworld,longterm_langchain_clp_chat,large,episode_00011,loops,0
4266,textmapworld,longterm_langchain_clp_chat,large,episode_00011,number_visited,5
4267,textmapworld,longterm_langchain_clp_chat,large,episode_00011,seen,7
4268,textmapworld,longterm_langchain_clp_chat,large,episode_00011,efficiency,25.0
4269,textmapworld,longterm_langchain_clp_chat,large,episode_00011,exploration,62.5
4270,textmapworld,longterm_langchain_clp_chat,large,episode_00011,Main Score,35.714285714285715
4271,textmapworld,longterm_langchain_clp_chat,large,episode_00012,Success,0
4272,textmapworld,longterm_langchain_clp_chat,large,episode_00012,Aborted,0
4273,textmapworld,longterm_langchain_clp_chat,large,episode_00012,Lose,1
4274,textmapworld,longterm_langchain_clp_chat,large,episode_00012,moves,1
4275,textmapworld,longterm_langchain_clp_chat,large,episode_00012,valid_moves,1
4276,textmapworld,longterm_langchain_clp_chat,large,episode_00012,invalid_moves,0
4277,textmapworld,longterm_langchain_clp_chat,large,episode_00012,stopped,1
4278,textmapworld,longterm_langchain_clp_chat,large,episode_00012,turns_limit,0
4279,textmapworld,longterm_langchain_clp_chat,large,episode_00012,loops,0
4280,textmapworld,longterm_langchain_clp_chat,large,episode_00012,number_visited,2
4281,textmapworld,longterm_langchain_clp_chat,large,episode_00012,seen,3
4282,textmapworld,longterm_langchain_clp_chat,large,episode_00012,efficiency,100.0
4283,textmapworld,longterm_langchain_clp_chat,large,episode_00012,exploration,25.0
4284,textmapworld,longterm_langchain_clp_chat,large,episode_00012,Main Score,40.0
4285,textmapworld,longterm_langchain_clp_chat,large,episode_00013,Aborted,1
4286,textmapworld,longterm_langchain_clp_chat,large,episode_00013,Success,0
4287,textmapworld,longterm_langchain_clp_chat,large,episode_00013,Lose,0
4288,textmapworld,longterm_langchain_clp_chat,large,episode_00013,moves,
4289,textmapworld,longterm_langchain_clp_chat,large,episode_00013,valid_moves,
4290,textmapworld,longterm_langchain_clp_chat,large,episode_00013,invalid_moves,
4291,textmapworld,longterm_langchain_clp_chat,large,episode_00013,stopped,
4292,textmapworld,longterm_langchain_clp_chat,large,episode_00013,turns_limit,
4293,textmapworld,longterm_langchain_clp_chat,large,episode_00013,loops,
4294,textmapworld,longterm_langchain_clp_chat,large,episode_00013,number_visited,
4295,textmapworld,longterm_langchain_clp_chat,large,episode_00013,seen,
4296,textmapworld,longterm_langchain_clp_chat,large,episode_00013,efficiency,
4297,textmapworld,longterm_langchain_clp_chat,large,episode_00013,exploration,
4298,textmapworld,longterm_langchain_clp_chat,large,episode_00013,Main Score,
4299,textmapworld,longterm_langchain_clp_chat,large,episode_00014,Success,0
4300,textmapworld,longterm_langchain_clp_chat,large,episode_00014,Aborted,0
4301,textmapworld,longterm_langchain_clp_chat,large,episode_00014,Lose,1
4302,textmapworld,longterm_langchain_clp_chat,large,episode_00014,moves,3
4303,textmapworld,longterm_langchain_clp_chat,large,episode_00014,valid_moves,3
4304,textmapworld,longterm_langchain_clp_chat,large,episode_00014,invalid_moves,0
4305,textmapworld,longterm_langchain_clp_chat,large,episode_00014,stopped,1
4306,textmapworld,longterm_langchain_clp_chat,large,episode_00014,turns_limit,0
4307,textmapworld,longterm_langchain_clp_chat,large,episode_00014,loops,0
4308,textmapworld,longterm_langchain_clp_chat,large,episode_00014,number_visited,3
4309,textmapworld,longterm_langchain_clp_chat,large,episode_00014,seen,5
4310,textmapworld,longterm_langchain_clp_chat,large,episode_00014,efficiency,66.66666666666666
4311,textmapworld,longterm_langchain_clp_chat,large,episode_00014,exploration,37.5
4312,textmapworld,longterm_langchain_clp_chat,large,episode_00014,Main Score,47.99999999999999
4313,textmapworld,longterm_langchain_clp_chat,large,episode_00015,Success,0
4314,textmapworld,longterm_langchain_clp_chat,large,episode_00015,Aborted,0
4315,textmapworld,longterm_langchain_clp_chat,large,episode_00015,Lose,1
4316,textmapworld,longterm_langchain_clp_chat,large,episode_00015,moves,1
4317,textmapworld,longterm_langchain_clp_chat,large,episode_00015,valid_moves,1
4318,textmapworld,longterm_langchain_clp_chat,large,episode_00015,invalid_moves,0
4319,textmapworld,longterm_langchain_clp_chat,large,episode_00015,stopped,1
4320,textmapworld,longterm_langchain_clp_chat,large,episode_00015,turns_limit,0
4321,textmapworld,longterm_langchain_clp_chat,large,episode_00015,loops,0
4322,textmapworld,longterm_langchain_clp_chat,large,episode_00015,number_visited,2
4323,textmapworld,longterm_langchain_clp_chat,large,episode_00015,seen,3
4324,textmapworld,longterm_langchain_clp_chat,large,episode_00015,efficiency,100.0
4325,textmapworld,longterm_langchain_clp_chat,large,episode_00015,exploration,25.0
4326,textmapworld,longterm_langchain_clp_chat,large,episode_00015,Main Score,40.0
4327,textmapworld,longterm_langchain_clp_chat,large_cycle,episode_00021,Success,0
4328,textmapworld,longterm_langchain_clp_chat,large_cycle,episode_00021,Aborted,0
4329,textmapworld,longterm_langchain_clp_chat,large_cycle,episode_00021,Lose,1
4330,textmapworld,longterm_langchain_clp_chat,large_cycle,episode_00021,moves,3
4331,textmapworld,longterm_langchain_clp_chat,large_cycle,episode_00021,valid_moves,3
4332,textmapworld,longterm_langchain_clp_chat,large_cycle,episode_00021,invalid_moves,0
4333,textmapworld,longterm_langchain_clp_chat,large_cycle,episode_00021,stopped,1
4334,textmapworld,longterm_langchain_clp_chat,large_cycle,episode_00021,turns_limit,0
4335,textmapworld,longterm_langchain_clp_chat,large_cycle,episode_00021,loops,0
4336,textmapworld,longterm_langchain_clp_chat,large_cycle,episode_00021,number_visited,3
4337,textmapworld,longterm_langchain_clp_chat,large_cycle,episode_00021,seen,5
4338,textmapworld,longterm_langchain_clp_chat,large_cycle,episode_00021,efficiency,66.66666666666666
4339,textmapworld,longterm_langchain_clp_chat,large_cycle,episode_00021,exploration,37.5
4340,textmapworld,longterm_langchain_clp_chat,large_cycle,episode_00021,Main Score,47.99999999999999
4341,textmapworld,longterm_langchain_clp_chat,large_cycle,episode_00022,Aborted,1
4342,textmapworld,longterm_langchain_clp_chat,large_cycle,episode_00022,Success,0
4343,textmapworld,longterm_langchain_clp_chat,large_cycle,episode_00022,Lose,0
4344,textmapworld,longterm_langchain_clp_chat,large_cycle,episode_00022,moves,
4345,textmapworld,longterm_langchain_clp_chat,large_cycle,episode_00022,valid_moves,
4346,textmapworld,longterm_langchain_clp_chat,large_cycle,episode_00022,invalid_moves,
4347,textmapworld,longterm_langchain_clp_chat,large_cycle,episode_00022,stopped,
4348,textmapworld,longterm_langchain_clp_chat,large_cycle,episode_00022,turns_limit,
4349,textmapworld,longterm_langchain_clp_chat,large_cycle,episode_00022,loops,
4350,textmapworld,longterm_langchain_clp_chat,large_cycle,episode_00022,number_visited,
4351,textmapworld,longterm_langchain_clp_chat,large_cycle,episode_00022,seen,
4352,textmapworld,longterm_langchain_clp_chat,large_cycle,episode_00022,efficiency,
4353,textmapworld,longterm_langchain_clp_chat,large_cycle,episode_00022,exploration,
4354,textmapworld,longterm_langchain_clp_chat,large_cycle,episode_00022,Main Score,
4355,textmapworld,longterm_langchain_clp_chat,large_cycle,episode_00023,Success,0
4356,textmapworld,longterm_langchain_clp_chat,large_cycle,episode_00023,Aborted,0
4357,textmapworld,longterm_langchain_clp_chat,large_cycle,episode_00023,Lose,1
4358,textmapworld,longterm_langchain_clp_chat,large_cycle,episode_00023,moves,14
4359,textmapworld,longterm_langchain_clp_chat,large_cycle,episode_00023,valid_moves,14
4360,textmapworld,longterm_langchain_clp_chat,large_cycle,episode_00023,invalid_moves,0
4361,textmapworld,longterm_langchain_clp_chat,large_cycle,episode_00023,stopped,1
4362,textmapworld,longterm_langchain_clp_chat,large_cycle,episode_00023,turns_limit,0
4363,textmapworld,longterm_langchain_clp_chat,large_cycle,episode_00023,loops,1
4364,textmapworld,longterm_langchain_clp_chat,large_cycle,episode_00023,number_visited,6
4365,textmapworld,longterm_langchain_clp_chat,large_cycle,episode_00023,seen,8
4366,textmapworld,longterm_langchain_clp_chat,large_cycle,episode_00023,efficiency,28.57142857142857
4367,textmapworld,longterm_langchain_clp_chat,large_cycle,episode_00023,exploration,75.0
4368,textmapworld,longterm_langchain_clp_chat,large_cycle,episode_00023,Main Score,41.37931034482758
4369,textmapworld,longterm_langchain_clp_chat,large_cycle,episode_00024,Aborted,1
4370,textmapworld,longterm_langchain_clp_chat,large_cycle,episode_00024,Success,0
4371,textmapworld,longterm_langchain_clp_chat,large_cycle,episode_00024,Lose,0
4372,textmapworld,longterm_langchain_clp_chat,large_cycle,episode_00024,moves,
4373,textmapworld,longterm_langchain_clp_chat,large_cycle,episode_00024,valid_moves,
4374,textmapworld,longterm_langchain_clp_chat,large_cycle,episode_00024,invalid_moves,
4375,textmapworld,longterm_langchain_clp_chat,large_cycle,episode_00024,stopped,
4376,textmapworld,longterm_langchain_clp_chat,large_cycle,episode_00024,turns_limit,
4377,textmapworld,longterm_langchain_clp_chat,large_cycle,episode_00024,loops,
4378,textmapworld,longterm_langchain_clp_chat,large_cycle,episode_00024,number_visited,
4379,textmapworld,longterm_langchain_clp_chat,large_cycle,episode_00024,seen,
4380,textmapworld,longterm_langchain_clp_chat,large_cycle,episode_00024,efficiency,
4381,textmapworld,longterm_langchain_clp_chat,large_cycle,episode_00024,exploration,
4382,textmapworld,longterm_langchain_clp_chat,large_cycle,episode_00024,Main Score,
4383,textmapworld,longterm_langchain_clp_chat,large_cycle,episode_00025,Success,0
4384,textmapworld,longterm_langchain_clp_chat,large_cycle,episode_00025,Aborted,0
4385,textmapworld,longterm_langchain_clp_chat,large_cycle,episode_00025,Lose,1
4386,textmapworld,longterm_langchain_clp_chat,large_cycle,episode_00025,moves,8
4387,textmapworld,longterm_langchain_clp_chat,large_cycle,episode_00025,valid_moves,8
4388,textmapworld,longterm_langchain_clp_chat,large_cycle,episode_00025,invalid_moves,0
4389,textmapworld,longterm_langchain_clp_chat,large_cycle,episode_00025,stopped,1
4390,textmapworld,longterm_langchain_clp_chat,large_cycle,episode_00025,turns_limit,0
4391,textmapworld,longterm_langchain_clp_chat,large_cycle,episode_00025,loops,1
4392,textmapworld,longterm_langchain_clp_chat,large_cycle,episode_00025,number_visited,7
4393,textmapworld,longterm_langchain_clp_chat,large_cycle,episode_00025,seen,8
4394,textmapworld,longterm_langchain_clp_chat,large_cycle,episode_00025,efficiency,75.0
4395,textmapworld,longterm_langchain_clp_chat,large_cycle,episode_00025,exploration,87.5
4396,textmapworld,longterm_langchain_clp_chat,large_cycle,episode_00025,Main Score,80.76923076923077
4397,textmapworld,longterm_langchain_clp_chat,medium,episode_00006,Success,0
4398,textmapworld,longterm_langchain_clp_chat,medium,episode_00006,Aborted,0
4399,textmapworld,longterm_langchain_clp_chat,medium,episode_00006,Lose,1
4400,textmapworld,longterm_langchain_clp_chat,medium,episode_00006,moves,2
4401,textmapworld,longterm_langchain_clp_chat,medium,episode_00006,valid_moves,2
4402,textmapworld,longterm_langchain_clp_chat,medium,episode_00006,invalid_moves,0
4403,textmapworld,longterm_langchain_clp_chat,medium,episode_00006,stopped,1
4404,textmapworld,longterm_langchain_clp_chat,medium,episode_00006,turns_limit,0
4405,textmapworld,longterm_langchain_clp_chat,medium,episode_00006,loops,0
4406,textmapworld,longterm_langchain_clp_chat,medium,episode_00006,number_visited,2
4407,textmapworld,longterm_langchain_clp_chat,medium,episode_00006,seen,3
4408,textmapworld,longterm_langchain_clp_chat,medium,episode_00006,efficiency,50.0
4409,textmapworld,longterm_langchain_clp_chat,medium,episode_00006,exploration,33.33333333333333
4410,textmapworld,longterm_langchain_clp_chat,medium,episode_00006,Main Score,40.0
4411,textmapworld,longterm_langchain_clp_chat,medium,episode_00007,Aborted,1
4412,textmapworld,longterm_langchain_clp_chat,medium,episode_00007,Success,0
4413,textmapworld,longterm_langchain_clp_chat,medium,episode_00007,Lose,0
4414,textmapworld,longterm_langchain_clp_chat,medium,episode_00007,moves,
4415,textmapworld,longterm_langchain_clp_chat,medium,episode_00007,valid_moves,
4416,textmapworld,longterm_langchain_clp_chat,medium,episode_00007,invalid_moves,
4417,textmapworld,longterm_langchain_clp_chat,medium,episode_00007,stopped,
4418,textmapworld,longterm_langchain_clp_chat,medium,episode_00007,turns_limit,
4419,textmapworld,longterm_langchain_clp_chat,medium,episode_00007,loops,
4420,textmapworld,longterm_langchain_clp_chat,medium,episode_00007,number_visited,
4421,textmapworld,longterm_langchain_clp_chat,medium,episode_00007,seen,
4422,textmapworld,longterm_langchain_clp_chat,medium,episode_00007,efficiency,
4423,textmapworld,longterm_langchain_clp_chat,medium,episode_00007,exploration,
4424,textmapworld,longterm_langchain_clp_chat,medium,episode_00007,Main Score,
4425,textmapworld,longterm_langchain_clp_chat,medium,episode_00008,Aborted,1
4426,textmapworld,longterm_langchain_clp_chat,medium,episode_00008,Success,0
4427,textmapworld,longterm_langchain_clp_chat,medium,episode_00008,Lose,0
4428,textmapworld,longterm_langchain_clp_chat,medium,episode_00008,moves,
4429,textmapworld,longterm_langchain_clp_chat,medium,episode_00008,valid_moves,
4430,textmapworld,longterm_langchain_clp_chat,medium,episode_00008,invalid_moves,
4431,textmapworld,longterm_langchain_clp_chat,medium,episode_00008,stopped,
4432,textmapworld,longterm_langchain_clp_chat,medium,episode_00008,turns_limit,
4433,textmapworld,longterm_langchain_clp_chat,medium,episode_00008,loops,
4434,textmapworld,longterm_langchain_clp_chat,medium,episode_00008,number_visited,
4435,textmapworld,longterm_langchain_clp_chat,medium,episode_00008,seen,
4436,textmapworld,longterm_langchain_clp_chat,medium,episode_00008,efficiency,
4437,textmapworld,longterm_langchain_clp_chat,medium,episode_00008,exploration,
4438,textmapworld,longterm_langchain_clp_chat,medium,episode_00008,Main Score,
4439,textmapworld,longterm_langchain_clp_chat,medium,episode_00009,Success,0
4440,textmapworld,longterm_langchain_clp_chat,medium,episode_00009,Aborted,0
4441,textmapworld,longterm_langchain_clp_chat,medium,episode_00009,Lose,1
4442,textmapworld,longterm_langchain_clp_chat,medium,episode_00009,moves,4
4443,textmapworld,longterm_langchain_clp_chat,medium,episode_00009,valid_moves,4
4444,textmapworld,longterm_langchain_clp_chat,medium,episode_00009,invalid_moves,0
4445,textmapworld,longterm_langchain_clp_chat,medium,episode_00009,stopped,1
4446,textmapworld,longterm_langchain_clp_chat,medium,episode_00009,turns_limit,0
4447,textmapworld,longterm_langchain_clp_chat,medium,episode_00009,loops,0
4448,textmapworld,longterm_langchain_clp_chat,medium,episode_00009,number_visited,3
4449,textmapworld,longterm_langchain_clp_chat,medium,episode_00009,seen,4
4450,textmapworld,longterm_langchain_clp_chat,medium,episode_00009,efficiency,50.0
4451,textmapworld,longterm_langchain_clp_chat,medium,episode_00009,exploration,50.0
4452,textmapworld,longterm_langchain_clp_chat,medium,episode_00009,Main Score,50.0
4453,textmapworld,longterm_langchain_clp_chat,medium,episode_00010,Aborted,1
4454,textmapworld,longterm_langchain_clp_chat,medium,episode_00010,Success,0
4455,textmapworld,longterm_langchain_clp_chat,medium,episode_00010,Lose,0
4456,textmapworld,longterm_langchain_clp_chat,medium,episode_00010,moves,
4457,textmapworld,longterm_langchain_clp_chat,medium,episode_00010,valid_moves,
4458,textmapworld,longterm_langchain_clp_chat,medium,episode_00010,invalid_moves,
4459,textmapworld,longterm_langchain_clp_chat,medium,episode_00010,stopped,
4460,textmapworld,longterm_langchain_clp_chat,medium,episode_00010,turns_limit,
4461,textmapworld,longterm_langchain_clp_chat,medium,episode_00010,loops,
4462,textmapworld,longterm_langchain_clp_chat,medium,episode_00010,number_visited,
4463,textmapworld,longterm_langchain_clp_chat,medium,episode_00010,seen,
4464,textmapworld,longterm_langchain_clp_chat,medium,episode_00010,efficiency,
4465,textmapworld,longterm_langchain_clp_chat,medium,episode_00010,exploration,
4466,textmapworld,longterm_langchain_clp_chat,medium,episode_00010,Main Score,
4467,textmapworld,longterm_langchain_clp_chat,medium_cycle,episode_00016,Aborted,1
4468,textmapworld,longterm_langchain_clp_chat,medium_cycle,episode_00016,Success,0
4469,textmapworld,longterm_langchain_clp_chat,medium_cycle,episode_00016,Lose,0
4470,textmapworld,longterm_langchain_clp_chat,medium_cycle,episode_00016,moves,
4471,textmapworld,longterm_langchain_clp_chat,medium_cycle,episode_00016,valid_moves,
4472,textmapworld,longterm_langchain_clp_chat,medium_cycle,episode_00016,invalid_moves,
4473,textmapworld,longterm_langchain_clp_chat,medium_cycle,episode_00016,stopped,
4474,textmapworld,longterm_langchain_clp_chat,medium_cycle,episode_00016,turns_limit,
4475,textmapworld,longterm_langchain_clp_chat,medium_cycle,episode_00016,loops,
4476,textmapworld,longterm_langchain_clp_chat,medium_cycle,episode_00016,number_visited,
4477,textmapworld,longterm_langchain_clp_chat,medium_cycle,episode_00016,seen,
4478,textmapworld,longterm_langchain_clp_chat,medium_cycle,episode_00016,efficiency,
4479,textmapworld,longterm_langchain_clp_chat,medium_cycle,episode_00016,exploration,
4480,textmapworld,longterm_langchain_clp_chat,medium_cycle,episode_00016,Main Score,
4481,textmapworld,longterm_langchain_clp_chat,medium_cycle,episode_00017,Aborted,1
4482,textmapworld,longterm_langchain_clp_chat,medium_cycle,episode_00017,Success,0
4483,textmapworld,longterm_langchain_clp_chat,medium_cycle,episode_00017,Lose,0
4484,textmapworld,longterm_langchain_clp_chat,medium_cycle,episode_00017,moves,
4485,textmapworld,longterm_langchain_clp_chat,medium_cycle,episode_00017,valid_moves,
4486,textmapworld,longterm_langchain_clp_chat,medium_cycle,episode_00017,invalid_moves,
4487,textmapworld,longterm_langchain_clp_chat,medium_cycle,episode_00017,stopped,
4488,textmapworld,longterm_langchain_clp_chat,medium_cycle,episode_00017,turns_limit,
4489,textmapworld,longterm_langchain_clp_chat,medium_cycle,episode_00017,loops,
4490,textmapworld,longterm_langchain_clp_chat,medium_cycle,episode_00017,number_visited,
4491,textmapworld,longterm_langchain_clp_chat,medium_cycle,episode_00017,seen,
4492,textmapworld,longterm_langchain_clp_chat,medium_cycle,episode_00017,efficiency,
4493,textmapworld,longterm_langchain_clp_chat,medium_cycle,episode_00017,exploration,
4494,textmapworld,longterm_langchain_clp_chat,medium_cycle,episode_00017,Main Score,
4495,textmapworld,longterm_langchain_clp_chat,medium_cycle,episode_00018,Success,0
4496,textmapworld,longterm_langchain_clp_chat,medium_cycle,episode_00018,Aborted,0
4497,textmapworld,longterm_langchain_clp_chat,medium_cycle,episode_00018,Lose,1
4498,textmapworld,longterm_langchain_clp_chat,medium_cycle,episode_00018,moves,2
4499,textmapworld,longterm_langchain_clp_chat,medium_cycle,episode_00018,valid_moves,2
4500,textmapworld,longterm_langchain_clp_chat,medium_cycle,episode_00018,invalid_moves,0
4501,textmapworld,longterm_langchain_clp_chat,medium_cycle,episode_00018,stopped,1
4502,textmapworld,longterm_langchain_clp_chat,medium_cycle,episode_00018,turns_limit,0
4503,textmapworld,longterm_langchain_clp_chat,medium_cycle,episode_00018,loops,0
4504,textmapworld,longterm_langchain_clp_chat,medium_cycle,episode_00018,number_visited,2
4505,textmapworld,longterm_langchain_clp_chat,medium_cycle,episode_00018,seen,4
4506,textmapworld,longterm_langchain_clp_chat,medium_cycle,episode_00018,efficiency,50.0
4507,textmapworld,longterm_langchain_clp_chat,medium_cycle,episode_00018,exploration,33.33333333333333
4508,textmapworld,longterm_langchain_clp_chat,medium_cycle,episode_00018,Main Score,40.0
4509,textmapworld,longterm_langchain_clp_chat,medium_cycle,episode_00019,Success,0
4510,textmapworld,longterm_langchain_clp_chat,medium_cycle,episode_00019,Aborted,0
4511,textmapworld,longterm_langchain_clp_chat,medium_cycle,episode_00019,Lose,1
4512,textmapworld,longterm_langchain_clp_chat,medium_cycle,episode_00019,moves,5
4513,textmapworld,longterm_langchain_clp_chat,medium_cycle,episode_00019,valid_moves,5
4514,textmapworld,longterm_langchain_clp_chat,medium_cycle,episode_00019,invalid_moves,0
4515,textmapworld,longterm_langchain_clp_chat,medium_cycle,episode_00019,stopped,1
4516,textmapworld,longterm_langchain_clp_chat,medium_cycle,episode_00019,turns_limit,0
4517,textmapworld,longterm_langchain_clp_chat,medium_cycle,episode_00019,loops,1
4518,textmapworld,longterm_langchain_clp_chat,medium_cycle,episode_00019,number_visited,4
4519,textmapworld,longterm_langchain_clp_chat,medium_cycle,episode_00019,seen,6
4520,textmapworld,longterm_langchain_clp_chat,medium_cycle,episode_00019,efficiency,80.0
4521,textmapworld,longterm_langchain_clp_chat,medium_cycle,episode_00019,exploration,66.66666666666666
4522,textmapworld,longterm_langchain_clp_chat,medium_cycle,episode_00019,Main Score,72.72727272727272
4523,textmapworld,longterm_langchain_clp_chat,medium_cycle,episode_00020,Aborted,1
4524,textmapworld,longterm_langchain_clp_chat,medium_cycle,episode_00020,Success,0
4525,textmapworld,longterm_langchain_clp_chat,medium_cycle,episode_00020,Lose,0
4526,textmapworld,longterm_langchain_clp_chat,medium_cycle,episode_00020,moves,
4527,textmapworld,longterm_langchain_clp_chat,medium_cycle,episode_00020,valid_moves,
4528,textmapworld,longterm_langchain_clp_chat,medium_cycle,episode_00020,invalid_moves,
4529,textmapworld,longterm_langchain_clp_chat,medium_cycle,episode_00020,stopped,
4530,textmapworld,longterm_langchain_clp_chat,medium_cycle,episode_00020,turns_limit,
4531,textmapworld,longterm_langchain_clp_chat,medium_cycle,episode_00020,loops,
4532,textmapworld,longterm_langchain_clp_chat,medium_cycle,episode_00020,number_visited,
4533,textmapworld,longterm_langchain_clp_chat,medium_cycle,episode_00020,seen,
4534,textmapworld,longterm_langchain_clp_chat,medium_cycle,episode_00020,efficiency,
4535,textmapworld,longterm_langchain_clp_chat,medium_cycle,episode_00020,exploration,
4536,textmapworld,longterm_langchain_clp_chat,medium_cycle,episode_00020,Main Score,
4537,textmapworld,longterm_langchain_clp_chat,small,episode_00001,Success,1
4538,textmapworld,longterm_langchain_clp_chat,small,episode_00001,Aborted,0
4539,textmapworld,longterm_langchain_clp_chat,small,episode_00001,Lose,0
4540,textmapworld,longterm_langchain_clp_chat,small,episode_00001,moves,4
4541,textmapworld,longterm_langchain_clp_chat,small,episode_00001,valid_moves,4
4542,textmapworld,longterm_langchain_clp_chat,small,episode_00001,invalid_moves,0
4543,textmapworld,longterm_langchain_clp_chat,small,episode_00001,stopped,1
4544,textmapworld,longterm_langchain_clp_chat,small,episode_00001,turns_limit,0
4545,textmapworld,longterm_langchain_clp_chat,small,episode_00001,loops,0
4546,textmapworld,longterm_langchain_clp_chat,small,episode_00001,number_visited,4
4547,textmapworld,longterm_langchain_clp_chat,small,episode_00001,seen,4
4548,textmapworld,longterm_langchain_clp_chat,small,episode_00001,efficiency,75.0
4549,textmapworld,longterm_langchain_clp_chat,small,episode_00001,exploration,100.0
4550,textmapworld,longterm_langchain_clp_chat,small,episode_00001,Main Score,85.71428571428571
4551,textmapworld,longterm_langchain_clp_chat,small,episode_00002,Success,1
4552,textmapworld,longterm_langchain_clp_chat,small,episode_00002,Aborted,0
4553,textmapworld,longterm_langchain_clp_chat,small,episode_00002,Lose,0
4554,textmapworld,longterm_langchain_clp_chat,small,episode_00002,moves,3
4555,textmapworld,longterm_langchain_clp_chat,small,episode_00002,valid_moves,3
4556,textmapworld,longterm_langchain_clp_chat,small,episode_00002,invalid_moves,0
4557,textmapworld,longterm_langchain_clp_chat,small,episode_00002,stopped,1
4558,textmapworld,longterm_langchain_clp_chat,small,episode_00002,turns_limit,0
4559,textmapworld,longterm_langchain_clp_chat,small,episode_00002,loops,0
4560,textmapworld,longterm_langchain_clp_chat,small,episode_00002,number_visited,4
4561,textmapworld,longterm_langchain_clp_chat,small,episode_00002,seen,4
4562,textmapworld,longterm_langchain_clp_chat,small,episode_00002,efficiency,100.0
4563,textmapworld,longterm_langchain_clp_chat,small,episode_00002,exploration,100.0
4564,textmapworld,longterm_langchain_clp_chat,small,episode_00002,Main Score,100.0
4565,textmapworld,longterm_langchain_clp_chat,small,episode_00003,Success,1
4566,textmapworld,longterm_langchain_clp_chat,small,episode_00003,Aborted,0
4567,textmapworld,longterm_langchain_clp_chat,small,episode_00003,Lose,0
4568,textmapworld,longterm_langchain_clp_chat,small,episode_00003,moves,3
4569,textmapworld,longterm_langchain_clp_chat,small,episode_00003,valid_moves,3
4570,textmapworld,longterm_langchain_clp_chat,small,episode_00003,invalid_moves,0
4571,textmapworld,longterm_langchain_clp_chat,small,episode_00003,stopped,1
4572,textmapworld,longterm_langchain_clp_chat,small,episode_00003,turns_limit,0
4573,textmapworld,longterm_langchain_clp_chat,small,episode_00003,loops,0
4574,textmapworld,longterm_langchain_clp_chat,small,episode_00003,number_visited,4
4575,textmapworld,longterm_langchain_clp_chat,small,episode_00003,seen,4
4576,textmapworld,longterm_langchain_clp_chat,small,episode_00003,efficiency,100.0
4577,textmapworld,longterm_langchain_clp_chat,small,episode_00003,exploration,100.0
4578,textmapworld,longterm_langchain_clp_chat,small,episode_00003,Main Score,100.0
4579,textmapworld,longterm_langchain_clp_chat,small,episode_00004,Success,0
4580,textmapworld,longterm_langchain_clp_chat,small,episode_00004,Aborted,0
4581,textmapworld,longterm_langchain_clp_chat,small,episode_00004,Lose,1
4582,textmapworld,longterm_langchain_clp_chat,small,episode_00004,moves,1
4583,textmapworld,longterm_langchain_clp_chat,small,episode_00004,valid_moves,1
4584,textmapworld,longterm_langchain_clp_chat,small,episode_00004,invalid_moves,0
4585,textmapworld,longterm_langchain_clp_chat,small,episode_00004,stopped,1
4586,textmapworld,longterm_langchain_clp_chat,small,episode_00004,turns_limit,0
4587,textmapworld,longterm_langchain_clp_chat,small,episode_00004,loops,0
4588,textmapworld,longterm_langchain_clp_chat,small,episode_00004,number_visited,2
4589,textmapworld,longterm_langchain_clp_chat,small,episode_00004,seen,3
4590,textmapworld,longterm_langchain_clp_chat,small,episode_00004,efficiency,100.0
4591,textmapworld,longterm_langchain_clp_chat,small,episode_00004,exploration,50.0
4592,textmapworld,longterm_langchain_clp_chat,small,episode_00004,Main Score,66.66666666666667
4593,textmapworld,longterm_langchain_clp_chat,small,episode_00005,Success,0
4594,textmapworld,longterm_langchain_clp_chat,small,episode_00005,Aborted,0
4595,textmapworld,longterm_langchain_clp_chat,small,episode_00005,Lose,1
4596,textmapworld,longterm_langchain_clp_chat,small,episode_00005,moves,4
4597,textmapworld,longterm_langchain_clp_chat,small,episode_00005,valid_moves,4
4598,textmapworld,longterm_langchain_clp_chat,small,episode_00005,invalid_moves,0
4599,textmapworld,longterm_langchain_clp_chat,small,episode_00005,stopped,1
4600,textmapworld,longterm_langchain_clp_chat,small,episode_00005,turns_limit,0
4601,textmapworld,longterm_langchain_clp_chat,small,episode_00005,loops,2
4602,textmapworld,longterm_langchain_clp_chat,small,episode_00005,number_visited,2
4603,textmapworld,longterm_langchain_clp_chat,small,episode_00005,seen,3
4604,textmapworld,longterm_langchain_clp_chat,small,episode_00005,efficiency,75.0
4605,textmapworld,longterm_langchain_clp_chat,small,episode_00005,exploration,50.0
4606,textmapworld,longterm_langchain_clp_chat,small,episode_00005,Main Score,60.0
4607,wordle,longterm_langchain_clp_chat,high_frequency_words_no_clue_no_critic,episode_00001,Aborted,0
4608,wordle,longterm_langchain_clp_chat,high_frequency_words_no_clue_no_critic,episode_00001,Lose,1
4609,wordle,longterm_langchain_clp_chat,high_frequency_words_no_clue_no_critic,episode_00001,Success,0
4610,wordle,longterm_langchain_clp_chat,high_frequency_words_no_clue_no_critic,episode_00001,Request Count,6
4611,wordle,longterm_langchain_clp_chat,high_frequency_words_no_clue_no_critic,episode_00001,Parsed Request Count,6
4612,wordle,longterm_langchain_clp_chat,high_frequency_words_no_clue_no_critic,episode_00001,Violated Request Count,0
4613,wordle,longterm_langchain_clp_chat,high_frequency_words_no_clue_no_critic,episode_00001,Request Success Ratio,1.0
4614,wordle,longterm_langchain_clp_chat,high_frequency_words_no_clue_no_critic,episode_00001,Main Score,0
4615,wordle,longterm_langchain_clp_chat,high_frequency_words_no_clue_no_critic,episode_00001,Guess Repetitions,2
4616,wordle,longterm_langchain_clp_chat,high_frequency_words_no_clue_no_critic,episode_00002,Aborted,1
4617,wordle,longterm_langchain_clp_chat,high_frequency_words_no_clue_no_critic,episode_00002,Lose,0
4618,wordle,longterm_langchain_clp_chat,high_frequency_words_no_clue_no_critic,episode_00002,Success,0
4619,wordle,longterm_langchain_clp_chat,high_frequency_words_no_clue_no_critic,episode_00002,Request Count,1
4620,wordle,longterm_langchain_clp_chat,high_frequency_words_no_clue_no_critic,episode_00002,Parsed Request Count,0
4621,wordle,longterm_langchain_clp_chat,high_frequency_words_no_clue_no_critic,episode_00002,Violated Request Count,1
4622,wordle,longterm_langchain_clp_chat,high_frequency_words_no_clue_no_critic,episode_00002,Request Success Ratio,0.0
4623,wordle,longterm_langchain_clp_chat,high_frequency_words_no_clue_no_critic,episode_00002,Main Score,
4624,wordle,longterm_langchain_clp_chat,high_frequency_words_no_clue_no_critic,episode_00002,Guess Repetitions,
4625,wordle,longterm_langchain_clp_chat,high_frequency_words_no_clue_no_critic,episode_00003,Aborted,0
4626,wordle,longterm_langchain_clp_chat,high_frequency_words_no_clue_no_critic,episode_00003,Lose,1
4627,wordle,longterm_langchain_clp_chat,high_frequency_words_no_clue_no_critic,episode_00003,Success,0
4628,wordle,longterm_langchain_clp_chat,high_frequency_words_no_clue_no_critic,episode_00003,Request Count,7
4629,wordle,longterm_langchain_clp_chat,high_frequency_words_no_clue_no_critic,episode_00003,Parsed Request Count,7
4630,wordle,longterm_langchain_clp_chat,high_frequency_words_no_clue_no_critic,episode_00003,Violated Request Count,0
4631,wordle,longterm_langchain_clp_chat,high_frequency_words_no_clue_no_critic,episode_00003,Request Success Ratio,1.0
4632,wordle,longterm_langchain_clp_chat,high_frequency_words_no_clue_no_critic,episode_00003,Main Score,0
4633,wordle,longterm_langchain_clp_chat,high_frequency_words_no_clue_no_critic,episode_00003,Guess Repetitions,3
4634,wordle,longterm_langchain_clp_chat,high_frequency_words_no_clue_no_critic,episode_00004,Aborted,1
4635,wordle,longterm_langchain_clp_chat,high_frequency_words_no_clue_no_critic,episode_00004,Lose,0
4636,wordle,longterm_langchain_clp_chat,high_frequency_words_no_clue_no_critic,episode_00004,Success,0
4637,wordle,longterm_langchain_clp_chat,high_frequency_words_no_clue_no_critic,episode_00004,Request Count,2
4638,wordle,longterm_langchain_clp_chat,high_frequency_words_no_clue_no_critic,episode_00004,Parsed Request Count,1
4639,wordle,longterm_langchain_clp_chat,high_frequency_words_no_clue_no_critic,episode_00004,Violated Request Count,1
4640,wordle,longterm_langchain_clp_chat,high_frequency_words_no_clue_no_critic,episode_00004,Request Success Ratio,0.5
4641,wordle,longterm_langchain_clp_chat,high_frequency_words_no_clue_no_critic,episode_00004,Main Score,
4642,wordle,longterm_langchain_clp_chat,high_frequency_words_no_clue_no_critic,episode_00004,Guess Repetitions,
4643,wordle,longterm_langchain_clp_chat,high_frequency_words_no_clue_no_critic,episode_00005,Aborted,1
4644,wordle,longterm_langchain_clp_chat,high_frequency_words_no_clue_no_critic,episode_00005,Lose,0
4645,wordle,longterm_langchain_clp_chat,high_frequency_words_no_clue_no_critic,episode_00005,Success,0
4646,wordle,longterm_langchain_clp_chat,high_frequency_words_no_clue_no_critic,episode_00005,Request Count,9
4647,wordle,longterm_langchain_clp_chat,high_frequency_words_no_clue_no_critic,episode_00005,Parsed Request Count,8
4648,wordle,longterm_langchain_clp_chat,high_frequency_words_no_clue_no_critic,episode_00005,Violated Request Count,1
4649,wordle,longterm_langchain_clp_chat,high_frequency_words_no_clue_no_critic,episode_00005,Request Success Ratio,0.8888888888888888
4650,wordle,longterm_langchain_clp_chat,high_frequency_words_no_clue_no_critic,episode_00005,Main Score,
4651,wordle,longterm_langchain_clp_chat,high_frequency_words_no_clue_no_critic,episode_00005,Guess Repetitions,
4652,wordle,longterm_langchain_clp_chat,high_frequency_words_no_clue_no_critic,episode_00006,Aborted,1
4653,wordle,longterm_langchain_clp_chat,high_frequency_words_no_clue_no_critic,episode_00006,Lose,0
4654,wordle,longterm_langchain_clp_chat,high_frequency_words_no_clue_no_critic,episode_00006,Success,0
4655,wordle,longterm_langchain_clp_chat,high_frequency_words_no_clue_no_critic,episode_00006,Request Count,1
4656,wordle,longterm_langchain_clp_chat,high_frequency_words_no_clue_no_critic,episode_00006,Parsed Request Count,0
4657,wordle,longterm_langchain_clp_chat,high_frequency_words_no_clue_no_critic,episode_00006,Violated Request Count,1
4658,wordle,longterm_langchain_clp_chat,high_frequency_words_no_clue_no_critic,episode_00006,Request Success Ratio,0.0
4659,wordle,longterm_langchain_clp_chat,high_frequency_words_no_clue_no_critic,episode_00006,Main Score,
4660,wordle,longterm_langchain_clp_chat,high_frequency_words_no_clue_no_critic,episode_00006,Guess Repetitions,
4661,wordle,longterm_langchain_clp_chat,high_frequency_words_no_clue_no_critic,episode_00007,Aborted,1
4662,wordle,longterm_langchain_clp_chat,high_frequency_words_no_clue_no_critic,episode_00007,Lose,0
4663,wordle,longterm_langchain_clp_chat,high_frequency_words_no_clue_no_critic,episode_00007,Success,0
4664,wordle,longterm_langchain_clp_chat,high_frequency_words_no_clue_no_critic,episode_00007,Request Count,2
4665,wordle,longterm_langchain_clp_chat,high_frequency_words_no_clue_no_critic,episode_00007,Parsed Request Count,1
4666,wordle,longterm_langchain_clp_chat,high_frequency_words_no_clue_no_critic,episode_00007,Violated Request Count,1
4667,wordle,longterm_langchain_clp_chat,high_frequency_words_no_clue_no_critic,episode_00007,Request Success Ratio,0.5
4668,wordle,longterm_langchain_clp_chat,high_frequency_words_no_clue_no_critic,episode_00007,Main Score,
4669,wordle,longterm_langchain_clp_chat,high_frequency_words_no_clue_no_critic,episode_00007,Guess Repetitions,
4670,wordle,longterm_langchain_clp_chat,high_frequency_words_no_clue_no_critic,episode_00008,Aborted,1
4671,wordle,longterm_langchain_clp_chat,high_frequency_words_no_clue_no_critic,episode_00008,Lose,0
4672,wordle,longterm_langchain_clp_chat,high_frequency_words_no_clue_no_critic,episode_00008,Success,0
4673,wordle,longterm_langchain_clp_chat,high_frequency_words_no_clue_no_critic,episode_00008,Request Count,1
4674,wordle,longterm_langchain_clp_chat,high_frequency_words_no_clue_no_critic,episode_00008,Parsed Request Count,0
4675,wordle,longterm_langchain_clp_chat,high_frequency_words_no_clue_no_critic,episode_00008,Violated Request Count,1
4676,wordle,longterm_langchain_clp_chat,high_frequency_words_no_clue_no_critic,episode_00008,Request Success Ratio,0.0
4677,wordle,longterm_langchain_clp_chat,high_frequency_words_no_clue_no_critic,episode_00008,Main Score,
4678,wordle,longterm_langchain_clp_chat,high_frequency_words_no_clue_no_critic,episode_00008,Guess Repetitions,
4679,wordle,longterm_langchain_clp_chat,high_frequency_words_no_clue_no_critic,episode_00009,Aborted,1
4680,wordle,longterm_langchain_clp_chat,high_frequency_words_no_clue_no_critic,episode_00009,Lose,0
4681,wordle,longterm_langchain_clp_chat,high_frequency_words_no_clue_no_critic,episode_00009,Success,0
4682,wordle,longterm_langchain_clp_chat,high_frequency_words_no_clue_no_critic,episode_00009,Request Count,1
4683,wordle,longterm_langchain_clp_chat,high_frequency_words_no_clue_no_critic,episode_00009,Parsed Request Count,0
4684,wordle,longterm_langchain_clp_chat,high_frequency_words_no_clue_no_critic,episode_00009,Violated Request Count,1
4685,wordle,longterm_langchain_clp_chat,high_frequency_words_no_clue_no_critic,episode_00009,Request Success Ratio,0.0
4686,wordle,longterm_langchain_clp_chat,high_frequency_words_no_clue_no_critic,episode_00009,Main Score,
4687,wordle,longterm_langchain_clp_chat,high_frequency_words_no_clue_no_critic,episode_00009,Guess Repetitions,
4688,wordle,longterm_langchain_clp_chat,high_frequency_words_no_clue_no_critic,episode_00010,Aborted,1
4689,wordle,longterm_langchain_clp_chat,high_frequency_words_no_clue_no_critic,episode_00010,Lose,0
4690,wordle,longterm_langchain_clp_chat,high_frequency_words_no_clue_no_critic,episode_00010,Success,0
4691,wordle,longterm_langchain_clp_chat,high_frequency_words_no_clue_no_critic,episode_00010,Request Count,1
4692,wordle,longterm_langchain_clp_chat,high_frequency_words_no_clue_no_critic,episode_00010,Parsed Request Count,0
4693,wordle,longterm_langchain_clp_chat,high_frequency_words_no_clue_no_critic,episode_00010,Violated Request Count,1
4694,wordle,longterm_langchain_clp_chat,high_frequency_words_no_clue_no_critic,episode_00010,Request Success Ratio,0.0
4695,wordle,longterm_langchain_clp_chat,high_frequency_words_no_clue_no_critic,episode_00010,Main Score,
4696,wordle,longterm_langchain_clp_chat,high_frequency_words_no_clue_no_critic,episode_00010,Guess Repetitions,
4697,wordle,longterm_langchain_clp_chat,medium_frequency_words_no_clue_no_critic,episode_00011,Aborted,1
4698,wordle,longterm_langchain_clp_chat,medium_frequency_words_no_clue_no_critic,episode_00011,Lose,0
4699,wordle,longterm_langchain_clp_chat,medium_frequency_words_no_clue_no_critic,episode_00011,Success,0
4700,wordle,longterm_langchain_clp_chat,medium_frequency_words_no_clue_no_critic,episode_00011,Request Count,1
4701,wordle,longterm_langchain_clp_chat,medium_frequency_words_no_clue_no_critic,episode_00011,Parsed Request Count,0
4702,wordle,longterm_langchain_clp_chat,medium_frequency_words_no_clue_no_critic,episode_00011,Violated Request Count,1
4703,wordle,longterm_langchain_clp_chat,medium_frequency_words_no_clue_no_critic,episode_00011,Request Success Ratio,0.0
4704,wordle,longterm_langchain_clp_chat,medium_frequency_words_no_clue_no_critic,episode_00011,Main Score,
4705,wordle,longterm_langchain_clp_chat,medium_frequency_words_no_clue_no_critic,episode_00011,Guess Repetitions,
4706,wordle,longterm_langchain_clp_chat,medium_frequency_words_no_clue_no_critic,episode_00012,Aborted,1
4707,wordle,longterm_langchain_clp_chat,medium_frequency_words_no_clue_no_critic,episode_00012,Lose,0
4708,wordle,longterm_langchain_clp_chat,medium_frequency_words_no_clue_no_critic,episode_00012,Success,0
4709,wordle,longterm_langchain_clp_chat,medium_frequency_words_no_clue_no_critic,episode_00012,Request Count,1
4710,wordle,longterm_langchain_clp_chat,medium_frequency_words_no_clue_no_critic,episode_00012,Parsed Request Count,0
4711,wordle,longterm_langchain_clp_chat,medium_frequency_words_no_clue_no_critic,episode_00012,Violated Request Count,1
4712,wordle,longterm_langchain_clp_chat,medium_frequency_words_no_clue_no_critic,episode_00012,Request Success Ratio,0.0
4713,wordle,longterm_langchain_clp_chat,medium_frequency_words_no_clue_no_critic,episode_00012,Main Score,
4714,wordle,longterm_langchain_clp_chat,medium_frequency_words_no_clue_no_critic,episode_00012,Guess Repetitions,
4715,wordle,longterm_langchain_clp_chat,medium_frequency_words_no_clue_no_critic,episode_00013,Aborted,1
4716,wordle,longterm_langchain_clp_chat,medium_frequency_words_no_clue_no_critic,episode_00013,Lose,0
4717,wordle,longterm_langchain_clp_chat,medium_frequency_words_no_clue_no_critic,episode_00013,Success,0
4718,wordle,longterm_langchain_clp_chat,medium_frequency_words_no_clue_no_critic,episode_00013,Request Count,1
4719,wordle,longterm_langchain_clp_chat,medium_frequency_words_no_clue_no_critic,episode_00013,Parsed Request Count,0
4720,wordle,longterm_langchain_clp_chat,medium_frequency_words_no_clue_no_critic,episode_00013,Violated Request Count,1
4721,wordle,longterm_langchain_clp_chat,medium_frequency_words_no_clue_no_critic,episode_00013,Request Success Ratio,0.0
4722,wordle,longterm_langchain_clp_chat,medium_frequency_words_no_clue_no_critic,episode_00013,Main Score,
4723,wordle,longterm_langchain_clp_chat,medium_frequency_words_no_clue_no_critic,episode_00013,Guess Repetitions,
4724,wordle,longterm_langchain_clp_chat,medium_frequency_words_no_clue_no_critic,episode_00014,Aborted,1
4725,wordle,longterm_langchain_clp_chat,medium_frequency_words_no_clue_no_critic,episode_00014,Lose,0
4726,wordle,longterm_langchain_clp_chat,medium_frequency_words_no_clue_no_critic,episode_00014,Success,0
4727,wordle,longterm_langchain_clp_chat,medium_frequency_words_no_clue_no_critic,episode_00014,Request Count,1
4728,wordle,longterm_langchain_clp_chat,medium_frequency_words_no_clue_no_critic,episode_00014,Parsed Request Count,0
4729,wordle,longterm_langchain_clp_chat,medium_frequency_words_no_clue_no_critic,episode_00014,Violated Request Count,1
4730,wordle,longterm_langchain_clp_chat,medium_frequency_words_no_clue_no_critic,episode_00014,Request Success Ratio,0.0
4731,wordle,longterm_langchain_clp_chat,medium_frequency_words_no_clue_no_critic,episode_00014,Main Score,
4732,wordle,longterm_langchain_clp_chat,medium_frequency_words_no_clue_no_critic,episode_00014,Guess Repetitions,
4733,wordle,longterm_langchain_clp_chat,medium_frequency_words_no_clue_no_critic,episode_00015,Aborted,1
4734,wordle,longterm_langchain_clp_chat,medium_frequency_words_no_clue_no_critic,episode_00015,Lose,0
4735,wordle,longterm_langchain_clp_chat,medium_frequency_words_no_clue_no_critic,episode_00015,Success,0
4736,wordle,longterm_langchain_clp_chat,medium_frequency_words_no_clue_no_critic,episode_00015,Request Count,1
4737,wordle,longterm_langchain_clp_chat,medium_frequency_words_no_clue_no_critic,episode_00015,Parsed Request Count,0
4738,wordle,longterm_langchain_clp_chat,medium_frequency_words_no_clue_no_critic,episode_00015,Violated Request Count,1
4739,wordle,longterm_langchain_clp_chat,medium_frequency_words_no_clue_no_critic,episode_00015,Request Success Ratio,0.0
4740,wordle,longterm_langchain_clp_chat,medium_frequency_words_no_clue_no_critic,episode_00015,Main Score,
4741,wordle,longterm_langchain_clp_chat,medium_frequency_words_no_clue_no_critic,episode_00015,Guess Repetitions,
4742,wordle,longterm_langchain_clp_chat,medium_frequency_words_no_clue_no_critic,episode_00016,Aborted,1
4743,wordle,longterm_langchain_clp_chat,medium_frequency_words_no_clue_no_critic,episode_00016,Lose,0
4744,wordle,longterm_langchain_clp_chat,medium_frequency_words_no_clue_no_critic,episode_00016,Success,0
4745,wordle,longterm_langchain_clp_chat,medium_frequency_words_no_clue_no_critic,episode_00016,Request Count,1
4746,wordle,longterm_langchain_clp_chat,medium_frequency_words_no_clue_no_critic,episode_00016,Parsed Request Count,0
4747,wordle,longterm_langchain_clp_chat,medium_frequency_words_no_clue_no_critic,episode_00016,Violated Request Count,1
4748,wordle,longterm_langchain_clp_chat,medium_frequency_words_no_clue_no_critic,episode_00016,Request Success Ratio,0.0
4749,wordle,longterm_langchain_clp_chat,medium_frequency_words_no_clue_no_critic,episode_00016,Main Score,
4750,wordle,longterm_langchain_clp_chat,medium_frequency_words_no_clue_no_critic,episode_00016,Guess Repetitions,
4751,wordle,longterm_langchain_clp_chat,medium_frequency_words_no_clue_no_critic,episode_00017,Aborted,1
4752,wordle,longterm_langchain_clp_chat,medium_frequency_words_no_clue_no_critic,episode_00017,Lose,0
4753,wordle,longterm_langchain_clp_chat,medium_frequency_words_no_clue_no_critic,episode_00017,Success,0
4754,wordle,longterm_langchain_clp_chat,medium_frequency_words_no_clue_no_critic,episode_00017,Request Count,1
4755,wordle,longterm_langchain_clp_chat,medium_frequency_words_no_clue_no_critic,episode_00017,Parsed Request Count,0
4756,wordle,longterm_langchain_clp_chat,medium_frequency_words_no_clue_no_critic,episode_00017,Violated Request Count,1
4757,wordle,longterm_langchain_clp_chat,medium_frequency_words_no_clue_no_critic,episode_00017,Request Success Ratio,0.0
4758,wordle,longterm_langchain_clp_chat,medium_frequency_words_no_clue_no_critic,episode_00017,Main Score,
4759,wordle,longterm_langchain_clp_chat,medium_frequency_words_no_clue_no_critic,episode_00017,Guess Repetitions,
4760,wordle,longterm_langchain_clp_chat,medium_frequency_words_no_clue_no_critic,episode_00018,Aborted,1
4761,wordle,longterm_langchain_clp_chat,medium_frequency_words_no_clue_no_critic,episode_00018,Lose,0
4762,wordle,longterm_langchain_clp_chat,medium_frequency_words_no_clue_no_critic,episode_00018,Success,0
4763,wordle,longterm_langchain_clp_chat,medium_frequency_words_no_clue_no_critic,episode_00018,Request Count,1
4764,wordle,longterm_langchain_clp_chat,medium_frequency_words_no_clue_no_critic,episode_00018,Parsed Request Count,0
4765,wordle,longterm_langchain_clp_chat,medium_frequency_words_no_clue_no_critic,episode_00018,Violated Request Count,1
4766,wordle,longterm_langchain_clp_chat,medium_frequency_words_no_clue_no_critic,episode_00018,Request Success Ratio,0.0
4767,wordle,longterm_langchain_clp_chat,medium_frequency_words_no_clue_no_critic,episode_00018,Main Score,
4768,wordle,longterm_langchain_clp_chat,medium_frequency_words_no_clue_no_critic,episode_00018,Guess Repetitions,
4769,wordle,longterm_langchain_clp_chat,medium_frequency_words_no_clue_no_critic,episode_00019,Aborted,1
4770,wordle,longterm_langchain_clp_chat,medium_frequency_words_no_clue_no_critic,episode_00019,Lose,0
4771,wordle,longterm_langchain_clp_chat,medium_frequency_words_no_clue_no_critic,episode_00019,Success,0
4772,wordle,longterm_langchain_clp_chat,medium_frequency_words_no_clue_no_critic,episode_00019,Request Count,1
4773,wordle,longterm_langchain_clp_chat,medium_frequency_words_no_clue_no_critic,episode_00019,Parsed Request Count,0
4774,wordle,longterm_langchain_clp_chat,medium_frequency_words_no_clue_no_critic,episode_00019,Violated Request Count,1
4775,wordle,longterm_langchain_clp_chat,medium_frequency_words_no_clue_no_critic,episode_00019,Request Success Ratio,0.0
4776,wordle,longterm_langchain_clp_chat,medium_frequency_words_no_clue_no_critic,episode_00019,Main Score,
4777,wordle,longterm_langchain_clp_chat,medium_frequency_words_no_clue_no_critic,episode_00019,Guess Repetitions,
4778,wordle,longterm_langchain_clp_chat,medium_frequency_words_no_clue_no_critic,episode_00020,Aborted,1
4779,wordle,longterm_langchain_clp_chat,medium_frequency_words_no_clue_no_critic,episode_00020,Lose,0
4780,wordle,longterm_langchain_clp_chat,medium_frequency_words_no_clue_no_critic,episode_00020,Success,0
4781,wordle,longterm_langchain_clp_chat,medium_frequency_words_no_clue_no_critic,episode_00020,Request Count,1
4782,wordle,longterm_langchain_clp_chat,medium_frequency_words_no_clue_no_critic,episode_00020,Parsed Request Count,0
4783,wordle,longterm_langchain_clp_chat,medium_frequency_words_no_clue_no_critic,episode_00020,Violated Request Count,1
4784,wordle,longterm_langchain_clp_chat,medium_frequency_words_no_clue_no_critic,episode_00020,Request Success Ratio,0.0
4785,wordle,longterm_langchain_clp_chat,medium_frequency_words_no_clue_no_critic,episode_00020,Main Score,
4786,wordle,longterm_langchain_clp_chat,medium_frequency_words_no_clue_no_critic,episode_00020,Guess Repetitions,
4787,adventuregame,longterm_langchain_clp_chat,home_deliver_three_basic_easy,episode_00001,Played,1.0
4788,adventuregame,longterm_langchain_clp_chat,home_deliver_three_basic_easy,episode_00002,Played,1.0
4789,adventuregame,longterm_langchain_clp_chat,home_deliver_three_basic_easy,episode_00003,Played,1.0
4790,adventuregame,longterm_langchain_clp_chat,home_deliver_three_basic_easy_invlimittwo,episode_00007,Played,1.0
4791,adventuregame,longterm_langchain_clp_chat,home_deliver_three_basic_easy_invlimittwo,episode_00008,Played,1.0
4792,adventuregame,longterm_langchain_clp_chat,home_deliver_three_basic_easy_invlimittwo,episode_00009,Played,1.0
4793,adventuregame,longterm_langchain_clp_chat,home_deliver_three_basic_hard,episode_00013,Played,1.0
4794,adventuregame,longterm_langchain_clp_chat,home_deliver_three_basic_hard,episode_00014,Played,1.0
4795,adventuregame,longterm_langchain_clp_chat,home_deliver_three_basic_hard,episode_00015,Played,0.0
4796,adventuregame,longterm_langchain_clp_chat,home_deliver_three_basic_hard_invlimittwo,episode_00019,Played,1.0
4797,adventuregame,longterm_langchain_clp_chat,home_deliver_three_basic_hard_invlimittwo,episode_00020,Played,1.0
4798,adventuregame,longterm_langchain_clp_chat,home_deliver_three_basic_hard_invlimittwo,episode_00021,Played,1.0
4799,adventuregame,longterm_langchain_clp_chat,home_deliver_three_planning_easy,episode_00004,Played,1.0
4800,adventuregame,longterm_langchain_clp_chat,home_deliver_three_planning_easy,episode_00005,Played,1.0
4801,adventuregame,longterm_langchain_clp_chat,home_deliver_three_planning_easy,episode_00006,Played,1.0
4802,adventuregame,longterm_langchain_clp_chat,home_deliver_three_planning_easy_invlimittwo,episode_00010,Played,1.0
4803,adventuregame,longterm_langchain_clp_chat,home_deliver_three_planning_easy_invlimittwo,episode_00011,Played,1.0
4804,adventuregame,longterm_langchain_clp_chat,home_deliver_three_planning_easy_invlimittwo,episode_00012,Played,1.0
4805,adventuregame,longterm_langchain_clp_chat,home_deliver_three_planning_hard,episode_00016,Played,1.0
4806,adventuregame,longterm_langchain_clp_chat,home_deliver_three_planning_hard,episode_00017,Played,0.0
4807,adventuregame,longterm_langchain_clp_chat,home_deliver_three_planning_hard,episode_00018,Played,0.0
4808,adventuregame,longterm_langchain_clp_chat,home_deliver_three_planning_hard_invlimittwo,episode_00022,Played,1.0
4809,adventuregame,longterm_langchain_clp_chat,home_deliver_three_planning_hard_invlimittwo,episode_00023,Played,1.0
4810,adventuregame,longterm_langchain_clp_chat,home_deliver_three_planning_hard_invlimittwo,episode_00024,Played,0.0
4811,clean_up,longterm_langchain_clp_chat,0_easy_3obj_en,episode_00001,Played,1.0
4812,codenames,longterm_langchain_clp_chat,abstract,episode_00025,Played,0
4813,codenames,longterm_langchain_clp_chat,abstract,episode_00026,Played,0
4814,codenames,longterm_langchain_clp_chat,ambiguous,episode_00021,Played,0
4815,codenames,longterm_langchain_clp_chat,ambiguous,episode_00022,Played,0
4816,codenames,longterm_langchain_clp_chat,association_difficult,episode_00007,Played,0
4817,codenames,longterm_langchain_clp_chat,association_difficult,episode_00008,Played,0
4818,codenames,longterm_langchain_clp_chat,association_easy,episode_00005,Played,1
4819,codenames,longterm_langchain_clp_chat,association_easy,episode_00006,Played,1
4820,codenames,longterm_langchain_clp_chat,concrete,episode_00023,Played,1
4821,codenames,longterm_langchain_clp_chat,concrete,episode_00024,Played,0
4822,codenames,longterm_langchain_clp_chat,frequency_high,episode_00017,Played,0
4823,codenames,longterm_langchain_clp_chat,frequency_high,episode_00018,Played,1
4824,codenames,longterm_langchain_clp_chat,frequency_low,episode_00015,Played,1
4825,codenames,longterm_langchain_clp_chat,frequency_low,episode_00016,Played,0
4826,codenames,longterm_langchain_clp_chat,opponent_difficult,episode_00013,Played,1
4827,codenames,longterm_langchain_clp_chat,opponent_difficult,episode_00014,Played,1
4828,codenames,longterm_langchain_clp_chat,opponent_easy,episode_00011,Played,1
4829,codenames,longterm_langchain_clp_chat,opponent_easy,episode_00012,Played,0
4830,codenames,longterm_langchain_clp_chat,opponent_none,episode_00009,Played,1
4831,codenames,longterm_langchain_clp_chat,opponent_none,episode_00010,Played,0
4832,codenames,longterm_langchain_clp_chat,risk_high,episode_00003,Played,0
4833,codenames,longterm_langchain_clp_chat,risk_high,episode_00004,Played,1
4834,codenames,longterm_langchain_clp_chat,risk_low,episode_00001,Played,0
4835,codenames,longterm_langchain_clp_chat,risk_low,episode_00002,Played,1
4836,codenames,longterm_langchain_clp_chat,unambiguous,episode_00019,Played,1
4837,codenames,longterm_langchain_clp_chat,unambiguous,episode_00020,Played,1
4838,dond,longterm_langchain_clp_chat,coop_en,episode_00001,Played,0
4839,dond,longterm_langchain_clp_chat,coop_en,episode_00002,Played,1
4840,dond,longterm_langchain_clp_chat,coop_en,episode_00003,Played,1
4841,dond,longterm_langchain_clp_chat,coop_en,episode_00004,Played,1
4842,dond,longterm_langchain_clp_chat,coop_en,episode_00005,Played,1
4843,dond,longterm_langchain_clp_chat,coop_en,episode_00006,Played,1
4844,dond,longterm_langchain_clp_chat,coop_en,episode_00007,Played,1
4845,dond,longterm_langchain_clp_chat,coop_en,episode_00008,Played,1
4846,dond,longterm_langchain_clp_chat,coop_en,episode_00009,Played,1
4847,dond,longterm_langchain_clp_chat,coop_en,episode_00010,Played,1
4848,dond,longterm_langchain_clp_chat,semi_en,episode_00011,Played,1
4849,dond,longterm_langchain_clp_chat,semi_en,episode_00012,Played,1
4850,dond,longterm_langchain_clp_chat,semi_en,episode_00013,Played,1
4851,dond,longterm_langchain_clp_chat,semi_en,episode_00014,Played,1
4852,dond,longterm_langchain_clp_chat,semi_en,episode_00015,Played,1
4853,dond,longterm_langchain_clp_chat,semi_en,episode_00016,Played,0
4854,dond,longterm_langchain_clp_chat,semi_en,episode_00017,Played,1
4855,dond,longterm_langchain_clp_chat,semi_en,episode_00018,Played,1
4856,dond,longterm_langchain_clp_chat,semi_en,episode_00019,Played,1
4857,dond,longterm_langchain_clp_chat,semi_en,episode_00020,Played,1
4858,guesswhat,longterm_langchain_clp_chat,Abs_Level_1,episode_00013,Played,0
4859,guesswhat,longterm_langchain_clp_chat,Abs_Level_1,episode_00014,Played,0
4860,guesswhat,longterm_langchain_clp_chat,Abs_Level_1,episode_00015,Played,0
4861,guesswhat,longterm_langchain_clp_chat,Abs_Level_1,episode_00016,Played,0
4862,guesswhat,longterm_langchain_clp_chat,Abs_Level_2,episode_00017,Played,1
4863,guesswhat,longterm_langchain_clp_chat,Abs_Level_2,episode_00018,Played,1
4864,guesswhat,longterm_langchain_clp_chat,Abs_Level_2,episode_00019,Played,1
4865,guesswhat,longterm_langchain_clp_chat,Abs_Level_2,episode_00020,Played,1
4866,guesswhat,longterm_langchain_clp_chat,Abs_Level_3,episode_00021,Played,1
4867,guesswhat,longterm_langchain_clp_chat,Abs_Level_3,episode_00022,Played,1
4868,guesswhat,longterm_langchain_clp_chat,Abs_Level_3,episode_00023,Played,1
4869,guesswhat,longterm_langchain_clp_chat,Abs_Level_3,episode_00024,Played,1
4870,guesswhat,longterm_langchain_clp_chat,Level_1,episode_00001,Played,1
4871,guesswhat,longterm_langchain_clp_chat,Level_1,episode_00002,Played,1
4872,guesswhat,longterm_langchain_clp_chat,Level_1,episode_00003,Played,1
4873,guesswhat,longterm_langchain_clp_chat,Level_1,episode_00004,Played,1
4874,guesswhat,longterm_langchain_clp_chat,Level_2,episode_00005,Played,1
4875,guesswhat,longterm_langchain_clp_chat,Level_2,episode_00006,Played,1
4876,guesswhat,longterm_langchain_clp_chat,Level_2,episode_00007,Played,1
4877,guesswhat,longterm_langchain_clp_chat,Level_2,episode_00008,Played,1
4878,guesswhat,longterm_langchain_clp_chat,Level_3,episode_00009,Played,0
4879,guesswhat,longterm_langchain_clp_chat,Level_3,episode_00010,Played,1
4880,guesswhat,longterm_langchain_clp_chat,Level_3,episode_00011,Played,1
4881,guesswhat,longterm_langchain_clp_chat,Level_3,episode_00012,Played,1
4882,imagegame,longterm_langchain_clp_chat,compact_grids,episode_00001,Played,1
4883,imagegame,longterm_langchain_clp_chat,compact_grids,episode_00002,Played,0
4884,imagegame,longterm_langchain_clp_chat,compact_grids,episode_00003,Played,0
4885,imagegame,longterm_langchain_clp_chat,compact_grids,episode_00004,Played,0
4886,imagegame,longterm_langchain_clp_chat,compact_grids,episode_00005,Played,0
4887,imagegame,longterm_langchain_clp_chat,compact_grids,episode_00006,Played,0
4888,imagegame,longterm_langchain_clp_chat,compact_grids,episode_00007,Played,0
4889,imagegame,longterm_langchain_clp_chat,compact_grids,episode_00008,Played,0
4890,imagegame,longterm_langchain_clp_chat,compact_grids,episode_00009,Played,0
4891,imagegame,longterm_langchain_clp_chat,compact_grids,episode_00010,Played,0
4892,imagegame,longterm_langchain_clp_chat,compact_grids,episode_00011,Played,0
4893,imagegame,longterm_langchain_clp_chat,compact_grids,episode_00012,Played,0
4894,imagegame,longterm_langchain_clp_chat,random_grids,episode_00013,Played,0
4895,imagegame,longterm_langchain_clp_chat,random_grids,episode_00014,Played,0
4896,imagegame,longterm_langchain_clp_chat,random_grids,episode_00015,Played,0
4897,imagegame,longterm_langchain_clp_chat,random_grids,episode_00016,Played,0
4898,imagegame,longterm_langchain_clp_chat,random_grids,episode_00017,Played,0
4899,imagegame,longterm_langchain_clp_chat,random_grids,episode_00018,Played,0
4900,imagegame,longterm_langchain_clp_chat,random_grids,episode_00019,Played,0
4901,imagegame,longterm_langchain_clp_chat,random_grids,episode_00020,Played,0
4902,imagegame,longterm_langchain_clp_chat,random_grids,episode_00021,Played,0
4903,imagegame,longterm_langchain_clp_chat,random_grids,episode_00022,Played,0
4904,imagegame,longterm_langchain_clp_chat,random_grids,episode_00023,Played,0
4905,imagegame,longterm_langchain_clp_chat,random_grids,episode_00024,Played,0
4906,matchit,longterm_langchain_clp_chat,different_image,episode_00017,Played,1
4907,matchit,longterm_langchain_clp_chat,different_image,episode_00018,Played,1
4908,matchit,longterm_langchain_clp_chat,different_image,episode_00019,Played,1
4909,matchit,longterm_langchain_clp_chat,different_image,episode_00020,Played,1
4910,matchit,longterm_langchain_clp_chat,different_image,episode_00021,Played,1
4911,matchit,longterm_langchain_clp_chat,different_image,episode_00022,Played,1
4912,matchit,longterm_langchain_clp_chat,different_image,episode_00023,Played,1
4913,matchit,longterm_langchain_clp_chat,different_image,episode_00024,Played,1
4914,matchit,longterm_langchain_clp_chat,same_image,episode_00001,Played,1
4915,matchit,longterm_langchain_clp_chat,same_image,episode_00002,Played,1
4916,matchit,longterm_langchain_clp_chat,same_image,episode_00003,Played,1
4917,matchit,longterm_langchain_clp_chat,same_image,episode_00004,Played,1
4918,matchit,longterm_langchain_clp_chat,same_image,episode_00005,Played,1
4919,matchit,longterm_langchain_clp_chat,same_image,episode_00006,Played,1
4920,matchit,longterm_langchain_clp_chat,same_image,episode_00007,Played,1
4921,matchit,longterm_langchain_clp_chat,same_image,episode_00008,Played,1
4922,matchit,longterm_langchain_clp_chat,similar_image,episode_00009,Played,1
4923,matchit,longterm_langchain_clp_chat,similar_image,episode_00010,Played,1
4924,matchit,longterm_langchain_clp_chat,similar_image,episode_00011,Played,1
4925,matchit,longterm_langchain_clp_chat,similar_image,episode_00012,Played,1
4926,matchit,longterm_langchain_clp_chat,similar_image,episode_00013,Played,1
4927,matchit,longterm_langchain_clp_chat,similar_image,episode_00014,Played,1
4928,matchit,longterm_langchain_clp_chat,similar_image,episode_00015,Played,0
4929,matchit,longterm_langchain_clp_chat,similar_image,episode_00016,Played,1
4930,matchit_ascii,longterm_langchain_clp_chat,different_grid,episode_00019,Played,1
4931,matchit_ascii,longterm_langchain_clp_chat,different_grid,episode_00020,Played,1
4932,matchit_ascii,longterm_langchain_clp_chat,different_grid,episode_00021,Played,1
4933,matchit_ascii,longterm_langchain_clp_chat,different_grid,episode_00022,Played,1
4934,matchit_ascii,longterm_langchain_clp_chat,different_grid,episode_00023,Played,1
4935,matchit_ascii,longterm_langchain_clp_chat,different_grid,episode_00024,Played,1
4936,matchit_ascii,longterm_langchain_clp_chat,same_grid,episode_00001,Played,1
4937,matchit_ascii,longterm_langchain_clp_chat,same_grid,episode_00002,Played,1
4938,matchit_ascii,longterm_langchain_clp_chat,same_grid,episode_00003,Played,1
4939,matchit_ascii,longterm_langchain_clp_chat,same_grid,episode_00004,Played,1
4940,matchit_ascii,longterm_langchain_clp_chat,same_grid,episode_00005,Played,1
4941,matchit_ascii,longterm_langchain_clp_chat,same_grid,episode_00006,Played,1
4942,matchit_ascii,longterm_langchain_clp_chat,similar_grid_1,episode_00007,Played,1
4943,matchit_ascii,longterm_langchain_clp_chat,similar_grid_1,episode_00008,Played,1
4944,matchit_ascii,longterm_langchain_clp_chat,similar_grid_1,episode_00009,Played,1
4945,matchit_ascii,longterm_langchain_clp_chat,similar_grid_1,episode_00010,Played,1
4946,matchit_ascii,longterm_langchain_clp_chat,similar_grid_1,episode_00011,Played,1
4947,matchit_ascii,longterm_langchain_clp_chat,similar_grid_1,episode_00012,Played,1
4948,matchit_ascii,longterm_langchain_clp_chat,similar_grid_2,episode_00013,Played,1
4949,matchit_ascii,longterm_langchain_clp_chat,similar_grid_2,episode_00014,Played,1
4950,matchit_ascii,longterm_langchain_clp_chat,similar_grid_2,episode_00015,Played,1
4951,matchit_ascii,longterm_langchain_clp_chat,similar_grid_2,episode_00016,Played,1
4952,matchit_ascii,longterm_langchain_clp_chat,similar_grid_2,episode_00017,Played,1
4953,matchit_ascii,longterm_langchain_clp_chat,similar_grid_2,episode_00018,Played,1
4954,mm_mapworld,longterm_langchain_clp_chat,large,episode_00011,Played,0
4955,mm_mapworld,longterm_langchain_clp_chat,large,episode_00012,Played,0
4956,mm_mapworld,longterm_langchain_clp_chat,large,episode_00013,Played,0
4957,mm_mapworld,longterm_langchain_clp_chat,large,episode_00014,Played,0
4958,mm_mapworld,longterm_langchain_clp_chat,large,episode_00015,Played,0
4959,mm_mapworld,longterm_langchain_clp_chat,large_cycle,episode_00021,Played,1
4960,mm_mapworld,longterm_langchain_clp_chat,large_cycle,episode_00022,Played,1
4961,mm_mapworld,longterm_langchain_clp_chat,large_cycle,episode_00023,Played,1
4962,mm_mapworld,longterm_langchain_clp_chat,large_cycle,episode_00024,Played,1
4963,mm_mapworld,longterm_langchain_clp_chat,large_cycle,episode_00025,Played,1
4964,mm_mapworld,longterm_langchain_clp_chat,medium,episode_00006,Played,0
4965,mm_mapworld,longterm_langchain_clp_chat,medium,episode_00007,Played,1
4966,mm_mapworld,longterm_langchain_clp_chat,medium,episode_00008,Played,0
4967,mm_mapworld,longterm_langchain_clp_chat,medium,episode_00009,Played,0
4968,mm_mapworld,longterm_langchain_clp_chat,medium,episode_00010,Played,0
4969,mm_mapworld,longterm_langchain_clp_chat,medium_cycle,episode_00016,Played,1
4970,mm_mapworld,longterm_langchain_clp_chat,medium_cycle,episode_00017,Played,1
4971,mm_mapworld,longterm_langchain_clp_chat,medium_cycle,episode_00018,Played,0
4972,mm_mapworld,longterm_langchain_clp_chat,medium_cycle,episode_00019,Played,1
4973,mm_mapworld,longterm_langchain_clp_chat,medium_cycle,episode_00020,Played,1
4974,mm_mapworld,longterm_langchain_clp_chat,small,episode_00001,Played,0
4975,mm_mapworld,longterm_langchain_clp_chat,small,episode_00002,Played,0
4976,mm_mapworld,longterm_langchain_clp_chat,small,episode_00003,Played,0
4977,mm_mapworld,longterm_langchain_clp_chat,small,episode_00004,Played,0
4978,mm_mapworld,longterm_langchain_clp_chat,small,episode_00005,Played,0
4979,multimodal_referencegame,longterm_langchain_clp_chat,CLEVR_images,episode_00015,Played,1
4980,multimodal_referencegame,longterm_langchain_clp_chat,CLEVR_images,episode_00016,Played,1
4981,multimodal_referencegame,longterm_langchain_clp_chat,CLEVR_static_target_images,episode_00017,Played,1
4982,multimodal_referencegame,longterm_langchain_clp_chat,CLEVR_static_target_images,episode_00018,Played,1
4983,multimodal_referencegame,longterm_langchain_clp_chat,diagonal_grids,episode_00005,Played,1
4984,multimodal_referencegame,longterm_langchain_clp_chat,diagonal_grids,episode_00006,Played,1
4985,multimodal_referencegame,longterm_langchain_clp_chat,DOCCI_images,episode_00013,Played,1
4986,multimodal_referencegame,longterm_langchain_clp_chat,DOCCI_images,episode_00014,Played,1
4987,multimodal_referencegame,longterm_langchain_clp_chat,DOCCI_static_target_images,episode_00019,Played,1
4988,multimodal_referencegame,longterm_langchain_clp_chat,DOCCI_static_target_images,episode_00020,Played,1
4989,multimodal_referencegame,longterm_langchain_clp_chat,letter_grids,episode_00007,Played,1
4990,multimodal_referencegame,longterm_langchain_clp_chat,letter_grids,episode_00008,Played,1
4991,multimodal_referencegame,longterm_langchain_clp_chat,line_grids_columns,episode_00003,Played,1
4992,multimodal_referencegame,longterm_langchain_clp_chat,line_grids_columns,episode_00004,Played,1
4993,multimodal_referencegame,longterm_langchain_clp_chat,line_grids_rows,episode_00001,Played,1
4994,multimodal_referencegame,longterm_langchain_clp_chat,line_grids_rows,episode_00002,Played,1
4995,multimodal_referencegame,longterm_langchain_clp_chat,pentomino_images,episode_00021,Played,1
4996,multimodal_referencegame,longterm_langchain_clp_chat,pentomino_images,episode_00022,Played,1
4997,multimodal_referencegame,longterm_langchain_clp_chat,random_grids,episode_00011,Played,1
4998,multimodal_referencegame,longterm_langchain_clp_chat,random_grids,episode_00012,Played,1
4999,multimodal_referencegame,longterm_langchain_clp_chat,shape_grids,episode_00009,Played,1
5000,multimodal_referencegame,longterm_langchain_clp_chat,shape_grids,episode_00010,Played,1
5001,privateshared,longterm_langchain_clp_chat,job-interview,episode_00006,Played,1
5002,privateshared,longterm_langchain_clp_chat,job-interview,episode_00007,Played,1
5003,privateshared,longterm_langchain_clp_chat,job-interview,episode_00008,Played,1
5004,privateshared,longterm_langchain_clp_chat,job-interview,episode_00009,Played,1
5005,privateshared,longterm_langchain_clp_chat,job-interview,episode_00010,Played,1
5006,privateshared,longterm_langchain_clp_chat,letter-number,episode_00021,Played,1
5007,privateshared,longterm_langchain_clp_chat,letter-number,episode_00022,Played,1
5008,privateshared,longterm_langchain_clp_chat,letter-number,episode_00023,Played,1
5009,privateshared,longterm_langchain_clp_chat,letter-number,episode_00024,Played,1
5010,privateshared,longterm_langchain_clp_chat,letter-number,episode_00025,Played,1
5011,privateshared,longterm_langchain_clp_chat,restaurant,episode_00011,Played,1
5012,privateshared,longterm_langchain_clp_chat,restaurant,episode_00012,Played,1
5013,privateshared,longterm_langchain_clp_chat,restaurant,episode_00013,Played,1
5014,privateshared,longterm_langchain_clp_chat,restaurant,episode_00014,Played,1
5015,privateshared,longterm_langchain_clp_chat,restaurant,episode_00015,Played,1
5016,privateshared,longterm_langchain_clp_chat,things-places,episode_00016,Played,1
5017,privateshared,longterm_langchain_clp_chat,things-places,episode_00017,Played,1
5018,privateshared,longterm_langchain_clp_chat,things-places,episode_00018,Played,1
5019,privateshared,longterm_langchain_clp_chat,things-places,episode_00019,Played,0
5020,privateshared,longterm_langchain_clp_chat,things-places,episode_00020,Played,1
5021,privateshared,longterm_langchain_clp_chat,travel-booking,episode_00001,Played,1
5022,privateshared,longterm_langchain_clp_chat,travel-booking,episode_00002,Played,1
5023,privateshared,longterm_langchain_clp_chat,travel-booking,episode_00003,Played,1
5024,privateshared,longterm_langchain_clp_chat,travel-booking,episode_00004,Played,1
5025,privateshared,longterm_langchain_clp_chat,travel-booking,episode_00005,Played,1
5026,referencegame,longterm_langchain_clp_chat,letter_grids,episode_00001,Played,1
5027,referencegame,longterm_langchain_clp_chat,letter_grids,episode_00002,Played,1
5028,referencegame,longterm_langchain_clp_chat,letter_grids,episode_00003,Played,1
5029,referencegame,longterm_langchain_clp_chat,letter_grids,episode_00004,Played,1
5030,referencegame,longterm_langchain_clp_chat,letter_grids,episode_00005,Played,1
5031,referencegame,longterm_langchain_clp_chat,line_grids_columns,episode_00016,Played,1
5032,referencegame,longterm_langchain_clp_chat,line_grids_columns,episode_00017,Played,1
5033,referencegame,longterm_langchain_clp_chat,line_grids_columns,episode_00018,Played,1
5034,referencegame,longterm_langchain_clp_chat,line_grids_columns,episode_00019,Played,1
5035,referencegame,longterm_langchain_clp_chat,line_grids_columns,episode_00020,Played,1
5036,referencegame,longterm_langchain_clp_chat,line_grids_rows,episode_00011,Played,1
5037,referencegame,longterm_langchain_clp_chat,line_grids_rows,episode_00012,Played,1
5038,referencegame,longterm_langchain_clp_chat,line_grids_rows,episode_00013,Played,1
5039,referencegame,longterm_langchain_clp_chat,line_grids_rows,episode_00014,Played,1
5040,referencegame,longterm_langchain_clp_chat,line_grids_rows,episode_00015,Played,1
5041,referencegame,longterm_langchain_clp_chat,number_grids,episode_00006,Played,1
5042,referencegame,longterm_langchain_clp_chat,number_grids,episode_00007,Played,1
5043,referencegame,longterm_langchain_clp_chat,number_grids,episode_00008,Played,1
5044,referencegame,longterm_langchain_clp_chat,number_grids,episode_00009,Played,1
5045,referencegame,longterm_langchain_clp_chat,number_grids,episode_00010,Played,1
5046,referencegame,longterm_langchain_clp_chat,random_grids,episode_00021,Played,1
5047,referencegame,longterm_langchain_clp_chat,random_grids,episode_00022,Played,1
5048,referencegame,longterm_langchain_clp_chat,random_grids,episode_00023,Played,1
5049,referencegame,longterm_langchain_clp_chat,random_grids,episode_00024,Played,1
5050,referencegame,longterm_langchain_clp_chat,random_grids,episode_00025,Played,1
5051,taboo,longterm_langchain_clp_chat,high_en,episode_00001,Played,1
5052,taboo,longterm_langchain_clp_chat,high_en,episode_00002,Played,1
5053,taboo,longterm_langchain_clp_chat,high_en,episode_00003,Played,1
5054,taboo,longterm_langchain_clp_chat,high_en,episode_00004,Played,1
5055,taboo,longterm_langchain_clp_chat,high_en,episode_00005,Played,1
5056,taboo,longterm_langchain_clp_chat,low_en,episode_00011,Played,1
5057,taboo,longterm_langchain_clp_chat,low_en,episode_00012,Played,1
5058,taboo,longterm_langchain_clp_chat,low_en,episode_00013,Played,1
5059,taboo,longterm_langchain_clp_chat,low_en,episode_00014,Played,1
5060,taboo,longterm_langchain_clp_chat,low_en,episode_00015,Played,1
5061,taboo,longterm_langchain_clp_chat,medium_en,episode_00006,Played,1
5062,taboo,longterm_langchain_clp_chat,medium_en,episode_00007,Played,0
5063,taboo,longterm_langchain_clp_chat,medium_en,episode_00008,Played,1
5064,taboo,longterm_langchain_clp_chat,medium_en,episode_00009,Played,1
5065,taboo,longterm_langchain_clp_chat,medium_en,episode_00010,Played,1
5066,textmapworld,longterm_langchain_clp_chat,large,episode_00011,Played,1
5067,textmapworld,longterm_langchain_clp_chat,large,episode_00012,Played,1
5068,textmapworld,longterm_langchain_clp_chat,large,episode_00013,Played,0
5069,textmapworld,longterm_langchain_clp_chat,large,episode_00014,Played,1
5070,textmapworld,longterm_langchain_clp_chat,large,episode_00015,Played,1
5071,textmapworld,longterm_langchain_clp_chat,large_cycle,episode_00021,Played,1
5072,textmapworld,longterm_langchain_clp_chat,large_cycle,episode_00022,Played,0
5073,textmapworld,longterm_langchain_clp_chat,large_cycle,episode_00023,Played,1
5074,textmapworld,longterm_langchain_clp_chat,large_cycle,episode_00024,Played,0
5075,textmapworld,longterm_langchain_clp_chat,large_cycle,episode_00025,Played,1
5076,textmapworld,longterm_langchain_clp_chat,medium,episode_00006,Played,1
5077,textmapworld,longterm_langchain_clp_chat,medium,episode_00007,Played,0
5078,textmapworld,longterm_langchain_clp_chat,medium,episode_00008,Played,0
5079,textmapworld,longterm_langchain_clp_chat,medium,episode_00009,Played,1
5080,textmapworld,longterm_langchain_clp_chat,medium,episode_00010,Played,0
5081,textmapworld,longterm_langchain_clp_chat,medium_cycle,episode_00016,Played,0
5082,textmapworld,longterm_langchain_clp_chat,medium_cycle,episode_00017,Played,0
5083,textmapworld,longterm_langchain_clp_chat,medium_cycle,episode_00018,Played,1
5084,textmapworld,longterm_langchain_clp_chat,medium_cycle,episode_00019,Played,1
5085,textmapworld,longterm_langchain_clp_chat,medium_cycle,episode_00020,Played,0
5086,textmapworld,longterm_langchain_clp_chat,small,episode_00001,Played,1
5087,textmapworld,longterm_langchain_clp_chat,small,episode_00002,Played,1
5088,textmapworld,longterm_langchain_clp_chat,small,episode_00003,Played,1
5089,textmapworld,longterm_langchain_clp_chat,small,episode_00004,Played,1
5090,textmapworld,longterm_langchain_clp_chat,small,episode_00005,Played,1
5091,wordle,longterm_langchain_clp_chat,high_frequency_words_no_clue_no_critic,episode_00001,Played,1
5092,wordle,longterm_langchain_clp_chat,high_frequency_words_no_clue_no_critic,episode_00002,Played,0
5093,wordle,longterm_langchain_clp_chat,high_frequency_words_no_clue_no_critic,episode_00003,Played,1
5094,wordle,longterm_langchain_clp_chat,high_frequency_words_no_clue_no_critic,episode_00004,Played,0
5095,wordle,longterm_langchain_clp_chat,high_frequency_words_no_clue_no_critic,episode_00005,Played,0
5096,wordle,longterm_langchain_clp_chat,high_frequency_words_no_clue_no_critic,episode_00006,Played,0
5097,wordle,longterm_langchain_clp_chat,high_frequency_words_no_clue_no_critic,episode_00007,Played,0
5098,wordle,longterm_langchain_clp_chat,high_frequency_words_no_clue_no_critic,episode_00008,Played,0
5099,wordle,longterm_langchain_clp_chat,high_frequency_words_no_clue_no_critic,episode_00009,Played,0
5100,wordle,longterm_langchain_clp_chat,high_frequency_words_no_clue_no_critic,episode_00010,Played,0
5101,wordle,longterm_langchain_clp_chat,medium_frequency_words_no_clue_no_critic,episode_00011,Played,0
5102,wordle,longterm_langchain_clp_chat,medium_frequency_words_no_clue_no_critic,episode_00012,Played,0
5103,wordle,longterm_langchain_clp_chat,medium_frequency_words_no_clue_no_critic,episode_00013,Played,0
5104,wordle,longterm_langchain_clp_chat,medium_frequency_words_no_clue_no_critic,episode_00014,Played,0
5105,wordle,longterm_langchain_clp_chat,medium_frequency_words_no_clue_no_critic,episode_00015,Played,0
5106,wordle,longterm_langchain_clp_chat,medium_frequency_words_no_clue_no_critic,episode_00016,Played,0
5107,wordle,longterm_langchain_clp_chat,medium_frequency_words_no_clue_no_critic,episode_00017,Played,0
5108,wordle,longterm_langchain_clp_chat,medium_frequency_words_no_clue_no_critic,episode_00018,Played,0
5109,wordle,longterm_langchain_clp_chat,medium_frequency_words_no_clue_no_critic,episode_00019,Played,0
5110,wordle,longterm_langchain_clp_chat,medium_frequency_words_no_clue_no_critic,episode_00020,Played,0
