,game,model,experiment,episode,metric,value
0,adventuregame,NEW_FormatCheckingAgent_LLM_judge_clp_chat,home_deliver_three_basic_easy,episode_00001,Violated Request Count,0.0
1,adventuregame,NEW_FormatCheckingAgent_LLM_judge_clp_chat,home_deliver_three_basic_easy,episode_00001,Parsed Request Count,50.0
2,adventuregame,NEW_FormatCheckingAgent_LLM_judge_clp_chat,home_deliver_three_basic_easy,episode_00001,Request Count,50.0
3,adventuregame,NEW_FormatCheckingAgent_LLM_judge_clp_chat,home_deliver_three_basic_easy,episode_00001,Request Success Ratio,1.0
4,adventuregame,NEW_FormatCheckingAgent_LLM_judge_clp_chat,home_deliver_three_basic_easy,episode_00001,hallucination_count,0.0
5,adventuregame,NEW_FormatCheckingAgent_LLM_judge_clp_chat,home_deliver_three_basic_easy,episode_00001,action_parsing_fail,0.0
6,adventuregame,NEW_FormatCheckingAgent_LLM_judge_clp_chat,home_deliver_three_basic_easy,episode_00001,action_resolution_fail,33.0
7,adventuregame,NEW_FormatCheckingAgent_LLM_judge_clp_chat,home_deliver_three_basic_easy,episode_00001,lark_exception,0.0
8,adventuregame,NEW_FormatCheckingAgent_LLM_judge_clp_chat,home_deliver_three_basic_easy,episode_00001,malformed_command,0.0
9,adventuregame,NEW_FormatCheckingAgent_LLM_judge_clp_chat,home_deliver_three_basic_easy,episode_00001,undefined_action_verb,0.0
10,adventuregame,NEW_FormatCheckingAgent_LLM_judge_clp_chat,home_deliver_three_basic_easy,episode_00001,undefined_action,0.0
11,adventuregame,NEW_FormatCheckingAgent_LLM_judge_clp_chat,home_deliver_three_basic_easy,episode_00001,undefined_repr_str,0.0
12,adventuregame,NEW_FormatCheckingAgent_LLM_judge_clp_chat,home_deliver_three_basic_easy,episode_00001,manipulating_room,0.0
13,adventuregame,NEW_FormatCheckingAgent_LLM_judge_clp_chat,home_deliver_three_basic_easy,episode_00001,undefined_argument_type,0.0
14,adventuregame,NEW_FormatCheckingAgent_LLM_judge_clp_chat,home_deliver_three_basic_easy,episode_00001,taking_from_inventory,0.0
15,adventuregame,NEW_FormatCheckingAgent_LLM_judge_clp_chat,home_deliver_three_basic_easy,episode_00001,other_room_argument,0.0
16,adventuregame,NEW_FormatCheckingAgent_LLM_judge_clp_chat,home_deliver_three_basic_easy,episode_00001,domain_trait_type_mismatch,0.0
17,adventuregame,NEW_FormatCheckingAgent_LLM_judge_clp_chat,home_deliver_three_basic_easy,episode_00001,domain_type_discrepancy,0.0
18,adventuregame,NEW_FormatCheckingAgent_LLM_judge_clp_chat,home_deliver_three_basic_easy,episode_00001,world_state_discrepancy,0.0
19,adventuregame,NEW_FormatCheckingAgent_LLM_judge_clp_chat,home_deliver_three_basic_easy,episode_00001,entity_not_accessible,5.0
20,adventuregame,NEW_FormatCheckingAgent_LLM_judge_clp_chat,home_deliver_three_basic_easy,episode_00001,entity_state_mismatch,0.0
21,adventuregame,NEW_FormatCheckingAgent_LLM_judge_clp_chat,home_deliver_three_basic_easy,episode_00001,entity_trait_mismatch,0.0
22,adventuregame,NEW_FormatCheckingAgent_LLM_judge_clp_chat,home_deliver_three_basic_easy,episode_00001,entity_already_inventory,0.0
23,adventuregame,NEW_FormatCheckingAgent_LLM_judge_clp_chat,home_deliver_three_basic_easy,episode_00001,going_to_current_room,0.0
24,adventuregame,NEW_FormatCheckingAgent_LLM_judge_clp_chat,home_deliver_three_basic_easy,episode_00001,no_exit_to,28.0
25,adventuregame,NEW_FormatCheckingAgent_LLM_judge_clp_chat,home_deliver_three_basic_easy,episode_00001,inventory_limit_exceeded,0.0
26,adventuregame,NEW_FormatCheckingAgent_LLM_judge_clp_chat,home_deliver_three_basic_easy,episode_00001,successful_actions,17.0
27,adventuregame,NEW_FormatCheckingAgent_LLM_judge_clp_chat,home_deliver_three_basic_easy,episode_00001,turn_limit_loss,1.0
28,adventuregame,NEW_FormatCheckingAgent_LLM_judge_clp_chat,home_deliver_three_basic_easy,episode_00001,turns_over_par,
29,adventuregame,NEW_FormatCheckingAgent_LLM_judge_clp_chat,home_deliver_three_basic_easy,episode_00001,turn_ratio,
30,adventuregame,NEW_FormatCheckingAgent_LLM_judge_clp_chat,home_deliver_three_basic_easy,episode_00001,finish_speed,
31,adventuregame,NEW_FormatCheckingAgent_LLM_judge_clp_chat,home_deliver_three_basic_easy,episode_00001,achieved_goal_ratio,0.0
32,adventuregame,NEW_FormatCheckingAgent_LLM_judge_clp_chat,home_deliver_three_basic_easy,episode_00001,Aborted,1.0
33,adventuregame,NEW_FormatCheckingAgent_LLM_judge_clp_chat,home_deliver_three_basic_easy,episode_00001,Success,0.0
34,adventuregame,NEW_FormatCheckingAgent_LLM_judge_clp_chat,home_deliver_three_basic_easy,episode_00001,Lose,0.0
35,adventuregame,NEW_FormatCheckingAgent_LLM_judge_clp_chat,home_deliver_three_basic_easy,episode_00001,Main Score,
36,adventuregame,NEW_FormatCheckingAgent_LLM_judge_clp_chat,home_deliver_three_basic_easy,episode_00001,plan_followed_ratio,0.0
37,adventuregame,NEW_FormatCheckingAgent_LLM_judge_clp_chat,home_deliver_three_basic_easy,episode_00001,plan_average_viability_ratio,0.0
38,adventuregame,NEW_FormatCheckingAgent_LLM_judge_clp_chat,home_deliver_three_basic_easy,episode_00001,bad_plan_follow_ratio,0.0
39,adventuregame,NEW_FormatCheckingAgent_LLM_judge_clp_chat,home_deliver_three_basic_easy,episode_00001,bad_plan_dismiss_ratio,1.0
40,adventuregame,NEW_FormatCheckingAgent_LLM_judge_clp_chat,home_deliver_three_basic_easy,episode_00002,Violated Request Count,0.0
41,adventuregame,NEW_FormatCheckingAgent_LLM_judge_clp_chat,home_deliver_three_basic_easy,episode_00002,Parsed Request Count,50.0
42,adventuregame,NEW_FormatCheckingAgent_LLM_judge_clp_chat,home_deliver_three_basic_easy,episode_00002,Request Count,50.0
43,adventuregame,NEW_FormatCheckingAgent_LLM_judge_clp_chat,home_deliver_three_basic_easy,episode_00002,Request Success Ratio,1.0
44,adventuregame,NEW_FormatCheckingAgent_LLM_judge_clp_chat,home_deliver_three_basic_easy,episode_00002,hallucination_count,0.0
45,adventuregame,NEW_FormatCheckingAgent_LLM_judge_clp_chat,home_deliver_three_basic_easy,episode_00002,action_parsing_fail,0.0
46,adventuregame,NEW_FormatCheckingAgent_LLM_judge_clp_chat,home_deliver_three_basic_easy,episode_00002,action_resolution_fail,29.0
47,adventuregame,NEW_FormatCheckingAgent_LLM_judge_clp_chat,home_deliver_three_basic_easy,episode_00002,lark_exception,0.0
48,adventuregame,NEW_FormatCheckingAgent_LLM_judge_clp_chat,home_deliver_three_basic_easy,episode_00002,malformed_command,0.0
49,adventuregame,NEW_FormatCheckingAgent_LLM_judge_clp_chat,home_deliver_three_basic_easy,episode_00002,undefined_action_verb,0.0
50,adventuregame,NEW_FormatCheckingAgent_LLM_judge_clp_chat,home_deliver_three_basic_easy,episode_00002,undefined_action,0.0
51,adventuregame,NEW_FormatCheckingAgent_LLM_judge_clp_chat,home_deliver_three_basic_easy,episode_00002,undefined_repr_str,0.0
52,adventuregame,NEW_FormatCheckingAgent_LLM_judge_clp_chat,home_deliver_three_basic_easy,episode_00002,manipulating_room,0.0
53,adventuregame,NEW_FormatCheckingAgent_LLM_judge_clp_chat,home_deliver_three_basic_easy,episode_00002,undefined_argument_type,0.0
54,adventuregame,NEW_FormatCheckingAgent_LLM_judge_clp_chat,home_deliver_three_basic_easy,episode_00002,taking_from_inventory,0.0
55,adventuregame,NEW_FormatCheckingAgent_LLM_judge_clp_chat,home_deliver_three_basic_easy,episode_00002,other_room_argument,0.0
56,adventuregame,NEW_FormatCheckingAgent_LLM_judge_clp_chat,home_deliver_three_basic_easy,episode_00002,domain_trait_type_mismatch,0.0
57,adventuregame,NEW_FormatCheckingAgent_LLM_judge_clp_chat,home_deliver_three_basic_easy,episode_00002,domain_type_discrepancy,0.0
58,adventuregame,NEW_FormatCheckingAgent_LLM_judge_clp_chat,home_deliver_three_basic_easy,episode_00002,world_state_discrepancy,0.0
59,adventuregame,NEW_FormatCheckingAgent_LLM_judge_clp_chat,home_deliver_three_basic_easy,episode_00002,entity_not_accessible,4.0
60,adventuregame,NEW_FormatCheckingAgent_LLM_judge_clp_chat,home_deliver_three_basic_easy,episode_00002,entity_state_mismatch,11.0
61,adventuregame,NEW_FormatCheckingAgent_LLM_judge_clp_chat,home_deliver_three_basic_easy,episode_00002,entity_trait_mismatch,0.0
62,adventuregame,NEW_FormatCheckingAgent_LLM_judge_clp_chat,home_deliver_three_basic_easy,episode_00002,entity_already_inventory,0.0
63,adventuregame,NEW_FormatCheckingAgent_LLM_judge_clp_chat,home_deliver_three_basic_easy,episode_00002,going_to_current_room,0.0
64,adventuregame,NEW_FormatCheckingAgent_LLM_judge_clp_chat,home_deliver_three_basic_easy,episode_00002,no_exit_to,14.0
65,adventuregame,NEW_FormatCheckingAgent_LLM_judge_clp_chat,home_deliver_three_basic_easy,episode_00002,inventory_limit_exceeded,0.0
66,adventuregame,NEW_FormatCheckingAgent_LLM_judge_clp_chat,home_deliver_three_basic_easy,episode_00002,successful_actions,21.0
67,adventuregame,NEW_FormatCheckingAgent_LLM_judge_clp_chat,home_deliver_three_basic_easy,episode_00002,turn_limit_loss,1.0
68,adventuregame,NEW_FormatCheckingAgent_LLM_judge_clp_chat,home_deliver_three_basic_easy,episode_00002,turns_over_par,
69,adventuregame,NEW_FormatCheckingAgent_LLM_judge_clp_chat,home_deliver_three_basic_easy,episode_00002,turn_ratio,
70,adventuregame,NEW_FormatCheckingAgent_LLM_judge_clp_chat,home_deliver_three_basic_easy,episode_00002,finish_speed,
71,adventuregame,NEW_FormatCheckingAgent_LLM_judge_clp_chat,home_deliver_three_basic_easy,episode_00002,achieved_goal_ratio,0.0
72,adventuregame,NEW_FormatCheckingAgent_LLM_judge_clp_chat,home_deliver_three_basic_easy,episode_00002,Aborted,1.0
73,adventuregame,NEW_FormatCheckingAgent_LLM_judge_clp_chat,home_deliver_three_basic_easy,episode_00002,Success,0.0
74,adventuregame,NEW_FormatCheckingAgent_LLM_judge_clp_chat,home_deliver_three_basic_easy,episode_00002,Lose,0.0
75,adventuregame,NEW_FormatCheckingAgent_LLM_judge_clp_chat,home_deliver_three_basic_easy,episode_00002,Main Score,
76,adventuregame,NEW_FormatCheckingAgent_LLM_judge_clp_chat,home_deliver_three_basic_easy,episode_00002,plan_followed_ratio,0.0
77,adventuregame,NEW_FormatCheckingAgent_LLM_judge_clp_chat,home_deliver_three_basic_easy,episode_00002,plan_average_viability_ratio,0.0
78,adventuregame,NEW_FormatCheckingAgent_LLM_judge_clp_chat,home_deliver_three_basic_easy,episode_00002,bad_plan_follow_ratio,0.0
79,adventuregame,NEW_FormatCheckingAgent_LLM_judge_clp_chat,home_deliver_three_basic_easy,episode_00002,bad_plan_dismiss_ratio,1.0
80,adventuregame,NEW_FormatCheckingAgent_LLM_judge_clp_chat,home_deliver_three_basic_easy,episode_00003,Violated Request Count,0.0
81,adventuregame,NEW_FormatCheckingAgent_LLM_judge_clp_chat,home_deliver_three_basic_easy,episode_00003,Parsed Request Count,11.0
82,adventuregame,NEW_FormatCheckingAgent_LLM_judge_clp_chat,home_deliver_three_basic_easy,episode_00003,Request Count,11.0
83,adventuregame,NEW_FormatCheckingAgent_LLM_judge_clp_chat,home_deliver_three_basic_easy,episode_00003,Request Success Ratio,1.0
84,adventuregame,NEW_FormatCheckingAgent_LLM_judge_clp_chat,home_deliver_three_basic_easy,episode_00003,hallucination_count,0.0
85,adventuregame,NEW_FormatCheckingAgent_LLM_judge_clp_chat,home_deliver_three_basic_easy,episode_00003,action_parsing_fail,0.0
86,adventuregame,NEW_FormatCheckingAgent_LLM_judge_clp_chat,home_deliver_three_basic_easy,episode_00003,action_resolution_fail,1.0
87,adventuregame,NEW_FormatCheckingAgent_LLM_judge_clp_chat,home_deliver_three_basic_easy,episode_00003,lark_exception,0.0
88,adventuregame,NEW_FormatCheckingAgent_LLM_judge_clp_chat,home_deliver_three_basic_easy,episode_00003,malformed_command,0.0
89,adventuregame,NEW_FormatCheckingAgent_LLM_judge_clp_chat,home_deliver_three_basic_easy,episode_00003,undefined_action_verb,0.0
90,adventuregame,NEW_FormatCheckingAgent_LLM_judge_clp_chat,home_deliver_three_basic_easy,episode_00003,undefined_action,0.0
91,adventuregame,NEW_FormatCheckingAgent_LLM_judge_clp_chat,home_deliver_three_basic_easy,episode_00003,undefined_repr_str,0.0
92,adventuregame,NEW_FormatCheckingAgent_LLM_judge_clp_chat,home_deliver_three_basic_easy,episode_00003,manipulating_room,0.0
93,adventuregame,NEW_FormatCheckingAgent_LLM_judge_clp_chat,home_deliver_three_basic_easy,episode_00003,undefined_argument_type,0.0
94,adventuregame,NEW_FormatCheckingAgent_LLM_judge_clp_chat,home_deliver_three_basic_easy,episode_00003,taking_from_inventory,0.0
95,adventuregame,NEW_FormatCheckingAgent_LLM_judge_clp_chat,home_deliver_three_basic_easy,episode_00003,other_room_argument,0.0
96,adventuregame,NEW_FormatCheckingAgent_LLM_judge_clp_chat,home_deliver_three_basic_easy,episode_00003,domain_trait_type_mismatch,0.0
97,adventuregame,NEW_FormatCheckingAgent_LLM_judge_clp_chat,home_deliver_three_basic_easy,episode_00003,domain_type_discrepancy,0.0
98,adventuregame,NEW_FormatCheckingAgent_LLM_judge_clp_chat,home_deliver_three_basic_easy,episode_00003,world_state_discrepancy,0.0
99,adventuregame,NEW_FormatCheckingAgent_LLM_judge_clp_chat,home_deliver_three_basic_easy,episode_00003,entity_not_accessible,1.0
100,adventuregame,NEW_FormatCheckingAgent_LLM_judge_clp_chat,home_deliver_three_basic_easy,episode_00003,entity_state_mismatch,0.0
101,adventuregame,NEW_FormatCheckingAgent_LLM_judge_clp_chat,home_deliver_three_basic_easy,episode_00003,entity_trait_mismatch,0.0
102,adventuregame,NEW_FormatCheckingAgent_LLM_judge_clp_chat,home_deliver_three_basic_easy,episode_00003,entity_already_inventory,0.0
103,adventuregame,NEW_FormatCheckingAgent_LLM_judge_clp_chat,home_deliver_three_basic_easy,episode_00003,going_to_current_room,0.0
104,adventuregame,NEW_FormatCheckingAgent_LLM_judge_clp_chat,home_deliver_three_basic_easy,episode_00003,no_exit_to,0.0
105,adventuregame,NEW_FormatCheckingAgent_LLM_judge_clp_chat,home_deliver_three_basic_easy,episode_00003,inventory_limit_exceeded,0.0
106,adventuregame,NEW_FormatCheckingAgent_LLM_judge_clp_chat,home_deliver_three_basic_easy,episode_00003,successful_actions,10.0
107,adventuregame,NEW_FormatCheckingAgent_LLM_judge_clp_chat,home_deliver_three_basic_easy,episode_00003,turn_limit_loss,0.0
108,adventuregame,NEW_FormatCheckingAgent_LLM_judge_clp_chat,home_deliver_three_basic_easy,episode_00003,turns_over_par,3.0
109,adventuregame,NEW_FormatCheckingAgent_LLM_judge_clp_chat,home_deliver_three_basic_easy,episode_00003,turn_ratio,0.9285714285714286
110,adventuregame,NEW_FormatCheckingAgent_LLM_judge_clp_chat,home_deliver_three_basic_easy,episode_00003,finish_speed,0.0714285714285714
111,adventuregame,NEW_FormatCheckingAgent_LLM_judge_clp_chat,home_deliver_three_basic_easy,episode_00003,achieved_goal_ratio,1.0
112,adventuregame,NEW_FormatCheckingAgent_LLM_judge_clp_chat,home_deliver_three_basic_easy,episode_00003,Aborted,0.0
113,adventuregame,NEW_FormatCheckingAgent_LLM_judge_clp_chat,home_deliver_three_basic_easy,episode_00003,Success,1.0
114,adventuregame,NEW_FormatCheckingAgent_LLM_judge_clp_chat,home_deliver_three_basic_easy,episode_00003,Lose,0.0
115,adventuregame,NEW_FormatCheckingAgent_LLM_judge_clp_chat,home_deliver_three_basic_easy,episode_00003,Main Score,100.0
116,adventuregame,NEW_FormatCheckingAgent_LLM_judge_clp_chat,home_deliver_three_basic_easy,episode_00003,plan_followed_ratio,0.0
117,adventuregame,NEW_FormatCheckingAgent_LLM_judge_clp_chat,home_deliver_three_basic_easy,episode_00003,plan_average_viability_ratio,0.0
118,adventuregame,NEW_FormatCheckingAgent_LLM_judge_clp_chat,home_deliver_three_basic_easy,episode_00003,bad_plan_follow_ratio,0.0
119,adventuregame,NEW_FormatCheckingAgent_LLM_judge_clp_chat,home_deliver_three_basic_easy,episode_00003,bad_plan_dismiss_ratio,1.0
120,adventuregame,NEW_FormatCheckingAgent_LLM_judge_clp_chat,home_deliver_three_basic_easy_invlimittwo,episode_00007,Violated Request Count,0.0
121,adventuregame,NEW_FormatCheckingAgent_LLM_judge_clp_chat,home_deliver_three_basic_easy_invlimittwo,episode_00007,Parsed Request Count,50.0
122,adventuregame,NEW_FormatCheckingAgent_LLM_judge_clp_chat,home_deliver_three_basic_easy_invlimittwo,episode_00007,Request Count,50.0
123,adventuregame,NEW_FormatCheckingAgent_LLM_judge_clp_chat,home_deliver_three_basic_easy_invlimittwo,episode_00007,Request Success Ratio,1.0
124,adventuregame,NEW_FormatCheckingAgent_LLM_judge_clp_chat,home_deliver_three_basic_easy_invlimittwo,episode_00007,hallucination_count,0.0
125,adventuregame,NEW_FormatCheckingAgent_LLM_judge_clp_chat,home_deliver_three_basic_easy_invlimittwo,episode_00007,action_parsing_fail,0.0
126,adventuregame,NEW_FormatCheckingAgent_LLM_judge_clp_chat,home_deliver_three_basic_easy_invlimittwo,episode_00007,action_resolution_fail,32.0
127,adventuregame,NEW_FormatCheckingAgent_LLM_judge_clp_chat,home_deliver_three_basic_easy_invlimittwo,episode_00007,lark_exception,0.0
128,adventuregame,NEW_FormatCheckingAgent_LLM_judge_clp_chat,home_deliver_three_basic_easy_invlimittwo,episode_00007,malformed_command,0.0
129,adventuregame,NEW_FormatCheckingAgent_LLM_judge_clp_chat,home_deliver_three_basic_easy_invlimittwo,episode_00007,undefined_action_verb,0.0
130,adventuregame,NEW_FormatCheckingAgent_LLM_judge_clp_chat,home_deliver_three_basic_easy_invlimittwo,episode_00007,undefined_action,0.0
131,adventuregame,NEW_FormatCheckingAgent_LLM_judge_clp_chat,home_deliver_three_basic_easy_invlimittwo,episode_00007,undefined_repr_str,0.0
132,adventuregame,NEW_FormatCheckingAgent_LLM_judge_clp_chat,home_deliver_three_basic_easy_invlimittwo,episode_00007,manipulating_room,0.0
133,adventuregame,NEW_FormatCheckingAgent_LLM_judge_clp_chat,home_deliver_three_basic_easy_invlimittwo,episode_00007,undefined_argument_type,0.0
134,adventuregame,NEW_FormatCheckingAgent_LLM_judge_clp_chat,home_deliver_three_basic_easy_invlimittwo,episode_00007,taking_from_inventory,0.0
135,adventuregame,NEW_FormatCheckingAgent_LLM_judge_clp_chat,home_deliver_three_basic_easy_invlimittwo,episode_00007,other_room_argument,0.0
136,adventuregame,NEW_FormatCheckingAgent_LLM_judge_clp_chat,home_deliver_three_basic_easy_invlimittwo,episode_00007,domain_trait_type_mismatch,0.0
137,adventuregame,NEW_FormatCheckingAgent_LLM_judge_clp_chat,home_deliver_three_basic_easy_invlimittwo,episode_00007,domain_type_discrepancy,0.0
138,adventuregame,NEW_FormatCheckingAgent_LLM_judge_clp_chat,home_deliver_three_basic_easy_invlimittwo,episode_00007,world_state_discrepancy,0.0
139,adventuregame,NEW_FormatCheckingAgent_LLM_judge_clp_chat,home_deliver_three_basic_easy_invlimittwo,episode_00007,entity_not_accessible,12.0
140,adventuregame,NEW_FormatCheckingAgent_LLM_judge_clp_chat,home_deliver_three_basic_easy_invlimittwo,episode_00007,entity_state_mismatch,13.0
141,adventuregame,NEW_FormatCheckingAgent_LLM_judge_clp_chat,home_deliver_three_basic_easy_invlimittwo,episode_00007,entity_trait_mismatch,0.0
142,adventuregame,NEW_FormatCheckingAgent_LLM_judge_clp_chat,home_deliver_three_basic_easy_invlimittwo,episode_00007,entity_already_inventory,0.0
143,adventuregame,NEW_FormatCheckingAgent_LLM_judge_clp_chat,home_deliver_three_basic_easy_invlimittwo,episode_00007,going_to_current_room,0.0
144,adventuregame,NEW_FormatCheckingAgent_LLM_judge_clp_chat,home_deliver_three_basic_easy_invlimittwo,episode_00007,no_exit_to,6.0
145,adventuregame,NEW_FormatCheckingAgent_LLM_judge_clp_chat,home_deliver_three_basic_easy_invlimittwo,episode_00007,inventory_limit_exceeded,1.0
146,adventuregame,NEW_FormatCheckingAgent_LLM_judge_clp_chat,home_deliver_three_basic_easy_invlimittwo,episode_00007,successful_actions,18.0
147,adventuregame,NEW_FormatCheckingAgent_LLM_judge_clp_chat,home_deliver_three_basic_easy_invlimittwo,episode_00007,turn_limit_loss,1.0
148,adventuregame,NEW_FormatCheckingAgent_LLM_judge_clp_chat,home_deliver_three_basic_easy_invlimittwo,episode_00007,turns_over_par,
149,adventuregame,NEW_FormatCheckingAgent_LLM_judge_clp_chat,home_deliver_three_basic_easy_invlimittwo,episode_00007,turn_ratio,
150,adventuregame,NEW_FormatCheckingAgent_LLM_judge_clp_chat,home_deliver_three_basic_easy_invlimittwo,episode_00007,finish_speed,
151,adventuregame,NEW_FormatCheckingAgent_LLM_judge_clp_chat,home_deliver_three_basic_easy_invlimittwo,episode_00007,achieved_goal_ratio,0.0
152,adventuregame,NEW_FormatCheckingAgent_LLM_judge_clp_chat,home_deliver_three_basic_easy_invlimittwo,episode_00007,Aborted,1.0
153,adventuregame,NEW_FormatCheckingAgent_LLM_judge_clp_chat,home_deliver_three_basic_easy_invlimittwo,episode_00007,Success,0.0
154,adventuregame,NEW_FormatCheckingAgent_LLM_judge_clp_chat,home_deliver_three_basic_easy_invlimittwo,episode_00007,Lose,0.0
155,adventuregame,NEW_FormatCheckingAgent_LLM_judge_clp_chat,home_deliver_three_basic_easy_invlimittwo,episode_00007,Main Score,
156,adventuregame,NEW_FormatCheckingAgent_LLM_judge_clp_chat,home_deliver_three_basic_easy_invlimittwo,episode_00007,plan_followed_ratio,0.0
157,adventuregame,NEW_FormatCheckingAgent_LLM_judge_clp_chat,home_deliver_three_basic_easy_invlimittwo,episode_00007,plan_average_viability_ratio,0.0
158,adventuregame,NEW_FormatCheckingAgent_LLM_judge_clp_chat,home_deliver_three_basic_easy_invlimittwo,episode_00007,bad_plan_follow_ratio,0.0
159,adventuregame,NEW_FormatCheckingAgent_LLM_judge_clp_chat,home_deliver_three_basic_easy_invlimittwo,episode_00007,bad_plan_dismiss_ratio,1.0
160,adventuregame,NEW_FormatCheckingAgent_LLM_judge_clp_chat,home_deliver_three_basic_easy_invlimittwo,episode_00008,Violated Request Count,0.0
161,adventuregame,NEW_FormatCheckingAgent_LLM_judge_clp_chat,home_deliver_three_basic_easy_invlimittwo,episode_00008,Parsed Request Count,50.0
162,adventuregame,NEW_FormatCheckingAgent_LLM_judge_clp_chat,home_deliver_three_basic_easy_invlimittwo,episode_00008,Request Count,50.0
163,adventuregame,NEW_FormatCheckingAgent_LLM_judge_clp_chat,home_deliver_three_basic_easy_invlimittwo,episode_00008,Request Success Ratio,1.0
164,adventuregame,NEW_FormatCheckingAgent_LLM_judge_clp_chat,home_deliver_three_basic_easy_invlimittwo,episode_00008,hallucination_count,0.0
165,adventuregame,NEW_FormatCheckingAgent_LLM_judge_clp_chat,home_deliver_three_basic_easy_invlimittwo,episode_00008,action_parsing_fail,1.0
166,adventuregame,NEW_FormatCheckingAgent_LLM_judge_clp_chat,home_deliver_three_basic_easy_invlimittwo,episode_00008,action_resolution_fail,39.0
167,adventuregame,NEW_FormatCheckingAgent_LLM_judge_clp_chat,home_deliver_three_basic_easy_invlimittwo,episode_00008,lark_exception,0.0
168,adventuregame,NEW_FormatCheckingAgent_LLM_judge_clp_chat,home_deliver_three_basic_easy_invlimittwo,episode_00008,malformed_command,0.0
169,adventuregame,NEW_FormatCheckingAgent_LLM_judge_clp_chat,home_deliver_three_basic_easy_invlimittwo,episode_00008,undefined_action_verb,0.0
170,adventuregame,NEW_FormatCheckingAgent_LLM_judge_clp_chat,home_deliver_three_basic_easy_invlimittwo,episode_00008,undefined_action,0.0
171,adventuregame,NEW_FormatCheckingAgent_LLM_judge_clp_chat,home_deliver_three_basic_easy_invlimittwo,episode_00008,undefined_repr_str,0.0
172,adventuregame,NEW_FormatCheckingAgent_LLM_judge_clp_chat,home_deliver_three_basic_easy_invlimittwo,episode_00008,manipulating_room,0.0
173,adventuregame,NEW_FormatCheckingAgent_LLM_judge_clp_chat,home_deliver_three_basic_easy_invlimittwo,episode_00008,undefined_argument_type,0.0
174,adventuregame,NEW_FormatCheckingAgent_LLM_judge_clp_chat,home_deliver_three_basic_easy_invlimittwo,episode_00008,taking_from_inventory,0.0
175,adventuregame,NEW_FormatCheckingAgent_LLM_judge_clp_chat,home_deliver_three_basic_easy_invlimittwo,episode_00008,other_room_argument,1.0
176,adventuregame,NEW_FormatCheckingAgent_LLM_judge_clp_chat,home_deliver_three_basic_easy_invlimittwo,episode_00008,domain_trait_type_mismatch,0.0
177,adventuregame,NEW_FormatCheckingAgent_LLM_judge_clp_chat,home_deliver_three_basic_easy_invlimittwo,episode_00008,domain_type_discrepancy,0.0
178,adventuregame,NEW_FormatCheckingAgent_LLM_judge_clp_chat,home_deliver_three_basic_easy_invlimittwo,episode_00008,world_state_discrepancy,0.0
179,adventuregame,NEW_FormatCheckingAgent_LLM_judge_clp_chat,home_deliver_three_basic_easy_invlimittwo,episode_00008,entity_not_accessible,10.0
180,adventuregame,NEW_FormatCheckingAgent_LLM_judge_clp_chat,home_deliver_three_basic_easy_invlimittwo,episode_00008,entity_state_mismatch,26.0
181,adventuregame,NEW_FormatCheckingAgent_LLM_judge_clp_chat,home_deliver_three_basic_easy_invlimittwo,episode_00008,entity_trait_mismatch,0.0
182,adventuregame,NEW_FormatCheckingAgent_LLM_judge_clp_chat,home_deliver_three_basic_easy_invlimittwo,episode_00008,entity_already_inventory,0.0
183,adventuregame,NEW_FormatCheckingAgent_LLM_judge_clp_chat,home_deliver_three_basic_easy_invlimittwo,episode_00008,going_to_current_room,0.0
184,adventuregame,NEW_FormatCheckingAgent_LLM_judge_clp_chat,home_deliver_three_basic_easy_invlimittwo,episode_00008,no_exit_to,1.0
185,adventuregame,NEW_FormatCheckingAgent_LLM_judge_clp_chat,home_deliver_three_basic_easy_invlimittwo,episode_00008,inventory_limit_exceeded,2.0
186,adventuregame,NEW_FormatCheckingAgent_LLM_judge_clp_chat,home_deliver_three_basic_easy_invlimittwo,episode_00008,successful_actions,10.0
187,adventuregame,NEW_FormatCheckingAgent_LLM_judge_clp_chat,home_deliver_three_basic_easy_invlimittwo,episode_00008,turn_limit_loss,1.0
188,adventuregame,NEW_FormatCheckingAgent_LLM_judge_clp_chat,home_deliver_three_basic_easy_invlimittwo,episode_00008,turns_over_par,
189,adventuregame,NEW_FormatCheckingAgent_LLM_judge_clp_chat,home_deliver_three_basic_easy_invlimittwo,episode_00008,turn_ratio,
190,adventuregame,NEW_FormatCheckingAgent_LLM_judge_clp_chat,home_deliver_three_basic_easy_invlimittwo,episode_00008,finish_speed,
191,adventuregame,NEW_FormatCheckingAgent_LLM_judge_clp_chat,home_deliver_three_basic_easy_invlimittwo,episode_00008,achieved_goal_ratio,0.0
192,adventuregame,NEW_FormatCheckingAgent_LLM_judge_clp_chat,home_deliver_three_basic_easy_invlimittwo,episode_00008,Aborted,1.0
193,adventuregame,NEW_FormatCheckingAgent_LLM_judge_clp_chat,home_deliver_three_basic_easy_invlimittwo,episode_00008,Success,0.0
194,adventuregame,NEW_FormatCheckingAgent_LLM_judge_clp_chat,home_deliver_three_basic_easy_invlimittwo,episode_00008,Lose,0.0
195,adventuregame,NEW_FormatCheckingAgent_LLM_judge_clp_chat,home_deliver_three_basic_easy_invlimittwo,episode_00008,Main Score,
196,adventuregame,NEW_FormatCheckingAgent_LLM_judge_clp_chat,home_deliver_three_basic_easy_invlimittwo,episode_00008,plan_followed_ratio,0.0
197,adventuregame,NEW_FormatCheckingAgent_LLM_judge_clp_chat,home_deliver_three_basic_easy_invlimittwo,episode_00008,plan_average_viability_ratio,0.0
198,adventuregame,NEW_FormatCheckingAgent_LLM_judge_clp_chat,home_deliver_three_basic_easy_invlimittwo,episode_00008,bad_plan_follow_ratio,0.0
199,adventuregame,NEW_FormatCheckingAgent_LLM_judge_clp_chat,home_deliver_three_basic_easy_invlimittwo,episode_00008,bad_plan_dismiss_ratio,1.0
200,adventuregame,NEW_FormatCheckingAgent_LLM_judge_clp_chat,home_deliver_three_basic_easy_invlimittwo,episode_00009,Violated Request Count,0.0
201,adventuregame,NEW_FormatCheckingAgent_LLM_judge_clp_chat,home_deliver_three_basic_easy_invlimittwo,episode_00009,Parsed Request Count,11.0
202,adventuregame,NEW_FormatCheckingAgent_LLM_judge_clp_chat,home_deliver_three_basic_easy_invlimittwo,episode_00009,Request Count,11.0
203,adventuregame,NEW_FormatCheckingAgent_LLM_judge_clp_chat,home_deliver_three_basic_easy_invlimittwo,episode_00009,Request Success Ratio,1.0
204,adventuregame,NEW_FormatCheckingAgent_LLM_judge_clp_chat,home_deliver_three_basic_easy_invlimittwo,episode_00009,hallucination_count,0.0
205,adventuregame,NEW_FormatCheckingAgent_LLM_judge_clp_chat,home_deliver_three_basic_easy_invlimittwo,episode_00009,action_parsing_fail,0.0
206,adventuregame,NEW_FormatCheckingAgent_LLM_judge_clp_chat,home_deliver_three_basic_easy_invlimittwo,episode_00009,action_resolution_fail,1.0
207,adventuregame,NEW_FormatCheckingAgent_LLM_judge_clp_chat,home_deliver_three_basic_easy_invlimittwo,episode_00009,lark_exception,0.0
208,adventuregame,NEW_FormatCheckingAgent_LLM_judge_clp_chat,home_deliver_three_basic_easy_invlimittwo,episode_00009,malformed_command,0.0
209,adventuregame,NEW_FormatCheckingAgent_LLM_judge_clp_chat,home_deliver_three_basic_easy_invlimittwo,episode_00009,undefined_action_verb,0.0
210,adventuregame,NEW_FormatCheckingAgent_LLM_judge_clp_chat,home_deliver_three_basic_easy_invlimittwo,episode_00009,undefined_action,0.0
211,adventuregame,NEW_FormatCheckingAgent_LLM_judge_clp_chat,home_deliver_three_basic_easy_invlimittwo,episode_00009,undefined_repr_str,0.0
212,adventuregame,NEW_FormatCheckingAgent_LLM_judge_clp_chat,home_deliver_three_basic_easy_invlimittwo,episode_00009,manipulating_room,0.0
213,adventuregame,NEW_FormatCheckingAgent_LLM_judge_clp_chat,home_deliver_three_basic_easy_invlimittwo,episode_00009,undefined_argument_type,0.0
214,adventuregame,NEW_FormatCheckingAgent_LLM_judge_clp_chat,home_deliver_three_basic_easy_invlimittwo,episode_00009,taking_from_inventory,0.0
215,adventuregame,NEW_FormatCheckingAgent_LLM_judge_clp_chat,home_deliver_three_basic_easy_invlimittwo,episode_00009,other_room_argument,0.0
216,adventuregame,NEW_FormatCheckingAgent_LLM_judge_clp_chat,home_deliver_three_basic_easy_invlimittwo,episode_00009,domain_trait_type_mismatch,0.0
217,adventuregame,NEW_FormatCheckingAgent_LLM_judge_clp_chat,home_deliver_three_basic_easy_invlimittwo,episode_00009,domain_type_discrepancy,0.0
218,adventuregame,NEW_FormatCheckingAgent_LLM_judge_clp_chat,home_deliver_three_basic_easy_invlimittwo,episode_00009,world_state_discrepancy,0.0
219,adventuregame,NEW_FormatCheckingAgent_LLM_judge_clp_chat,home_deliver_three_basic_easy_invlimittwo,episode_00009,entity_not_accessible,1.0
220,adventuregame,NEW_FormatCheckingAgent_LLM_judge_clp_chat,home_deliver_three_basic_easy_invlimittwo,episode_00009,entity_state_mismatch,0.0
221,adventuregame,NEW_FormatCheckingAgent_LLM_judge_clp_chat,home_deliver_three_basic_easy_invlimittwo,episode_00009,entity_trait_mismatch,0.0
222,adventuregame,NEW_FormatCheckingAgent_LLM_judge_clp_chat,home_deliver_three_basic_easy_invlimittwo,episode_00009,entity_already_inventory,0.0
223,adventuregame,NEW_FormatCheckingAgent_LLM_judge_clp_chat,home_deliver_three_basic_easy_invlimittwo,episode_00009,going_to_current_room,0.0
224,adventuregame,NEW_FormatCheckingAgent_LLM_judge_clp_chat,home_deliver_three_basic_easy_invlimittwo,episode_00009,no_exit_to,0.0
225,adventuregame,NEW_FormatCheckingAgent_LLM_judge_clp_chat,home_deliver_three_basic_easy_invlimittwo,episode_00009,inventory_limit_exceeded,0.0
226,adventuregame,NEW_FormatCheckingAgent_LLM_judge_clp_chat,home_deliver_three_basic_easy_invlimittwo,episode_00009,successful_actions,10.0
227,adventuregame,NEW_FormatCheckingAgent_LLM_judge_clp_chat,home_deliver_three_basic_easy_invlimittwo,episode_00009,turn_limit_loss,0.0
228,adventuregame,NEW_FormatCheckingAgent_LLM_judge_clp_chat,home_deliver_three_basic_easy_invlimittwo,episode_00009,turns_over_par,3.0
229,adventuregame,NEW_FormatCheckingAgent_LLM_judge_clp_chat,home_deliver_three_basic_easy_invlimittwo,episode_00009,turn_ratio,0.9285714285714286
230,adventuregame,NEW_FormatCheckingAgent_LLM_judge_clp_chat,home_deliver_three_basic_easy_invlimittwo,episode_00009,finish_speed,0.0714285714285714
231,adventuregame,NEW_FormatCheckingAgent_LLM_judge_clp_chat,home_deliver_three_basic_easy_invlimittwo,episode_00009,achieved_goal_ratio,1.0
232,adventuregame,NEW_FormatCheckingAgent_LLM_judge_clp_chat,home_deliver_three_basic_easy_invlimittwo,episode_00009,Aborted,0.0
233,adventuregame,NEW_FormatCheckingAgent_LLM_judge_clp_chat,home_deliver_three_basic_easy_invlimittwo,episode_00009,Success,1.0
234,adventuregame,NEW_FormatCheckingAgent_LLM_judge_clp_chat,home_deliver_three_basic_easy_invlimittwo,episode_00009,Lose,0.0
235,adventuregame,NEW_FormatCheckingAgent_LLM_judge_clp_chat,home_deliver_three_basic_easy_invlimittwo,episode_00009,Main Score,100.0
236,adventuregame,NEW_FormatCheckingAgent_LLM_judge_clp_chat,home_deliver_three_basic_easy_invlimittwo,episode_00009,plan_followed_ratio,0.0
237,adventuregame,NEW_FormatCheckingAgent_LLM_judge_clp_chat,home_deliver_three_basic_easy_invlimittwo,episode_00009,plan_average_viability_ratio,0.0
238,adventuregame,NEW_FormatCheckingAgent_LLM_judge_clp_chat,home_deliver_three_basic_easy_invlimittwo,episode_00009,bad_plan_follow_ratio,0.0
239,adventuregame,NEW_FormatCheckingAgent_LLM_judge_clp_chat,home_deliver_three_basic_easy_invlimittwo,episode_00009,bad_plan_dismiss_ratio,1.0
240,adventuregame,NEW_FormatCheckingAgent_LLM_judge_clp_chat,home_deliver_three_basic_hard,episode_00013,Violated Request Count,0.0
241,adventuregame,NEW_FormatCheckingAgent_LLM_judge_clp_chat,home_deliver_three_basic_hard,episode_00013,Parsed Request Count,50.0
242,adventuregame,NEW_FormatCheckingAgent_LLM_judge_clp_chat,home_deliver_three_basic_hard,episode_00013,Request Count,50.0
243,adventuregame,NEW_FormatCheckingAgent_LLM_judge_clp_chat,home_deliver_three_basic_hard,episode_00013,Request Success Ratio,1.0
244,adventuregame,NEW_FormatCheckingAgent_LLM_judge_clp_chat,home_deliver_three_basic_hard,episode_00013,hallucination_count,0.0
245,adventuregame,NEW_FormatCheckingAgent_LLM_judge_clp_chat,home_deliver_three_basic_hard,episode_00013,action_parsing_fail,0.0
246,adventuregame,NEW_FormatCheckingAgent_LLM_judge_clp_chat,home_deliver_three_basic_hard,episode_00013,action_resolution_fail,29.0
247,adventuregame,NEW_FormatCheckingAgent_LLM_judge_clp_chat,home_deliver_three_basic_hard,episode_00013,lark_exception,0.0
248,adventuregame,NEW_FormatCheckingAgent_LLM_judge_clp_chat,home_deliver_three_basic_hard,episode_00013,malformed_command,0.0
249,adventuregame,NEW_FormatCheckingAgent_LLM_judge_clp_chat,home_deliver_three_basic_hard,episode_00013,undefined_action_verb,0.0
250,adventuregame,NEW_FormatCheckingAgent_LLM_judge_clp_chat,home_deliver_three_basic_hard,episode_00013,undefined_action,0.0
251,adventuregame,NEW_FormatCheckingAgent_LLM_judge_clp_chat,home_deliver_three_basic_hard,episode_00013,undefined_repr_str,0.0
252,adventuregame,NEW_FormatCheckingAgent_LLM_judge_clp_chat,home_deliver_three_basic_hard,episode_00013,manipulating_room,0.0
253,adventuregame,NEW_FormatCheckingAgent_LLM_judge_clp_chat,home_deliver_three_basic_hard,episode_00013,undefined_argument_type,0.0
254,adventuregame,NEW_FormatCheckingAgent_LLM_judge_clp_chat,home_deliver_three_basic_hard,episode_00013,taking_from_inventory,0.0
255,adventuregame,NEW_FormatCheckingAgent_LLM_judge_clp_chat,home_deliver_three_basic_hard,episode_00013,other_room_argument,0.0
256,adventuregame,NEW_FormatCheckingAgent_LLM_judge_clp_chat,home_deliver_three_basic_hard,episode_00013,domain_trait_type_mismatch,0.0
257,adventuregame,NEW_FormatCheckingAgent_LLM_judge_clp_chat,home_deliver_three_basic_hard,episode_00013,domain_type_discrepancy,0.0
258,adventuregame,NEW_FormatCheckingAgent_LLM_judge_clp_chat,home_deliver_three_basic_hard,episode_00013,world_state_discrepancy,0.0
259,adventuregame,NEW_FormatCheckingAgent_LLM_judge_clp_chat,home_deliver_three_basic_hard,episode_00013,entity_not_accessible,21.0
260,adventuregame,NEW_FormatCheckingAgent_LLM_judge_clp_chat,home_deliver_three_basic_hard,episode_00013,entity_state_mismatch,0.0
261,adventuregame,NEW_FormatCheckingAgent_LLM_judge_clp_chat,home_deliver_three_basic_hard,episode_00013,entity_trait_mismatch,0.0
262,adventuregame,NEW_FormatCheckingAgent_LLM_judge_clp_chat,home_deliver_three_basic_hard,episode_00013,entity_already_inventory,0.0
263,adventuregame,NEW_FormatCheckingAgent_LLM_judge_clp_chat,home_deliver_three_basic_hard,episode_00013,going_to_current_room,0.0
264,adventuregame,NEW_FormatCheckingAgent_LLM_judge_clp_chat,home_deliver_three_basic_hard,episode_00013,no_exit_to,8.0
265,adventuregame,NEW_FormatCheckingAgent_LLM_judge_clp_chat,home_deliver_three_basic_hard,episode_00013,inventory_limit_exceeded,0.0
266,adventuregame,NEW_FormatCheckingAgent_LLM_judge_clp_chat,home_deliver_three_basic_hard,episode_00013,successful_actions,21.0
267,adventuregame,NEW_FormatCheckingAgent_LLM_judge_clp_chat,home_deliver_three_basic_hard,episode_00013,turn_limit_loss,1.0
268,adventuregame,NEW_FormatCheckingAgent_LLM_judge_clp_chat,home_deliver_three_basic_hard,episode_00013,turns_over_par,
269,adventuregame,NEW_FormatCheckingAgent_LLM_judge_clp_chat,home_deliver_three_basic_hard,episode_00013,turn_ratio,
270,adventuregame,NEW_FormatCheckingAgent_LLM_judge_clp_chat,home_deliver_three_basic_hard,episode_00013,finish_speed,
271,adventuregame,NEW_FormatCheckingAgent_LLM_judge_clp_chat,home_deliver_three_basic_hard,episode_00013,achieved_goal_ratio,0.0
272,adventuregame,NEW_FormatCheckingAgent_LLM_judge_clp_chat,home_deliver_three_basic_hard,episode_00013,Aborted,1.0
273,adventuregame,NEW_FormatCheckingAgent_LLM_judge_clp_chat,home_deliver_three_basic_hard,episode_00013,Success,0.0
274,adventuregame,NEW_FormatCheckingAgent_LLM_judge_clp_chat,home_deliver_three_basic_hard,episode_00013,Lose,0.0
275,adventuregame,NEW_FormatCheckingAgent_LLM_judge_clp_chat,home_deliver_three_basic_hard,episode_00013,Main Score,
276,adventuregame,NEW_FormatCheckingAgent_LLM_judge_clp_chat,home_deliver_three_basic_hard,episode_00013,plan_followed_ratio,0.0
277,adventuregame,NEW_FormatCheckingAgent_LLM_judge_clp_chat,home_deliver_three_basic_hard,episode_00013,plan_average_viability_ratio,0.0
278,adventuregame,NEW_FormatCheckingAgent_LLM_judge_clp_chat,home_deliver_three_basic_hard,episode_00013,bad_plan_follow_ratio,0.0
279,adventuregame,NEW_FormatCheckingAgent_LLM_judge_clp_chat,home_deliver_three_basic_hard,episode_00013,bad_plan_dismiss_ratio,1.0
280,adventuregame,NEW_FormatCheckingAgent_LLM_judge_clp_chat,home_deliver_three_basic_hard,episode_00014,Violated Request Count,0.0
281,adventuregame,NEW_FormatCheckingAgent_LLM_judge_clp_chat,home_deliver_three_basic_hard,episode_00014,Parsed Request Count,48.0
282,adventuregame,NEW_FormatCheckingAgent_LLM_judge_clp_chat,home_deliver_three_basic_hard,episode_00014,Request Count,48.0
283,adventuregame,NEW_FormatCheckingAgent_LLM_judge_clp_chat,home_deliver_three_basic_hard,episode_00014,Request Success Ratio,1.0
284,adventuregame,NEW_FormatCheckingAgent_LLM_judge_clp_chat,home_deliver_three_basic_hard,episode_00014,hallucination_count,1.0
285,adventuregame,NEW_FormatCheckingAgent_LLM_judge_clp_chat,home_deliver_three_basic_hard,episode_00014,action_parsing_fail,1.0
286,adventuregame,NEW_FormatCheckingAgent_LLM_judge_clp_chat,home_deliver_three_basic_hard,episode_00014,action_resolution_fail,33.0
287,adventuregame,NEW_FormatCheckingAgent_LLM_judge_clp_chat,home_deliver_three_basic_hard,episode_00014,lark_exception,0.0
288,adventuregame,NEW_FormatCheckingAgent_LLM_judge_clp_chat,home_deliver_three_basic_hard,episode_00014,malformed_command,0.0
289,adventuregame,NEW_FormatCheckingAgent_LLM_judge_clp_chat,home_deliver_three_basic_hard,episode_00014,undefined_action_verb,0.0
290,adventuregame,NEW_FormatCheckingAgent_LLM_judge_clp_chat,home_deliver_three_basic_hard,episode_00014,undefined_action,0.0
291,adventuregame,NEW_FormatCheckingAgent_LLM_judge_clp_chat,home_deliver_three_basic_hard,episode_00014,undefined_repr_str,0.0
292,adventuregame,NEW_FormatCheckingAgent_LLM_judge_clp_chat,home_deliver_three_basic_hard,episode_00014,manipulating_room,0.0
293,adventuregame,NEW_FormatCheckingAgent_LLM_judge_clp_chat,home_deliver_three_basic_hard,episode_00014,undefined_argument_type,0.0
294,adventuregame,NEW_FormatCheckingAgent_LLM_judge_clp_chat,home_deliver_three_basic_hard,episode_00014,taking_from_inventory,0.0
295,adventuregame,NEW_FormatCheckingAgent_LLM_judge_clp_chat,home_deliver_three_basic_hard,episode_00014,other_room_argument,1.0
296,adventuregame,NEW_FormatCheckingAgent_LLM_judge_clp_chat,home_deliver_three_basic_hard,episode_00014,domain_trait_type_mismatch,0.0
297,adventuregame,NEW_FormatCheckingAgent_LLM_judge_clp_chat,home_deliver_three_basic_hard,episode_00014,domain_type_discrepancy,0.0
298,adventuregame,NEW_FormatCheckingAgent_LLM_judge_clp_chat,home_deliver_three_basic_hard,episode_00014,world_state_discrepancy,0.0
299,adventuregame,NEW_FormatCheckingAgent_LLM_judge_clp_chat,home_deliver_three_basic_hard,episode_00014,entity_not_accessible,25.0
300,adventuregame,NEW_FormatCheckingAgent_LLM_judge_clp_chat,home_deliver_three_basic_hard,episode_00014,entity_state_mismatch,6.0
301,adventuregame,NEW_FormatCheckingAgent_LLM_judge_clp_chat,home_deliver_three_basic_hard,episode_00014,entity_trait_mismatch,0.0
302,adventuregame,NEW_FormatCheckingAgent_LLM_judge_clp_chat,home_deliver_three_basic_hard,episode_00014,entity_already_inventory,0.0
303,adventuregame,NEW_FormatCheckingAgent_LLM_judge_clp_chat,home_deliver_three_basic_hard,episode_00014,going_to_current_room,0.0
304,adventuregame,NEW_FormatCheckingAgent_LLM_judge_clp_chat,home_deliver_three_basic_hard,episode_00014,no_exit_to,2.0
305,adventuregame,NEW_FormatCheckingAgent_LLM_judge_clp_chat,home_deliver_three_basic_hard,episode_00014,inventory_limit_exceeded,0.0
306,adventuregame,NEW_FormatCheckingAgent_LLM_judge_clp_chat,home_deliver_three_basic_hard,episode_00014,successful_actions,14.0
307,adventuregame,NEW_FormatCheckingAgent_LLM_judge_clp_chat,home_deliver_three_basic_hard,episode_00014,turn_limit_loss,0.0
308,adventuregame,NEW_FormatCheckingAgent_LLM_judge_clp_chat,home_deliver_three_basic_hard,episode_00014,turns_over_par,
309,adventuregame,NEW_FormatCheckingAgent_LLM_judge_clp_chat,home_deliver_three_basic_hard,episode_00014,turn_ratio,
310,adventuregame,NEW_FormatCheckingAgent_LLM_judge_clp_chat,home_deliver_three_basic_hard,episode_00014,finish_speed,
311,adventuregame,NEW_FormatCheckingAgent_LLM_judge_clp_chat,home_deliver_three_basic_hard,episode_00014,achieved_goal_ratio,0.0
312,adventuregame,NEW_FormatCheckingAgent_LLM_judge_clp_chat,home_deliver_three_basic_hard,episode_00014,Aborted,0.0
313,adventuregame,NEW_FormatCheckingAgent_LLM_judge_clp_chat,home_deliver_three_basic_hard,episode_00014,Success,0.0
314,adventuregame,NEW_FormatCheckingAgent_LLM_judge_clp_chat,home_deliver_three_basic_hard,episode_00014,Lose,1.0
315,adventuregame,NEW_FormatCheckingAgent_LLM_judge_clp_chat,home_deliver_three_basic_hard,episode_00014,Main Score,0.0
316,adventuregame,NEW_FormatCheckingAgent_LLM_judge_clp_chat,home_deliver_three_basic_hard,episode_00014,plan_followed_ratio,0.0
317,adventuregame,NEW_FormatCheckingAgent_LLM_judge_clp_chat,home_deliver_three_basic_hard,episode_00014,plan_average_viability_ratio,0.0
318,adventuregame,NEW_FormatCheckingAgent_LLM_judge_clp_chat,home_deliver_three_basic_hard,episode_00014,bad_plan_follow_ratio,0.0
319,adventuregame,NEW_FormatCheckingAgent_LLM_judge_clp_chat,home_deliver_three_basic_hard,episode_00014,bad_plan_dismiss_ratio,1.0
320,adventuregame,NEW_FormatCheckingAgent_LLM_judge_clp_chat,home_deliver_three_basic_hard,episode_00015,Violated Request Count,0.0
321,adventuregame,NEW_FormatCheckingAgent_LLM_judge_clp_chat,home_deliver_three_basic_hard,episode_00015,Parsed Request Count,50.0
322,adventuregame,NEW_FormatCheckingAgent_LLM_judge_clp_chat,home_deliver_three_basic_hard,episode_00015,Request Count,50.0
323,adventuregame,NEW_FormatCheckingAgent_LLM_judge_clp_chat,home_deliver_three_basic_hard,episode_00015,Request Success Ratio,1.0
324,adventuregame,NEW_FormatCheckingAgent_LLM_judge_clp_chat,home_deliver_three_basic_hard,episode_00015,hallucination_count,0.0
325,adventuregame,NEW_FormatCheckingAgent_LLM_judge_clp_chat,home_deliver_three_basic_hard,episode_00015,action_parsing_fail,0.0
326,adventuregame,NEW_FormatCheckingAgent_LLM_judge_clp_chat,home_deliver_three_basic_hard,episode_00015,action_resolution_fail,41.0
327,adventuregame,NEW_FormatCheckingAgent_LLM_judge_clp_chat,home_deliver_three_basic_hard,episode_00015,lark_exception,0.0
328,adventuregame,NEW_FormatCheckingAgent_LLM_judge_clp_chat,home_deliver_three_basic_hard,episode_00015,malformed_command,0.0
329,adventuregame,NEW_FormatCheckingAgent_LLM_judge_clp_chat,home_deliver_three_basic_hard,episode_00015,undefined_action_verb,0.0
330,adventuregame,NEW_FormatCheckingAgent_LLM_judge_clp_chat,home_deliver_three_basic_hard,episode_00015,undefined_action,0.0
331,adventuregame,NEW_FormatCheckingAgent_LLM_judge_clp_chat,home_deliver_three_basic_hard,episode_00015,undefined_repr_str,0.0
332,adventuregame,NEW_FormatCheckingAgent_LLM_judge_clp_chat,home_deliver_three_basic_hard,episode_00015,manipulating_room,0.0
333,adventuregame,NEW_FormatCheckingAgent_LLM_judge_clp_chat,home_deliver_three_basic_hard,episode_00015,undefined_argument_type,0.0
334,adventuregame,NEW_FormatCheckingAgent_LLM_judge_clp_chat,home_deliver_three_basic_hard,episode_00015,taking_from_inventory,0.0
335,adventuregame,NEW_FormatCheckingAgent_LLM_judge_clp_chat,home_deliver_three_basic_hard,episode_00015,other_room_argument,0.0
336,adventuregame,NEW_FormatCheckingAgent_LLM_judge_clp_chat,home_deliver_three_basic_hard,episode_00015,domain_trait_type_mismatch,0.0
337,adventuregame,NEW_FormatCheckingAgent_LLM_judge_clp_chat,home_deliver_three_basic_hard,episode_00015,domain_type_discrepancy,0.0
338,adventuregame,NEW_FormatCheckingAgent_LLM_judge_clp_chat,home_deliver_three_basic_hard,episode_00015,world_state_discrepancy,0.0
339,adventuregame,NEW_FormatCheckingAgent_LLM_judge_clp_chat,home_deliver_three_basic_hard,episode_00015,entity_not_accessible,1.0
340,adventuregame,NEW_FormatCheckingAgent_LLM_judge_clp_chat,home_deliver_three_basic_hard,episode_00015,entity_state_mismatch,40.0
341,adventuregame,NEW_FormatCheckingAgent_LLM_judge_clp_chat,home_deliver_three_basic_hard,episode_00015,entity_trait_mismatch,0.0
342,adventuregame,NEW_FormatCheckingAgent_LLM_judge_clp_chat,home_deliver_three_basic_hard,episode_00015,entity_already_inventory,0.0
343,adventuregame,NEW_FormatCheckingAgent_LLM_judge_clp_chat,home_deliver_three_basic_hard,episode_00015,going_to_current_room,0.0
344,adventuregame,NEW_FormatCheckingAgent_LLM_judge_clp_chat,home_deliver_three_basic_hard,episode_00015,no_exit_to,0.0
345,adventuregame,NEW_FormatCheckingAgent_LLM_judge_clp_chat,home_deliver_three_basic_hard,episode_00015,inventory_limit_exceeded,0.0
346,adventuregame,NEW_FormatCheckingAgent_LLM_judge_clp_chat,home_deliver_three_basic_hard,episode_00015,successful_actions,9.0
347,adventuregame,NEW_FormatCheckingAgent_LLM_judge_clp_chat,home_deliver_three_basic_hard,episode_00015,turn_limit_loss,1.0
348,adventuregame,NEW_FormatCheckingAgent_LLM_judge_clp_chat,home_deliver_three_basic_hard,episode_00015,turns_over_par,
349,adventuregame,NEW_FormatCheckingAgent_LLM_judge_clp_chat,home_deliver_three_basic_hard,episode_00015,turn_ratio,
350,adventuregame,NEW_FormatCheckingAgent_LLM_judge_clp_chat,home_deliver_three_basic_hard,episode_00015,finish_speed,
351,adventuregame,NEW_FormatCheckingAgent_LLM_judge_clp_chat,home_deliver_three_basic_hard,episode_00015,achieved_goal_ratio,0.0
352,adventuregame,NEW_FormatCheckingAgent_LLM_judge_clp_chat,home_deliver_three_basic_hard,episode_00015,Aborted,1.0
353,adventuregame,NEW_FormatCheckingAgent_LLM_judge_clp_chat,home_deliver_three_basic_hard,episode_00015,Success,0.0
354,adventuregame,NEW_FormatCheckingAgent_LLM_judge_clp_chat,home_deliver_three_basic_hard,episode_00015,Lose,0.0
355,adventuregame,NEW_FormatCheckingAgent_LLM_judge_clp_chat,home_deliver_three_basic_hard,episode_00015,Main Score,
356,adventuregame,NEW_FormatCheckingAgent_LLM_judge_clp_chat,home_deliver_three_basic_hard,episode_00015,plan_followed_ratio,0.0
357,adventuregame,NEW_FormatCheckingAgent_LLM_judge_clp_chat,home_deliver_three_basic_hard,episode_00015,plan_average_viability_ratio,0.0
358,adventuregame,NEW_FormatCheckingAgent_LLM_judge_clp_chat,home_deliver_three_basic_hard,episode_00015,bad_plan_follow_ratio,0.0
359,adventuregame,NEW_FormatCheckingAgent_LLM_judge_clp_chat,home_deliver_three_basic_hard,episode_00015,bad_plan_dismiss_ratio,1.0
360,adventuregame,NEW_FormatCheckingAgent_LLM_judge_clp_chat,home_deliver_three_basic_hard_invlimittwo,episode_00019,Violated Request Count,0.0
361,adventuregame,NEW_FormatCheckingAgent_LLM_judge_clp_chat,home_deliver_three_basic_hard_invlimittwo,episode_00019,Parsed Request Count,50.0
362,adventuregame,NEW_FormatCheckingAgent_LLM_judge_clp_chat,home_deliver_three_basic_hard_invlimittwo,episode_00019,Request Count,50.0
363,adventuregame,NEW_FormatCheckingAgent_LLM_judge_clp_chat,home_deliver_three_basic_hard_invlimittwo,episode_00019,Request Success Ratio,1.0
364,adventuregame,NEW_FormatCheckingAgent_LLM_judge_clp_chat,home_deliver_three_basic_hard_invlimittwo,episode_00019,hallucination_count,0.0
365,adventuregame,NEW_FormatCheckingAgent_LLM_judge_clp_chat,home_deliver_three_basic_hard_invlimittwo,episode_00019,action_parsing_fail,2.0
366,adventuregame,NEW_FormatCheckingAgent_LLM_judge_clp_chat,home_deliver_three_basic_hard_invlimittwo,episode_00019,action_resolution_fail,34.0
367,adventuregame,NEW_FormatCheckingAgent_LLM_judge_clp_chat,home_deliver_three_basic_hard_invlimittwo,episode_00019,lark_exception,0.0
368,adventuregame,NEW_FormatCheckingAgent_LLM_judge_clp_chat,home_deliver_three_basic_hard_invlimittwo,episode_00019,malformed_command,0.0
369,adventuregame,NEW_FormatCheckingAgent_LLM_judge_clp_chat,home_deliver_three_basic_hard_invlimittwo,episode_00019,undefined_action_verb,0.0
370,adventuregame,NEW_FormatCheckingAgent_LLM_judge_clp_chat,home_deliver_three_basic_hard_invlimittwo,episode_00019,undefined_action,0.0
371,adventuregame,NEW_FormatCheckingAgent_LLM_judge_clp_chat,home_deliver_three_basic_hard_invlimittwo,episode_00019,undefined_repr_str,2.0
372,adventuregame,NEW_FormatCheckingAgent_LLM_judge_clp_chat,home_deliver_three_basic_hard_invlimittwo,episode_00019,manipulating_room,0.0
373,adventuregame,NEW_FormatCheckingAgent_LLM_judge_clp_chat,home_deliver_three_basic_hard_invlimittwo,episode_00019,undefined_argument_type,0.0
374,adventuregame,NEW_FormatCheckingAgent_LLM_judge_clp_chat,home_deliver_three_basic_hard_invlimittwo,episode_00019,taking_from_inventory,0.0
375,adventuregame,NEW_FormatCheckingAgent_LLM_judge_clp_chat,home_deliver_three_basic_hard_invlimittwo,episode_00019,other_room_argument,0.0
376,adventuregame,NEW_FormatCheckingAgent_LLM_judge_clp_chat,home_deliver_three_basic_hard_invlimittwo,episode_00019,domain_trait_type_mismatch,0.0
377,adventuregame,NEW_FormatCheckingAgent_LLM_judge_clp_chat,home_deliver_three_basic_hard_invlimittwo,episode_00019,domain_type_discrepancy,0.0
378,adventuregame,NEW_FormatCheckingAgent_LLM_judge_clp_chat,home_deliver_three_basic_hard_invlimittwo,episode_00019,world_state_discrepancy,0.0
379,adventuregame,NEW_FormatCheckingAgent_LLM_judge_clp_chat,home_deliver_three_basic_hard_invlimittwo,episode_00019,entity_not_accessible,3.0
380,adventuregame,NEW_FormatCheckingAgent_LLM_judge_clp_chat,home_deliver_three_basic_hard_invlimittwo,episode_00019,entity_state_mismatch,0.0
381,adventuregame,NEW_FormatCheckingAgent_LLM_judge_clp_chat,home_deliver_three_basic_hard_invlimittwo,episode_00019,entity_trait_mismatch,0.0
382,adventuregame,NEW_FormatCheckingAgent_LLM_judge_clp_chat,home_deliver_three_basic_hard_invlimittwo,episode_00019,entity_already_inventory,1.0
383,adventuregame,NEW_FormatCheckingAgent_LLM_judge_clp_chat,home_deliver_three_basic_hard_invlimittwo,episode_00019,going_to_current_room,0.0
384,adventuregame,NEW_FormatCheckingAgent_LLM_judge_clp_chat,home_deliver_three_basic_hard_invlimittwo,episode_00019,no_exit_to,30.0
385,adventuregame,NEW_FormatCheckingAgent_LLM_judge_clp_chat,home_deliver_three_basic_hard_invlimittwo,episode_00019,inventory_limit_exceeded,0.0
386,adventuregame,NEW_FormatCheckingAgent_LLM_judge_clp_chat,home_deliver_three_basic_hard_invlimittwo,episode_00019,successful_actions,14.0
387,adventuregame,NEW_FormatCheckingAgent_LLM_judge_clp_chat,home_deliver_three_basic_hard_invlimittwo,episode_00019,turn_limit_loss,1.0
388,adventuregame,NEW_FormatCheckingAgent_LLM_judge_clp_chat,home_deliver_three_basic_hard_invlimittwo,episode_00019,turns_over_par,
389,adventuregame,NEW_FormatCheckingAgent_LLM_judge_clp_chat,home_deliver_three_basic_hard_invlimittwo,episode_00019,turn_ratio,
390,adventuregame,NEW_FormatCheckingAgent_LLM_judge_clp_chat,home_deliver_three_basic_hard_invlimittwo,episode_00019,finish_speed,
391,adventuregame,NEW_FormatCheckingAgent_LLM_judge_clp_chat,home_deliver_three_basic_hard_invlimittwo,episode_00019,achieved_goal_ratio,0.0
392,adventuregame,NEW_FormatCheckingAgent_LLM_judge_clp_chat,home_deliver_three_basic_hard_invlimittwo,episode_00019,Aborted,1.0
393,adventuregame,NEW_FormatCheckingAgent_LLM_judge_clp_chat,home_deliver_three_basic_hard_invlimittwo,episode_00019,Success,0.0
394,adventuregame,NEW_FormatCheckingAgent_LLM_judge_clp_chat,home_deliver_three_basic_hard_invlimittwo,episode_00019,Lose,0.0
395,adventuregame,NEW_FormatCheckingAgent_LLM_judge_clp_chat,home_deliver_three_basic_hard_invlimittwo,episode_00019,Main Score,
396,adventuregame,NEW_FormatCheckingAgent_LLM_judge_clp_chat,home_deliver_three_basic_hard_invlimittwo,episode_00019,plan_followed_ratio,0.0
397,adventuregame,NEW_FormatCheckingAgent_LLM_judge_clp_chat,home_deliver_three_basic_hard_invlimittwo,episode_00019,plan_average_viability_ratio,0.0
398,adventuregame,NEW_FormatCheckingAgent_LLM_judge_clp_chat,home_deliver_three_basic_hard_invlimittwo,episode_00019,bad_plan_follow_ratio,0.0
399,adventuregame,NEW_FormatCheckingAgent_LLM_judge_clp_chat,home_deliver_three_basic_hard_invlimittwo,episode_00019,bad_plan_dismiss_ratio,1.0
400,adventuregame,NEW_FormatCheckingAgent_LLM_judge_clp_chat,home_deliver_three_basic_hard_invlimittwo,episode_00020,Violated Request Count,0.0
401,adventuregame,NEW_FormatCheckingAgent_LLM_judge_clp_chat,home_deliver_three_basic_hard_invlimittwo,episode_00020,Parsed Request Count,50.0
402,adventuregame,NEW_FormatCheckingAgent_LLM_judge_clp_chat,home_deliver_three_basic_hard_invlimittwo,episode_00020,Request Count,50.0
403,adventuregame,NEW_FormatCheckingAgent_LLM_judge_clp_chat,home_deliver_three_basic_hard_invlimittwo,episode_00020,Request Success Ratio,1.0
404,adventuregame,NEW_FormatCheckingAgent_LLM_judge_clp_chat,home_deliver_three_basic_hard_invlimittwo,episode_00020,hallucination_count,0.0
405,adventuregame,NEW_FormatCheckingAgent_LLM_judge_clp_chat,home_deliver_three_basic_hard_invlimittwo,episode_00020,action_parsing_fail,1.0
406,adventuregame,NEW_FormatCheckingAgent_LLM_judge_clp_chat,home_deliver_three_basic_hard_invlimittwo,episode_00020,action_resolution_fail,38.0
407,adventuregame,NEW_FormatCheckingAgent_LLM_judge_clp_chat,home_deliver_three_basic_hard_invlimittwo,episode_00020,lark_exception,0.0
408,adventuregame,NEW_FormatCheckingAgent_LLM_judge_clp_chat,home_deliver_three_basic_hard_invlimittwo,episode_00020,malformed_command,0.0
409,adventuregame,NEW_FormatCheckingAgent_LLM_judge_clp_chat,home_deliver_three_basic_hard_invlimittwo,episode_00020,undefined_action_verb,0.0
410,adventuregame,NEW_FormatCheckingAgent_LLM_judge_clp_chat,home_deliver_three_basic_hard_invlimittwo,episode_00020,undefined_action,0.0
411,adventuregame,NEW_FormatCheckingAgent_LLM_judge_clp_chat,home_deliver_three_basic_hard_invlimittwo,episode_00020,undefined_repr_str,0.0
412,adventuregame,NEW_FormatCheckingAgent_LLM_judge_clp_chat,home_deliver_three_basic_hard_invlimittwo,episode_00020,manipulating_room,0.0
413,adventuregame,NEW_FormatCheckingAgent_LLM_judge_clp_chat,home_deliver_three_basic_hard_invlimittwo,episode_00020,undefined_argument_type,0.0
414,adventuregame,NEW_FormatCheckingAgent_LLM_judge_clp_chat,home_deliver_three_basic_hard_invlimittwo,episode_00020,taking_from_inventory,0.0
415,adventuregame,NEW_FormatCheckingAgent_LLM_judge_clp_chat,home_deliver_three_basic_hard_invlimittwo,episode_00020,other_room_argument,1.0
416,adventuregame,NEW_FormatCheckingAgent_LLM_judge_clp_chat,home_deliver_three_basic_hard_invlimittwo,episode_00020,domain_trait_type_mismatch,0.0
417,adventuregame,NEW_FormatCheckingAgent_LLM_judge_clp_chat,home_deliver_three_basic_hard_invlimittwo,episode_00020,domain_type_discrepancy,0.0
418,adventuregame,NEW_FormatCheckingAgent_LLM_judge_clp_chat,home_deliver_three_basic_hard_invlimittwo,episode_00020,world_state_discrepancy,0.0
419,adventuregame,NEW_FormatCheckingAgent_LLM_judge_clp_chat,home_deliver_three_basic_hard_invlimittwo,episode_00020,entity_not_accessible,0.0
420,adventuregame,NEW_FormatCheckingAgent_LLM_judge_clp_chat,home_deliver_three_basic_hard_invlimittwo,episode_00020,entity_state_mismatch,18.0
421,adventuregame,NEW_FormatCheckingAgent_LLM_judge_clp_chat,home_deliver_three_basic_hard_invlimittwo,episode_00020,entity_trait_mismatch,0.0
422,adventuregame,NEW_FormatCheckingAgent_LLM_judge_clp_chat,home_deliver_three_basic_hard_invlimittwo,episode_00020,entity_already_inventory,0.0
423,adventuregame,NEW_FormatCheckingAgent_LLM_judge_clp_chat,home_deliver_three_basic_hard_invlimittwo,episode_00020,going_to_current_room,0.0
424,adventuregame,NEW_FormatCheckingAgent_LLM_judge_clp_chat,home_deliver_three_basic_hard_invlimittwo,episode_00020,no_exit_to,0.0
425,adventuregame,NEW_FormatCheckingAgent_LLM_judge_clp_chat,home_deliver_three_basic_hard_invlimittwo,episode_00020,inventory_limit_exceeded,20.0
426,adventuregame,NEW_FormatCheckingAgent_LLM_judge_clp_chat,home_deliver_three_basic_hard_invlimittwo,episode_00020,successful_actions,11.0
427,adventuregame,NEW_FormatCheckingAgent_LLM_judge_clp_chat,home_deliver_three_basic_hard_invlimittwo,episode_00020,turn_limit_loss,1.0
428,adventuregame,NEW_FormatCheckingAgent_LLM_judge_clp_chat,home_deliver_three_basic_hard_invlimittwo,episode_00020,turns_over_par,
429,adventuregame,NEW_FormatCheckingAgent_LLM_judge_clp_chat,home_deliver_three_basic_hard_invlimittwo,episode_00020,turn_ratio,
430,adventuregame,NEW_FormatCheckingAgent_LLM_judge_clp_chat,home_deliver_three_basic_hard_invlimittwo,episode_00020,finish_speed,
431,adventuregame,NEW_FormatCheckingAgent_LLM_judge_clp_chat,home_deliver_three_basic_hard_invlimittwo,episode_00020,achieved_goal_ratio,0.0
432,adventuregame,NEW_FormatCheckingAgent_LLM_judge_clp_chat,home_deliver_three_basic_hard_invlimittwo,episode_00020,Aborted,1.0
433,adventuregame,NEW_FormatCheckingAgent_LLM_judge_clp_chat,home_deliver_three_basic_hard_invlimittwo,episode_00020,Success,0.0
434,adventuregame,NEW_FormatCheckingAgent_LLM_judge_clp_chat,home_deliver_three_basic_hard_invlimittwo,episode_00020,Lose,0.0
435,adventuregame,NEW_FormatCheckingAgent_LLM_judge_clp_chat,home_deliver_three_basic_hard_invlimittwo,episode_00020,Main Score,
436,adventuregame,NEW_FormatCheckingAgent_LLM_judge_clp_chat,home_deliver_three_basic_hard_invlimittwo,episode_00020,plan_followed_ratio,0.0
437,adventuregame,NEW_FormatCheckingAgent_LLM_judge_clp_chat,home_deliver_three_basic_hard_invlimittwo,episode_00020,plan_average_viability_ratio,0.0
438,adventuregame,NEW_FormatCheckingAgent_LLM_judge_clp_chat,home_deliver_three_basic_hard_invlimittwo,episode_00020,bad_plan_follow_ratio,0.0
439,adventuregame,NEW_FormatCheckingAgent_LLM_judge_clp_chat,home_deliver_three_basic_hard_invlimittwo,episode_00020,bad_plan_dismiss_ratio,1.0
440,adventuregame,NEW_FormatCheckingAgent_LLM_judge_clp_chat,home_deliver_three_basic_hard_invlimittwo,episode_00021,Violated Request Count,0.0
441,adventuregame,NEW_FormatCheckingAgent_LLM_judge_clp_chat,home_deliver_three_basic_hard_invlimittwo,episode_00021,Parsed Request Count,17.0
442,adventuregame,NEW_FormatCheckingAgent_LLM_judge_clp_chat,home_deliver_three_basic_hard_invlimittwo,episode_00021,Request Count,17.0
443,adventuregame,NEW_FormatCheckingAgent_LLM_judge_clp_chat,home_deliver_three_basic_hard_invlimittwo,episode_00021,Request Success Ratio,1.0
444,adventuregame,NEW_FormatCheckingAgent_LLM_judge_clp_chat,home_deliver_three_basic_hard_invlimittwo,episode_00021,hallucination_count,1.0
445,adventuregame,NEW_FormatCheckingAgent_LLM_judge_clp_chat,home_deliver_three_basic_hard_invlimittwo,episode_00021,action_parsing_fail,2.0
446,adventuregame,NEW_FormatCheckingAgent_LLM_judge_clp_chat,home_deliver_three_basic_hard_invlimittwo,episode_00021,action_resolution_fail,5.0
447,adventuregame,NEW_FormatCheckingAgent_LLM_judge_clp_chat,home_deliver_three_basic_hard_invlimittwo,episode_00021,lark_exception,0.0
448,adventuregame,NEW_FormatCheckingAgent_LLM_judge_clp_chat,home_deliver_three_basic_hard_invlimittwo,episode_00021,malformed_command,0.0
449,adventuregame,NEW_FormatCheckingAgent_LLM_judge_clp_chat,home_deliver_three_basic_hard_invlimittwo,episode_00021,undefined_action_verb,0.0
450,adventuregame,NEW_FormatCheckingAgent_LLM_judge_clp_chat,home_deliver_three_basic_hard_invlimittwo,episode_00021,undefined_action,0.0
451,adventuregame,NEW_FormatCheckingAgent_LLM_judge_clp_chat,home_deliver_three_basic_hard_invlimittwo,episode_00021,undefined_repr_str,2.0
452,adventuregame,NEW_FormatCheckingAgent_LLM_judge_clp_chat,home_deliver_three_basic_hard_invlimittwo,episode_00021,manipulating_room,0.0
453,adventuregame,NEW_FormatCheckingAgent_LLM_judge_clp_chat,home_deliver_three_basic_hard_invlimittwo,episode_00021,undefined_argument_type,0.0
454,adventuregame,NEW_FormatCheckingAgent_LLM_judge_clp_chat,home_deliver_three_basic_hard_invlimittwo,episode_00021,taking_from_inventory,0.0
455,adventuregame,NEW_FormatCheckingAgent_LLM_judge_clp_chat,home_deliver_three_basic_hard_invlimittwo,episode_00021,other_room_argument,0.0
456,adventuregame,NEW_FormatCheckingAgent_LLM_judge_clp_chat,home_deliver_three_basic_hard_invlimittwo,episode_00021,domain_trait_type_mismatch,0.0
457,adventuregame,NEW_FormatCheckingAgent_LLM_judge_clp_chat,home_deliver_three_basic_hard_invlimittwo,episode_00021,domain_type_discrepancy,0.0
458,adventuregame,NEW_FormatCheckingAgent_LLM_judge_clp_chat,home_deliver_three_basic_hard_invlimittwo,episode_00021,world_state_discrepancy,0.0
459,adventuregame,NEW_FormatCheckingAgent_LLM_judge_clp_chat,home_deliver_three_basic_hard_invlimittwo,episode_00021,entity_not_accessible,1.0
460,adventuregame,NEW_FormatCheckingAgent_LLM_judge_clp_chat,home_deliver_three_basic_hard_invlimittwo,episode_00021,entity_state_mismatch,2.0
461,adventuregame,NEW_FormatCheckingAgent_LLM_judge_clp_chat,home_deliver_three_basic_hard_invlimittwo,episode_00021,entity_trait_mismatch,0.0
462,adventuregame,NEW_FormatCheckingAgent_LLM_judge_clp_chat,home_deliver_three_basic_hard_invlimittwo,episode_00021,entity_already_inventory,0.0
463,adventuregame,NEW_FormatCheckingAgent_LLM_judge_clp_chat,home_deliver_three_basic_hard_invlimittwo,episode_00021,going_to_current_room,0.0
464,adventuregame,NEW_FormatCheckingAgent_LLM_judge_clp_chat,home_deliver_three_basic_hard_invlimittwo,episode_00021,no_exit_to,0.0
465,adventuregame,NEW_FormatCheckingAgent_LLM_judge_clp_chat,home_deliver_three_basic_hard_invlimittwo,episode_00021,inventory_limit_exceeded,2.0
466,adventuregame,NEW_FormatCheckingAgent_LLM_judge_clp_chat,home_deliver_three_basic_hard_invlimittwo,episode_00021,successful_actions,10.0
467,adventuregame,NEW_FormatCheckingAgent_LLM_judge_clp_chat,home_deliver_three_basic_hard_invlimittwo,episode_00021,turn_limit_loss,0.0
468,adventuregame,NEW_FormatCheckingAgent_LLM_judge_clp_chat,home_deliver_three_basic_hard_invlimittwo,episode_00021,turns_over_par,
469,adventuregame,NEW_FormatCheckingAgent_LLM_judge_clp_chat,home_deliver_three_basic_hard_invlimittwo,episode_00021,turn_ratio,
470,adventuregame,NEW_FormatCheckingAgent_LLM_judge_clp_chat,home_deliver_three_basic_hard_invlimittwo,episode_00021,finish_speed,
471,adventuregame,NEW_FormatCheckingAgent_LLM_judge_clp_chat,home_deliver_three_basic_hard_invlimittwo,episode_00021,achieved_goal_ratio,0.0
472,adventuregame,NEW_FormatCheckingAgent_LLM_judge_clp_chat,home_deliver_three_basic_hard_invlimittwo,episode_00021,Aborted,0.0
473,adventuregame,NEW_FormatCheckingAgent_LLM_judge_clp_chat,home_deliver_three_basic_hard_invlimittwo,episode_00021,Success,0.0
474,adventuregame,NEW_FormatCheckingAgent_LLM_judge_clp_chat,home_deliver_three_basic_hard_invlimittwo,episode_00021,Lose,1.0
475,adventuregame,NEW_FormatCheckingAgent_LLM_judge_clp_chat,home_deliver_three_basic_hard_invlimittwo,episode_00021,Main Score,0.0
476,adventuregame,NEW_FormatCheckingAgent_LLM_judge_clp_chat,home_deliver_three_basic_hard_invlimittwo,episode_00021,plan_followed_ratio,0.0
477,adventuregame,NEW_FormatCheckingAgent_LLM_judge_clp_chat,home_deliver_three_basic_hard_invlimittwo,episode_00021,plan_average_viability_ratio,0.0
478,adventuregame,NEW_FormatCheckingAgent_LLM_judge_clp_chat,home_deliver_three_basic_hard_invlimittwo,episode_00021,bad_plan_follow_ratio,0.0
479,adventuregame,NEW_FormatCheckingAgent_LLM_judge_clp_chat,home_deliver_three_basic_hard_invlimittwo,episode_00021,bad_plan_dismiss_ratio,1.0
480,adventuregame,NEW_FormatCheckingAgent_LLM_judge_clp_chat,home_deliver_three_planning_easy,episode_00004,Violated Request Count,0.0
481,adventuregame,NEW_FormatCheckingAgent_LLM_judge_clp_chat,home_deliver_three_planning_easy,episode_00004,Parsed Request Count,50.0
482,adventuregame,NEW_FormatCheckingAgent_LLM_judge_clp_chat,home_deliver_three_planning_easy,episode_00004,Request Count,50.0
483,adventuregame,NEW_FormatCheckingAgent_LLM_judge_clp_chat,home_deliver_three_planning_easy,episode_00004,Request Success Ratio,1.0
484,adventuregame,NEW_FormatCheckingAgent_LLM_judge_clp_chat,home_deliver_three_planning_easy,episode_00004,hallucination_count,0.0
485,adventuregame,NEW_FormatCheckingAgent_LLM_judge_clp_chat,home_deliver_three_planning_easy,episode_00004,action_parsing_fail,0.0
486,adventuregame,NEW_FormatCheckingAgent_LLM_judge_clp_chat,home_deliver_three_planning_easy,episode_00004,action_resolution_fail,38.0
487,adventuregame,NEW_FormatCheckingAgent_LLM_judge_clp_chat,home_deliver_three_planning_easy,episode_00004,lark_exception,0.0
488,adventuregame,NEW_FormatCheckingAgent_LLM_judge_clp_chat,home_deliver_three_planning_easy,episode_00004,malformed_command,0.0
489,adventuregame,NEW_FormatCheckingAgent_LLM_judge_clp_chat,home_deliver_three_planning_easy,episode_00004,undefined_action_verb,0.0
490,adventuregame,NEW_FormatCheckingAgent_LLM_judge_clp_chat,home_deliver_three_planning_easy,episode_00004,undefined_action,0.0
491,adventuregame,NEW_FormatCheckingAgent_LLM_judge_clp_chat,home_deliver_three_planning_easy,episode_00004,undefined_repr_str,0.0
492,adventuregame,NEW_FormatCheckingAgent_LLM_judge_clp_chat,home_deliver_three_planning_easy,episode_00004,manipulating_room,0.0
493,adventuregame,NEW_FormatCheckingAgent_LLM_judge_clp_chat,home_deliver_three_planning_easy,episode_00004,undefined_argument_type,0.0
494,adventuregame,NEW_FormatCheckingAgent_LLM_judge_clp_chat,home_deliver_three_planning_easy,episode_00004,taking_from_inventory,0.0
495,adventuregame,NEW_FormatCheckingAgent_LLM_judge_clp_chat,home_deliver_three_planning_easy,episode_00004,other_room_argument,0.0
496,adventuregame,NEW_FormatCheckingAgent_LLM_judge_clp_chat,home_deliver_three_planning_easy,episode_00004,domain_trait_type_mismatch,0.0
497,adventuregame,NEW_FormatCheckingAgent_LLM_judge_clp_chat,home_deliver_three_planning_easy,episode_00004,domain_type_discrepancy,0.0
498,adventuregame,NEW_FormatCheckingAgent_LLM_judge_clp_chat,home_deliver_three_planning_easy,episode_00004,world_state_discrepancy,0.0
499,adventuregame,NEW_FormatCheckingAgent_LLM_judge_clp_chat,home_deliver_three_planning_easy,episode_00004,entity_not_accessible,5.0
500,adventuregame,NEW_FormatCheckingAgent_LLM_judge_clp_chat,home_deliver_three_planning_easy,episode_00004,entity_state_mismatch,0.0
501,adventuregame,NEW_FormatCheckingAgent_LLM_judge_clp_chat,home_deliver_three_planning_easy,episode_00004,entity_trait_mismatch,0.0
502,adventuregame,NEW_FormatCheckingAgent_LLM_judge_clp_chat,home_deliver_three_planning_easy,episode_00004,entity_already_inventory,0.0
503,adventuregame,NEW_FormatCheckingAgent_LLM_judge_clp_chat,home_deliver_three_planning_easy,episode_00004,going_to_current_room,0.0
504,adventuregame,NEW_FormatCheckingAgent_LLM_judge_clp_chat,home_deliver_three_planning_easy,episode_00004,no_exit_to,33.0
505,adventuregame,NEW_FormatCheckingAgent_LLM_judge_clp_chat,home_deliver_three_planning_easy,episode_00004,inventory_limit_exceeded,0.0
506,adventuregame,NEW_FormatCheckingAgent_LLM_judge_clp_chat,home_deliver_three_planning_easy,episode_00004,successful_actions,12.0
507,adventuregame,NEW_FormatCheckingAgent_LLM_judge_clp_chat,home_deliver_three_planning_easy,episode_00004,turn_limit_loss,1.0
508,adventuregame,NEW_FormatCheckingAgent_LLM_judge_clp_chat,home_deliver_three_planning_easy,episode_00004,turns_over_par,
509,adventuregame,NEW_FormatCheckingAgent_LLM_judge_clp_chat,home_deliver_three_planning_easy,episode_00004,turn_ratio,
510,adventuregame,NEW_FormatCheckingAgent_LLM_judge_clp_chat,home_deliver_three_planning_easy,episode_00004,finish_speed,
511,adventuregame,NEW_FormatCheckingAgent_LLM_judge_clp_chat,home_deliver_three_planning_easy,episode_00004,achieved_goal_ratio,0.0
512,adventuregame,NEW_FormatCheckingAgent_LLM_judge_clp_chat,home_deliver_three_planning_easy,episode_00004,Aborted,1.0
513,adventuregame,NEW_FormatCheckingAgent_LLM_judge_clp_chat,home_deliver_three_planning_easy,episode_00004,Success,0.0
514,adventuregame,NEW_FormatCheckingAgent_LLM_judge_clp_chat,home_deliver_three_planning_easy,episode_00004,Lose,0.0
515,adventuregame,NEW_FormatCheckingAgent_LLM_judge_clp_chat,home_deliver_three_planning_easy,episode_00004,Main Score,
516,adventuregame,NEW_FormatCheckingAgent_LLM_judge_clp_chat,home_deliver_three_planning_easy,episode_00004,plan_followed_ratio,0.12
517,adventuregame,NEW_FormatCheckingAgent_LLM_judge_clp_chat,home_deliver_three_planning_easy,episode_00004,plan_average_viability_ratio,0.02119047619047619
518,adventuregame,NEW_FormatCheckingAgent_LLM_judge_clp_chat,home_deliver_three_planning_easy,episode_00004,bad_plan_follow_ratio,0.04
519,adventuregame,NEW_FormatCheckingAgent_LLM_judge_clp_chat,home_deliver_three_planning_easy,episode_00004,bad_plan_dismiss_ratio,0.96
520,adventuregame,NEW_FormatCheckingAgent_LLM_judge_clp_chat,home_deliver_three_planning_easy,episode_00005,Violated Request Count,0.0
521,adventuregame,NEW_FormatCheckingAgent_LLM_judge_clp_chat,home_deliver_three_planning_easy,episode_00005,Parsed Request Count,50.0
522,adventuregame,NEW_FormatCheckingAgent_LLM_judge_clp_chat,home_deliver_three_planning_easy,episode_00005,Request Count,50.0
523,adventuregame,NEW_FormatCheckingAgent_LLM_judge_clp_chat,home_deliver_three_planning_easy,episode_00005,Request Success Ratio,1.0
524,adventuregame,NEW_FormatCheckingAgent_LLM_judge_clp_chat,home_deliver_three_planning_easy,episode_00005,hallucination_count,0.0
525,adventuregame,NEW_FormatCheckingAgent_LLM_judge_clp_chat,home_deliver_three_planning_easy,episode_00005,action_parsing_fail,0.0
526,adventuregame,NEW_FormatCheckingAgent_LLM_judge_clp_chat,home_deliver_three_planning_easy,episode_00005,action_resolution_fail,26.0
527,adventuregame,NEW_FormatCheckingAgent_LLM_judge_clp_chat,home_deliver_three_planning_easy,episode_00005,lark_exception,0.0
528,adventuregame,NEW_FormatCheckingAgent_LLM_judge_clp_chat,home_deliver_three_planning_easy,episode_00005,malformed_command,0.0
529,adventuregame,NEW_FormatCheckingAgent_LLM_judge_clp_chat,home_deliver_three_planning_easy,episode_00005,undefined_action_verb,0.0
530,adventuregame,NEW_FormatCheckingAgent_LLM_judge_clp_chat,home_deliver_three_planning_easy,episode_00005,undefined_action,0.0
531,adventuregame,NEW_FormatCheckingAgent_LLM_judge_clp_chat,home_deliver_three_planning_easy,episode_00005,undefined_repr_str,0.0
532,adventuregame,NEW_FormatCheckingAgent_LLM_judge_clp_chat,home_deliver_three_planning_easy,episode_00005,manipulating_room,0.0
533,adventuregame,NEW_FormatCheckingAgent_LLM_judge_clp_chat,home_deliver_three_planning_easy,episode_00005,undefined_argument_type,0.0
534,adventuregame,NEW_FormatCheckingAgent_LLM_judge_clp_chat,home_deliver_three_planning_easy,episode_00005,taking_from_inventory,0.0
535,adventuregame,NEW_FormatCheckingAgent_LLM_judge_clp_chat,home_deliver_three_planning_easy,episode_00005,other_room_argument,0.0
536,adventuregame,NEW_FormatCheckingAgent_LLM_judge_clp_chat,home_deliver_three_planning_easy,episode_00005,domain_trait_type_mismatch,0.0
537,adventuregame,NEW_FormatCheckingAgent_LLM_judge_clp_chat,home_deliver_three_planning_easy,episode_00005,domain_type_discrepancy,0.0
538,adventuregame,NEW_FormatCheckingAgent_LLM_judge_clp_chat,home_deliver_three_planning_easy,episode_00005,world_state_discrepancy,0.0
539,adventuregame,NEW_FormatCheckingAgent_LLM_judge_clp_chat,home_deliver_three_planning_easy,episode_00005,entity_not_accessible,2.0
540,adventuregame,NEW_FormatCheckingAgent_LLM_judge_clp_chat,home_deliver_three_planning_easy,episode_00005,entity_state_mismatch,21.0
541,adventuregame,NEW_FormatCheckingAgent_LLM_judge_clp_chat,home_deliver_three_planning_easy,episode_00005,entity_trait_mismatch,0.0
542,adventuregame,NEW_FormatCheckingAgent_LLM_judge_clp_chat,home_deliver_three_planning_easy,episode_00005,entity_already_inventory,0.0
543,adventuregame,NEW_FormatCheckingAgent_LLM_judge_clp_chat,home_deliver_three_planning_easy,episode_00005,going_to_current_room,0.0
544,adventuregame,NEW_FormatCheckingAgent_LLM_judge_clp_chat,home_deliver_three_planning_easy,episode_00005,no_exit_to,3.0
545,adventuregame,NEW_FormatCheckingAgent_LLM_judge_clp_chat,home_deliver_three_planning_easy,episode_00005,inventory_limit_exceeded,0.0
546,adventuregame,NEW_FormatCheckingAgent_LLM_judge_clp_chat,home_deliver_three_planning_easy,episode_00005,successful_actions,24.0
547,adventuregame,NEW_FormatCheckingAgent_LLM_judge_clp_chat,home_deliver_three_planning_easy,episode_00005,turn_limit_loss,1.0
548,adventuregame,NEW_FormatCheckingAgent_LLM_judge_clp_chat,home_deliver_three_planning_easy,episode_00005,turns_over_par,
549,adventuregame,NEW_FormatCheckingAgent_LLM_judge_clp_chat,home_deliver_three_planning_easy,episode_00005,turn_ratio,
550,adventuregame,NEW_FormatCheckingAgent_LLM_judge_clp_chat,home_deliver_three_planning_easy,episode_00005,finish_speed,
551,adventuregame,NEW_FormatCheckingAgent_LLM_judge_clp_chat,home_deliver_three_planning_easy,episode_00005,achieved_goal_ratio,0.0
552,adventuregame,NEW_FormatCheckingAgent_LLM_judge_clp_chat,home_deliver_three_planning_easy,episode_00005,Aborted,1.0
553,adventuregame,NEW_FormatCheckingAgent_LLM_judge_clp_chat,home_deliver_three_planning_easy,episode_00005,Success,0.0
554,adventuregame,NEW_FormatCheckingAgent_LLM_judge_clp_chat,home_deliver_three_planning_easy,episode_00005,Lose,0.0
555,adventuregame,NEW_FormatCheckingAgent_LLM_judge_clp_chat,home_deliver_three_planning_easy,episode_00005,Main Score,
556,adventuregame,NEW_FormatCheckingAgent_LLM_judge_clp_chat,home_deliver_three_planning_easy,episode_00005,plan_followed_ratio,0.12
557,adventuregame,NEW_FormatCheckingAgent_LLM_judge_clp_chat,home_deliver_three_planning_easy,episode_00005,plan_average_viability_ratio,0.05959595959595959
558,adventuregame,NEW_FormatCheckingAgent_LLM_judge_clp_chat,home_deliver_three_planning_easy,episode_00005,bad_plan_follow_ratio,0.02
559,adventuregame,NEW_FormatCheckingAgent_LLM_judge_clp_chat,home_deliver_three_planning_easy,episode_00005,bad_plan_dismiss_ratio,0.98
560,adventuregame,NEW_FormatCheckingAgent_LLM_judge_clp_chat,home_deliver_three_planning_easy,episode_00006,Violated Request Count,0.0
561,adventuregame,NEW_FormatCheckingAgent_LLM_judge_clp_chat,home_deliver_three_planning_easy,episode_00006,Parsed Request Count,50.0
562,adventuregame,NEW_FormatCheckingAgent_LLM_judge_clp_chat,home_deliver_three_planning_easy,episode_00006,Request Count,50.0
563,adventuregame,NEW_FormatCheckingAgent_LLM_judge_clp_chat,home_deliver_three_planning_easy,episode_00006,Request Success Ratio,1.0
564,adventuregame,NEW_FormatCheckingAgent_LLM_judge_clp_chat,home_deliver_three_planning_easy,episode_00006,hallucination_count,0.0
565,adventuregame,NEW_FormatCheckingAgent_LLM_judge_clp_chat,home_deliver_three_planning_easy,episode_00006,action_parsing_fail,0.0
566,adventuregame,NEW_FormatCheckingAgent_LLM_judge_clp_chat,home_deliver_three_planning_easy,episode_00006,action_resolution_fail,47.0
567,adventuregame,NEW_FormatCheckingAgent_LLM_judge_clp_chat,home_deliver_three_planning_easy,episode_00006,lark_exception,0.0
568,adventuregame,NEW_FormatCheckingAgent_LLM_judge_clp_chat,home_deliver_three_planning_easy,episode_00006,malformed_command,0.0
569,adventuregame,NEW_FormatCheckingAgent_LLM_judge_clp_chat,home_deliver_three_planning_easy,episode_00006,undefined_action_verb,0.0
570,adventuregame,NEW_FormatCheckingAgent_LLM_judge_clp_chat,home_deliver_three_planning_easy,episode_00006,undefined_action,0.0
571,adventuregame,NEW_FormatCheckingAgent_LLM_judge_clp_chat,home_deliver_three_planning_easy,episode_00006,undefined_repr_str,0.0
572,adventuregame,NEW_FormatCheckingAgent_LLM_judge_clp_chat,home_deliver_three_planning_easy,episode_00006,manipulating_room,0.0
573,adventuregame,NEW_FormatCheckingAgent_LLM_judge_clp_chat,home_deliver_three_planning_easy,episode_00006,undefined_argument_type,0.0
574,adventuregame,NEW_FormatCheckingAgent_LLM_judge_clp_chat,home_deliver_three_planning_easy,episode_00006,taking_from_inventory,0.0
575,adventuregame,NEW_FormatCheckingAgent_LLM_judge_clp_chat,home_deliver_three_planning_easy,episode_00006,other_room_argument,0.0
576,adventuregame,NEW_FormatCheckingAgent_LLM_judge_clp_chat,home_deliver_three_planning_easy,episode_00006,domain_trait_type_mismatch,0.0
577,adventuregame,NEW_FormatCheckingAgent_LLM_judge_clp_chat,home_deliver_three_planning_easy,episode_00006,domain_type_discrepancy,0.0
578,adventuregame,NEW_FormatCheckingAgent_LLM_judge_clp_chat,home_deliver_three_planning_easy,episode_00006,world_state_discrepancy,0.0
579,adventuregame,NEW_FormatCheckingAgent_LLM_judge_clp_chat,home_deliver_three_planning_easy,episode_00006,entity_not_accessible,1.0
580,adventuregame,NEW_FormatCheckingAgent_LLM_judge_clp_chat,home_deliver_three_planning_easy,episode_00006,entity_state_mismatch,46.0
581,adventuregame,NEW_FormatCheckingAgent_LLM_judge_clp_chat,home_deliver_three_planning_easy,episode_00006,entity_trait_mismatch,0.0
582,adventuregame,NEW_FormatCheckingAgent_LLM_judge_clp_chat,home_deliver_three_planning_easy,episode_00006,entity_already_inventory,0.0
583,adventuregame,NEW_FormatCheckingAgent_LLM_judge_clp_chat,home_deliver_three_planning_easy,episode_00006,going_to_current_room,0.0
584,adventuregame,NEW_FormatCheckingAgent_LLM_judge_clp_chat,home_deliver_three_planning_easy,episode_00006,no_exit_to,0.0
585,adventuregame,NEW_FormatCheckingAgent_LLM_judge_clp_chat,home_deliver_three_planning_easy,episode_00006,inventory_limit_exceeded,0.0
586,adventuregame,NEW_FormatCheckingAgent_LLM_judge_clp_chat,home_deliver_three_planning_easy,episode_00006,successful_actions,3.0
587,adventuregame,NEW_FormatCheckingAgent_LLM_judge_clp_chat,home_deliver_three_planning_easy,episode_00006,turn_limit_loss,1.0
588,adventuregame,NEW_FormatCheckingAgent_LLM_judge_clp_chat,home_deliver_three_planning_easy,episode_00006,turns_over_par,
589,adventuregame,NEW_FormatCheckingAgent_LLM_judge_clp_chat,home_deliver_three_planning_easy,episode_00006,turn_ratio,
590,adventuregame,NEW_FormatCheckingAgent_LLM_judge_clp_chat,home_deliver_three_planning_easy,episode_00006,finish_speed,
591,adventuregame,NEW_FormatCheckingAgent_LLM_judge_clp_chat,home_deliver_three_planning_easy,episode_00006,achieved_goal_ratio,0.6666666666666666
592,adventuregame,NEW_FormatCheckingAgent_LLM_judge_clp_chat,home_deliver_three_planning_easy,episode_00006,Aborted,1.0
593,adventuregame,NEW_FormatCheckingAgent_LLM_judge_clp_chat,home_deliver_three_planning_easy,episode_00006,Success,0.0
594,adventuregame,NEW_FormatCheckingAgent_LLM_judge_clp_chat,home_deliver_three_planning_easy,episode_00006,Lose,0.0
595,adventuregame,NEW_FormatCheckingAgent_LLM_judge_clp_chat,home_deliver_three_planning_easy,episode_00006,Main Score,
596,adventuregame,NEW_FormatCheckingAgent_LLM_judge_clp_chat,home_deliver_three_planning_easy,episode_00006,plan_followed_ratio,0.92
597,adventuregame,NEW_FormatCheckingAgent_LLM_judge_clp_chat,home_deliver_three_planning_easy,episode_00006,plan_average_viability_ratio,0.03666666666666666
598,adventuregame,NEW_FormatCheckingAgent_LLM_judge_clp_chat,home_deliver_three_planning_easy,episode_00006,bad_plan_follow_ratio,0.9
599,adventuregame,NEW_FormatCheckingAgent_LLM_judge_clp_chat,home_deliver_three_planning_easy,episode_00006,bad_plan_dismiss_ratio,0.09999999999999998
600,adventuregame,NEW_FormatCheckingAgent_LLM_judge_clp_chat,home_deliver_three_planning_easy_invlimittwo,episode_00010,Violated Request Count,0.0
601,adventuregame,NEW_FormatCheckingAgent_LLM_judge_clp_chat,home_deliver_three_planning_easy_invlimittwo,episode_00010,Parsed Request Count,50.0
602,adventuregame,NEW_FormatCheckingAgent_LLM_judge_clp_chat,home_deliver_three_planning_easy_invlimittwo,episode_00010,Request Count,50.0
603,adventuregame,NEW_FormatCheckingAgent_LLM_judge_clp_chat,home_deliver_three_planning_easy_invlimittwo,episode_00010,Request Success Ratio,1.0
604,adventuregame,NEW_FormatCheckingAgent_LLM_judge_clp_chat,home_deliver_three_planning_easy_invlimittwo,episode_00010,hallucination_count,0.0
605,adventuregame,NEW_FormatCheckingAgent_LLM_judge_clp_chat,home_deliver_three_planning_easy_invlimittwo,episode_00010,action_parsing_fail,0.0
606,adventuregame,NEW_FormatCheckingAgent_LLM_judge_clp_chat,home_deliver_three_planning_easy_invlimittwo,episode_00010,action_resolution_fail,40.0
607,adventuregame,NEW_FormatCheckingAgent_LLM_judge_clp_chat,home_deliver_three_planning_easy_invlimittwo,episode_00010,lark_exception,0.0
608,adventuregame,NEW_FormatCheckingAgent_LLM_judge_clp_chat,home_deliver_three_planning_easy_invlimittwo,episode_00010,malformed_command,0.0
609,adventuregame,NEW_FormatCheckingAgent_LLM_judge_clp_chat,home_deliver_three_planning_easy_invlimittwo,episode_00010,undefined_action_verb,0.0
610,adventuregame,NEW_FormatCheckingAgent_LLM_judge_clp_chat,home_deliver_three_planning_easy_invlimittwo,episode_00010,undefined_action,0.0
611,adventuregame,NEW_FormatCheckingAgent_LLM_judge_clp_chat,home_deliver_three_planning_easy_invlimittwo,episode_00010,undefined_repr_str,0.0
612,adventuregame,NEW_FormatCheckingAgent_LLM_judge_clp_chat,home_deliver_three_planning_easy_invlimittwo,episode_00010,manipulating_room,0.0
613,adventuregame,NEW_FormatCheckingAgent_LLM_judge_clp_chat,home_deliver_three_planning_easy_invlimittwo,episode_00010,undefined_argument_type,0.0
614,adventuregame,NEW_FormatCheckingAgent_LLM_judge_clp_chat,home_deliver_three_planning_easy_invlimittwo,episode_00010,taking_from_inventory,0.0
615,adventuregame,NEW_FormatCheckingAgent_LLM_judge_clp_chat,home_deliver_three_planning_easy_invlimittwo,episode_00010,other_room_argument,0.0
616,adventuregame,NEW_FormatCheckingAgent_LLM_judge_clp_chat,home_deliver_three_planning_easy_invlimittwo,episode_00010,domain_trait_type_mismatch,0.0
617,adventuregame,NEW_FormatCheckingAgent_LLM_judge_clp_chat,home_deliver_three_planning_easy_invlimittwo,episode_00010,domain_type_discrepancy,0.0
618,adventuregame,NEW_FormatCheckingAgent_LLM_judge_clp_chat,home_deliver_three_planning_easy_invlimittwo,episode_00010,world_state_discrepancy,0.0
619,adventuregame,NEW_FormatCheckingAgent_LLM_judge_clp_chat,home_deliver_three_planning_easy_invlimittwo,episode_00010,entity_not_accessible,4.0
620,adventuregame,NEW_FormatCheckingAgent_LLM_judge_clp_chat,home_deliver_three_planning_easy_invlimittwo,episode_00010,entity_state_mismatch,26.0
621,adventuregame,NEW_FormatCheckingAgent_LLM_judge_clp_chat,home_deliver_three_planning_easy_invlimittwo,episode_00010,entity_trait_mismatch,0.0
622,adventuregame,NEW_FormatCheckingAgent_LLM_judge_clp_chat,home_deliver_three_planning_easy_invlimittwo,episode_00010,entity_already_inventory,0.0
623,adventuregame,NEW_FormatCheckingAgent_LLM_judge_clp_chat,home_deliver_three_planning_easy_invlimittwo,episode_00010,going_to_current_room,0.0
624,adventuregame,NEW_FormatCheckingAgent_LLM_judge_clp_chat,home_deliver_three_planning_easy_invlimittwo,episode_00010,no_exit_to,10.0
625,adventuregame,NEW_FormatCheckingAgent_LLM_judge_clp_chat,home_deliver_three_planning_easy_invlimittwo,episode_00010,inventory_limit_exceeded,0.0
626,adventuregame,NEW_FormatCheckingAgent_LLM_judge_clp_chat,home_deliver_three_planning_easy_invlimittwo,episode_00010,successful_actions,10.0
627,adventuregame,NEW_FormatCheckingAgent_LLM_judge_clp_chat,home_deliver_three_planning_easy_invlimittwo,episode_00010,turn_limit_loss,1.0
628,adventuregame,NEW_FormatCheckingAgent_LLM_judge_clp_chat,home_deliver_three_planning_easy_invlimittwo,episode_00010,turns_over_par,
629,adventuregame,NEW_FormatCheckingAgent_LLM_judge_clp_chat,home_deliver_three_planning_easy_invlimittwo,episode_00010,turn_ratio,
630,adventuregame,NEW_FormatCheckingAgent_LLM_judge_clp_chat,home_deliver_three_planning_easy_invlimittwo,episode_00010,finish_speed,
631,adventuregame,NEW_FormatCheckingAgent_LLM_judge_clp_chat,home_deliver_three_planning_easy_invlimittwo,episode_00010,achieved_goal_ratio,0.0
632,adventuregame,NEW_FormatCheckingAgent_LLM_judge_clp_chat,home_deliver_three_planning_easy_invlimittwo,episode_00010,Aborted,1.0
633,adventuregame,NEW_FormatCheckingAgent_LLM_judge_clp_chat,home_deliver_three_planning_easy_invlimittwo,episode_00010,Success,0.0
634,adventuregame,NEW_FormatCheckingAgent_LLM_judge_clp_chat,home_deliver_three_planning_easy_invlimittwo,episode_00010,Lose,0.0
635,adventuregame,NEW_FormatCheckingAgent_LLM_judge_clp_chat,home_deliver_three_planning_easy_invlimittwo,episode_00010,Main Score,
636,adventuregame,NEW_FormatCheckingAgent_LLM_judge_clp_chat,home_deliver_three_planning_easy_invlimittwo,episode_00010,plan_followed_ratio,0.06
637,adventuregame,NEW_FormatCheckingAgent_LLM_judge_clp_chat,home_deliver_three_planning_easy_invlimittwo,episode_00010,plan_average_viability_ratio,0.03
638,adventuregame,NEW_FormatCheckingAgent_LLM_judge_clp_chat,home_deliver_three_planning_easy_invlimittwo,episode_00010,bad_plan_follow_ratio,0.02
639,adventuregame,NEW_FormatCheckingAgent_LLM_judge_clp_chat,home_deliver_three_planning_easy_invlimittwo,episode_00010,bad_plan_dismiss_ratio,0.98
640,adventuregame,NEW_FormatCheckingAgent_LLM_judge_clp_chat,home_deliver_three_planning_easy_invlimittwo,episode_00011,Violated Request Count,0.0
641,adventuregame,NEW_FormatCheckingAgent_LLM_judge_clp_chat,home_deliver_three_planning_easy_invlimittwo,episode_00011,Parsed Request Count,50.0
642,adventuregame,NEW_FormatCheckingAgent_LLM_judge_clp_chat,home_deliver_three_planning_easy_invlimittwo,episode_00011,Request Count,50.0
643,adventuregame,NEW_FormatCheckingAgent_LLM_judge_clp_chat,home_deliver_three_planning_easy_invlimittwo,episode_00011,Request Success Ratio,1.0
644,adventuregame,NEW_FormatCheckingAgent_LLM_judge_clp_chat,home_deliver_three_planning_easy_invlimittwo,episode_00011,hallucination_count,0.0
645,adventuregame,NEW_FormatCheckingAgent_LLM_judge_clp_chat,home_deliver_three_planning_easy_invlimittwo,episode_00011,action_parsing_fail,0.0
646,adventuregame,NEW_FormatCheckingAgent_LLM_judge_clp_chat,home_deliver_three_planning_easy_invlimittwo,episode_00011,action_resolution_fail,39.0
647,adventuregame,NEW_FormatCheckingAgent_LLM_judge_clp_chat,home_deliver_three_planning_easy_invlimittwo,episode_00011,lark_exception,0.0
648,adventuregame,NEW_FormatCheckingAgent_LLM_judge_clp_chat,home_deliver_three_planning_easy_invlimittwo,episode_00011,malformed_command,0.0
649,adventuregame,NEW_FormatCheckingAgent_LLM_judge_clp_chat,home_deliver_three_planning_easy_invlimittwo,episode_00011,undefined_action_verb,0.0
650,adventuregame,NEW_FormatCheckingAgent_LLM_judge_clp_chat,home_deliver_three_planning_easy_invlimittwo,episode_00011,undefined_action,0.0
651,adventuregame,NEW_FormatCheckingAgent_LLM_judge_clp_chat,home_deliver_three_planning_easy_invlimittwo,episode_00011,undefined_repr_str,0.0
652,adventuregame,NEW_FormatCheckingAgent_LLM_judge_clp_chat,home_deliver_three_planning_easy_invlimittwo,episode_00011,manipulating_room,0.0
653,adventuregame,NEW_FormatCheckingAgent_LLM_judge_clp_chat,home_deliver_three_planning_easy_invlimittwo,episode_00011,undefined_argument_type,0.0
654,adventuregame,NEW_FormatCheckingAgent_LLM_judge_clp_chat,home_deliver_three_planning_easy_invlimittwo,episode_00011,taking_from_inventory,0.0
655,adventuregame,NEW_FormatCheckingAgent_LLM_judge_clp_chat,home_deliver_three_planning_easy_invlimittwo,episode_00011,other_room_argument,0.0
656,adventuregame,NEW_FormatCheckingAgent_LLM_judge_clp_chat,home_deliver_three_planning_easy_invlimittwo,episode_00011,domain_trait_type_mismatch,0.0
657,adventuregame,NEW_FormatCheckingAgent_LLM_judge_clp_chat,home_deliver_three_planning_easy_invlimittwo,episode_00011,domain_type_discrepancy,0.0
658,adventuregame,NEW_FormatCheckingAgent_LLM_judge_clp_chat,home_deliver_three_planning_easy_invlimittwo,episode_00011,world_state_discrepancy,0.0
659,adventuregame,NEW_FormatCheckingAgent_LLM_judge_clp_chat,home_deliver_three_planning_easy_invlimittwo,episode_00011,entity_not_accessible,4.0
660,adventuregame,NEW_FormatCheckingAgent_LLM_judge_clp_chat,home_deliver_three_planning_easy_invlimittwo,episode_00011,entity_state_mismatch,20.0
661,adventuregame,NEW_FormatCheckingAgent_LLM_judge_clp_chat,home_deliver_three_planning_easy_invlimittwo,episode_00011,entity_trait_mismatch,0.0
662,adventuregame,NEW_FormatCheckingAgent_LLM_judge_clp_chat,home_deliver_three_planning_easy_invlimittwo,episode_00011,entity_already_inventory,5.0
663,adventuregame,NEW_FormatCheckingAgent_LLM_judge_clp_chat,home_deliver_three_planning_easy_invlimittwo,episode_00011,going_to_current_room,0.0
664,adventuregame,NEW_FormatCheckingAgent_LLM_judge_clp_chat,home_deliver_three_planning_easy_invlimittwo,episode_00011,no_exit_to,9.0
665,adventuregame,NEW_FormatCheckingAgent_LLM_judge_clp_chat,home_deliver_three_planning_easy_invlimittwo,episode_00011,inventory_limit_exceeded,1.0
666,adventuregame,NEW_FormatCheckingAgent_LLM_judge_clp_chat,home_deliver_three_planning_easy_invlimittwo,episode_00011,successful_actions,11.0
667,adventuregame,NEW_FormatCheckingAgent_LLM_judge_clp_chat,home_deliver_three_planning_easy_invlimittwo,episode_00011,turn_limit_loss,1.0
668,adventuregame,NEW_FormatCheckingAgent_LLM_judge_clp_chat,home_deliver_three_planning_easy_invlimittwo,episode_00011,turns_over_par,
669,adventuregame,NEW_FormatCheckingAgent_LLM_judge_clp_chat,home_deliver_three_planning_easy_invlimittwo,episode_00011,turn_ratio,
670,adventuregame,NEW_FormatCheckingAgent_LLM_judge_clp_chat,home_deliver_three_planning_easy_invlimittwo,episode_00011,finish_speed,
671,adventuregame,NEW_FormatCheckingAgent_LLM_judge_clp_chat,home_deliver_three_planning_easy_invlimittwo,episode_00011,achieved_goal_ratio,0.0
672,adventuregame,NEW_FormatCheckingAgent_LLM_judge_clp_chat,home_deliver_three_planning_easy_invlimittwo,episode_00011,Aborted,1.0
673,adventuregame,NEW_FormatCheckingAgent_LLM_judge_clp_chat,home_deliver_three_planning_easy_invlimittwo,episode_00011,Success,0.0
674,adventuregame,NEW_FormatCheckingAgent_LLM_judge_clp_chat,home_deliver_three_planning_easy_invlimittwo,episode_00011,Lose,0.0
675,adventuregame,NEW_FormatCheckingAgent_LLM_judge_clp_chat,home_deliver_three_planning_easy_invlimittwo,episode_00011,Main Score,
676,adventuregame,NEW_FormatCheckingAgent_LLM_judge_clp_chat,home_deliver_three_planning_easy_invlimittwo,episode_00011,plan_followed_ratio,0.1
677,adventuregame,NEW_FormatCheckingAgent_LLM_judge_clp_chat,home_deliver_three_planning_easy_invlimittwo,episode_00011,plan_average_viability_ratio,0.050666666666666665
678,adventuregame,NEW_FormatCheckingAgent_LLM_judge_clp_chat,home_deliver_three_planning_easy_invlimittwo,episode_00011,bad_plan_follow_ratio,0.06
679,adventuregame,NEW_FormatCheckingAgent_LLM_judge_clp_chat,home_deliver_three_planning_easy_invlimittwo,episode_00011,bad_plan_dismiss_ratio,0.94
680,adventuregame,NEW_FormatCheckingAgent_LLM_judge_clp_chat,home_deliver_three_planning_easy_invlimittwo,episode_00012,Violated Request Count,0.0
681,adventuregame,NEW_FormatCheckingAgent_LLM_judge_clp_chat,home_deliver_three_planning_easy_invlimittwo,episode_00012,Parsed Request Count,7.0
682,adventuregame,NEW_FormatCheckingAgent_LLM_judge_clp_chat,home_deliver_three_planning_easy_invlimittwo,episode_00012,Request Count,7.0
683,adventuregame,NEW_FormatCheckingAgent_LLM_judge_clp_chat,home_deliver_three_planning_easy_invlimittwo,episode_00012,Request Success Ratio,1.0
684,adventuregame,NEW_FormatCheckingAgent_LLM_judge_clp_chat,home_deliver_three_planning_easy_invlimittwo,episode_00012,hallucination_count,1.0
685,adventuregame,NEW_FormatCheckingAgent_LLM_judge_clp_chat,home_deliver_three_planning_easy_invlimittwo,episode_00012,action_parsing_fail,0.0
686,adventuregame,NEW_FormatCheckingAgent_LLM_judge_clp_chat,home_deliver_three_planning_easy_invlimittwo,episode_00012,action_resolution_fail,1.0
687,adventuregame,NEW_FormatCheckingAgent_LLM_judge_clp_chat,home_deliver_three_planning_easy_invlimittwo,episode_00012,lark_exception,0.0
688,adventuregame,NEW_FormatCheckingAgent_LLM_judge_clp_chat,home_deliver_three_planning_easy_invlimittwo,episode_00012,malformed_command,0.0
689,adventuregame,NEW_FormatCheckingAgent_LLM_judge_clp_chat,home_deliver_three_planning_easy_invlimittwo,episode_00012,undefined_action_verb,0.0
690,adventuregame,NEW_FormatCheckingAgent_LLM_judge_clp_chat,home_deliver_three_planning_easy_invlimittwo,episode_00012,undefined_action,0.0
691,adventuregame,NEW_FormatCheckingAgent_LLM_judge_clp_chat,home_deliver_three_planning_easy_invlimittwo,episode_00012,undefined_repr_str,0.0
692,adventuregame,NEW_FormatCheckingAgent_LLM_judge_clp_chat,home_deliver_three_planning_easy_invlimittwo,episode_00012,manipulating_room,0.0
693,adventuregame,NEW_FormatCheckingAgent_LLM_judge_clp_chat,home_deliver_three_planning_easy_invlimittwo,episode_00012,undefined_argument_type,0.0
694,adventuregame,NEW_FormatCheckingAgent_LLM_judge_clp_chat,home_deliver_three_planning_easy_invlimittwo,episode_00012,taking_from_inventory,0.0
695,adventuregame,NEW_FormatCheckingAgent_LLM_judge_clp_chat,home_deliver_three_planning_easy_invlimittwo,episode_00012,other_room_argument,0.0
696,adventuregame,NEW_FormatCheckingAgent_LLM_judge_clp_chat,home_deliver_three_planning_easy_invlimittwo,episode_00012,domain_trait_type_mismatch,0.0
697,adventuregame,NEW_FormatCheckingAgent_LLM_judge_clp_chat,home_deliver_three_planning_easy_invlimittwo,episode_00012,domain_type_discrepancy,0.0
698,adventuregame,NEW_FormatCheckingAgent_LLM_judge_clp_chat,home_deliver_three_planning_easy_invlimittwo,episode_00012,world_state_discrepancy,0.0
699,adventuregame,NEW_FormatCheckingAgent_LLM_judge_clp_chat,home_deliver_three_planning_easy_invlimittwo,episode_00012,entity_not_accessible,0.0
700,adventuregame,NEW_FormatCheckingAgent_LLM_judge_clp_chat,home_deliver_three_planning_easy_invlimittwo,episode_00012,entity_state_mismatch,0.0
701,adventuregame,NEW_FormatCheckingAgent_LLM_judge_clp_chat,home_deliver_three_planning_easy_invlimittwo,episode_00012,entity_trait_mismatch,0.0
702,adventuregame,NEW_FormatCheckingAgent_LLM_judge_clp_chat,home_deliver_three_planning_easy_invlimittwo,episode_00012,entity_already_inventory,1.0
703,adventuregame,NEW_FormatCheckingAgent_LLM_judge_clp_chat,home_deliver_three_planning_easy_invlimittwo,episode_00012,going_to_current_room,0.0
704,adventuregame,NEW_FormatCheckingAgent_LLM_judge_clp_chat,home_deliver_three_planning_easy_invlimittwo,episode_00012,no_exit_to,0.0
705,adventuregame,NEW_FormatCheckingAgent_LLM_judge_clp_chat,home_deliver_three_planning_easy_invlimittwo,episode_00012,inventory_limit_exceeded,0.0
706,adventuregame,NEW_FormatCheckingAgent_LLM_judge_clp_chat,home_deliver_three_planning_easy_invlimittwo,episode_00012,successful_actions,6.0
707,adventuregame,NEW_FormatCheckingAgent_LLM_judge_clp_chat,home_deliver_three_planning_easy_invlimittwo,episode_00012,turn_limit_loss,0.0
708,adventuregame,NEW_FormatCheckingAgent_LLM_judge_clp_chat,home_deliver_three_planning_easy_invlimittwo,episode_00012,turns_over_par,
709,adventuregame,NEW_FormatCheckingAgent_LLM_judge_clp_chat,home_deliver_three_planning_easy_invlimittwo,episode_00012,turn_ratio,
710,adventuregame,NEW_FormatCheckingAgent_LLM_judge_clp_chat,home_deliver_three_planning_easy_invlimittwo,episode_00012,finish_speed,
711,adventuregame,NEW_FormatCheckingAgent_LLM_judge_clp_chat,home_deliver_three_planning_easy_invlimittwo,episode_00012,achieved_goal_ratio,0.6666666666666666
712,adventuregame,NEW_FormatCheckingAgent_LLM_judge_clp_chat,home_deliver_three_planning_easy_invlimittwo,episode_00012,Aborted,0.0
713,adventuregame,NEW_FormatCheckingAgent_LLM_judge_clp_chat,home_deliver_three_planning_easy_invlimittwo,episode_00012,Success,0.0
714,adventuregame,NEW_FormatCheckingAgent_LLM_judge_clp_chat,home_deliver_three_planning_easy_invlimittwo,episode_00012,Lose,1.0
715,adventuregame,NEW_FormatCheckingAgent_LLM_judge_clp_chat,home_deliver_three_planning_easy_invlimittwo,episode_00012,Main Score,66.66666666666666
716,adventuregame,NEW_FormatCheckingAgent_LLM_judge_clp_chat,home_deliver_three_planning_easy_invlimittwo,episode_00012,plan_followed_ratio,0.2857142857142857
717,adventuregame,NEW_FormatCheckingAgent_LLM_judge_clp_chat,home_deliver_three_planning_easy_invlimittwo,episode_00012,plan_average_viability_ratio,0.619047619047619
718,adventuregame,NEW_FormatCheckingAgent_LLM_judge_clp_chat,home_deliver_three_planning_easy_invlimittwo,episode_00012,bad_plan_follow_ratio,0.0
719,adventuregame,NEW_FormatCheckingAgent_LLM_judge_clp_chat,home_deliver_three_planning_easy_invlimittwo,episode_00012,bad_plan_dismiss_ratio,1.0
720,adventuregame,NEW_FormatCheckingAgent_LLM_judge_clp_chat,home_deliver_three_planning_hard,episode_00016,Violated Request Count,0.0
721,adventuregame,NEW_FormatCheckingAgent_LLM_judge_clp_chat,home_deliver_three_planning_hard,episode_00016,Parsed Request Count,50.0
722,adventuregame,NEW_FormatCheckingAgent_LLM_judge_clp_chat,home_deliver_three_planning_hard,episode_00016,Request Count,50.0
723,adventuregame,NEW_FormatCheckingAgent_LLM_judge_clp_chat,home_deliver_three_planning_hard,episode_00016,Request Success Ratio,1.0
724,adventuregame,NEW_FormatCheckingAgent_LLM_judge_clp_chat,home_deliver_three_planning_hard,episode_00016,hallucination_count,0.0
725,adventuregame,NEW_FormatCheckingAgent_LLM_judge_clp_chat,home_deliver_three_planning_hard,episode_00016,action_parsing_fail,0.0
726,adventuregame,NEW_FormatCheckingAgent_LLM_judge_clp_chat,home_deliver_three_planning_hard,episode_00016,action_resolution_fail,43.0
727,adventuregame,NEW_FormatCheckingAgent_LLM_judge_clp_chat,home_deliver_three_planning_hard,episode_00016,lark_exception,0.0
728,adventuregame,NEW_FormatCheckingAgent_LLM_judge_clp_chat,home_deliver_three_planning_hard,episode_00016,malformed_command,0.0
729,adventuregame,NEW_FormatCheckingAgent_LLM_judge_clp_chat,home_deliver_three_planning_hard,episode_00016,undefined_action_verb,0.0
730,adventuregame,NEW_FormatCheckingAgent_LLM_judge_clp_chat,home_deliver_three_planning_hard,episode_00016,undefined_action,0.0
731,adventuregame,NEW_FormatCheckingAgent_LLM_judge_clp_chat,home_deliver_three_planning_hard,episode_00016,undefined_repr_str,0.0
732,adventuregame,NEW_FormatCheckingAgent_LLM_judge_clp_chat,home_deliver_three_planning_hard,episode_00016,manipulating_room,0.0
733,adventuregame,NEW_FormatCheckingAgent_LLM_judge_clp_chat,home_deliver_three_planning_hard,episode_00016,undefined_argument_type,0.0
734,adventuregame,NEW_FormatCheckingAgent_LLM_judge_clp_chat,home_deliver_three_planning_hard,episode_00016,taking_from_inventory,0.0
735,adventuregame,NEW_FormatCheckingAgent_LLM_judge_clp_chat,home_deliver_three_planning_hard,episode_00016,other_room_argument,0.0
736,adventuregame,NEW_FormatCheckingAgent_LLM_judge_clp_chat,home_deliver_three_planning_hard,episode_00016,domain_trait_type_mismatch,0.0
737,adventuregame,NEW_FormatCheckingAgent_LLM_judge_clp_chat,home_deliver_three_planning_hard,episode_00016,domain_type_discrepancy,0.0
738,adventuregame,NEW_FormatCheckingAgent_LLM_judge_clp_chat,home_deliver_three_planning_hard,episode_00016,world_state_discrepancy,0.0
739,adventuregame,NEW_FormatCheckingAgent_LLM_judge_clp_chat,home_deliver_three_planning_hard,episode_00016,entity_not_accessible,0.0
740,adventuregame,NEW_FormatCheckingAgent_LLM_judge_clp_chat,home_deliver_three_planning_hard,episode_00016,entity_state_mismatch,43.0
741,adventuregame,NEW_FormatCheckingAgent_LLM_judge_clp_chat,home_deliver_three_planning_hard,episode_00016,entity_trait_mismatch,0.0
742,adventuregame,NEW_FormatCheckingAgent_LLM_judge_clp_chat,home_deliver_three_planning_hard,episode_00016,entity_already_inventory,0.0
743,adventuregame,NEW_FormatCheckingAgent_LLM_judge_clp_chat,home_deliver_three_planning_hard,episode_00016,going_to_current_room,0.0
744,adventuregame,NEW_FormatCheckingAgent_LLM_judge_clp_chat,home_deliver_three_planning_hard,episode_00016,no_exit_to,0.0
745,adventuregame,NEW_FormatCheckingAgent_LLM_judge_clp_chat,home_deliver_three_planning_hard,episode_00016,inventory_limit_exceeded,0.0
746,adventuregame,NEW_FormatCheckingAgent_LLM_judge_clp_chat,home_deliver_three_planning_hard,episode_00016,successful_actions,7.0
747,adventuregame,NEW_FormatCheckingAgent_LLM_judge_clp_chat,home_deliver_three_planning_hard,episode_00016,turn_limit_loss,1.0
748,adventuregame,NEW_FormatCheckingAgent_LLM_judge_clp_chat,home_deliver_three_planning_hard,episode_00016,turns_over_par,
749,adventuregame,NEW_FormatCheckingAgent_LLM_judge_clp_chat,home_deliver_three_planning_hard,episode_00016,turn_ratio,
750,adventuregame,NEW_FormatCheckingAgent_LLM_judge_clp_chat,home_deliver_three_planning_hard,episode_00016,finish_speed,
751,adventuregame,NEW_FormatCheckingAgent_LLM_judge_clp_chat,home_deliver_three_planning_hard,episode_00016,achieved_goal_ratio,0.0
752,adventuregame,NEW_FormatCheckingAgent_LLM_judge_clp_chat,home_deliver_three_planning_hard,episode_00016,Aborted,1.0
753,adventuregame,NEW_FormatCheckingAgent_LLM_judge_clp_chat,home_deliver_three_planning_hard,episode_00016,Success,0.0
754,adventuregame,NEW_FormatCheckingAgent_LLM_judge_clp_chat,home_deliver_three_planning_hard,episode_00016,Lose,0.0
755,adventuregame,NEW_FormatCheckingAgent_LLM_judge_clp_chat,home_deliver_three_planning_hard,episode_00016,Main Score,
756,adventuregame,NEW_FormatCheckingAgent_LLM_judge_clp_chat,home_deliver_three_planning_hard,episode_00016,plan_followed_ratio,0.04
757,adventuregame,NEW_FormatCheckingAgent_LLM_judge_clp_chat,home_deliver_three_planning_hard,episode_00016,plan_average_viability_ratio,0.7325
758,adventuregame,NEW_FormatCheckingAgent_LLM_judge_clp_chat,home_deliver_three_planning_hard,episode_00016,bad_plan_follow_ratio,0.0
759,adventuregame,NEW_FormatCheckingAgent_LLM_judge_clp_chat,home_deliver_three_planning_hard,episode_00016,bad_plan_dismiss_ratio,1.0
760,adventuregame,NEW_FormatCheckingAgent_LLM_judge_clp_chat,home_deliver_three_planning_hard,episode_00017,Violated Request Count,0.0
761,adventuregame,NEW_FormatCheckingAgent_LLM_judge_clp_chat,home_deliver_three_planning_hard,episode_00017,Parsed Request Count,50.0
762,adventuregame,NEW_FormatCheckingAgent_LLM_judge_clp_chat,home_deliver_three_planning_hard,episode_00017,Request Count,50.0
763,adventuregame,NEW_FormatCheckingAgent_LLM_judge_clp_chat,home_deliver_three_planning_hard,episode_00017,Request Success Ratio,1.0
764,adventuregame,NEW_FormatCheckingAgent_LLM_judge_clp_chat,home_deliver_three_planning_hard,episode_00017,hallucination_count,0.0
765,adventuregame,NEW_FormatCheckingAgent_LLM_judge_clp_chat,home_deliver_three_planning_hard,episode_00017,action_parsing_fail,0.0
766,adventuregame,NEW_FormatCheckingAgent_LLM_judge_clp_chat,home_deliver_three_planning_hard,episode_00017,action_resolution_fail,44.0
767,adventuregame,NEW_FormatCheckingAgent_LLM_judge_clp_chat,home_deliver_three_planning_hard,episode_00017,lark_exception,0.0
768,adventuregame,NEW_FormatCheckingAgent_LLM_judge_clp_chat,home_deliver_three_planning_hard,episode_00017,malformed_command,0.0
769,adventuregame,NEW_FormatCheckingAgent_LLM_judge_clp_chat,home_deliver_three_planning_hard,episode_00017,undefined_action_verb,0.0
770,adventuregame,NEW_FormatCheckingAgent_LLM_judge_clp_chat,home_deliver_three_planning_hard,episode_00017,undefined_action,0.0
771,adventuregame,NEW_FormatCheckingAgent_LLM_judge_clp_chat,home_deliver_three_planning_hard,episode_00017,undefined_repr_str,0.0
772,adventuregame,NEW_FormatCheckingAgent_LLM_judge_clp_chat,home_deliver_three_planning_hard,episode_00017,manipulating_room,0.0
773,adventuregame,NEW_FormatCheckingAgent_LLM_judge_clp_chat,home_deliver_three_planning_hard,episode_00017,undefined_argument_type,0.0
774,adventuregame,NEW_FormatCheckingAgent_LLM_judge_clp_chat,home_deliver_three_planning_hard,episode_00017,taking_from_inventory,0.0
775,adventuregame,NEW_FormatCheckingAgent_LLM_judge_clp_chat,home_deliver_three_planning_hard,episode_00017,other_room_argument,0.0
776,adventuregame,NEW_FormatCheckingAgent_LLM_judge_clp_chat,home_deliver_three_planning_hard,episode_00017,domain_trait_type_mismatch,0.0
777,adventuregame,NEW_FormatCheckingAgent_LLM_judge_clp_chat,home_deliver_three_planning_hard,episode_00017,domain_type_discrepancy,0.0
778,adventuregame,NEW_FormatCheckingAgent_LLM_judge_clp_chat,home_deliver_three_planning_hard,episode_00017,world_state_discrepancy,0.0
779,adventuregame,NEW_FormatCheckingAgent_LLM_judge_clp_chat,home_deliver_three_planning_hard,episode_00017,entity_not_accessible,0.0
780,adventuregame,NEW_FormatCheckingAgent_LLM_judge_clp_chat,home_deliver_three_planning_hard,episode_00017,entity_state_mismatch,44.0
781,adventuregame,NEW_FormatCheckingAgent_LLM_judge_clp_chat,home_deliver_three_planning_hard,episode_00017,entity_trait_mismatch,0.0
782,adventuregame,NEW_FormatCheckingAgent_LLM_judge_clp_chat,home_deliver_three_planning_hard,episode_00017,entity_already_inventory,0.0
783,adventuregame,NEW_FormatCheckingAgent_LLM_judge_clp_chat,home_deliver_three_planning_hard,episode_00017,going_to_current_room,0.0
784,adventuregame,NEW_FormatCheckingAgent_LLM_judge_clp_chat,home_deliver_three_planning_hard,episode_00017,no_exit_to,0.0
785,adventuregame,NEW_FormatCheckingAgent_LLM_judge_clp_chat,home_deliver_three_planning_hard,episode_00017,inventory_limit_exceeded,0.0
786,adventuregame,NEW_FormatCheckingAgent_LLM_judge_clp_chat,home_deliver_three_planning_hard,episode_00017,successful_actions,6.0
787,adventuregame,NEW_FormatCheckingAgent_LLM_judge_clp_chat,home_deliver_three_planning_hard,episode_00017,turn_limit_loss,1.0
788,adventuregame,NEW_FormatCheckingAgent_LLM_judge_clp_chat,home_deliver_three_planning_hard,episode_00017,turns_over_par,
789,adventuregame,NEW_FormatCheckingAgent_LLM_judge_clp_chat,home_deliver_three_planning_hard,episode_00017,turn_ratio,
790,adventuregame,NEW_FormatCheckingAgent_LLM_judge_clp_chat,home_deliver_three_planning_hard,episode_00017,finish_speed,
791,adventuregame,NEW_FormatCheckingAgent_LLM_judge_clp_chat,home_deliver_three_planning_hard,episode_00017,achieved_goal_ratio,0.0
792,adventuregame,NEW_FormatCheckingAgent_LLM_judge_clp_chat,home_deliver_three_planning_hard,episode_00017,Aborted,1.0
793,adventuregame,NEW_FormatCheckingAgent_LLM_judge_clp_chat,home_deliver_three_planning_hard,episode_00017,Success,0.0
794,adventuregame,NEW_FormatCheckingAgent_LLM_judge_clp_chat,home_deliver_three_planning_hard,episode_00017,Lose,0.0
795,adventuregame,NEW_FormatCheckingAgent_LLM_judge_clp_chat,home_deliver_three_planning_hard,episode_00017,Main Score,
796,adventuregame,NEW_FormatCheckingAgent_LLM_judge_clp_chat,home_deliver_three_planning_hard,episode_00017,plan_followed_ratio,0.02
797,adventuregame,NEW_FormatCheckingAgent_LLM_judge_clp_chat,home_deliver_three_planning_hard,episode_00017,plan_average_viability_ratio,0.924
798,adventuregame,NEW_FormatCheckingAgent_LLM_judge_clp_chat,home_deliver_three_planning_hard,episode_00017,bad_plan_follow_ratio,0.0
799,adventuregame,NEW_FormatCheckingAgent_LLM_judge_clp_chat,home_deliver_three_planning_hard,episode_00017,bad_plan_dismiss_ratio,1.0
800,adventuregame,NEW_FormatCheckingAgent_LLM_judge_clp_chat,home_deliver_three_planning_hard,episode_00018,Violated Request Count,0.0
801,adventuregame,NEW_FormatCheckingAgent_LLM_judge_clp_chat,home_deliver_three_planning_hard,episode_00018,Parsed Request Count,50.0
802,adventuregame,NEW_FormatCheckingAgent_LLM_judge_clp_chat,home_deliver_three_planning_hard,episode_00018,Request Count,50.0
803,adventuregame,NEW_FormatCheckingAgent_LLM_judge_clp_chat,home_deliver_three_planning_hard,episode_00018,Request Success Ratio,1.0
804,adventuregame,NEW_FormatCheckingAgent_LLM_judge_clp_chat,home_deliver_three_planning_hard,episode_00018,hallucination_count,0.0
805,adventuregame,NEW_FormatCheckingAgent_LLM_judge_clp_chat,home_deliver_three_planning_hard,episode_00018,action_parsing_fail,0.0
806,adventuregame,NEW_FormatCheckingAgent_LLM_judge_clp_chat,home_deliver_three_planning_hard,episode_00018,action_resolution_fail,46.0
807,adventuregame,NEW_FormatCheckingAgent_LLM_judge_clp_chat,home_deliver_three_planning_hard,episode_00018,lark_exception,0.0
808,adventuregame,NEW_FormatCheckingAgent_LLM_judge_clp_chat,home_deliver_three_planning_hard,episode_00018,malformed_command,0.0
809,adventuregame,NEW_FormatCheckingAgent_LLM_judge_clp_chat,home_deliver_three_planning_hard,episode_00018,undefined_action_verb,0.0
810,adventuregame,NEW_FormatCheckingAgent_LLM_judge_clp_chat,home_deliver_three_planning_hard,episode_00018,undefined_action,0.0
811,adventuregame,NEW_FormatCheckingAgent_LLM_judge_clp_chat,home_deliver_three_planning_hard,episode_00018,undefined_repr_str,0.0
812,adventuregame,NEW_FormatCheckingAgent_LLM_judge_clp_chat,home_deliver_three_planning_hard,episode_00018,manipulating_room,0.0
813,adventuregame,NEW_FormatCheckingAgent_LLM_judge_clp_chat,home_deliver_three_planning_hard,episode_00018,undefined_argument_type,0.0
814,adventuregame,NEW_FormatCheckingAgent_LLM_judge_clp_chat,home_deliver_three_planning_hard,episode_00018,taking_from_inventory,0.0
815,adventuregame,NEW_FormatCheckingAgent_LLM_judge_clp_chat,home_deliver_three_planning_hard,episode_00018,other_room_argument,0.0
816,adventuregame,NEW_FormatCheckingAgent_LLM_judge_clp_chat,home_deliver_three_planning_hard,episode_00018,domain_trait_type_mismatch,0.0
817,adventuregame,NEW_FormatCheckingAgent_LLM_judge_clp_chat,home_deliver_three_planning_hard,episode_00018,domain_type_discrepancy,0.0
818,adventuregame,NEW_FormatCheckingAgent_LLM_judge_clp_chat,home_deliver_three_planning_hard,episode_00018,world_state_discrepancy,0.0
819,adventuregame,NEW_FormatCheckingAgent_LLM_judge_clp_chat,home_deliver_three_planning_hard,episode_00018,entity_not_accessible,0.0
820,adventuregame,NEW_FormatCheckingAgent_LLM_judge_clp_chat,home_deliver_three_planning_hard,episode_00018,entity_state_mismatch,46.0
821,adventuregame,NEW_FormatCheckingAgent_LLM_judge_clp_chat,home_deliver_three_planning_hard,episode_00018,entity_trait_mismatch,0.0
822,adventuregame,NEW_FormatCheckingAgent_LLM_judge_clp_chat,home_deliver_three_planning_hard,episode_00018,entity_already_inventory,0.0
823,adventuregame,NEW_FormatCheckingAgent_LLM_judge_clp_chat,home_deliver_three_planning_hard,episode_00018,going_to_current_room,0.0
824,adventuregame,NEW_FormatCheckingAgent_LLM_judge_clp_chat,home_deliver_three_planning_hard,episode_00018,no_exit_to,0.0
825,adventuregame,NEW_FormatCheckingAgent_LLM_judge_clp_chat,home_deliver_three_planning_hard,episode_00018,inventory_limit_exceeded,0.0
826,adventuregame,NEW_FormatCheckingAgent_LLM_judge_clp_chat,home_deliver_three_planning_hard,episode_00018,successful_actions,4.0
827,adventuregame,NEW_FormatCheckingAgent_LLM_judge_clp_chat,home_deliver_three_planning_hard,episode_00018,turn_limit_loss,1.0
828,adventuregame,NEW_FormatCheckingAgent_LLM_judge_clp_chat,home_deliver_three_planning_hard,episode_00018,turns_over_par,
829,adventuregame,NEW_FormatCheckingAgent_LLM_judge_clp_chat,home_deliver_three_planning_hard,episode_00018,turn_ratio,
830,adventuregame,NEW_FormatCheckingAgent_LLM_judge_clp_chat,home_deliver_three_planning_hard,episode_00018,finish_speed,
831,adventuregame,NEW_FormatCheckingAgent_LLM_judge_clp_chat,home_deliver_three_planning_hard,episode_00018,achieved_goal_ratio,0.0
832,adventuregame,NEW_FormatCheckingAgent_LLM_judge_clp_chat,home_deliver_three_planning_hard,episode_00018,Aborted,1.0
833,adventuregame,NEW_FormatCheckingAgent_LLM_judge_clp_chat,home_deliver_three_planning_hard,episode_00018,Success,0.0
834,adventuregame,NEW_FormatCheckingAgent_LLM_judge_clp_chat,home_deliver_three_planning_hard,episode_00018,Lose,0.0
835,adventuregame,NEW_FormatCheckingAgent_LLM_judge_clp_chat,home_deliver_three_planning_hard,episode_00018,Main Score,
836,adventuregame,NEW_FormatCheckingAgent_LLM_judge_clp_chat,home_deliver_three_planning_hard,episode_00018,plan_followed_ratio,0.32
837,adventuregame,NEW_FormatCheckingAgent_LLM_judge_clp_chat,home_deliver_three_planning_hard,episode_00018,plan_average_viability_ratio,0.23
838,adventuregame,NEW_FormatCheckingAgent_LLM_judge_clp_chat,home_deliver_three_planning_hard,episode_00018,bad_plan_follow_ratio,0.32
839,adventuregame,NEW_FormatCheckingAgent_LLM_judge_clp_chat,home_deliver_three_planning_hard,episode_00018,bad_plan_dismiss_ratio,0.6799999999999999
840,adventuregame,NEW_FormatCheckingAgent_LLM_judge_clp_chat,home_deliver_three_planning_hard_invlimittwo,episode_00022,Violated Request Count,0.0
841,adventuregame,NEW_FormatCheckingAgent_LLM_judge_clp_chat,home_deliver_three_planning_hard_invlimittwo,episode_00022,Parsed Request Count,50.0
842,adventuregame,NEW_FormatCheckingAgent_LLM_judge_clp_chat,home_deliver_three_planning_hard_invlimittwo,episode_00022,Request Count,50.0
843,adventuregame,NEW_FormatCheckingAgent_LLM_judge_clp_chat,home_deliver_three_planning_hard_invlimittwo,episode_00022,Request Success Ratio,1.0
844,adventuregame,NEW_FormatCheckingAgent_LLM_judge_clp_chat,home_deliver_three_planning_hard_invlimittwo,episode_00022,hallucination_count,0.0
845,adventuregame,NEW_FormatCheckingAgent_LLM_judge_clp_chat,home_deliver_three_planning_hard_invlimittwo,episode_00022,action_parsing_fail,0.0
846,adventuregame,NEW_FormatCheckingAgent_LLM_judge_clp_chat,home_deliver_three_planning_hard_invlimittwo,episode_00022,action_resolution_fail,46.0
847,adventuregame,NEW_FormatCheckingAgent_LLM_judge_clp_chat,home_deliver_three_planning_hard_invlimittwo,episode_00022,lark_exception,0.0
848,adventuregame,NEW_FormatCheckingAgent_LLM_judge_clp_chat,home_deliver_three_planning_hard_invlimittwo,episode_00022,malformed_command,0.0
849,adventuregame,NEW_FormatCheckingAgent_LLM_judge_clp_chat,home_deliver_three_planning_hard_invlimittwo,episode_00022,undefined_action_verb,0.0
850,adventuregame,NEW_FormatCheckingAgent_LLM_judge_clp_chat,home_deliver_three_planning_hard_invlimittwo,episode_00022,undefined_action,0.0
851,adventuregame,NEW_FormatCheckingAgent_LLM_judge_clp_chat,home_deliver_three_planning_hard_invlimittwo,episode_00022,undefined_repr_str,0.0
852,adventuregame,NEW_FormatCheckingAgent_LLM_judge_clp_chat,home_deliver_three_planning_hard_invlimittwo,episode_00022,manipulating_room,0.0
853,adventuregame,NEW_FormatCheckingAgent_LLM_judge_clp_chat,home_deliver_three_planning_hard_invlimittwo,episode_00022,undefined_argument_type,0.0
854,adventuregame,NEW_FormatCheckingAgent_LLM_judge_clp_chat,home_deliver_three_planning_hard_invlimittwo,episode_00022,taking_from_inventory,0.0
855,adventuregame,NEW_FormatCheckingAgent_LLM_judge_clp_chat,home_deliver_three_planning_hard_invlimittwo,episode_00022,other_room_argument,0.0
856,adventuregame,NEW_FormatCheckingAgent_LLM_judge_clp_chat,home_deliver_three_planning_hard_invlimittwo,episode_00022,domain_trait_type_mismatch,0.0
857,adventuregame,NEW_FormatCheckingAgent_LLM_judge_clp_chat,home_deliver_three_planning_hard_invlimittwo,episode_00022,domain_type_discrepancy,0.0
858,adventuregame,NEW_FormatCheckingAgent_LLM_judge_clp_chat,home_deliver_three_planning_hard_invlimittwo,episode_00022,world_state_discrepancy,0.0
859,adventuregame,NEW_FormatCheckingAgent_LLM_judge_clp_chat,home_deliver_three_planning_hard_invlimittwo,episode_00022,entity_not_accessible,0.0
860,adventuregame,NEW_FormatCheckingAgent_LLM_judge_clp_chat,home_deliver_three_planning_hard_invlimittwo,episode_00022,entity_state_mismatch,46.0
861,adventuregame,NEW_FormatCheckingAgent_LLM_judge_clp_chat,home_deliver_three_planning_hard_invlimittwo,episode_00022,entity_trait_mismatch,0.0
862,adventuregame,NEW_FormatCheckingAgent_LLM_judge_clp_chat,home_deliver_three_planning_hard_invlimittwo,episode_00022,entity_already_inventory,0.0
863,adventuregame,NEW_FormatCheckingAgent_LLM_judge_clp_chat,home_deliver_three_planning_hard_invlimittwo,episode_00022,going_to_current_room,0.0
864,adventuregame,NEW_FormatCheckingAgent_LLM_judge_clp_chat,home_deliver_three_planning_hard_invlimittwo,episode_00022,no_exit_to,0.0
865,adventuregame,NEW_FormatCheckingAgent_LLM_judge_clp_chat,home_deliver_three_planning_hard_invlimittwo,episode_00022,inventory_limit_exceeded,0.0
866,adventuregame,NEW_FormatCheckingAgent_LLM_judge_clp_chat,home_deliver_three_planning_hard_invlimittwo,episode_00022,successful_actions,4.0
867,adventuregame,NEW_FormatCheckingAgent_LLM_judge_clp_chat,home_deliver_three_planning_hard_invlimittwo,episode_00022,turn_limit_loss,1.0
868,adventuregame,NEW_FormatCheckingAgent_LLM_judge_clp_chat,home_deliver_three_planning_hard_invlimittwo,episode_00022,turns_over_par,
869,adventuregame,NEW_FormatCheckingAgent_LLM_judge_clp_chat,home_deliver_three_planning_hard_invlimittwo,episode_00022,turn_ratio,
870,adventuregame,NEW_FormatCheckingAgent_LLM_judge_clp_chat,home_deliver_three_planning_hard_invlimittwo,episode_00022,finish_speed,
871,adventuregame,NEW_FormatCheckingAgent_LLM_judge_clp_chat,home_deliver_three_planning_hard_invlimittwo,episode_00022,achieved_goal_ratio,0.0
872,adventuregame,NEW_FormatCheckingAgent_LLM_judge_clp_chat,home_deliver_three_planning_hard_invlimittwo,episode_00022,Aborted,1.0
873,adventuregame,NEW_FormatCheckingAgent_LLM_judge_clp_chat,home_deliver_three_planning_hard_invlimittwo,episode_00022,Success,0.0
874,adventuregame,NEW_FormatCheckingAgent_LLM_judge_clp_chat,home_deliver_three_planning_hard_invlimittwo,episode_00022,Lose,0.0
875,adventuregame,NEW_FormatCheckingAgent_LLM_judge_clp_chat,home_deliver_three_planning_hard_invlimittwo,episode_00022,Main Score,
876,adventuregame,NEW_FormatCheckingAgent_LLM_judge_clp_chat,home_deliver_three_planning_hard_invlimittwo,episode_00022,plan_followed_ratio,0.02
877,adventuregame,NEW_FormatCheckingAgent_LLM_judge_clp_chat,home_deliver_three_planning_hard_invlimittwo,episode_00022,plan_average_viability_ratio,0.95
878,adventuregame,NEW_FormatCheckingAgent_LLM_judge_clp_chat,home_deliver_three_planning_hard_invlimittwo,episode_00022,bad_plan_follow_ratio,0.0
879,adventuregame,NEW_FormatCheckingAgent_LLM_judge_clp_chat,home_deliver_three_planning_hard_invlimittwo,episode_00022,bad_plan_dismiss_ratio,1.0
880,adventuregame,NEW_FormatCheckingAgent_LLM_judge_clp_chat,home_deliver_three_planning_hard_invlimittwo,episode_00023,Violated Request Count,0.0
881,adventuregame,NEW_FormatCheckingAgent_LLM_judge_clp_chat,home_deliver_three_planning_hard_invlimittwo,episode_00023,Parsed Request Count,50.0
882,adventuregame,NEW_FormatCheckingAgent_LLM_judge_clp_chat,home_deliver_three_planning_hard_invlimittwo,episode_00023,Request Count,50.0
883,adventuregame,NEW_FormatCheckingAgent_LLM_judge_clp_chat,home_deliver_three_planning_hard_invlimittwo,episode_00023,Request Success Ratio,1.0
884,adventuregame,NEW_FormatCheckingAgent_LLM_judge_clp_chat,home_deliver_three_planning_hard_invlimittwo,episode_00023,hallucination_count,0.0
885,adventuregame,NEW_FormatCheckingAgent_LLM_judge_clp_chat,home_deliver_three_planning_hard_invlimittwo,episode_00023,action_parsing_fail,0.0
886,adventuregame,NEW_FormatCheckingAgent_LLM_judge_clp_chat,home_deliver_three_planning_hard_invlimittwo,episode_00023,action_resolution_fail,49.0
887,adventuregame,NEW_FormatCheckingAgent_LLM_judge_clp_chat,home_deliver_three_planning_hard_invlimittwo,episode_00023,lark_exception,0.0
888,adventuregame,NEW_FormatCheckingAgent_LLM_judge_clp_chat,home_deliver_three_planning_hard_invlimittwo,episode_00023,malformed_command,0.0
889,adventuregame,NEW_FormatCheckingAgent_LLM_judge_clp_chat,home_deliver_three_planning_hard_invlimittwo,episode_00023,undefined_action_verb,0.0
890,adventuregame,NEW_FormatCheckingAgent_LLM_judge_clp_chat,home_deliver_three_planning_hard_invlimittwo,episode_00023,undefined_action,0.0
891,adventuregame,NEW_FormatCheckingAgent_LLM_judge_clp_chat,home_deliver_three_planning_hard_invlimittwo,episode_00023,undefined_repr_str,0.0
892,adventuregame,NEW_FormatCheckingAgent_LLM_judge_clp_chat,home_deliver_three_planning_hard_invlimittwo,episode_00023,manipulating_room,0.0
893,adventuregame,NEW_FormatCheckingAgent_LLM_judge_clp_chat,home_deliver_three_planning_hard_invlimittwo,episode_00023,undefined_argument_type,0.0
894,adventuregame,NEW_FormatCheckingAgent_LLM_judge_clp_chat,home_deliver_three_planning_hard_invlimittwo,episode_00023,taking_from_inventory,0.0
895,adventuregame,NEW_FormatCheckingAgent_LLM_judge_clp_chat,home_deliver_three_planning_hard_invlimittwo,episode_00023,other_room_argument,0.0
896,adventuregame,NEW_FormatCheckingAgent_LLM_judge_clp_chat,home_deliver_three_planning_hard_invlimittwo,episode_00023,domain_trait_type_mismatch,0.0
897,adventuregame,NEW_FormatCheckingAgent_LLM_judge_clp_chat,home_deliver_three_planning_hard_invlimittwo,episode_00023,domain_type_discrepancy,0.0
898,adventuregame,NEW_FormatCheckingAgent_LLM_judge_clp_chat,home_deliver_three_planning_hard_invlimittwo,episode_00023,world_state_discrepancy,0.0
899,adventuregame,NEW_FormatCheckingAgent_LLM_judge_clp_chat,home_deliver_three_planning_hard_invlimittwo,episode_00023,entity_not_accessible,0.0
900,adventuregame,NEW_FormatCheckingAgent_LLM_judge_clp_chat,home_deliver_three_planning_hard_invlimittwo,episode_00023,entity_state_mismatch,49.0
901,adventuregame,NEW_FormatCheckingAgent_LLM_judge_clp_chat,home_deliver_three_planning_hard_invlimittwo,episode_00023,entity_trait_mismatch,0.0
902,adventuregame,NEW_FormatCheckingAgent_LLM_judge_clp_chat,home_deliver_three_planning_hard_invlimittwo,episode_00023,entity_already_inventory,0.0
903,adventuregame,NEW_FormatCheckingAgent_LLM_judge_clp_chat,home_deliver_three_planning_hard_invlimittwo,episode_00023,going_to_current_room,0.0
904,adventuregame,NEW_FormatCheckingAgent_LLM_judge_clp_chat,home_deliver_three_planning_hard_invlimittwo,episode_00023,no_exit_to,0.0
905,adventuregame,NEW_FormatCheckingAgent_LLM_judge_clp_chat,home_deliver_three_planning_hard_invlimittwo,episode_00023,inventory_limit_exceeded,0.0
906,adventuregame,NEW_FormatCheckingAgent_LLM_judge_clp_chat,home_deliver_three_planning_hard_invlimittwo,episode_00023,successful_actions,1.0
907,adventuregame,NEW_FormatCheckingAgent_LLM_judge_clp_chat,home_deliver_three_planning_hard_invlimittwo,episode_00023,turn_limit_loss,1.0
908,adventuregame,NEW_FormatCheckingAgent_LLM_judge_clp_chat,home_deliver_three_planning_hard_invlimittwo,episode_00023,turns_over_par,
909,adventuregame,NEW_FormatCheckingAgent_LLM_judge_clp_chat,home_deliver_three_planning_hard_invlimittwo,episode_00023,turn_ratio,
910,adventuregame,NEW_FormatCheckingAgent_LLM_judge_clp_chat,home_deliver_three_planning_hard_invlimittwo,episode_00023,finish_speed,
911,adventuregame,NEW_FormatCheckingAgent_LLM_judge_clp_chat,home_deliver_three_planning_hard_invlimittwo,episode_00023,achieved_goal_ratio,0.0
912,adventuregame,NEW_FormatCheckingAgent_LLM_judge_clp_chat,home_deliver_three_planning_hard_invlimittwo,episode_00023,Aborted,1.0
913,adventuregame,NEW_FormatCheckingAgent_LLM_judge_clp_chat,home_deliver_three_planning_hard_invlimittwo,episode_00023,Success,0.0
914,adventuregame,NEW_FormatCheckingAgent_LLM_judge_clp_chat,home_deliver_three_planning_hard_invlimittwo,episode_00023,Lose,0.0
915,adventuregame,NEW_FormatCheckingAgent_LLM_judge_clp_chat,home_deliver_three_planning_hard_invlimittwo,episode_00023,Main Score,
916,adventuregame,NEW_FormatCheckingAgent_LLM_judge_clp_chat,home_deliver_three_planning_hard_invlimittwo,episode_00023,plan_followed_ratio,0.0
917,adventuregame,NEW_FormatCheckingAgent_LLM_judge_clp_chat,home_deliver_three_planning_hard_invlimittwo,episode_00023,plan_average_viability_ratio,1.0
918,adventuregame,NEW_FormatCheckingAgent_LLM_judge_clp_chat,home_deliver_three_planning_hard_invlimittwo,episode_00023,bad_plan_follow_ratio,0.0
919,adventuregame,NEW_FormatCheckingAgent_LLM_judge_clp_chat,home_deliver_three_planning_hard_invlimittwo,episode_00023,bad_plan_dismiss_ratio,1.0
920,adventuregame,NEW_FormatCheckingAgent_LLM_judge_clp_chat,home_deliver_three_planning_hard_invlimittwo,episode_00024,Violated Request Count,0.0
921,adventuregame,NEW_FormatCheckingAgent_LLM_judge_clp_chat,home_deliver_three_planning_hard_invlimittwo,episode_00024,Parsed Request Count,50.0
922,adventuregame,NEW_FormatCheckingAgent_LLM_judge_clp_chat,home_deliver_three_planning_hard_invlimittwo,episode_00024,Request Count,50.0
923,adventuregame,NEW_FormatCheckingAgent_LLM_judge_clp_chat,home_deliver_three_planning_hard_invlimittwo,episode_00024,Request Success Ratio,1.0
924,adventuregame,NEW_FormatCheckingAgent_LLM_judge_clp_chat,home_deliver_three_planning_hard_invlimittwo,episode_00024,hallucination_count,0.0
925,adventuregame,NEW_FormatCheckingAgent_LLM_judge_clp_chat,home_deliver_three_planning_hard_invlimittwo,episode_00024,action_parsing_fail,0.0
926,adventuregame,NEW_FormatCheckingAgent_LLM_judge_clp_chat,home_deliver_three_planning_hard_invlimittwo,episode_00024,action_resolution_fail,35.0
927,adventuregame,NEW_FormatCheckingAgent_LLM_judge_clp_chat,home_deliver_three_planning_hard_invlimittwo,episode_00024,lark_exception,0.0
928,adventuregame,NEW_FormatCheckingAgent_LLM_judge_clp_chat,home_deliver_three_planning_hard_invlimittwo,episode_00024,malformed_command,0.0
929,adventuregame,NEW_FormatCheckingAgent_LLM_judge_clp_chat,home_deliver_three_planning_hard_invlimittwo,episode_00024,undefined_action_verb,0.0
930,adventuregame,NEW_FormatCheckingAgent_LLM_judge_clp_chat,home_deliver_three_planning_hard_invlimittwo,episode_00024,undefined_action,0.0
931,adventuregame,NEW_FormatCheckingAgent_LLM_judge_clp_chat,home_deliver_three_planning_hard_invlimittwo,episode_00024,undefined_repr_str,0.0
932,adventuregame,NEW_FormatCheckingAgent_LLM_judge_clp_chat,home_deliver_three_planning_hard_invlimittwo,episode_00024,manipulating_room,0.0
933,adventuregame,NEW_FormatCheckingAgent_LLM_judge_clp_chat,home_deliver_three_planning_hard_invlimittwo,episode_00024,undefined_argument_type,0.0
934,adventuregame,NEW_FormatCheckingAgent_LLM_judge_clp_chat,home_deliver_three_planning_hard_invlimittwo,episode_00024,taking_from_inventory,0.0
935,adventuregame,NEW_FormatCheckingAgent_LLM_judge_clp_chat,home_deliver_three_planning_hard_invlimittwo,episode_00024,other_room_argument,0.0
936,adventuregame,NEW_FormatCheckingAgent_LLM_judge_clp_chat,home_deliver_three_planning_hard_invlimittwo,episode_00024,domain_trait_type_mismatch,0.0
937,adventuregame,NEW_FormatCheckingAgent_LLM_judge_clp_chat,home_deliver_three_planning_hard_invlimittwo,episode_00024,domain_type_discrepancy,0.0
938,adventuregame,NEW_FormatCheckingAgent_LLM_judge_clp_chat,home_deliver_three_planning_hard_invlimittwo,episode_00024,world_state_discrepancy,0.0
939,adventuregame,NEW_FormatCheckingAgent_LLM_judge_clp_chat,home_deliver_three_planning_hard_invlimittwo,episode_00024,entity_not_accessible,4.0
940,adventuregame,NEW_FormatCheckingAgent_LLM_judge_clp_chat,home_deliver_three_planning_hard_invlimittwo,episode_00024,entity_state_mismatch,28.0
941,adventuregame,NEW_FormatCheckingAgent_LLM_judge_clp_chat,home_deliver_three_planning_hard_invlimittwo,episode_00024,entity_trait_mismatch,0.0
942,adventuregame,NEW_FormatCheckingAgent_LLM_judge_clp_chat,home_deliver_three_planning_hard_invlimittwo,episode_00024,entity_already_inventory,3.0
943,adventuregame,NEW_FormatCheckingAgent_LLM_judge_clp_chat,home_deliver_three_planning_hard_invlimittwo,episode_00024,going_to_current_room,0.0
944,adventuregame,NEW_FormatCheckingAgent_LLM_judge_clp_chat,home_deliver_three_planning_hard_invlimittwo,episode_00024,no_exit_to,0.0
945,adventuregame,NEW_FormatCheckingAgent_LLM_judge_clp_chat,home_deliver_three_planning_hard_invlimittwo,episode_00024,inventory_limit_exceeded,0.0
946,adventuregame,NEW_FormatCheckingAgent_LLM_judge_clp_chat,home_deliver_three_planning_hard_invlimittwo,episode_00024,successful_actions,15.0
947,adventuregame,NEW_FormatCheckingAgent_LLM_judge_clp_chat,home_deliver_three_planning_hard_invlimittwo,episode_00024,turn_limit_loss,1.0
948,adventuregame,NEW_FormatCheckingAgent_LLM_judge_clp_chat,home_deliver_three_planning_hard_invlimittwo,episode_00024,turns_over_par,
949,adventuregame,NEW_FormatCheckingAgent_LLM_judge_clp_chat,home_deliver_three_planning_hard_invlimittwo,episode_00024,turn_ratio,
950,adventuregame,NEW_FormatCheckingAgent_LLM_judge_clp_chat,home_deliver_three_planning_hard_invlimittwo,episode_00024,finish_speed,
951,adventuregame,NEW_FormatCheckingAgent_LLM_judge_clp_chat,home_deliver_three_planning_hard_invlimittwo,episode_00024,achieved_goal_ratio,0.0
952,adventuregame,NEW_FormatCheckingAgent_LLM_judge_clp_chat,home_deliver_three_planning_hard_invlimittwo,episode_00024,Aborted,1.0
953,adventuregame,NEW_FormatCheckingAgent_LLM_judge_clp_chat,home_deliver_three_planning_hard_invlimittwo,episode_00024,Success,0.0
954,adventuregame,NEW_FormatCheckingAgent_LLM_judge_clp_chat,home_deliver_three_planning_hard_invlimittwo,episode_00024,Lose,0.0
955,adventuregame,NEW_FormatCheckingAgent_LLM_judge_clp_chat,home_deliver_three_planning_hard_invlimittwo,episode_00024,Main Score,
956,adventuregame,NEW_FormatCheckingAgent_LLM_judge_clp_chat,home_deliver_three_planning_hard_invlimittwo,episode_00024,plan_followed_ratio,0.08
957,adventuregame,NEW_FormatCheckingAgent_LLM_judge_clp_chat,home_deliver_three_planning_hard_invlimittwo,episode_00024,plan_average_viability_ratio,0.41050216450216453
958,adventuregame,NEW_FormatCheckingAgent_LLM_judge_clp_chat,home_deliver_three_planning_hard_invlimittwo,episode_00024,bad_plan_follow_ratio,0.0
959,adventuregame,NEW_FormatCheckingAgent_LLM_judge_clp_chat,home_deliver_three_planning_hard_invlimittwo,episode_00024,bad_plan_dismiss_ratio,1.0
960,codenames,NEW_FormatCheckingAgent_LLM_judge_clp_chat,abstract,episode_00025,experiment variable,Word Concreteness
961,codenames,NEW_FormatCheckingAgent_LLM_judge_clp_chat,abstract,episode_00025,experiment name,abstract
962,codenames,NEW_FormatCheckingAgent_LLM_judge_clp_chat,abstract,episode_00025,Cluegiver strip words,2
963,codenames,NEW_FormatCheckingAgent_LLM_judge_clp_chat,abstract,episode_00025,Guesser strip words,0
964,codenames,NEW_FormatCheckingAgent_LLM_judge_clp_chat,abstract,episode_00025,Average Cluegiver Number of Targets,5
965,codenames,NEW_FormatCheckingAgent_LLM_judge_clp_chat,abstract,episode_00025,Average Cluegiver Team Precision,0.45
966,codenames,NEW_FormatCheckingAgent_LLM_judge_clp_chat,abstract,episode_00025,Average Cluegiver Team Recall,0.5
967,codenames,NEW_FormatCheckingAgent_LLM_judge_clp_chat,abstract,episode_00025,Average Cluegiver Team F1,0.473
968,codenames,NEW_FormatCheckingAgent_LLM_judge_clp_chat,abstract,episode_00025,Average Guesser Number of Guesses,5
969,codenames,NEW_FormatCheckingAgent_LLM_judge_clp_chat,abstract,episode_00025,Average Guesser Number of Revealed Words,0.5
970,codenames,NEW_FormatCheckingAgent_LLM_judge_clp_chat,abstract,episode_00025,Average Guesser Number of Unrevealed Guesses,4.5
971,codenames,NEW_FormatCheckingAgent_LLM_judge_clp_chat,abstract,episode_00025,Average Guesser Target Precision,0.5
972,codenames,NEW_FormatCheckingAgent_LLM_judge_clp_chat,abstract,episode_00025,Average Guesser Target Recall,0.05
973,codenames,NEW_FormatCheckingAgent_LLM_judge_clp_chat,abstract,episode_00025,Average Guesser Target F1,0.091
974,codenames,NEW_FormatCheckingAgent_LLM_judge_clp_chat,abstract,episode_00025,Average Guesser Team Precision,0.0
975,codenames,NEW_FormatCheckingAgent_LLM_judge_clp_chat,abstract,episode_00025,Average Guesser Team Recall,0.0
976,codenames,NEW_FormatCheckingAgent_LLM_judge_clp_chat,abstract,episode_00025,Average Guesser Team F1,0
977,codenames,NEW_FormatCheckingAgent_LLM_judge_clp_chat,abstract,episode_00025,Aborted,1
978,codenames,NEW_FormatCheckingAgent_LLM_judge_clp_chat,abstract,episode_00025,Lose,0
979,codenames,NEW_FormatCheckingAgent_LLM_judge_clp_chat,abstract,episode_00025,Success,0
980,codenames,NEW_FormatCheckingAgent_LLM_judge_clp_chat,abstract,episode_00025,Game ended through assassin,0
981,codenames,NEW_FormatCheckingAgent_LLM_judge_clp_chat,abstract,episode_00025,Episode Recall,0.0
982,codenames,NEW_FormatCheckingAgent_LLM_judge_clp_chat,abstract,episode_00025,Episode Negative Recall,0.938
983,codenames,NEW_FormatCheckingAgent_LLM_judge_clp_chat,abstract,episode_00025,Number of turns,2
984,codenames,NEW_FormatCheckingAgent_LLM_judge_clp_chat,abstract,episode_00025,Efficiency,1
985,codenames,NEW_FormatCheckingAgent_LLM_judge_clp_chat,abstract,episode_00025,Request Count,3
986,codenames,NEW_FormatCheckingAgent_LLM_judge_clp_chat,abstract,episode_00025,Parsed Request Count,2
987,codenames,NEW_FormatCheckingAgent_LLM_judge_clp_chat,abstract,episode_00025,Violated Request Count,1
988,codenames,NEW_FormatCheckingAgent_LLM_judge_clp_chat,abstract,episode_00025,Request Success Ratio,0.667
989,codenames,NEW_FormatCheckingAgent_LLM_judge_clp_chat,abstract,episode_00025,Main Score,
990,codenames,NEW_FormatCheckingAgent_LLM_judge_clp_chat,abstract,episode_00026,experiment variable,Word Concreteness
991,codenames,NEW_FormatCheckingAgent_LLM_judge_clp_chat,abstract,episode_00026,experiment name,abstract
992,codenames,NEW_FormatCheckingAgent_LLM_judge_clp_chat,abstract,episode_00026,Cluegiver strip words,1
993,codenames,NEW_FormatCheckingAgent_LLM_judge_clp_chat,abstract,episode_00026,Guesser strip words,0
994,codenames,NEW_FormatCheckingAgent_LLM_judge_clp_chat,abstract,episode_00026,Average Cluegiver Number of Targets,6
995,codenames,NEW_FormatCheckingAgent_LLM_judge_clp_chat,abstract,episode_00026,Average Cluegiver Team Precision,1.0
996,codenames,NEW_FormatCheckingAgent_LLM_judge_clp_chat,abstract,episode_00026,Average Cluegiver Team Recall,0.667
997,codenames,NEW_FormatCheckingAgent_LLM_judge_clp_chat,abstract,episode_00026,Average Cluegiver Team F1,0.8
998,codenames,NEW_FormatCheckingAgent_LLM_judge_clp_chat,abstract,episode_00026,Average Guesser Number of Guesses,0
999,codenames,NEW_FormatCheckingAgent_LLM_judge_clp_chat,abstract,episode_00026,Average Guesser Number of Revealed Words,0
1000,codenames,NEW_FormatCheckingAgent_LLM_judge_clp_chat,abstract,episode_00026,Average Guesser Number of Unrevealed Guesses,0
1001,codenames,NEW_FormatCheckingAgent_LLM_judge_clp_chat,abstract,episode_00026,Average Guesser Target Precision,0
1002,codenames,NEW_FormatCheckingAgent_LLM_judge_clp_chat,abstract,episode_00026,Average Guesser Target Recall,0.0
1003,codenames,NEW_FormatCheckingAgent_LLM_judge_clp_chat,abstract,episode_00026,Average Guesser Target F1,0
1004,codenames,NEW_FormatCheckingAgent_LLM_judge_clp_chat,abstract,episode_00026,Average Guesser Team Precision,0
1005,codenames,NEW_FormatCheckingAgent_LLM_judge_clp_chat,abstract,episode_00026,Average Guesser Team Recall,0.0
1006,codenames,NEW_FormatCheckingAgent_LLM_judge_clp_chat,abstract,episode_00026,Average Guesser Team F1,0
1007,codenames,NEW_FormatCheckingAgent_LLM_judge_clp_chat,abstract,episode_00026,Aborted,1
1008,codenames,NEW_FormatCheckingAgent_LLM_judge_clp_chat,abstract,episode_00026,Lose,0
1009,codenames,NEW_FormatCheckingAgent_LLM_judge_clp_chat,abstract,episode_00026,Success,0
1010,codenames,NEW_FormatCheckingAgent_LLM_judge_clp_chat,abstract,episode_00026,Game ended through assassin,0
1011,codenames,NEW_FormatCheckingAgent_LLM_judge_clp_chat,abstract,episode_00026,Episode Recall,0.0
1012,codenames,NEW_FormatCheckingAgent_LLM_judge_clp_chat,abstract,episode_00026,Episode Negative Recall,1.0
1013,codenames,NEW_FormatCheckingAgent_LLM_judge_clp_chat,abstract,episode_00026,Number of turns,2
1014,codenames,NEW_FormatCheckingAgent_LLM_judge_clp_chat,abstract,episode_00026,Efficiency,0.0
1015,codenames,NEW_FormatCheckingAgent_LLM_judge_clp_chat,abstract,episode_00026,Request Count,2
1016,codenames,NEW_FormatCheckingAgent_LLM_judge_clp_chat,abstract,episode_00026,Parsed Request Count,1
1017,codenames,NEW_FormatCheckingAgent_LLM_judge_clp_chat,abstract,episode_00026,Violated Request Count,1
1018,codenames,NEW_FormatCheckingAgent_LLM_judge_clp_chat,abstract,episode_00026,Request Success Ratio,0.5
1019,codenames,NEW_FormatCheckingAgent_LLM_judge_clp_chat,abstract,episode_00026,Main Score,
1020,codenames,NEW_FormatCheckingAgent_LLM_judge_clp_chat,ambiguous,episode_00021,experiment variable,Word Ambiguity
1021,codenames,NEW_FormatCheckingAgent_LLM_judge_clp_chat,ambiguous,episode_00021,experiment name,ambiguous
1022,codenames,NEW_FormatCheckingAgent_LLM_judge_clp_chat,ambiguous,episode_00021,Cluegiver strip words,1
1023,codenames,NEW_FormatCheckingAgent_LLM_judge_clp_chat,ambiguous,episode_00021,Guesser strip words,0
1024,codenames,NEW_FormatCheckingAgent_LLM_judge_clp_chat,ambiguous,episode_00021,Average Cluegiver Number of Targets,0
1025,codenames,NEW_FormatCheckingAgent_LLM_judge_clp_chat,ambiguous,episode_00021,Average Cluegiver Team Precision,0
1026,codenames,NEW_FormatCheckingAgent_LLM_judge_clp_chat,ambiguous,episode_00021,Average Cluegiver Team Recall,0.0
1027,codenames,NEW_FormatCheckingAgent_LLM_judge_clp_chat,ambiguous,episode_00021,Average Cluegiver Team F1,0
1028,codenames,NEW_FormatCheckingAgent_LLM_judge_clp_chat,ambiguous,episode_00021,Average Guesser Number of Guesses,0
1029,codenames,NEW_FormatCheckingAgent_LLM_judge_clp_chat,ambiguous,episode_00021,Average Guesser Number of Revealed Words,0
1030,codenames,NEW_FormatCheckingAgent_LLM_judge_clp_chat,ambiguous,episode_00021,Average Guesser Number of Unrevealed Guesses,0
1031,codenames,NEW_FormatCheckingAgent_LLM_judge_clp_chat,ambiguous,episode_00021,Average Guesser Target Precision,0
1032,codenames,NEW_FormatCheckingAgent_LLM_judge_clp_chat,ambiguous,episode_00021,Average Guesser Target Recall,0
1033,codenames,NEW_FormatCheckingAgent_LLM_judge_clp_chat,ambiguous,episode_00021,Average Guesser Target F1,0
1034,codenames,NEW_FormatCheckingAgent_LLM_judge_clp_chat,ambiguous,episode_00021,Average Guesser Team Precision,0
1035,codenames,NEW_FormatCheckingAgent_LLM_judge_clp_chat,ambiguous,episode_00021,Average Guesser Team Recall,0.0
1036,codenames,NEW_FormatCheckingAgent_LLM_judge_clp_chat,ambiguous,episode_00021,Average Guesser Team F1,0
1037,codenames,NEW_FormatCheckingAgent_LLM_judge_clp_chat,ambiguous,episode_00021,Aborted,1
1038,codenames,NEW_FormatCheckingAgent_LLM_judge_clp_chat,ambiguous,episode_00021,Lose,0
1039,codenames,NEW_FormatCheckingAgent_LLM_judge_clp_chat,ambiguous,episode_00021,Success,0
1040,codenames,NEW_FormatCheckingAgent_LLM_judge_clp_chat,ambiguous,episode_00021,Game ended through assassin,0
1041,codenames,NEW_FormatCheckingAgent_LLM_judge_clp_chat,ambiguous,episode_00021,Episode Recall,0.0
1042,codenames,NEW_FormatCheckingAgent_LLM_judge_clp_chat,ambiguous,episode_00021,Episode Negative Recall,1.0
1043,codenames,NEW_FormatCheckingAgent_LLM_judge_clp_chat,ambiguous,episode_00021,Number of turns,1
1044,codenames,NEW_FormatCheckingAgent_LLM_judge_clp_chat,ambiguous,episode_00021,Efficiency,0.0
1045,codenames,NEW_FormatCheckingAgent_LLM_judge_clp_chat,ambiguous,episode_00021,Request Count,1
1046,codenames,NEW_FormatCheckingAgent_LLM_judge_clp_chat,ambiguous,episode_00021,Parsed Request Count,0
1047,codenames,NEW_FormatCheckingAgent_LLM_judge_clp_chat,ambiguous,episode_00021,Violated Request Count,1
1048,codenames,NEW_FormatCheckingAgent_LLM_judge_clp_chat,ambiguous,episode_00021,Request Success Ratio,0.0
1049,codenames,NEW_FormatCheckingAgent_LLM_judge_clp_chat,ambiguous,episode_00021,Main Score,
1050,codenames,NEW_FormatCheckingAgent_LLM_judge_clp_chat,ambiguous,episode_00022,experiment variable,Word Ambiguity
1051,codenames,NEW_FormatCheckingAgent_LLM_judge_clp_chat,ambiguous,episode_00022,experiment name,ambiguous
1052,codenames,NEW_FormatCheckingAgent_LLM_judge_clp_chat,ambiguous,episode_00022,Cluegiver strip words,1
1053,codenames,NEW_FormatCheckingAgent_LLM_judge_clp_chat,ambiguous,episode_00022,Guesser strip words,0
1054,codenames,NEW_FormatCheckingAgent_LLM_judge_clp_chat,ambiguous,episode_00022,Average Cluegiver Number of Targets,0
1055,codenames,NEW_FormatCheckingAgent_LLM_judge_clp_chat,ambiguous,episode_00022,Average Cluegiver Team Precision,0
1056,codenames,NEW_FormatCheckingAgent_LLM_judge_clp_chat,ambiguous,episode_00022,Average Cluegiver Team Recall,0.0
1057,codenames,NEW_FormatCheckingAgent_LLM_judge_clp_chat,ambiguous,episode_00022,Average Cluegiver Team F1,0
1058,codenames,NEW_FormatCheckingAgent_LLM_judge_clp_chat,ambiguous,episode_00022,Average Guesser Number of Guesses,0
1059,codenames,NEW_FormatCheckingAgent_LLM_judge_clp_chat,ambiguous,episode_00022,Average Guesser Number of Revealed Words,0
1060,codenames,NEW_FormatCheckingAgent_LLM_judge_clp_chat,ambiguous,episode_00022,Average Guesser Number of Unrevealed Guesses,0
1061,codenames,NEW_FormatCheckingAgent_LLM_judge_clp_chat,ambiguous,episode_00022,Average Guesser Target Precision,0
1062,codenames,NEW_FormatCheckingAgent_LLM_judge_clp_chat,ambiguous,episode_00022,Average Guesser Target Recall,0
1063,codenames,NEW_FormatCheckingAgent_LLM_judge_clp_chat,ambiguous,episode_00022,Average Guesser Target F1,0
1064,codenames,NEW_FormatCheckingAgent_LLM_judge_clp_chat,ambiguous,episode_00022,Average Guesser Team Precision,0
1065,codenames,NEW_FormatCheckingAgent_LLM_judge_clp_chat,ambiguous,episode_00022,Average Guesser Team Recall,0.0
1066,codenames,NEW_FormatCheckingAgent_LLM_judge_clp_chat,ambiguous,episode_00022,Average Guesser Team F1,0
1067,codenames,NEW_FormatCheckingAgent_LLM_judge_clp_chat,ambiguous,episode_00022,Aborted,1
1068,codenames,NEW_FormatCheckingAgent_LLM_judge_clp_chat,ambiguous,episode_00022,Lose,0
1069,codenames,NEW_FormatCheckingAgent_LLM_judge_clp_chat,ambiguous,episode_00022,Success,0
1070,codenames,NEW_FormatCheckingAgent_LLM_judge_clp_chat,ambiguous,episode_00022,Game ended through assassin,0
1071,codenames,NEW_FormatCheckingAgent_LLM_judge_clp_chat,ambiguous,episode_00022,Episode Recall,0.0
1072,codenames,NEW_FormatCheckingAgent_LLM_judge_clp_chat,ambiguous,episode_00022,Episode Negative Recall,1.0
1073,codenames,NEW_FormatCheckingAgent_LLM_judge_clp_chat,ambiguous,episode_00022,Number of turns,1
1074,codenames,NEW_FormatCheckingAgent_LLM_judge_clp_chat,ambiguous,episode_00022,Efficiency,0.0
1075,codenames,NEW_FormatCheckingAgent_LLM_judge_clp_chat,ambiguous,episode_00022,Request Count,1
1076,codenames,NEW_FormatCheckingAgent_LLM_judge_clp_chat,ambiguous,episode_00022,Parsed Request Count,0
1077,codenames,NEW_FormatCheckingAgent_LLM_judge_clp_chat,ambiguous,episode_00022,Violated Request Count,1
1078,codenames,NEW_FormatCheckingAgent_LLM_judge_clp_chat,ambiguous,episode_00022,Request Success Ratio,0.0
1079,codenames,NEW_FormatCheckingAgent_LLM_judge_clp_chat,ambiguous,episode_00022,Main Score,
1080,codenames,NEW_FormatCheckingAgent_LLM_judge_clp_chat,association_difficult,episode_00007,experiment variable,Word Assignments
1081,codenames,NEW_FormatCheckingAgent_LLM_judge_clp_chat,association_difficult,episode_00007,experiment name,association_difficult
1082,codenames,NEW_FormatCheckingAgent_LLM_judge_clp_chat,association_difficult,episode_00007,Cluegiver strip words,1
1083,codenames,NEW_FormatCheckingAgent_LLM_judge_clp_chat,association_difficult,episode_00007,Guesser strip words,0
1084,codenames,NEW_FormatCheckingAgent_LLM_judge_clp_chat,association_difficult,episode_00007,Average Cluegiver Number of Targets,6
1085,codenames,NEW_FormatCheckingAgent_LLM_judge_clp_chat,association_difficult,episode_00007,Average Cluegiver Team Precision,1.0
1086,codenames,NEW_FormatCheckingAgent_LLM_judge_clp_chat,association_difficult,episode_00007,Average Cluegiver Team Recall,0.667
1087,codenames,NEW_FormatCheckingAgent_LLM_judge_clp_chat,association_difficult,episode_00007,Average Cluegiver Team F1,0.8
1088,codenames,NEW_FormatCheckingAgent_LLM_judge_clp_chat,association_difficult,episode_00007,Average Guesser Number of Guesses,0
1089,codenames,NEW_FormatCheckingAgent_LLM_judge_clp_chat,association_difficult,episode_00007,Average Guesser Number of Revealed Words,0
1090,codenames,NEW_FormatCheckingAgent_LLM_judge_clp_chat,association_difficult,episode_00007,Average Guesser Number of Unrevealed Guesses,0
1091,codenames,NEW_FormatCheckingAgent_LLM_judge_clp_chat,association_difficult,episode_00007,Average Guesser Target Precision,0
1092,codenames,NEW_FormatCheckingAgent_LLM_judge_clp_chat,association_difficult,episode_00007,Average Guesser Target Recall,0.0
1093,codenames,NEW_FormatCheckingAgent_LLM_judge_clp_chat,association_difficult,episode_00007,Average Guesser Target F1,0
1094,codenames,NEW_FormatCheckingAgent_LLM_judge_clp_chat,association_difficult,episode_00007,Average Guesser Team Precision,0
1095,codenames,NEW_FormatCheckingAgent_LLM_judge_clp_chat,association_difficult,episode_00007,Average Guesser Team Recall,0.0
1096,codenames,NEW_FormatCheckingAgent_LLM_judge_clp_chat,association_difficult,episode_00007,Average Guesser Team F1,0
1097,codenames,NEW_FormatCheckingAgent_LLM_judge_clp_chat,association_difficult,episode_00007,Aborted,1
1098,codenames,NEW_FormatCheckingAgent_LLM_judge_clp_chat,association_difficult,episode_00007,Lose,0
1099,codenames,NEW_FormatCheckingAgent_LLM_judge_clp_chat,association_difficult,episode_00007,Success,0
1100,codenames,NEW_FormatCheckingAgent_LLM_judge_clp_chat,association_difficult,episode_00007,Game ended through assassin,0
1101,codenames,NEW_FormatCheckingAgent_LLM_judge_clp_chat,association_difficult,episode_00007,Episode Recall,0.0
1102,codenames,NEW_FormatCheckingAgent_LLM_judge_clp_chat,association_difficult,episode_00007,Episode Negative Recall,1.0
1103,codenames,NEW_FormatCheckingAgent_LLM_judge_clp_chat,association_difficult,episode_00007,Number of turns,2
1104,codenames,NEW_FormatCheckingAgent_LLM_judge_clp_chat,association_difficult,episode_00007,Efficiency,0.0
1105,codenames,NEW_FormatCheckingAgent_LLM_judge_clp_chat,association_difficult,episode_00007,Request Count,2
1106,codenames,NEW_FormatCheckingAgent_LLM_judge_clp_chat,association_difficult,episode_00007,Parsed Request Count,1
1107,codenames,NEW_FormatCheckingAgent_LLM_judge_clp_chat,association_difficult,episode_00007,Violated Request Count,1
1108,codenames,NEW_FormatCheckingAgent_LLM_judge_clp_chat,association_difficult,episode_00007,Request Success Ratio,0.5
1109,codenames,NEW_FormatCheckingAgent_LLM_judge_clp_chat,association_difficult,episode_00007,Main Score,
1110,codenames,NEW_FormatCheckingAgent_LLM_judge_clp_chat,association_difficult,episode_00008,experiment variable,Word Assignments
1111,codenames,NEW_FormatCheckingAgent_LLM_judge_clp_chat,association_difficult,episode_00008,experiment name,association_difficult
1112,codenames,NEW_FormatCheckingAgent_LLM_judge_clp_chat,association_difficult,episode_00008,Cluegiver strip words,1
1113,codenames,NEW_FormatCheckingAgent_LLM_judge_clp_chat,association_difficult,episode_00008,Guesser strip words,0
1114,codenames,NEW_FormatCheckingAgent_LLM_judge_clp_chat,association_difficult,episode_00008,Average Cluegiver Number of Targets,0
1115,codenames,NEW_FormatCheckingAgent_LLM_judge_clp_chat,association_difficult,episode_00008,Average Cluegiver Team Precision,0
1116,codenames,NEW_FormatCheckingAgent_LLM_judge_clp_chat,association_difficult,episode_00008,Average Cluegiver Team Recall,0.0
1117,codenames,NEW_FormatCheckingAgent_LLM_judge_clp_chat,association_difficult,episode_00008,Average Cluegiver Team F1,0
1118,codenames,NEW_FormatCheckingAgent_LLM_judge_clp_chat,association_difficult,episode_00008,Average Guesser Number of Guesses,0
1119,codenames,NEW_FormatCheckingAgent_LLM_judge_clp_chat,association_difficult,episode_00008,Average Guesser Number of Revealed Words,0
1120,codenames,NEW_FormatCheckingAgent_LLM_judge_clp_chat,association_difficult,episode_00008,Average Guesser Number of Unrevealed Guesses,0
1121,codenames,NEW_FormatCheckingAgent_LLM_judge_clp_chat,association_difficult,episode_00008,Average Guesser Target Precision,0
1122,codenames,NEW_FormatCheckingAgent_LLM_judge_clp_chat,association_difficult,episode_00008,Average Guesser Target Recall,0
1123,codenames,NEW_FormatCheckingAgent_LLM_judge_clp_chat,association_difficult,episode_00008,Average Guesser Target F1,0
1124,codenames,NEW_FormatCheckingAgent_LLM_judge_clp_chat,association_difficult,episode_00008,Average Guesser Team Precision,0
1125,codenames,NEW_FormatCheckingAgent_LLM_judge_clp_chat,association_difficult,episode_00008,Average Guesser Team Recall,0.0
1126,codenames,NEW_FormatCheckingAgent_LLM_judge_clp_chat,association_difficult,episode_00008,Average Guesser Team F1,0
1127,codenames,NEW_FormatCheckingAgent_LLM_judge_clp_chat,association_difficult,episode_00008,Aborted,1
1128,codenames,NEW_FormatCheckingAgent_LLM_judge_clp_chat,association_difficult,episode_00008,Lose,0
1129,codenames,NEW_FormatCheckingAgent_LLM_judge_clp_chat,association_difficult,episode_00008,Success,0
1130,codenames,NEW_FormatCheckingAgent_LLM_judge_clp_chat,association_difficult,episode_00008,Game ended through assassin,0
1131,codenames,NEW_FormatCheckingAgent_LLM_judge_clp_chat,association_difficult,episode_00008,Episode Recall,0.0
1132,codenames,NEW_FormatCheckingAgent_LLM_judge_clp_chat,association_difficult,episode_00008,Episode Negative Recall,1.0
1133,codenames,NEW_FormatCheckingAgent_LLM_judge_clp_chat,association_difficult,episode_00008,Number of turns,1
1134,codenames,NEW_FormatCheckingAgent_LLM_judge_clp_chat,association_difficult,episode_00008,Efficiency,0.0
1135,codenames,NEW_FormatCheckingAgent_LLM_judge_clp_chat,association_difficult,episode_00008,Request Count,1
1136,codenames,NEW_FormatCheckingAgent_LLM_judge_clp_chat,association_difficult,episode_00008,Parsed Request Count,0
1137,codenames,NEW_FormatCheckingAgent_LLM_judge_clp_chat,association_difficult,episode_00008,Violated Request Count,1
1138,codenames,NEW_FormatCheckingAgent_LLM_judge_clp_chat,association_difficult,episode_00008,Request Success Ratio,0.0
1139,codenames,NEW_FormatCheckingAgent_LLM_judge_clp_chat,association_difficult,episode_00008,Main Score,
1140,codenames,NEW_FormatCheckingAgent_LLM_judge_clp_chat,association_easy,episode_00005,experiment variable,Word Assignments
1141,codenames,NEW_FormatCheckingAgent_LLM_judge_clp_chat,association_easy,episode_00005,experiment name,association_easy
1142,codenames,NEW_FormatCheckingAgent_LLM_judge_clp_chat,association_easy,episode_00005,Cluegiver strip words,2
1143,codenames,NEW_FormatCheckingAgent_LLM_judge_clp_chat,association_easy,episode_00005,Guesser strip words,0
1144,codenames,NEW_FormatCheckingAgent_LLM_judge_clp_chat,association_easy,episode_00005,Average Cluegiver Number of Targets,4.5
1145,codenames,NEW_FormatCheckingAgent_LLM_judge_clp_chat,association_easy,episode_00005,Average Cluegiver Team Precision,1.0
1146,codenames,NEW_FormatCheckingAgent_LLM_judge_clp_chat,association_easy,episode_00005,Average Cluegiver Team Recall,0.778
1147,codenames,NEW_FormatCheckingAgent_LLM_judge_clp_chat,association_easy,episode_00005,Average Cluegiver Team F1,0.857
1148,codenames,NEW_FormatCheckingAgent_LLM_judge_clp_chat,association_easy,episode_00005,Average Guesser Number of Guesses,4.5
1149,codenames,NEW_FormatCheckingAgent_LLM_judge_clp_chat,association_easy,episode_00005,Average Guesser Number of Revealed Words,4.5
1150,codenames,NEW_FormatCheckingAgent_LLM_judge_clp_chat,association_easy,episode_00005,Average Guesser Number of Unrevealed Guesses,0
1151,codenames,NEW_FormatCheckingAgent_LLM_judge_clp_chat,association_easy,episode_00005,Average Guesser Target Precision,1.0
1152,codenames,NEW_FormatCheckingAgent_LLM_judge_clp_chat,association_easy,episode_00005,Average Guesser Target Recall,1.0
1153,codenames,NEW_FormatCheckingAgent_LLM_judge_clp_chat,association_easy,episode_00005,Average Guesser Target F1,1.0
1154,codenames,NEW_FormatCheckingAgent_LLM_judge_clp_chat,association_easy,episode_00005,Average Guesser Team Precision,1.0
1155,codenames,NEW_FormatCheckingAgent_LLM_judge_clp_chat,association_easy,episode_00005,Average Guesser Team Recall,0.778
1156,codenames,NEW_FormatCheckingAgent_LLM_judge_clp_chat,association_easy,episode_00005,Average Guesser Team F1,0.857
1157,codenames,NEW_FormatCheckingAgent_LLM_judge_clp_chat,association_easy,episode_00005,Aborted,0
1158,codenames,NEW_FormatCheckingAgent_LLM_judge_clp_chat,association_easy,episode_00005,Lose,0
1159,codenames,NEW_FormatCheckingAgent_LLM_judge_clp_chat,association_easy,episode_00005,Success,1
1160,codenames,NEW_FormatCheckingAgent_LLM_judge_clp_chat,association_easy,episode_00005,Game ended through assassin,0
1161,codenames,NEW_FormatCheckingAgent_LLM_judge_clp_chat,association_easy,episode_00005,Episode Recall,1.0
1162,codenames,NEW_FormatCheckingAgent_LLM_judge_clp_chat,association_easy,episode_00005,Episode Negative Recall,1.0
1163,codenames,NEW_FormatCheckingAgent_LLM_judge_clp_chat,association_easy,episode_00005,Number of turns,3
1164,codenames,NEW_FormatCheckingAgent_LLM_judge_clp_chat,association_easy,episode_00005,Efficiency,1
1165,codenames,NEW_FormatCheckingAgent_LLM_judge_clp_chat,association_easy,episode_00005,Request Count,4
1166,codenames,NEW_FormatCheckingAgent_LLM_judge_clp_chat,association_easy,episode_00005,Parsed Request Count,4
1167,codenames,NEW_FormatCheckingAgent_LLM_judge_clp_chat,association_easy,episode_00005,Violated Request Count,0
1168,codenames,NEW_FormatCheckingAgent_LLM_judge_clp_chat,association_easy,episode_00005,Request Success Ratio,1.0
1169,codenames,NEW_FormatCheckingAgent_LLM_judge_clp_chat,association_easy,episode_00005,Main Score,100
1170,codenames,NEW_FormatCheckingAgent_LLM_judge_clp_chat,association_easy,episode_00006,experiment variable,Word Assignments
1171,codenames,NEW_FormatCheckingAgent_LLM_judge_clp_chat,association_easy,episode_00006,experiment name,association_easy
1172,codenames,NEW_FormatCheckingAgent_LLM_judge_clp_chat,association_easy,episode_00006,Cluegiver strip words,3
1173,codenames,NEW_FormatCheckingAgent_LLM_judge_clp_chat,association_easy,episode_00006,Guesser strip words,0
1174,codenames,NEW_FormatCheckingAgent_LLM_judge_clp_chat,association_easy,episode_00006,Average Cluegiver Number of Targets,5.667
1175,codenames,NEW_FormatCheckingAgent_LLM_judge_clp_chat,association_easy,episode_00006,Average Cluegiver Team Precision,1.0
1176,codenames,NEW_FormatCheckingAgent_LLM_judge_clp_chat,association_easy,episode_00006,Average Cluegiver Team Recall,0.917
1177,codenames,NEW_FormatCheckingAgent_LLM_judge_clp_chat,association_easy,episode_00006,Average Cluegiver Team F1,0.952
1178,codenames,NEW_FormatCheckingAgent_LLM_judge_clp_chat,association_easy,episode_00006,Average Guesser Number of Guesses,5.667
1179,codenames,NEW_FormatCheckingAgent_LLM_judge_clp_chat,association_easy,episode_00006,Average Guesser Number of Revealed Words,3.333
1180,codenames,NEW_FormatCheckingAgent_LLM_judge_clp_chat,association_easy,episode_00006,Average Guesser Number of Unrevealed Guesses,2.333
1181,codenames,NEW_FormatCheckingAgent_LLM_judge_clp_chat,association_easy,episode_00006,Average Guesser Target Precision,0.833
1182,codenames,NEW_FormatCheckingAgent_LLM_judge_clp_chat,association_easy,episode_00006,Average Guesser Target Recall,0.704
1183,codenames,NEW_FormatCheckingAgent_LLM_judge_clp_chat,association_easy,episode_00006,Average Guesser Target F1,0.727
1184,codenames,NEW_FormatCheckingAgent_LLM_judge_clp_chat,association_easy,episode_00006,Average Guesser Team Precision,0.833
1185,codenames,NEW_FormatCheckingAgent_LLM_judge_clp_chat,association_easy,episode_00006,Average Guesser Team Recall,0.62
1186,codenames,NEW_FormatCheckingAgent_LLM_judge_clp_chat,association_easy,episode_00006,Average Guesser Team F1,0.68
1187,codenames,NEW_FormatCheckingAgent_LLM_judge_clp_chat,association_easy,episode_00006,Aborted,0
1188,codenames,NEW_FormatCheckingAgent_LLM_judge_clp_chat,association_easy,episode_00006,Lose,0
1189,codenames,NEW_FormatCheckingAgent_LLM_judge_clp_chat,association_easy,episode_00006,Success,1
1190,codenames,NEW_FormatCheckingAgent_LLM_judge_clp_chat,association_easy,episode_00006,Game ended through assassin,0
1191,codenames,NEW_FormatCheckingAgent_LLM_judge_clp_chat,association_easy,episode_00006,Episode Recall,1.0
1192,codenames,NEW_FormatCheckingAgent_LLM_judge_clp_chat,association_easy,episode_00006,Episode Negative Recall,0.938
1193,codenames,NEW_FormatCheckingAgent_LLM_judge_clp_chat,association_easy,episode_00006,Number of turns,4
1194,codenames,NEW_FormatCheckingAgent_LLM_judge_clp_chat,association_easy,episode_00006,Efficiency,1
1195,codenames,NEW_FormatCheckingAgent_LLM_judge_clp_chat,association_easy,episode_00006,Request Count,6
1196,codenames,NEW_FormatCheckingAgent_LLM_judge_clp_chat,association_easy,episode_00006,Parsed Request Count,6
1197,codenames,NEW_FormatCheckingAgent_LLM_judge_clp_chat,association_easy,episode_00006,Violated Request Count,0
1198,codenames,NEW_FormatCheckingAgent_LLM_judge_clp_chat,association_easy,episode_00006,Request Success Ratio,1.0
1199,codenames,NEW_FormatCheckingAgent_LLM_judge_clp_chat,association_easy,episode_00006,Main Score,100
1200,codenames,NEW_FormatCheckingAgent_LLM_judge_clp_chat,concrete,episode_00023,experiment variable,Word Concreteness
1201,codenames,NEW_FormatCheckingAgent_LLM_judge_clp_chat,concrete,episode_00023,experiment name,concrete
1202,codenames,NEW_FormatCheckingAgent_LLM_judge_clp_chat,concrete,episode_00023,Cluegiver strip words,3
1203,codenames,NEW_FormatCheckingAgent_LLM_judge_clp_chat,concrete,episode_00023,Guesser strip words,0
1204,codenames,NEW_FormatCheckingAgent_LLM_judge_clp_chat,concrete,episode_00023,Average Cluegiver Number of Targets,5.667
1205,codenames,NEW_FormatCheckingAgent_LLM_judge_clp_chat,concrete,episode_00023,Average Cluegiver Team Precision,0.833
1206,codenames,NEW_FormatCheckingAgent_LLM_judge_clp_chat,concrete,episode_00023,Average Cluegiver Team Recall,0.63
1207,codenames,NEW_FormatCheckingAgent_LLM_judge_clp_chat,concrete,episode_00023,Average Cluegiver Team F1,0.703
1208,codenames,NEW_FormatCheckingAgent_LLM_judge_clp_chat,concrete,episode_00023,Average Guesser Number of Guesses,5.667
1209,codenames,NEW_FormatCheckingAgent_LLM_judge_clp_chat,concrete,episode_00023,Average Guesser Number of Revealed Words,2
1210,codenames,NEW_FormatCheckingAgent_LLM_judge_clp_chat,concrete,episode_00023,Average Guesser Number of Unrevealed Guesses,3.667
1211,codenames,NEW_FormatCheckingAgent_LLM_judge_clp_chat,concrete,episode_00023,Average Guesser Target Precision,0.583
1212,codenames,NEW_FormatCheckingAgent_LLM_judge_clp_chat,concrete,episode_00023,Average Guesser Target Recall,0.194
1213,codenames,NEW_FormatCheckingAgent_LLM_judge_clp_chat,concrete,episode_00023,Average Guesser Target F1,0.287
1214,codenames,NEW_FormatCheckingAgent_LLM_judge_clp_chat,concrete,episode_00023,Average Guesser Team Precision,0.25
1215,codenames,NEW_FormatCheckingAgent_LLM_judge_clp_chat,concrete,episode_00023,Average Guesser Team Recall,0.111
1216,codenames,NEW_FormatCheckingAgent_LLM_judge_clp_chat,concrete,episode_00023,Average Guesser Team F1,0.154
1217,codenames,NEW_FormatCheckingAgent_LLM_judge_clp_chat,concrete,episode_00023,Aborted,0
1218,codenames,NEW_FormatCheckingAgent_LLM_judge_clp_chat,concrete,episode_00023,Lose,1
1219,codenames,NEW_FormatCheckingAgent_LLM_judge_clp_chat,concrete,episode_00023,Success,0
1220,codenames,NEW_FormatCheckingAgent_LLM_judge_clp_chat,concrete,episode_00023,Game ended through assassin,1
1221,codenames,NEW_FormatCheckingAgent_LLM_judge_clp_chat,concrete,episode_00023,Episode Recall,0.333
1222,codenames,NEW_FormatCheckingAgent_LLM_judge_clp_chat,concrete,episode_00023,Episode Negative Recall,0.812
1223,codenames,NEW_FormatCheckingAgent_LLM_judge_clp_chat,concrete,episode_00023,Number of turns,4
1224,codenames,NEW_FormatCheckingAgent_LLM_judge_clp_chat,concrete,episode_00023,Efficiency,1
1225,codenames,NEW_FormatCheckingAgent_LLM_judge_clp_chat,concrete,episode_00023,Request Count,6
1226,codenames,NEW_FormatCheckingAgent_LLM_judge_clp_chat,concrete,episode_00023,Parsed Request Count,6
1227,codenames,NEW_FormatCheckingAgent_LLM_judge_clp_chat,concrete,episode_00023,Violated Request Count,0
1228,codenames,NEW_FormatCheckingAgent_LLM_judge_clp_chat,concrete,episode_00023,Request Success Ratio,1.0
1229,codenames,NEW_FormatCheckingAgent_LLM_judge_clp_chat,concrete,episode_00023,Main Score,0
1230,codenames,NEW_FormatCheckingAgent_LLM_judge_clp_chat,concrete,episode_00024,experiment variable,Word Concreteness
1231,codenames,NEW_FormatCheckingAgent_LLM_judge_clp_chat,concrete,episode_00024,experiment name,concrete
1232,codenames,NEW_FormatCheckingAgent_LLM_judge_clp_chat,concrete,episode_00024,Cluegiver strip words,2
1233,codenames,NEW_FormatCheckingAgent_LLM_judge_clp_chat,concrete,episode_00024,Guesser strip words,0
1234,codenames,NEW_FormatCheckingAgent_LLM_judge_clp_chat,concrete,episode_00024,Average Cluegiver Number of Targets,6
1235,codenames,NEW_FormatCheckingAgent_LLM_judge_clp_chat,concrete,episode_00024,Average Cluegiver Team Precision,1.0
1236,codenames,NEW_FormatCheckingAgent_LLM_judge_clp_chat,concrete,episode_00024,Average Cluegiver Team Recall,0.688
1237,codenames,NEW_FormatCheckingAgent_LLM_judge_clp_chat,concrete,episode_00024,Average Cluegiver Team F1,0.772
1238,codenames,NEW_FormatCheckingAgent_LLM_judge_clp_chat,concrete,episode_00024,Average Guesser Number of Guesses,4.5
1239,codenames,NEW_FormatCheckingAgent_LLM_judge_clp_chat,concrete,episode_00024,Average Guesser Number of Revealed Words,1
1240,codenames,NEW_FormatCheckingAgent_LLM_judge_clp_chat,concrete,episode_00024,Average Guesser Number of Unrevealed Guesses,3.5
1241,codenames,NEW_FormatCheckingAgent_LLM_judge_clp_chat,concrete,episode_00024,Average Guesser Target Precision,0.25
1242,codenames,NEW_FormatCheckingAgent_LLM_judge_clp_chat,concrete,episode_00024,Average Guesser Target Recall,0.056
1243,codenames,NEW_FormatCheckingAgent_LLM_judge_clp_chat,concrete,episode_00024,Average Guesser Target F1,0.091
1244,codenames,NEW_FormatCheckingAgent_LLM_judge_clp_chat,concrete,episode_00024,Average Guesser Team Precision,0.25
1245,codenames,NEW_FormatCheckingAgent_LLM_judge_clp_chat,concrete,episode_00024,Average Guesser Team Recall,0.056
1246,codenames,NEW_FormatCheckingAgent_LLM_judge_clp_chat,concrete,episode_00024,Average Guesser Team F1,0.091
1247,codenames,NEW_FormatCheckingAgent_LLM_judge_clp_chat,concrete,episode_00024,Aborted,1
1248,codenames,NEW_FormatCheckingAgent_LLM_judge_clp_chat,concrete,episode_00024,Lose,0
1249,codenames,NEW_FormatCheckingAgent_LLM_judge_clp_chat,concrete,episode_00024,Success,0
1250,codenames,NEW_FormatCheckingAgent_LLM_judge_clp_chat,concrete,episode_00024,Game ended through assassin,0
1251,codenames,NEW_FormatCheckingAgent_LLM_judge_clp_chat,concrete,episode_00024,Episode Recall,0.111
1252,codenames,NEW_FormatCheckingAgent_LLM_judge_clp_chat,concrete,episode_00024,Episode Negative Recall,0.938
1253,codenames,NEW_FormatCheckingAgent_LLM_judge_clp_chat,concrete,episode_00024,Number of turns,3
1254,codenames,NEW_FormatCheckingAgent_LLM_judge_clp_chat,concrete,episode_00024,Efficiency,1
1255,codenames,NEW_FormatCheckingAgent_LLM_judge_clp_chat,concrete,episode_00024,Request Count,4
1256,codenames,NEW_FormatCheckingAgent_LLM_judge_clp_chat,concrete,episode_00024,Parsed Request Count,3
1257,codenames,NEW_FormatCheckingAgent_LLM_judge_clp_chat,concrete,episode_00024,Violated Request Count,1
1258,codenames,NEW_FormatCheckingAgent_LLM_judge_clp_chat,concrete,episode_00024,Request Success Ratio,0.75
1259,codenames,NEW_FormatCheckingAgent_LLM_judge_clp_chat,concrete,episode_00024,Main Score,
1260,codenames,NEW_FormatCheckingAgent_LLM_judge_clp_chat,frequency_high,episode_00017,experiment variable,Word Frequency
1261,codenames,NEW_FormatCheckingAgent_LLM_judge_clp_chat,frequency_high,episode_00017,experiment name,frequency_high
1262,codenames,NEW_FormatCheckingAgent_LLM_judge_clp_chat,frequency_high,episode_00017,Cluegiver strip words,5
1263,codenames,NEW_FormatCheckingAgent_LLM_judge_clp_chat,frequency_high,episode_00017,Guesser strip words,0
1264,codenames,NEW_FormatCheckingAgent_LLM_judge_clp_chat,frequency_high,episode_00017,Average Cluegiver Number of Targets,6.2
1265,codenames,NEW_FormatCheckingAgent_LLM_judge_clp_chat,frequency_high,episode_00017,Average Cluegiver Team Precision,1.0
1266,codenames,NEW_FormatCheckingAgent_LLM_judge_clp_chat,frequency_high,episode_00017,Average Cluegiver Team Recall,0.864
1267,codenames,NEW_FormatCheckingAgent_LLM_judge_clp_chat,frequency_high,episode_00017,Average Cluegiver Team F1,0.908
1268,codenames,NEW_FormatCheckingAgent_LLM_judge_clp_chat,frequency_high,episode_00017,Average Guesser Number of Guesses,5.4
1269,codenames,NEW_FormatCheckingAgent_LLM_judge_clp_chat,frequency_high,episode_00017,Average Guesser Number of Revealed Words,1.6
1270,codenames,NEW_FormatCheckingAgent_LLM_judge_clp_chat,frequency_high,episode_00017,Average Guesser Number of Unrevealed Guesses,3.8
1271,codenames,NEW_FormatCheckingAgent_LLM_judge_clp_chat,frequency_high,episode_00017,Average Guesser Target Precision,0.333
1272,codenames,NEW_FormatCheckingAgent_LLM_judge_clp_chat,frequency_high,episode_00017,Average Guesser Target Recall,0.244
1273,codenames,NEW_FormatCheckingAgent_LLM_judge_clp_chat,frequency_high,episode_00017,Average Guesser Target F1,0.267
1274,codenames,NEW_FormatCheckingAgent_LLM_judge_clp_chat,frequency_high,episode_00017,Average Guesser Team Precision,0.333
1275,codenames,NEW_FormatCheckingAgent_LLM_judge_clp_chat,frequency_high,episode_00017,Average Guesser Team Recall,0.13
1276,codenames,NEW_FormatCheckingAgent_LLM_judge_clp_chat,frequency_high,episode_00017,Average Guesser Team F1,0.187
1277,codenames,NEW_FormatCheckingAgent_LLM_judge_clp_chat,frequency_high,episode_00017,Aborted,1
1278,codenames,NEW_FormatCheckingAgent_LLM_judge_clp_chat,frequency_high,episode_00017,Lose,0
1279,codenames,NEW_FormatCheckingAgent_LLM_judge_clp_chat,frequency_high,episode_00017,Success,0
1280,codenames,NEW_FormatCheckingAgent_LLM_judge_clp_chat,frequency_high,episode_00017,Game ended through assassin,0
1281,codenames,NEW_FormatCheckingAgent_LLM_judge_clp_chat,frequency_high,episode_00017,Episode Recall,0.556
1282,codenames,NEW_FormatCheckingAgent_LLM_judge_clp_chat,frequency_high,episode_00017,Episode Negative Recall,0.812
1283,codenames,NEW_FormatCheckingAgent_LLM_judge_clp_chat,frequency_high,episode_00017,Number of turns,6
1284,codenames,NEW_FormatCheckingAgent_LLM_judge_clp_chat,frequency_high,episode_00017,Efficiency,1
1285,codenames,NEW_FormatCheckingAgent_LLM_judge_clp_chat,frequency_high,episode_00017,Request Count,10
1286,codenames,NEW_FormatCheckingAgent_LLM_judge_clp_chat,frequency_high,episode_00017,Parsed Request Count,9
1287,codenames,NEW_FormatCheckingAgent_LLM_judge_clp_chat,frequency_high,episode_00017,Violated Request Count,1
1288,codenames,NEW_FormatCheckingAgent_LLM_judge_clp_chat,frequency_high,episode_00017,Request Success Ratio,0.9
1289,codenames,NEW_FormatCheckingAgent_LLM_judge_clp_chat,frequency_high,episode_00017,Main Score,
1290,codenames,NEW_FormatCheckingAgent_LLM_judge_clp_chat,frequency_high,episode_00018,experiment variable,Word Frequency
1291,codenames,NEW_FormatCheckingAgent_LLM_judge_clp_chat,frequency_high,episode_00018,experiment name,frequency_high
1292,codenames,NEW_FormatCheckingAgent_LLM_judge_clp_chat,frequency_high,episode_00018,Cluegiver strip words,2
1293,codenames,NEW_FormatCheckingAgent_LLM_judge_clp_chat,frequency_high,episode_00018,Guesser strip words,0
1294,codenames,NEW_FormatCheckingAgent_LLM_judge_clp_chat,frequency_high,episode_00018,Average Cluegiver Number of Targets,4.5
1295,codenames,NEW_FormatCheckingAgent_LLM_judge_clp_chat,frequency_high,episode_00018,Average Cluegiver Team Precision,0.5
1296,codenames,NEW_FormatCheckingAgent_LLM_judge_clp_chat,frequency_high,episode_00018,Average Cluegiver Team Recall,0.5
1297,codenames,NEW_FormatCheckingAgent_LLM_judge_clp_chat,frequency_high,episode_00018,Average Cluegiver Team F1,0.5
1298,codenames,NEW_FormatCheckingAgent_LLM_judge_clp_chat,frequency_high,episode_00018,Average Guesser Number of Guesses,4.5
1299,codenames,NEW_FormatCheckingAgent_LLM_judge_clp_chat,frequency_high,episode_00018,Average Guesser Number of Revealed Words,1
1300,codenames,NEW_FormatCheckingAgent_LLM_judge_clp_chat,frequency_high,episode_00018,Average Guesser Number of Unrevealed Guesses,3.5
1301,codenames,NEW_FormatCheckingAgent_LLM_judge_clp_chat,frequency_high,episode_00018,Average Guesser Target Precision,0.25
1302,codenames,NEW_FormatCheckingAgent_LLM_judge_clp_chat,frequency_high,episode_00018,Average Guesser Target Recall,0.056
1303,codenames,NEW_FormatCheckingAgent_LLM_judge_clp_chat,frequency_high,episode_00018,Average Guesser Target F1,0.091
1304,codenames,NEW_FormatCheckingAgent_LLM_judge_clp_chat,frequency_high,episode_00018,Average Guesser Team Precision,0.25
1305,codenames,NEW_FormatCheckingAgent_LLM_judge_clp_chat,frequency_high,episode_00018,Average Guesser Team Recall,0.056
1306,codenames,NEW_FormatCheckingAgent_LLM_judge_clp_chat,frequency_high,episode_00018,Average Guesser Team F1,0.091
1307,codenames,NEW_FormatCheckingAgent_LLM_judge_clp_chat,frequency_high,episode_00018,Aborted,1
1308,codenames,NEW_FormatCheckingAgent_LLM_judge_clp_chat,frequency_high,episode_00018,Lose,0
1309,codenames,NEW_FormatCheckingAgent_LLM_judge_clp_chat,frequency_high,episode_00018,Success,0
1310,codenames,NEW_FormatCheckingAgent_LLM_judge_clp_chat,frequency_high,episode_00018,Game ended through assassin,0
1311,codenames,NEW_FormatCheckingAgent_LLM_judge_clp_chat,frequency_high,episode_00018,Episode Recall,0.111
1312,codenames,NEW_FormatCheckingAgent_LLM_judge_clp_chat,frequency_high,episode_00018,Episode Negative Recall,0.938
1313,codenames,NEW_FormatCheckingAgent_LLM_judge_clp_chat,frequency_high,episode_00018,Number of turns,2
1314,codenames,NEW_FormatCheckingAgent_LLM_judge_clp_chat,frequency_high,episode_00018,Efficiency,1
1315,codenames,NEW_FormatCheckingAgent_LLM_judge_clp_chat,frequency_high,episode_00018,Request Count,3
1316,codenames,NEW_FormatCheckingAgent_LLM_judge_clp_chat,frequency_high,episode_00018,Parsed Request Count,2
1317,codenames,NEW_FormatCheckingAgent_LLM_judge_clp_chat,frequency_high,episode_00018,Violated Request Count,1
1318,codenames,NEW_FormatCheckingAgent_LLM_judge_clp_chat,frequency_high,episode_00018,Request Success Ratio,0.667
1319,codenames,NEW_FormatCheckingAgent_LLM_judge_clp_chat,frequency_high,episode_00018,Main Score,
1320,codenames,NEW_FormatCheckingAgent_LLM_judge_clp_chat,frequency_low,episode_00015,experiment variable,Word Frequency
1321,codenames,NEW_FormatCheckingAgent_LLM_judge_clp_chat,frequency_low,episode_00015,experiment name,frequency_low
1322,codenames,NEW_FormatCheckingAgent_LLM_judge_clp_chat,frequency_low,episode_00015,Cluegiver strip words,3
1323,codenames,NEW_FormatCheckingAgent_LLM_judge_clp_chat,frequency_low,episode_00015,Guesser strip words,0
1324,codenames,NEW_FormatCheckingAgent_LLM_judge_clp_chat,frequency_low,episode_00015,Average Cluegiver Number of Targets,4.333
1325,codenames,NEW_FormatCheckingAgent_LLM_judge_clp_chat,frequency_low,episode_00015,Average Cluegiver Team Precision,0.667
1326,codenames,NEW_FormatCheckingAgent_LLM_judge_clp_chat,frequency_low,episode_00015,Average Cluegiver Team Recall,0.5
1327,codenames,NEW_FormatCheckingAgent_LLM_judge_clp_chat,frequency_low,episode_00015,Average Cluegiver Team F1,0.556
1328,codenames,NEW_FormatCheckingAgent_LLM_judge_clp_chat,frequency_low,episode_00015,Average Guesser Number of Guesses,4.333
1329,codenames,NEW_FormatCheckingAgent_LLM_judge_clp_chat,frequency_low,episode_00015,Average Guesser Number of Revealed Words,1.333
1330,codenames,NEW_FormatCheckingAgent_LLM_judge_clp_chat,frequency_low,episode_00015,Average Guesser Number of Unrevealed Guesses,3
1331,codenames,NEW_FormatCheckingAgent_LLM_judge_clp_chat,frequency_low,episode_00015,Average Guesser Target Precision,0.333
1332,codenames,NEW_FormatCheckingAgent_LLM_judge_clp_chat,frequency_low,episode_00015,Average Guesser Target Recall,0.12
1333,codenames,NEW_FormatCheckingAgent_LLM_judge_clp_chat,frequency_low,episode_00015,Average Guesser Target F1,0.172
1334,codenames,NEW_FormatCheckingAgent_LLM_judge_clp_chat,frequency_low,episode_00015,Average Guesser Team Precision,0.333
1335,codenames,NEW_FormatCheckingAgent_LLM_judge_clp_chat,frequency_low,episode_00015,Average Guesser Team Recall,0.079
1336,codenames,NEW_FormatCheckingAgent_LLM_judge_clp_chat,frequency_low,episode_00015,Average Guesser Team F1,0.127
1337,codenames,NEW_FormatCheckingAgent_LLM_judge_clp_chat,frequency_low,episode_00015,Aborted,1
1338,codenames,NEW_FormatCheckingAgent_LLM_judge_clp_chat,frequency_low,episode_00015,Lose,0
1339,codenames,NEW_FormatCheckingAgent_LLM_judge_clp_chat,frequency_low,episode_00015,Success,0
1340,codenames,NEW_FormatCheckingAgent_LLM_judge_clp_chat,frequency_low,episode_00015,Game ended through assassin,0
1341,codenames,NEW_FormatCheckingAgent_LLM_judge_clp_chat,frequency_low,episode_00015,Episode Recall,0.222
1342,codenames,NEW_FormatCheckingAgent_LLM_judge_clp_chat,frequency_low,episode_00015,Episode Negative Recall,0.875
1343,codenames,NEW_FormatCheckingAgent_LLM_judge_clp_chat,frequency_low,episode_00015,Number of turns,3
1344,codenames,NEW_FormatCheckingAgent_LLM_judge_clp_chat,frequency_low,episode_00015,Efficiency,1
1345,codenames,NEW_FormatCheckingAgent_LLM_judge_clp_chat,frequency_low,episode_00015,Request Count,5
1346,codenames,NEW_FormatCheckingAgent_LLM_judge_clp_chat,frequency_low,episode_00015,Parsed Request Count,4
1347,codenames,NEW_FormatCheckingAgent_LLM_judge_clp_chat,frequency_low,episode_00015,Violated Request Count,1
1348,codenames,NEW_FormatCheckingAgent_LLM_judge_clp_chat,frequency_low,episode_00015,Request Success Ratio,0.8
1349,codenames,NEW_FormatCheckingAgent_LLM_judge_clp_chat,frequency_low,episode_00015,Main Score,
1350,codenames,NEW_FormatCheckingAgent_LLM_judge_clp_chat,frequency_low,episode_00016,experiment variable,Word Frequency
1351,codenames,NEW_FormatCheckingAgent_LLM_judge_clp_chat,frequency_low,episode_00016,experiment name,frequency_low
1352,codenames,NEW_FormatCheckingAgent_LLM_judge_clp_chat,frequency_low,episode_00016,Cluegiver strip words,6
1353,codenames,NEW_FormatCheckingAgent_LLM_judge_clp_chat,frequency_low,episode_00016,Guesser strip words,0
1354,codenames,NEW_FormatCheckingAgent_LLM_judge_clp_chat,frequency_low,episode_00016,Average Cluegiver Number of Targets,9.333
1355,codenames,NEW_FormatCheckingAgent_LLM_judge_clp_chat,frequency_low,episode_00016,Average Cluegiver Team Precision,0.891
1356,codenames,NEW_FormatCheckingAgent_LLM_judge_clp_chat,frequency_low,episode_00016,Average Cluegiver Team Recall,0.982
1357,codenames,NEW_FormatCheckingAgent_LLM_judge_clp_chat,frequency_low,episode_00016,Average Cluegiver Team F1,0.917
1358,codenames,NEW_FormatCheckingAgent_LLM_judge_clp_chat,frequency_low,episode_00016,Average Guesser Number of Guesses,8.5
1359,codenames,NEW_FormatCheckingAgent_LLM_judge_clp_chat,frequency_low,episode_00016,Average Guesser Number of Revealed Words,1.5
1360,codenames,NEW_FormatCheckingAgent_LLM_judge_clp_chat,frequency_low,episode_00016,Average Guesser Number of Unrevealed Guesses,7
1361,codenames,NEW_FormatCheckingAgent_LLM_judge_clp_chat,frequency_low,episode_00016,Average Guesser Target Precision,0.417
1362,codenames,NEW_FormatCheckingAgent_LLM_judge_clp_chat,frequency_low,episode_00016,Average Guesser Target Recall,0.087
1363,codenames,NEW_FormatCheckingAgent_LLM_judge_clp_chat,frequency_low,episode_00016,Average Guesser Target F1,0.139
1364,codenames,NEW_FormatCheckingAgent_LLM_judge_clp_chat,frequency_low,episode_00016,Average Guesser Team Precision,0.333
1365,codenames,NEW_FormatCheckingAgent_LLM_judge_clp_chat,frequency_low,episode_00016,Average Guesser Team Recall,0.091
1366,codenames,NEW_FormatCheckingAgent_LLM_judge_clp_chat,frequency_low,episode_00016,Average Guesser Team F1,0.142
1367,codenames,NEW_FormatCheckingAgent_LLM_judge_clp_chat,frequency_low,episode_00016,Aborted,0
1368,codenames,NEW_FormatCheckingAgent_LLM_judge_clp_chat,frequency_low,episode_00016,Lose,1
1369,codenames,NEW_FormatCheckingAgent_LLM_judge_clp_chat,frequency_low,episode_00016,Success,0
1370,codenames,NEW_FormatCheckingAgent_LLM_judge_clp_chat,frequency_low,episode_00016,Game ended through assassin,0
1371,codenames,NEW_FormatCheckingAgent_LLM_judge_clp_chat,frequency_low,episode_00016,Episode Recall,0.444
1372,codenames,NEW_FormatCheckingAgent_LLM_judge_clp_chat,frequency_low,episode_00016,Episode Negative Recall,0.688
1373,codenames,NEW_FormatCheckingAgent_LLM_judge_clp_chat,frequency_low,episode_00016,Number of turns,6
1374,codenames,NEW_FormatCheckingAgent_LLM_judge_clp_chat,frequency_low,episode_00016,Efficiency,1
1375,codenames,NEW_FormatCheckingAgent_LLM_judge_clp_chat,frequency_low,episode_00016,Request Count,11
1376,codenames,NEW_FormatCheckingAgent_LLM_judge_clp_chat,frequency_low,episode_00016,Parsed Request Count,11
1377,codenames,NEW_FormatCheckingAgent_LLM_judge_clp_chat,frequency_low,episode_00016,Violated Request Count,0
1378,codenames,NEW_FormatCheckingAgent_LLM_judge_clp_chat,frequency_low,episode_00016,Request Success Ratio,1.0
1379,codenames,NEW_FormatCheckingAgent_LLM_judge_clp_chat,frequency_low,episode_00016,Main Score,0
1380,codenames,NEW_FormatCheckingAgent_LLM_judge_clp_chat,opponent_difficult,episode_00013,experiment variable,Opponent Difficulty
1381,codenames,NEW_FormatCheckingAgent_LLM_judge_clp_chat,opponent_difficult,episode_00013,experiment name,opponent_difficult
1382,codenames,NEW_FormatCheckingAgent_LLM_judge_clp_chat,opponent_difficult,episode_00013,Cluegiver strip words,3
1383,codenames,NEW_FormatCheckingAgent_LLM_judge_clp_chat,opponent_difficult,episode_00013,Guesser strip words,0
1384,codenames,NEW_FormatCheckingAgent_LLM_judge_clp_chat,opponent_difficult,episode_00013,Average Cluegiver Number of Targets,4.333
1385,codenames,NEW_FormatCheckingAgent_LLM_judge_clp_chat,opponent_difficult,episode_00013,Average Cluegiver Team Precision,0.667
1386,codenames,NEW_FormatCheckingAgent_LLM_judge_clp_chat,opponent_difficult,episode_00013,Average Cluegiver Team Recall,0.524
1387,codenames,NEW_FormatCheckingAgent_LLM_judge_clp_chat,opponent_difficult,episode_00013,Average Cluegiver Team F1,0.576
1388,codenames,NEW_FormatCheckingAgent_LLM_judge_clp_chat,opponent_difficult,episode_00013,Average Guesser Number of Guesses,4.333
1389,codenames,NEW_FormatCheckingAgent_LLM_judge_clp_chat,opponent_difficult,episode_00013,Average Guesser Number of Revealed Words,2
1390,codenames,NEW_FormatCheckingAgent_LLM_judge_clp_chat,opponent_difficult,episode_00013,Average Guesser Number of Unrevealed Guesses,2.333
1391,codenames,NEW_FormatCheckingAgent_LLM_judge_clp_chat,opponent_difficult,episode_00013,Average Guesser Target Precision,0.445
1392,codenames,NEW_FormatCheckingAgent_LLM_judge_clp_chat,opponent_difficult,episode_00013,Average Guesser Target Recall,0.241
1393,codenames,NEW_FormatCheckingAgent_LLM_judge_clp_chat,opponent_difficult,episode_00013,Average Guesser Target F1,0.301
1394,codenames,NEW_FormatCheckingAgent_LLM_judge_clp_chat,opponent_difficult,episode_00013,Average Guesser Team Precision,0.445
1395,codenames,NEW_FormatCheckingAgent_LLM_judge_clp_chat,opponent_difficult,episode_00013,Average Guesser Team Recall,0.169
1396,codenames,NEW_FormatCheckingAgent_LLM_judge_clp_chat,opponent_difficult,episode_00013,Average Guesser Team F1,0.244
1397,codenames,NEW_FormatCheckingAgent_LLM_judge_clp_chat,opponent_difficult,episode_00013,Aborted,1
1398,codenames,NEW_FormatCheckingAgent_LLM_judge_clp_chat,opponent_difficult,episode_00013,Lose,0
1399,codenames,NEW_FormatCheckingAgent_LLM_judge_clp_chat,opponent_difficult,episode_00013,Success,0
1400,codenames,NEW_FormatCheckingAgent_LLM_judge_clp_chat,opponent_difficult,episode_00013,Game ended through assassin,0
1401,codenames,NEW_FormatCheckingAgent_LLM_judge_clp_chat,opponent_difficult,episode_00013,Episode Recall,0.444
1402,codenames,NEW_FormatCheckingAgent_LLM_judge_clp_chat,opponent_difficult,episode_00013,Episode Negative Recall,0.875
1403,codenames,NEW_FormatCheckingAgent_LLM_judge_clp_chat,opponent_difficult,episode_00013,Number of turns,3
1404,codenames,NEW_FormatCheckingAgent_LLM_judge_clp_chat,opponent_difficult,episode_00013,Efficiency,1
1405,codenames,NEW_FormatCheckingAgent_LLM_judge_clp_chat,opponent_difficult,episode_00013,Request Count,5
1406,codenames,NEW_FormatCheckingAgent_LLM_judge_clp_chat,opponent_difficult,episode_00013,Parsed Request Count,4
1407,codenames,NEW_FormatCheckingAgent_LLM_judge_clp_chat,opponent_difficult,episode_00013,Violated Request Count,1
1408,codenames,NEW_FormatCheckingAgent_LLM_judge_clp_chat,opponent_difficult,episode_00013,Request Success Ratio,0.8
1409,codenames,NEW_FormatCheckingAgent_LLM_judge_clp_chat,opponent_difficult,episode_00013,Main Score,
1410,codenames,NEW_FormatCheckingAgent_LLM_judge_clp_chat,opponent_difficult,episode_00014,experiment variable,Opponent Difficulty
1411,codenames,NEW_FormatCheckingAgent_LLM_judge_clp_chat,opponent_difficult,episode_00014,experiment name,opponent_difficult
1412,codenames,NEW_FormatCheckingAgent_LLM_judge_clp_chat,opponent_difficult,episode_00014,Cluegiver strip words,4
1413,codenames,NEW_FormatCheckingAgent_LLM_judge_clp_chat,opponent_difficult,episode_00014,Guesser strip words,0
1414,codenames,NEW_FormatCheckingAgent_LLM_judge_clp_chat,opponent_difficult,episode_00014,Average Cluegiver Number of Targets,6.5
1415,codenames,NEW_FormatCheckingAgent_LLM_judge_clp_chat,opponent_difficult,episode_00014,Average Cluegiver Team Precision,1.0
1416,codenames,NEW_FormatCheckingAgent_LLM_judge_clp_chat,opponent_difficult,episode_00014,Average Cluegiver Team Recall,1.0
1417,codenames,NEW_FormatCheckingAgent_LLM_judge_clp_chat,opponent_difficult,episode_00014,Average Cluegiver Team F1,1.0
1418,codenames,NEW_FormatCheckingAgent_LLM_judge_clp_chat,opponent_difficult,episode_00014,Average Guesser Number of Guesses,5.5
1419,codenames,NEW_FormatCheckingAgent_LLM_judge_clp_chat,opponent_difficult,episode_00014,Average Guesser Number of Revealed Words,2
1420,codenames,NEW_FormatCheckingAgent_LLM_judge_clp_chat,opponent_difficult,episode_00014,Average Guesser Number of Unrevealed Guesses,3.5
1421,codenames,NEW_FormatCheckingAgent_LLM_judge_clp_chat,opponent_difficult,episode_00014,Average Guesser Target Precision,0.459
1422,codenames,NEW_FormatCheckingAgent_LLM_judge_clp_chat,opponent_difficult,episode_00014,Average Guesser Target Recall,0.174
1423,codenames,NEW_FormatCheckingAgent_LLM_judge_clp_chat,opponent_difficult,episode_00014,Average Guesser Target F1,0.25
1424,codenames,NEW_FormatCheckingAgent_LLM_judge_clp_chat,opponent_difficult,episode_00014,Average Guesser Team Precision,0.459
1425,codenames,NEW_FormatCheckingAgent_LLM_judge_clp_chat,opponent_difficult,episode_00014,Average Guesser Team Recall,0.174
1426,codenames,NEW_FormatCheckingAgent_LLM_judge_clp_chat,opponent_difficult,episode_00014,Average Guesser Team F1,0.25
1427,codenames,NEW_FormatCheckingAgent_LLM_judge_clp_chat,opponent_difficult,episode_00014,Aborted,0
1428,codenames,NEW_FormatCheckingAgent_LLM_judge_clp_chat,opponent_difficult,episode_00014,Lose,1
1429,codenames,NEW_FormatCheckingAgent_LLM_judge_clp_chat,opponent_difficult,episode_00014,Success,0
1430,codenames,NEW_FormatCheckingAgent_LLM_judge_clp_chat,opponent_difficult,episode_00014,Game ended through assassin,0
1431,codenames,NEW_FormatCheckingAgent_LLM_judge_clp_chat,opponent_difficult,episode_00014,Episode Recall,0.556
1432,codenames,NEW_FormatCheckingAgent_LLM_judge_clp_chat,opponent_difficult,episode_00014,Episode Negative Recall,0.812
1433,codenames,NEW_FormatCheckingAgent_LLM_judge_clp_chat,opponent_difficult,episode_00014,Number of turns,4
1434,codenames,NEW_FormatCheckingAgent_LLM_judge_clp_chat,opponent_difficult,episode_00014,Efficiency,1
1435,codenames,NEW_FormatCheckingAgent_LLM_judge_clp_chat,opponent_difficult,episode_00014,Request Count,7
1436,codenames,NEW_FormatCheckingAgent_LLM_judge_clp_chat,opponent_difficult,episode_00014,Parsed Request Count,7
1437,codenames,NEW_FormatCheckingAgent_LLM_judge_clp_chat,opponent_difficult,episode_00014,Violated Request Count,0
1438,codenames,NEW_FormatCheckingAgent_LLM_judge_clp_chat,opponent_difficult,episode_00014,Request Success Ratio,1.0
1439,codenames,NEW_FormatCheckingAgent_LLM_judge_clp_chat,opponent_difficult,episode_00014,Main Score,0
1440,codenames,NEW_FormatCheckingAgent_LLM_judge_clp_chat,opponent_easy,episode_00011,experiment variable,Opponent Difficulty
1441,codenames,NEW_FormatCheckingAgent_LLM_judge_clp_chat,opponent_easy,episode_00011,experiment name,opponent_easy
1442,codenames,NEW_FormatCheckingAgent_LLM_judge_clp_chat,opponent_easy,episode_00011,Cluegiver strip words,4
1443,codenames,NEW_FormatCheckingAgent_LLM_judge_clp_chat,opponent_easy,episode_00011,Guesser strip words,0
1444,codenames,NEW_FormatCheckingAgent_LLM_judge_clp_chat,opponent_easy,episode_00011,Average Cluegiver Number of Targets,5.5
1445,codenames,NEW_FormatCheckingAgent_LLM_judge_clp_chat,opponent_easy,episode_00011,Average Cluegiver Team Precision,1.0
1446,codenames,NEW_FormatCheckingAgent_LLM_judge_clp_chat,opponent_easy,episode_00011,Average Cluegiver Team Recall,0.857
1447,codenames,NEW_FormatCheckingAgent_LLM_judge_clp_chat,opponent_easy,episode_00011,Average Cluegiver Team F1,0.9
1448,codenames,NEW_FormatCheckingAgent_LLM_judge_clp_chat,opponent_easy,episode_00011,Average Guesser Number of Guesses,5.5
1449,codenames,NEW_FormatCheckingAgent_LLM_judge_clp_chat,opponent_easy,episode_00011,Average Guesser Number of Revealed Words,2.5
1450,codenames,NEW_FormatCheckingAgent_LLM_judge_clp_chat,opponent_easy,episode_00011,Average Guesser Number of Unrevealed Guesses,3
1451,codenames,NEW_FormatCheckingAgent_LLM_judge_clp_chat,opponent_easy,episode_00011,Average Guesser Target Precision,0.5
1452,codenames,NEW_FormatCheckingAgent_LLM_judge_clp_chat,opponent_easy,episode_00011,Average Guesser Target Recall,0.322
1453,codenames,NEW_FormatCheckingAgent_LLM_judge_clp_chat,opponent_easy,episode_00011,Average Guesser Target F1,0.375
1454,codenames,NEW_FormatCheckingAgent_LLM_judge_clp_chat,opponent_easy,episode_00011,Average Guesser Team Precision,0.5
1455,codenames,NEW_FormatCheckingAgent_LLM_judge_clp_chat,opponent_easy,episode_00011,Average Guesser Team Recall,0.227
1456,codenames,NEW_FormatCheckingAgent_LLM_judge_clp_chat,opponent_easy,episode_00011,Average Guesser Team F1,0.308
1457,codenames,NEW_FormatCheckingAgent_LLM_judge_clp_chat,opponent_easy,episode_00011,Aborted,0
1458,codenames,NEW_FormatCheckingAgent_LLM_judge_clp_chat,opponent_easy,episode_00011,Lose,1
1459,codenames,NEW_FormatCheckingAgent_LLM_judge_clp_chat,opponent_easy,episode_00011,Success,0
1460,codenames,NEW_FormatCheckingAgent_LLM_judge_clp_chat,opponent_easy,episode_00011,Game ended through assassin,1
1461,codenames,NEW_FormatCheckingAgent_LLM_judge_clp_chat,opponent_easy,episode_00011,Episode Recall,0.667
1462,codenames,NEW_FormatCheckingAgent_LLM_judge_clp_chat,opponent_easy,episode_00011,Episode Negative Recall,0.75
1463,codenames,NEW_FormatCheckingAgent_LLM_judge_clp_chat,opponent_easy,episode_00011,Number of turns,5
1464,codenames,NEW_FormatCheckingAgent_LLM_judge_clp_chat,opponent_easy,episode_00011,Efficiency,1
1465,codenames,NEW_FormatCheckingAgent_LLM_judge_clp_chat,opponent_easy,episode_00011,Request Count,8
1466,codenames,NEW_FormatCheckingAgent_LLM_judge_clp_chat,opponent_easy,episode_00011,Parsed Request Count,8
1467,codenames,NEW_FormatCheckingAgent_LLM_judge_clp_chat,opponent_easy,episode_00011,Violated Request Count,0
1468,codenames,NEW_FormatCheckingAgent_LLM_judge_clp_chat,opponent_easy,episode_00011,Request Success Ratio,1.0
1469,codenames,NEW_FormatCheckingAgent_LLM_judge_clp_chat,opponent_easy,episode_00011,Main Score,0
1470,codenames,NEW_FormatCheckingAgent_LLM_judge_clp_chat,opponent_easy,episode_00012,experiment variable,Opponent Difficulty
1471,codenames,NEW_FormatCheckingAgent_LLM_judge_clp_chat,opponent_easy,episode_00012,experiment name,opponent_easy
1472,codenames,NEW_FormatCheckingAgent_LLM_judge_clp_chat,opponent_easy,episode_00012,Cluegiver strip words,1
1473,codenames,NEW_FormatCheckingAgent_LLM_judge_clp_chat,opponent_easy,episode_00012,Guesser strip words,0
1474,codenames,NEW_FormatCheckingAgent_LLM_judge_clp_chat,opponent_easy,episode_00012,Average Cluegiver Number of Targets,8
1475,codenames,NEW_FormatCheckingAgent_LLM_judge_clp_chat,opponent_easy,episode_00012,Average Cluegiver Team Precision,0.375
1476,codenames,NEW_FormatCheckingAgent_LLM_judge_clp_chat,opponent_easy,episode_00012,Average Cluegiver Team Recall,0.333
1477,codenames,NEW_FormatCheckingAgent_LLM_judge_clp_chat,opponent_easy,episode_00012,Average Cluegiver Team F1,0.353
1478,codenames,NEW_FormatCheckingAgent_LLM_judge_clp_chat,opponent_easy,episode_00012,Average Guesser Number of Guesses,0
1479,codenames,NEW_FormatCheckingAgent_LLM_judge_clp_chat,opponent_easy,episode_00012,Average Guesser Number of Revealed Words,0
1480,codenames,NEW_FormatCheckingAgent_LLM_judge_clp_chat,opponent_easy,episode_00012,Average Guesser Number of Unrevealed Guesses,0
1481,codenames,NEW_FormatCheckingAgent_LLM_judge_clp_chat,opponent_easy,episode_00012,Average Guesser Target Precision,0
1482,codenames,NEW_FormatCheckingAgent_LLM_judge_clp_chat,opponent_easy,episode_00012,Average Guesser Target Recall,0.0
1483,codenames,NEW_FormatCheckingAgent_LLM_judge_clp_chat,opponent_easy,episode_00012,Average Guesser Target F1,0
1484,codenames,NEW_FormatCheckingAgent_LLM_judge_clp_chat,opponent_easy,episode_00012,Average Guesser Team Precision,0
1485,codenames,NEW_FormatCheckingAgent_LLM_judge_clp_chat,opponent_easy,episode_00012,Average Guesser Team Recall,0.0
1486,codenames,NEW_FormatCheckingAgent_LLM_judge_clp_chat,opponent_easy,episode_00012,Average Guesser Team F1,0
1487,codenames,NEW_FormatCheckingAgent_LLM_judge_clp_chat,opponent_easy,episode_00012,Aborted,1
1488,codenames,NEW_FormatCheckingAgent_LLM_judge_clp_chat,opponent_easy,episode_00012,Lose,0
1489,codenames,NEW_FormatCheckingAgent_LLM_judge_clp_chat,opponent_easy,episode_00012,Success,0
1490,codenames,NEW_FormatCheckingAgent_LLM_judge_clp_chat,opponent_easy,episode_00012,Game ended through assassin,0
1491,codenames,NEW_FormatCheckingAgent_LLM_judge_clp_chat,opponent_easy,episode_00012,Episode Recall,0.0
1492,codenames,NEW_FormatCheckingAgent_LLM_judge_clp_chat,opponent_easy,episode_00012,Episode Negative Recall,1.0
1493,codenames,NEW_FormatCheckingAgent_LLM_judge_clp_chat,opponent_easy,episode_00012,Number of turns,2
1494,codenames,NEW_FormatCheckingAgent_LLM_judge_clp_chat,opponent_easy,episode_00012,Efficiency,0.0
1495,codenames,NEW_FormatCheckingAgent_LLM_judge_clp_chat,opponent_easy,episode_00012,Request Count,2
1496,codenames,NEW_FormatCheckingAgent_LLM_judge_clp_chat,opponent_easy,episode_00012,Parsed Request Count,1
1497,codenames,NEW_FormatCheckingAgent_LLM_judge_clp_chat,opponent_easy,episode_00012,Violated Request Count,1
1498,codenames,NEW_FormatCheckingAgent_LLM_judge_clp_chat,opponent_easy,episode_00012,Request Success Ratio,0.5
1499,codenames,NEW_FormatCheckingAgent_LLM_judge_clp_chat,opponent_easy,episode_00012,Main Score,
1500,codenames,NEW_FormatCheckingAgent_LLM_judge_clp_chat,opponent_none,episode_00009,experiment variable,Opponent Difficulty
1501,codenames,NEW_FormatCheckingAgent_LLM_judge_clp_chat,opponent_none,episode_00009,experiment name,opponent_none
1502,codenames,NEW_FormatCheckingAgent_LLM_judge_clp_chat,opponent_none,episode_00009,Cluegiver strip words,1
1503,codenames,NEW_FormatCheckingAgent_LLM_judge_clp_chat,opponent_none,episode_00009,Guesser strip words,0
1504,codenames,NEW_FormatCheckingAgent_LLM_judge_clp_chat,opponent_none,episode_00009,Average Cluegiver Number of Targets,9
1505,codenames,NEW_FormatCheckingAgent_LLM_judge_clp_chat,opponent_none,episode_00009,Average Cluegiver Team Precision,1.0
1506,codenames,NEW_FormatCheckingAgent_LLM_judge_clp_chat,opponent_none,episode_00009,Average Cluegiver Team Recall,1.0
1507,codenames,NEW_FormatCheckingAgent_LLM_judge_clp_chat,opponent_none,episode_00009,Average Cluegiver Team F1,1.0
1508,codenames,NEW_FormatCheckingAgent_LLM_judge_clp_chat,opponent_none,episode_00009,Average Guesser Number of Guesses,0
1509,codenames,NEW_FormatCheckingAgent_LLM_judge_clp_chat,opponent_none,episode_00009,Average Guesser Number of Revealed Words,0
1510,codenames,NEW_FormatCheckingAgent_LLM_judge_clp_chat,opponent_none,episode_00009,Average Guesser Number of Unrevealed Guesses,0
1511,codenames,NEW_FormatCheckingAgent_LLM_judge_clp_chat,opponent_none,episode_00009,Average Guesser Target Precision,0
1512,codenames,NEW_FormatCheckingAgent_LLM_judge_clp_chat,opponent_none,episode_00009,Average Guesser Target Recall,0.0
1513,codenames,NEW_FormatCheckingAgent_LLM_judge_clp_chat,opponent_none,episode_00009,Average Guesser Target F1,0
1514,codenames,NEW_FormatCheckingAgent_LLM_judge_clp_chat,opponent_none,episode_00009,Average Guesser Team Precision,0
1515,codenames,NEW_FormatCheckingAgent_LLM_judge_clp_chat,opponent_none,episode_00009,Average Guesser Team Recall,0.0
1516,codenames,NEW_FormatCheckingAgent_LLM_judge_clp_chat,opponent_none,episode_00009,Average Guesser Team F1,0
1517,codenames,NEW_FormatCheckingAgent_LLM_judge_clp_chat,opponent_none,episode_00009,Aborted,1
1518,codenames,NEW_FormatCheckingAgent_LLM_judge_clp_chat,opponent_none,episode_00009,Lose,0
1519,codenames,NEW_FormatCheckingAgent_LLM_judge_clp_chat,opponent_none,episode_00009,Success,0
1520,codenames,NEW_FormatCheckingAgent_LLM_judge_clp_chat,opponent_none,episode_00009,Game ended through assassin,0
1521,codenames,NEW_FormatCheckingAgent_LLM_judge_clp_chat,opponent_none,episode_00009,Episode Recall,0.0
1522,codenames,NEW_FormatCheckingAgent_LLM_judge_clp_chat,opponent_none,episode_00009,Episode Negative Recall,1.0
1523,codenames,NEW_FormatCheckingAgent_LLM_judge_clp_chat,opponent_none,episode_00009,Number of turns,2
1524,codenames,NEW_FormatCheckingAgent_LLM_judge_clp_chat,opponent_none,episode_00009,Efficiency,0.0
1525,codenames,NEW_FormatCheckingAgent_LLM_judge_clp_chat,opponent_none,episode_00009,Request Count,2
1526,codenames,NEW_FormatCheckingAgent_LLM_judge_clp_chat,opponent_none,episode_00009,Parsed Request Count,1
1527,codenames,NEW_FormatCheckingAgent_LLM_judge_clp_chat,opponent_none,episode_00009,Violated Request Count,1
1528,codenames,NEW_FormatCheckingAgent_LLM_judge_clp_chat,opponent_none,episode_00009,Request Success Ratio,0.5
1529,codenames,NEW_FormatCheckingAgent_LLM_judge_clp_chat,opponent_none,episode_00009,Main Score,
1530,codenames,NEW_FormatCheckingAgent_LLM_judge_clp_chat,opponent_none,episode_00010,experiment variable,Opponent Difficulty
1531,codenames,NEW_FormatCheckingAgent_LLM_judge_clp_chat,opponent_none,episode_00010,experiment name,opponent_none
1532,codenames,NEW_FormatCheckingAgent_LLM_judge_clp_chat,opponent_none,episode_00010,Cluegiver strip words,1
1533,codenames,NEW_FormatCheckingAgent_LLM_judge_clp_chat,opponent_none,episode_00010,Guesser strip words,0
1534,codenames,NEW_FormatCheckingAgent_LLM_judge_clp_chat,opponent_none,episode_00010,Average Cluegiver Number of Targets,0
1535,codenames,NEW_FormatCheckingAgent_LLM_judge_clp_chat,opponent_none,episode_00010,Average Cluegiver Team Precision,0
1536,codenames,NEW_FormatCheckingAgent_LLM_judge_clp_chat,opponent_none,episode_00010,Average Cluegiver Team Recall,0.0
1537,codenames,NEW_FormatCheckingAgent_LLM_judge_clp_chat,opponent_none,episode_00010,Average Cluegiver Team F1,0
1538,codenames,NEW_FormatCheckingAgent_LLM_judge_clp_chat,opponent_none,episode_00010,Average Guesser Number of Guesses,0
1539,codenames,NEW_FormatCheckingAgent_LLM_judge_clp_chat,opponent_none,episode_00010,Average Guesser Number of Revealed Words,0
1540,codenames,NEW_FormatCheckingAgent_LLM_judge_clp_chat,opponent_none,episode_00010,Average Guesser Number of Unrevealed Guesses,0
1541,codenames,NEW_FormatCheckingAgent_LLM_judge_clp_chat,opponent_none,episode_00010,Average Guesser Target Precision,0
1542,codenames,NEW_FormatCheckingAgent_LLM_judge_clp_chat,opponent_none,episode_00010,Average Guesser Target Recall,0
1543,codenames,NEW_FormatCheckingAgent_LLM_judge_clp_chat,opponent_none,episode_00010,Average Guesser Target F1,0
1544,codenames,NEW_FormatCheckingAgent_LLM_judge_clp_chat,opponent_none,episode_00010,Average Guesser Team Precision,0
1545,codenames,NEW_FormatCheckingAgent_LLM_judge_clp_chat,opponent_none,episode_00010,Average Guesser Team Recall,0.0
1546,codenames,NEW_FormatCheckingAgent_LLM_judge_clp_chat,opponent_none,episode_00010,Average Guesser Team F1,0
1547,codenames,NEW_FormatCheckingAgent_LLM_judge_clp_chat,opponent_none,episode_00010,Aborted,1
1548,codenames,NEW_FormatCheckingAgent_LLM_judge_clp_chat,opponent_none,episode_00010,Lose,0
1549,codenames,NEW_FormatCheckingAgent_LLM_judge_clp_chat,opponent_none,episode_00010,Success,0
1550,codenames,NEW_FormatCheckingAgent_LLM_judge_clp_chat,opponent_none,episode_00010,Game ended through assassin,0
1551,codenames,NEW_FormatCheckingAgent_LLM_judge_clp_chat,opponent_none,episode_00010,Episode Recall,0.0
1552,codenames,NEW_FormatCheckingAgent_LLM_judge_clp_chat,opponent_none,episode_00010,Episode Negative Recall,1.0
1553,codenames,NEW_FormatCheckingAgent_LLM_judge_clp_chat,opponent_none,episode_00010,Number of turns,1
1554,codenames,NEW_FormatCheckingAgent_LLM_judge_clp_chat,opponent_none,episode_00010,Efficiency,0.0
1555,codenames,NEW_FormatCheckingAgent_LLM_judge_clp_chat,opponent_none,episode_00010,Request Count,1
1556,codenames,NEW_FormatCheckingAgent_LLM_judge_clp_chat,opponent_none,episode_00010,Parsed Request Count,0
1557,codenames,NEW_FormatCheckingAgent_LLM_judge_clp_chat,opponent_none,episode_00010,Violated Request Count,1
1558,codenames,NEW_FormatCheckingAgent_LLM_judge_clp_chat,opponent_none,episode_00010,Request Success Ratio,0.0
1559,codenames,NEW_FormatCheckingAgent_LLM_judge_clp_chat,opponent_none,episode_00010,Main Score,
1560,codenames,NEW_FormatCheckingAgent_LLM_judge_clp_chat,risk_high,episode_00003,experiment variable,Risk
1561,codenames,NEW_FormatCheckingAgent_LLM_judge_clp_chat,risk_high,episode_00003,experiment name,risk_high
1562,codenames,NEW_FormatCheckingAgent_LLM_judge_clp_chat,risk_high,episode_00003,Cluegiver strip words,1
1563,codenames,NEW_FormatCheckingAgent_LLM_judge_clp_chat,risk_high,episode_00003,Guesser strip words,0
1564,codenames,NEW_FormatCheckingAgent_LLM_judge_clp_chat,risk_high,episode_00003,Average Cluegiver Number of Targets,0
1565,codenames,NEW_FormatCheckingAgent_LLM_judge_clp_chat,risk_high,episode_00003,Average Cluegiver Team Precision,0
1566,codenames,NEW_FormatCheckingAgent_LLM_judge_clp_chat,risk_high,episode_00003,Average Cluegiver Team Recall,0.0
1567,codenames,NEW_FormatCheckingAgent_LLM_judge_clp_chat,risk_high,episode_00003,Average Cluegiver Team F1,0
1568,codenames,NEW_FormatCheckingAgent_LLM_judge_clp_chat,risk_high,episode_00003,Average Guesser Number of Guesses,0
1569,codenames,NEW_FormatCheckingAgent_LLM_judge_clp_chat,risk_high,episode_00003,Average Guesser Number of Revealed Words,0
1570,codenames,NEW_FormatCheckingAgent_LLM_judge_clp_chat,risk_high,episode_00003,Average Guesser Number of Unrevealed Guesses,0
1571,codenames,NEW_FormatCheckingAgent_LLM_judge_clp_chat,risk_high,episode_00003,Average Guesser Target Precision,0
1572,codenames,NEW_FormatCheckingAgent_LLM_judge_clp_chat,risk_high,episode_00003,Average Guesser Target Recall,0
1573,codenames,NEW_FormatCheckingAgent_LLM_judge_clp_chat,risk_high,episode_00003,Average Guesser Target F1,0
1574,codenames,NEW_FormatCheckingAgent_LLM_judge_clp_chat,risk_high,episode_00003,Average Guesser Team Precision,0
1575,codenames,NEW_FormatCheckingAgent_LLM_judge_clp_chat,risk_high,episode_00003,Average Guesser Team Recall,0.0
1576,codenames,NEW_FormatCheckingAgent_LLM_judge_clp_chat,risk_high,episode_00003,Average Guesser Team F1,0
1577,codenames,NEW_FormatCheckingAgent_LLM_judge_clp_chat,risk_high,episode_00003,Aborted,1
1578,codenames,NEW_FormatCheckingAgent_LLM_judge_clp_chat,risk_high,episode_00003,Lose,0
1579,codenames,NEW_FormatCheckingAgent_LLM_judge_clp_chat,risk_high,episode_00003,Success,0
1580,codenames,NEW_FormatCheckingAgent_LLM_judge_clp_chat,risk_high,episode_00003,Game ended through assassin,0
1581,codenames,NEW_FormatCheckingAgent_LLM_judge_clp_chat,risk_high,episode_00003,Episode Recall,0.0
1582,codenames,NEW_FormatCheckingAgent_LLM_judge_clp_chat,risk_high,episode_00003,Episode Negative Recall,1.0
1583,codenames,NEW_FormatCheckingAgent_LLM_judge_clp_chat,risk_high,episode_00003,Number of turns,1
1584,codenames,NEW_FormatCheckingAgent_LLM_judge_clp_chat,risk_high,episode_00003,Efficiency,0.0
1585,codenames,NEW_FormatCheckingAgent_LLM_judge_clp_chat,risk_high,episode_00003,Request Count,1
1586,codenames,NEW_FormatCheckingAgent_LLM_judge_clp_chat,risk_high,episode_00003,Parsed Request Count,0
1587,codenames,NEW_FormatCheckingAgent_LLM_judge_clp_chat,risk_high,episode_00003,Violated Request Count,1
1588,codenames,NEW_FormatCheckingAgent_LLM_judge_clp_chat,risk_high,episode_00003,Request Success Ratio,0.0
1589,codenames,NEW_FormatCheckingAgent_LLM_judge_clp_chat,risk_high,episode_00003,Main Score,
1590,codenames,NEW_FormatCheckingAgent_LLM_judge_clp_chat,risk_high,episode_00004,experiment variable,Risk
1591,codenames,NEW_FormatCheckingAgent_LLM_judge_clp_chat,risk_high,episode_00004,experiment name,risk_high
1592,codenames,NEW_FormatCheckingAgent_LLM_judge_clp_chat,risk_high,episode_00004,Cluegiver strip words,1
1593,codenames,NEW_FormatCheckingAgent_LLM_judge_clp_chat,risk_high,episode_00004,Guesser strip words,0
1594,codenames,NEW_FormatCheckingAgent_LLM_judge_clp_chat,risk_high,episode_00004,Average Cluegiver Number of Targets,25
1595,codenames,NEW_FormatCheckingAgent_LLM_judge_clp_chat,risk_high,episode_00004,Average Cluegiver Team Precision,0.36
1596,codenames,NEW_FormatCheckingAgent_LLM_judge_clp_chat,risk_high,episode_00004,Average Cluegiver Team Recall,1.0
1597,codenames,NEW_FormatCheckingAgent_LLM_judge_clp_chat,risk_high,episode_00004,Average Cluegiver Team F1,0.529
1598,codenames,NEW_FormatCheckingAgent_LLM_judge_clp_chat,risk_high,episode_00004,Average Guesser Number of Guesses,25
1599,codenames,NEW_FormatCheckingAgent_LLM_judge_clp_chat,risk_high,episode_00004,Average Guesser Number of Revealed Words,1
1600,codenames,NEW_FormatCheckingAgent_LLM_judge_clp_chat,risk_high,episode_00004,Average Guesser Number of Unrevealed Guesses,24
1601,codenames,NEW_FormatCheckingAgent_LLM_judge_clp_chat,risk_high,episode_00004,Average Guesser Target Precision,1.0
1602,codenames,NEW_FormatCheckingAgent_LLM_judge_clp_chat,risk_high,episode_00004,Average Guesser Target Recall,0.04
1603,codenames,NEW_FormatCheckingAgent_LLM_judge_clp_chat,risk_high,episode_00004,Average Guesser Target F1,0.077
1604,codenames,NEW_FormatCheckingAgent_LLM_judge_clp_chat,risk_high,episode_00004,Average Guesser Team Precision,0.0
1605,codenames,NEW_FormatCheckingAgent_LLM_judge_clp_chat,risk_high,episode_00004,Average Guesser Team Recall,0.0
1606,codenames,NEW_FormatCheckingAgent_LLM_judge_clp_chat,risk_high,episode_00004,Average Guesser Team F1,0
1607,codenames,NEW_FormatCheckingAgent_LLM_judge_clp_chat,risk_high,episode_00004,Aborted,0
1608,codenames,NEW_FormatCheckingAgent_LLM_judge_clp_chat,risk_high,episode_00004,Lose,1
1609,codenames,NEW_FormatCheckingAgent_LLM_judge_clp_chat,risk_high,episode_00004,Success,0
1610,codenames,NEW_FormatCheckingAgent_LLM_judge_clp_chat,risk_high,episode_00004,Game ended through assassin,1
1611,codenames,NEW_FormatCheckingAgent_LLM_judge_clp_chat,risk_high,episode_00004,Episode Recall,0.0
1612,codenames,NEW_FormatCheckingAgent_LLM_judge_clp_chat,risk_high,episode_00004,Episode Negative Recall,0.938
1613,codenames,NEW_FormatCheckingAgent_LLM_judge_clp_chat,risk_high,episode_00004,Number of turns,2
1614,codenames,NEW_FormatCheckingAgent_LLM_judge_clp_chat,risk_high,episode_00004,Efficiency,1
1615,codenames,NEW_FormatCheckingAgent_LLM_judge_clp_chat,risk_high,episode_00004,Request Count,2
1616,codenames,NEW_FormatCheckingAgent_LLM_judge_clp_chat,risk_high,episode_00004,Parsed Request Count,2
1617,codenames,NEW_FormatCheckingAgent_LLM_judge_clp_chat,risk_high,episode_00004,Violated Request Count,0
1618,codenames,NEW_FormatCheckingAgent_LLM_judge_clp_chat,risk_high,episode_00004,Request Success Ratio,1.0
1619,codenames,NEW_FormatCheckingAgent_LLM_judge_clp_chat,risk_high,episode_00004,Main Score,0
1620,codenames,NEW_FormatCheckingAgent_LLM_judge_clp_chat,risk_low,episode_00001,experiment variable,Risk
1621,codenames,NEW_FormatCheckingAgent_LLM_judge_clp_chat,risk_low,episode_00001,experiment name,risk_low
1622,codenames,NEW_FormatCheckingAgent_LLM_judge_clp_chat,risk_low,episode_00001,Cluegiver strip words,6
1623,codenames,NEW_FormatCheckingAgent_LLM_judge_clp_chat,risk_low,episode_00001,Guesser strip words,0
1624,codenames,NEW_FormatCheckingAgent_LLM_judge_clp_chat,risk_low,episode_00001,Average Cluegiver Number of Targets,2.833
1625,codenames,NEW_FormatCheckingAgent_LLM_judge_clp_chat,risk_low,episode_00001,Average Cluegiver Team Precision,1.0
1626,codenames,NEW_FormatCheckingAgent_LLM_judge_clp_chat,risk_low,episode_00001,Average Cluegiver Team Recall,0.77
1627,codenames,NEW_FormatCheckingAgent_LLM_judge_clp_chat,risk_low,episode_00001,Average Cluegiver Team F1,0.848
1628,codenames,NEW_FormatCheckingAgent_LLM_judge_clp_chat,risk_low,episode_00001,Average Guesser Number of Guesses,2.667
1629,codenames,NEW_FormatCheckingAgent_LLM_judge_clp_chat,risk_low,episode_00001,Average Guesser Number of Revealed Words,2.167
1630,codenames,NEW_FormatCheckingAgent_LLM_judge_clp_chat,risk_low,episode_00001,Average Guesser Number of Unrevealed Guesses,0.5
1631,codenames,NEW_FormatCheckingAgent_LLM_judge_clp_chat,risk_low,episode_00001,Average Guesser Target Precision,0.708
1632,codenames,NEW_FormatCheckingAgent_LLM_judge_clp_chat,risk_low,episode_00001,Average Guesser Target Recall,0.614
1633,codenames,NEW_FormatCheckingAgent_LLM_judge_clp_chat,risk_low,episode_00001,Average Guesser Target F1,0.65
1634,codenames,NEW_FormatCheckingAgent_LLM_judge_clp_chat,risk_low,episode_00001,Average Guesser Team Precision,0.708
1635,codenames,NEW_FormatCheckingAgent_LLM_judge_clp_chat,risk_low,episode_00001,Average Guesser Team Recall,0.456
1636,codenames,NEW_FormatCheckingAgent_LLM_judge_clp_chat,risk_low,episode_00001,Average Guesser Team F1,0.53
1637,codenames,NEW_FormatCheckingAgent_LLM_judge_clp_chat,risk_low,episode_00001,Aborted,0
1638,codenames,NEW_FormatCheckingAgent_LLM_judge_clp_chat,risk_low,episode_00001,Lose,0
1639,codenames,NEW_FormatCheckingAgent_LLM_judge_clp_chat,risk_low,episode_00001,Success,1
1640,codenames,NEW_FormatCheckingAgent_LLM_judge_clp_chat,risk_low,episode_00001,Game ended through assassin,0
1641,codenames,NEW_FormatCheckingAgent_LLM_judge_clp_chat,risk_low,episode_00001,Episode Recall,1.0
1642,codenames,NEW_FormatCheckingAgent_LLM_judge_clp_chat,risk_low,episode_00001,Episode Negative Recall,0.75
1643,codenames,NEW_FormatCheckingAgent_LLM_judge_clp_chat,risk_low,episode_00001,Number of turns,7
1644,codenames,NEW_FormatCheckingAgent_LLM_judge_clp_chat,risk_low,episode_00001,Efficiency,1
1645,codenames,NEW_FormatCheckingAgent_LLM_judge_clp_chat,risk_low,episode_00001,Request Count,12
1646,codenames,NEW_FormatCheckingAgent_LLM_judge_clp_chat,risk_low,episode_00001,Parsed Request Count,12
1647,codenames,NEW_FormatCheckingAgent_LLM_judge_clp_chat,risk_low,episode_00001,Violated Request Count,0
1648,codenames,NEW_FormatCheckingAgent_LLM_judge_clp_chat,risk_low,episode_00001,Request Success Ratio,1.0
1649,codenames,NEW_FormatCheckingAgent_LLM_judge_clp_chat,risk_low,episode_00001,Main Score,100
1650,codenames,NEW_FormatCheckingAgent_LLM_judge_clp_chat,risk_low,episode_00002,experiment variable,Risk
1651,codenames,NEW_FormatCheckingAgent_LLM_judge_clp_chat,risk_low,episode_00002,experiment name,risk_low
1652,codenames,NEW_FormatCheckingAgent_LLM_judge_clp_chat,risk_low,episode_00002,Cluegiver strip words,1
1653,codenames,NEW_FormatCheckingAgent_LLM_judge_clp_chat,risk_low,episode_00002,Guesser strip words,0
1654,codenames,NEW_FormatCheckingAgent_LLM_judge_clp_chat,risk_low,episode_00002,Average Cluegiver Number of Targets,8
1655,codenames,NEW_FormatCheckingAgent_LLM_judge_clp_chat,risk_low,episode_00002,Average Cluegiver Team Precision,1.0
1656,codenames,NEW_FormatCheckingAgent_LLM_judge_clp_chat,risk_low,episode_00002,Average Cluegiver Team Recall,0.889
1657,codenames,NEW_FormatCheckingAgent_LLM_judge_clp_chat,risk_low,episode_00002,Average Cluegiver Team F1,0.941
1658,codenames,NEW_FormatCheckingAgent_LLM_judge_clp_chat,risk_low,episode_00002,Average Guesser Number of Guesses,0
1659,codenames,NEW_FormatCheckingAgent_LLM_judge_clp_chat,risk_low,episode_00002,Average Guesser Number of Revealed Words,0
1660,codenames,NEW_FormatCheckingAgent_LLM_judge_clp_chat,risk_low,episode_00002,Average Guesser Number of Unrevealed Guesses,0
1661,codenames,NEW_FormatCheckingAgent_LLM_judge_clp_chat,risk_low,episode_00002,Average Guesser Target Precision,0
1662,codenames,NEW_FormatCheckingAgent_LLM_judge_clp_chat,risk_low,episode_00002,Average Guesser Target Recall,0.0
1663,codenames,NEW_FormatCheckingAgent_LLM_judge_clp_chat,risk_low,episode_00002,Average Guesser Target F1,0
1664,codenames,NEW_FormatCheckingAgent_LLM_judge_clp_chat,risk_low,episode_00002,Average Guesser Team Precision,0
1665,codenames,NEW_FormatCheckingAgent_LLM_judge_clp_chat,risk_low,episode_00002,Average Guesser Team Recall,0.0
1666,codenames,NEW_FormatCheckingAgent_LLM_judge_clp_chat,risk_low,episode_00002,Average Guesser Team F1,0
1667,codenames,NEW_FormatCheckingAgent_LLM_judge_clp_chat,risk_low,episode_00002,Aborted,1
1668,codenames,NEW_FormatCheckingAgent_LLM_judge_clp_chat,risk_low,episode_00002,Lose,0
1669,codenames,NEW_FormatCheckingAgent_LLM_judge_clp_chat,risk_low,episode_00002,Success,0
1670,codenames,NEW_FormatCheckingAgent_LLM_judge_clp_chat,risk_low,episode_00002,Game ended through assassin,0
1671,codenames,NEW_FormatCheckingAgent_LLM_judge_clp_chat,risk_low,episode_00002,Episode Recall,0.0
1672,codenames,NEW_FormatCheckingAgent_LLM_judge_clp_chat,risk_low,episode_00002,Episode Negative Recall,1.0
1673,codenames,NEW_FormatCheckingAgent_LLM_judge_clp_chat,risk_low,episode_00002,Number of turns,2
1674,codenames,NEW_FormatCheckingAgent_LLM_judge_clp_chat,risk_low,episode_00002,Efficiency,0.0
1675,codenames,NEW_FormatCheckingAgent_LLM_judge_clp_chat,risk_low,episode_00002,Request Count,2
1676,codenames,NEW_FormatCheckingAgent_LLM_judge_clp_chat,risk_low,episode_00002,Parsed Request Count,1
1677,codenames,NEW_FormatCheckingAgent_LLM_judge_clp_chat,risk_low,episode_00002,Violated Request Count,1
1678,codenames,NEW_FormatCheckingAgent_LLM_judge_clp_chat,risk_low,episode_00002,Request Success Ratio,0.5
1679,codenames,NEW_FormatCheckingAgent_LLM_judge_clp_chat,risk_low,episode_00002,Main Score,
1680,codenames,NEW_FormatCheckingAgent_LLM_judge_clp_chat,unambiguous,episode_00019,experiment variable,Word Ambiguity
1681,codenames,NEW_FormatCheckingAgent_LLM_judge_clp_chat,unambiguous,episode_00019,experiment name,unambiguous
1682,codenames,NEW_FormatCheckingAgent_LLM_judge_clp_chat,unambiguous,episode_00019,Cluegiver strip words,5
1683,codenames,NEW_FormatCheckingAgent_LLM_judge_clp_chat,unambiguous,episode_00019,Guesser strip words,0
1684,codenames,NEW_FormatCheckingAgent_LLM_judge_clp_chat,unambiguous,episode_00019,Average Cluegiver Number of Targets,4.4
1685,codenames,NEW_FormatCheckingAgent_LLM_judge_clp_chat,unambiguous,episode_00019,Average Cluegiver Team Precision,1.0
1686,codenames,NEW_FormatCheckingAgent_LLM_judge_clp_chat,unambiguous,episode_00019,Average Cluegiver Team Recall,0.95
1687,codenames,NEW_FormatCheckingAgent_LLM_judge_clp_chat,unambiguous,episode_00019,Average Cluegiver Team F1,0.971
1688,codenames,NEW_FormatCheckingAgent_LLM_judge_clp_chat,unambiguous,episode_00019,Average Guesser Number of Guesses,4.4
1689,codenames,NEW_FormatCheckingAgent_LLM_judge_clp_chat,unambiguous,episode_00019,Average Guesser Number of Revealed Words,2.6
1690,codenames,NEW_FormatCheckingAgent_LLM_judge_clp_chat,unambiguous,episode_00019,Average Guesser Number of Unrevealed Guesses,1.8
1691,codenames,NEW_FormatCheckingAgent_LLM_judge_clp_chat,unambiguous,episode_00019,Average Guesser Target Precision,0.717
1692,codenames,NEW_FormatCheckingAgent_LLM_judge_clp_chat,unambiguous,episode_00019,Average Guesser Target Recall,0.564
1693,codenames,NEW_FormatCheckingAgent_LLM_judge_clp_chat,unambiguous,episode_00019,Average Guesser Target F1,0.609
1694,codenames,NEW_FormatCheckingAgent_LLM_judge_clp_chat,unambiguous,episode_00019,Average Guesser Team Precision,0.717
1695,codenames,NEW_FormatCheckingAgent_LLM_judge_clp_chat,unambiguous,episode_00019,Average Guesser Team Recall,0.53
1696,codenames,NEW_FormatCheckingAgent_LLM_judge_clp_chat,unambiguous,episode_00019,Average Guesser Team F1,0.59
1697,codenames,NEW_FormatCheckingAgent_LLM_judge_clp_chat,unambiguous,episode_00019,Aborted,0
1698,codenames,NEW_FormatCheckingAgent_LLM_judge_clp_chat,unambiguous,episode_00019,Lose,0
1699,codenames,NEW_FormatCheckingAgent_LLM_judge_clp_chat,unambiguous,episode_00019,Success,1
1700,codenames,NEW_FormatCheckingAgent_LLM_judge_clp_chat,unambiguous,episode_00019,Game ended through assassin,0
1701,codenames,NEW_FormatCheckingAgent_LLM_judge_clp_chat,unambiguous,episode_00019,Episode Recall,1.0
1702,codenames,NEW_FormatCheckingAgent_LLM_judge_clp_chat,unambiguous,episode_00019,Episode Negative Recall,0.75
1703,codenames,NEW_FormatCheckingAgent_LLM_judge_clp_chat,unambiguous,episode_00019,Number of turns,6
1704,codenames,NEW_FormatCheckingAgent_LLM_judge_clp_chat,unambiguous,episode_00019,Efficiency,1
1705,codenames,NEW_FormatCheckingAgent_LLM_judge_clp_chat,unambiguous,episode_00019,Request Count,10
1706,codenames,NEW_FormatCheckingAgent_LLM_judge_clp_chat,unambiguous,episode_00019,Parsed Request Count,10
1707,codenames,NEW_FormatCheckingAgent_LLM_judge_clp_chat,unambiguous,episode_00019,Violated Request Count,0
1708,codenames,NEW_FormatCheckingAgent_LLM_judge_clp_chat,unambiguous,episode_00019,Request Success Ratio,1.0
1709,codenames,NEW_FormatCheckingAgent_LLM_judge_clp_chat,unambiguous,episode_00019,Main Score,100
1710,codenames,NEW_FormatCheckingAgent_LLM_judge_clp_chat,unambiguous,episode_00020,experiment variable,Word Ambiguity
1711,codenames,NEW_FormatCheckingAgent_LLM_judge_clp_chat,unambiguous,episode_00020,experiment name,unambiguous
1712,codenames,NEW_FormatCheckingAgent_LLM_judge_clp_chat,unambiguous,episode_00020,Cluegiver strip words,2
1713,codenames,NEW_FormatCheckingAgent_LLM_judge_clp_chat,unambiguous,episode_00020,Guesser strip words,0
1714,codenames,NEW_FormatCheckingAgent_LLM_judge_clp_chat,unambiguous,episode_00020,Average Cluegiver Number of Targets,2
1715,codenames,NEW_FormatCheckingAgent_LLM_judge_clp_chat,unambiguous,episode_00020,Average Cluegiver Team Precision,0.5
1716,codenames,NEW_FormatCheckingAgent_LLM_judge_clp_chat,unambiguous,episode_00020,Average Cluegiver Team Recall,0.222
1717,codenames,NEW_FormatCheckingAgent_LLM_judge_clp_chat,unambiguous,episode_00020,Average Cluegiver Team F1,0.307
1718,codenames,NEW_FormatCheckingAgent_LLM_judge_clp_chat,unambiguous,episode_00020,Average Guesser Number of Guesses,2
1719,codenames,NEW_FormatCheckingAgent_LLM_judge_clp_chat,unambiguous,episode_00020,Average Guesser Number of Revealed Words,1
1720,codenames,NEW_FormatCheckingAgent_LLM_judge_clp_chat,unambiguous,episode_00020,Average Guesser Number of Unrevealed Guesses,1
1721,codenames,NEW_FormatCheckingAgent_LLM_judge_clp_chat,unambiguous,episode_00020,Average Guesser Target Precision,0.25
1722,codenames,NEW_FormatCheckingAgent_LLM_judge_clp_chat,unambiguous,episode_00020,Average Guesser Target Recall,0.125
1723,codenames,NEW_FormatCheckingAgent_LLM_judge_clp_chat,unambiguous,episode_00020,Average Guesser Target F1,0.167
1724,codenames,NEW_FormatCheckingAgent_LLM_judge_clp_chat,unambiguous,episode_00020,Average Guesser Team Precision,0.25
1725,codenames,NEW_FormatCheckingAgent_LLM_judge_clp_chat,unambiguous,episode_00020,Average Guesser Team Recall,0.056
1726,codenames,NEW_FormatCheckingAgent_LLM_judge_clp_chat,unambiguous,episode_00020,Average Guesser Team F1,0.091
1727,codenames,NEW_FormatCheckingAgent_LLM_judge_clp_chat,unambiguous,episode_00020,Aborted,1
1728,codenames,NEW_FormatCheckingAgent_LLM_judge_clp_chat,unambiguous,episode_00020,Lose,0
1729,codenames,NEW_FormatCheckingAgent_LLM_judge_clp_chat,unambiguous,episode_00020,Success,0
1730,codenames,NEW_FormatCheckingAgent_LLM_judge_clp_chat,unambiguous,episode_00020,Game ended through assassin,0
1731,codenames,NEW_FormatCheckingAgent_LLM_judge_clp_chat,unambiguous,episode_00020,Episode Recall,0.111
1732,codenames,NEW_FormatCheckingAgent_LLM_judge_clp_chat,unambiguous,episode_00020,Episode Negative Recall,0.938
1733,codenames,NEW_FormatCheckingAgent_LLM_judge_clp_chat,unambiguous,episode_00020,Number of turns,2
1734,codenames,NEW_FormatCheckingAgent_LLM_judge_clp_chat,unambiguous,episode_00020,Efficiency,1.0
1735,codenames,NEW_FormatCheckingAgent_LLM_judge_clp_chat,unambiguous,episode_00020,Request Count,3
1736,codenames,NEW_FormatCheckingAgent_LLM_judge_clp_chat,unambiguous,episode_00020,Parsed Request Count,2
1737,codenames,NEW_FormatCheckingAgent_LLM_judge_clp_chat,unambiguous,episode_00020,Violated Request Count,1
1738,codenames,NEW_FormatCheckingAgent_LLM_judge_clp_chat,unambiguous,episode_00020,Request Success Ratio,0.667
1739,codenames,NEW_FormatCheckingAgent_LLM_judge_clp_chat,unambiguous,episode_00020,Main Score,
1740,guesswhat,NEW_FormatCheckingAgent_LLM_judge_clp_chat,Abs_Level_1,episode_00013,Violated Request Count,1
1741,guesswhat,NEW_FormatCheckingAgent_LLM_judge_clp_chat,Abs_Level_1,episode_00013,Parsed Request Count,3
1742,guesswhat,NEW_FormatCheckingAgent_LLM_judge_clp_chat,Abs_Level_1,episode_00013,Request Count,4
1743,guesswhat,NEW_FormatCheckingAgent_LLM_judge_clp_chat,Abs_Level_1,episode_00013,Request Success Ratio,0.75
1744,guesswhat,NEW_FormatCheckingAgent_LLM_judge_clp_chat,Abs_Level_1,episode_00013,Aborted,1
1745,guesswhat,NEW_FormatCheckingAgent_LLM_judge_clp_chat,Abs_Level_1,episode_00013,Main Score,
1746,guesswhat,NEW_FormatCheckingAgent_LLM_judge_clp_chat,Abs_Level_1,episode_00013,Invalid format guesser response,1
1747,guesswhat,NEW_FormatCheckingAgent_LLM_judge_clp_chat,Abs_Level_1,episode_00013,Invalid format answerer response,0
1748,guesswhat,NEW_FormatCheckingAgent_LLM_judge_clp_chat,Abs_Level_1,episode_00013,Invalid content guesser response,0
1749,guesswhat,NEW_FormatCheckingAgent_LLM_judge_clp_chat,Abs_Level_1,episode_00013,Invalid content answerer response,0
1750,guesswhat,NEW_FormatCheckingAgent_LLM_judge_clp_chat,Abs_Level_1,episode_00014,Violated Request Count,1
1751,guesswhat,NEW_FormatCheckingAgent_LLM_judge_clp_chat,Abs_Level_1,episode_00014,Parsed Request Count,3
1752,guesswhat,NEW_FormatCheckingAgent_LLM_judge_clp_chat,Abs_Level_1,episode_00014,Request Count,4
1753,guesswhat,NEW_FormatCheckingAgent_LLM_judge_clp_chat,Abs_Level_1,episode_00014,Request Success Ratio,0.75
1754,guesswhat,NEW_FormatCheckingAgent_LLM_judge_clp_chat,Abs_Level_1,episode_00014,Aborted,1
1755,guesswhat,NEW_FormatCheckingAgent_LLM_judge_clp_chat,Abs_Level_1,episode_00014,Main Score,
1756,guesswhat,NEW_FormatCheckingAgent_LLM_judge_clp_chat,Abs_Level_1,episode_00014,Invalid format guesser response,0
1757,guesswhat,NEW_FormatCheckingAgent_LLM_judge_clp_chat,Abs_Level_1,episode_00014,Invalid format answerer response,1
1758,guesswhat,NEW_FormatCheckingAgent_LLM_judge_clp_chat,Abs_Level_1,episode_00014,Invalid content guesser response,0
1759,guesswhat,NEW_FormatCheckingAgent_LLM_judge_clp_chat,Abs_Level_1,episode_00014,Invalid content answerer response,0
1760,guesswhat,NEW_FormatCheckingAgent_LLM_judge_clp_chat,Abs_Level_1,episode_00015,Violated Request Count,1
1761,guesswhat,NEW_FormatCheckingAgent_LLM_judge_clp_chat,Abs_Level_1,episode_00015,Parsed Request Count,6
1762,guesswhat,NEW_FormatCheckingAgent_LLM_judge_clp_chat,Abs_Level_1,episode_00015,Request Count,7
1763,guesswhat,NEW_FormatCheckingAgent_LLM_judge_clp_chat,Abs_Level_1,episode_00015,Request Success Ratio,0.8571428571428571
1764,guesswhat,NEW_FormatCheckingAgent_LLM_judge_clp_chat,Abs_Level_1,episode_00015,Aborted,1
1765,guesswhat,NEW_FormatCheckingAgent_LLM_judge_clp_chat,Abs_Level_1,episode_00015,Main Score,
1766,guesswhat,NEW_FormatCheckingAgent_LLM_judge_clp_chat,Abs_Level_1,episode_00015,Invalid format guesser response,1
1767,guesswhat,NEW_FormatCheckingAgent_LLM_judge_clp_chat,Abs_Level_1,episode_00015,Invalid format answerer response,0
1768,guesswhat,NEW_FormatCheckingAgent_LLM_judge_clp_chat,Abs_Level_1,episode_00015,Invalid content guesser response,0
1769,guesswhat,NEW_FormatCheckingAgent_LLM_judge_clp_chat,Abs_Level_1,episode_00015,Invalid content answerer response,0
1770,guesswhat,NEW_FormatCheckingAgent_LLM_judge_clp_chat,Abs_Level_1,episode_00016,Violated Request Count,1
1771,guesswhat,NEW_FormatCheckingAgent_LLM_judge_clp_chat,Abs_Level_1,episode_00016,Parsed Request Count,7
1772,guesswhat,NEW_FormatCheckingAgent_LLM_judge_clp_chat,Abs_Level_1,episode_00016,Request Count,8
1773,guesswhat,NEW_FormatCheckingAgent_LLM_judge_clp_chat,Abs_Level_1,episode_00016,Request Success Ratio,0.875
1774,guesswhat,NEW_FormatCheckingAgent_LLM_judge_clp_chat,Abs_Level_1,episode_00016,Aborted,1
1775,guesswhat,NEW_FormatCheckingAgent_LLM_judge_clp_chat,Abs_Level_1,episode_00016,Main Score,
1776,guesswhat,NEW_FormatCheckingAgent_LLM_judge_clp_chat,Abs_Level_1,episode_00016,Invalid format guesser response,1
1777,guesswhat,NEW_FormatCheckingAgent_LLM_judge_clp_chat,Abs_Level_1,episode_00016,Invalid format answerer response,0
1778,guesswhat,NEW_FormatCheckingAgent_LLM_judge_clp_chat,Abs_Level_1,episode_00016,Invalid content guesser response,0
1779,guesswhat,NEW_FormatCheckingAgent_LLM_judge_clp_chat,Abs_Level_1,episode_00016,Invalid content answerer response,0
1780,guesswhat,NEW_FormatCheckingAgent_LLM_judge_clp_chat,Abs_Level_2,episode_00017,Violated Request Count,1
1781,guesswhat,NEW_FormatCheckingAgent_LLM_judge_clp_chat,Abs_Level_2,episode_00017,Parsed Request Count,6
1782,guesswhat,NEW_FormatCheckingAgent_LLM_judge_clp_chat,Abs_Level_2,episode_00017,Request Count,7
1783,guesswhat,NEW_FormatCheckingAgent_LLM_judge_clp_chat,Abs_Level_2,episode_00017,Request Success Ratio,0.8571428571428571
1784,guesswhat,NEW_FormatCheckingAgent_LLM_judge_clp_chat,Abs_Level_2,episode_00017,Aborted,1
1785,guesswhat,NEW_FormatCheckingAgent_LLM_judge_clp_chat,Abs_Level_2,episode_00017,Main Score,
1786,guesswhat,NEW_FormatCheckingAgent_LLM_judge_clp_chat,Abs_Level_2,episode_00017,Invalid format guesser response,1
1787,guesswhat,NEW_FormatCheckingAgent_LLM_judge_clp_chat,Abs_Level_2,episode_00017,Invalid format answerer response,0
1788,guesswhat,NEW_FormatCheckingAgent_LLM_judge_clp_chat,Abs_Level_2,episode_00017,Invalid content guesser response,0
1789,guesswhat,NEW_FormatCheckingAgent_LLM_judge_clp_chat,Abs_Level_2,episode_00017,Invalid content answerer response,0
1790,guesswhat,NEW_FormatCheckingAgent_LLM_judge_clp_chat,Abs_Level_2,episode_00018,Violated Request Count,1
1791,guesswhat,NEW_FormatCheckingAgent_LLM_judge_clp_chat,Abs_Level_2,episode_00018,Parsed Request Count,6
1792,guesswhat,NEW_FormatCheckingAgent_LLM_judge_clp_chat,Abs_Level_2,episode_00018,Request Count,7
1793,guesswhat,NEW_FormatCheckingAgent_LLM_judge_clp_chat,Abs_Level_2,episode_00018,Request Success Ratio,0.8571428571428571
1794,guesswhat,NEW_FormatCheckingAgent_LLM_judge_clp_chat,Abs_Level_2,episode_00018,Aborted,1
1795,guesswhat,NEW_FormatCheckingAgent_LLM_judge_clp_chat,Abs_Level_2,episode_00018,Main Score,
1796,guesswhat,NEW_FormatCheckingAgent_LLM_judge_clp_chat,Abs_Level_2,episode_00018,Invalid format guesser response,1
1797,guesswhat,NEW_FormatCheckingAgent_LLM_judge_clp_chat,Abs_Level_2,episode_00018,Invalid format answerer response,0
1798,guesswhat,NEW_FormatCheckingAgent_LLM_judge_clp_chat,Abs_Level_2,episode_00018,Invalid content guesser response,0
1799,guesswhat,NEW_FormatCheckingAgent_LLM_judge_clp_chat,Abs_Level_2,episode_00018,Invalid content answerer response,0
1800,guesswhat,NEW_FormatCheckingAgent_LLM_judge_clp_chat,Abs_Level_2,episode_00019,Violated Request Count,1
1801,guesswhat,NEW_FormatCheckingAgent_LLM_judge_clp_chat,Abs_Level_2,episode_00019,Parsed Request Count,3
1802,guesswhat,NEW_FormatCheckingAgent_LLM_judge_clp_chat,Abs_Level_2,episode_00019,Request Count,4
1803,guesswhat,NEW_FormatCheckingAgent_LLM_judge_clp_chat,Abs_Level_2,episode_00019,Request Success Ratio,0.75
1804,guesswhat,NEW_FormatCheckingAgent_LLM_judge_clp_chat,Abs_Level_2,episode_00019,Aborted,1
1805,guesswhat,NEW_FormatCheckingAgent_LLM_judge_clp_chat,Abs_Level_2,episode_00019,Main Score,
1806,guesswhat,NEW_FormatCheckingAgent_LLM_judge_clp_chat,Abs_Level_2,episode_00019,Invalid format guesser response,0
1807,guesswhat,NEW_FormatCheckingAgent_LLM_judge_clp_chat,Abs_Level_2,episode_00019,Invalid format answerer response,1
1808,guesswhat,NEW_FormatCheckingAgent_LLM_judge_clp_chat,Abs_Level_2,episode_00019,Invalid content guesser response,0
1809,guesswhat,NEW_FormatCheckingAgent_LLM_judge_clp_chat,Abs_Level_2,episode_00019,Invalid content answerer response,0
1810,guesswhat,NEW_FormatCheckingAgent_LLM_judge_clp_chat,Abs_Level_2,episode_00020,Violated Request Count,0
1811,guesswhat,NEW_FormatCheckingAgent_LLM_judge_clp_chat,Abs_Level_2,episode_00020,Parsed Request Count,8
1812,guesswhat,NEW_FormatCheckingAgent_LLM_judge_clp_chat,Abs_Level_2,episode_00020,Request Count,8
1813,guesswhat,NEW_FormatCheckingAgent_LLM_judge_clp_chat,Abs_Level_2,episode_00020,Request Success Ratio,1.0
1814,guesswhat,NEW_FormatCheckingAgent_LLM_judge_clp_chat,Abs_Level_2,episode_00020,Aborted,0
1815,guesswhat,NEW_FormatCheckingAgent_LLM_judge_clp_chat,Abs_Level_2,episode_00020,Success,0
1816,guesswhat,NEW_FormatCheckingAgent_LLM_judge_clp_chat,Abs_Level_2,episode_00020,Lose,1
1817,guesswhat,NEW_FormatCheckingAgent_LLM_judge_clp_chat,Abs_Level_2,episode_00020,Main Score,0
1818,guesswhat,NEW_FormatCheckingAgent_LLM_judge_clp_chat,Abs_Level_2,episode_00020,Invalid format guesser response,0
1819,guesswhat,NEW_FormatCheckingAgent_LLM_judge_clp_chat,Abs_Level_2,episode_00020,Invalid format answerer response,0
1820,guesswhat,NEW_FormatCheckingAgent_LLM_judge_clp_chat,Abs_Level_2,episode_00020,Invalid content guesser response,0
1821,guesswhat,NEW_FormatCheckingAgent_LLM_judge_clp_chat,Abs_Level_2,episode_00020,Invalid content answerer response,0
1822,guesswhat,NEW_FormatCheckingAgent_LLM_judge_clp_chat,Abs_Level_3,episode_00021,Violated Request Count,1
1823,guesswhat,NEW_FormatCheckingAgent_LLM_judge_clp_chat,Abs_Level_3,episode_00021,Parsed Request Count,5
1824,guesswhat,NEW_FormatCheckingAgent_LLM_judge_clp_chat,Abs_Level_3,episode_00021,Request Count,6
1825,guesswhat,NEW_FormatCheckingAgent_LLM_judge_clp_chat,Abs_Level_3,episode_00021,Request Success Ratio,0.8333333333333334
1826,guesswhat,NEW_FormatCheckingAgent_LLM_judge_clp_chat,Abs_Level_3,episode_00021,Aborted,1
1827,guesswhat,NEW_FormatCheckingAgent_LLM_judge_clp_chat,Abs_Level_3,episode_00021,Main Score,
1828,guesswhat,NEW_FormatCheckingAgent_LLM_judge_clp_chat,Abs_Level_3,episode_00021,Invalid format guesser response,1
1829,guesswhat,NEW_FormatCheckingAgent_LLM_judge_clp_chat,Abs_Level_3,episode_00021,Invalid format answerer response,0
1830,guesswhat,NEW_FormatCheckingAgent_LLM_judge_clp_chat,Abs_Level_3,episode_00021,Invalid content guesser response,0
1831,guesswhat,NEW_FormatCheckingAgent_LLM_judge_clp_chat,Abs_Level_3,episode_00021,Invalid content answerer response,0
1832,guesswhat,NEW_FormatCheckingAgent_LLM_judge_clp_chat,Abs_Level_3,episode_00022,Violated Request Count,1
1833,guesswhat,NEW_FormatCheckingAgent_LLM_judge_clp_chat,Abs_Level_3,episode_00022,Parsed Request Count,2
1834,guesswhat,NEW_FormatCheckingAgent_LLM_judge_clp_chat,Abs_Level_3,episode_00022,Request Count,3
1835,guesswhat,NEW_FormatCheckingAgent_LLM_judge_clp_chat,Abs_Level_3,episode_00022,Request Success Ratio,0.6666666666666666
1836,guesswhat,NEW_FormatCheckingAgent_LLM_judge_clp_chat,Abs_Level_3,episode_00022,Aborted,1
1837,guesswhat,NEW_FormatCheckingAgent_LLM_judge_clp_chat,Abs_Level_3,episode_00022,Main Score,
1838,guesswhat,NEW_FormatCheckingAgent_LLM_judge_clp_chat,Abs_Level_3,episode_00022,Invalid format guesser response,0
1839,guesswhat,NEW_FormatCheckingAgent_LLM_judge_clp_chat,Abs_Level_3,episode_00022,Invalid format answerer response,1
1840,guesswhat,NEW_FormatCheckingAgent_LLM_judge_clp_chat,Abs_Level_3,episode_00022,Invalid content guesser response,0
1841,guesswhat,NEW_FormatCheckingAgent_LLM_judge_clp_chat,Abs_Level_3,episode_00022,Invalid content answerer response,0
1842,guesswhat,NEW_FormatCheckingAgent_LLM_judge_clp_chat,Abs_Level_3,episode_00023,Violated Request Count,1
1843,guesswhat,NEW_FormatCheckingAgent_LLM_judge_clp_chat,Abs_Level_3,episode_00023,Parsed Request Count,6
1844,guesswhat,NEW_FormatCheckingAgent_LLM_judge_clp_chat,Abs_Level_3,episode_00023,Request Count,7
1845,guesswhat,NEW_FormatCheckingAgent_LLM_judge_clp_chat,Abs_Level_3,episode_00023,Request Success Ratio,0.8571428571428571
1846,guesswhat,NEW_FormatCheckingAgent_LLM_judge_clp_chat,Abs_Level_3,episode_00023,Aborted,1
1847,guesswhat,NEW_FormatCheckingAgent_LLM_judge_clp_chat,Abs_Level_3,episode_00023,Main Score,
1848,guesswhat,NEW_FormatCheckingAgent_LLM_judge_clp_chat,Abs_Level_3,episode_00023,Invalid format guesser response,1
1849,guesswhat,NEW_FormatCheckingAgent_LLM_judge_clp_chat,Abs_Level_3,episode_00023,Invalid format answerer response,0
1850,guesswhat,NEW_FormatCheckingAgent_LLM_judge_clp_chat,Abs_Level_3,episode_00023,Invalid content guesser response,0
1851,guesswhat,NEW_FormatCheckingAgent_LLM_judge_clp_chat,Abs_Level_3,episode_00023,Invalid content answerer response,0
1852,guesswhat,NEW_FormatCheckingAgent_LLM_judge_clp_chat,Abs_Level_3,episode_00024,Violated Request Count,0
1853,guesswhat,NEW_FormatCheckingAgent_LLM_judge_clp_chat,Abs_Level_3,episode_00024,Parsed Request Count,8
1854,guesswhat,NEW_FormatCheckingAgent_LLM_judge_clp_chat,Abs_Level_3,episode_00024,Request Count,8
1855,guesswhat,NEW_FormatCheckingAgent_LLM_judge_clp_chat,Abs_Level_3,episode_00024,Request Success Ratio,1.0
1856,guesswhat,NEW_FormatCheckingAgent_LLM_judge_clp_chat,Abs_Level_3,episode_00024,Aborted,0
1857,guesswhat,NEW_FormatCheckingAgent_LLM_judge_clp_chat,Abs_Level_3,episode_00024,Success,0
1858,guesswhat,NEW_FormatCheckingAgent_LLM_judge_clp_chat,Abs_Level_3,episode_00024,Lose,1
1859,guesswhat,NEW_FormatCheckingAgent_LLM_judge_clp_chat,Abs_Level_3,episode_00024,Main Score,0
1860,guesswhat,NEW_FormatCheckingAgent_LLM_judge_clp_chat,Abs_Level_3,episode_00024,Invalid format guesser response,0
1861,guesswhat,NEW_FormatCheckingAgent_LLM_judge_clp_chat,Abs_Level_3,episode_00024,Invalid format answerer response,0
1862,guesswhat,NEW_FormatCheckingAgent_LLM_judge_clp_chat,Abs_Level_3,episode_00024,Invalid content guesser response,0
1863,guesswhat,NEW_FormatCheckingAgent_LLM_judge_clp_chat,Abs_Level_3,episode_00024,Invalid content answerer response,0
1864,guesswhat,NEW_FormatCheckingAgent_LLM_judge_clp_chat,Level_1,episode_00001,Violated Request Count,1
1865,guesswhat,NEW_FormatCheckingAgent_LLM_judge_clp_chat,Level_1,episode_00001,Parsed Request Count,5
1866,guesswhat,NEW_FormatCheckingAgent_LLM_judge_clp_chat,Level_1,episode_00001,Request Count,6
1867,guesswhat,NEW_FormatCheckingAgent_LLM_judge_clp_chat,Level_1,episode_00001,Request Success Ratio,0.8333333333333334
1868,guesswhat,NEW_FormatCheckingAgent_LLM_judge_clp_chat,Level_1,episode_00001,Aborted,1
1869,guesswhat,NEW_FormatCheckingAgent_LLM_judge_clp_chat,Level_1,episode_00001,Main Score,
1870,guesswhat,NEW_FormatCheckingAgent_LLM_judge_clp_chat,Level_1,episode_00001,Invalid format guesser response,1
1871,guesswhat,NEW_FormatCheckingAgent_LLM_judge_clp_chat,Level_1,episode_00001,Invalid format answerer response,0
1872,guesswhat,NEW_FormatCheckingAgent_LLM_judge_clp_chat,Level_1,episode_00001,Invalid content guesser response,0
1873,guesswhat,NEW_FormatCheckingAgent_LLM_judge_clp_chat,Level_1,episode_00001,Invalid content answerer response,0
1874,guesswhat,NEW_FormatCheckingAgent_LLM_judge_clp_chat,Level_1,episode_00002,Violated Request Count,0
1875,guesswhat,NEW_FormatCheckingAgent_LLM_judge_clp_chat,Level_1,episode_00002,Parsed Request Count,8
1876,guesswhat,NEW_FormatCheckingAgent_LLM_judge_clp_chat,Level_1,episode_00002,Request Count,8
1877,guesswhat,NEW_FormatCheckingAgent_LLM_judge_clp_chat,Level_1,episode_00002,Request Success Ratio,1.0
1878,guesswhat,NEW_FormatCheckingAgent_LLM_judge_clp_chat,Level_1,episode_00002,Aborted,0
1879,guesswhat,NEW_FormatCheckingAgent_LLM_judge_clp_chat,Level_1,episode_00002,Success,0
1880,guesswhat,NEW_FormatCheckingAgent_LLM_judge_clp_chat,Level_1,episode_00002,Lose,1
1881,guesswhat,NEW_FormatCheckingAgent_LLM_judge_clp_chat,Level_1,episode_00002,Main Score,0
1882,guesswhat,NEW_FormatCheckingAgent_LLM_judge_clp_chat,Level_1,episode_00002,Invalid format guesser response,0
1883,guesswhat,NEW_FormatCheckingAgent_LLM_judge_clp_chat,Level_1,episode_00002,Invalid format answerer response,0
1884,guesswhat,NEW_FormatCheckingAgent_LLM_judge_clp_chat,Level_1,episode_00002,Invalid content guesser response,0
1885,guesswhat,NEW_FormatCheckingAgent_LLM_judge_clp_chat,Level_1,episode_00002,Invalid content answerer response,0
1886,guesswhat,NEW_FormatCheckingAgent_LLM_judge_clp_chat,Level_1,episode_00003,Violated Request Count,0
1887,guesswhat,NEW_FormatCheckingAgent_LLM_judge_clp_chat,Level_1,episode_00003,Parsed Request Count,8
1888,guesswhat,NEW_FormatCheckingAgent_LLM_judge_clp_chat,Level_1,episode_00003,Request Count,8
1889,guesswhat,NEW_FormatCheckingAgent_LLM_judge_clp_chat,Level_1,episode_00003,Request Success Ratio,1.0
1890,guesswhat,NEW_FormatCheckingAgent_LLM_judge_clp_chat,Level_1,episode_00003,Aborted,0
1891,guesswhat,NEW_FormatCheckingAgent_LLM_judge_clp_chat,Level_1,episode_00003,Success,0
1892,guesswhat,NEW_FormatCheckingAgent_LLM_judge_clp_chat,Level_1,episode_00003,Lose,1
1893,guesswhat,NEW_FormatCheckingAgent_LLM_judge_clp_chat,Level_1,episode_00003,Main Score,0
1894,guesswhat,NEW_FormatCheckingAgent_LLM_judge_clp_chat,Level_1,episode_00003,Invalid format guesser response,0
1895,guesswhat,NEW_FormatCheckingAgent_LLM_judge_clp_chat,Level_1,episode_00003,Invalid format answerer response,0
1896,guesswhat,NEW_FormatCheckingAgent_LLM_judge_clp_chat,Level_1,episode_00003,Invalid content guesser response,0
1897,guesswhat,NEW_FormatCheckingAgent_LLM_judge_clp_chat,Level_1,episode_00003,Invalid content answerer response,0
1898,guesswhat,NEW_FormatCheckingAgent_LLM_judge_clp_chat,Level_1,episode_00004,Violated Request Count,1
1899,guesswhat,NEW_FormatCheckingAgent_LLM_judge_clp_chat,Level_1,episode_00004,Parsed Request Count,7
1900,guesswhat,NEW_FormatCheckingAgent_LLM_judge_clp_chat,Level_1,episode_00004,Request Count,8
1901,guesswhat,NEW_FormatCheckingAgent_LLM_judge_clp_chat,Level_1,episode_00004,Request Success Ratio,0.875
1902,guesswhat,NEW_FormatCheckingAgent_LLM_judge_clp_chat,Level_1,episode_00004,Aborted,1
1903,guesswhat,NEW_FormatCheckingAgent_LLM_judge_clp_chat,Level_1,episode_00004,Main Score,
1904,guesswhat,NEW_FormatCheckingAgent_LLM_judge_clp_chat,Level_1,episode_00004,Invalid format guesser response,1
1905,guesswhat,NEW_FormatCheckingAgent_LLM_judge_clp_chat,Level_1,episode_00004,Invalid format answerer response,0
1906,guesswhat,NEW_FormatCheckingAgent_LLM_judge_clp_chat,Level_1,episode_00004,Invalid content guesser response,0
1907,guesswhat,NEW_FormatCheckingAgent_LLM_judge_clp_chat,Level_1,episode_00004,Invalid content answerer response,0
1908,guesswhat,NEW_FormatCheckingAgent_LLM_judge_clp_chat,Level_2,episode_00005,Violated Request Count,1
1909,guesswhat,NEW_FormatCheckingAgent_LLM_judge_clp_chat,Level_2,episode_00005,Parsed Request Count,6
1910,guesswhat,NEW_FormatCheckingAgent_LLM_judge_clp_chat,Level_2,episode_00005,Request Count,7
1911,guesswhat,NEW_FormatCheckingAgent_LLM_judge_clp_chat,Level_2,episode_00005,Request Success Ratio,0.8571428571428571
1912,guesswhat,NEW_FormatCheckingAgent_LLM_judge_clp_chat,Level_2,episode_00005,Aborted,1
1913,guesswhat,NEW_FormatCheckingAgent_LLM_judge_clp_chat,Level_2,episode_00005,Main Score,
1914,guesswhat,NEW_FormatCheckingAgent_LLM_judge_clp_chat,Level_2,episode_00005,Invalid format guesser response,1
1915,guesswhat,NEW_FormatCheckingAgent_LLM_judge_clp_chat,Level_2,episode_00005,Invalid format answerer response,0
1916,guesswhat,NEW_FormatCheckingAgent_LLM_judge_clp_chat,Level_2,episode_00005,Invalid content guesser response,0
1917,guesswhat,NEW_FormatCheckingAgent_LLM_judge_clp_chat,Level_2,episode_00005,Invalid content answerer response,0
1918,guesswhat,NEW_FormatCheckingAgent_LLM_judge_clp_chat,Level_2,episode_00006,Violated Request Count,0
1919,guesswhat,NEW_FormatCheckingAgent_LLM_judge_clp_chat,Level_2,episode_00006,Parsed Request Count,8
1920,guesswhat,NEW_FormatCheckingAgent_LLM_judge_clp_chat,Level_2,episode_00006,Request Count,8
1921,guesswhat,NEW_FormatCheckingAgent_LLM_judge_clp_chat,Level_2,episode_00006,Request Success Ratio,1.0
1922,guesswhat,NEW_FormatCheckingAgent_LLM_judge_clp_chat,Level_2,episode_00006,Aborted,0
1923,guesswhat,NEW_FormatCheckingAgent_LLM_judge_clp_chat,Level_2,episode_00006,Success,0
1924,guesswhat,NEW_FormatCheckingAgent_LLM_judge_clp_chat,Level_2,episode_00006,Lose,1
1925,guesswhat,NEW_FormatCheckingAgent_LLM_judge_clp_chat,Level_2,episode_00006,Main Score,0
1926,guesswhat,NEW_FormatCheckingAgent_LLM_judge_clp_chat,Level_2,episode_00006,Invalid format guesser response,0
1927,guesswhat,NEW_FormatCheckingAgent_LLM_judge_clp_chat,Level_2,episode_00006,Invalid format answerer response,0
1928,guesswhat,NEW_FormatCheckingAgent_LLM_judge_clp_chat,Level_2,episode_00006,Invalid content guesser response,0
1929,guesswhat,NEW_FormatCheckingAgent_LLM_judge_clp_chat,Level_2,episode_00006,Invalid content answerer response,0
1930,guesswhat,NEW_FormatCheckingAgent_LLM_judge_clp_chat,Level_2,episode_00007,Violated Request Count,0
1931,guesswhat,NEW_FormatCheckingAgent_LLM_judge_clp_chat,Level_2,episode_00007,Parsed Request Count,8
1932,guesswhat,NEW_FormatCheckingAgent_LLM_judge_clp_chat,Level_2,episode_00007,Request Count,8
1933,guesswhat,NEW_FormatCheckingAgent_LLM_judge_clp_chat,Level_2,episode_00007,Request Success Ratio,1.0
1934,guesswhat,NEW_FormatCheckingAgent_LLM_judge_clp_chat,Level_2,episode_00007,Aborted,0
1935,guesswhat,NEW_FormatCheckingAgent_LLM_judge_clp_chat,Level_2,episode_00007,Success,0
1936,guesswhat,NEW_FormatCheckingAgent_LLM_judge_clp_chat,Level_2,episode_00007,Lose,1
1937,guesswhat,NEW_FormatCheckingAgent_LLM_judge_clp_chat,Level_2,episode_00007,Main Score,0
1938,guesswhat,NEW_FormatCheckingAgent_LLM_judge_clp_chat,Level_2,episode_00007,Invalid format guesser response,0
1939,guesswhat,NEW_FormatCheckingAgent_LLM_judge_clp_chat,Level_2,episode_00007,Invalid format answerer response,0
1940,guesswhat,NEW_FormatCheckingAgent_LLM_judge_clp_chat,Level_2,episode_00007,Invalid content guesser response,0
1941,guesswhat,NEW_FormatCheckingAgent_LLM_judge_clp_chat,Level_2,episode_00007,Invalid content answerer response,0
1942,guesswhat,NEW_FormatCheckingAgent_LLM_judge_clp_chat,Level_2,episode_00008,Violated Request Count,1
1943,guesswhat,NEW_FormatCheckingAgent_LLM_judge_clp_chat,Level_2,episode_00008,Parsed Request Count,6
1944,guesswhat,NEW_FormatCheckingAgent_LLM_judge_clp_chat,Level_2,episode_00008,Request Count,7
1945,guesswhat,NEW_FormatCheckingAgent_LLM_judge_clp_chat,Level_2,episode_00008,Request Success Ratio,0.8571428571428571
1946,guesswhat,NEW_FormatCheckingAgent_LLM_judge_clp_chat,Level_2,episode_00008,Aborted,1
1947,guesswhat,NEW_FormatCheckingAgent_LLM_judge_clp_chat,Level_2,episode_00008,Main Score,
1948,guesswhat,NEW_FormatCheckingAgent_LLM_judge_clp_chat,Level_2,episode_00008,Invalid format guesser response,1
1949,guesswhat,NEW_FormatCheckingAgent_LLM_judge_clp_chat,Level_2,episode_00008,Invalid format answerer response,0
1950,guesswhat,NEW_FormatCheckingAgent_LLM_judge_clp_chat,Level_2,episode_00008,Invalid content guesser response,0
1951,guesswhat,NEW_FormatCheckingAgent_LLM_judge_clp_chat,Level_2,episode_00008,Invalid content answerer response,0
1952,guesswhat,NEW_FormatCheckingAgent_LLM_judge_clp_chat,Level_3,episode_00009,Violated Request Count,1
1953,guesswhat,NEW_FormatCheckingAgent_LLM_judge_clp_chat,Level_3,episode_00009,Parsed Request Count,5
1954,guesswhat,NEW_FormatCheckingAgent_LLM_judge_clp_chat,Level_3,episode_00009,Request Count,6
1955,guesswhat,NEW_FormatCheckingAgent_LLM_judge_clp_chat,Level_3,episode_00009,Request Success Ratio,0.8333333333333334
1956,guesswhat,NEW_FormatCheckingAgent_LLM_judge_clp_chat,Level_3,episode_00009,Aborted,1
1957,guesswhat,NEW_FormatCheckingAgent_LLM_judge_clp_chat,Level_3,episode_00009,Main Score,
1958,guesswhat,NEW_FormatCheckingAgent_LLM_judge_clp_chat,Level_3,episode_00009,Invalid format guesser response,1
1959,guesswhat,NEW_FormatCheckingAgent_LLM_judge_clp_chat,Level_3,episode_00009,Invalid format answerer response,0
1960,guesswhat,NEW_FormatCheckingAgent_LLM_judge_clp_chat,Level_3,episode_00009,Invalid content guesser response,0
1961,guesswhat,NEW_FormatCheckingAgent_LLM_judge_clp_chat,Level_3,episode_00009,Invalid content answerer response,0
1962,guesswhat,NEW_FormatCheckingAgent_LLM_judge_clp_chat,Level_3,episode_00010,Violated Request Count,0
1963,guesswhat,NEW_FormatCheckingAgent_LLM_judge_clp_chat,Level_3,episode_00010,Parsed Request Count,8
1964,guesswhat,NEW_FormatCheckingAgent_LLM_judge_clp_chat,Level_3,episode_00010,Request Count,8
1965,guesswhat,NEW_FormatCheckingAgent_LLM_judge_clp_chat,Level_3,episode_00010,Request Success Ratio,1.0
1966,guesswhat,NEW_FormatCheckingAgent_LLM_judge_clp_chat,Level_3,episode_00010,Aborted,0
1967,guesswhat,NEW_FormatCheckingAgent_LLM_judge_clp_chat,Level_3,episode_00010,Success,0
1968,guesswhat,NEW_FormatCheckingAgent_LLM_judge_clp_chat,Level_3,episode_00010,Lose,1
1969,guesswhat,NEW_FormatCheckingAgent_LLM_judge_clp_chat,Level_3,episode_00010,Main Score,0
1970,guesswhat,NEW_FormatCheckingAgent_LLM_judge_clp_chat,Level_3,episode_00010,Invalid format guesser response,0
1971,guesswhat,NEW_FormatCheckingAgent_LLM_judge_clp_chat,Level_3,episode_00010,Invalid format answerer response,0
1972,guesswhat,NEW_FormatCheckingAgent_LLM_judge_clp_chat,Level_3,episode_00010,Invalid content guesser response,0
1973,guesswhat,NEW_FormatCheckingAgent_LLM_judge_clp_chat,Level_3,episode_00010,Invalid content answerer response,0
1974,guesswhat,NEW_FormatCheckingAgent_LLM_judge_clp_chat,Level_3,episode_00011,Violated Request Count,0
1975,guesswhat,NEW_FormatCheckingAgent_LLM_judge_clp_chat,Level_3,episode_00011,Parsed Request Count,8
1976,guesswhat,NEW_FormatCheckingAgent_LLM_judge_clp_chat,Level_3,episode_00011,Request Count,8
1977,guesswhat,NEW_FormatCheckingAgent_LLM_judge_clp_chat,Level_3,episode_00011,Request Success Ratio,1.0
1978,guesswhat,NEW_FormatCheckingAgent_LLM_judge_clp_chat,Level_3,episode_00011,Aborted,0
1979,guesswhat,NEW_FormatCheckingAgent_LLM_judge_clp_chat,Level_3,episode_00011,Success,0
1980,guesswhat,NEW_FormatCheckingAgent_LLM_judge_clp_chat,Level_3,episode_00011,Lose,1
1981,guesswhat,NEW_FormatCheckingAgent_LLM_judge_clp_chat,Level_3,episode_00011,Main Score,0
1982,guesswhat,NEW_FormatCheckingAgent_LLM_judge_clp_chat,Level_3,episode_00011,Invalid format guesser response,0
1983,guesswhat,NEW_FormatCheckingAgent_LLM_judge_clp_chat,Level_3,episode_00011,Invalid format answerer response,0
1984,guesswhat,NEW_FormatCheckingAgent_LLM_judge_clp_chat,Level_3,episode_00011,Invalid content guesser response,0
1985,guesswhat,NEW_FormatCheckingAgent_LLM_judge_clp_chat,Level_3,episode_00011,Invalid content answerer response,0
1986,guesswhat,NEW_FormatCheckingAgent_LLM_judge_clp_chat,Level_3,episode_00012,Violated Request Count,1
1987,guesswhat,NEW_FormatCheckingAgent_LLM_judge_clp_chat,Level_3,episode_00012,Parsed Request Count,5
1988,guesswhat,NEW_FormatCheckingAgent_LLM_judge_clp_chat,Level_3,episode_00012,Request Count,6
1989,guesswhat,NEW_FormatCheckingAgent_LLM_judge_clp_chat,Level_3,episode_00012,Request Success Ratio,0.8333333333333334
1990,guesswhat,NEW_FormatCheckingAgent_LLM_judge_clp_chat,Level_3,episode_00012,Aborted,1
1991,guesswhat,NEW_FormatCheckingAgent_LLM_judge_clp_chat,Level_3,episode_00012,Main Score,
1992,guesswhat,NEW_FormatCheckingAgent_LLM_judge_clp_chat,Level_3,episode_00012,Invalid format guesser response,1
1993,guesswhat,NEW_FormatCheckingAgent_LLM_judge_clp_chat,Level_3,episode_00012,Invalid format answerer response,0
1994,guesswhat,NEW_FormatCheckingAgent_LLM_judge_clp_chat,Level_3,episode_00012,Invalid content guesser response,0
1995,guesswhat,NEW_FormatCheckingAgent_LLM_judge_clp_chat,Level_3,episode_00012,Invalid content answerer response,0
1996,imagegame,NEW_FormatCheckingAgent_LLM_judge_clp_chat,compact_grids,episode_00001,Precision,
1997,imagegame,NEW_FormatCheckingAgent_LLM_judge_clp_chat,compact_grids,episode_00001,Recall,
1998,imagegame,NEW_FormatCheckingAgent_LLM_judge_clp_chat,compact_grids,episode_00001,F1,
1999,imagegame,NEW_FormatCheckingAgent_LLM_judge_clp_chat,compact_grids,episode_00001,Main Score,
2000,imagegame,NEW_FormatCheckingAgent_LLM_judge_clp_chat,compact_grids,episode_00001,Average Changed Cell Count,
2001,imagegame,NEW_FormatCheckingAgent_LLM_judge_clp_chat,compact_grids,episode_00001,Average Generated Instruction Length,
2002,imagegame,NEW_FormatCheckingAgent_LLM_judge_clp_chat,compact_grids,episode_00001,Average Generated Expression Number of Tokens,
2003,imagegame,NEW_FormatCheckingAgent_LLM_judge_clp_chat,compact_grids,episode_00001,Success,0
2004,imagegame,NEW_FormatCheckingAgent_LLM_judge_clp_chat,compact_grids,episode_00001,Lose,0
2005,imagegame,NEW_FormatCheckingAgent_LLM_judge_clp_chat,compact_grids,episode_00001,Aborted,1
2006,imagegame,NEW_FormatCheckingAgent_LLM_judge_clp_chat,compact_grids,episode_00001,Request Count,5
2007,imagegame,NEW_FormatCheckingAgent_LLM_judge_clp_chat,compact_grids,episode_00001,Violated Request Count,1
2008,imagegame,NEW_FormatCheckingAgent_LLM_judge_clp_chat,compact_grids,episode_00001,Parsed Request Count,4
2009,imagegame,NEW_FormatCheckingAgent_LLM_judge_clp_chat,compact_grids,episode_00001,Request Success Ratio,0.8
2010,imagegame,NEW_FormatCheckingAgent_LLM_judge_clp_chat,compact_grids,episode_00002,Precision,
2011,imagegame,NEW_FormatCheckingAgent_LLM_judge_clp_chat,compact_grids,episode_00002,Recall,
2012,imagegame,NEW_FormatCheckingAgent_LLM_judge_clp_chat,compact_grids,episode_00002,F1,
2013,imagegame,NEW_FormatCheckingAgent_LLM_judge_clp_chat,compact_grids,episode_00002,Main Score,
2014,imagegame,NEW_FormatCheckingAgent_LLM_judge_clp_chat,compact_grids,episode_00002,Average Changed Cell Count,
2015,imagegame,NEW_FormatCheckingAgent_LLM_judge_clp_chat,compact_grids,episode_00002,Average Generated Instruction Length,
2016,imagegame,NEW_FormatCheckingAgent_LLM_judge_clp_chat,compact_grids,episode_00002,Average Generated Expression Number of Tokens,
2017,imagegame,NEW_FormatCheckingAgent_LLM_judge_clp_chat,compact_grids,episode_00002,Success,0
2018,imagegame,NEW_FormatCheckingAgent_LLM_judge_clp_chat,compact_grids,episode_00002,Lose,0
2019,imagegame,NEW_FormatCheckingAgent_LLM_judge_clp_chat,compact_grids,episode_00002,Aborted,1
2020,imagegame,NEW_FormatCheckingAgent_LLM_judge_clp_chat,compact_grids,episode_00002,Request Count,5
2021,imagegame,NEW_FormatCheckingAgent_LLM_judge_clp_chat,compact_grids,episode_00002,Violated Request Count,1
2022,imagegame,NEW_FormatCheckingAgent_LLM_judge_clp_chat,compact_grids,episode_00002,Parsed Request Count,4
2023,imagegame,NEW_FormatCheckingAgent_LLM_judge_clp_chat,compact_grids,episode_00002,Request Success Ratio,0.8
2024,imagegame,NEW_FormatCheckingAgent_LLM_judge_clp_chat,compact_grids,episode_00003,Precision,
2025,imagegame,NEW_FormatCheckingAgent_LLM_judge_clp_chat,compact_grids,episode_00003,Recall,
2026,imagegame,NEW_FormatCheckingAgent_LLM_judge_clp_chat,compact_grids,episode_00003,F1,
2027,imagegame,NEW_FormatCheckingAgent_LLM_judge_clp_chat,compact_grids,episode_00003,Main Score,
2028,imagegame,NEW_FormatCheckingAgent_LLM_judge_clp_chat,compact_grids,episode_00003,Average Changed Cell Count,
2029,imagegame,NEW_FormatCheckingAgent_LLM_judge_clp_chat,compact_grids,episode_00003,Average Generated Instruction Length,
2030,imagegame,NEW_FormatCheckingAgent_LLM_judge_clp_chat,compact_grids,episode_00003,Average Generated Expression Number of Tokens,
2031,imagegame,NEW_FormatCheckingAgent_LLM_judge_clp_chat,compact_grids,episode_00003,Success,0
2032,imagegame,NEW_FormatCheckingAgent_LLM_judge_clp_chat,compact_grids,episode_00003,Lose,0
2033,imagegame,NEW_FormatCheckingAgent_LLM_judge_clp_chat,compact_grids,episode_00003,Aborted,1
2034,imagegame,NEW_FormatCheckingAgent_LLM_judge_clp_chat,compact_grids,episode_00003,Request Count,5
2035,imagegame,NEW_FormatCheckingAgent_LLM_judge_clp_chat,compact_grids,episode_00003,Violated Request Count,1
2036,imagegame,NEW_FormatCheckingAgent_LLM_judge_clp_chat,compact_grids,episode_00003,Parsed Request Count,4
2037,imagegame,NEW_FormatCheckingAgent_LLM_judge_clp_chat,compact_grids,episode_00003,Request Success Ratio,0.8
2038,imagegame,NEW_FormatCheckingAgent_LLM_judge_clp_chat,compact_grids,episode_00004,Precision,
2039,imagegame,NEW_FormatCheckingAgent_LLM_judge_clp_chat,compact_grids,episode_00004,Recall,
2040,imagegame,NEW_FormatCheckingAgent_LLM_judge_clp_chat,compact_grids,episode_00004,F1,
2041,imagegame,NEW_FormatCheckingAgent_LLM_judge_clp_chat,compact_grids,episode_00004,Main Score,
2042,imagegame,NEW_FormatCheckingAgent_LLM_judge_clp_chat,compact_grids,episode_00004,Average Changed Cell Count,
2043,imagegame,NEW_FormatCheckingAgent_LLM_judge_clp_chat,compact_grids,episode_00004,Average Generated Instruction Length,
2044,imagegame,NEW_FormatCheckingAgent_LLM_judge_clp_chat,compact_grids,episode_00004,Average Generated Expression Number of Tokens,
2045,imagegame,NEW_FormatCheckingAgent_LLM_judge_clp_chat,compact_grids,episode_00004,Success,0
2046,imagegame,NEW_FormatCheckingAgent_LLM_judge_clp_chat,compact_grids,episode_00004,Lose,0
2047,imagegame,NEW_FormatCheckingAgent_LLM_judge_clp_chat,compact_grids,episode_00004,Aborted,1
2048,imagegame,NEW_FormatCheckingAgent_LLM_judge_clp_chat,compact_grids,episode_00004,Request Count,11
2049,imagegame,NEW_FormatCheckingAgent_LLM_judge_clp_chat,compact_grids,episode_00004,Violated Request Count,1
2050,imagegame,NEW_FormatCheckingAgent_LLM_judge_clp_chat,compact_grids,episode_00004,Parsed Request Count,10
2051,imagegame,NEW_FormatCheckingAgent_LLM_judge_clp_chat,compact_grids,episode_00004,Request Success Ratio,0.9091
2052,imagegame,NEW_FormatCheckingAgent_LLM_judge_clp_chat,compact_grids,episode_00005,Precision,
2053,imagegame,NEW_FormatCheckingAgent_LLM_judge_clp_chat,compact_grids,episode_00005,Recall,
2054,imagegame,NEW_FormatCheckingAgent_LLM_judge_clp_chat,compact_grids,episode_00005,F1,
2055,imagegame,NEW_FormatCheckingAgent_LLM_judge_clp_chat,compact_grids,episode_00005,Main Score,
2056,imagegame,NEW_FormatCheckingAgent_LLM_judge_clp_chat,compact_grids,episode_00005,Average Changed Cell Count,
2057,imagegame,NEW_FormatCheckingAgent_LLM_judge_clp_chat,compact_grids,episode_00005,Average Generated Instruction Length,
2058,imagegame,NEW_FormatCheckingAgent_LLM_judge_clp_chat,compact_grids,episode_00005,Average Generated Expression Number of Tokens,
2059,imagegame,NEW_FormatCheckingAgent_LLM_judge_clp_chat,compact_grids,episode_00005,Success,0
2060,imagegame,NEW_FormatCheckingAgent_LLM_judge_clp_chat,compact_grids,episode_00005,Lose,0
2061,imagegame,NEW_FormatCheckingAgent_LLM_judge_clp_chat,compact_grids,episode_00005,Aborted,1
2062,imagegame,NEW_FormatCheckingAgent_LLM_judge_clp_chat,compact_grids,episode_00005,Request Count,5
2063,imagegame,NEW_FormatCheckingAgent_LLM_judge_clp_chat,compact_grids,episode_00005,Violated Request Count,1
2064,imagegame,NEW_FormatCheckingAgent_LLM_judge_clp_chat,compact_grids,episode_00005,Parsed Request Count,4
2065,imagegame,NEW_FormatCheckingAgent_LLM_judge_clp_chat,compact_grids,episode_00005,Request Success Ratio,0.8
2066,imagegame,NEW_FormatCheckingAgent_LLM_judge_clp_chat,compact_grids,episode_00006,Precision,
2067,imagegame,NEW_FormatCheckingAgent_LLM_judge_clp_chat,compact_grids,episode_00006,Recall,
2068,imagegame,NEW_FormatCheckingAgent_LLM_judge_clp_chat,compact_grids,episode_00006,F1,
2069,imagegame,NEW_FormatCheckingAgent_LLM_judge_clp_chat,compact_grids,episode_00006,Main Score,
2070,imagegame,NEW_FormatCheckingAgent_LLM_judge_clp_chat,compact_grids,episode_00006,Average Changed Cell Count,
2071,imagegame,NEW_FormatCheckingAgent_LLM_judge_clp_chat,compact_grids,episode_00006,Average Generated Instruction Length,
2072,imagegame,NEW_FormatCheckingAgent_LLM_judge_clp_chat,compact_grids,episode_00006,Average Generated Expression Number of Tokens,
2073,imagegame,NEW_FormatCheckingAgent_LLM_judge_clp_chat,compact_grids,episode_00006,Success,0
2074,imagegame,NEW_FormatCheckingAgent_LLM_judge_clp_chat,compact_grids,episode_00006,Lose,0
2075,imagegame,NEW_FormatCheckingAgent_LLM_judge_clp_chat,compact_grids,episode_00006,Aborted,1
2076,imagegame,NEW_FormatCheckingAgent_LLM_judge_clp_chat,compact_grids,episode_00006,Request Count,11
2077,imagegame,NEW_FormatCheckingAgent_LLM_judge_clp_chat,compact_grids,episode_00006,Violated Request Count,1
2078,imagegame,NEW_FormatCheckingAgent_LLM_judge_clp_chat,compact_grids,episode_00006,Parsed Request Count,10
2079,imagegame,NEW_FormatCheckingAgent_LLM_judge_clp_chat,compact_grids,episode_00006,Request Success Ratio,0.9091
2080,imagegame,NEW_FormatCheckingAgent_LLM_judge_clp_chat,compact_grids,episode_00007,Precision,
2081,imagegame,NEW_FormatCheckingAgent_LLM_judge_clp_chat,compact_grids,episode_00007,Recall,
2082,imagegame,NEW_FormatCheckingAgent_LLM_judge_clp_chat,compact_grids,episode_00007,F1,
2083,imagegame,NEW_FormatCheckingAgent_LLM_judge_clp_chat,compact_grids,episode_00007,Main Score,
2084,imagegame,NEW_FormatCheckingAgent_LLM_judge_clp_chat,compact_grids,episode_00007,Average Changed Cell Count,
2085,imagegame,NEW_FormatCheckingAgent_LLM_judge_clp_chat,compact_grids,episode_00007,Average Generated Instruction Length,
2086,imagegame,NEW_FormatCheckingAgent_LLM_judge_clp_chat,compact_grids,episode_00007,Average Generated Expression Number of Tokens,
2087,imagegame,NEW_FormatCheckingAgent_LLM_judge_clp_chat,compact_grids,episode_00007,Success,0
2088,imagegame,NEW_FormatCheckingAgent_LLM_judge_clp_chat,compact_grids,episode_00007,Lose,0
2089,imagegame,NEW_FormatCheckingAgent_LLM_judge_clp_chat,compact_grids,episode_00007,Aborted,1
2090,imagegame,NEW_FormatCheckingAgent_LLM_judge_clp_chat,compact_grids,episode_00007,Request Count,5
2091,imagegame,NEW_FormatCheckingAgent_LLM_judge_clp_chat,compact_grids,episode_00007,Violated Request Count,1
2092,imagegame,NEW_FormatCheckingAgent_LLM_judge_clp_chat,compact_grids,episode_00007,Parsed Request Count,4
2093,imagegame,NEW_FormatCheckingAgent_LLM_judge_clp_chat,compact_grids,episode_00007,Request Success Ratio,0.8
2094,imagegame,NEW_FormatCheckingAgent_LLM_judge_clp_chat,compact_grids,episode_00008,Precision,
2095,imagegame,NEW_FormatCheckingAgent_LLM_judge_clp_chat,compact_grids,episode_00008,Recall,
2096,imagegame,NEW_FormatCheckingAgent_LLM_judge_clp_chat,compact_grids,episode_00008,F1,
2097,imagegame,NEW_FormatCheckingAgent_LLM_judge_clp_chat,compact_grids,episode_00008,Main Score,
2098,imagegame,NEW_FormatCheckingAgent_LLM_judge_clp_chat,compact_grids,episode_00008,Average Changed Cell Count,
2099,imagegame,NEW_FormatCheckingAgent_LLM_judge_clp_chat,compact_grids,episode_00008,Average Generated Instruction Length,
2100,imagegame,NEW_FormatCheckingAgent_LLM_judge_clp_chat,compact_grids,episode_00008,Average Generated Expression Number of Tokens,
2101,imagegame,NEW_FormatCheckingAgent_LLM_judge_clp_chat,compact_grids,episode_00008,Success,0
2102,imagegame,NEW_FormatCheckingAgent_LLM_judge_clp_chat,compact_grids,episode_00008,Lose,0
2103,imagegame,NEW_FormatCheckingAgent_LLM_judge_clp_chat,compact_grids,episode_00008,Aborted,1
2104,imagegame,NEW_FormatCheckingAgent_LLM_judge_clp_chat,compact_grids,episode_00008,Request Count,5
2105,imagegame,NEW_FormatCheckingAgent_LLM_judge_clp_chat,compact_grids,episode_00008,Violated Request Count,1
2106,imagegame,NEW_FormatCheckingAgent_LLM_judge_clp_chat,compact_grids,episode_00008,Parsed Request Count,4
2107,imagegame,NEW_FormatCheckingAgent_LLM_judge_clp_chat,compact_grids,episode_00008,Request Success Ratio,0.8
2108,imagegame,NEW_FormatCheckingAgent_LLM_judge_clp_chat,compact_grids,episode_00009,Precision,
2109,imagegame,NEW_FormatCheckingAgent_LLM_judge_clp_chat,compact_grids,episode_00009,Recall,
2110,imagegame,NEW_FormatCheckingAgent_LLM_judge_clp_chat,compact_grids,episode_00009,F1,
2111,imagegame,NEW_FormatCheckingAgent_LLM_judge_clp_chat,compact_grids,episode_00009,Main Score,
2112,imagegame,NEW_FormatCheckingAgent_LLM_judge_clp_chat,compact_grids,episode_00009,Average Changed Cell Count,
2113,imagegame,NEW_FormatCheckingAgent_LLM_judge_clp_chat,compact_grids,episode_00009,Average Generated Instruction Length,
2114,imagegame,NEW_FormatCheckingAgent_LLM_judge_clp_chat,compact_grids,episode_00009,Average Generated Expression Number of Tokens,
2115,imagegame,NEW_FormatCheckingAgent_LLM_judge_clp_chat,compact_grids,episode_00009,Success,0
2116,imagegame,NEW_FormatCheckingAgent_LLM_judge_clp_chat,compact_grids,episode_00009,Lose,0
2117,imagegame,NEW_FormatCheckingAgent_LLM_judge_clp_chat,compact_grids,episode_00009,Aborted,1
2118,imagegame,NEW_FormatCheckingAgent_LLM_judge_clp_chat,compact_grids,episode_00009,Request Count,5
2119,imagegame,NEW_FormatCheckingAgent_LLM_judge_clp_chat,compact_grids,episode_00009,Violated Request Count,1
2120,imagegame,NEW_FormatCheckingAgent_LLM_judge_clp_chat,compact_grids,episode_00009,Parsed Request Count,4
2121,imagegame,NEW_FormatCheckingAgent_LLM_judge_clp_chat,compact_grids,episode_00009,Request Success Ratio,0.8
2122,imagegame,NEW_FormatCheckingAgent_LLM_judge_clp_chat,compact_grids,episode_00010,Precision,
2123,imagegame,NEW_FormatCheckingAgent_LLM_judge_clp_chat,compact_grids,episode_00010,Recall,
2124,imagegame,NEW_FormatCheckingAgent_LLM_judge_clp_chat,compact_grids,episode_00010,F1,
2125,imagegame,NEW_FormatCheckingAgent_LLM_judge_clp_chat,compact_grids,episode_00010,Main Score,
2126,imagegame,NEW_FormatCheckingAgent_LLM_judge_clp_chat,compact_grids,episode_00010,Average Changed Cell Count,
2127,imagegame,NEW_FormatCheckingAgent_LLM_judge_clp_chat,compact_grids,episode_00010,Average Generated Instruction Length,
2128,imagegame,NEW_FormatCheckingAgent_LLM_judge_clp_chat,compact_grids,episode_00010,Average Generated Expression Number of Tokens,
2129,imagegame,NEW_FormatCheckingAgent_LLM_judge_clp_chat,compact_grids,episode_00010,Success,0
2130,imagegame,NEW_FormatCheckingAgent_LLM_judge_clp_chat,compact_grids,episode_00010,Lose,0
2131,imagegame,NEW_FormatCheckingAgent_LLM_judge_clp_chat,compact_grids,episode_00010,Aborted,1
2132,imagegame,NEW_FormatCheckingAgent_LLM_judge_clp_chat,compact_grids,episode_00010,Request Count,5
2133,imagegame,NEW_FormatCheckingAgent_LLM_judge_clp_chat,compact_grids,episode_00010,Violated Request Count,1
2134,imagegame,NEW_FormatCheckingAgent_LLM_judge_clp_chat,compact_grids,episode_00010,Parsed Request Count,4
2135,imagegame,NEW_FormatCheckingAgent_LLM_judge_clp_chat,compact_grids,episode_00010,Request Success Ratio,0.8
2136,imagegame,NEW_FormatCheckingAgent_LLM_judge_clp_chat,compact_grids,episode_00011,Precision,
2137,imagegame,NEW_FormatCheckingAgent_LLM_judge_clp_chat,compact_grids,episode_00011,Recall,
2138,imagegame,NEW_FormatCheckingAgent_LLM_judge_clp_chat,compact_grids,episode_00011,F1,
2139,imagegame,NEW_FormatCheckingAgent_LLM_judge_clp_chat,compact_grids,episode_00011,Main Score,
2140,imagegame,NEW_FormatCheckingAgent_LLM_judge_clp_chat,compact_grids,episode_00011,Average Changed Cell Count,
2141,imagegame,NEW_FormatCheckingAgent_LLM_judge_clp_chat,compact_grids,episode_00011,Average Generated Instruction Length,
2142,imagegame,NEW_FormatCheckingAgent_LLM_judge_clp_chat,compact_grids,episode_00011,Average Generated Expression Number of Tokens,
2143,imagegame,NEW_FormatCheckingAgent_LLM_judge_clp_chat,compact_grids,episode_00011,Success,0
2144,imagegame,NEW_FormatCheckingAgent_LLM_judge_clp_chat,compact_grids,episode_00011,Lose,0
2145,imagegame,NEW_FormatCheckingAgent_LLM_judge_clp_chat,compact_grids,episode_00011,Aborted,1
2146,imagegame,NEW_FormatCheckingAgent_LLM_judge_clp_chat,compact_grids,episode_00011,Request Count,5
2147,imagegame,NEW_FormatCheckingAgent_LLM_judge_clp_chat,compact_grids,episode_00011,Violated Request Count,1
2148,imagegame,NEW_FormatCheckingAgent_LLM_judge_clp_chat,compact_grids,episode_00011,Parsed Request Count,4
2149,imagegame,NEW_FormatCheckingAgent_LLM_judge_clp_chat,compact_grids,episode_00011,Request Success Ratio,0.8
2150,imagegame,NEW_FormatCheckingAgent_LLM_judge_clp_chat,compact_grids,episode_00012,Precision,
2151,imagegame,NEW_FormatCheckingAgent_LLM_judge_clp_chat,compact_grids,episode_00012,Recall,
2152,imagegame,NEW_FormatCheckingAgent_LLM_judge_clp_chat,compact_grids,episode_00012,F1,
2153,imagegame,NEW_FormatCheckingAgent_LLM_judge_clp_chat,compact_grids,episode_00012,Main Score,
2154,imagegame,NEW_FormatCheckingAgent_LLM_judge_clp_chat,compact_grids,episode_00012,Average Changed Cell Count,
2155,imagegame,NEW_FormatCheckingAgent_LLM_judge_clp_chat,compact_grids,episode_00012,Average Generated Instruction Length,
2156,imagegame,NEW_FormatCheckingAgent_LLM_judge_clp_chat,compact_grids,episode_00012,Average Generated Expression Number of Tokens,
2157,imagegame,NEW_FormatCheckingAgent_LLM_judge_clp_chat,compact_grids,episode_00012,Success,0
2158,imagegame,NEW_FormatCheckingAgent_LLM_judge_clp_chat,compact_grids,episode_00012,Lose,0
2159,imagegame,NEW_FormatCheckingAgent_LLM_judge_clp_chat,compact_grids,episode_00012,Aborted,1
2160,imagegame,NEW_FormatCheckingAgent_LLM_judge_clp_chat,compact_grids,episode_00012,Request Count,5
2161,imagegame,NEW_FormatCheckingAgent_LLM_judge_clp_chat,compact_grids,episode_00012,Violated Request Count,1
2162,imagegame,NEW_FormatCheckingAgent_LLM_judge_clp_chat,compact_grids,episode_00012,Parsed Request Count,4
2163,imagegame,NEW_FormatCheckingAgent_LLM_judge_clp_chat,compact_grids,episode_00012,Request Success Ratio,0.8
2164,imagegame,NEW_FormatCheckingAgent_LLM_judge_clp_chat,random_grids,episode_00013,Precision,
2165,imagegame,NEW_FormatCheckingAgent_LLM_judge_clp_chat,random_grids,episode_00013,Recall,
2166,imagegame,NEW_FormatCheckingAgent_LLM_judge_clp_chat,random_grids,episode_00013,F1,
2167,imagegame,NEW_FormatCheckingAgent_LLM_judge_clp_chat,random_grids,episode_00013,Main Score,
2168,imagegame,NEW_FormatCheckingAgent_LLM_judge_clp_chat,random_grids,episode_00013,Average Changed Cell Count,
2169,imagegame,NEW_FormatCheckingAgent_LLM_judge_clp_chat,random_grids,episode_00013,Average Generated Instruction Length,
2170,imagegame,NEW_FormatCheckingAgent_LLM_judge_clp_chat,random_grids,episode_00013,Average Generated Expression Number of Tokens,
2171,imagegame,NEW_FormatCheckingAgent_LLM_judge_clp_chat,random_grids,episode_00013,Success,0
2172,imagegame,NEW_FormatCheckingAgent_LLM_judge_clp_chat,random_grids,episode_00013,Lose,0
2173,imagegame,NEW_FormatCheckingAgent_LLM_judge_clp_chat,random_grids,episode_00013,Aborted,1
2174,imagegame,NEW_FormatCheckingAgent_LLM_judge_clp_chat,random_grids,episode_00013,Request Count,5
2175,imagegame,NEW_FormatCheckingAgent_LLM_judge_clp_chat,random_grids,episode_00013,Violated Request Count,1
2176,imagegame,NEW_FormatCheckingAgent_LLM_judge_clp_chat,random_grids,episode_00013,Parsed Request Count,4
2177,imagegame,NEW_FormatCheckingAgent_LLM_judge_clp_chat,random_grids,episode_00013,Request Success Ratio,0.8
2178,imagegame,NEW_FormatCheckingAgent_LLM_judge_clp_chat,random_grids,episode_00014,Precision,
2179,imagegame,NEW_FormatCheckingAgent_LLM_judge_clp_chat,random_grids,episode_00014,Recall,
2180,imagegame,NEW_FormatCheckingAgent_LLM_judge_clp_chat,random_grids,episode_00014,F1,
2181,imagegame,NEW_FormatCheckingAgent_LLM_judge_clp_chat,random_grids,episode_00014,Main Score,
2182,imagegame,NEW_FormatCheckingAgent_LLM_judge_clp_chat,random_grids,episode_00014,Average Changed Cell Count,
2183,imagegame,NEW_FormatCheckingAgent_LLM_judge_clp_chat,random_grids,episode_00014,Average Generated Instruction Length,
2184,imagegame,NEW_FormatCheckingAgent_LLM_judge_clp_chat,random_grids,episode_00014,Average Generated Expression Number of Tokens,
2185,imagegame,NEW_FormatCheckingAgent_LLM_judge_clp_chat,random_grids,episode_00014,Success,0
2186,imagegame,NEW_FormatCheckingAgent_LLM_judge_clp_chat,random_grids,episode_00014,Lose,0
2187,imagegame,NEW_FormatCheckingAgent_LLM_judge_clp_chat,random_grids,episode_00014,Aborted,1
2188,imagegame,NEW_FormatCheckingAgent_LLM_judge_clp_chat,random_grids,episode_00014,Request Count,5
2189,imagegame,NEW_FormatCheckingAgent_LLM_judge_clp_chat,random_grids,episode_00014,Violated Request Count,1
2190,imagegame,NEW_FormatCheckingAgent_LLM_judge_clp_chat,random_grids,episode_00014,Parsed Request Count,4
2191,imagegame,NEW_FormatCheckingAgent_LLM_judge_clp_chat,random_grids,episode_00014,Request Success Ratio,0.8
2192,imagegame,NEW_FormatCheckingAgent_LLM_judge_clp_chat,random_grids,episode_00015,Precision,
2193,imagegame,NEW_FormatCheckingAgent_LLM_judge_clp_chat,random_grids,episode_00015,Recall,
2194,imagegame,NEW_FormatCheckingAgent_LLM_judge_clp_chat,random_grids,episode_00015,F1,
2195,imagegame,NEW_FormatCheckingAgent_LLM_judge_clp_chat,random_grids,episode_00015,Main Score,
2196,imagegame,NEW_FormatCheckingAgent_LLM_judge_clp_chat,random_grids,episode_00015,Average Changed Cell Count,
2197,imagegame,NEW_FormatCheckingAgent_LLM_judge_clp_chat,random_grids,episode_00015,Average Generated Instruction Length,
2198,imagegame,NEW_FormatCheckingAgent_LLM_judge_clp_chat,random_grids,episode_00015,Average Generated Expression Number of Tokens,
2199,imagegame,NEW_FormatCheckingAgent_LLM_judge_clp_chat,random_grids,episode_00015,Success,0
2200,imagegame,NEW_FormatCheckingAgent_LLM_judge_clp_chat,random_grids,episode_00015,Lose,0
2201,imagegame,NEW_FormatCheckingAgent_LLM_judge_clp_chat,random_grids,episode_00015,Aborted,1
2202,imagegame,NEW_FormatCheckingAgent_LLM_judge_clp_chat,random_grids,episode_00015,Request Count,5
2203,imagegame,NEW_FormatCheckingAgent_LLM_judge_clp_chat,random_grids,episode_00015,Violated Request Count,1
2204,imagegame,NEW_FormatCheckingAgent_LLM_judge_clp_chat,random_grids,episode_00015,Parsed Request Count,4
2205,imagegame,NEW_FormatCheckingAgent_LLM_judge_clp_chat,random_grids,episode_00015,Request Success Ratio,0.8
2206,imagegame,NEW_FormatCheckingAgent_LLM_judge_clp_chat,random_grids,episode_00016,Precision,
2207,imagegame,NEW_FormatCheckingAgent_LLM_judge_clp_chat,random_grids,episode_00016,Recall,
2208,imagegame,NEW_FormatCheckingAgent_LLM_judge_clp_chat,random_grids,episode_00016,F1,
2209,imagegame,NEW_FormatCheckingAgent_LLM_judge_clp_chat,random_grids,episode_00016,Main Score,
2210,imagegame,NEW_FormatCheckingAgent_LLM_judge_clp_chat,random_grids,episode_00016,Average Changed Cell Count,
2211,imagegame,NEW_FormatCheckingAgent_LLM_judge_clp_chat,random_grids,episode_00016,Average Generated Instruction Length,
2212,imagegame,NEW_FormatCheckingAgent_LLM_judge_clp_chat,random_grids,episode_00016,Average Generated Expression Number of Tokens,
2213,imagegame,NEW_FormatCheckingAgent_LLM_judge_clp_chat,random_grids,episode_00016,Success,0
2214,imagegame,NEW_FormatCheckingAgent_LLM_judge_clp_chat,random_grids,episode_00016,Lose,0
2215,imagegame,NEW_FormatCheckingAgent_LLM_judge_clp_chat,random_grids,episode_00016,Aborted,1
2216,imagegame,NEW_FormatCheckingAgent_LLM_judge_clp_chat,random_grids,episode_00016,Request Count,5
2217,imagegame,NEW_FormatCheckingAgent_LLM_judge_clp_chat,random_grids,episode_00016,Violated Request Count,1
2218,imagegame,NEW_FormatCheckingAgent_LLM_judge_clp_chat,random_grids,episode_00016,Parsed Request Count,4
2219,imagegame,NEW_FormatCheckingAgent_LLM_judge_clp_chat,random_grids,episode_00016,Request Success Ratio,0.8
2220,imagegame,NEW_FormatCheckingAgent_LLM_judge_clp_chat,random_grids,episode_00017,Precision,
2221,imagegame,NEW_FormatCheckingAgent_LLM_judge_clp_chat,random_grids,episode_00017,Recall,
2222,imagegame,NEW_FormatCheckingAgent_LLM_judge_clp_chat,random_grids,episode_00017,F1,
2223,imagegame,NEW_FormatCheckingAgent_LLM_judge_clp_chat,random_grids,episode_00017,Main Score,
2224,imagegame,NEW_FormatCheckingAgent_LLM_judge_clp_chat,random_grids,episode_00017,Average Changed Cell Count,
2225,imagegame,NEW_FormatCheckingAgent_LLM_judge_clp_chat,random_grids,episode_00017,Average Generated Instruction Length,
2226,imagegame,NEW_FormatCheckingAgent_LLM_judge_clp_chat,random_grids,episode_00017,Average Generated Expression Number of Tokens,
2227,imagegame,NEW_FormatCheckingAgent_LLM_judge_clp_chat,random_grids,episode_00017,Success,0
2228,imagegame,NEW_FormatCheckingAgent_LLM_judge_clp_chat,random_grids,episode_00017,Lose,0
2229,imagegame,NEW_FormatCheckingAgent_LLM_judge_clp_chat,random_grids,episode_00017,Aborted,1
2230,imagegame,NEW_FormatCheckingAgent_LLM_judge_clp_chat,random_grids,episode_00017,Request Count,5
2231,imagegame,NEW_FormatCheckingAgent_LLM_judge_clp_chat,random_grids,episode_00017,Violated Request Count,1
2232,imagegame,NEW_FormatCheckingAgent_LLM_judge_clp_chat,random_grids,episode_00017,Parsed Request Count,4
2233,imagegame,NEW_FormatCheckingAgent_LLM_judge_clp_chat,random_grids,episode_00017,Request Success Ratio,0.8
2234,imagegame,NEW_FormatCheckingAgent_LLM_judge_clp_chat,random_grids,episode_00018,Precision,
2235,imagegame,NEW_FormatCheckingAgent_LLM_judge_clp_chat,random_grids,episode_00018,Recall,
2236,imagegame,NEW_FormatCheckingAgent_LLM_judge_clp_chat,random_grids,episode_00018,F1,
2237,imagegame,NEW_FormatCheckingAgent_LLM_judge_clp_chat,random_grids,episode_00018,Main Score,
2238,imagegame,NEW_FormatCheckingAgent_LLM_judge_clp_chat,random_grids,episode_00018,Average Changed Cell Count,
2239,imagegame,NEW_FormatCheckingAgent_LLM_judge_clp_chat,random_grids,episode_00018,Average Generated Instruction Length,
2240,imagegame,NEW_FormatCheckingAgent_LLM_judge_clp_chat,random_grids,episode_00018,Average Generated Expression Number of Tokens,
2241,imagegame,NEW_FormatCheckingAgent_LLM_judge_clp_chat,random_grids,episode_00018,Success,0
2242,imagegame,NEW_FormatCheckingAgent_LLM_judge_clp_chat,random_grids,episode_00018,Lose,0
2243,imagegame,NEW_FormatCheckingAgent_LLM_judge_clp_chat,random_grids,episode_00018,Aborted,1
2244,imagegame,NEW_FormatCheckingAgent_LLM_judge_clp_chat,random_grids,episode_00018,Request Count,5
2245,imagegame,NEW_FormatCheckingAgent_LLM_judge_clp_chat,random_grids,episode_00018,Violated Request Count,1
2246,imagegame,NEW_FormatCheckingAgent_LLM_judge_clp_chat,random_grids,episode_00018,Parsed Request Count,4
2247,imagegame,NEW_FormatCheckingAgent_LLM_judge_clp_chat,random_grids,episode_00018,Request Success Ratio,0.8
2248,imagegame,NEW_FormatCheckingAgent_LLM_judge_clp_chat,random_grids,episode_00019,Precision,
2249,imagegame,NEW_FormatCheckingAgent_LLM_judge_clp_chat,random_grids,episode_00019,Recall,
2250,imagegame,NEW_FormatCheckingAgent_LLM_judge_clp_chat,random_grids,episode_00019,F1,
2251,imagegame,NEW_FormatCheckingAgent_LLM_judge_clp_chat,random_grids,episode_00019,Main Score,
2252,imagegame,NEW_FormatCheckingAgent_LLM_judge_clp_chat,random_grids,episode_00019,Average Changed Cell Count,
2253,imagegame,NEW_FormatCheckingAgent_LLM_judge_clp_chat,random_grids,episode_00019,Average Generated Instruction Length,
2254,imagegame,NEW_FormatCheckingAgent_LLM_judge_clp_chat,random_grids,episode_00019,Average Generated Expression Number of Tokens,
2255,imagegame,NEW_FormatCheckingAgent_LLM_judge_clp_chat,random_grids,episode_00019,Success,0
2256,imagegame,NEW_FormatCheckingAgent_LLM_judge_clp_chat,random_grids,episode_00019,Lose,0
2257,imagegame,NEW_FormatCheckingAgent_LLM_judge_clp_chat,random_grids,episode_00019,Aborted,1
2258,imagegame,NEW_FormatCheckingAgent_LLM_judge_clp_chat,random_grids,episode_00019,Request Count,5
2259,imagegame,NEW_FormatCheckingAgent_LLM_judge_clp_chat,random_grids,episode_00019,Violated Request Count,1
2260,imagegame,NEW_FormatCheckingAgent_LLM_judge_clp_chat,random_grids,episode_00019,Parsed Request Count,4
2261,imagegame,NEW_FormatCheckingAgent_LLM_judge_clp_chat,random_grids,episode_00019,Request Success Ratio,0.8
2262,imagegame,NEW_FormatCheckingAgent_LLM_judge_clp_chat,random_grids,episode_00020,Precision,
2263,imagegame,NEW_FormatCheckingAgent_LLM_judge_clp_chat,random_grids,episode_00020,Recall,
2264,imagegame,NEW_FormatCheckingAgent_LLM_judge_clp_chat,random_grids,episode_00020,F1,
2265,imagegame,NEW_FormatCheckingAgent_LLM_judge_clp_chat,random_grids,episode_00020,Main Score,
2266,imagegame,NEW_FormatCheckingAgent_LLM_judge_clp_chat,random_grids,episode_00020,Average Changed Cell Count,
2267,imagegame,NEW_FormatCheckingAgent_LLM_judge_clp_chat,random_grids,episode_00020,Average Generated Instruction Length,
2268,imagegame,NEW_FormatCheckingAgent_LLM_judge_clp_chat,random_grids,episode_00020,Average Generated Expression Number of Tokens,
2269,imagegame,NEW_FormatCheckingAgent_LLM_judge_clp_chat,random_grids,episode_00020,Success,0
2270,imagegame,NEW_FormatCheckingAgent_LLM_judge_clp_chat,random_grids,episode_00020,Lose,0
2271,imagegame,NEW_FormatCheckingAgent_LLM_judge_clp_chat,random_grids,episode_00020,Aborted,1
2272,imagegame,NEW_FormatCheckingAgent_LLM_judge_clp_chat,random_grids,episode_00020,Request Count,5
2273,imagegame,NEW_FormatCheckingAgent_LLM_judge_clp_chat,random_grids,episode_00020,Violated Request Count,1
2274,imagegame,NEW_FormatCheckingAgent_LLM_judge_clp_chat,random_grids,episode_00020,Parsed Request Count,4
2275,imagegame,NEW_FormatCheckingAgent_LLM_judge_clp_chat,random_grids,episode_00020,Request Success Ratio,0.8
2276,imagegame,NEW_FormatCheckingAgent_LLM_judge_clp_chat,random_grids,episode_00021,Precision,
2277,imagegame,NEW_FormatCheckingAgent_LLM_judge_clp_chat,random_grids,episode_00021,Recall,
2278,imagegame,NEW_FormatCheckingAgent_LLM_judge_clp_chat,random_grids,episode_00021,F1,
2279,imagegame,NEW_FormatCheckingAgent_LLM_judge_clp_chat,random_grids,episode_00021,Main Score,
2280,imagegame,NEW_FormatCheckingAgent_LLM_judge_clp_chat,random_grids,episode_00021,Average Changed Cell Count,
2281,imagegame,NEW_FormatCheckingAgent_LLM_judge_clp_chat,random_grids,episode_00021,Average Generated Instruction Length,
2282,imagegame,NEW_FormatCheckingAgent_LLM_judge_clp_chat,random_grids,episode_00021,Average Generated Expression Number of Tokens,
2283,imagegame,NEW_FormatCheckingAgent_LLM_judge_clp_chat,random_grids,episode_00021,Success,0
2284,imagegame,NEW_FormatCheckingAgent_LLM_judge_clp_chat,random_grids,episode_00021,Lose,0
2285,imagegame,NEW_FormatCheckingAgent_LLM_judge_clp_chat,random_grids,episode_00021,Aborted,1
2286,imagegame,NEW_FormatCheckingAgent_LLM_judge_clp_chat,random_grids,episode_00021,Request Count,5
2287,imagegame,NEW_FormatCheckingAgent_LLM_judge_clp_chat,random_grids,episode_00021,Violated Request Count,1
2288,imagegame,NEW_FormatCheckingAgent_LLM_judge_clp_chat,random_grids,episode_00021,Parsed Request Count,4
2289,imagegame,NEW_FormatCheckingAgent_LLM_judge_clp_chat,random_grids,episode_00021,Request Success Ratio,0.8
2290,imagegame,NEW_FormatCheckingAgent_LLM_judge_clp_chat,random_grids,episode_00022,Precision,
2291,imagegame,NEW_FormatCheckingAgent_LLM_judge_clp_chat,random_grids,episode_00022,Recall,
2292,imagegame,NEW_FormatCheckingAgent_LLM_judge_clp_chat,random_grids,episode_00022,F1,
2293,imagegame,NEW_FormatCheckingAgent_LLM_judge_clp_chat,random_grids,episode_00022,Main Score,
2294,imagegame,NEW_FormatCheckingAgent_LLM_judge_clp_chat,random_grids,episode_00022,Average Changed Cell Count,
2295,imagegame,NEW_FormatCheckingAgent_LLM_judge_clp_chat,random_grids,episode_00022,Average Generated Instruction Length,
2296,imagegame,NEW_FormatCheckingAgent_LLM_judge_clp_chat,random_grids,episode_00022,Average Generated Expression Number of Tokens,
2297,imagegame,NEW_FormatCheckingAgent_LLM_judge_clp_chat,random_grids,episode_00022,Success,0
2298,imagegame,NEW_FormatCheckingAgent_LLM_judge_clp_chat,random_grids,episode_00022,Lose,0
2299,imagegame,NEW_FormatCheckingAgent_LLM_judge_clp_chat,random_grids,episode_00022,Aborted,1
2300,imagegame,NEW_FormatCheckingAgent_LLM_judge_clp_chat,random_grids,episode_00022,Request Count,5
2301,imagegame,NEW_FormatCheckingAgent_LLM_judge_clp_chat,random_grids,episode_00022,Violated Request Count,1
2302,imagegame,NEW_FormatCheckingAgent_LLM_judge_clp_chat,random_grids,episode_00022,Parsed Request Count,4
2303,imagegame,NEW_FormatCheckingAgent_LLM_judge_clp_chat,random_grids,episode_00022,Request Success Ratio,0.8
2304,imagegame,NEW_FormatCheckingAgent_LLM_judge_clp_chat,random_grids,episode_00023,Precision,
2305,imagegame,NEW_FormatCheckingAgent_LLM_judge_clp_chat,random_grids,episode_00023,Recall,
2306,imagegame,NEW_FormatCheckingAgent_LLM_judge_clp_chat,random_grids,episode_00023,F1,
2307,imagegame,NEW_FormatCheckingAgent_LLM_judge_clp_chat,random_grids,episode_00023,Main Score,
2308,imagegame,NEW_FormatCheckingAgent_LLM_judge_clp_chat,random_grids,episode_00023,Average Changed Cell Count,
2309,imagegame,NEW_FormatCheckingAgent_LLM_judge_clp_chat,random_grids,episode_00023,Average Generated Instruction Length,
2310,imagegame,NEW_FormatCheckingAgent_LLM_judge_clp_chat,random_grids,episode_00023,Average Generated Expression Number of Tokens,
2311,imagegame,NEW_FormatCheckingAgent_LLM_judge_clp_chat,random_grids,episode_00023,Success,0
2312,imagegame,NEW_FormatCheckingAgent_LLM_judge_clp_chat,random_grids,episode_00023,Lose,0
2313,imagegame,NEW_FormatCheckingAgent_LLM_judge_clp_chat,random_grids,episode_00023,Aborted,1
2314,imagegame,NEW_FormatCheckingAgent_LLM_judge_clp_chat,random_grids,episode_00023,Request Count,5
2315,imagegame,NEW_FormatCheckingAgent_LLM_judge_clp_chat,random_grids,episode_00023,Violated Request Count,1
2316,imagegame,NEW_FormatCheckingAgent_LLM_judge_clp_chat,random_grids,episode_00023,Parsed Request Count,4
2317,imagegame,NEW_FormatCheckingAgent_LLM_judge_clp_chat,random_grids,episode_00023,Request Success Ratio,0.8
2318,imagegame,NEW_FormatCheckingAgent_LLM_judge_clp_chat,random_grids,episode_00024,Precision,
2319,imagegame,NEW_FormatCheckingAgent_LLM_judge_clp_chat,random_grids,episode_00024,Recall,
2320,imagegame,NEW_FormatCheckingAgent_LLM_judge_clp_chat,random_grids,episode_00024,F1,
2321,imagegame,NEW_FormatCheckingAgent_LLM_judge_clp_chat,random_grids,episode_00024,Main Score,
2322,imagegame,NEW_FormatCheckingAgent_LLM_judge_clp_chat,random_grids,episode_00024,Average Changed Cell Count,
2323,imagegame,NEW_FormatCheckingAgent_LLM_judge_clp_chat,random_grids,episode_00024,Average Generated Instruction Length,
2324,imagegame,NEW_FormatCheckingAgent_LLM_judge_clp_chat,random_grids,episode_00024,Average Generated Expression Number of Tokens,
2325,imagegame,NEW_FormatCheckingAgent_LLM_judge_clp_chat,random_grids,episode_00024,Success,0
2326,imagegame,NEW_FormatCheckingAgent_LLM_judge_clp_chat,random_grids,episode_00024,Lose,0
2327,imagegame,NEW_FormatCheckingAgent_LLM_judge_clp_chat,random_grids,episode_00024,Aborted,1
2328,imagegame,NEW_FormatCheckingAgent_LLM_judge_clp_chat,random_grids,episode_00024,Request Count,5
2329,imagegame,NEW_FormatCheckingAgent_LLM_judge_clp_chat,random_grids,episode_00024,Violated Request Count,1
2330,imagegame,NEW_FormatCheckingAgent_LLM_judge_clp_chat,random_grids,episode_00024,Parsed Request Count,4
2331,imagegame,NEW_FormatCheckingAgent_LLM_judge_clp_chat,random_grids,episode_00024,Request Success Ratio,0.8
2332,matchit,NEW_FormatCheckingAgent_LLM_judge_clp_chat,different_image,episode_00017,Violated Request Count,1
2333,matchit,NEW_FormatCheckingAgent_LLM_judge_clp_chat,different_image,episode_00017,Parsed Request Count,2
2334,matchit,NEW_FormatCheckingAgent_LLM_judge_clp_chat,different_image,episode_00017,Request Count,3
2335,matchit,NEW_FormatCheckingAgent_LLM_judge_clp_chat,different_image,episode_00017,Aborted,1
2336,matchit,NEW_FormatCheckingAgent_LLM_judge_clp_chat,different_image,episode_00017,Success,0
2337,matchit,NEW_FormatCheckingAgent_LLM_judge_clp_chat,different_image,episode_00017,Lose,0
2338,matchit,NEW_FormatCheckingAgent_LLM_judge_clp_chat,different_image,episode_00017,Main Score,
2339,matchit,NEW_FormatCheckingAgent_LLM_judge_clp_chat,different_image,episode_00017,Player Score,
2340,matchit,NEW_FormatCheckingAgent_LLM_judge_clp_chat,different_image,episode_00018,Violated Request Count,1
2341,matchit,NEW_FormatCheckingAgent_LLM_judge_clp_chat,different_image,episode_00018,Parsed Request Count,2
2342,matchit,NEW_FormatCheckingAgent_LLM_judge_clp_chat,different_image,episode_00018,Request Count,3
2343,matchit,NEW_FormatCheckingAgent_LLM_judge_clp_chat,different_image,episode_00018,Aborted,1
2344,matchit,NEW_FormatCheckingAgent_LLM_judge_clp_chat,different_image,episode_00018,Success,0
2345,matchit,NEW_FormatCheckingAgent_LLM_judge_clp_chat,different_image,episode_00018,Lose,0
2346,matchit,NEW_FormatCheckingAgent_LLM_judge_clp_chat,different_image,episode_00018,Main Score,
2347,matchit,NEW_FormatCheckingAgent_LLM_judge_clp_chat,different_image,episode_00018,Player Score,
2348,matchit,NEW_FormatCheckingAgent_LLM_judge_clp_chat,different_image,episode_00019,Violated Request Count,1
2349,matchit,NEW_FormatCheckingAgent_LLM_judge_clp_chat,different_image,episode_00019,Parsed Request Count,2
2350,matchit,NEW_FormatCheckingAgent_LLM_judge_clp_chat,different_image,episode_00019,Request Count,3
2351,matchit,NEW_FormatCheckingAgent_LLM_judge_clp_chat,different_image,episode_00019,Aborted,1
2352,matchit,NEW_FormatCheckingAgent_LLM_judge_clp_chat,different_image,episode_00019,Success,0
2353,matchit,NEW_FormatCheckingAgent_LLM_judge_clp_chat,different_image,episode_00019,Lose,0
2354,matchit,NEW_FormatCheckingAgent_LLM_judge_clp_chat,different_image,episode_00019,Main Score,
2355,matchit,NEW_FormatCheckingAgent_LLM_judge_clp_chat,different_image,episode_00019,Player Score,
2356,matchit,NEW_FormatCheckingAgent_LLM_judge_clp_chat,different_image,episode_00020,Violated Request Count,1
2357,matchit,NEW_FormatCheckingAgent_LLM_judge_clp_chat,different_image,episode_00020,Parsed Request Count,2
2358,matchit,NEW_FormatCheckingAgent_LLM_judge_clp_chat,different_image,episode_00020,Request Count,3
2359,matchit,NEW_FormatCheckingAgent_LLM_judge_clp_chat,different_image,episode_00020,Aborted,1
2360,matchit,NEW_FormatCheckingAgent_LLM_judge_clp_chat,different_image,episode_00020,Success,0
2361,matchit,NEW_FormatCheckingAgent_LLM_judge_clp_chat,different_image,episode_00020,Lose,0
2362,matchit,NEW_FormatCheckingAgent_LLM_judge_clp_chat,different_image,episode_00020,Main Score,
2363,matchit,NEW_FormatCheckingAgent_LLM_judge_clp_chat,different_image,episode_00020,Player Score,
2364,matchit,NEW_FormatCheckingAgent_LLM_judge_clp_chat,different_image,episode_00021,Violated Request Count,1
2365,matchit,NEW_FormatCheckingAgent_LLM_judge_clp_chat,different_image,episode_00021,Parsed Request Count,2
2366,matchit,NEW_FormatCheckingAgent_LLM_judge_clp_chat,different_image,episode_00021,Request Count,3
2367,matchit,NEW_FormatCheckingAgent_LLM_judge_clp_chat,different_image,episode_00021,Aborted,1
2368,matchit,NEW_FormatCheckingAgent_LLM_judge_clp_chat,different_image,episode_00021,Success,0
2369,matchit,NEW_FormatCheckingAgent_LLM_judge_clp_chat,different_image,episode_00021,Lose,0
2370,matchit,NEW_FormatCheckingAgent_LLM_judge_clp_chat,different_image,episode_00021,Main Score,
2371,matchit,NEW_FormatCheckingAgent_LLM_judge_clp_chat,different_image,episode_00021,Player Score,
2372,matchit,NEW_FormatCheckingAgent_LLM_judge_clp_chat,different_image,episode_00022,Violated Request Count,1
2373,matchit,NEW_FormatCheckingAgent_LLM_judge_clp_chat,different_image,episode_00022,Parsed Request Count,2
2374,matchit,NEW_FormatCheckingAgent_LLM_judge_clp_chat,different_image,episode_00022,Request Count,3
2375,matchit,NEW_FormatCheckingAgent_LLM_judge_clp_chat,different_image,episode_00022,Aborted,1
2376,matchit,NEW_FormatCheckingAgent_LLM_judge_clp_chat,different_image,episode_00022,Success,0
2377,matchit,NEW_FormatCheckingAgent_LLM_judge_clp_chat,different_image,episode_00022,Lose,0
2378,matchit,NEW_FormatCheckingAgent_LLM_judge_clp_chat,different_image,episode_00022,Main Score,
2379,matchit,NEW_FormatCheckingAgent_LLM_judge_clp_chat,different_image,episode_00022,Player Score,
2380,matchit,NEW_FormatCheckingAgent_LLM_judge_clp_chat,different_image,episode_00023,Violated Request Count,1
2381,matchit,NEW_FormatCheckingAgent_LLM_judge_clp_chat,different_image,episode_00023,Parsed Request Count,2
2382,matchit,NEW_FormatCheckingAgent_LLM_judge_clp_chat,different_image,episode_00023,Request Count,3
2383,matchit,NEW_FormatCheckingAgent_LLM_judge_clp_chat,different_image,episode_00023,Aborted,1
2384,matchit,NEW_FormatCheckingAgent_LLM_judge_clp_chat,different_image,episode_00023,Success,0
2385,matchit,NEW_FormatCheckingAgent_LLM_judge_clp_chat,different_image,episode_00023,Lose,0
2386,matchit,NEW_FormatCheckingAgent_LLM_judge_clp_chat,different_image,episode_00023,Main Score,
2387,matchit,NEW_FormatCheckingAgent_LLM_judge_clp_chat,different_image,episode_00023,Player Score,
2388,matchit,NEW_FormatCheckingAgent_LLM_judge_clp_chat,different_image,episode_00024,Violated Request Count,1
2389,matchit,NEW_FormatCheckingAgent_LLM_judge_clp_chat,different_image,episode_00024,Parsed Request Count,2
2390,matchit,NEW_FormatCheckingAgent_LLM_judge_clp_chat,different_image,episode_00024,Request Count,3
2391,matchit,NEW_FormatCheckingAgent_LLM_judge_clp_chat,different_image,episode_00024,Aborted,1
2392,matchit,NEW_FormatCheckingAgent_LLM_judge_clp_chat,different_image,episode_00024,Success,0
2393,matchit,NEW_FormatCheckingAgent_LLM_judge_clp_chat,different_image,episode_00024,Lose,0
2394,matchit,NEW_FormatCheckingAgent_LLM_judge_clp_chat,different_image,episode_00024,Main Score,
2395,matchit,NEW_FormatCheckingAgent_LLM_judge_clp_chat,different_image,episode_00024,Player Score,
2396,matchit,NEW_FormatCheckingAgent_LLM_judge_clp_chat,same_image,episode_00001,Violated Request Count,1
2397,matchit,NEW_FormatCheckingAgent_LLM_judge_clp_chat,same_image,episode_00001,Parsed Request Count,2
2398,matchit,NEW_FormatCheckingAgent_LLM_judge_clp_chat,same_image,episode_00001,Request Count,3
2399,matchit,NEW_FormatCheckingAgent_LLM_judge_clp_chat,same_image,episode_00001,Aborted,1
2400,matchit,NEW_FormatCheckingAgent_LLM_judge_clp_chat,same_image,episode_00001,Success,0
2401,matchit,NEW_FormatCheckingAgent_LLM_judge_clp_chat,same_image,episode_00001,Lose,0
2402,matchit,NEW_FormatCheckingAgent_LLM_judge_clp_chat,same_image,episode_00001,Main Score,
2403,matchit,NEW_FormatCheckingAgent_LLM_judge_clp_chat,same_image,episode_00001,Player Score,
2404,matchit,NEW_FormatCheckingAgent_LLM_judge_clp_chat,same_image,episode_00002,Violated Request Count,1
2405,matchit,NEW_FormatCheckingAgent_LLM_judge_clp_chat,same_image,episode_00002,Parsed Request Count,2
2406,matchit,NEW_FormatCheckingAgent_LLM_judge_clp_chat,same_image,episode_00002,Request Count,3
2407,matchit,NEW_FormatCheckingAgent_LLM_judge_clp_chat,same_image,episode_00002,Aborted,1
2408,matchit,NEW_FormatCheckingAgent_LLM_judge_clp_chat,same_image,episode_00002,Success,0
2409,matchit,NEW_FormatCheckingAgent_LLM_judge_clp_chat,same_image,episode_00002,Lose,0
2410,matchit,NEW_FormatCheckingAgent_LLM_judge_clp_chat,same_image,episode_00002,Main Score,
2411,matchit,NEW_FormatCheckingAgent_LLM_judge_clp_chat,same_image,episode_00002,Player Score,
2412,matchit,NEW_FormatCheckingAgent_LLM_judge_clp_chat,same_image,episode_00003,Violated Request Count,1
2413,matchit,NEW_FormatCheckingAgent_LLM_judge_clp_chat,same_image,episode_00003,Parsed Request Count,2
2414,matchit,NEW_FormatCheckingAgent_LLM_judge_clp_chat,same_image,episode_00003,Request Count,3
2415,matchit,NEW_FormatCheckingAgent_LLM_judge_clp_chat,same_image,episode_00003,Aborted,1
2416,matchit,NEW_FormatCheckingAgent_LLM_judge_clp_chat,same_image,episode_00003,Success,0
2417,matchit,NEW_FormatCheckingAgent_LLM_judge_clp_chat,same_image,episode_00003,Lose,0
2418,matchit,NEW_FormatCheckingAgent_LLM_judge_clp_chat,same_image,episode_00003,Main Score,
2419,matchit,NEW_FormatCheckingAgent_LLM_judge_clp_chat,same_image,episode_00003,Player Score,
2420,matchit,NEW_FormatCheckingAgent_LLM_judge_clp_chat,same_image,episode_00004,Violated Request Count,1
2421,matchit,NEW_FormatCheckingAgent_LLM_judge_clp_chat,same_image,episode_00004,Parsed Request Count,2
2422,matchit,NEW_FormatCheckingAgent_LLM_judge_clp_chat,same_image,episode_00004,Request Count,3
2423,matchit,NEW_FormatCheckingAgent_LLM_judge_clp_chat,same_image,episode_00004,Aborted,1
2424,matchit,NEW_FormatCheckingAgent_LLM_judge_clp_chat,same_image,episode_00004,Success,0
2425,matchit,NEW_FormatCheckingAgent_LLM_judge_clp_chat,same_image,episode_00004,Lose,0
2426,matchit,NEW_FormatCheckingAgent_LLM_judge_clp_chat,same_image,episode_00004,Main Score,
2427,matchit,NEW_FormatCheckingAgent_LLM_judge_clp_chat,same_image,episode_00004,Player Score,
2428,matchit,NEW_FormatCheckingAgent_LLM_judge_clp_chat,same_image,episode_00005,Violated Request Count,1
2429,matchit,NEW_FormatCheckingAgent_LLM_judge_clp_chat,same_image,episode_00005,Parsed Request Count,2
2430,matchit,NEW_FormatCheckingAgent_LLM_judge_clp_chat,same_image,episode_00005,Request Count,3
2431,matchit,NEW_FormatCheckingAgent_LLM_judge_clp_chat,same_image,episode_00005,Aborted,1
2432,matchit,NEW_FormatCheckingAgent_LLM_judge_clp_chat,same_image,episode_00005,Success,0
2433,matchit,NEW_FormatCheckingAgent_LLM_judge_clp_chat,same_image,episode_00005,Lose,0
2434,matchit,NEW_FormatCheckingAgent_LLM_judge_clp_chat,same_image,episode_00005,Main Score,
2435,matchit,NEW_FormatCheckingAgent_LLM_judge_clp_chat,same_image,episode_00005,Player Score,
2436,matchit,NEW_FormatCheckingAgent_LLM_judge_clp_chat,same_image,episode_00006,Violated Request Count,1
2437,matchit,NEW_FormatCheckingAgent_LLM_judge_clp_chat,same_image,episode_00006,Parsed Request Count,2
2438,matchit,NEW_FormatCheckingAgent_LLM_judge_clp_chat,same_image,episode_00006,Request Count,3
2439,matchit,NEW_FormatCheckingAgent_LLM_judge_clp_chat,same_image,episode_00006,Aborted,1
2440,matchit,NEW_FormatCheckingAgent_LLM_judge_clp_chat,same_image,episode_00006,Success,0
2441,matchit,NEW_FormatCheckingAgent_LLM_judge_clp_chat,same_image,episode_00006,Lose,0
2442,matchit,NEW_FormatCheckingAgent_LLM_judge_clp_chat,same_image,episode_00006,Main Score,
2443,matchit,NEW_FormatCheckingAgent_LLM_judge_clp_chat,same_image,episode_00006,Player Score,
2444,matchit,NEW_FormatCheckingAgent_LLM_judge_clp_chat,same_image,episode_00007,Violated Request Count,1
2445,matchit,NEW_FormatCheckingAgent_LLM_judge_clp_chat,same_image,episode_00007,Parsed Request Count,2
2446,matchit,NEW_FormatCheckingAgent_LLM_judge_clp_chat,same_image,episode_00007,Request Count,3
2447,matchit,NEW_FormatCheckingAgent_LLM_judge_clp_chat,same_image,episode_00007,Aborted,1
2448,matchit,NEW_FormatCheckingAgent_LLM_judge_clp_chat,same_image,episode_00007,Success,0
2449,matchit,NEW_FormatCheckingAgent_LLM_judge_clp_chat,same_image,episode_00007,Lose,0
2450,matchit,NEW_FormatCheckingAgent_LLM_judge_clp_chat,same_image,episode_00007,Main Score,
2451,matchit,NEW_FormatCheckingAgent_LLM_judge_clp_chat,same_image,episode_00007,Player Score,
2452,matchit,NEW_FormatCheckingAgent_LLM_judge_clp_chat,same_image,episode_00008,Violated Request Count,1
2453,matchit,NEW_FormatCheckingAgent_LLM_judge_clp_chat,same_image,episode_00008,Parsed Request Count,2
2454,matchit,NEW_FormatCheckingAgent_LLM_judge_clp_chat,same_image,episode_00008,Request Count,3
2455,matchit,NEW_FormatCheckingAgent_LLM_judge_clp_chat,same_image,episode_00008,Aborted,1
2456,matchit,NEW_FormatCheckingAgent_LLM_judge_clp_chat,same_image,episode_00008,Success,0
2457,matchit,NEW_FormatCheckingAgent_LLM_judge_clp_chat,same_image,episode_00008,Lose,0
2458,matchit,NEW_FormatCheckingAgent_LLM_judge_clp_chat,same_image,episode_00008,Main Score,
2459,matchit,NEW_FormatCheckingAgent_LLM_judge_clp_chat,same_image,episode_00008,Player Score,
2460,matchit,NEW_FormatCheckingAgent_LLM_judge_clp_chat,similar_image,episode_00009,Violated Request Count,1
2461,matchit,NEW_FormatCheckingAgent_LLM_judge_clp_chat,similar_image,episode_00009,Parsed Request Count,2
2462,matchit,NEW_FormatCheckingAgent_LLM_judge_clp_chat,similar_image,episode_00009,Request Count,3
2463,matchit,NEW_FormatCheckingAgent_LLM_judge_clp_chat,similar_image,episode_00009,Aborted,1
2464,matchit,NEW_FormatCheckingAgent_LLM_judge_clp_chat,similar_image,episode_00009,Success,0
2465,matchit,NEW_FormatCheckingAgent_LLM_judge_clp_chat,similar_image,episode_00009,Lose,0
2466,matchit,NEW_FormatCheckingAgent_LLM_judge_clp_chat,similar_image,episode_00009,Main Score,
2467,matchit,NEW_FormatCheckingAgent_LLM_judge_clp_chat,similar_image,episode_00009,Player Score,
2468,matchit,NEW_FormatCheckingAgent_LLM_judge_clp_chat,similar_image,episode_00010,Violated Request Count,1
2469,matchit,NEW_FormatCheckingAgent_LLM_judge_clp_chat,similar_image,episode_00010,Parsed Request Count,2
2470,matchit,NEW_FormatCheckingAgent_LLM_judge_clp_chat,similar_image,episode_00010,Request Count,3
2471,matchit,NEW_FormatCheckingAgent_LLM_judge_clp_chat,similar_image,episode_00010,Aborted,1
2472,matchit,NEW_FormatCheckingAgent_LLM_judge_clp_chat,similar_image,episode_00010,Success,0
2473,matchit,NEW_FormatCheckingAgent_LLM_judge_clp_chat,similar_image,episode_00010,Lose,0
2474,matchit,NEW_FormatCheckingAgent_LLM_judge_clp_chat,similar_image,episode_00010,Main Score,
2475,matchit,NEW_FormatCheckingAgent_LLM_judge_clp_chat,similar_image,episode_00010,Player Score,
2476,matchit,NEW_FormatCheckingAgent_LLM_judge_clp_chat,similar_image,episode_00011,Violated Request Count,1
2477,matchit,NEW_FormatCheckingAgent_LLM_judge_clp_chat,similar_image,episode_00011,Parsed Request Count,2
2478,matchit,NEW_FormatCheckingAgent_LLM_judge_clp_chat,similar_image,episode_00011,Request Count,3
2479,matchit,NEW_FormatCheckingAgent_LLM_judge_clp_chat,similar_image,episode_00011,Aborted,1
2480,matchit,NEW_FormatCheckingAgent_LLM_judge_clp_chat,similar_image,episode_00011,Success,0
2481,matchit,NEW_FormatCheckingAgent_LLM_judge_clp_chat,similar_image,episode_00011,Lose,0
2482,matchit,NEW_FormatCheckingAgent_LLM_judge_clp_chat,similar_image,episode_00011,Main Score,
2483,matchit,NEW_FormatCheckingAgent_LLM_judge_clp_chat,similar_image,episode_00011,Player Score,
2484,matchit,NEW_FormatCheckingAgent_LLM_judge_clp_chat,similar_image,episode_00012,Violated Request Count,1
2485,matchit,NEW_FormatCheckingAgent_LLM_judge_clp_chat,similar_image,episode_00012,Parsed Request Count,2
2486,matchit,NEW_FormatCheckingAgent_LLM_judge_clp_chat,similar_image,episode_00012,Request Count,3
2487,matchit,NEW_FormatCheckingAgent_LLM_judge_clp_chat,similar_image,episode_00012,Aborted,1
2488,matchit,NEW_FormatCheckingAgent_LLM_judge_clp_chat,similar_image,episode_00012,Success,0
2489,matchit,NEW_FormatCheckingAgent_LLM_judge_clp_chat,similar_image,episode_00012,Lose,0
2490,matchit,NEW_FormatCheckingAgent_LLM_judge_clp_chat,similar_image,episode_00012,Main Score,
2491,matchit,NEW_FormatCheckingAgent_LLM_judge_clp_chat,similar_image,episode_00012,Player Score,
2492,matchit,NEW_FormatCheckingAgent_LLM_judge_clp_chat,similar_image,episode_00013,Violated Request Count,1
2493,matchit,NEW_FormatCheckingAgent_LLM_judge_clp_chat,similar_image,episode_00013,Parsed Request Count,2
2494,matchit,NEW_FormatCheckingAgent_LLM_judge_clp_chat,similar_image,episode_00013,Request Count,3
2495,matchit,NEW_FormatCheckingAgent_LLM_judge_clp_chat,similar_image,episode_00013,Aborted,1
2496,matchit,NEW_FormatCheckingAgent_LLM_judge_clp_chat,similar_image,episode_00013,Success,0
2497,matchit,NEW_FormatCheckingAgent_LLM_judge_clp_chat,similar_image,episode_00013,Lose,0
2498,matchit,NEW_FormatCheckingAgent_LLM_judge_clp_chat,similar_image,episode_00013,Main Score,
2499,matchit,NEW_FormatCheckingAgent_LLM_judge_clp_chat,similar_image,episode_00013,Player Score,
2500,matchit,NEW_FormatCheckingAgent_LLM_judge_clp_chat,similar_image,episode_00014,Violated Request Count,1
2501,matchit,NEW_FormatCheckingAgent_LLM_judge_clp_chat,similar_image,episode_00014,Parsed Request Count,2
2502,matchit,NEW_FormatCheckingAgent_LLM_judge_clp_chat,similar_image,episode_00014,Request Count,3
2503,matchit,NEW_FormatCheckingAgent_LLM_judge_clp_chat,similar_image,episode_00014,Aborted,1
2504,matchit,NEW_FormatCheckingAgent_LLM_judge_clp_chat,similar_image,episode_00014,Success,0
2505,matchit,NEW_FormatCheckingAgent_LLM_judge_clp_chat,similar_image,episode_00014,Lose,0
2506,matchit,NEW_FormatCheckingAgent_LLM_judge_clp_chat,similar_image,episode_00014,Main Score,
2507,matchit,NEW_FormatCheckingAgent_LLM_judge_clp_chat,similar_image,episode_00014,Player Score,
2508,matchit,NEW_FormatCheckingAgent_LLM_judge_clp_chat,similar_image,episode_00015,Violated Request Count,1
2509,matchit,NEW_FormatCheckingAgent_LLM_judge_clp_chat,similar_image,episode_00015,Parsed Request Count,2
2510,matchit,NEW_FormatCheckingAgent_LLM_judge_clp_chat,similar_image,episode_00015,Request Count,3
2511,matchit,NEW_FormatCheckingAgent_LLM_judge_clp_chat,similar_image,episode_00015,Aborted,1
2512,matchit,NEW_FormatCheckingAgent_LLM_judge_clp_chat,similar_image,episode_00015,Success,0
2513,matchit,NEW_FormatCheckingAgent_LLM_judge_clp_chat,similar_image,episode_00015,Lose,0
2514,matchit,NEW_FormatCheckingAgent_LLM_judge_clp_chat,similar_image,episode_00015,Main Score,
2515,matchit,NEW_FormatCheckingAgent_LLM_judge_clp_chat,similar_image,episode_00015,Player Score,
2516,matchit,NEW_FormatCheckingAgent_LLM_judge_clp_chat,similar_image,episode_00016,Violated Request Count,1
2517,matchit,NEW_FormatCheckingAgent_LLM_judge_clp_chat,similar_image,episode_00016,Parsed Request Count,2
2518,matchit,NEW_FormatCheckingAgent_LLM_judge_clp_chat,similar_image,episode_00016,Request Count,3
2519,matchit,NEW_FormatCheckingAgent_LLM_judge_clp_chat,similar_image,episode_00016,Aborted,1
2520,matchit,NEW_FormatCheckingAgent_LLM_judge_clp_chat,similar_image,episode_00016,Success,0
2521,matchit,NEW_FormatCheckingAgent_LLM_judge_clp_chat,similar_image,episode_00016,Lose,0
2522,matchit,NEW_FormatCheckingAgent_LLM_judge_clp_chat,similar_image,episode_00016,Main Score,
2523,matchit,NEW_FormatCheckingAgent_LLM_judge_clp_chat,similar_image,episode_00016,Player Score,
2524,matchit_ascii,NEW_FormatCheckingAgent_LLM_judge_clp_chat,different_grid,episode_00019,Violated Request Count,1
2525,matchit_ascii,NEW_FormatCheckingAgent_LLM_judge_clp_chat,different_grid,episode_00019,Parsed Request Count,2
2526,matchit_ascii,NEW_FormatCheckingAgent_LLM_judge_clp_chat,different_grid,episode_00019,Request Count,3
2527,matchit_ascii,NEW_FormatCheckingAgent_LLM_judge_clp_chat,different_grid,episode_00019,Aborted,0
2528,matchit_ascii,NEW_FormatCheckingAgent_LLM_judge_clp_chat,different_grid,episode_00019,Success,0
2529,matchit_ascii,NEW_FormatCheckingAgent_LLM_judge_clp_chat,different_grid,episode_00019,Lose,1
2530,matchit_ascii,NEW_FormatCheckingAgent_LLM_judge_clp_chat,different_grid,episode_00019,Main Score,0
2531,matchit_ascii,NEW_FormatCheckingAgent_LLM_judge_clp_chat,different_grid,episode_00019,Player Score,0
2532,matchit_ascii,NEW_FormatCheckingAgent_LLM_judge_clp_chat,different_grid,episode_00020,Violated Request Count,1
2533,matchit_ascii,NEW_FormatCheckingAgent_LLM_judge_clp_chat,different_grid,episode_00020,Parsed Request Count,2
2534,matchit_ascii,NEW_FormatCheckingAgent_LLM_judge_clp_chat,different_grid,episode_00020,Request Count,3
2535,matchit_ascii,NEW_FormatCheckingAgent_LLM_judge_clp_chat,different_grid,episode_00020,Aborted,0
2536,matchit_ascii,NEW_FormatCheckingAgent_LLM_judge_clp_chat,different_grid,episode_00020,Success,0
2537,matchit_ascii,NEW_FormatCheckingAgent_LLM_judge_clp_chat,different_grid,episode_00020,Lose,1
2538,matchit_ascii,NEW_FormatCheckingAgent_LLM_judge_clp_chat,different_grid,episode_00020,Main Score,0
2539,matchit_ascii,NEW_FormatCheckingAgent_LLM_judge_clp_chat,different_grid,episode_00020,Player Score,0
2540,matchit_ascii,NEW_FormatCheckingAgent_LLM_judge_clp_chat,different_grid,episode_00021,Violated Request Count,1
2541,matchit_ascii,NEW_FormatCheckingAgent_LLM_judge_clp_chat,different_grid,episode_00021,Parsed Request Count,2
2542,matchit_ascii,NEW_FormatCheckingAgent_LLM_judge_clp_chat,different_grid,episode_00021,Request Count,3
2543,matchit_ascii,NEW_FormatCheckingAgent_LLM_judge_clp_chat,different_grid,episode_00021,Aborted,0
2544,matchit_ascii,NEW_FormatCheckingAgent_LLM_judge_clp_chat,different_grid,episode_00021,Success,0
2545,matchit_ascii,NEW_FormatCheckingAgent_LLM_judge_clp_chat,different_grid,episode_00021,Lose,1
2546,matchit_ascii,NEW_FormatCheckingAgent_LLM_judge_clp_chat,different_grid,episode_00021,Main Score,0
2547,matchit_ascii,NEW_FormatCheckingAgent_LLM_judge_clp_chat,different_grid,episode_00021,Player Score,0
2548,matchit_ascii,NEW_FormatCheckingAgent_LLM_judge_clp_chat,different_grid,episode_00022,Violated Request Count,1
2549,matchit_ascii,NEW_FormatCheckingAgent_LLM_judge_clp_chat,different_grid,episode_00022,Parsed Request Count,2
2550,matchit_ascii,NEW_FormatCheckingAgent_LLM_judge_clp_chat,different_grid,episode_00022,Request Count,3
2551,matchit_ascii,NEW_FormatCheckingAgent_LLM_judge_clp_chat,different_grid,episode_00022,Aborted,0
2552,matchit_ascii,NEW_FormatCheckingAgent_LLM_judge_clp_chat,different_grid,episode_00022,Success,0
2553,matchit_ascii,NEW_FormatCheckingAgent_LLM_judge_clp_chat,different_grid,episode_00022,Lose,1
2554,matchit_ascii,NEW_FormatCheckingAgent_LLM_judge_clp_chat,different_grid,episode_00022,Main Score,0
2555,matchit_ascii,NEW_FormatCheckingAgent_LLM_judge_clp_chat,different_grid,episode_00022,Player Score,0
2556,matchit_ascii,NEW_FormatCheckingAgent_LLM_judge_clp_chat,different_grid,episode_00023,Violated Request Count,1
2557,matchit_ascii,NEW_FormatCheckingAgent_LLM_judge_clp_chat,different_grid,episode_00023,Parsed Request Count,2
2558,matchit_ascii,NEW_FormatCheckingAgent_LLM_judge_clp_chat,different_grid,episode_00023,Request Count,3
2559,matchit_ascii,NEW_FormatCheckingAgent_LLM_judge_clp_chat,different_grid,episode_00023,Aborted,0
2560,matchit_ascii,NEW_FormatCheckingAgent_LLM_judge_clp_chat,different_grid,episode_00023,Success,0
2561,matchit_ascii,NEW_FormatCheckingAgent_LLM_judge_clp_chat,different_grid,episode_00023,Lose,1
2562,matchit_ascii,NEW_FormatCheckingAgent_LLM_judge_clp_chat,different_grid,episode_00023,Main Score,0
2563,matchit_ascii,NEW_FormatCheckingAgent_LLM_judge_clp_chat,different_grid,episode_00023,Player Score,0
2564,matchit_ascii,NEW_FormatCheckingAgent_LLM_judge_clp_chat,different_grid,episode_00024,Violated Request Count,1
2565,matchit_ascii,NEW_FormatCheckingAgent_LLM_judge_clp_chat,different_grid,episode_00024,Parsed Request Count,2
2566,matchit_ascii,NEW_FormatCheckingAgent_LLM_judge_clp_chat,different_grid,episode_00024,Request Count,3
2567,matchit_ascii,NEW_FormatCheckingAgent_LLM_judge_clp_chat,different_grid,episode_00024,Aborted,0
2568,matchit_ascii,NEW_FormatCheckingAgent_LLM_judge_clp_chat,different_grid,episode_00024,Success,0
2569,matchit_ascii,NEW_FormatCheckingAgent_LLM_judge_clp_chat,different_grid,episode_00024,Lose,1
2570,matchit_ascii,NEW_FormatCheckingAgent_LLM_judge_clp_chat,different_grid,episode_00024,Main Score,0
2571,matchit_ascii,NEW_FormatCheckingAgent_LLM_judge_clp_chat,different_grid,episode_00024,Player Score,0
2572,matchit_ascii,NEW_FormatCheckingAgent_LLM_judge_clp_chat,same_grid,episode_00001,Violated Request Count,1
2573,matchit_ascii,NEW_FormatCheckingAgent_LLM_judge_clp_chat,same_grid,episode_00001,Parsed Request Count,2
2574,matchit_ascii,NEW_FormatCheckingAgent_LLM_judge_clp_chat,same_grid,episode_00001,Request Count,3
2575,matchit_ascii,NEW_FormatCheckingAgent_LLM_judge_clp_chat,same_grid,episode_00001,Aborted,0
2576,matchit_ascii,NEW_FormatCheckingAgent_LLM_judge_clp_chat,same_grid,episode_00001,Success,0
2577,matchit_ascii,NEW_FormatCheckingAgent_LLM_judge_clp_chat,same_grid,episode_00001,Lose,1
2578,matchit_ascii,NEW_FormatCheckingAgent_LLM_judge_clp_chat,same_grid,episode_00001,Main Score,0
2579,matchit_ascii,NEW_FormatCheckingAgent_LLM_judge_clp_chat,same_grid,episode_00001,Player Score,0
2580,matchit_ascii,NEW_FormatCheckingAgent_LLM_judge_clp_chat,same_grid,episode_00002,Violated Request Count,1
2581,matchit_ascii,NEW_FormatCheckingAgent_LLM_judge_clp_chat,same_grid,episode_00002,Parsed Request Count,2
2582,matchit_ascii,NEW_FormatCheckingAgent_LLM_judge_clp_chat,same_grid,episode_00002,Request Count,3
2583,matchit_ascii,NEW_FormatCheckingAgent_LLM_judge_clp_chat,same_grid,episode_00002,Aborted,0
2584,matchit_ascii,NEW_FormatCheckingAgent_LLM_judge_clp_chat,same_grid,episode_00002,Success,0
2585,matchit_ascii,NEW_FormatCheckingAgent_LLM_judge_clp_chat,same_grid,episode_00002,Lose,1
2586,matchit_ascii,NEW_FormatCheckingAgent_LLM_judge_clp_chat,same_grid,episode_00002,Main Score,0
2587,matchit_ascii,NEW_FormatCheckingAgent_LLM_judge_clp_chat,same_grid,episode_00002,Player Score,0
2588,matchit_ascii,NEW_FormatCheckingAgent_LLM_judge_clp_chat,same_grid,episode_00003,Violated Request Count,1
2589,matchit_ascii,NEW_FormatCheckingAgent_LLM_judge_clp_chat,same_grid,episode_00003,Parsed Request Count,2
2590,matchit_ascii,NEW_FormatCheckingAgent_LLM_judge_clp_chat,same_grid,episode_00003,Request Count,3
2591,matchit_ascii,NEW_FormatCheckingAgent_LLM_judge_clp_chat,same_grid,episode_00003,Aborted,0
2592,matchit_ascii,NEW_FormatCheckingAgent_LLM_judge_clp_chat,same_grid,episode_00003,Success,0
2593,matchit_ascii,NEW_FormatCheckingAgent_LLM_judge_clp_chat,same_grid,episode_00003,Lose,1
2594,matchit_ascii,NEW_FormatCheckingAgent_LLM_judge_clp_chat,same_grid,episode_00003,Main Score,0
2595,matchit_ascii,NEW_FormatCheckingAgent_LLM_judge_clp_chat,same_grid,episode_00003,Player Score,0
2596,matchit_ascii,NEW_FormatCheckingAgent_LLM_judge_clp_chat,same_grid,episode_00004,Violated Request Count,1
2597,matchit_ascii,NEW_FormatCheckingAgent_LLM_judge_clp_chat,same_grid,episode_00004,Parsed Request Count,2
2598,matchit_ascii,NEW_FormatCheckingAgent_LLM_judge_clp_chat,same_grid,episode_00004,Request Count,3
2599,matchit_ascii,NEW_FormatCheckingAgent_LLM_judge_clp_chat,same_grid,episode_00004,Aborted,0
2600,matchit_ascii,NEW_FormatCheckingAgent_LLM_judge_clp_chat,same_grid,episode_00004,Success,0
2601,matchit_ascii,NEW_FormatCheckingAgent_LLM_judge_clp_chat,same_grid,episode_00004,Lose,1
2602,matchit_ascii,NEW_FormatCheckingAgent_LLM_judge_clp_chat,same_grid,episode_00004,Main Score,0
2603,matchit_ascii,NEW_FormatCheckingAgent_LLM_judge_clp_chat,same_grid,episode_00004,Player Score,0
2604,matchit_ascii,NEW_FormatCheckingAgent_LLM_judge_clp_chat,same_grid,episode_00005,Violated Request Count,1
2605,matchit_ascii,NEW_FormatCheckingAgent_LLM_judge_clp_chat,same_grid,episode_00005,Parsed Request Count,2
2606,matchit_ascii,NEW_FormatCheckingAgent_LLM_judge_clp_chat,same_grid,episode_00005,Request Count,3
2607,matchit_ascii,NEW_FormatCheckingAgent_LLM_judge_clp_chat,same_grid,episode_00005,Aborted,0
2608,matchit_ascii,NEW_FormatCheckingAgent_LLM_judge_clp_chat,same_grid,episode_00005,Success,0
2609,matchit_ascii,NEW_FormatCheckingAgent_LLM_judge_clp_chat,same_grid,episode_00005,Lose,1
2610,matchit_ascii,NEW_FormatCheckingAgent_LLM_judge_clp_chat,same_grid,episode_00005,Main Score,0
2611,matchit_ascii,NEW_FormatCheckingAgent_LLM_judge_clp_chat,same_grid,episode_00005,Player Score,0
2612,matchit_ascii,NEW_FormatCheckingAgent_LLM_judge_clp_chat,same_grid,episode_00006,Violated Request Count,1
2613,matchit_ascii,NEW_FormatCheckingAgent_LLM_judge_clp_chat,same_grid,episode_00006,Parsed Request Count,2
2614,matchit_ascii,NEW_FormatCheckingAgent_LLM_judge_clp_chat,same_grid,episode_00006,Request Count,3
2615,matchit_ascii,NEW_FormatCheckingAgent_LLM_judge_clp_chat,same_grid,episode_00006,Aborted,0
2616,matchit_ascii,NEW_FormatCheckingAgent_LLM_judge_clp_chat,same_grid,episode_00006,Success,0
2617,matchit_ascii,NEW_FormatCheckingAgent_LLM_judge_clp_chat,same_grid,episode_00006,Lose,1
2618,matchit_ascii,NEW_FormatCheckingAgent_LLM_judge_clp_chat,same_grid,episode_00006,Main Score,0
2619,matchit_ascii,NEW_FormatCheckingAgent_LLM_judge_clp_chat,same_grid,episode_00006,Player Score,0
2620,matchit_ascii,NEW_FormatCheckingAgent_LLM_judge_clp_chat,similar_grid_1,episode_00007,Violated Request Count,1
2621,matchit_ascii,NEW_FormatCheckingAgent_LLM_judge_clp_chat,similar_grid_1,episode_00007,Parsed Request Count,2
2622,matchit_ascii,NEW_FormatCheckingAgent_LLM_judge_clp_chat,similar_grid_1,episode_00007,Request Count,3
2623,matchit_ascii,NEW_FormatCheckingAgent_LLM_judge_clp_chat,similar_grid_1,episode_00007,Aborted,0
2624,matchit_ascii,NEW_FormatCheckingAgent_LLM_judge_clp_chat,similar_grid_1,episode_00007,Success,0
2625,matchit_ascii,NEW_FormatCheckingAgent_LLM_judge_clp_chat,similar_grid_1,episode_00007,Lose,1
2626,matchit_ascii,NEW_FormatCheckingAgent_LLM_judge_clp_chat,similar_grid_1,episode_00007,Main Score,0
2627,matchit_ascii,NEW_FormatCheckingAgent_LLM_judge_clp_chat,similar_grid_1,episode_00007,Player Score,0
2628,matchit_ascii,NEW_FormatCheckingAgent_LLM_judge_clp_chat,similar_grid_1,episode_00008,Violated Request Count,1
2629,matchit_ascii,NEW_FormatCheckingAgent_LLM_judge_clp_chat,similar_grid_1,episode_00008,Parsed Request Count,2
2630,matchit_ascii,NEW_FormatCheckingAgent_LLM_judge_clp_chat,similar_grid_1,episode_00008,Request Count,3
2631,matchit_ascii,NEW_FormatCheckingAgent_LLM_judge_clp_chat,similar_grid_1,episode_00008,Aborted,0
2632,matchit_ascii,NEW_FormatCheckingAgent_LLM_judge_clp_chat,similar_grid_1,episode_00008,Success,0
2633,matchit_ascii,NEW_FormatCheckingAgent_LLM_judge_clp_chat,similar_grid_1,episode_00008,Lose,1
2634,matchit_ascii,NEW_FormatCheckingAgent_LLM_judge_clp_chat,similar_grid_1,episode_00008,Main Score,0
2635,matchit_ascii,NEW_FormatCheckingAgent_LLM_judge_clp_chat,similar_grid_1,episode_00008,Player Score,0
2636,matchit_ascii,NEW_FormatCheckingAgent_LLM_judge_clp_chat,similar_grid_1,episode_00009,Violated Request Count,1
2637,matchit_ascii,NEW_FormatCheckingAgent_LLM_judge_clp_chat,similar_grid_1,episode_00009,Parsed Request Count,2
2638,matchit_ascii,NEW_FormatCheckingAgent_LLM_judge_clp_chat,similar_grid_1,episode_00009,Request Count,3
2639,matchit_ascii,NEW_FormatCheckingAgent_LLM_judge_clp_chat,similar_grid_1,episode_00009,Aborted,0
2640,matchit_ascii,NEW_FormatCheckingAgent_LLM_judge_clp_chat,similar_grid_1,episode_00009,Success,0
2641,matchit_ascii,NEW_FormatCheckingAgent_LLM_judge_clp_chat,similar_grid_1,episode_00009,Lose,1
2642,matchit_ascii,NEW_FormatCheckingAgent_LLM_judge_clp_chat,similar_grid_1,episode_00009,Main Score,0
2643,matchit_ascii,NEW_FormatCheckingAgent_LLM_judge_clp_chat,similar_grid_1,episode_00009,Player Score,0
2644,matchit_ascii,NEW_FormatCheckingAgent_LLM_judge_clp_chat,similar_grid_1,episode_00010,Violated Request Count,1
2645,matchit_ascii,NEW_FormatCheckingAgent_LLM_judge_clp_chat,similar_grid_1,episode_00010,Parsed Request Count,2
2646,matchit_ascii,NEW_FormatCheckingAgent_LLM_judge_clp_chat,similar_grid_1,episode_00010,Request Count,3
2647,matchit_ascii,NEW_FormatCheckingAgent_LLM_judge_clp_chat,similar_grid_1,episode_00010,Aborted,0
2648,matchit_ascii,NEW_FormatCheckingAgent_LLM_judge_clp_chat,similar_grid_1,episode_00010,Success,0
2649,matchit_ascii,NEW_FormatCheckingAgent_LLM_judge_clp_chat,similar_grid_1,episode_00010,Lose,1
2650,matchit_ascii,NEW_FormatCheckingAgent_LLM_judge_clp_chat,similar_grid_1,episode_00010,Main Score,0
2651,matchit_ascii,NEW_FormatCheckingAgent_LLM_judge_clp_chat,similar_grid_1,episode_00010,Player Score,0
2652,matchit_ascii,NEW_FormatCheckingAgent_LLM_judge_clp_chat,similar_grid_1,episode_00011,Violated Request Count,1
2653,matchit_ascii,NEW_FormatCheckingAgent_LLM_judge_clp_chat,similar_grid_1,episode_00011,Parsed Request Count,2
2654,matchit_ascii,NEW_FormatCheckingAgent_LLM_judge_clp_chat,similar_grid_1,episode_00011,Request Count,3
2655,matchit_ascii,NEW_FormatCheckingAgent_LLM_judge_clp_chat,similar_grid_1,episode_00011,Aborted,0
2656,matchit_ascii,NEW_FormatCheckingAgent_LLM_judge_clp_chat,similar_grid_1,episode_00011,Success,0
2657,matchit_ascii,NEW_FormatCheckingAgent_LLM_judge_clp_chat,similar_grid_1,episode_00011,Lose,1
2658,matchit_ascii,NEW_FormatCheckingAgent_LLM_judge_clp_chat,similar_grid_1,episode_00011,Main Score,0
2659,matchit_ascii,NEW_FormatCheckingAgent_LLM_judge_clp_chat,similar_grid_1,episode_00011,Player Score,0
2660,matchit_ascii,NEW_FormatCheckingAgent_LLM_judge_clp_chat,similar_grid_1,episode_00012,Violated Request Count,1
2661,matchit_ascii,NEW_FormatCheckingAgent_LLM_judge_clp_chat,similar_grid_1,episode_00012,Parsed Request Count,2
2662,matchit_ascii,NEW_FormatCheckingAgent_LLM_judge_clp_chat,similar_grid_1,episode_00012,Request Count,3
2663,matchit_ascii,NEW_FormatCheckingAgent_LLM_judge_clp_chat,similar_grid_1,episode_00012,Aborted,0
2664,matchit_ascii,NEW_FormatCheckingAgent_LLM_judge_clp_chat,similar_grid_1,episode_00012,Success,0
2665,matchit_ascii,NEW_FormatCheckingAgent_LLM_judge_clp_chat,similar_grid_1,episode_00012,Lose,1
2666,matchit_ascii,NEW_FormatCheckingAgent_LLM_judge_clp_chat,similar_grid_1,episode_00012,Main Score,0
2667,matchit_ascii,NEW_FormatCheckingAgent_LLM_judge_clp_chat,similar_grid_1,episode_00012,Player Score,0
2668,matchit_ascii,NEW_FormatCheckingAgent_LLM_judge_clp_chat,similar_grid_2,episode_00013,Violated Request Count,1
2669,matchit_ascii,NEW_FormatCheckingAgent_LLM_judge_clp_chat,similar_grid_2,episode_00013,Parsed Request Count,2
2670,matchit_ascii,NEW_FormatCheckingAgent_LLM_judge_clp_chat,similar_grid_2,episode_00013,Request Count,3
2671,matchit_ascii,NEW_FormatCheckingAgent_LLM_judge_clp_chat,similar_grid_2,episode_00013,Aborted,0
2672,matchit_ascii,NEW_FormatCheckingAgent_LLM_judge_clp_chat,similar_grid_2,episode_00013,Success,0
2673,matchit_ascii,NEW_FormatCheckingAgent_LLM_judge_clp_chat,similar_grid_2,episode_00013,Lose,1
2674,matchit_ascii,NEW_FormatCheckingAgent_LLM_judge_clp_chat,similar_grid_2,episode_00013,Main Score,0
2675,matchit_ascii,NEW_FormatCheckingAgent_LLM_judge_clp_chat,similar_grid_2,episode_00013,Player Score,0
2676,matchit_ascii,NEW_FormatCheckingAgent_LLM_judge_clp_chat,similar_grid_2,episode_00014,Violated Request Count,1
2677,matchit_ascii,NEW_FormatCheckingAgent_LLM_judge_clp_chat,similar_grid_2,episode_00014,Parsed Request Count,2
2678,matchit_ascii,NEW_FormatCheckingAgent_LLM_judge_clp_chat,similar_grid_2,episode_00014,Request Count,3
2679,matchit_ascii,NEW_FormatCheckingAgent_LLM_judge_clp_chat,similar_grid_2,episode_00014,Aborted,0
2680,matchit_ascii,NEW_FormatCheckingAgent_LLM_judge_clp_chat,similar_grid_2,episode_00014,Success,0
2681,matchit_ascii,NEW_FormatCheckingAgent_LLM_judge_clp_chat,similar_grid_2,episode_00014,Lose,1
2682,matchit_ascii,NEW_FormatCheckingAgent_LLM_judge_clp_chat,similar_grid_2,episode_00014,Main Score,0
2683,matchit_ascii,NEW_FormatCheckingAgent_LLM_judge_clp_chat,similar_grid_2,episode_00014,Player Score,0
2684,matchit_ascii,NEW_FormatCheckingAgent_LLM_judge_clp_chat,similar_grid_2,episode_00015,Violated Request Count,1
2685,matchit_ascii,NEW_FormatCheckingAgent_LLM_judge_clp_chat,similar_grid_2,episode_00015,Parsed Request Count,2
2686,matchit_ascii,NEW_FormatCheckingAgent_LLM_judge_clp_chat,similar_grid_2,episode_00015,Request Count,3
2687,matchit_ascii,NEW_FormatCheckingAgent_LLM_judge_clp_chat,similar_grid_2,episode_00015,Aborted,0
2688,matchit_ascii,NEW_FormatCheckingAgent_LLM_judge_clp_chat,similar_grid_2,episode_00015,Success,0
2689,matchit_ascii,NEW_FormatCheckingAgent_LLM_judge_clp_chat,similar_grid_2,episode_00015,Lose,1
2690,matchit_ascii,NEW_FormatCheckingAgent_LLM_judge_clp_chat,similar_grid_2,episode_00015,Main Score,0
2691,matchit_ascii,NEW_FormatCheckingAgent_LLM_judge_clp_chat,similar_grid_2,episode_00015,Player Score,0
2692,matchit_ascii,NEW_FormatCheckingAgent_LLM_judge_clp_chat,similar_grid_2,episode_00016,Violated Request Count,1
2693,matchit_ascii,NEW_FormatCheckingAgent_LLM_judge_clp_chat,similar_grid_2,episode_00016,Parsed Request Count,2
2694,matchit_ascii,NEW_FormatCheckingAgent_LLM_judge_clp_chat,similar_grid_2,episode_00016,Request Count,3
2695,matchit_ascii,NEW_FormatCheckingAgent_LLM_judge_clp_chat,similar_grid_2,episode_00016,Aborted,0
2696,matchit_ascii,NEW_FormatCheckingAgent_LLM_judge_clp_chat,similar_grid_2,episode_00016,Success,0
2697,matchit_ascii,NEW_FormatCheckingAgent_LLM_judge_clp_chat,similar_grid_2,episode_00016,Lose,1
2698,matchit_ascii,NEW_FormatCheckingAgent_LLM_judge_clp_chat,similar_grid_2,episode_00016,Main Score,0
2699,matchit_ascii,NEW_FormatCheckingAgent_LLM_judge_clp_chat,similar_grid_2,episode_00016,Player Score,0
2700,matchit_ascii,NEW_FormatCheckingAgent_LLM_judge_clp_chat,similar_grid_2,episode_00017,Violated Request Count,1
2701,matchit_ascii,NEW_FormatCheckingAgent_LLM_judge_clp_chat,similar_grid_2,episode_00017,Parsed Request Count,2
2702,matchit_ascii,NEW_FormatCheckingAgent_LLM_judge_clp_chat,similar_grid_2,episode_00017,Request Count,3
2703,matchit_ascii,NEW_FormatCheckingAgent_LLM_judge_clp_chat,similar_grid_2,episode_00017,Aborted,0
2704,matchit_ascii,NEW_FormatCheckingAgent_LLM_judge_clp_chat,similar_grid_2,episode_00017,Success,0
2705,matchit_ascii,NEW_FormatCheckingAgent_LLM_judge_clp_chat,similar_grid_2,episode_00017,Lose,1
2706,matchit_ascii,NEW_FormatCheckingAgent_LLM_judge_clp_chat,similar_grid_2,episode_00017,Main Score,0
2707,matchit_ascii,NEW_FormatCheckingAgent_LLM_judge_clp_chat,similar_grid_2,episode_00017,Player Score,0
2708,matchit_ascii,NEW_FormatCheckingAgent_LLM_judge_clp_chat,similar_grid_2,episode_00018,Violated Request Count,1
2709,matchit_ascii,NEW_FormatCheckingAgent_LLM_judge_clp_chat,similar_grid_2,episode_00018,Parsed Request Count,2
2710,matchit_ascii,NEW_FormatCheckingAgent_LLM_judge_clp_chat,similar_grid_2,episode_00018,Request Count,3
2711,matchit_ascii,NEW_FormatCheckingAgent_LLM_judge_clp_chat,similar_grid_2,episode_00018,Aborted,0
2712,matchit_ascii,NEW_FormatCheckingAgent_LLM_judge_clp_chat,similar_grid_2,episode_00018,Success,0
2713,matchit_ascii,NEW_FormatCheckingAgent_LLM_judge_clp_chat,similar_grid_2,episode_00018,Lose,1
2714,matchit_ascii,NEW_FormatCheckingAgent_LLM_judge_clp_chat,similar_grid_2,episode_00018,Main Score,0
2715,matchit_ascii,NEW_FormatCheckingAgent_LLM_judge_clp_chat,similar_grid_2,episode_00018,Player Score,0
2716,mm_mapworld,NEW_FormatCheckingAgent_LLM_judge_clp_chat,large,episode_00011,Aborted,1
2717,mm_mapworld,NEW_FormatCheckingAgent_LLM_judge_clp_chat,large,episode_00011,Success,
2718,mm_mapworld,NEW_FormatCheckingAgent_LLM_judge_clp_chat,large,episode_00011,Lose,
2719,mm_mapworld,NEW_FormatCheckingAgent_LLM_judge_clp_chat,large,episode_00011,moves,
2720,mm_mapworld,NEW_FormatCheckingAgent_LLM_judge_clp_chat,large,episode_00011,valid_moves,
2721,mm_mapworld,NEW_FormatCheckingAgent_LLM_judge_clp_chat,large,episode_00011,invalid_moves,
2722,mm_mapworld,NEW_FormatCheckingAgent_LLM_judge_clp_chat,large,episode_00011,visited,
2723,mm_mapworld,NEW_FormatCheckingAgent_LLM_judge_clp_chat,large,episode_00011,seen,
2724,mm_mapworld,NEW_FormatCheckingAgent_LLM_judge_clp_chat,large,episode_00011,effieciency,
2725,mm_mapworld,NEW_FormatCheckingAgent_LLM_judge_clp_chat,large,episode_00011,exploration,
2726,mm_mapworld,NEW_FormatCheckingAgent_LLM_judge_clp_chat,large,episode_00011,Main Score,
2727,mm_mapworld,NEW_FormatCheckingAgent_LLM_judge_clp_chat,large,episode_00012,Aborted,0
2728,mm_mapworld,NEW_FormatCheckingAgent_LLM_judge_clp_chat,large,episode_00012,Success,0
2729,mm_mapworld,NEW_FormatCheckingAgent_LLM_judge_clp_chat,large,episode_00012,Lose,1
2730,mm_mapworld,NEW_FormatCheckingAgent_LLM_judge_clp_chat,large,episode_00012,moves,12
2731,mm_mapworld,NEW_FormatCheckingAgent_LLM_judge_clp_chat,large,episode_00012,valid_moves,4
2732,mm_mapworld,NEW_FormatCheckingAgent_LLM_judge_clp_chat,large,episode_00012,invalid_moves,8
2733,mm_mapworld,NEW_FormatCheckingAgent_LLM_judge_clp_chat,large,episode_00012,visited,5
2734,mm_mapworld,NEW_FormatCheckingAgent_LLM_judge_clp_chat,large,episode_00012,seen,8
2735,mm_mapworld,NEW_FormatCheckingAgent_LLM_judge_clp_chat,large,episode_00012,effieciency,33.333333333333336
2736,mm_mapworld,NEW_FormatCheckingAgent_LLM_judge_clp_chat,large,episode_00012,exploration,62.5
2737,mm_mapworld,NEW_FormatCheckingAgent_LLM_judge_clp_chat,large,episode_00012,Main Score,43.47826086956522
2738,mm_mapworld,NEW_FormatCheckingAgent_LLM_judge_clp_chat,large,episode_00013,Aborted,1
2739,mm_mapworld,NEW_FormatCheckingAgent_LLM_judge_clp_chat,large,episode_00013,Success,
2740,mm_mapworld,NEW_FormatCheckingAgent_LLM_judge_clp_chat,large,episode_00013,Lose,
2741,mm_mapworld,NEW_FormatCheckingAgent_LLM_judge_clp_chat,large,episode_00013,moves,
2742,mm_mapworld,NEW_FormatCheckingAgent_LLM_judge_clp_chat,large,episode_00013,valid_moves,
2743,mm_mapworld,NEW_FormatCheckingAgent_LLM_judge_clp_chat,large,episode_00013,invalid_moves,
2744,mm_mapworld,NEW_FormatCheckingAgent_LLM_judge_clp_chat,large,episode_00013,visited,
2745,mm_mapworld,NEW_FormatCheckingAgent_LLM_judge_clp_chat,large,episode_00013,seen,
2746,mm_mapworld,NEW_FormatCheckingAgent_LLM_judge_clp_chat,large,episode_00013,effieciency,
2747,mm_mapworld,NEW_FormatCheckingAgent_LLM_judge_clp_chat,large,episode_00013,exploration,
2748,mm_mapworld,NEW_FormatCheckingAgent_LLM_judge_clp_chat,large,episode_00013,Main Score,
2749,mm_mapworld,NEW_FormatCheckingAgent_LLM_judge_clp_chat,large,episode_00014,Aborted,0
2750,mm_mapworld,NEW_FormatCheckingAgent_LLM_judge_clp_chat,large,episode_00014,Success,0
2751,mm_mapworld,NEW_FormatCheckingAgent_LLM_judge_clp_chat,large,episode_00014,Lose,1
2752,mm_mapworld,NEW_FormatCheckingAgent_LLM_judge_clp_chat,large,episode_00014,moves,8
2753,mm_mapworld,NEW_FormatCheckingAgent_LLM_judge_clp_chat,large,episode_00014,valid_moves,7
2754,mm_mapworld,NEW_FormatCheckingAgent_LLM_judge_clp_chat,large,episode_00014,invalid_moves,1
2755,mm_mapworld,NEW_FormatCheckingAgent_LLM_judge_clp_chat,large,episode_00014,visited,4
2756,mm_mapworld,NEW_FormatCheckingAgent_LLM_judge_clp_chat,large,episode_00014,seen,5
2757,mm_mapworld,NEW_FormatCheckingAgent_LLM_judge_clp_chat,large,episode_00014,effieciency,62.5
2758,mm_mapworld,NEW_FormatCheckingAgent_LLM_judge_clp_chat,large,episode_00014,exploration,50.0
2759,mm_mapworld,NEW_FormatCheckingAgent_LLM_judge_clp_chat,large,episode_00014,Main Score,55.55555555555556
2760,mm_mapworld,NEW_FormatCheckingAgent_LLM_judge_clp_chat,large,episode_00015,Aborted,0
2761,mm_mapworld,NEW_FormatCheckingAgent_LLM_judge_clp_chat,large,episode_00015,Success,0
2762,mm_mapworld,NEW_FormatCheckingAgent_LLM_judge_clp_chat,large,episode_00015,Lose,1
2763,mm_mapworld,NEW_FormatCheckingAgent_LLM_judge_clp_chat,large,episode_00015,moves,13
2764,mm_mapworld,NEW_FormatCheckingAgent_LLM_judge_clp_chat,large,episode_00015,valid_moves,11
2765,mm_mapworld,NEW_FormatCheckingAgent_LLM_judge_clp_chat,large,episode_00015,invalid_moves,2
2766,mm_mapworld,NEW_FormatCheckingAgent_LLM_judge_clp_chat,large,episode_00015,visited,4
2767,mm_mapworld,NEW_FormatCheckingAgent_LLM_judge_clp_chat,large,episode_00015,seen,6
2768,mm_mapworld,NEW_FormatCheckingAgent_LLM_judge_clp_chat,large,episode_00015,effieciency,53.84615384615385
2769,mm_mapworld,NEW_FormatCheckingAgent_LLM_judge_clp_chat,large,episode_00015,exploration,50.0
2770,mm_mapworld,NEW_FormatCheckingAgent_LLM_judge_clp_chat,large,episode_00015,Main Score,51.851851851851855
2771,mm_mapworld,NEW_FormatCheckingAgent_LLM_judge_clp_chat,large_cycle,episode_00021,Aborted,1
2772,mm_mapworld,NEW_FormatCheckingAgent_LLM_judge_clp_chat,large_cycle,episode_00021,Success,
2773,mm_mapworld,NEW_FormatCheckingAgent_LLM_judge_clp_chat,large_cycle,episode_00021,Lose,
2774,mm_mapworld,NEW_FormatCheckingAgent_LLM_judge_clp_chat,large_cycle,episode_00021,moves,
2775,mm_mapworld,NEW_FormatCheckingAgent_LLM_judge_clp_chat,large_cycle,episode_00021,valid_moves,
2776,mm_mapworld,NEW_FormatCheckingAgent_LLM_judge_clp_chat,large_cycle,episode_00021,invalid_moves,
2777,mm_mapworld,NEW_FormatCheckingAgent_LLM_judge_clp_chat,large_cycle,episode_00021,visited,
2778,mm_mapworld,NEW_FormatCheckingAgent_LLM_judge_clp_chat,large_cycle,episode_00021,seen,
2779,mm_mapworld,NEW_FormatCheckingAgent_LLM_judge_clp_chat,large_cycle,episode_00021,effieciency,
2780,mm_mapworld,NEW_FormatCheckingAgent_LLM_judge_clp_chat,large_cycle,episode_00021,exploration,
2781,mm_mapworld,NEW_FormatCheckingAgent_LLM_judge_clp_chat,large_cycle,episode_00021,Main Score,
2782,mm_mapworld,NEW_FormatCheckingAgent_LLM_judge_clp_chat,large_cycle,episode_00022,Aborted,1
2783,mm_mapworld,NEW_FormatCheckingAgent_LLM_judge_clp_chat,large_cycle,episode_00022,Success,
2784,mm_mapworld,NEW_FormatCheckingAgent_LLM_judge_clp_chat,large_cycle,episode_00022,Lose,
2785,mm_mapworld,NEW_FormatCheckingAgent_LLM_judge_clp_chat,large_cycle,episode_00022,moves,
2786,mm_mapworld,NEW_FormatCheckingAgent_LLM_judge_clp_chat,large_cycle,episode_00022,valid_moves,
2787,mm_mapworld,NEW_FormatCheckingAgent_LLM_judge_clp_chat,large_cycle,episode_00022,invalid_moves,
2788,mm_mapworld,NEW_FormatCheckingAgent_LLM_judge_clp_chat,large_cycle,episode_00022,visited,
2789,mm_mapworld,NEW_FormatCheckingAgent_LLM_judge_clp_chat,large_cycle,episode_00022,seen,
2790,mm_mapworld,NEW_FormatCheckingAgent_LLM_judge_clp_chat,large_cycle,episode_00022,effieciency,
2791,mm_mapworld,NEW_FormatCheckingAgent_LLM_judge_clp_chat,large_cycle,episode_00022,exploration,
2792,mm_mapworld,NEW_FormatCheckingAgent_LLM_judge_clp_chat,large_cycle,episode_00022,Main Score,
2793,mm_mapworld,NEW_FormatCheckingAgent_LLM_judge_clp_chat,large_cycle,episode_00023,Aborted,1
2794,mm_mapworld,NEW_FormatCheckingAgent_LLM_judge_clp_chat,large_cycle,episode_00023,Success,
2795,mm_mapworld,NEW_FormatCheckingAgent_LLM_judge_clp_chat,large_cycle,episode_00023,Lose,
2796,mm_mapworld,NEW_FormatCheckingAgent_LLM_judge_clp_chat,large_cycle,episode_00023,moves,
2797,mm_mapworld,NEW_FormatCheckingAgent_LLM_judge_clp_chat,large_cycle,episode_00023,valid_moves,
2798,mm_mapworld,NEW_FormatCheckingAgent_LLM_judge_clp_chat,large_cycle,episode_00023,invalid_moves,
2799,mm_mapworld,NEW_FormatCheckingAgent_LLM_judge_clp_chat,large_cycle,episode_00023,visited,
2800,mm_mapworld,NEW_FormatCheckingAgent_LLM_judge_clp_chat,large_cycle,episode_00023,seen,
2801,mm_mapworld,NEW_FormatCheckingAgent_LLM_judge_clp_chat,large_cycle,episode_00023,effieciency,
2802,mm_mapworld,NEW_FormatCheckingAgent_LLM_judge_clp_chat,large_cycle,episode_00023,exploration,
2803,mm_mapworld,NEW_FormatCheckingAgent_LLM_judge_clp_chat,large_cycle,episode_00023,Main Score,
2804,mm_mapworld,NEW_FormatCheckingAgent_LLM_judge_clp_chat,large_cycle,episode_00024,Aborted,1
2805,mm_mapworld,NEW_FormatCheckingAgent_LLM_judge_clp_chat,large_cycle,episode_00024,Success,
2806,mm_mapworld,NEW_FormatCheckingAgent_LLM_judge_clp_chat,large_cycle,episode_00024,Lose,
2807,mm_mapworld,NEW_FormatCheckingAgent_LLM_judge_clp_chat,large_cycle,episode_00024,moves,
2808,mm_mapworld,NEW_FormatCheckingAgent_LLM_judge_clp_chat,large_cycle,episode_00024,valid_moves,
2809,mm_mapworld,NEW_FormatCheckingAgent_LLM_judge_clp_chat,large_cycle,episode_00024,invalid_moves,
2810,mm_mapworld,NEW_FormatCheckingAgent_LLM_judge_clp_chat,large_cycle,episode_00024,visited,
2811,mm_mapworld,NEW_FormatCheckingAgent_LLM_judge_clp_chat,large_cycle,episode_00024,seen,
2812,mm_mapworld,NEW_FormatCheckingAgent_LLM_judge_clp_chat,large_cycle,episode_00024,effieciency,
2813,mm_mapworld,NEW_FormatCheckingAgent_LLM_judge_clp_chat,large_cycle,episode_00024,exploration,
2814,mm_mapworld,NEW_FormatCheckingAgent_LLM_judge_clp_chat,large_cycle,episode_00024,Main Score,
2815,mm_mapworld,NEW_FormatCheckingAgent_LLM_judge_clp_chat,large_cycle,episode_00025,Aborted,1
2816,mm_mapworld,NEW_FormatCheckingAgent_LLM_judge_clp_chat,large_cycle,episode_00025,Success,
2817,mm_mapworld,NEW_FormatCheckingAgent_LLM_judge_clp_chat,large_cycle,episode_00025,Lose,
2818,mm_mapworld,NEW_FormatCheckingAgent_LLM_judge_clp_chat,large_cycle,episode_00025,moves,
2819,mm_mapworld,NEW_FormatCheckingAgent_LLM_judge_clp_chat,large_cycle,episode_00025,valid_moves,
2820,mm_mapworld,NEW_FormatCheckingAgent_LLM_judge_clp_chat,large_cycle,episode_00025,invalid_moves,
2821,mm_mapworld,NEW_FormatCheckingAgent_LLM_judge_clp_chat,large_cycle,episode_00025,visited,
2822,mm_mapworld,NEW_FormatCheckingAgent_LLM_judge_clp_chat,large_cycle,episode_00025,seen,
2823,mm_mapworld,NEW_FormatCheckingAgent_LLM_judge_clp_chat,large_cycle,episode_00025,effieciency,
2824,mm_mapworld,NEW_FormatCheckingAgent_LLM_judge_clp_chat,large_cycle,episode_00025,exploration,
2825,mm_mapworld,NEW_FormatCheckingAgent_LLM_judge_clp_chat,large_cycle,episode_00025,Main Score,
2826,mm_mapworld,NEW_FormatCheckingAgent_LLM_judge_clp_chat,medium,episode_00006,Aborted,1
2827,mm_mapworld,NEW_FormatCheckingAgent_LLM_judge_clp_chat,medium,episode_00006,Success,
2828,mm_mapworld,NEW_FormatCheckingAgent_LLM_judge_clp_chat,medium,episode_00006,Lose,
2829,mm_mapworld,NEW_FormatCheckingAgent_LLM_judge_clp_chat,medium,episode_00006,moves,
2830,mm_mapworld,NEW_FormatCheckingAgent_LLM_judge_clp_chat,medium,episode_00006,valid_moves,
2831,mm_mapworld,NEW_FormatCheckingAgent_LLM_judge_clp_chat,medium,episode_00006,invalid_moves,
2832,mm_mapworld,NEW_FormatCheckingAgent_LLM_judge_clp_chat,medium,episode_00006,visited,
2833,mm_mapworld,NEW_FormatCheckingAgent_LLM_judge_clp_chat,medium,episode_00006,seen,
2834,mm_mapworld,NEW_FormatCheckingAgent_LLM_judge_clp_chat,medium,episode_00006,effieciency,
2835,mm_mapworld,NEW_FormatCheckingAgent_LLM_judge_clp_chat,medium,episode_00006,exploration,
2836,mm_mapworld,NEW_FormatCheckingAgent_LLM_judge_clp_chat,medium,episode_00006,Main Score,
2837,mm_mapworld,NEW_FormatCheckingAgent_LLM_judge_clp_chat,medium,episode_00007,Aborted,1
2838,mm_mapworld,NEW_FormatCheckingAgent_LLM_judge_clp_chat,medium,episode_00007,Success,
2839,mm_mapworld,NEW_FormatCheckingAgent_LLM_judge_clp_chat,medium,episode_00007,Lose,
2840,mm_mapworld,NEW_FormatCheckingAgent_LLM_judge_clp_chat,medium,episode_00007,moves,
2841,mm_mapworld,NEW_FormatCheckingAgent_LLM_judge_clp_chat,medium,episode_00007,valid_moves,
2842,mm_mapworld,NEW_FormatCheckingAgent_LLM_judge_clp_chat,medium,episode_00007,invalid_moves,
2843,mm_mapworld,NEW_FormatCheckingAgent_LLM_judge_clp_chat,medium,episode_00007,visited,
2844,mm_mapworld,NEW_FormatCheckingAgent_LLM_judge_clp_chat,medium,episode_00007,seen,
2845,mm_mapworld,NEW_FormatCheckingAgent_LLM_judge_clp_chat,medium,episode_00007,effieciency,
2846,mm_mapworld,NEW_FormatCheckingAgent_LLM_judge_clp_chat,medium,episode_00007,exploration,
2847,mm_mapworld,NEW_FormatCheckingAgent_LLM_judge_clp_chat,medium,episode_00007,Main Score,
2848,mm_mapworld,NEW_FormatCheckingAgent_LLM_judge_clp_chat,medium,episode_00008,Aborted,1
2849,mm_mapworld,NEW_FormatCheckingAgent_LLM_judge_clp_chat,medium,episode_00008,Success,
2850,mm_mapworld,NEW_FormatCheckingAgent_LLM_judge_clp_chat,medium,episode_00008,Lose,
2851,mm_mapworld,NEW_FormatCheckingAgent_LLM_judge_clp_chat,medium,episode_00008,moves,
2852,mm_mapworld,NEW_FormatCheckingAgent_LLM_judge_clp_chat,medium,episode_00008,valid_moves,
2853,mm_mapworld,NEW_FormatCheckingAgent_LLM_judge_clp_chat,medium,episode_00008,invalid_moves,
2854,mm_mapworld,NEW_FormatCheckingAgent_LLM_judge_clp_chat,medium,episode_00008,visited,
2855,mm_mapworld,NEW_FormatCheckingAgent_LLM_judge_clp_chat,medium,episode_00008,seen,
2856,mm_mapworld,NEW_FormatCheckingAgent_LLM_judge_clp_chat,medium,episode_00008,effieciency,
2857,mm_mapworld,NEW_FormatCheckingAgent_LLM_judge_clp_chat,medium,episode_00008,exploration,
2858,mm_mapworld,NEW_FormatCheckingAgent_LLM_judge_clp_chat,medium,episode_00008,Main Score,
2859,mm_mapworld,NEW_FormatCheckingAgent_LLM_judge_clp_chat,medium,episode_00009,Aborted,1
2860,mm_mapworld,NEW_FormatCheckingAgent_LLM_judge_clp_chat,medium,episode_00009,Success,
2861,mm_mapworld,NEW_FormatCheckingAgent_LLM_judge_clp_chat,medium,episode_00009,Lose,
2862,mm_mapworld,NEW_FormatCheckingAgent_LLM_judge_clp_chat,medium,episode_00009,moves,
2863,mm_mapworld,NEW_FormatCheckingAgent_LLM_judge_clp_chat,medium,episode_00009,valid_moves,
2864,mm_mapworld,NEW_FormatCheckingAgent_LLM_judge_clp_chat,medium,episode_00009,invalid_moves,
2865,mm_mapworld,NEW_FormatCheckingAgent_LLM_judge_clp_chat,medium,episode_00009,visited,
2866,mm_mapworld,NEW_FormatCheckingAgent_LLM_judge_clp_chat,medium,episode_00009,seen,
2867,mm_mapworld,NEW_FormatCheckingAgent_LLM_judge_clp_chat,medium,episode_00009,effieciency,
2868,mm_mapworld,NEW_FormatCheckingAgent_LLM_judge_clp_chat,medium,episode_00009,exploration,
2869,mm_mapworld,NEW_FormatCheckingAgent_LLM_judge_clp_chat,medium,episode_00009,Main Score,
2870,mm_mapworld,NEW_FormatCheckingAgent_LLM_judge_clp_chat,medium,episode_00010,Aborted,1
2871,mm_mapworld,NEW_FormatCheckingAgent_LLM_judge_clp_chat,medium,episode_00010,Success,
2872,mm_mapworld,NEW_FormatCheckingAgent_LLM_judge_clp_chat,medium,episode_00010,Lose,
2873,mm_mapworld,NEW_FormatCheckingAgent_LLM_judge_clp_chat,medium,episode_00010,moves,
2874,mm_mapworld,NEW_FormatCheckingAgent_LLM_judge_clp_chat,medium,episode_00010,valid_moves,
2875,mm_mapworld,NEW_FormatCheckingAgent_LLM_judge_clp_chat,medium,episode_00010,invalid_moves,
2876,mm_mapworld,NEW_FormatCheckingAgent_LLM_judge_clp_chat,medium,episode_00010,visited,
2877,mm_mapworld,NEW_FormatCheckingAgent_LLM_judge_clp_chat,medium,episode_00010,seen,
2878,mm_mapworld,NEW_FormatCheckingAgent_LLM_judge_clp_chat,medium,episode_00010,effieciency,
2879,mm_mapworld,NEW_FormatCheckingAgent_LLM_judge_clp_chat,medium,episode_00010,exploration,
2880,mm_mapworld,NEW_FormatCheckingAgent_LLM_judge_clp_chat,medium,episode_00010,Main Score,
2881,mm_mapworld,NEW_FormatCheckingAgent_LLM_judge_clp_chat,medium_cycle,episode_00016,Aborted,0
2882,mm_mapworld,NEW_FormatCheckingAgent_LLM_judge_clp_chat,medium_cycle,episode_00016,Success,0
2883,mm_mapworld,NEW_FormatCheckingAgent_LLM_judge_clp_chat,medium_cycle,episode_00016,Lose,1
2884,mm_mapworld,NEW_FormatCheckingAgent_LLM_judge_clp_chat,medium_cycle,episode_00016,moves,12
2885,mm_mapworld,NEW_FormatCheckingAgent_LLM_judge_clp_chat,medium_cycle,episode_00016,valid_moves,10
2886,mm_mapworld,NEW_FormatCheckingAgent_LLM_judge_clp_chat,medium_cycle,episode_00016,invalid_moves,2
2887,mm_mapworld,NEW_FormatCheckingAgent_LLM_judge_clp_chat,medium_cycle,episode_00016,visited,5
2888,mm_mapworld,NEW_FormatCheckingAgent_LLM_judge_clp_chat,medium_cycle,episode_00016,seen,6
2889,mm_mapworld,NEW_FormatCheckingAgent_LLM_judge_clp_chat,medium_cycle,episode_00016,effieciency,58.333333333333336
2890,mm_mapworld,NEW_FormatCheckingAgent_LLM_judge_clp_chat,medium_cycle,episode_00016,exploration,83.33333333333333
2891,mm_mapworld,NEW_FormatCheckingAgent_LLM_judge_clp_chat,medium_cycle,episode_00016,Main Score,68.62745098039217
2892,mm_mapworld,NEW_FormatCheckingAgent_LLM_judge_clp_chat,medium_cycle,episode_00017,Aborted,1
2893,mm_mapworld,NEW_FormatCheckingAgent_LLM_judge_clp_chat,medium_cycle,episode_00017,Success,
2894,mm_mapworld,NEW_FormatCheckingAgent_LLM_judge_clp_chat,medium_cycle,episode_00017,Lose,
2895,mm_mapworld,NEW_FormatCheckingAgent_LLM_judge_clp_chat,medium_cycle,episode_00017,moves,
2896,mm_mapworld,NEW_FormatCheckingAgent_LLM_judge_clp_chat,medium_cycle,episode_00017,valid_moves,
2897,mm_mapworld,NEW_FormatCheckingAgent_LLM_judge_clp_chat,medium_cycle,episode_00017,invalid_moves,
2898,mm_mapworld,NEW_FormatCheckingAgent_LLM_judge_clp_chat,medium_cycle,episode_00017,visited,
2899,mm_mapworld,NEW_FormatCheckingAgent_LLM_judge_clp_chat,medium_cycle,episode_00017,seen,
2900,mm_mapworld,NEW_FormatCheckingAgent_LLM_judge_clp_chat,medium_cycle,episode_00017,effieciency,
2901,mm_mapworld,NEW_FormatCheckingAgent_LLM_judge_clp_chat,medium_cycle,episode_00017,exploration,
2902,mm_mapworld,NEW_FormatCheckingAgent_LLM_judge_clp_chat,medium_cycle,episode_00017,Main Score,
2903,mm_mapworld,NEW_FormatCheckingAgent_LLM_judge_clp_chat,medium_cycle,episode_00018,Aborted,1
2904,mm_mapworld,NEW_FormatCheckingAgent_LLM_judge_clp_chat,medium_cycle,episode_00018,Success,
2905,mm_mapworld,NEW_FormatCheckingAgent_LLM_judge_clp_chat,medium_cycle,episode_00018,Lose,
2906,mm_mapworld,NEW_FormatCheckingAgent_LLM_judge_clp_chat,medium_cycle,episode_00018,moves,
2907,mm_mapworld,NEW_FormatCheckingAgent_LLM_judge_clp_chat,medium_cycle,episode_00018,valid_moves,
2908,mm_mapworld,NEW_FormatCheckingAgent_LLM_judge_clp_chat,medium_cycle,episode_00018,invalid_moves,
2909,mm_mapworld,NEW_FormatCheckingAgent_LLM_judge_clp_chat,medium_cycle,episode_00018,visited,
2910,mm_mapworld,NEW_FormatCheckingAgent_LLM_judge_clp_chat,medium_cycle,episode_00018,seen,
2911,mm_mapworld,NEW_FormatCheckingAgent_LLM_judge_clp_chat,medium_cycle,episode_00018,effieciency,
2912,mm_mapworld,NEW_FormatCheckingAgent_LLM_judge_clp_chat,medium_cycle,episode_00018,exploration,
2913,mm_mapworld,NEW_FormatCheckingAgent_LLM_judge_clp_chat,medium_cycle,episode_00018,Main Score,
2914,mm_mapworld,NEW_FormatCheckingAgent_LLM_judge_clp_chat,medium_cycle,episode_00019,Aborted,1
2915,mm_mapworld,NEW_FormatCheckingAgent_LLM_judge_clp_chat,medium_cycle,episode_00019,Success,
2916,mm_mapworld,NEW_FormatCheckingAgent_LLM_judge_clp_chat,medium_cycle,episode_00019,Lose,
2917,mm_mapworld,NEW_FormatCheckingAgent_LLM_judge_clp_chat,medium_cycle,episode_00019,moves,
2918,mm_mapworld,NEW_FormatCheckingAgent_LLM_judge_clp_chat,medium_cycle,episode_00019,valid_moves,
2919,mm_mapworld,NEW_FormatCheckingAgent_LLM_judge_clp_chat,medium_cycle,episode_00019,invalid_moves,
2920,mm_mapworld,NEW_FormatCheckingAgent_LLM_judge_clp_chat,medium_cycle,episode_00019,visited,
2921,mm_mapworld,NEW_FormatCheckingAgent_LLM_judge_clp_chat,medium_cycle,episode_00019,seen,
2922,mm_mapworld,NEW_FormatCheckingAgent_LLM_judge_clp_chat,medium_cycle,episode_00019,effieciency,
2923,mm_mapworld,NEW_FormatCheckingAgent_LLM_judge_clp_chat,medium_cycle,episode_00019,exploration,
2924,mm_mapworld,NEW_FormatCheckingAgent_LLM_judge_clp_chat,medium_cycle,episode_00019,Main Score,
2925,mm_mapworld,NEW_FormatCheckingAgent_LLM_judge_clp_chat,medium_cycle,episode_00020,Aborted,0
2926,mm_mapworld,NEW_FormatCheckingAgent_LLM_judge_clp_chat,medium_cycle,episode_00020,Success,0
2927,mm_mapworld,NEW_FormatCheckingAgent_LLM_judge_clp_chat,medium_cycle,episode_00020,Lose,1
2928,mm_mapworld,NEW_FormatCheckingAgent_LLM_judge_clp_chat,medium_cycle,episode_00020,moves,14
2929,mm_mapworld,NEW_FormatCheckingAgent_LLM_judge_clp_chat,medium_cycle,episode_00020,valid_moves,11
2930,mm_mapworld,NEW_FormatCheckingAgent_LLM_judge_clp_chat,medium_cycle,episode_00020,invalid_moves,3
2931,mm_mapworld,NEW_FormatCheckingAgent_LLM_judge_clp_chat,medium_cycle,episode_00020,visited,4
2932,mm_mapworld,NEW_FormatCheckingAgent_LLM_judge_clp_chat,medium_cycle,episode_00020,seen,5
2933,mm_mapworld,NEW_FormatCheckingAgent_LLM_judge_clp_chat,medium_cycle,episode_00020,effieciency,50.0
2934,mm_mapworld,NEW_FormatCheckingAgent_LLM_judge_clp_chat,medium_cycle,episode_00020,exploration,66.66666666666667
2935,mm_mapworld,NEW_FormatCheckingAgent_LLM_judge_clp_chat,medium_cycle,episode_00020,Main Score,57.142857142857146
2936,mm_mapworld,NEW_FormatCheckingAgent_LLM_judge_clp_chat,small,episode_00001,Aborted,0
2937,mm_mapworld,NEW_FormatCheckingAgent_LLM_judge_clp_chat,small,episode_00001,Success,0
2938,mm_mapworld,NEW_FormatCheckingAgent_LLM_judge_clp_chat,small,episode_00001,Lose,1
2939,mm_mapworld,NEW_FormatCheckingAgent_LLM_judge_clp_chat,small,episode_00001,moves,14
2940,mm_mapworld,NEW_FormatCheckingAgent_LLM_judge_clp_chat,small,episode_00001,valid_moves,6
2941,mm_mapworld,NEW_FormatCheckingAgent_LLM_judge_clp_chat,small,episode_00001,invalid_moves,8
2942,mm_mapworld,NEW_FormatCheckingAgent_LLM_judge_clp_chat,small,episode_00001,visited,3
2943,mm_mapworld,NEW_FormatCheckingAgent_LLM_judge_clp_chat,small,episode_00001,seen,4
2944,mm_mapworld,NEW_FormatCheckingAgent_LLM_judge_clp_chat,small,episode_00001,effieciency,28.571428571428573
2945,mm_mapworld,NEW_FormatCheckingAgent_LLM_judge_clp_chat,small,episode_00001,exploration,75.0
2946,mm_mapworld,NEW_FormatCheckingAgent_LLM_judge_clp_chat,small,episode_00001,Main Score,41.379310344827594
2947,mm_mapworld,NEW_FormatCheckingAgent_LLM_judge_clp_chat,small,episode_00002,Aborted,0
2948,mm_mapworld,NEW_FormatCheckingAgent_LLM_judge_clp_chat,small,episode_00002,Success,1
2949,mm_mapworld,NEW_FormatCheckingAgent_LLM_judge_clp_chat,small,episode_00002,Lose,0
2950,mm_mapworld,NEW_FormatCheckingAgent_LLM_judge_clp_chat,small,episode_00002,moves,13
2951,mm_mapworld,NEW_FormatCheckingAgent_LLM_judge_clp_chat,small,episode_00002,valid_moves,9
2952,mm_mapworld,NEW_FormatCheckingAgent_LLM_judge_clp_chat,small,episode_00002,invalid_moves,4
2953,mm_mapworld,NEW_FormatCheckingAgent_LLM_judge_clp_chat,small,episode_00002,visited,4
2954,mm_mapworld,NEW_FormatCheckingAgent_LLM_judge_clp_chat,small,episode_00002,seen,4
2955,mm_mapworld,NEW_FormatCheckingAgent_LLM_judge_clp_chat,small,episode_00002,effieciency,23.076923076923077
2956,mm_mapworld,NEW_FormatCheckingAgent_LLM_judge_clp_chat,small,episode_00002,exploration,100.0
2957,mm_mapworld,NEW_FormatCheckingAgent_LLM_judge_clp_chat,small,episode_00002,Main Score,37.5
2958,mm_mapworld,NEW_FormatCheckingAgent_LLM_judge_clp_chat,small,episode_00003,Aborted,1
2959,mm_mapworld,NEW_FormatCheckingAgent_LLM_judge_clp_chat,small,episode_00003,Success,
2960,mm_mapworld,NEW_FormatCheckingAgent_LLM_judge_clp_chat,small,episode_00003,Lose,
2961,mm_mapworld,NEW_FormatCheckingAgent_LLM_judge_clp_chat,small,episode_00003,moves,
2962,mm_mapworld,NEW_FormatCheckingAgent_LLM_judge_clp_chat,small,episode_00003,valid_moves,
2963,mm_mapworld,NEW_FormatCheckingAgent_LLM_judge_clp_chat,small,episode_00003,invalid_moves,
2964,mm_mapworld,NEW_FormatCheckingAgent_LLM_judge_clp_chat,small,episode_00003,visited,
2965,mm_mapworld,NEW_FormatCheckingAgent_LLM_judge_clp_chat,small,episode_00003,seen,
2966,mm_mapworld,NEW_FormatCheckingAgent_LLM_judge_clp_chat,small,episode_00003,effieciency,
2967,mm_mapworld,NEW_FormatCheckingAgent_LLM_judge_clp_chat,small,episode_00003,exploration,
2968,mm_mapworld,NEW_FormatCheckingAgent_LLM_judge_clp_chat,small,episode_00003,Main Score,
2969,mm_mapworld,NEW_FormatCheckingAgent_LLM_judge_clp_chat,small,episode_00004,Aborted,1
2970,mm_mapworld,NEW_FormatCheckingAgent_LLM_judge_clp_chat,small,episode_00004,Success,
2971,mm_mapworld,NEW_FormatCheckingAgent_LLM_judge_clp_chat,small,episode_00004,Lose,
2972,mm_mapworld,NEW_FormatCheckingAgent_LLM_judge_clp_chat,small,episode_00004,moves,
2973,mm_mapworld,NEW_FormatCheckingAgent_LLM_judge_clp_chat,small,episode_00004,valid_moves,
2974,mm_mapworld,NEW_FormatCheckingAgent_LLM_judge_clp_chat,small,episode_00004,invalid_moves,
2975,mm_mapworld,NEW_FormatCheckingAgent_LLM_judge_clp_chat,small,episode_00004,visited,
2976,mm_mapworld,NEW_FormatCheckingAgent_LLM_judge_clp_chat,small,episode_00004,seen,
2977,mm_mapworld,NEW_FormatCheckingAgent_LLM_judge_clp_chat,small,episode_00004,effieciency,
2978,mm_mapworld,NEW_FormatCheckingAgent_LLM_judge_clp_chat,small,episode_00004,exploration,
2979,mm_mapworld,NEW_FormatCheckingAgent_LLM_judge_clp_chat,small,episode_00004,Main Score,
2980,mm_mapworld,NEW_FormatCheckingAgent_LLM_judge_clp_chat,small,episode_00005,Aborted,1
2981,mm_mapworld,NEW_FormatCheckingAgent_LLM_judge_clp_chat,small,episode_00005,Success,
2982,mm_mapworld,NEW_FormatCheckingAgent_LLM_judge_clp_chat,small,episode_00005,Lose,
2983,mm_mapworld,NEW_FormatCheckingAgent_LLM_judge_clp_chat,small,episode_00005,moves,
2984,mm_mapworld,NEW_FormatCheckingAgent_LLM_judge_clp_chat,small,episode_00005,valid_moves,
2985,mm_mapworld,NEW_FormatCheckingAgent_LLM_judge_clp_chat,small,episode_00005,invalid_moves,
2986,mm_mapworld,NEW_FormatCheckingAgent_LLM_judge_clp_chat,small,episode_00005,visited,
2987,mm_mapworld,NEW_FormatCheckingAgent_LLM_judge_clp_chat,small,episode_00005,seen,
2988,mm_mapworld,NEW_FormatCheckingAgent_LLM_judge_clp_chat,small,episode_00005,effieciency,
2989,mm_mapworld,NEW_FormatCheckingAgent_LLM_judge_clp_chat,small,episode_00005,exploration,
2990,mm_mapworld,NEW_FormatCheckingAgent_LLM_judge_clp_chat,small,episode_00005,Main Score,
2991,multimodal_referencegame,NEW_FormatCheckingAgent_LLM_judge_clp_chat,CLEVR_images,episode_00015,Generated Expression Length,54
2992,multimodal_referencegame,NEW_FormatCheckingAgent_LLM_judge_clp_chat,CLEVR_images,episode_00015,Generated Expression Number of Tokens,10
2993,multimodal_referencegame,NEW_FormatCheckingAgent_LLM_judge_clp_chat,CLEVR_images,episode_00015,Aborted at Player 1,0
2994,multimodal_referencegame,NEW_FormatCheckingAgent_LLM_judge_clp_chat,CLEVR_images,episode_00015,Aborted at Player 2,0
2995,multimodal_referencegame,NEW_FormatCheckingAgent_LLM_judge_clp_chat,CLEVR_images,episode_00015,Request Count,2
2996,multimodal_referencegame,NEW_FormatCheckingAgent_LLM_judge_clp_chat,CLEVR_images,episode_00015,Parsed Request Count,2
2997,multimodal_referencegame,NEW_FormatCheckingAgent_LLM_judge_clp_chat,CLEVR_images,episode_00015,Violated Request Count,0
2998,multimodal_referencegame,NEW_FormatCheckingAgent_LLM_judge_clp_chat,CLEVR_images,episode_00015,Aborted,0
2999,multimodal_referencegame,NEW_FormatCheckingAgent_LLM_judge_clp_chat,CLEVR_images,episode_00015,Success,1
3000,multimodal_referencegame,NEW_FormatCheckingAgent_LLM_judge_clp_chat,CLEVR_images,episode_00015,Lose,0
3001,multimodal_referencegame,NEW_FormatCheckingAgent_LLM_judge_clp_chat,CLEVR_images,episode_00015,Main Score,100
3002,multimodal_referencegame,NEW_FormatCheckingAgent_LLM_judge_clp_chat,CLEVR_images,episode_00015,Request Success Ratio,1.0
3003,multimodal_referencegame,NEW_FormatCheckingAgent_LLM_judge_clp_chat,CLEVR_images,episode_00016,Generated Expression Length,113
3004,multimodal_referencegame,NEW_FormatCheckingAgent_LLM_judge_clp_chat,CLEVR_images,episode_00016,Generated Expression Number of Tokens,22
3005,multimodal_referencegame,NEW_FormatCheckingAgent_LLM_judge_clp_chat,CLEVR_images,episode_00016,Aborted at Player 1,0
3006,multimodal_referencegame,NEW_FormatCheckingAgent_LLM_judge_clp_chat,CLEVR_images,episode_00016,Aborted at Player 2,0
3007,multimodal_referencegame,NEW_FormatCheckingAgent_LLM_judge_clp_chat,CLEVR_images,episode_00016,Request Count,2
3008,multimodal_referencegame,NEW_FormatCheckingAgent_LLM_judge_clp_chat,CLEVR_images,episode_00016,Parsed Request Count,2
3009,multimodal_referencegame,NEW_FormatCheckingAgent_LLM_judge_clp_chat,CLEVR_images,episode_00016,Violated Request Count,0
3010,multimodal_referencegame,NEW_FormatCheckingAgent_LLM_judge_clp_chat,CLEVR_images,episode_00016,Aborted,0
3011,multimodal_referencegame,NEW_FormatCheckingAgent_LLM_judge_clp_chat,CLEVR_images,episode_00016,Success,0
3012,multimodal_referencegame,NEW_FormatCheckingAgent_LLM_judge_clp_chat,CLEVR_images,episode_00016,Lose,1
3013,multimodal_referencegame,NEW_FormatCheckingAgent_LLM_judge_clp_chat,CLEVR_images,episode_00016,Main Score,0
3014,multimodal_referencegame,NEW_FormatCheckingAgent_LLM_judge_clp_chat,CLEVR_images,episode_00016,Request Success Ratio,1.0
3015,multimodal_referencegame,NEW_FormatCheckingAgent_LLM_judge_clp_chat,CLEVR_static_target_images,episode_00017,Generated Expression Length,49
3016,multimodal_referencegame,NEW_FormatCheckingAgent_LLM_judge_clp_chat,CLEVR_static_target_images,episode_00017,Generated Expression Number of Tokens,8
3017,multimodal_referencegame,NEW_FormatCheckingAgent_LLM_judge_clp_chat,CLEVR_static_target_images,episode_00017,Aborted at Player 1,0
3018,multimodal_referencegame,NEW_FormatCheckingAgent_LLM_judge_clp_chat,CLEVR_static_target_images,episode_00017,Aborted at Player 2,0
3019,multimodal_referencegame,NEW_FormatCheckingAgent_LLM_judge_clp_chat,CLEVR_static_target_images,episode_00017,Request Count,2
3020,multimodal_referencegame,NEW_FormatCheckingAgent_LLM_judge_clp_chat,CLEVR_static_target_images,episode_00017,Parsed Request Count,2
3021,multimodal_referencegame,NEW_FormatCheckingAgent_LLM_judge_clp_chat,CLEVR_static_target_images,episode_00017,Violated Request Count,0
3022,multimodal_referencegame,NEW_FormatCheckingAgent_LLM_judge_clp_chat,CLEVR_static_target_images,episode_00017,Aborted,0
3023,multimodal_referencegame,NEW_FormatCheckingAgent_LLM_judge_clp_chat,CLEVR_static_target_images,episode_00017,Success,1
3024,multimodal_referencegame,NEW_FormatCheckingAgent_LLM_judge_clp_chat,CLEVR_static_target_images,episode_00017,Lose,0
3025,multimodal_referencegame,NEW_FormatCheckingAgent_LLM_judge_clp_chat,CLEVR_static_target_images,episode_00017,Main Score,100
3026,multimodal_referencegame,NEW_FormatCheckingAgent_LLM_judge_clp_chat,CLEVR_static_target_images,episode_00017,Request Success Ratio,1.0
3027,multimodal_referencegame,NEW_FormatCheckingAgent_LLM_judge_clp_chat,CLEVR_static_target_images,episode_00018,Generated Expression Length,49
3028,multimodal_referencegame,NEW_FormatCheckingAgent_LLM_judge_clp_chat,CLEVR_static_target_images,episode_00018,Generated Expression Number of Tokens,8
3029,multimodal_referencegame,NEW_FormatCheckingAgent_LLM_judge_clp_chat,CLEVR_static_target_images,episode_00018,Aborted at Player 1,0
3030,multimodal_referencegame,NEW_FormatCheckingAgent_LLM_judge_clp_chat,CLEVR_static_target_images,episode_00018,Aborted at Player 2,0
3031,multimodal_referencegame,NEW_FormatCheckingAgent_LLM_judge_clp_chat,CLEVR_static_target_images,episode_00018,Request Count,2
3032,multimodal_referencegame,NEW_FormatCheckingAgent_LLM_judge_clp_chat,CLEVR_static_target_images,episode_00018,Parsed Request Count,2
3033,multimodal_referencegame,NEW_FormatCheckingAgent_LLM_judge_clp_chat,CLEVR_static_target_images,episode_00018,Violated Request Count,0
3034,multimodal_referencegame,NEW_FormatCheckingAgent_LLM_judge_clp_chat,CLEVR_static_target_images,episode_00018,Aborted,0
3035,multimodal_referencegame,NEW_FormatCheckingAgent_LLM_judge_clp_chat,CLEVR_static_target_images,episode_00018,Success,1
3036,multimodal_referencegame,NEW_FormatCheckingAgent_LLM_judge_clp_chat,CLEVR_static_target_images,episode_00018,Lose,0
3037,multimodal_referencegame,NEW_FormatCheckingAgent_LLM_judge_clp_chat,CLEVR_static_target_images,episode_00018,Main Score,100
3038,multimodal_referencegame,NEW_FormatCheckingAgent_LLM_judge_clp_chat,CLEVR_static_target_images,episode_00018,Request Success Ratio,1.0
3039,multimodal_referencegame,NEW_FormatCheckingAgent_LLM_judge_clp_chat,diagonal_grids,episode_00005,Generated Expression Length,218
3040,multimodal_referencegame,NEW_FormatCheckingAgent_LLM_judge_clp_chat,diagonal_grids,episode_00005,Generated Expression Number of Tokens,39
3041,multimodal_referencegame,NEW_FormatCheckingAgent_LLM_judge_clp_chat,diagonal_grids,episode_00005,Aborted at Player 1,0
3042,multimodal_referencegame,NEW_FormatCheckingAgent_LLM_judge_clp_chat,diagonal_grids,episode_00005,Aborted at Player 2,0
3043,multimodal_referencegame,NEW_FormatCheckingAgent_LLM_judge_clp_chat,diagonal_grids,episode_00005,Request Count,2
3044,multimodal_referencegame,NEW_FormatCheckingAgent_LLM_judge_clp_chat,diagonal_grids,episode_00005,Parsed Request Count,2
3045,multimodal_referencegame,NEW_FormatCheckingAgent_LLM_judge_clp_chat,diagonal_grids,episode_00005,Violated Request Count,0
3046,multimodal_referencegame,NEW_FormatCheckingAgent_LLM_judge_clp_chat,diagonal_grids,episode_00005,Aborted,0
3047,multimodal_referencegame,NEW_FormatCheckingAgent_LLM_judge_clp_chat,diagonal_grids,episode_00005,Success,1
3048,multimodal_referencegame,NEW_FormatCheckingAgent_LLM_judge_clp_chat,diagonal_grids,episode_00005,Lose,0
3049,multimodal_referencegame,NEW_FormatCheckingAgent_LLM_judge_clp_chat,diagonal_grids,episode_00005,Main Score,100
3050,multimodal_referencegame,NEW_FormatCheckingAgent_LLM_judge_clp_chat,diagonal_grids,episode_00005,Request Success Ratio,1.0
3051,multimodal_referencegame,NEW_FormatCheckingAgent_LLM_judge_clp_chat,diagonal_grids,episode_00006,Generated Expression Length,218
3052,multimodal_referencegame,NEW_FormatCheckingAgent_LLM_judge_clp_chat,diagonal_grids,episode_00006,Generated Expression Number of Tokens,39
3053,multimodal_referencegame,NEW_FormatCheckingAgent_LLM_judge_clp_chat,diagonal_grids,episode_00006,Aborted at Player 1,0
3054,multimodal_referencegame,NEW_FormatCheckingAgent_LLM_judge_clp_chat,diagonal_grids,episode_00006,Aborted at Player 2,0
3055,multimodal_referencegame,NEW_FormatCheckingAgent_LLM_judge_clp_chat,diagonal_grids,episode_00006,Request Count,2
3056,multimodal_referencegame,NEW_FormatCheckingAgent_LLM_judge_clp_chat,diagonal_grids,episode_00006,Parsed Request Count,2
3057,multimodal_referencegame,NEW_FormatCheckingAgent_LLM_judge_clp_chat,diagonal_grids,episode_00006,Violated Request Count,0
3058,multimodal_referencegame,NEW_FormatCheckingAgent_LLM_judge_clp_chat,diagonal_grids,episode_00006,Aborted,0
3059,multimodal_referencegame,NEW_FormatCheckingAgent_LLM_judge_clp_chat,diagonal_grids,episode_00006,Success,0
3060,multimodal_referencegame,NEW_FormatCheckingAgent_LLM_judge_clp_chat,diagonal_grids,episode_00006,Lose,1
3061,multimodal_referencegame,NEW_FormatCheckingAgent_LLM_judge_clp_chat,diagonal_grids,episode_00006,Main Score,0
3062,multimodal_referencegame,NEW_FormatCheckingAgent_LLM_judge_clp_chat,diagonal_grids,episode_00006,Request Success Ratio,1.0
3063,multimodal_referencegame,NEW_FormatCheckingAgent_LLM_judge_clp_chat,DOCCI_images,episode_00013,Generated Expression Length,74
3064,multimodal_referencegame,NEW_FormatCheckingAgent_LLM_judge_clp_chat,DOCCI_images,episode_00013,Generated Expression Number of Tokens,13
3065,multimodal_referencegame,NEW_FormatCheckingAgent_LLM_judge_clp_chat,DOCCI_images,episode_00013,Aborted at Player 1,0
3066,multimodal_referencegame,NEW_FormatCheckingAgent_LLM_judge_clp_chat,DOCCI_images,episode_00013,Aborted at Player 2,0
3067,multimodal_referencegame,NEW_FormatCheckingAgent_LLM_judge_clp_chat,DOCCI_images,episode_00013,Request Count,2
3068,multimodal_referencegame,NEW_FormatCheckingAgent_LLM_judge_clp_chat,DOCCI_images,episode_00013,Parsed Request Count,2
3069,multimodal_referencegame,NEW_FormatCheckingAgent_LLM_judge_clp_chat,DOCCI_images,episode_00013,Violated Request Count,0
3070,multimodal_referencegame,NEW_FormatCheckingAgent_LLM_judge_clp_chat,DOCCI_images,episode_00013,Aborted,0
3071,multimodal_referencegame,NEW_FormatCheckingAgent_LLM_judge_clp_chat,DOCCI_images,episode_00013,Success,1
3072,multimodal_referencegame,NEW_FormatCheckingAgent_LLM_judge_clp_chat,DOCCI_images,episode_00013,Lose,0
3073,multimodal_referencegame,NEW_FormatCheckingAgent_LLM_judge_clp_chat,DOCCI_images,episode_00013,Main Score,100
3074,multimodal_referencegame,NEW_FormatCheckingAgent_LLM_judge_clp_chat,DOCCI_images,episode_00013,Request Success Ratio,1.0
3075,multimodal_referencegame,NEW_FormatCheckingAgent_LLM_judge_clp_chat,DOCCI_images,episode_00014,Generated Expression Length,89
3076,multimodal_referencegame,NEW_FormatCheckingAgent_LLM_judge_clp_chat,DOCCI_images,episode_00014,Generated Expression Number of Tokens,17
3077,multimodal_referencegame,NEW_FormatCheckingAgent_LLM_judge_clp_chat,DOCCI_images,episode_00014,Aborted at Player 1,0
3078,multimodal_referencegame,NEW_FormatCheckingAgent_LLM_judge_clp_chat,DOCCI_images,episode_00014,Aborted at Player 2,0
3079,multimodal_referencegame,NEW_FormatCheckingAgent_LLM_judge_clp_chat,DOCCI_images,episode_00014,Request Count,2
3080,multimodal_referencegame,NEW_FormatCheckingAgent_LLM_judge_clp_chat,DOCCI_images,episode_00014,Parsed Request Count,2
3081,multimodal_referencegame,NEW_FormatCheckingAgent_LLM_judge_clp_chat,DOCCI_images,episode_00014,Violated Request Count,0
3082,multimodal_referencegame,NEW_FormatCheckingAgent_LLM_judge_clp_chat,DOCCI_images,episode_00014,Aborted,0
3083,multimodal_referencegame,NEW_FormatCheckingAgent_LLM_judge_clp_chat,DOCCI_images,episode_00014,Success,1
3084,multimodal_referencegame,NEW_FormatCheckingAgent_LLM_judge_clp_chat,DOCCI_images,episode_00014,Lose,0
3085,multimodal_referencegame,NEW_FormatCheckingAgent_LLM_judge_clp_chat,DOCCI_images,episode_00014,Main Score,100
3086,multimodal_referencegame,NEW_FormatCheckingAgent_LLM_judge_clp_chat,DOCCI_images,episode_00014,Request Success Ratio,1.0
3087,multimodal_referencegame,NEW_FormatCheckingAgent_LLM_judge_clp_chat,DOCCI_static_target_images,episode_00019,Generated Expression Length,72
3088,multimodal_referencegame,NEW_FormatCheckingAgent_LLM_judge_clp_chat,DOCCI_static_target_images,episode_00019,Generated Expression Number of Tokens,14
3089,multimodal_referencegame,NEW_FormatCheckingAgent_LLM_judge_clp_chat,DOCCI_static_target_images,episode_00019,Aborted at Player 1,0
3090,multimodal_referencegame,NEW_FormatCheckingAgent_LLM_judge_clp_chat,DOCCI_static_target_images,episode_00019,Aborted at Player 2,0
3091,multimodal_referencegame,NEW_FormatCheckingAgent_LLM_judge_clp_chat,DOCCI_static_target_images,episode_00019,Request Count,2
3092,multimodal_referencegame,NEW_FormatCheckingAgent_LLM_judge_clp_chat,DOCCI_static_target_images,episode_00019,Parsed Request Count,2
3093,multimodal_referencegame,NEW_FormatCheckingAgent_LLM_judge_clp_chat,DOCCI_static_target_images,episode_00019,Violated Request Count,0
3094,multimodal_referencegame,NEW_FormatCheckingAgent_LLM_judge_clp_chat,DOCCI_static_target_images,episode_00019,Aborted,0
3095,multimodal_referencegame,NEW_FormatCheckingAgent_LLM_judge_clp_chat,DOCCI_static_target_images,episode_00019,Success,1
3096,multimodal_referencegame,NEW_FormatCheckingAgent_LLM_judge_clp_chat,DOCCI_static_target_images,episode_00019,Lose,0
3097,multimodal_referencegame,NEW_FormatCheckingAgent_LLM_judge_clp_chat,DOCCI_static_target_images,episode_00019,Main Score,100
3098,multimodal_referencegame,NEW_FormatCheckingAgent_LLM_judge_clp_chat,DOCCI_static_target_images,episode_00019,Request Success Ratio,1.0
3099,multimodal_referencegame,NEW_FormatCheckingAgent_LLM_judge_clp_chat,DOCCI_static_target_images,episode_00020,Generated Expression Length,72
3100,multimodal_referencegame,NEW_FormatCheckingAgent_LLM_judge_clp_chat,DOCCI_static_target_images,episode_00020,Generated Expression Number of Tokens,14
3101,multimodal_referencegame,NEW_FormatCheckingAgent_LLM_judge_clp_chat,DOCCI_static_target_images,episode_00020,Aborted at Player 1,0
3102,multimodal_referencegame,NEW_FormatCheckingAgent_LLM_judge_clp_chat,DOCCI_static_target_images,episode_00020,Aborted at Player 2,0
3103,multimodal_referencegame,NEW_FormatCheckingAgent_LLM_judge_clp_chat,DOCCI_static_target_images,episode_00020,Request Count,2
3104,multimodal_referencegame,NEW_FormatCheckingAgent_LLM_judge_clp_chat,DOCCI_static_target_images,episode_00020,Parsed Request Count,2
3105,multimodal_referencegame,NEW_FormatCheckingAgent_LLM_judge_clp_chat,DOCCI_static_target_images,episode_00020,Violated Request Count,0
3106,multimodal_referencegame,NEW_FormatCheckingAgent_LLM_judge_clp_chat,DOCCI_static_target_images,episode_00020,Aborted,0
3107,multimodal_referencegame,NEW_FormatCheckingAgent_LLM_judge_clp_chat,DOCCI_static_target_images,episode_00020,Success,1
3108,multimodal_referencegame,NEW_FormatCheckingAgent_LLM_judge_clp_chat,DOCCI_static_target_images,episode_00020,Lose,0
3109,multimodal_referencegame,NEW_FormatCheckingAgent_LLM_judge_clp_chat,DOCCI_static_target_images,episode_00020,Main Score,100
3110,multimodal_referencegame,NEW_FormatCheckingAgent_LLM_judge_clp_chat,DOCCI_static_target_images,episode_00020,Request Success Ratio,1.0
3111,multimodal_referencegame,NEW_FormatCheckingAgent_LLM_judge_clp_chat,letter_grids,episode_00007,Generated Expression Length,415
3112,multimodal_referencegame,NEW_FormatCheckingAgent_LLM_judge_clp_chat,letter_grids,episode_00007,Generated Expression Number of Tokens,81
3113,multimodal_referencegame,NEW_FormatCheckingAgent_LLM_judge_clp_chat,letter_grids,episode_00007,Aborted at Player 1,0
3114,multimodal_referencegame,NEW_FormatCheckingAgent_LLM_judge_clp_chat,letter_grids,episode_00007,Aborted at Player 2,0
3115,multimodal_referencegame,NEW_FormatCheckingAgent_LLM_judge_clp_chat,letter_grids,episode_00007,Request Count,2
3116,multimodal_referencegame,NEW_FormatCheckingAgent_LLM_judge_clp_chat,letter_grids,episode_00007,Parsed Request Count,2
3117,multimodal_referencegame,NEW_FormatCheckingAgent_LLM_judge_clp_chat,letter_grids,episode_00007,Violated Request Count,0
3118,multimodal_referencegame,NEW_FormatCheckingAgent_LLM_judge_clp_chat,letter_grids,episode_00007,Aborted,0
3119,multimodal_referencegame,NEW_FormatCheckingAgent_LLM_judge_clp_chat,letter_grids,episode_00007,Success,1
3120,multimodal_referencegame,NEW_FormatCheckingAgent_LLM_judge_clp_chat,letter_grids,episode_00007,Lose,0
3121,multimodal_referencegame,NEW_FormatCheckingAgent_LLM_judge_clp_chat,letter_grids,episode_00007,Main Score,100
3122,multimodal_referencegame,NEW_FormatCheckingAgent_LLM_judge_clp_chat,letter_grids,episode_00007,Request Success Ratio,1.0
3123,multimodal_referencegame,NEW_FormatCheckingAgent_LLM_judge_clp_chat,letter_grids,episode_00008,Generated Expression Length,177
3124,multimodal_referencegame,NEW_FormatCheckingAgent_LLM_judge_clp_chat,letter_grids,episode_00008,Generated Expression Number of Tokens,34
3125,multimodal_referencegame,NEW_FormatCheckingAgent_LLM_judge_clp_chat,letter_grids,episode_00008,Aborted at Player 1,0
3126,multimodal_referencegame,NEW_FormatCheckingAgent_LLM_judge_clp_chat,letter_grids,episode_00008,Aborted at Player 2,0
3127,multimodal_referencegame,NEW_FormatCheckingAgent_LLM_judge_clp_chat,letter_grids,episode_00008,Request Count,2
3128,multimodal_referencegame,NEW_FormatCheckingAgent_LLM_judge_clp_chat,letter_grids,episode_00008,Parsed Request Count,2
3129,multimodal_referencegame,NEW_FormatCheckingAgent_LLM_judge_clp_chat,letter_grids,episode_00008,Violated Request Count,0
3130,multimodal_referencegame,NEW_FormatCheckingAgent_LLM_judge_clp_chat,letter_grids,episode_00008,Aborted,0
3131,multimodal_referencegame,NEW_FormatCheckingAgent_LLM_judge_clp_chat,letter_grids,episode_00008,Success,0
3132,multimodal_referencegame,NEW_FormatCheckingAgent_LLM_judge_clp_chat,letter_grids,episode_00008,Lose,1
3133,multimodal_referencegame,NEW_FormatCheckingAgent_LLM_judge_clp_chat,letter_grids,episode_00008,Main Score,0
3134,multimodal_referencegame,NEW_FormatCheckingAgent_LLM_judge_clp_chat,letter_grids,episode_00008,Request Success Ratio,1.0
3135,multimodal_referencegame,NEW_FormatCheckingAgent_LLM_judge_clp_chat,line_grids_columns,episode_00003,Generated Expression Length,111
3136,multimodal_referencegame,NEW_FormatCheckingAgent_LLM_judge_clp_chat,line_grids_columns,episode_00003,Generated Expression Number of Tokens,21
3137,multimodal_referencegame,NEW_FormatCheckingAgent_LLM_judge_clp_chat,line_grids_columns,episode_00003,Aborted at Player 1,0
3138,multimodal_referencegame,NEW_FormatCheckingAgent_LLM_judge_clp_chat,line_grids_columns,episode_00003,Aborted at Player 2,0
3139,multimodal_referencegame,NEW_FormatCheckingAgent_LLM_judge_clp_chat,line_grids_columns,episode_00003,Request Count,2
3140,multimodal_referencegame,NEW_FormatCheckingAgent_LLM_judge_clp_chat,line_grids_columns,episode_00003,Parsed Request Count,2
3141,multimodal_referencegame,NEW_FormatCheckingAgent_LLM_judge_clp_chat,line_grids_columns,episode_00003,Violated Request Count,0
3142,multimodal_referencegame,NEW_FormatCheckingAgent_LLM_judge_clp_chat,line_grids_columns,episode_00003,Aborted,0
3143,multimodal_referencegame,NEW_FormatCheckingAgent_LLM_judge_clp_chat,line_grids_columns,episode_00003,Success,1
3144,multimodal_referencegame,NEW_FormatCheckingAgent_LLM_judge_clp_chat,line_grids_columns,episode_00003,Lose,0
3145,multimodal_referencegame,NEW_FormatCheckingAgent_LLM_judge_clp_chat,line_grids_columns,episode_00003,Main Score,100
3146,multimodal_referencegame,NEW_FormatCheckingAgent_LLM_judge_clp_chat,line_grids_columns,episode_00003,Request Success Ratio,1.0
3147,multimodal_referencegame,NEW_FormatCheckingAgent_LLM_judge_clp_chat,line_grids_columns,episode_00004,Generated Expression Length,111
3148,multimodal_referencegame,NEW_FormatCheckingAgent_LLM_judge_clp_chat,line_grids_columns,episode_00004,Generated Expression Number of Tokens,21
3149,multimodal_referencegame,NEW_FormatCheckingAgent_LLM_judge_clp_chat,line_grids_columns,episode_00004,Aborted at Player 1,0
3150,multimodal_referencegame,NEW_FormatCheckingAgent_LLM_judge_clp_chat,line_grids_columns,episode_00004,Aborted at Player 2,0
3151,multimodal_referencegame,NEW_FormatCheckingAgent_LLM_judge_clp_chat,line_grids_columns,episode_00004,Request Count,2
3152,multimodal_referencegame,NEW_FormatCheckingAgent_LLM_judge_clp_chat,line_grids_columns,episode_00004,Parsed Request Count,2
3153,multimodal_referencegame,NEW_FormatCheckingAgent_LLM_judge_clp_chat,line_grids_columns,episode_00004,Violated Request Count,0
3154,multimodal_referencegame,NEW_FormatCheckingAgent_LLM_judge_clp_chat,line_grids_columns,episode_00004,Aborted,0
3155,multimodal_referencegame,NEW_FormatCheckingAgent_LLM_judge_clp_chat,line_grids_columns,episode_00004,Success,1
3156,multimodal_referencegame,NEW_FormatCheckingAgent_LLM_judge_clp_chat,line_grids_columns,episode_00004,Lose,0
3157,multimodal_referencegame,NEW_FormatCheckingAgent_LLM_judge_clp_chat,line_grids_columns,episode_00004,Main Score,100
3158,multimodal_referencegame,NEW_FormatCheckingAgent_LLM_judge_clp_chat,line_grids_columns,episode_00004,Request Success Ratio,1.0
3159,multimodal_referencegame,NEW_FormatCheckingAgent_LLM_judge_clp_chat,line_grids_rows,episode_00001,Generated Expression Length,148
3160,multimodal_referencegame,NEW_FormatCheckingAgent_LLM_judge_clp_chat,line_grids_rows,episode_00001,Generated Expression Number of Tokens,25
3161,multimodal_referencegame,NEW_FormatCheckingAgent_LLM_judge_clp_chat,line_grids_rows,episode_00001,Aborted at Player 1,0
3162,multimodal_referencegame,NEW_FormatCheckingAgent_LLM_judge_clp_chat,line_grids_rows,episode_00001,Aborted at Player 2,0
3163,multimodal_referencegame,NEW_FormatCheckingAgent_LLM_judge_clp_chat,line_grids_rows,episode_00001,Request Count,2
3164,multimodal_referencegame,NEW_FormatCheckingAgent_LLM_judge_clp_chat,line_grids_rows,episode_00001,Parsed Request Count,2
3165,multimodal_referencegame,NEW_FormatCheckingAgent_LLM_judge_clp_chat,line_grids_rows,episode_00001,Violated Request Count,0
3166,multimodal_referencegame,NEW_FormatCheckingAgent_LLM_judge_clp_chat,line_grids_rows,episode_00001,Aborted,0
3167,multimodal_referencegame,NEW_FormatCheckingAgent_LLM_judge_clp_chat,line_grids_rows,episode_00001,Success,1
3168,multimodal_referencegame,NEW_FormatCheckingAgent_LLM_judge_clp_chat,line_grids_rows,episode_00001,Lose,0
3169,multimodal_referencegame,NEW_FormatCheckingAgent_LLM_judge_clp_chat,line_grids_rows,episode_00001,Main Score,100
3170,multimodal_referencegame,NEW_FormatCheckingAgent_LLM_judge_clp_chat,line_grids_rows,episode_00001,Request Success Ratio,1.0
3171,multimodal_referencegame,NEW_FormatCheckingAgent_LLM_judge_clp_chat,line_grids_rows,episode_00002,Generated Expression Length,148
3172,multimodal_referencegame,NEW_FormatCheckingAgent_LLM_judge_clp_chat,line_grids_rows,episode_00002,Generated Expression Number of Tokens,25
3173,multimodal_referencegame,NEW_FormatCheckingAgent_LLM_judge_clp_chat,line_grids_rows,episode_00002,Aborted at Player 1,0
3174,multimodal_referencegame,NEW_FormatCheckingAgent_LLM_judge_clp_chat,line_grids_rows,episode_00002,Aborted at Player 2,0
3175,multimodal_referencegame,NEW_FormatCheckingAgent_LLM_judge_clp_chat,line_grids_rows,episode_00002,Request Count,2
3176,multimodal_referencegame,NEW_FormatCheckingAgent_LLM_judge_clp_chat,line_grids_rows,episode_00002,Parsed Request Count,2
3177,multimodal_referencegame,NEW_FormatCheckingAgent_LLM_judge_clp_chat,line_grids_rows,episode_00002,Violated Request Count,0
3178,multimodal_referencegame,NEW_FormatCheckingAgent_LLM_judge_clp_chat,line_grids_rows,episode_00002,Aborted,0
3179,multimodal_referencegame,NEW_FormatCheckingAgent_LLM_judge_clp_chat,line_grids_rows,episode_00002,Success,1
3180,multimodal_referencegame,NEW_FormatCheckingAgent_LLM_judge_clp_chat,line_grids_rows,episode_00002,Lose,0
3181,multimodal_referencegame,NEW_FormatCheckingAgent_LLM_judge_clp_chat,line_grids_rows,episode_00002,Main Score,100
3182,multimodal_referencegame,NEW_FormatCheckingAgent_LLM_judge_clp_chat,line_grids_rows,episode_00002,Request Success Ratio,1.0
3183,multimodal_referencegame,NEW_FormatCheckingAgent_LLM_judge_clp_chat,pentomino_images,episode_00021,Generated Expression Length,50
3184,multimodal_referencegame,NEW_FormatCheckingAgent_LLM_judge_clp_chat,pentomino_images,episode_00021,Generated Expression Number of Tokens,9
3185,multimodal_referencegame,NEW_FormatCheckingAgent_LLM_judge_clp_chat,pentomino_images,episode_00021,Aborted at Player 1,0
3186,multimodal_referencegame,NEW_FormatCheckingAgent_LLM_judge_clp_chat,pentomino_images,episode_00021,Aborted at Player 2,0
3187,multimodal_referencegame,NEW_FormatCheckingAgent_LLM_judge_clp_chat,pentomino_images,episode_00021,Request Count,2
3188,multimodal_referencegame,NEW_FormatCheckingAgent_LLM_judge_clp_chat,pentomino_images,episode_00021,Parsed Request Count,2
3189,multimodal_referencegame,NEW_FormatCheckingAgent_LLM_judge_clp_chat,pentomino_images,episode_00021,Violated Request Count,0
3190,multimodal_referencegame,NEW_FormatCheckingAgent_LLM_judge_clp_chat,pentomino_images,episode_00021,Aborted,0
3191,multimodal_referencegame,NEW_FormatCheckingAgent_LLM_judge_clp_chat,pentomino_images,episode_00021,Success,0
3192,multimodal_referencegame,NEW_FormatCheckingAgent_LLM_judge_clp_chat,pentomino_images,episode_00021,Lose,1
3193,multimodal_referencegame,NEW_FormatCheckingAgent_LLM_judge_clp_chat,pentomino_images,episode_00021,Main Score,0
3194,multimodal_referencegame,NEW_FormatCheckingAgent_LLM_judge_clp_chat,pentomino_images,episode_00021,Request Success Ratio,1.0
3195,multimodal_referencegame,NEW_FormatCheckingAgent_LLM_judge_clp_chat,pentomino_images,episode_00022,Generated Expression Length,226
3196,multimodal_referencegame,NEW_FormatCheckingAgent_LLM_judge_clp_chat,pentomino_images,episode_00022,Generated Expression Number of Tokens,38
3197,multimodal_referencegame,NEW_FormatCheckingAgent_LLM_judge_clp_chat,pentomino_images,episode_00022,Aborted at Player 1,0
3198,multimodal_referencegame,NEW_FormatCheckingAgent_LLM_judge_clp_chat,pentomino_images,episode_00022,Aborted at Player 2,0
3199,multimodal_referencegame,NEW_FormatCheckingAgent_LLM_judge_clp_chat,pentomino_images,episode_00022,Request Count,2
3200,multimodal_referencegame,NEW_FormatCheckingAgent_LLM_judge_clp_chat,pentomino_images,episode_00022,Parsed Request Count,2
3201,multimodal_referencegame,NEW_FormatCheckingAgent_LLM_judge_clp_chat,pentomino_images,episode_00022,Violated Request Count,0
3202,multimodal_referencegame,NEW_FormatCheckingAgent_LLM_judge_clp_chat,pentomino_images,episode_00022,Aborted,0
3203,multimodal_referencegame,NEW_FormatCheckingAgent_LLM_judge_clp_chat,pentomino_images,episode_00022,Success,1
3204,multimodal_referencegame,NEW_FormatCheckingAgent_LLM_judge_clp_chat,pentomino_images,episode_00022,Lose,0
3205,multimodal_referencegame,NEW_FormatCheckingAgent_LLM_judge_clp_chat,pentomino_images,episode_00022,Main Score,100
3206,multimodal_referencegame,NEW_FormatCheckingAgent_LLM_judge_clp_chat,pentomino_images,episode_00022,Request Success Ratio,1.0
3207,multimodal_referencegame,NEW_FormatCheckingAgent_LLM_judge_clp_chat,random_grids,episode_00011,Generated Expression Length,360
3208,multimodal_referencegame,NEW_FormatCheckingAgent_LLM_judge_clp_chat,random_grids,episode_00011,Generated Expression Number of Tokens,61
3209,multimodal_referencegame,NEW_FormatCheckingAgent_LLM_judge_clp_chat,random_grids,episode_00011,Aborted at Player 1,0
3210,multimodal_referencegame,NEW_FormatCheckingAgent_LLM_judge_clp_chat,random_grids,episode_00011,Aborted at Player 2,0
3211,multimodal_referencegame,NEW_FormatCheckingAgent_LLM_judge_clp_chat,random_grids,episode_00011,Request Count,2
3212,multimodal_referencegame,NEW_FormatCheckingAgent_LLM_judge_clp_chat,random_grids,episode_00011,Parsed Request Count,2
3213,multimodal_referencegame,NEW_FormatCheckingAgent_LLM_judge_clp_chat,random_grids,episode_00011,Violated Request Count,0
3214,multimodal_referencegame,NEW_FormatCheckingAgent_LLM_judge_clp_chat,random_grids,episode_00011,Aborted,0
3215,multimodal_referencegame,NEW_FormatCheckingAgent_LLM_judge_clp_chat,random_grids,episode_00011,Success,1
3216,multimodal_referencegame,NEW_FormatCheckingAgent_LLM_judge_clp_chat,random_grids,episode_00011,Lose,0
3217,multimodal_referencegame,NEW_FormatCheckingAgent_LLM_judge_clp_chat,random_grids,episode_00011,Main Score,100
3218,multimodal_referencegame,NEW_FormatCheckingAgent_LLM_judge_clp_chat,random_grids,episode_00011,Request Success Ratio,1.0
3219,multimodal_referencegame,NEW_FormatCheckingAgent_LLM_judge_clp_chat,random_grids,episode_00012,Generated Expression Length,305
3220,multimodal_referencegame,NEW_FormatCheckingAgent_LLM_judge_clp_chat,random_grids,episode_00012,Generated Expression Number of Tokens,56
3221,multimodal_referencegame,NEW_FormatCheckingAgent_LLM_judge_clp_chat,random_grids,episode_00012,Aborted at Player 1,0
3222,multimodal_referencegame,NEW_FormatCheckingAgent_LLM_judge_clp_chat,random_grids,episode_00012,Aborted at Player 2,0
3223,multimodal_referencegame,NEW_FormatCheckingAgent_LLM_judge_clp_chat,random_grids,episode_00012,Request Count,2
3224,multimodal_referencegame,NEW_FormatCheckingAgent_LLM_judge_clp_chat,random_grids,episode_00012,Parsed Request Count,2
3225,multimodal_referencegame,NEW_FormatCheckingAgent_LLM_judge_clp_chat,random_grids,episode_00012,Violated Request Count,0
3226,multimodal_referencegame,NEW_FormatCheckingAgent_LLM_judge_clp_chat,random_grids,episode_00012,Aborted,0
3227,multimodal_referencegame,NEW_FormatCheckingAgent_LLM_judge_clp_chat,random_grids,episode_00012,Success,1
3228,multimodal_referencegame,NEW_FormatCheckingAgent_LLM_judge_clp_chat,random_grids,episode_00012,Lose,0
3229,multimodal_referencegame,NEW_FormatCheckingAgent_LLM_judge_clp_chat,random_grids,episode_00012,Main Score,100
3230,multimodal_referencegame,NEW_FormatCheckingAgent_LLM_judge_clp_chat,random_grids,episode_00012,Request Success Ratio,1.0
3231,multimodal_referencegame,NEW_FormatCheckingAgent_LLM_judge_clp_chat,shape_grids,episode_00009,Generated Expression Length,77
3232,multimodal_referencegame,NEW_FormatCheckingAgent_LLM_judge_clp_chat,shape_grids,episode_00009,Generated Expression Number of Tokens,15
3233,multimodal_referencegame,NEW_FormatCheckingAgent_LLM_judge_clp_chat,shape_grids,episode_00009,Aborted at Player 1,0
3234,multimodal_referencegame,NEW_FormatCheckingAgent_LLM_judge_clp_chat,shape_grids,episode_00009,Aborted at Player 2,0
3235,multimodal_referencegame,NEW_FormatCheckingAgent_LLM_judge_clp_chat,shape_grids,episode_00009,Request Count,2
3236,multimodal_referencegame,NEW_FormatCheckingAgent_LLM_judge_clp_chat,shape_grids,episode_00009,Parsed Request Count,2
3237,multimodal_referencegame,NEW_FormatCheckingAgent_LLM_judge_clp_chat,shape_grids,episode_00009,Violated Request Count,0
3238,multimodal_referencegame,NEW_FormatCheckingAgent_LLM_judge_clp_chat,shape_grids,episode_00009,Aborted,0
3239,multimodal_referencegame,NEW_FormatCheckingAgent_LLM_judge_clp_chat,shape_grids,episode_00009,Success,1
3240,multimodal_referencegame,NEW_FormatCheckingAgent_LLM_judge_clp_chat,shape_grids,episode_00009,Lose,0
3241,multimodal_referencegame,NEW_FormatCheckingAgent_LLM_judge_clp_chat,shape_grids,episode_00009,Main Score,100
3242,multimodal_referencegame,NEW_FormatCheckingAgent_LLM_judge_clp_chat,shape_grids,episode_00009,Request Success Ratio,1.0
3243,multimodal_referencegame,NEW_FormatCheckingAgent_LLM_judge_clp_chat,shape_grids,episode_00010,Generated Expression Length,77
3244,multimodal_referencegame,NEW_FormatCheckingAgent_LLM_judge_clp_chat,shape_grids,episode_00010,Generated Expression Number of Tokens,15
3245,multimodal_referencegame,NEW_FormatCheckingAgent_LLM_judge_clp_chat,shape_grids,episode_00010,Aborted at Player 1,0
3246,multimodal_referencegame,NEW_FormatCheckingAgent_LLM_judge_clp_chat,shape_grids,episode_00010,Aborted at Player 2,0
3247,multimodal_referencegame,NEW_FormatCheckingAgent_LLM_judge_clp_chat,shape_grids,episode_00010,Request Count,2
3248,multimodal_referencegame,NEW_FormatCheckingAgent_LLM_judge_clp_chat,shape_grids,episode_00010,Parsed Request Count,2
3249,multimodal_referencegame,NEW_FormatCheckingAgent_LLM_judge_clp_chat,shape_grids,episode_00010,Violated Request Count,0
3250,multimodal_referencegame,NEW_FormatCheckingAgent_LLM_judge_clp_chat,shape_grids,episode_00010,Aborted,0
3251,multimodal_referencegame,NEW_FormatCheckingAgent_LLM_judge_clp_chat,shape_grids,episode_00010,Success,0
3252,multimodal_referencegame,NEW_FormatCheckingAgent_LLM_judge_clp_chat,shape_grids,episode_00010,Lose,1
3253,multimodal_referencegame,NEW_FormatCheckingAgent_LLM_judge_clp_chat,shape_grids,episode_00010,Main Score,0
3254,multimodal_referencegame,NEW_FormatCheckingAgent_LLM_judge_clp_chat,shape_grids,episode_00010,Request Success Ratio,1.0
3255,privateshared,NEW_FormatCheckingAgent_LLM_judge_clp_chat,job-interview,episode_00006,Accuracy,0.6
3256,privateshared,NEW_FormatCheckingAgent_LLM_judge_clp_chat,job-interview,episode_00006,Kappa,0.0
3257,privateshared,NEW_FormatCheckingAgent_LLM_judge_clp_chat,job-interview,episode_00006,Truncated Kappa,0
3258,privateshared,NEW_FormatCheckingAgent_LLM_judge_clp_chat,job-interview,episode_00006,Slot-Filling-Accuracy,
3259,privateshared,NEW_FormatCheckingAgent_LLM_judge_clp_chat,job-interview,episode_00006,Main Score,
3260,privateshared,NEW_FormatCheckingAgent_LLM_judge_clp_chat,job-interview,episode_00006,Aborted,0
3261,privateshared,NEW_FormatCheckingAgent_LLM_judge_clp_chat,job-interview,episode_00006,Lose,1
3262,privateshared,NEW_FormatCheckingAgent_LLM_judge_clp_chat,job-interview,episode_00006,Success,0
3263,privateshared,NEW_FormatCheckingAgent_LLM_judge_clp_chat,job-interview,episode_00006,Request Count,7
3264,privateshared,NEW_FormatCheckingAgent_LLM_judge_clp_chat,job-interview,episode_00006,Parsed Request Count,5
3265,privateshared,NEW_FormatCheckingAgent_LLM_judge_clp_chat,job-interview,episode_00006,Violated Request Count,7
3266,privateshared,NEW_FormatCheckingAgent_LLM_judge_clp_chat,job-interview,episode_00006,Request Success Ratio,0.7142857142857143
3267,privateshared,NEW_FormatCheckingAgent_LLM_judge_clp_chat,job-interview,episode_00007,Accuracy,0.6
3268,privateshared,NEW_FormatCheckingAgent_LLM_judge_clp_chat,job-interview,episode_00007,Kappa,0.0
3269,privateshared,NEW_FormatCheckingAgent_LLM_judge_clp_chat,job-interview,episode_00007,Truncated Kappa,0
3270,privateshared,NEW_FormatCheckingAgent_LLM_judge_clp_chat,job-interview,episode_00007,Slot-Filling-Accuracy,
3271,privateshared,NEW_FormatCheckingAgent_LLM_judge_clp_chat,job-interview,episode_00007,Main Score,
3272,privateshared,NEW_FormatCheckingAgent_LLM_judge_clp_chat,job-interview,episode_00007,Aborted,0
3273,privateshared,NEW_FormatCheckingAgent_LLM_judge_clp_chat,job-interview,episode_00007,Lose,1
3274,privateshared,NEW_FormatCheckingAgent_LLM_judge_clp_chat,job-interview,episode_00007,Success,0
3275,privateshared,NEW_FormatCheckingAgent_LLM_judge_clp_chat,job-interview,episode_00007,Request Count,7
3276,privateshared,NEW_FormatCheckingAgent_LLM_judge_clp_chat,job-interview,episode_00007,Parsed Request Count,5
3277,privateshared,NEW_FormatCheckingAgent_LLM_judge_clp_chat,job-interview,episode_00007,Violated Request Count,7
3278,privateshared,NEW_FormatCheckingAgent_LLM_judge_clp_chat,job-interview,episode_00007,Request Success Ratio,0.7142857142857143
3279,privateshared,NEW_FormatCheckingAgent_LLM_judge_clp_chat,job-interview,episode_00008,Accuracy,0.6
3280,privateshared,NEW_FormatCheckingAgent_LLM_judge_clp_chat,job-interview,episode_00008,Kappa,0.0
3281,privateshared,NEW_FormatCheckingAgent_LLM_judge_clp_chat,job-interview,episode_00008,Truncated Kappa,0
3282,privateshared,NEW_FormatCheckingAgent_LLM_judge_clp_chat,job-interview,episode_00008,Slot-Filling-Accuracy,
3283,privateshared,NEW_FormatCheckingAgent_LLM_judge_clp_chat,job-interview,episode_00008,Main Score,
3284,privateshared,NEW_FormatCheckingAgent_LLM_judge_clp_chat,job-interview,episode_00008,Aborted,0
3285,privateshared,NEW_FormatCheckingAgent_LLM_judge_clp_chat,job-interview,episode_00008,Lose,1
3286,privateshared,NEW_FormatCheckingAgent_LLM_judge_clp_chat,job-interview,episode_00008,Success,0
3287,privateshared,NEW_FormatCheckingAgent_LLM_judge_clp_chat,job-interview,episode_00008,Request Count,9
3288,privateshared,NEW_FormatCheckingAgent_LLM_judge_clp_chat,job-interview,episode_00008,Parsed Request Count,5
3289,privateshared,NEW_FormatCheckingAgent_LLM_judge_clp_chat,job-interview,episode_00008,Violated Request Count,9
3290,privateshared,NEW_FormatCheckingAgent_LLM_judge_clp_chat,job-interview,episode_00008,Request Success Ratio,0.5555555555555556
3291,privateshared,NEW_FormatCheckingAgent_LLM_judge_clp_chat,job-interview,episode_00009,Accuracy,0.8
3292,privateshared,NEW_FormatCheckingAgent_LLM_judge_clp_chat,job-interview,episode_00009,Kappa,0.0
3293,privateshared,NEW_FormatCheckingAgent_LLM_judge_clp_chat,job-interview,episode_00009,Truncated Kappa,0
3294,privateshared,NEW_FormatCheckingAgent_LLM_judge_clp_chat,job-interview,episode_00009,Slot-Filling-Accuracy,
3295,privateshared,NEW_FormatCheckingAgent_LLM_judge_clp_chat,job-interview,episode_00009,Main Score,
3296,privateshared,NEW_FormatCheckingAgent_LLM_judge_clp_chat,job-interview,episode_00009,Aborted,0
3297,privateshared,NEW_FormatCheckingAgent_LLM_judge_clp_chat,job-interview,episode_00009,Lose,1
3298,privateshared,NEW_FormatCheckingAgent_LLM_judge_clp_chat,job-interview,episode_00009,Success,0
3299,privateshared,NEW_FormatCheckingAgent_LLM_judge_clp_chat,job-interview,episode_00009,Request Count,7
3300,privateshared,NEW_FormatCheckingAgent_LLM_judge_clp_chat,job-interview,episode_00009,Parsed Request Count,5
3301,privateshared,NEW_FormatCheckingAgent_LLM_judge_clp_chat,job-interview,episode_00009,Violated Request Count,7
3302,privateshared,NEW_FormatCheckingAgent_LLM_judge_clp_chat,job-interview,episode_00009,Request Success Ratio,0.7142857142857143
3303,privateshared,NEW_FormatCheckingAgent_LLM_judge_clp_chat,job-interview,episode_00010,Accuracy,0.2
3304,privateshared,NEW_FormatCheckingAgent_LLM_judge_clp_chat,job-interview,episode_00010,Kappa,0.0
3305,privateshared,NEW_FormatCheckingAgent_LLM_judge_clp_chat,job-interview,episode_00010,Truncated Kappa,0
3306,privateshared,NEW_FormatCheckingAgent_LLM_judge_clp_chat,job-interview,episode_00010,Slot-Filling-Accuracy,
3307,privateshared,NEW_FormatCheckingAgent_LLM_judge_clp_chat,job-interview,episode_00010,Main Score,
3308,privateshared,NEW_FormatCheckingAgent_LLM_judge_clp_chat,job-interview,episode_00010,Aborted,0
3309,privateshared,NEW_FormatCheckingAgent_LLM_judge_clp_chat,job-interview,episode_00010,Lose,1
3310,privateshared,NEW_FormatCheckingAgent_LLM_judge_clp_chat,job-interview,episode_00010,Success,0
3311,privateshared,NEW_FormatCheckingAgent_LLM_judge_clp_chat,job-interview,episode_00010,Request Count,8
3312,privateshared,NEW_FormatCheckingAgent_LLM_judge_clp_chat,job-interview,episode_00010,Parsed Request Count,5
3313,privateshared,NEW_FormatCheckingAgent_LLM_judge_clp_chat,job-interview,episode_00010,Violated Request Count,8
3314,privateshared,NEW_FormatCheckingAgent_LLM_judge_clp_chat,job-interview,episode_00010,Request Success Ratio,0.625
3315,privateshared,NEW_FormatCheckingAgent_LLM_judge_clp_chat,restaurant,episode_00011,Accuracy,0.6
3316,privateshared,NEW_FormatCheckingAgent_LLM_judge_clp_chat,restaurant,episode_00011,Kappa,0.0
3317,privateshared,NEW_FormatCheckingAgent_LLM_judge_clp_chat,restaurant,episode_00011,Truncated Kappa,0
3318,privateshared,NEW_FormatCheckingAgent_LLM_judge_clp_chat,restaurant,episode_00011,Slot-Filling-Accuracy,
3319,privateshared,NEW_FormatCheckingAgent_LLM_judge_clp_chat,restaurant,episode_00011,Main Score,
3320,privateshared,NEW_FormatCheckingAgent_LLM_judge_clp_chat,restaurant,episode_00011,Aborted,0
3321,privateshared,NEW_FormatCheckingAgent_LLM_judge_clp_chat,restaurant,episode_00011,Lose,1
3322,privateshared,NEW_FormatCheckingAgent_LLM_judge_clp_chat,restaurant,episode_00011,Success,0
3323,privateshared,NEW_FormatCheckingAgent_LLM_judge_clp_chat,restaurant,episode_00011,Request Count,7
3324,privateshared,NEW_FormatCheckingAgent_LLM_judge_clp_chat,restaurant,episode_00011,Parsed Request Count,5
3325,privateshared,NEW_FormatCheckingAgent_LLM_judge_clp_chat,restaurant,episode_00011,Violated Request Count,7
3326,privateshared,NEW_FormatCheckingAgent_LLM_judge_clp_chat,restaurant,episode_00011,Request Success Ratio,0.7142857142857143
3327,privateshared,NEW_FormatCheckingAgent_LLM_judge_clp_chat,restaurant,episode_00012,Accuracy,0.4
3328,privateshared,NEW_FormatCheckingAgent_LLM_judge_clp_chat,restaurant,episode_00012,Kappa,0.0
3329,privateshared,NEW_FormatCheckingAgent_LLM_judge_clp_chat,restaurant,episode_00012,Truncated Kappa,0
3330,privateshared,NEW_FormatCheckingAgent_LLM_judge_clp_chat,restaurant,episode_00012,Slot-Filling-Accuracy,
3331,privateshared,NEW_FormatCheckingAgent_LLM_judge_clp_chat,restaurant,episode_00012,Main Score,
3332,privateshared,NEW_FormatCheckingAgent_LLM_judge_clp_chat,restaurant,episode_00012,Aborted,0
3333,privateshared,NEW_FormatCheckingAgent_LLM_judge_clp_chat,restaurant,episode_00012,Lose,1
3334,privateshared,NEW_FormatCheckingAgent_LLM_judge_clp_chat,restaurant,episode_00012,Success,0
3335,privateshared,NEW_FormatCheckingAgent_LLM_judge_clp_chat,restaurant,episode_00012,Request Count,10
3336,privateshared,NEW_FormatCheckingAgent_LLM_judge_clp_chat,restaurant,episode_00012,Parsed Request Count,5
3337,privateshared,NEW_FormatCheckingAgent_LLM_judge_clp_chat,restaurant,episode_00012,Violated Request Count,10
3338,privateshared,NEW_FormatCheckingAgent_LLM_judge_clp_chat,restaurant,episode_00012,Request Success Ratio,0.5
3339,privateshared,NEW_FormatCheckingAgent_LLM_judge_clp_chat,restaurant,episode_00013,Accuracy,0.4
3340,privateshared,NEW_FormatCheckingAgent_LLM_judge_clp_chat,restaurant,episode_00013,Kappa,0.0
3341,privateshared,NEW_FormatCheckingAgent_LLM_judge_clp_chat,restaurant,episode_00013,Truncated Kappa,0
3342,privateshared,NEW_FormatCheckingAgent_LLM_judge_clp_chat,restaurant,episode_00013,Slot-Filling-Accuracy,
3343,privateshared,NEW_FormatCheckingAgent_LLM_judge_clp_chat,restaurant,episode_00013,Main Score,
3344,privateshared,NEW_FormatCheckingAgent_LLM_judge_clp_chat,restaurant,episode_00013,Aborted,0
3345,privateshared,NEW_FormatCheckingAgent_LLM_judge_clp_chat,restaurant,episode_00013,Lose,1
3346,privateshared,NEW_FormatCheckingAgent_LLM_judge_clp_chat,restaurant,episode_00013,Success,0
3347,privateshared,NEW_FormatCheckingAgent_LLM_judge_clp_chat,restaurant,episode_00013,Request Count,8
3348,privateshared,NEW_FormatCheckingAgent_LLM_judge_clp_chat,restaurant,episode_00013,Parsed Request Count,5
3349,privateshared,NEW_FormatCheckingAgent_LLM_judge_clp_chat,restaurant,episode_00013,Violated Request Count,8
3350,privateshared,NEW_FormatCheckingAgent_LLM_judge_clp_chat,restaurant,episode_00013,Request Success Ratio,0.625
3351,privateshared,NEW_FormatCheckingAgent_LLM_judge_clp_chat,restaurant,episode_00014,Accuracy,0.6
3352,privateshared,NEW_FormatCheckingAgent_LLM_judge_clp_chat,restaurant,episode_00014,Kappa,0.0
3353,privateshared,NEW_FormatCheckingAgent_LLM_judge_clp_chat,restaurant,episode_00014,Truncated Kappa,0
3354,privateshared,NEW_FormatCheckingAgent_LLM_judge_clp_chat,restaurant,episode_00014,Slot-Filling-Accuracy,
3355,privateshared,NEW_FormatCheckingAgent_LLM_judge_clp_chat,restaurant,episode_00014,Main Score,
3356,privateshared,NEW_FormatCheckingAgent_LLM_judge_clp_chat,restaurant,episode_00014,Aborted,0
3357,privateshared,NEW_FormatCheckingAgent_LLM_judge_clp_chat,restaurant,episode_00014,Lose,1
3358,privateshared,NEW_FormatCheckingAgent_LLM_judge_clp_chat,restaurant,episode_00014,Success,0
3359,privateshared,NEW_FormatCheckingAgent_LLM_judge_clp_chat,restaurant,episode_00014,Request Count,10
3360,privateshared,NEW_FormatCheckingAgent_LLM_judge_clp_chat,restaurant,episode_00014,Parsed Request Count,5
3361,privateshared,NEW_FormatCheckingAgent_LLM_judge_clp_chat,restaurant,episode_00014,Violated Request Count,10
3362,privateshared,NEW_FormatCheckingAgent_LLM_judge_clp_chat,restaurant,episode_00014,Request Success Ratio,0.5
3363,privateshared,NEW_FormatCheckingAgent_LLM_judge_clp_chat,restaurant,episode_00015,Accuracy,0.2
3364,privateshared,NEW_FormatCheckingAgent_LLM_judge_clp_chat,restaurant,episode_00015,Kappa,0.0
3365,privateshared,NEW_FormatCheckingAgent_LLM_judge_clp_chat,restaurant,episode_00015,Truncated Kappa,0
3366,privateshared,NEW_FormatCheckingAgent_LLM_judge_clp_chat,restaurant,episode_00015,Slot-Filling-Accuracy,
3367,privateshared,NEW_FormatCheckingAgent_LLM_judge_clp_chat,restaurant,episode_00015,Main Score,
3368,privateshared,NEW_FormatCheckingAgent_LLM_judge_clp_chat,restaurant,episode_00015,Aborted,0
3369,privateshared,NEW_FormatCheckingAgent_LLM_judge_clp_chat,restaurant,episode_00015,Lose,1
3370,privateshared,NEW_FormatCheckingAgent_LLM_judge_clp_chat,restaurant,episode_00015,Success,0
3371,privateshared,NEW_FormatCheckingAgent_LLM_judge_clp_chat,restaurant,episode_00015,Request Count,6
3372,privateshared,NEW_FormatCheckingAgent_LLM_judge_clp_chat,restaurant,episode_00015,Parsed Request Count,5
3373,privateshared,NEW_FormatCheckingAgent_LLM_judge_clp_chat,restaurant,episode_00015,Violated Request Count,6
3374,privateshared,NEW_FormatCheckingAgent_LLM_judge_clp_chat,restaurant,episode_00015,Request Success Ratio,0.8333333333333334
3375,privateshared,NEW_FormatCheckingAgent_LLM_judge_clp_chat,things-places,episode_00016,Accuracy,0.6
3376,privateshared,NEW_FormatCheckingAgent_LLM_judge_clp_chat,things-places,episode_00016,Kappa,0.0
3377,privateshared,NEW_FormatCheckingAgent_LLM_judge_clp_chat,things-places,episode_00016,Truncated Kappa,0
3378,privateshared,NEW_FormatCheckingAgent_LLM_judge_clp_chat,things-places,episode_00016,Slot-Filling-Accuracy,
3379,privateshared,NEW_FormatCheckingAgent_LLM_judge_clp_chat,things-places,episode_00016,Main Score,
3380,privateshared,NEW_FormatCheckingAgent_LLM_judge_clp_chat,things-places,episode_00016,Aborted,0
3381,privateshared,NEW_FormatCheckingAgent_LLM_judge_clp_chat,things-places,episode_00016,Lose,1
3382,privateshared,NEW_FormatCheckingAgent_LLM_judge_clp_chat,things-places,episode_00016,Success,0
3383,privateshared,NEW_FormatCheckingAgent_LLM_judge_clp_chat,things-places,episode_00016,Request Count,20
3384,privateshared,NEW_FormatCheckingAgent_LLM_judge_clp_chat,things-places,episode_00016,Parsed Request Count,15
3385,privateshared,NEW_FormatCheckingAgent_LLM_judge_clp_chat,things-places,episode_00016,Violated Request Count,20
3386,privateshared,NEW_FormatCheckingAgent_LLM_judge_clp_chat,things-places,episode_00016,Request Success Ratio,0.75
3387,privateshared,NEW_FormatCheckingAgent_LLM_judge_clp_chat,things-places,episode_00017,Accuracy,0.3333333333333333
3388,privateshared,NEW_FormatCheckingAgent_LLM_judge_clp_chat,things-places,episode_00017,Kappa,0.0
3389,privateshared,NEW_FormatCheckingAgent_LLM_judge_clp_chat,things-places,episode_00017,Truncated Kappa,0
3390,privateshared,NEW_FormatCheckingAgent_LLM_judge_clp_chat,things-places,episode_00017,Slot-Filling-Accuracy,
3391,privateshared,NEW_FormatCheckingAgent_LLM_judge_clp_chat,things-places,episode_00017,Main Score,
3392,privateshared,NEW_FormatCheckingAgent_LLM_judge_clp_chat,things-places,episode_00017,Aborted,0
3393,privateshared,NEW_FormatCheckingAgent_LLM_judge_clp_chat,things-places,episode_00017,Lose,1
3394,privateshared,NEW_FormatCheckingAgent_LLM_judge_clp_chat,things-places,episode_00017,Success,0
3395,privateshared,NEW_FormatCheckingAgent_LLM_judge_clp_chat,things-places,episode_00017,Request Count,20
3396,privateshared,NEW_FormatCheckingAgent_LLM_judge_clp_chat,things-places,episode_00017,Parsed Request Count,15
3397,privateshared,NEW_FormatCheckingAgent_LLM_judge_clp_chat,things-places,episode_00017,Violated Request Count,20
3398,privateshared,NEW_FormatCheckingAgent_LLM_judge_clp_chat,things-places,episode_00017,Request Success Ratio,0.75
3399,privateshared,NEW_FormatCheckingAgent_LLM_judge_clp_chat,things-places,episode_00018,Accuracy,0.5333333333333333
3400,privateshared,NEW_FormatCheckingAgent_LLM_judge_clp_chat,things-places,episode_00018,Kappa,0.0
3401,privateshared,NEW_FormatCheckingAgent_LLM_judge_clp_chat,things-places,episode_00018,Truncated Kappa,0
3402,privateshared,NEW_FormatCheckingAgent_LLM_judge_clp_chat,things-places,episode_00018,Slot-Filling-Accuracy,
3403,privateshared,NEW_FormatCheckingAgent_LLM_judge_clp_chat,things-places,episode_00018,Main Score,
3404,privateshared,NEW_FormatCheckingAgent_LLM_judge_clp_chat,things-places,episode_00018,Aborted,0
3405,privateshared,NEW_FormatCheckingAgent_LLM_judge_clp_chat,things-places,episode_00018,Lose,1
3406,privateshared,NEW_FormatCheckingAgent_LLM_judge_clp_chat,things-places,episode_00018,Success,0
3407,privateshared,NEW_FormatCheckingAgent_LLM_judge_clp_chat,things-places,episode_00018,Request Count,33
3408,privateshared,NEW_FormatCheckingAgent_LLM_judge_clp_chat,things-places,episode_00018,Parsed Request Count,15
3409,privateshared,NEW_FormatCheckingAgent_LLM_judge_clp_chat,things-places,episode_00018,Violated Request Count,33
3410,privateshared,NEW_FormatCheckingAgent_LLM_judge_clp_chat,things-places,episode_00018,Request Success Ratio,0.45454545454545453
3411,privateshared,NEW_FormatCheckingAgent_LLM_judge_clp_chat,things-places,episode_00019,Accuracy,0.4666666666666667
3412,privateshared,NEW_FormatCheckingAgent_LLM_judge_clp_chat,things-places,episode_00019,Kappa,0.0
3413,privateshared,NEW_FormatCheckingAgent_LLM_judge_clp_chat,things-places,episode_00019,Truncated Kappa,0
3414,privateshared,NEW_FormatCheckingAgent_LLM_judge_clp_chat,things-places,episode_00019,Slot-Filling-Accuracy,
3415,privateshared,NEW_FormatCheckingAgent_LLM_judge_clp_chat,things-places,episode_00019,Main Score,
3416,privateshared,NEW_FormatCheckingAgent_LLM_judge_clp_chat,things-places,episode_00019,Aborted,0
3417,privateshared,NEW_FormatCheckingAgent_LLM_judge_clp_chat,things-places,episode_00019,Lose,1
3418,privateshared,NEW_FormatCheckingAgent_LLM_judge_clp_chat,things-places,episode_00019,Success,0
3419,privateshared,NEW_FormatCheckingAgent_LLM_judge_clp_chat,things-places,episode_00019,Request Count,23
3420,privateshared,NEW_FormatCheckingAgent_LLM_judge_clp_chat,things-places,episode_00019,Parsed Request Count,15
3421,privateshared,NEW_FormatCheckingAgent_LLM_judge_clp_chat,things-places,episode_00019,Violated Request Count,23
3422,privateshared,NEW_FormatCheckingAgent_LLM_judge_clp_chat,things-places,episode_00019,Request Success Ratio,0.6521739130434783
3423,privateshared,NEW_FormatCheckingAgent_LLM_judge_clp_chat,travel-booking,episode_00001,Accuracy,0.2
3424,privateshared,NEW_FormatCheckingAgent_LLM_judge_clp_chat,travel-booking,episode_00001,Kappa,0.0
3425,privateshared,NEW_FormatCheckingAgent_LLM_judge_clp_chat,travel-booking,episode_00001,Truncated Kappa,0
3426,privateshared,NEW_FormatCheckingAgent_LLM_judge_clp_chat,travel-booking,episode_00001,Slot-Filling-Accuracy,
3427,privateshared,NEW_FormatCheckingAgent_LLM_judge_clp_chat,travel-booking,episode_00001,Main Score,
3428,privateshared,NEW_FormatCheckingAgent_LLM_judge_clp_chat,travel-booking,episode_00001,Aborted,0
3429,privateshared,NEW_FormatCheckingAgent_LLM_judge_clp_chat,travel-booking,episode_00001,Lose,1
3430,privateshared,NEW_FormatCheckingAgent_LLM_judge_clp_chat,travel-booking,episode_00001,Success,0
3431,privateshared,NEW_FormatCheckingAgent_LLM_judge_clp_chat,travel-booking,episode_00001,Request Count,8
3432,privateshared,NEW_FormatCheckingAgent_LLM_judge_clp_chat,travel-booking,episode_00001,Parsed Request Count,5
3433,privateshared,NEW_FormatCheckingAgent_LLM_judge_clp_chat,travel-booking,episode_00001,Violated Request Count,8
3434,privateshared,NEW_FormatCheckingAgent_LLM_judge_clp_chat,travel-booking,episode_00001,Request Success Ratio,0.625
3435,privateshared,NEW_FormatCheckingAgent_LLM_judge_clp_chat,travel-booking,episode_00002,Accuracy,0.6
3436,privateshared,NEW_FormatCheckingAgent_LLM_judge_clp_chat,travel-booking,episode_00002,Kappa,0.0
3437,privateshared,NEW_FormatCheckingAgent_LLM_judge_clp_chat,travel-booking,episode_00002,Truncated Kappa,0
3438,privateshared,NEW_FormatCheckingAgent_LLM_judge_clp_chat,travel-booking,episode_00002,Slot-Filling-Accuracy,
3439,privateshared,NEW_FormatCheckingAgent_LLM_judge_clp_chat,travel-booking,episode_00002,Main Score,
3440,privateshared,NEW_FormatCheckingAgent_LLM_judge_clp_chat,travel-booking,episode_00002,Aborted,0
3441,privateshared,NEW_FormatCheckingAgent_LLM_judge_clp_chat,travel-booking,episode_00002,Lose,1
3442,privateshared,NEW_FormatCheckingAgent_LLM_judge_clp_chat,travel-booking,episode_00002,Success,0
3443,privateshared,NEW_FormatCheckingAgent_LLM_judge_clp_chat,travel-booking,episode_00002,Request Count,11
3444,privateshared,NEW_FormatCheckingAgent_LLM_judge_clp_chat,travel-booking,episode_00002,Parsed Request Count,5
3445,privateshared,NEW_FormatCheckingAgent_LLM_judge_clp_chat,travel-booking,episode_00002,Violated Request Count,11
3446,privateshared,NEW_FormatCheckingAgent_LLM_judge_clp_chat,travel-booking,episode_00002,Request Success Ratio,0.45454545454545453
3447,privateshared,NEW_FormatCheckingAgent_LLM_judge_clp_chat,travel-booking,episode_00003,Accuracy,0.6
3448,privateshared,NEW_FormatCheckingAgent_LLM_judge_clp_chat,travel-booking,episode_00003,Kappa,0.0
3449,privateshared,NEW_FormatCheckingAgent_LLM_judge_clp_chat,travel-booking,episode_00003,Truncated Kappa,0
3450,privateshared,NEW_FormatCheckingAgent_LLM_judge_clp_chat,travel-booking,episode_00003,Slot-Filling-Accuracy,
3451,privateshared,NEW_FormatCheckingAgent_LLM_judge_clp_chat,travel-booking,episode_00003,Main Score,
3452,privateshared,NEW_FormatCheckingAgent_LLM_judge_clp_chat,travel-booking,episode_00003,Aborted,0
3453,privateshared,NEW_FormatCheckingAgent_LLM_judge_clp_chat,travel-booking,episode_00003,Lose,1
3454,privateshared,NEW_FormatCheckingAgent_LLM_judge_clp_chat,travel-booking,episode_00003,Success,0
3455,privateshared,NEW_FormatCheckingAgent_LLM_judge_clp_chat,travel-booking,episode_00003,Request Count,10
3456,privateshared,NEW_FormatCheckingAgent_LLM_judge_clp_chat,travel-booking,episode_00003,Parsed Request Count,5
3457,privateshared,NEW_FormatCheckingAgent_LLM_judge_clp_chat,travel-booking,episode_00003,Violated Request Count,10
3458,privateshared,NEW_FormatCheckingAgent_LLM_judge_clp_chat,travel-booking,episode_00003,Request Success Ratio,0.5
3459,privateshared,NEW_FormatCheckingAgent_LLM_judge_clp_chat,travel-booking,episode_00004,Accuracy,0.6
3460,privateshared,NEW_FormatCheckingAgent_LLM_judge_clp_chat,travel-booking,episode_00004,Kappa,0.0
3461,privateshared,NEW_FormatCheckingAgent_LLM_judge_clp_chat,travel-booking,episode_00004,Truncated Kappa,0
3462,privateshared,NEW_FormatCheckingAgent_LLM_judge_clp_chat,travel-booking,episode_00004,Slot-Filling-Accuracy,
3463,privateshared,NEW_FormatCheckingAgent_LLM_judge_clp_chat,travel-booking,episode_00004,Main Score,
3464,privateshared,NEW_FormatCheckingAgent_LLM_judge_clp_chat,travel-booking,episode_00004,Aborted,0
3465,privateshared,NEW_FormatCheckingAgent_LLM_judge_clp_chat,travel-booking,episode_00004,Lose,1
3466,privateshared,NEW_FormatCheckingAgent_LLM_judge_clp_chat,travel-booking,episode_00004,Success,0
3467,privateshared,NEW_FormatCheckingAgent_LLM_judge_clp_chat,travel-booking,episode_00004,Request Count,5
3468,privateshared,NEW_FormatCheckingAgent_LLM_judge_clp_chat,travel-booking,episode_00004,Parsed Request Count,5
3469,privateshared,NEW_FormatCheckingAgent_LLM_judge_clp_chat,travel-booking,episode_00004,Violated Request Count,5
3470,privateshared,NEW_FormatCheckingAgent_LLM_judge_clp_chat,travel-booking,episode_00004,Request Success Ratio,1.0
3471,privateshared,NEW_FormatCheckingAgent_LLM_judge_clp_chat,travel-booking,episode_00005,Accuracy,0.4
3472,privateshared,NEW_FormatCheckingAgent_LLM_judge_clp_chat,travel-booking,episode_00005,Kappa,0.0
3473,privateshared,NEW_FormatCheckingAgent_LLM_judge_clp_chat,travel-booking,episode_00005,Truncated Kappa,0
3474,privateshared,NEW_FormatCheckingAgent_LLM_judge_clp_chat,travel-booking,episode_00005,Slot-Filling-Accuracy,
3475,privateshared,NEW_FormatCheckingAgent_LLM_judge_clp_chat,travel-booking,episode_00005,Main Score,
3476,privateshared,NEW_FormatCheckingAgent_LLM_judge_clp_chat,travel-booking,episode_00005,Aborted,0
3477,privateshared,NEW_FormatCheckingAgent_LLM_judge_clp_chat,travel-booking,episode_00005,Lose,1
3478,privateshared,NEW_FormatCheckingAgent_LLM_judge_clp_chat,travel-booking,episode_00005,Success,0
3479,privateshared,NEW_FormatCheckingAgent_LLM_judge_clp_chat,travel-booking,episode_00005,Request Count,5
3480,privateshared,NEW_FormatCheckingAgent_LLM_judge_clp_chat,travel-booking,episode_00005,Parsed Request Count,5
3481,privateshared,NEW_FormatCheckingAgent_LLM_judge_clp_chat,travel-booking,episode_00005,Violated Request Count,5
3482,privateshared,NEW_FormatCheckingAgent_LLM_judge_clp_chat,travel-booking,episode_00005,Request Success Ratio,1.0
3483,referencegame,NEW_FormatCheckingAgent_LLM_judge_clp_chat,letter_grids,episode_00001,Generated Expression Length,200
3484,referencegame,NEW_FormatCheckingAgent_LLM_judge_clp_chat,letter_grids,episode_00001,Generated Expression Number of Tokens,35
3485,referencegame,NEW_FormatCheckingAgent_LLM_judge_clp_chat,letter_grids,episode_00001,Aborted at Player 1,0
3486,referencegame,NEW_FormatCheckingAgent_LLM_judge_clp_chat,letter_grids,episode_00001,Aborted at Player 2,0
3487,referencegame,NEW_FormatCheckingAgent_LLM_judge_clp_chat,letter_grids,episode_00001,Request Count,2
3488,referencegame,NEW_FormatCheckingAgent_LLM_judge_clp_chat,letter_grids,episode_00001,Parsed Request Count,2
3489,referencegame,NEW_FormatCheckingAgent_LLM_judge_clp_chat,letter_grids,episode_00001,Violated Request Count,0
3490,referencegame,NEW_FormatCheckingAgent_LLM_judge_clp_chat,letter_grids,episode_00001,Aborted,0
3491,referencegame,NEW_FormatCheckingAgent_LLM_judge_clp_chat,letter_grids,episode_00001,Success,0
3492,referencegame,NEW_FormatCheckingAgent_LLM_judge_clp_chat,letter_grids,episode_00001,Lose,1
3493,referencegame,NEW_FormatCheckingAgent_LLM_judge_clp_chat,letter_grids,episode_00001,Main Score,0
3494,referencegame,NEW_FormatCheckingAgent_LLM_judge_clp_chat,letter_grids,episode_00001,Request Success Ratio,1.0
3495,referencegame,NEW_FormatCheckingAgent_LLM_judge_clp_chat,letter_grids,episode_00002,Generated Expression Length,214
3496,referencegame,NEW_FormatCheckingAgent_LLM_judge_clp_chat,letter_grids,episode_00002,Generated Expression Number of Tokens,41
3497,referencegame,NEW_FormatCheckingAgent_LLM_judge_clp_chat,letter_grids,episode_00002,Aborted at Player 1,0
3498,referencegame,NEW_FormatCheckingAgent_LLM_judge_clp_chat,letter_grids,episode_00002,Aborted at Player 2,0
3499,referencegame,NEW_FormatCheckingAgent_LLM_judge_clp_chat,letter_grids,episode_00002,Request Count,2
3500,referencegame,NEW_FormatCheckingAgent_LLM_judge_clp_chat,letter_grids,episode_00002,Parsed Request Count,2
3501,referencegame,NEW_FormatCheckingAgent_LLM_judge_clp_chat,letter_grids,episode_00002,Violated Request Count,0
3502,referencegame,NEW_FormatCheckingAgent_LLM_judge_clp_chat,letter_grids,episode_00002,Aborted,0
3503,referencegame,NEW_FormatCheckingAgent_LLM_judge_clp_chat,letter_grids,episode_00002,Success,1
3504,referencegame,NEW_FormatCheckingAgent_LLM_judge_clp_chat,letter_grids,episode_00002,Lose,0
3505,referencegame,NEW_FormatCheckingAgent_LLM_judge_clp_chat,letter_grids,episode_00002,Main Score,100
3506,referencegame,NEW_FormatCheckingAgent_LLM_judge_clp_chat,letter_grids,episode_00002,Request Success Ratio,1.0
3507,referencegame,NEW_FormatCheckingAgent_LLM_judge_clp_chat,letter_grids,episode_00003,Generated Expression Length,261
3508,referencegame,NEW_FormatCheckingAgent_LLM_judge_clp_chat,letter_grids,episode_00003,Generated Expression Number of Tokens,52
3509,referencegame,NEW_FormatCheckingAgent_LLM_judge_clp_chat,letter_grids,episode_00003,Aborted at Player 1,0
3510,referencegame,NEW_FormatCheckingAgent_LLM_judge_clp_chat,letter_grids,episode_00003,Aborted at Player 2,0
3511,referencegame,NEW_FormatCheckingAgent_LLM_judge_clp_chat,letter_grids,episode_00003,Request Count,2
3512,referencegame,NEW_FormatCheckingAgent_LLM_judge_clp_chat,letter_grids,episode_00003,Parsed Request Count,2
3513,referencegame,NEW_FormatCheckingAgent_LLM_judge_clp_chat,letter_grids,episode_00003,Violated Request Count,0
3514,referencegame,NEW_FormatCheckingAgent_LLM_judge_clp_chat,letter_grids,episode_00003,Aborted,0
3515,referencegame,NEW_FormatCheckingAgent_LLM_judge_clp_chat,letter_grids,episode_00003,Success,0
3516,referencegame,NEW_FormatCheckingAgent_LLM_judge_clp_chat,letter_grids,episode_00003,Lose,1
3517,referencegame,NEW_FormatCheckingAgent_LLM_judge_clp_chat,letter_grids,episode_00003,Main Score,0
3518,referencegame,NEW_FormatCheckingAgent_LLM_judge_clp_chat,letter_grids,episode_00003,Request Success Ratio,1.0
3519,referencegame,NEW_FormatCheckingAgent_LLM_judge_clp_chat,letter_grids,episode_00004,Generated Expression Length,323
3520,referencegame,NEW_FormatCheckingAgent_LLM_judge_clp_chat,letter_grids,episode_00004,Generated Expression Number of Tokens,65
3521,referencegame,NEW_FormatCheckingAgent_LLM_judge_clp_chat,letter_grids,episode_00004,Aborted at Player 1,0
3522,referencegame,NEW_FormatCheckingAgent_LLM_judge_clp_chat,letter_grids,episode_00004,Aborted at Player 2,0
3523,referencegame,NEW_FormatCheckingAgent_LLM_judge_clp_chat,letter_grids,episode_00004,Request Count,2
3524,referencegame,NEW_FormatCheckingAgent_LLM_judge_clp_chat,letter_grids,episode_00004,Parsed Request Count,2
3525,referencegame,NEW_FormatCheckingAgent_LLM_judge_clp_chat,letter_grids,episode_00004,Violated Request Count,0
3526,referencegame,NEW_FormatCheckingAgent_LLM_judge_clp_chat,letter_grids,episode_00004,Aborted,0
3527,referencegame,NEW_FormatCheckingAgent_LLM_judge_clp_chat,letter_grids,episode_00004,Success,1
3528,referencegame,NEW_FormatCheckingAgent_LLM_judge_clp_chat,letter_grids,episode_00004,Lose,0
3529,referencegame,NEW_FormatCheckingAgent_LLM_judge_clp_chat,letter_grids,episode_00004,Main Score,100
3530,referencegame,NEW_FormatCheckingAgent_LLM_judge_clp_chat,letter_grids,episode_00004,Request Success Ratio,1.0
3531,referencegame,NEW_FormatCheckingAgent_LLM_judge_clp_chat,letter_grids,episode_00005,Generated Expression Length,287
3532,referencegame,NEW_FormatCheckingAgent_LLM_judge_clp_chat,letter_grids,episode_00005,Generated Expression Number of Tokens,52
3533,referencegame,NEW_FormatCheckingAgent_LLM_judge_clp_chat,letter_grids,episode_00005,Aborted at Player 1,0
3534,referencegame,NEW_FormatCheckingAgent_LLM_judge_clp_chat,letter_grids,episode_00005,Aborted at Player 2,0
3535,referencegame,NEW_FormatCheckingAgent_LLM_judge_clp_chat,letter_grids,episode_00005,Request Count,2
3536,referencegame,NEW_FormatCheckingAgent_LLM_judge_clp_chat,letter_grids,episode_00005,Parsed Request Count,2
3537,referencegame,NEW_FormatCheckingAgent_LLM_judge_clp_chat,letter_grids,episode_00005,Violated Request Count,0
3538,referencegame,NEW_FormatCheckingAgent_LLM_judge_clp_chat,letter_grids,episode_00005,Aborted,0
3539,referencegame,NEW_FormatCheckingAgent_LLM_judge_clp_chat,letter_grids,episode_00005,Success,1
3540,referencegame,NEW_FormatCheckingAgent_LLM_judge_clp_chat,letter_grids,episode_00005,Lose,0
3541,referencegame,NEW_FormatCheckingAgent_LLM_judge_clp_chat,letter_grids,episode_00005,Main Score,100
3542,referencegame,NEW_FormatCheckingAgent_LLM_judge_clp_chat,letter_grids,episode_00005,Request Success Ratio,1.0
3543,referencegame,NEW_FormatCheckingAgent_LLM_judge_clp_chat,line_grids_columns,episode_00016,Generated Expression Length,231
3544,referencegame,NEW_FormatCheckingAgent_LLM_judge_clp_chat,line_grids_columns,episode_00016,Generated Expression Number of Tokens,46
3545,referencegame,NEW_FormatCheckingAgent_LLM_judge_clp_chat,line_grids_columns,episode_00016,Aborted at Player 1,0
3546,referencegame,NEW_FormatCheckingAgent_LLM_judge_clp_chat,line_grids_columns,episode_00016,Aborted at Player 2,0
3547,referencegame,NEW_FormatCheckingAgent_LLM_judge_clp_chat,line_grids_columns,episode_00016,Request Count,2
3548,referencegame,NEW_FormatCheckingAgent_LLM_judge_clp_chat,line_grids_columns,episode_00016,Parsed Request Count,2
3549,referencegame,NEW_FormatCheckingAgent_LLM_judge_clp_chat,line_grids_columns,episode_00016,Violated Request Count,0
3550,referencegame,NEW_FormatCheckingAgent_LLM_judge_clp_chat,line_grids_columns,episode_00016,Aborted,0
3551,referencegame,NEW_FormatCheckingAgent_LLM_judge_clp_chat,line_grids_columns,episode_00016,Success,1
3552,referencegame,NEW_FormatCheckingAgent_LLM_judge_clp_chat,line_grids_columns,episode_00016,Lose,0
3553,referencegame,NEW_FormatCheckingAgent_LLM_judge_clp_chat,line_grids_columns,episode_00016,Main Score,100
3554,referencegame,NEW_FormatCheckingAgent_LLM_judge_clp_chat,line_grids_columns,episode_00016,Request Success Ratio,1.0
3555,referencegame,NEW_FormatCheckingAgent_LLM_judge_clp_chat,line_grids_columns,episode_00017,Generated Expression Length,157
3556,referencegame,NEW_FormatCheckingAgent_LLM_judge_clp_chat,line_grids_columns,episode_00017,Generated Expression Number of Tokens,27
3557,referencegame,NEW_FormatCheckingAgent_LLM_judge_clp_chat,line_grids_columns,episode_00017,Aborted at Player 1,0
3558,referencegame,NEW_FormatCheckingAgent_LLM_judge_clp_chat,line_grids_columns,episode_00017,Aborted at Player 2,0
3559,referencegame,NEW_FormatCheckingAgent_LLM_judge_clp_chat,line_grids_columns,episode_00017,Request Count,2
3560,referencegame,NEW_FormatCheckingAgent_LLM_judge_clp_chat,line_grids_columns,episode_00017,Parsed Request Count,2
3561,referencegame,NEW_FormatCheckingAgent_LLM_judge_clp_chat,line_grids_columns,episode_00017,Violated Request Count,0
3562,referencegame,NEW_FormatCheckingAgent_LLM_judge_clp_chat,line_grids_columns,episode_00017,Aborted,0
3563,referencegame,NEW_FormatCheckingAgent_LLM_judge_clp_chat,line_grids_columns,episode_00017,Success,0
3564,referencegame,NEW_FormatCheckingAgent_LLM_judge_clp_chat,line_grids_columns,episode_00017,Lose,1
3565,referencegame,NEW_FormatCheckingAgent_LLM_judge_clp_chat,line_grids_columns,episode_00017,Main Score,0
3566,referencegame,NEW_FormatCheckingAgent_LLM_judge_clp_chat,line_grids_columns,episode_00017,Request Success Ratio,1.0
3567,referencegame,NEW_FormatCheckingAgent_LLM_judge_clp_chat,line_grids_columns,episode_00018,Generated Expression Length,197
3568,referencegame,NEW_FormatCheckingAgent_LLM_judge_clp_chat,line_grids_columns,episode_00018,Generated Expression Number of Tokens,37
3569,referencegame,NEW_FormatCheckingAgent_LLM_judge_clp_chat,line_grids_columns,episode_00018,Aborted at Player 1,0
3570,referencegame,NEW_FormatCheckingAgent_LLM_judge_clp_chat,line_grids_columns,episode_00018,Aborted at Player 2,0
3571,referencegame,NEW_FormatCheckingAgent_LLM_judge_clp_chat,line_grids_columns,episode_00018,Request Count,2
3572,referencegame,NEW_FormatCheckingAgent_LLM_judge_clp_chat,line_grids_columns,episode_00018,Parsed Request Count,2
3573,referencegame,NEW_FormatCheckingAgent_LLM_judge_clp_chat,line_grids_columns,episode_00018,Violated Request Count,0
3574,referencegame,NEW_FormatCheckingAgent_LLM_judge_clp_chat,line_grids_columns,episode_00018,Aborted,0
3575,referencegame,NEW_FormatCheckingAgent_LLM_judge_clp_chat,line_grids_columns,episode_00018,Success,0
3576,referencegame,NEW_FormatCheckingAgent_LLM_judge_clp_chat,line_grids_columns,episode_00018,Lose,1
3577,referencegame,NEW_FormatCheckingAgent_LLM_judge_clp_chat,line_grids_columns,episode_00018,Main Score,0
3578,referencegame,NEW_FormatCheckingAgent_LLM_judge_clp_chat,line_grids_columns,episode_00018,Request Success Ratio,1.0
3579,referencegame,NEW_FormatCheckingAgent_LLM_judge_clp_chat,line_grids_columns,episode_00019,Generated Expression Length,132
3580,referencegame,NEW_FormatCheckingAgent_LLM_judge_clp_chat,line_grids_columns,episode_00019,Generated Expression Number of Tokens,25
3581,referencegame,NEW_FormatCheckingAgent_LLM_judge_clp_chat,line_grids_columns,episode_00019,Aborted at Player 1,0
3582,referencegame,NEW_FormatCheckingAgent_LLM_judge_clp_chat,line_grids_columns,episode_00019,Aborted at Player 2,0
3583,referencegame,NEW_FormatCheckingAgent_LLM_judge_clp_chat,line_grids_columns,episode_00019,Request Count,2
3584,referencegame,NEW_FormatCheckingAgent_LLM_judge_clp_chat,line_grids_columns,episode_00019,Parsed Request Count,2
3585,referencegame,NEW_FormatCheckingAgent_LLM_judge_clp_chat,line_grids_columns,episode_00019,Violated Request Count,0
3586,referencegame,NEW_FormatCheckingAgent_LLM_judge_clp_chat,line_grids_columns,episode_00019,Aborted,0
3587,referencegame,NEW_FormatCheckingAgent_LLM_judge_clp_chat,line_grids_columns,episode_00019,Success,1
3588,referencegame,NEW_FormatCheckingAgent_LLM_judge_clp_chat,line_grids_columns,episode_00019,Lose,0
3589,referencegame,NEW_FormatCheckingAgent_LLM_judge_clp_chat,line_grids_columns,episode_00019,Main Score,100
3590,referencegame,NEW_FormatCheckingAgent_LLM_judge_clp_chat,line_grids_columns,episode_00019,Request Success Ratio,1.0
3591,referencegame,NEW_FormatCheckingAgent_LLM_judge_clp_chat,line_grids_columns,episode_00020,Generated Expression Length,132
3592,referencegame,NEW_FormatCheckingAgent_LLM_judge_clp_chat,line_grids_columns,episode_00020,Generated Expression Number of Tokens,25
3593,referencegame,NEW_FormatCheckingAgent_LLM_judge_clp_chat,line_grids_columns,episode_00020,Aborted at Player 1,0
3594,referencegame,NEW_FormatCheckingAgent_LLM_judge_clp_chat,line_grids_columns,episode_00020,Aborted at Player 2,0
3595,referencegame,NEW_FormatCheckingAgent_LLM_judge_clp_chat,line_grids_columns,episode_00020,Request Count,2
3596,referencegame,NEW_FormatCheckingAgent_LLM_judge_clp_chat,line_grids_columns,episode_00020,Parsed Request Count,2
3597,referencegame,NEW_FormatCheckingAgent_LLM_judge_clp_chat,line_grids_columns,episode_00020,Violated Request Count,0
3598,referencegame,NEW_FormatCheckingAgent_LLM_judge_clp_chat,line_grids_columns,episode_00020,Aborted,0
3599,referencegame,NEW_FormatCheckingAgent_LLM_judge_clp_chat,line_grids_columns,episode_00020,Success,1
3600,referencegame,NEW_FormatCheckingAgent_LLM_judge_clp_chat,line_grids_columns,episode_00020,Lose,0
3601,referencegame,NEW_FormatCheckingAgent_LLM_judge_clp_chat,line_grids_columns,episode_00020,Main Score,100
3602,referencegame,NEW_FormatCheckingAgent_LLM_judge_clp_chat,line_grids_columns,episode_00020,Request Success Ratio,1.0
3603,referencegame,NEW_FormatCheckingAgent_LLM_judge_clp_chat,line_grids_rows,episode_00011,Generated Expression Length,109
3604,referencegame,NEW_FormatCheckingAgent_LLM_judge_clp_chat,line_grids_rows,episode_00011,Generated Expression Number of Tokens,21
3605,referencegame,NEW_FormatCheckingAgent_LLM_judge_clp_chat,line_grids_rows,episode_00011,Aborted at Player 1,0
3606,referencegame,NEW_FormatCheckingAgent_LLM_judge_clp_chat,line_grids_rows,episode_00011,Aborted at Player 2,0
3607,referencegame,NEW_FormatCheckingAgent_LLM_judge_clp_chat,line_grids_rows,episode_00011,Request Count,2
3608,referencegame,NEW_FormatCheckingAgent_LLM_judge_clp_chat,line_grids_rows,episode_00011,Parsed Request Count,2
3609,referencegame,NEW_FormatCheckingAgent_LLM_judge_clp_chat,line_grids_rows,episode_00011,Violated Request Count,0
3610,referencegame,NEW_FormatCheckingAgent_LLM_judge_clp_chat,line_grids_rows,episode_00011,Aborted,0
3611,referencegame,NEW_FormatCheckingAgent_LLM_judge_clp_chat,line_grids_rows,episode_00011,Success,1
3612,referencegame,NEW_FormatCheckingAgent_LLM_judge_clp_chat,line_grids_rows,episode_00011,Lose,0
3613,referencegame,NEW_FormatCheckingAgent_LLM_judge_clp_chat,line_grids_rows,episode_00011,Main Score,100
3614,referencegame,NEW_FormatCheckingAgent_LLM_judge_clp_chat,line_grids_rows,episode_00011,Request Success Ratio,1.0
3615,referencegame,NEW_FormatCheckingAgent_LLM_judge_clp_chat,line_grids_rows,episode_00012,Generated Expression Length,143
3616,referencegame,NEW_FormatCheckingAgent_LLM_judge_clp_chat,line_grids_rows,episode_00012,Generated Expression Number of Tokens,27
3617,referencegame,NEW_FormatCheckingAgent_LLM_judge_clp_chat,line_grids_rows,episode_00012,Aborted at Player 1,0
3618,referencegame,NEW_FormatCheckingAgent_LLM_judge_clp_chat,line_grids_rows,episode_00012,Aborted at Player 2,0
3619,referencegame,NEW_FormatCheckingAgent_LLM_judge_clp_chat,line_grids_rows,episode_00012,Request Count,2
3620,referencegame,NEW_FormatCheckingAgent_LLM_judge_clp_chat,line_grids_rows,episode_00012,Parsed Request Count,2
3621,referencegame,NEW_FormatCheckingAgent_LLM_judge_clp_chat,line_grids_rows,episode_00012,Violated Request Count,0
3622,referencegame,NEW_FormatCheckingAgent_LLM_judge_clp_chat,line_grids_rows,episode_00012,Aborted,0
3623,referencegame,NEW_FormatCheckingAgent_LLM_judge_clp_chat,line_grids_rows,episode_00012,Success,1
3624,referencegame,NEW_FormatCheckingAgent_LLM_judge_clp_chat,line_grids_rows,episode_00012,Lose,0
3625,referencegame,NEW_FormatCheckingAgent_LLM_judge_clp_chat,line_grids_rows,episode_00012,Main Score,100
3626,referencegame,NEW_FormatCheckingAgent_LLM_judge_clp_chat,line_grids_rows,episode_00012,Request Success Ratio,1.0
3627,referencegame,NEW_FormatCheckingAgent_LLM_judge_clp_chat,line_grids_rows,episode_00013,Generated Expression Length,109
3628,referencegame,NEW_FormatCheckingAgent_LLM_judge_clp_chat,line_grids_rows,episode_00013,Generated Expression Number of Tokens,21
3629,referencegame,NEW_FormatCheckingAgent_LLM_judge_clp_chat,line_grids_rows,episode_00013,Aborted at Player 1,0
3630,referencegame,NEW_FormatCheckingAgent_LLM_judge_clp_chat,line_grids_rows,episode_00013,Aborted at Player 2,0
3631,referencegame,NEW_FormatCheckingAgent_LLM_judge_clp_chat,line_grids_rows,episode_00013,Request Count,2
3632,referencegame,NEW_FormatCheckingAgent_LLM_judge_clp_chat,line_grids_rows,episode_00013,Parsed Request Count,2
3633,referencegame,NEW_FormatCheckingAgent_LLM_judge_clp_chat,line_grids_rows,episode_00013,Violated Request Count,0
3634,referencegame,NEW_FormatCheckingAgent_LLM_judge_clp_chat,line_grids_rows,episode_00013,Aborted,0
3635,referencegame,NEW_FormatCheckingAgent_LLM_judge_clp_chat,line_grids_rows,episode_00013,Success,1
3636,referencegame,NEW_FormatCheckingAgent_LLM_judge_clp_chat,line_grids_rows,episode_00013,Lose,0
3637,referencegame,NEW_FormatCheckingAgent_LLM_judge_clp_chat,line_grids_rows,episode_00013,Main Score,100
3638,referencegame,NEW_FormatCheckingAgent_LLM_judge_clp_chat,line_grids_rows,episode_00013,Request Success Ratio,1.0
3639,referencegame,NEW_FormatCheckingAgent_LLM_judge_clp_chat,line_grids_rows,episode_00014,Generated Expression Length,136
3640,referencegame,NEW_FormatCheckingAgent_LLM_judge_clp_chat,line_grids_rows,episode_00014,Generated Expression Number of Tokens,25
3641,referencegame,NEW_FormatCheckingAgent_LLM_judge_clp_chat,line_grids_rows,episode_00014,Aborted at Player 1,0
3642,referencegame,NEW_FormatCheckingAgent_LLM_judge_clp_chat,line_grids_rows,episode_00014,Aborted at Player 2,0
3643,referencegame,NEW_FormatCheckingAgent_LLM_judge_clp_chat,line_grids_rows,episode_00014,Request Count,2
3644,referencegame,NEW_FormatCheckingAgent_LLM_judge_clp_chat,line_grids_rows,episode_00014,Parsed Request Count,2
3645,referencegame,NEW_FormatCheckingAgent_LLM_judge_clp_chat,line_grids_rows,episode_00014,Violated Request Count,0
3646,referencegame,NEW_FormatCheckingAgent_LLM_judge_clp_chat,line_grids_rows,episode_00014,Aborted,0
3647,referencegame,NEW_FormatCheckingAgent_LLM_judge_clp_chat,line_grids_rows,episode_00014,Success,1
3648,referencegame,NEW_FormatCheckingAgent_LLM_judge_clp_chat,line_grids_rows,episode_00014,Lose,0
3649,referencegame,NEW_FormatCheckingAgent_LLM_judge_clp_chat,line_grids_rows,episode_00014,Main Score,100
3650,referencegame,NEW_FormatCheckingAgent_LLM_judge_clp_chat,line_grids_rows,episode_00014,Request Success Ratio,1.0
3651,referencegame,NEW_FormatCheckingAgent_LLM_judge_clp_chat,line_grids_rows,episode_00015,Generated Expression Length,166
3652,referencegame,NEW_FormatCheckingAgent_LLM_judge_clp_chat,line_grids_rows,episode_00015,Generated Expression Number of Tokens,30
3653,referencegame,NEW_FormatCheckingAgent_LLM_judge_clp_chat,line_grids_rows,episode_00015,Aborted at Player 1,0
3654,referencegame,NEW_FormatCheckingAgent_LLM_judge_clp_chat,line_grids_rows,episode_00015,Aborted at Player 2,0
3655,referencegame,NEW_FormatCheckingAgent_LLM_judge_clp_chat,line_grids_rows,episode_00015,Request Count,2
3656,referencegame,NEW_FormatCheckingAgent_LLM_judge_clp_chat,line_grids_rows,episode_00015,Parsed Request Count,2
3657,referencegame,NEW_FormatCheckingAgent_LLM_judge_clp_chat,line_grids_rows,episode_00015,Violated Request Count,0
3658,referencegame,NEW_FormatCheckingAgent_LLM_judge_clp_chat,line_grids_rows,episode_00015,Aborted,0
3659,referencegame,NEW_FormatCheckingAgent_LLM_judge_clp_chat,line_grids_rows,episode_00015,Success,0
3660,referencegame,NEW_FormatCheckingAgent_LLM_judge_clp_chat,line_grids_rows,episode_00015,Lose,1
3661,referencegame,NEW_FormatCheckingAgent_LLM_judge_clp_chat,line_grids_rows,episode_00015,Main Score,0
3662,referencegame,NEW_FormatCheckingAgent_LLM_judge_clp_chat,line_grids_rows,episode_00015,Request Success Ratio,1.0
3663,referencegame,NEW_FormatCheckingAgent_LLM_judge_clp_chat,number_grids,episode_00006,Generated Expression Length,363
3664,referencegame,NEW_FormatCheckingAgent_LLM_judge_clp_chat,number_grids,episode_00006,Generated Expression Number of Tokens,70
3665,referencegame,NEW_FormatCheckingAgent_LLM_judge_clp_chat,number_grids,episode_00006,Aborted at Player 1,0
3666,referencegame,NEW_FormatCheckingAgent_LLM_judge_clp_chat,number_grids,episode_00006,Aborted at Player 2,0
3667,referencegame,NEW_FormatCheckingAgent_LLM_judge_clp_chat,number_grids,episode_00006,Request Count,2
3668,referencegame,NEW_FormatCheckingAgent_LLM_judge_clp_chat,number_grids,episode_00006,Parsed Request Count,2
3669,referencegame,NEW_FormatCheckingAgent_LLM_judge_clp_chat,number_grids,episode_00006,Violated Request Count,0
3670,referencegame,NEW_FormatCheckingAgent_LLM_judge_clp_chat,number_grids,episode_00006,Aborted,0
3671,referencegame,NEW_FormatCheckingAgent_LLM_judge_clp_chat,number_grids,episode_00006,Success,1
3672,referencegame,NEW_FormatCheckingAgent_LLM_judge_clp_chat,number_grids,episode_00006,Lose,0
3673,referencegame,NEW_FormatCheckingAgent_LLM_judge_clp_chat,number_grids,episode_00006,Main Score,100
3674,referencegame,NEW_FormatCheckingAgent_LLM_judge_clp_chat,number_grids,episode_00006,Request Success Ratio,1.0
3675,referencegame,NEW_FormatCheckingAgent_LLM_judge_clp_chat,number_grids,episode_00007,Generated Expression Length,329
3676,referencegame,NEW_FormatCheckingAgent_LLM_judge_clp_chat,number_grids,episode_00007,Generated Expression Number of Tokens,61
3677,referencegame,NEW_FormatCheckingAgent_LLM_judge_clp_chat,number_grids,episode_00007,Aborted at Player 1,0
3678,referencegame,NEW_FormatCheckingAgent_LLM_judge_clp_chat,number_grids,episode_00007,Aborted at Player 2,0
3679,referencegame,NEW_FormatCheckingAgent_LLM_judge_clp_chat,number_grids,episode_00007,Request Count,2
3680,referencegame,NEW_FormatCheckingAgent_LLM_judge_clp_chat,number_grids,episode_00007,Parsed Request Count,2
3681,referencegame,NEW_FormatCheckingAgent_LLM_judge_clp_chat,number_grids,episode_00007,Violated Request Count,0
3682,referencegame,NEW_FormatCheckingAgent_LLM_judge_clp_chat,number_grids,episode_00007,Aborted,0
3683,referencegame,NEW_FormatCheckingAgent_LLM_judge_clp_chat,number_grids,episode_00007,Success,0
3684,referencegame,NEW_FormatCheckingAgent_LLM_judge_clp_chat,number_grids,episode_00007,Lose,1
3685,referencegame,NEW_FormatCheckingAgent_LLM_judge_clp_chat,number_grids,episode_00007,Main Score,0
3686,referencegame,NEW_FormatCheckingAgent_LLM_judge_clp_chat,number_grids,episode_00007,Request Success Ratio,1.0
3687,referencegame,NEW_FormatCheckingAgent_LLM_judge_clp_chat,number_grids,episode_00008,Generated Expression Length,405
3688,referencegame,NEW_FormatCheckingAgent_LLM_judge_clp_chat,number_grids,episode_00008,Generated Expression Number of Tokens,84
3689,referencegame,NEW_FormatCheckingAgent_LLM_judge_clp_chat,number_grids,episode_00008,Aborted at Player 1,0
3690,referencegame,NEW_FormatCheckingAgent_LLM_judge_clp_chat,number_grids,episode_00008,Aborted at Player 2,0
3691,referencegame,NEW_FormatCheckingAgent_LLM_judge_clp_chat,number_grids,episode_00008,Request Count,2
3692,referencegame,NEW_FormatCheckingAgent_LLM_judge_clp_chat,number_grids,episode_00008,Parsed Request Count,2
3693,referencegame,NEW_FormatCheckingAgent_LLM_judge_clp_chat,number_grids,episode_00008,Violated Request Count,0
3694,referencegame,NEW_FormatCheckingAgent_LLM_judge_clp_chat,number_grids,episode_00008,Aborted,0
3695,referencegame,NEW_FormatCheckingAgent_LLM_judge_clp_chat,number_grids,episode_00008,Success,1
3696,referencegame,NEW_FormatCheckingAgent_LLM_judge_clp_chat,number_grids,episode_00008,Lose,0
3697,referencegame,NEW_FormatCheckingAgent_LLM_judge_clp_chat,number_grids,episode_00008,Main Score,100
3698,referencegame,NEW_FormatCheckingAgent_LLM_judge_clp_chat,number_grids,episode_00008,Request Success Ratio,1.0
3699,referencegame,NEW_FormatCheckingAgent_LLM_judge_clp_chat,number_grids,episode_00009,Generated Expression Length,139
3700,referencegame,NEW_FormatCheckingAgent_LLM_judge_clp_chat,number_grids,episode_00009,Generated Expression Number of Tokens,27
3701,referencegame,NEW_FormatCheckingAgent_LLM_judge_clp_chat,number_grids,episode_00009,Aborted at Player 1,0
3702,referencegame,NEW_FormatCheckingAgent_LLM_judge_clp_chat,number_grids,episode_00009,Aborted at Player 2,0
3703,referencegame,NEW_FormatCheckingAgent_LLM_judge_clp_chat,number_grids,episode_00009,Request Count,2
3704,referencegame,NEW_FormatCheckingAgent_LLM_judge_clp_chat,number_grids,episode_00009,Parsed Request Count,2
3705,referencegame,NEW_FormatCheckingAgent_LLM_judge_clp_chat,number_grids,episode_00009,Violated Request Count,0
3706,referencegame,NEW_FormatCheckingAgent_LLM_judge_clp_chat,number_grids,episode_00009,Aborted,0
3707,referencegame,NEW_FormatCheckingAgent_LLM_judge_clp_chat,number_grids,episode_00009,Success,1
3708,referencegame,NEW_FormatCheckingAgent_LLM_judge_clp_chat,number_grids,episode_00009,Lose,0
3709,referencegame,NEW_FormatCheckingAgent_LLM_judge_clp_chat,number_grids,episode_00009,Main Score,100
3710,referencegame,NEW_FormatCheckingAgent_LLM_judge_clp_chat,number_grids,episode_00009,Request Success Ratio,1.0
3711,referencegame,NEW_FormatCheckingAgent_LLM_judge_clp_chat,number_grids,episode_00010,Generated Expression Length,212
3712,referencegame,NEW_FormatCheckingAgent_LLM_judge_clp_chat,number_grids,episode_00010,Generated Expression Number of Tokens,42
3713,referencegame,NEW_FormatCheckingAgent_LLM_judge_clp_chat,number_grids,episode_00010,Aborted at Player 1,0
3714,referencegame,NEW_FormatCheckingAgent_LLM_judge_clp_chat,number_grids,episode_00010,Aborted at Player 2,0
3715,referencegame,NEW_FormatCheckingAgent_LLM_judge_clp_chat,number_grids,episode_00010,Request Count,2
3716,referencegame,NEW_FormatCheckingAgent_LLM_judge_clp_chat,number_grids,episode_00010,Parsed Request Count,2
3717,referencegame,NEW_FormatCheckingAgent_LLM_judge_clp_chat,number_grids,episode_00010,Violated Request Count,0
3718,referencegame,NEW_FormatCheckingAgent_LLM_judge_clp_chat,number_grids,episode_00010,Aborted,0
3719,referencegame,NEW_FormatCheckingAgent_LLM_judge_clp_chat,number_grids,episode_00010,Success,1
3720,referencegame,NEW_FormatCheckingAgent_LLM_judge_clp_chat,number_grids,episode_00010,Lose,0
3721,referencegame,NEW_FormatCheckingAgent_LLM_judge_clp_chat,number_grids,episode_00010,Main Score,100
3722,referencegame,NEW_FormatCheckingAgent_LLM_judge_clp_chat,number_grids,episode_00010,Request Success Ratio,1.0
3723,referencegame,NEW_FormatCheckingAgent_LLM_judge_clp_chat,random_grids,episode_00021,Generated Expression Length,374
3724,referencegame,NEW_FormatCheckingAgent_LLM_judge_clp_chat,random_grids,episode_00021,Generated Expression Number of Tokens,73
3725,referencegame,NEW_FormatCheckingAgent_LLM_judge_clp_chat,random_grids,episode_00021,Aborted at Player 1,0
3726,referencegame,NEW_FormatCheckingAgent_LLM_judge_clp_chat,random_grids,episode_00021,Aborted at Player 2,0
3727,referencegame,NEW_FormatCheckingAgent_LLM_judge_clp_chat,random_grids,episode_00021,Request Count,2
3728,referencegame,NEW_FormatCheckingAgent_LLM_judge_clp_chat,random_grids,episode_00021,Parsed Request Count,2
3729,referencegame,NEW_FormatCheckingAgent_LLM_judge_clp_chat,random_grids,episode_00021,Violated Request Count,0
3730,referencegame,NEW_FormatCheckingAgent_LLM_judge_clp_chat,random_grids,episode_00021,Aborted,0
3731,referencegame,NEW_FormatCheckingAgent_LLM_judge_clp_chat,random_grids,episode_00021,Success,1
3732,referencegame,NEW_FormatCheckingAgent_LLM_judge_clp_chat,random_grids,episode_00021,Lose,0
3733,referencegame,NEW_FormatCheckingAgent_LLM_judge_clp_chat,random_grids,episode_00021,Main Score,100
3734,referencegame,NEW_FormatCheckingAgent_LLM_judge_clp_chat,random_grids,episode_00021,Request Success Ratio,1.0
3735,referencegame,NEW_FormatCheckingAgent_LLM_judge_clp_chat,random_grids,episode_00022,Generated Expression Length,332
3736,referencegame,NEW_FormatCheckingAgent_LLM_judge_clp_chat,random_grids,episode_00022,Generated Expression Number of Tokens,68
3737,referencegame,NEW_FormatCheckingAgent_LLM_judge_clp_chat,random_grids,episode_00022,Aborted at Player 1,0
3738,referencegame,NEW_FormatCheckingAgent_LLM_judge_clp_chat,random_grids,episode_00022,Aborted at Player 2,0
3739,referencegame,NEW_FormatCheckingAgent_LLM_judge_clp_chat,random_grids,episode_00022,Request Count,2
3740,referencegame,NEW_FormatCheckingAgent_LLM_judge_clp_chat,random_grids,episode_00022,Parsed Request Count,2
3741,referencegame,NEW_FormatCheckingAgent_LLM_judge_clp_chat,random_grids,episode_00022,Violated Request Count,0
3742,referencegame,NEW_FormatCheckingAgent_LLM_judge_clp_chat,random_grids,episode_00022,Aborted,0
3743,referencegame,NEW_FormatCheckingAgent_LLM_judge_clp_chat,random_grids,episode_00022,Success,1
3744,referencegame,NEW_FormatCheckingAgent_LLM_judge_clp_chat,random_grids,episode_00022,Lose,0
3745,referencegame,NEW_FormatCheckingAgent_LLM_judge_clp_chat,random_grids,episode_00022,Main Score,100
3746,referencegame,NEW_FormatCheckingAgent_LLM_judge_clp_chat,random_grids,episode_00022,Request Success Ratio,1.0
3747,referencegame,NEW_FormatCheckingAgent_LLM_judge_clp_chat,random_grids,episode_00023,Generated Expression Length,245
3748,referencegame,NEW_FormatCheckingAgent_LLM_judge_clp_chat,random_grids,episode_00023,Generated Expression Number of Tokens,43
3749,referencegame,NEW_FormatCheckingAgent_LLM_judge_clp_chat,random_grids,episode_00023,Aborted at Player 1,0
3750,referencegame,NEW_FormatCheckingAgent_LLM_judge_clp_chat,random_grids,episode_00023,Aborted at Player 2,0
3751,referencegame,NEW_FormatCheckingAgent_LLM_judge_clp_chat,random_grids,episode_00023,Request Count,2
3752,referencegame,NEW_FormatCheckingAgent_LLM_judge_clp_chat,random_grids,episode_00023,Parsed Request Count,2
3753,referencegame,NEW_FormatCheckingAgent_LLM_judge_clp_chat,random_grids,episode_00023,Violated Request Count,0
3754,referencegame,NEW_FormatCheckingAgent_LLM_judge_clp_chat,random_grids,episode_00023,Aborted,0
3755,referencegame,NEW_FormatCheckingAgent_LLM_judge_clp_chat,random_grids,episode_00023,Success,0
3756,referencegame,NEW_FormatCheckingAgent_LLM_judge_clp_chat,random_grids,episode_00023,Lose,1
3757,referencegame,NEW_FormatCheckingAgent_LLM_judge_clp_chat,random_grids,episode_00023,Main Score,0
3758,referencegame,NEW_FormatCheckingAgent_LLM_judge_clp_chat,random_grids,episode_00023,Request Success Ratio,1.0
3759,referencegame,NEW_FormatCheckingAgent_LLM_judge_clp_chat,random_grids,episode_00024,Generated Expression Length,530
3760,referencegame,NEW_FormatCheckingAgent_LLM_judge_clp_chat,random_grids,episode_00024,Generated Expression Number of Tokens,97
3761,referencegame,NEW_FormatCheckingAgent_LLM_judge_clp_chat,random_grids,episode_00024,Aborted at Player 1,0
3762,referencegame,NEW_FormatCheckingAgent_LLM_judge_clp_chat,random_grids,episode_00024,Aborted at Player 2,0
3763,referencegame,NEW_FormatCheckingAgent_LLM_judge_clp_chat,random_grids,episode_00024,Request Count,2
3764,referencegame,NEW_FormatCheckingAgent_LLM_judge_clp_chat,random_grids,episode_00024,Parsed Request Count,2
3765,referencegame,NEW_FormatCheckingAgent_LLM_judge_clp_chat,random_grids,episode_00024,Violated Request Count,0
3766,referencegame,NEW_FormatCheckingAgent_LLM_judge_clp_chat,random_grids,episode_00024,Aborted,0
3767,referencegame,NEW_FormatCheckingAgent_LLM_judge_clp_chat,random_grids,episode_00024,Success,0
3768,referencegame,NEW_FormatCheckingAgent_LLM_judge_clp_chat,random_grids,episode_00024,Lose,1
3769,referencegame,NEW_FormatCheckingAgent_LLM_judge_clp_chat,random_grids,episode_00024,Main Score,0
3770,referencegame,NEW_FormatCheckingAgent_LLM_judge_clp_chat,random_grids,episode_00024,Request Success Ratio,1.0
3771,referencegame,NEW_FormatCheckingAgent_LLM_judge_clp_chat,random_grids,episode_00025,Generated Expression Length,266
3772,referencegame,NEW_FormatCheckingAgent_LLM_judge_clp_chat,random_grids,episode_00025,Generated Expression Number of Tokens,51
3773,referencegame,NEW_FormatCheckingAgent_LLM_judge_clp_chat,random_grids,episode_00025,Aborted at Player 1,0
3774,referencegame,NEW_FormatCheckingAgent_LLM_judge_clp_chat,random_grids,episode_00025,Aborted at Player 2,0
3775,referencegame,NEW_FormatCheckingAgent_LLM_judge_clp_chat,random_grids,episode_00025,Request Count,2
3776,referencegame,NEW_FormatCheckingAgent_LLM_judge_clp_chat,random_grids,episode_00025,Parsed Request Count,2
3777,referencegame,NEW_FormatCheckingAgent_LLM_judge_clp_chat,random_grids,episode_00025,Violated Request Count,0
3778,referencegame,NEW_FormatCheckingAgent_LLM_judge_clp_chat,random_grids,episode_00025,Aborted,0
3779,referencegame,NEW_FormatCheckingAgent_LLM_judge_clp_chat,random_grids,episode_00025,Success,0
3780,referencegame,NEW_FormatCheckingAgent_LLM_judge_clp_chat,random_grids,episode_00025,Lose,1
3781,referencegame,NEW_FormatCheckingAgent_LLM_judge_clp_chat,random_grids,episode_00025,Main Score,0
3782,referencegame,NEW_FormatCheckingAgent_LLM_judge_clp_chat,random_grids,episode_00025,Request Success Ratio,1.0
3783,taboo,NEW_FormatCheckingAgent_LLM_judge_clp_chat,high_en,episode_00001,Violated Request Count,0
3784,taboo,NEW_FormatCheckingAgent_LLM_judge_clp_chat,high_en,episode_00001,Parsed Request Count,1
3785,taboo,NEW_FormatCheckingAgent_LLM_judge_clp_chat,high_en,episode_00001,Request Count,1
3786,taboo,NEW_FormatCheckingAgent_LLM_judge_clp_chat,high_en,episode_00001,Request Success Ratio,1.0
3787,taboo,NEW_FormatCheckingAgent_LLM_judge_clp_chat,high_en,episode_00001,Aborted,0
3788,taboo,NEW_FormatCheckingAgent_LLM_judge_clp_chat,high_en,episode_00001,Success,1
3789,taboo,NEW_FormatCheckingAgent_LLM_judge_clp_chat,high_en,episode_00001,Lose,0
3790,taboo,NEW_FormatCheckingAgent_LLM_judge_clp_chat,high_en,episode_00001,Main Score,100.0
3791,taboo,NEW_FormatCheckingAgent_LLM_judge_clp_chat,high_en,episode_00001,Repetition-Guesser,0
3792,taboo,NEW_FormatCheckingAgent_LLM_judge_clp_chat,high_en,episode_00001,Repetition-Describer,0
3793,taboo,NEW_FormatCheckingAgent_LLM_judge_clp_chat,high_en,episode_00002,Violated Request Count,0
3794,taboo,NEW_FormatCheckingAgent_LLM_judge_clp_chat,high_en,episode_00002,Parsed Request Count,1
3795,taboo,NEW_FormatCheckingAgent_LLM_judge_clp_chat,high_en,episode_00002,Request Count,1
3796,taboo,NEW_FormatCheckingAgent_LLM_judge_clp_chat,high_en,episode_00002,Request Success Ratio,1.0
3797,taboo,NEW_FormatCheckingAgent_LLM_judge_clp_chat,high_en,episode_00002,Aborted,0
3798,taboo,NEW_FormatCheckingAgent_LLM_judge_clp_chat,high_en,episode_00002,Success,0
3799,taboo,NEW_FormatCheckingAgent_LLM_judge_clp_chat,high_en,episode_00002,Lose,1
3800,taboo,NEW_FormatCheckingAgent_LLM_judge_clp_chat,high_en,episode_00002,Main Score,0
3801,taboo,NEW_FormatCheckingAgent_LLM_judge_clp_chat,high_en,episode_00002,Repetition-Guesser,0
3802,taboo,NEW_FormatCheckingAgent_LLM_judge_clp_chat,high_en,episode_00002,Repetition-Describer,0
3803,taboo,NEW_FormatCheckingAgent_LLM_judge_clp_chat,high_en,episode_00003,Violated Request Count,0
3804,taboo,NEW_FormatCheckingAgent_LLM_judge_clp_chat,high_en,episode_00003,Parsed Request Count,1
3805,taboo,NEW_FormatCheckingAgent_LLM_judge_clp_chat,high_en,episode_00003,Request Count,1
3806,taboo,NEW_FormatCheckingAgent_LLM_judge_clp_chat,high_en,episode_00003,Request Success Ratio,1.0
3807,taboo,NEW_FormatCheckingAgent_LLM_judge_clp_chat,high_en,episode_00003,Aborted,0
3808,taboo,NEW_FormatCheckingAgent_LLM_judge_clp_chat,high_en,episode_00003,Success,1
3809,taboo,NEW_FormatCheckingAgent_LLM_judge_clp_chat,high_en,episode_00003,Lose,0
3810,taboo,NEW_FormatCheckingAgent_LLM_judge_clp_chat,high_en,episode_00003,Main Score,100.0
3811,taboo,NEW_FormatCheckingAgent_LLM_judge_clp_chat,high_en,episode_00003,Repetition-Guesser,0
3812,taboo,NEW_FormatCheckingAgent_LLM_judge_clp_chat,high_en,episode_00003,Repetition-Describer,0
3813,taboo,NEW_FormatCheckingAgent_LLM_judge_clp_chat,high_en,episode_00004,Violated Request Count,0
3814,taboo,NEW_FormatCheckingAgent_LLM_judge_clp_chat,high_en,episode_00004,Parsed Request Count,1
3815,taboo,NEW_FormatCheckingAgent_LLM_judge_clp_chat,high_en,episode_00004,Request Count,1
3816,taboo,NEW_FormatCheckingAgent_LLM_judge_clp_chat,high_en,episode_00004,Request Success Ratio,1.0
3817,taboo,NEW_FormatCheckingAgent_LLM_judge_clp_chat,high_en,episode_00004,Aborted,0
3818,taboo,NEW_FormatCheckingAgent_LLM_judge_clp_chat,high_en,episode_00004,Success,0
3819,taboo,NEW_FormatCheckingAgent_LLM_judge_clp_chat,high_en,episode_00004,Lose,1
3820,taboo,NEW_FormatCheckingAgent_LLM_judge_clp_chat,high_en,episode_00004,Main Score,0
3821,taboo,NEW_FormatCheckingAgent_LLM_judge_clp_chat,high_en,episode_00004,Repetition-Guesser,0
3822,taboo,NEW_FormatCheckingAgent_LLM_judge_clp_chat,high_en,episode_00004,Repetition-Describer,0
3823,taboo,NEW_FormatCheckingAgent_LLM_judge_clp_chat,high_en,episode_00005,Violated Request Count,0
3824,taboo,NEW_FormatCheckingAgent_LLM_judge_clp_chat,high_en,episode_00005,Parsed Request Count,2
3825,taboo,NEW_FormatCheckingAgent_LLM_judge_clp_chat,high_en,episode_00005,Request Count,2
3826,taboo,NEW_FormatCheckingAgent_LLM_judge_clp_chat,high_en,episode_00005,Request Success Ratio,1.0
3827,taboo,NEW_FormatCheckingAgent_LLM_judge_clp_chat,high_en,episode_00005,Aborted,0
3828,taboo,NEW_FormatCheckingAgent_LLM_judge_clp_chat,high_en,episode_00005,Success,0
3829,taboo,NEW_FormatCheckingAgent_LLM_judge_clp_chat,high_en,episode_00005,Lose,1
3830,taboo,NEW_FormatCheckingAgent_LLM_judge_clp_chat,high_en,episode_00005,Main Score,0
3831,taboo,NEW_FormatCheckingAgent_LLM_judge_clp_chat,high_en,episode_00005,Repetition-Guesser,0
3832,taboo,NEW_FormatCheckingAgent_LLM_judge_clp_chat,high_en,episode_00005,Repetition-Describer,0
3833,taboo,NEW_FormatCheckingAgent_LLM_judge_clp_chat,low_en,episode_00011,Violated Request Count,0
3834,taboo,NEW_FormatCheckingAgent_LLM_judge_clp_chat,low_en,episode_00011,Parsed Request Count,1
3835,taboo,NEW_FormatCheckingAgent_LLM_judge_clp_chat,low_en,episode_00011,Request Count,1
3836,taboo,NEW_FormatCheckingAgent_LLM_judge_clp_chat,low_en,episode_00011,Request Success Ratio,1.0
3837,taboo,NEW_FormatCheckingAgent_LLM_judge_clp_chat,low_en,episode_00011,Aborted,0
3838,taboo,NEW_FormatCheckingAgent_LLM_judge_clp_chat,low_en,episode_00011,Success,0
3839,taboo,NEW_FormatCheckingAgent_LLM_judge_clp_chat,low_en,episode_00011,Lose,1
3840,taboo,NEW_FormatCheckingAgent_LLM_judge_clp_chat,low_en,episode_00011,Main Score,0
3841,taboo,NEW_FormatCheckingAgent_LLM_judge_clp_chat,low_en,episode_00011,Repetition-Guesser,0
3842,taboo,NEW_FormatCheckingAgent_LLM_judge_clp_chat,low_en,episode_00011,Repetition-Describer,0
3843,taboo,NEW_FormatCheckingAgent_LLM_judge_clp_chat,low_en,episode_00012,Violated Request Count,0
3844,taboo,NEW_FormatCheckingAgent_LLM_judge_clp_chat,low_en,episode_00012,Parsed Request Count,1
3845,taboo,NEW_FormatCheckingAgent_LLM_judge_clp_chat,low_en,episode_00012,Request Count,1
3846,taboo,NEW_FormatCheckingAgent_LLM_judge_clp_chat,low_en,episode_00012,Request Success Ratio,1.0
3847,taboo,NEW_FormatCheckingAgent_LLM_judge_clp_chat,low_en,episode_00012,Aborted,0
3848,taboo,NEW_FormatCheckingAgent_LLM_judge_clp_chat,low_en,episode_00012,Success,0
3849,taboo,NEW_FormatCheckingAgent_LLM_judge_clp_chat,low_en,episode_00012,Lose,1
3850,taboo,NEW_FormatCheckingAgent_LLM_judge_clp_chat,low_en,episode_00012,Main Score,0
3851,taboo,NEW_FormatCheckingAgent_LLM_judge_clp_chat,low_en,episode_00012,Repetition-Guesser,0
3852,taboo,NEW_FormatCheckingAgent_LLM_judge_clp_chat,low_en,episode_00012,Repetition-Describer,0
3853,taboo,NEW_FormatCheckingAgent_LLM_judge_clp_chat,low_en,episode_00013,Violated Request Count,1
3854,taboo,NEW_FormatCheckingAgent_LLM_judge_clp_chat,low_en,episode_00013,Parsed Request Count,1
3855,taboo,NEW_FormatCheckingAgent_LLM_judge_clp_chat,low_en,episode_00013,Request Count,2
3856,taboo,NEW_FormatCheckingAgent_LLM_judge_clp_chat,low_en,episode_00013,Request Success Ratio,0.5
3857,taboo,NEW_FormatCheckingAgent_LLM_judge_clp_chat,low_en,episode_00013,Aborted,1
3858,taboo,NEW_FormatCheckingAgent_LLM_judge_clp_chat,low_en,episode_00013,Success,0
3859,taboo,NEW_FormatCheckingAgent_LLM_judge_clp_chat,low_en,episode_00013,Lose,0
3860,taboo,NEW_FormatCheckingAgent_LLM_judge_clp_chat,low_en,episode_00013,Main Score,
3861,taboo,NEW_FormatCheckingAgent_LLM_judge_clp_chat,low_en,episode_00013,Repetition-Guesser,0
3862,taboo,NEW_FormatCheckingAgent_LLM_judge_clp_chat,low_en,episode_00013,Repetition-Describer,0
3863,taboo,NEW_FormatCheckingAgent_LLM_judge_clp_chat,low_en,episode_00014,Violated Request Count,0
3864,taboo,NEW_FormatCheckingAgent_LLM_judge_clp_chat,low_en,episode_00014,Parsed Request Count,2
3865,taboo,NEW_FormatCheckingAgent_LLM_judge_clp_chat,low_en,episode_00014,Request Count,2
3866,taboo,NEW_FormatCheckingAgent_LLM_judge_clp_chat,low_en,episode_00014,Request Success Ratio,1.0
3867,taboo,NEW_FormatCheckingAgent_LLM_judge_clp_chat,low_en,episode_00014,Aborted,0
3868,taboo,NEW_FormatCheckingAgent_LLM_judge_clp_chat,low_en,episode_00014,Success,0
3869,taboo,NEW_FormatCheckingAgent_LLM_judge_clp_chat,low_en,episode_00014,Lose,1
3870,taboo,NEW_FormatCheckingAgent_LLM_judge_clp_chat,low_en,episode_00014,Main Score,0
3871,taboo,NEW_FormatCheckingAgent_LLM_judge_clp_chat,low_en,episode_00014,Repetition-Guesser,0
3872,taboo,NEW_FormatCheckingAgent_LLM_judge_clp_chat,low_en,episode_00014,Repetition-Describer,0
3873,taboo,NEW_FormatCheckingAgent_LLM_judge_clp_chat,low_en,episode_00015,Violated Request Count,0
3874,taboo,NEW_FormatCheckingAgent_LLM_judge_clp_chat,low_en,episode_00015,Parsed Request Count,1
3875,taboo,NEW_FormatCheckingAgent_LLM_judge_clp_chat,low_en,episode_00015,Request Count,1
3876,taboo,NEW_FormatCheckingAgent_LLM_judge_clp_chat,low_en,episode_00015,Request Success Ratio,1.0
3877,taboo,NEW_FormatCheckingAgent_LLM_judge_clp_chat,low_en,episode_00015,Aborted,0
3878,taboo,NEW_FormatCheckingAgent_LLM_judge_clp_chat,low_en,episode_00015,Success,1
3879,taboo,NEW_FormatCheckingAgent_LLM_judge_clp_chat,low_en,episode_00015,Lose,0
3880,taboo,NEW_FormatCheckingAgent_LLM_judge_clp_chat,low_en,episode_00015,Main Score,100.0
3881,taboo,NEW_FormatCheckingAgent_LLM_judge_clp_chat,low_en,episode_00015,Repetition-Guesser,0
3882,taboo,NEW_FormatCheckingAgent_LLM_judge_clp_chat,low_en,episode_00015,Repetition-Describer,0
3883,taboo,NEW_FormatCheckingAgent_LLM_judge_clp_chat,medium_en,episode_00006,Violated Request Count,0
3884,taboo,NEW_FormatCheckingAgent_LLM_judge_clp_chat,medium_en,episode_00006,Parsed Request Count,1
3885,taboo,NEW_FormatCheckingAgent_LLM_judge_clp_chat,medium_en,episode_00006,Request Count,1
3886,taboo,NEW_FormatCheckingAgent_LLM_judge_clp_chat,medium_en,episode_00006,Request Success Ratio,1.0
3887,taboo,NEW_FormatCheckingAgent_LLM_judge_clp_chat,medium_en,episode_00006,Aborted,0
3888,taboo,NEW_FormatCheckingAgent_LLM_judge_clp_chat,medium_en,episode_00006,Success,0
3889,taboo,NEW_FormatCheckingAgent_LLM_judge_clp_chat,medium_en,episode_00006,Lose,1
3890,taboo,NEW_FormatCheckingAgent_LLM_judge_clp_chat,medium_en,episode_00006,Main Score,0
3891,taboo,NEW_FormatCheckingAgent_LLM_judge_clp_chat,medium_en,episode_00006,Repetition-Guesser,0
3892,taboo,NEW_FormatCheckingAgent_LLM_judge_clp_chat,medium_en,episode_00006,Repetition-Describer,0
3893,taboo,NEW_FormatCheckingAgent_LLM_judge_clp_chat,medium_en,episode_00007,Violated Request Count,0
3894,taboo,NEW_FormatCheckingAgent_LLM_judge_clp_chat,medium_en,episode_00007,Parsed Request Count,3
3895,taboo,NEW_FormatCheckingAgent_LLM_judge_clp_chat,medium_en,episode_00007,Request Count,3
3896,taboo,NEW_FormatCheckingAgent_LLM_judge_clp_chat,medium_en,episode_00007,Request Success Ratio,1.0
3897,taboo,NEW_FormatCheckingAgent_LLM_judge_clp_chat,medium_en,episode_00007,Aborted,0
3898,taboo,NEW_FormatCheckingAgent_LLM_judge_clp_chat,medium_en,episode_00007,Success,0
3899,taboo,NEW_FormatCheckingAgent_LLM_judge_clp_chat,medium_en,episode_00007,Lose,1
3900,taboo,NEW_FormatCheckingAgent_LLM_judge_clp_chat,medium_en,episode_00007,Main Score,0
3901,taboo,NEW_FormatCheckingAgent_LLM_judge_clp_chat,medium_en,episode_00007,Repetition-Guesser,0
3902,taboo,NEW_FormatCheckingAgent_LLM_judge_clp_chat,medium_en,episode_00007,Repetition-Describer,0
3903,taboo,NEW_FormatCheckingAgent_LLM_judge_clp_chat,medium_en,episode_00008,Violated Request Count,0
3904,taboo,NEW_FormatCheckingAgent_LLM_judge_clp_chat,medium_en,episode_00008,Parsed Request Count,2
3905,taboo,NEW_FormatCheckingAgent_LLM_judge_clp_chat,medium_en,episode_00008,Request Count,2
3906,taboo,NEW_FormatCheckingAgent_LLM_judge_clp_chat,medium_en,episode_00008,Request Success Ratio,1.0
3907,taboo,NEW_FormatCheckingAgent_LLM_judge_clp_chat,medium_en,episode_00008,Aborted,0
3908,taboo,NEW_FormatCheckingAgent_LLM_judge_clp_chat,medium_en,episode_00008,Success,0
3909,taboo,NEW_FormatCheckingAgent_LLM_judge_clp_chat,medium_en,episode_00008,Lose,1
3910,taboo,NEW_FormatCheckingAgent_LLM_judge_clp_chat,medium_en,episode_00008,Main Score,0
3911,taboo,NEW_FormatCheckingAgent_LLM_judge_clp_chat,medium_en,episode_00008,Repetition-Guesser,0
3912,taboo,NEW_FormatCheckingAgent_LLM_judge_clp_chat,medium_en,episode_00008,Repetition-Describer,0
3913,taboo,NEW_FormatCheckingAgent_LLM_judge_clp_chat,medium_en,episode_00009,Violated Request Count,0
3914,taboo,NEW_FormatCheckingAgent_LLM_judge_clp_chat,medium_en,episode_00009,Parsed Request Count,2
3915,taboo,NEW_FormatCheckingAgent_LLM_judge_clp_chat,medium_en,episode_00009,Request Count,2
3916,taboo,NEW_FormatCheckingAgent_LLM_judge_clp_chat,medium_en,episode_00009,Request Success Ratio,1.0
3917,taboo,NEW_FormatCheckingAgent_LLM_judge_clp_chat,medium_en,episode_00009,Aborted,0
3918,taboo,NEW_FormatCheckingAgent_LLM_judge_clp_chat,medium_en,episode_00009,Success,0
3919,taboo,NEW_FormatCheckingAgent_LLM_judge_clp_chat,medium_en,episode_00009,Lose,1
3920,taboo,NEW_FormatCheckingAgent_LLM_judge_clp_chat,medium_en,episode_00009,Main Score,0
3921,taboo,NEW_FormatCheckingAgent_LLM_judge_clp_chat,medium_en,episode_00009,Repetition-Guesser,0
3922,taboo,NEW_FormatCheckingAgent_LLM_judge_clp_chat,medium_en,episode_00009,Repetition-Describer,0
3923,taboo,NEW_FormatCheckingAgent_LLM_judge_clp_chat,medium_en,episode_00010,Violated Request Count,0
3924,taboo,NEW_FormatCheckingAgent_LLM_judge_clp_chat,medium_en,episode_00010,Parsed Request Count,1
3925,taboo,NEW_FormatCheckingAgent_LLM_judge_clp_chat,medium_en,episode_00010,Request Count,1
3926,taboo,NEW_FormatCheckingAgent_LLM_judge_clp_chat,medium_en,episode_00010,Request Success Ratio,1.0
3927,taboo,NEW_FormatCheckingAgent_LLM_judge_clp_chat,medium_en,episode_00010,Aborted,0
3928,taboo,NEW_FormatCheckingAgent_LLM_judge_clp_chat,medium_en,episode_00010,Success,1
3929,taboo,NEW_FormatCheckingAgent_LLM_judge_clp_chat,medium_en,episode_00010,Lose,0
3930,taboo,NEW_FormatCheckingAgent_LLM_judge_clp_chat,medium_en,episode_00010,Main Score,100.0
3931,taboo,NEW_FormatCheckingAgent_LLM_judge_clp_chat,medium_en,episode_00010,Repetition-Guesser,0
3932,taboo,NEW_FormatCheckingAgent_LLM_judge_clp_chat,medium_en,episode_00010,Repetition-Describer,0
3933,textmapworld,NEW_FormatCheckingAgent_LLM_judge_clp_chat,large,episode_00011,Aborted,1
3934,textmapworld,NEW_FormatCheckingAgent_LLM_judge_clp_chat,large,episode_00011,Success,0
3935,textmapworld,NEW_FormatCheckingAgent_LLM_judge_clp_chat,large,episode_00011,Lose,0
3936,textmapworld,NEW_FormatCheckingAgent_LLM_judge_clp_chat,large,episode_00011,moves,
3937,textmapworld,NEW_FormatCheckingAgent_LLM_judge_clp_chat,large,episode_00011,valid_moves,
3938,textmapworld,NEW_FormatCheckingAgent_LLM_judge_clp_chat,large,episode_00011,invalid_moves,
3939,textmapworld,NEW_FormatCheckingAgent_LLM_judge_clp_chat,large,episode_00011,stopped,
3940,textmapworld,NEW_FormatCheckingAgent_LLM_judge_clp_chat,large,episode_00011,turns_limit,
3941,textmapworld,NEW_FormatCheckingAgent_LLM_judge_clp_chat,large,episode_00011,loops,
3942,textmapworld,NEW_FormatCheckingAgent_LLM_judge_clp_chat,large,episode_00011,number_visited,
3943,textmapworld,NEW_FormatCheckingAgent_LLM_judge_clp_chat,large,episode_00011,seen,
3944,textmapworld,NEW_FormatCheckingAgent_LLM_judge_clp_chat,large,episode_00011,efficiency,
3945,textmapworld,NEW_FormatCheckingAgent_LLM_judge_clp_chat,large,episode_00011,exploration,
3946,textmapworld,NEW_FormatCheckingAgent_LLM_judge_clp_chat,large,episode_00011,Main Score,
3947,textmapworld,NEW_FormatCheckingAgent_LLM_judge_clp_chat,large,episode_00012,Aborted,1
3948,textmapworld,NEW_FormatCheckingAgent_LLM_judge_clp_chat,large,episode_00012,Success,0
3949,textmapworld,NEW_FormatCheckingAgent_LLM_judge_clp_chat,large,episode_00012,Lose,0
3950,textmapworld,NEW_FormatCheckingAgent_LLM_judge_clp_chat,large,episode_00012,moves,
3951,textmapworld,NEW_FormatCheckingAgent_LLM_judge_clp_chat,large,episode_00012,valid_moves,
3952,textmapworld,NEW_FormatCheckingAgent_LLM_judge_clp_chat,large,episode_00012,invalid_moves,
3953,textmapworld,NEW_FormatCheckingAgent_LLM_judge_clp_chat,large,episode_00012,stopped,
3954,textmapworld,NEW_FormatCheckingAgent_LLM_judge_clp_chat,large,episode_00012,turns_limit,
3955,textmapworld,NEW_FormatCheckingAgent_LLM_judge_clp_chat,large,episode_00012,loops,
3956,textmapworld,NEW_FormatCheckingAgent_LLM_judge_clp_chat,large,episode_00012,number_visited,
3957,textmapworld,NEW_FormatCheckingAgent_LLM_judge_clp_chat,large,episode_00012,seen,
3958,textmapworld,NEW_FormatCheckingAgent_LLM_judge_clp_chat,large,episode_00012,efficiency,
3959,textmapworld,NEW_FormatCheckingAgent_LLM_judge_clp_chat,large,episode_00012,exploration,
3960,textmapworld,NEW_FormatCheckingAgent_LLM_judge_clp_chat,large,episode_00012,Main Score,
3961,textmapworld,NEW_FormatCheckingAgent_LLM_judge_clp_chat,large,episode_00013,Aborted,1
3962,textmapworld,NEW_FormatCheckingAgent_LLM_judge_clp_chat,large,episode_00013,Success,0
3963,textmapworld,NEW_FormatCheckingAgent_LLM_judge_clp_chat,large,episode_00013,Lose,0
3964,textmapworld,NEW_FormatCheckingAgent_LLM_judge_clp_chat,large,episode_00013,moves,
3965,textmapworld,NEW_FormatCheckingAgent_LLM_judge_clp_chat,large,episode_00013,valid_moves,
3966,textmapworld,NEW_FormatCheckingAgent_LLM_judge_clp_chat,large,episode_00013,invalid_moves,
3967,textmapworld,NEW_FormatCheckingAgent_LLM_judge_clp_chat,large,episode_00013,stopped,
3968,textmapworld,NEW_FormatCheckingAgent_LLM_judge_clp_chat,large,episode_00013,turns_limit,
3969,textmapworld,NEW_FormatCheckingAgent_LLM_judge_clp_chat,large,episode_00013,loops,
3970,textmapworld,NEW_FormatCheckingAgent_LLM_judge_clp_chat,large,episode_00013,number_visited,
3971,textmapworld,NEW_FormatCheckingAgent_LLM_judge_clp_chat,large,episode_00013,seen,
3972,textmapworld,NEW_FormatCheckingAgent_LLM_judge_clp_chat,large,episode_00013,efficiency,
3973,textmapworld,NEW_FormatCheckingAgent_LLM_judge_clp_chat,large,episode_00013,exploration,
3974,textmapworld,NEW_FormatCheckingAgent_LLM_judge_clp_chat,large,episode_00013,Main Score,
3975,textmapworld,NEW_FormatCheckingAgent_LLM_judge_clp_chat,large,episode_00014,Aborted,1
3976,textmapworld,NEW_FormatCheckingAgent_LLM_judge_clp_chat,large,episode_00014,Success,0
3977,textmapworld,NEW_FormatCheckingAgent_LLM_judge_clp_chat,large,episode_00014,Lose,0
3978,textmapworld,NEW_FormatCheckingAgent_LLM_judge_clp_chat,large,episode_00014,moves,
3979,textmapworld,NEW_FormatCheckingAgent_LLM_judge_clp_chat,large,episode_00014,valid_moves,
3980,textmapworld,NEW_FormatCheckingAgent_LLM_judge_clp_chat,large,episode_00014,invalid_moves,
3981,textmapworld,NEW_FormatCheckingAgent_LLM_judge_clp_chat,large,episode_00014,stopped,
3982,textmapworld,NEW_FormatCheckingAgent_LLM_judge_clp_chat,large,episode_00014,turns_limit,
3983,textmapworld,NEW_FormatCheckingAgent_LLM_judge_clp_chat,large,episode_00014,loops,
3984,textmapworld,NEW_FormatCheckingAgent_LLM_judge_clp_chat,large,episode_00014,number_visited,
3985,textmapworld,NEW_FormatCheckingAgent_LLM_judge_clp_chat,large,episode_00014,seen,
3986,textmapworld,NEW_FormatCheckingAgent_LLM_judge_clp_chat,large,episode_00014,efficiency,
3987,textmapworld,NEW_FormatCheckingAgent_LLM_judge_clp_chat,large,episode_00014,exploration,
3988,textmapworld,NEW_FormatCheckingAgent_LLM_judge_clp_chat,large,episode_00014,Main Score,
3989,textmapworld,NEW_FormatCheckingAgent_LLM_judge_clp_chat,large,episode_00015,Aborted,1
3990,textmapworld,NEW_FormatCheckingAgent_LLM_judge_clp_chat,large,episode_00015,Success,0
3991,textmapworld,NEW_FormatCheckingAgent_LLM_judge_clp_chat,large,episode_00015,Lose,0
3992,textmapworld,NEW_FormatCheckingAgent_LLM_judge_clp_chat,large,episode_00015,moves,
3993,textmapworld,NEW_FormatCheckingAgent_LLM_judge_clp_chat,large,episode_00015,valid_moves,
3994,textmapworld,NEW_FormatCheckingAgent_LLM_judge_clp_chat,large,episode_00015,invalid_moves,
3995,textmapworld,NEW_FormatCheckingAgent_LLM_judge_clp_chat,large,episode_00015,stopped,
3996,textmapworld,NEW_FormatCheckingAgent_LLM_judge_clp_chat,large,episode_00015,turns_limit,
3997,textmapworld,NEW_FormatCheckingAgent_LLM_judge_clp_chat,large,episode_00015,loops,
3998,textmapworld,NEW_FormatCheckingAgent_LLM_judge_clp_chat,large,episode_00015,number_visited,
3999,textmapworld,NEW_FormatCheckingAgent_LLM_judge_clp_chat,large,episode_00015,seen,
4000,textmapworld,NEW_FormatCheckingAgent_LLM_judge_clp_chat,large,episode_00015,efficiency,
4001,textmapworld,NEW_FormatCheckingAgent_LLM_judge_clp_chat,large,episode_00015,exploration,
4002,textmapworld,NEW_FormatCheckingAgent_LLM_judge_clp_chat,large,episode_00015,Main Score,
4003,textmapworld,NEW_FormatCheckingAgent_LLM_judge_clp_chat,large_cycle,episode_00021,Aborted,1
4004,textmapworld,NEW_FormatCheckingAgent_LLM_judge_clp_chat,large_cycle,episode_00021,Success,0
4005,textmapworld,NEW_FormatCheckingAgent_LLM_judge_clp_chat,large_cycle,episode_00021,Lose,0
4006,textmapworld,NEW_FormatCheckingAgent_LLM_judge_clp_chat,large_cycle,episode_00021,moves,
4007,textmapworld,NEW_FormatCheckingAgent_LLM_judge_clp_chat,large_cycle,episode_00021,valid_moves,
4008,textmapworld,NEW_FormatCheckingAgent_LLM_judge_clp_chat,large_cycle,episode_00021,invalid_moves,
4009,textmapworld,NEW_FormatCheckingAgent_LLM_judge_clp_chat,large_cycle,episode_00021,stopped,
4010,textmapworld,NEW_FormatCheckingAgent_LLM_judge_clp_chat,large_cycle,episode_00021,turns_limit,
4011,textmapworld,NEW_FormatCheckingAgent_LLM_judge_clp_chat,large_cycle,episode_00021,loops,
4012,textmapworld,NEW_FormatCheckingAgent_LLM_judge_clp_chat,large_cycle,episode_00021,number_visited,
4013,textmapworld,NEW_FormatCheckingAgent_LLM_judge_clp_chat,large_cycle,episode_00021,seen,
4014,textmapworld,NEW_FormatCheckingAgent_LLM_judge_clp_chat,large_cycle,episode_00021,efficiency,
4015,textmapworld,NEW_FormatCheckingAgent_LLM_judge_clp_chat,large_cycle,episode_00021,exploration,
4016,textmapworld,NEW_FormatCheckingAgent_LLM_judge_clp_chat,large_cycle,episode_00021,Main Score,
4017,textmapworld,NEW_FormatCheckingAgent_LLM_judge_clp_chat,large_cycle,episode_00022,Aborted,1
4018,textmapworld,NEW_FormatCheckingAgent_LLM_judge_clp_chat,large_cycle,episode_00022,Success,0
4019,textmapworld,NEW_FormatCheckingAgent_LLM_judge_clp_chat,large_cycle,episode_00022,Lose,0
4020,textmapworld,NEW_FormatCheckingAgent_LLM_judge_clp_chat,large_cycle,episode_00022,moves,
4021,textmapworld,NEW_FormatCheckingAgent_LLM_judge_clp_chat,large_cycle,episode_00022,valid_moves,
4022,textmapworld,NEW_FormatCheckingAgent_LLM_judge_clp_chat,large_cycle,episode_00022,invalid_moves,
4023,textmapworld,NEW_FormatCheckingAgent_LLM_judge_clp_chat,large_cycle,episode_00022,stopped,
4024,textmapworld,NEW_FormatCheckingAgent_LLM_judge_clp_chat,large_cycle,episode_00022,turns_limit,
4025,textmapworld,NEW_FormatCheckingAgent_LLM_judge_clp_chat,large_cycle,episode_00022,loops,
4026,textmapworld,NEW_FormatCheckingAgent_LLM_judge_clp_chat,large_cycle,episode_00022,number_visited,
4027,textmapworld,NEW_FormatCheckingAgent_LLM_judge_clp_chat,large_cycle,episode_00022,seen,
4028,textmapworld,NEW_FormatCheckingAgent_LLM_judge_clp_chat,large_cycle,episode_00022,efficiency,
4029,textmapworld,NEW_FormatCheckingAgent_LLM_judge_clp_chat,large_cycle,episode_00022,exploration,
4030,textmapworld,NEW_FormatCheckingAgent_LLM_judge_clp_chat,large_cycle,episode_00022,Main Score,
4031,textmapworld,NEW_FormatCheckingAgent_LLM_judge_clp_chat,large_cycle,episode_00023,Aborted,1
4032,textmapworld,NEW_FormatCheckingAgent_LLM_judge_clp_chat,large_cycle,episode_00023,Success,0
4033,textmapworld,NEW_FormatCheckingAgent_LLM_judge_clp_chat,large_cycle,episode_00023,Lose,0
4034,textmapworld,NEW_FormatCheckingAgent_LLM_judge_clp_chat,large_cycle,episode_00023,moves,
4035,textmapworld,NEW_FormatCheckingAgent_LLM_judge_clp_chat,large_cycle,episode_00023,valid_moves,
4036,textmapworld,NEW_FormatCheckingAgent_LLM_judge_clp_chat,large_cycle,episode_00023,invalid_moves,
4037,textmapworld,NEW_FormatCheckingAgent_LLM_judge_clp_chat,large_cycle,episode_00023,stopped,
4038,textmapworld,NEW_FormatCheckingAgent_LLM_judge_clp_chat,large_cycle,episode_00023,turns_limit,
4039,textmapworld,NEW_FormatCheckingAgent_LLM_judge_clp_chat,large_cycle,episode_00023,loops,
4040,textmapworld,NEW_FormatCheckingAgent_LLM_judge_clp_chat,large_cycle,episode_00023,number_visited,
4041,textmapworld,NEW_FormatCheckingAgent_LLM_judge_clp_chat,large_cycle,episode_00023,seen,
4042,textmapworld,NEW_FormatCheckingAgent_LLM_judge_clp_chat,large_cycle,episode_00023,efficiency,
4043,textmapworld,NEW_FormatCheckingAgent_LLM_judge_clp_chat,large_cycle,episode_00023,exploration,
4044,textmapworld,NEW_FormatCheckingAgent_LLM_judge_clp_chat,large_cycle,episode_00023,Main Score,
4045,textmapworld,NEW_FormatCheckingAgent_LLM_judge_clp_chat,large_cycle,episode_00024,Aborted,1
4046,textmapworld,NEW_FormatCheckingAgent_LLM_judge_clp_chat,large_cycle,episode_00024,Success,0
4047,textmapworld,NEW_FormatCheckingAgent_LLM_judge_clp_chat,large_cycle,episode_00024,Lose,0
4048,textmapworld,NEW_FormatCheckingAgent_LLM_judge_clp_chat,large_cycle,episode_00024,moves,
4049,textmapworld,NEW_FormatCheckingAgent_LLM_judge_clp_chat,large_cycle,episode_00024,valid_moves,
4050,textmapworld,NEW_FormatCheckingAgent_LLM_judge_clp_chat,large_cycle,episode_00024,invalid_moves,
4051,textmapworld,NEW_FormatCheckingAgent_LLM_judge_clp_chat,large_cycle,episode_00024,stopped,
4052,textmapworld,NEW_FormatCheckingAgent_LLM_judge_clp_chat,large_cycle,episode_00024,turns_limit,
4053,textmapworld,NEW_FormatCheckingAgent_LLM_judge_clp_chat,large_cycle,episode_00024,loops,
4054,textmapworld,NEW_FormatCheckingAgent_LLM_judge_clp_chat,large_cycle,episode_00024,number_visited,
4055,textmapworld,NEW_FormatCheckingAgent_LLM_judge_clp_chat,large_cycle,episode_00024,seen,
4056,textmapworld,NEW_FormatCheckingAgent_LLM_judge_clp_chat,large_cycle,episode_00024,efficiency,
4057,textmapworld,NEW_FormatCheckingAgent_LLM_judge_clp_chat,large_cycle,episode_00024,exploration,
4058,textmapworld,NEW_FormatCheckingAgent_LLM_judge_clp_chat,large_cycle,episode_00024,Main Score,
4059,textmapworld,NEW_FormatCheckingAgent_LLM_judge_clp_chat,large_cycle,episode_00025,Aborted,1
4060,textmapworld,NEW_FormatCheckingAgent_LLM_judge_clp_chat,large_cycle,episode_00025,Success,0
4061,textmapworld,NEW_FormatCheckingAgent_LLM_judge_clp_chat,large_cycle,episode_00025,Lose,0
4062,textmapworld,NEW_FormatCheckingAgent_LLM_judge_clp_chat,large_cycle,episode_00025,moves,
4063,textmapworld,NEW_FormatCheckingAgent_LLM_judge_clp_chat,large_cycle,episode_00025,valid_moves,
4064,textmapworld,NEW_FormatCheckingAgent_LLM_judge_clp_chat,large_cycle,episode_00025,invalid_moves,
4065,textmapworld,NEW_FormatCheckingAgent_LLM_judge_clp_chat,large_cycle,episode_00025,stopped,
4066,textmapworld,NEW_FormatCheckingAgent_LLM_judge_clp_chat,large_cycle,episode_00025,turns_limit,
4067,textmapworld,NEW_FormatCheckingAgent_LLM_judge_clp_chat,large_cycle,episode_00025,loops,
4068,textmapworld,NEW_FormatCheckingAgent_LLM_judge_clp_chat,large_cycle,episode_00025,number_visited,
4069,textmapworld,NEW_FormatCheckingAgent_LLM_judge_clp_chat,large_cycle,episode_00025,seen,
4070,textmapworld,NEW_FormatCheckingAgent_LLM_judge_clp_chat,large_cycle,episode_00025,efficiency,
4071,textmapworld,NEW_FormatCheckingAgent_LLM_judge_clp_chat,large_cycle,episode_00025,exploration,
4072,textmapworld,NEW_FormatCheckingAgent_LLM_judge_clp_chat,large_cycle,episode_00025,Main Score,
4073,textmapworld,NEW_FormatCheckingAgent_LLM_judge_clp_chat,medium,episode_00006,Aborted,1
4074,textmapworld,NEW_FormatCheckingAgent_LLM_judge_clp_chat,medium,episode_00006,Success,0
4075,textmapworld,NEW_FormatCheckingAgent_LLM_judge_clp_chat,medium,episode_00006,Lose,0
4076,textmapworld,NEW_FormatCheckingAgent_LLM_judge_clp_chat,medium,episode_00006,moves,
4077,textmapworld,NEW_FormatCheckingAgent_LLM_judge_clp_chat,medium,episode_00006,valid_moves,
4078,textmapworld,NEW_FormatCheckingAgent_LLM_judge_clp_chat,medium,episode_00006,invalid_moves,
4079,textmapworld,NEW_FormatCheckingAgent_LLM_judge_clp_chat,medium,episode_00006,stopped,
4080,textmapworld,NEW_FormatCheckingAgent_LLM_judge_clp_chat,medium,episode_00006,turns_limit,
4081,textmapworld,NEW_FormatCheckingAgent_LLM_judge_clp_chat,medium,episode_00006,loops,
4082,textmapworld,NEW_FormatCheckingAgent_LLM_judge_clp_chat,medium,episode_00006,number_visited,
4083,textmapworld,NEW_FormatCheckingAgent_LLM_judge_clp_chat,medium,episode_00006,seen,
4084,textmapworld,NEW_FormatCheckingAgent_LLM_judge_clp_chat,medium,episode_00006,efficiency,
4085,textmapworld,NEW_FormatCheckingAgent_LLM_judge_clp_chat,medium,episode_00006,exploration,
4086,textmapworld,NEW_FormatCheckingAgent_LLM_judge_clp_chat,medium,episode_00006,Main Score,
4087,textmapworld,NEW_FormatCheckingAgent_LLM_judge_clp_chat,medium,episode_00007,Aborted,1
4088,textmapworld,NEW_FormatCheckingAgent_LLM_judge_clp_chat,medium,episode_00007,Success,0
4089,textmapworld,NEW_FormatCheckingAgent_LLM_judge_clp_chat,medium,episode_00007,Lose,0
4090,textmapworld,NEW_FormatCheckingAgent_LLM_judge_clp_chat,medium,episode_00007,moves,
4091,textmapworld,NEW_FormatCheckingAgent_LLM_judge_clp_chat,medium,episode_00007,valid_moves,
4092,textmapworld,NEW_FormatCheckingAgent_LLM_judge_clp_chat,medium,episode_00007,invalid_moves,
4093,textmapworld,NEW_FormatCheckingAgent_LLM_judge_clp_chat,medium,episode_00007,stopped,
4094,textmapworld,NEW_FormatCheckingAgent_LLM_judge_clp_chat,medium,episode_00007,turns_limit,
4095,textmapworld,NEW_FormatCheckingAgent_LLM_judge_clp_chat,medium,episode_00007,loops,
4096,textmapworld,NEW_FormatCheckingAgent_LLM_judge_clp_chat,medium,episode_00007,number_visited,
4097,textmapworld,NEW_FormatCheckingAgent_LLM_judge_clp_chat,medium,episode_00007,seen,
4098,textmapworld,NEW_FormatCheckingAgent_LLM_judge_clp_chat,medium,episode_00007,efficiency,
4099,textmapworld,NEW_FormatCheckingAgent_LLM_judge_clp_chat,medium,episode_00007,exploration,
4100,textmapworld,NEW_FormatCheckingAgent_LLM_judge_clp_chat,medium,episode_00007,Main Score,
4101,textmapworld,NEW_FormatCheckingAgent_LLM_judge_clp_chat,medium,episode_00008,Aborted,1
4102,textmapworld,NEW_FormatCheckingAgent_LLM_judge_clp_chat,medium,episode_00008,Success,0
4103,textmapworld,NEW_FormatCheckingAgent_LLM_judge_clp_chat,medium,episode_00008,Lose,0
4104,textmapworld,NEW_FormatCheckingAgent_LLM_judge_clp_chat,medium,episode_00008,moves,
4105,textmapworld,NEW_FormatCheckingAgent_LLM_judge_clp_chat,medium,episode_00008,valid_moves,
4106,textmapworld,NEW_FormatCheckingAgent_LLM_judge_clp_chat,medium,episode_00008,invalid_moves,
4107,textmapworld,NEW_FormatCheckingAgent_LLM_judge_clp_chat,medium,episode_00008,stopped,
4108,textmapworld,NEW_FormatCheckingAgent_LLM_judge_clp_chat,medium,episode_00008,turns_limit,
4109,textmapworld,NEW_FormatCheckingAgent_LLM_judge_clp_chat,medium,episode_00008,loops,
4110,textmapworld,NEW_FormatCheckingAgent_LLM_judge_clp_chat,medium,episode_00008,number_visited,
4111,textmapworld,NEW_FormatCheckingAgent_LLM_judge_clp_chat,medium,episode_00008,seen,
4112,textmapworld,NEW_FormatCheckingAgent_LLM_judge_clp_chat,medium,episode_00008,efficiency,
4113,textmapworld,NEW_FormatCheckingAgent_LLM_judge_clp_chat,medium,episode_00008,exploration,
4114,textmapworld,NEW_FormatCheckingAgent_LLM_judge_clp_chat,medium,episode_00008,Main Score,
4115,textmapworld,NEW_FormatCheckingAgent_LLM_judge_clp_chat,medium,episode_00009,Aborted,1
4116,textmapworld,NEW_FormatCheckingAgent_LLM_judge_clp_chat,medium,episode_00009,Success,0
4117,textmapworld,NEW_FormatCheckingAgent_LLM_judge_clp_chat,medium,episode_00009,Lose,0
4118,textmapworld,NEW_FormatCheckingAgent_LLM_judge_clp_chat,medium,episode_00009,moves,
4119,textmapworld,NEW_FormatCheckingAgent_LLM_judge_clp_chat,medium,episode_00009,valid_moves,
4120,textmapworld,NEW_FormatCheckingAgent_LLM_judge_clp_chat,medium,episode_00009,invalid_moves,
4121,textmapworld,NEW_FormatCheckingAgent_LLM_judge_clp_chat,medium,episode_00009,stopped,
4122,textmapworld,NEW_FormatCheckingAgent_LLM_judge_clp_chat,medium,episode_00009,turns_limit,
4123,textmapworld,NEW_FormatCheckingAgent_LLM_judge_clp_chat,medium,episode_00009,loops,
4124,textmapworld,NEW_FormatCheckingAgent_LLM_judge_clp_chat,medium,episode_00009,number_visited,
4125,textmapworld,NEW_FormatCheckingAgent_LLM_judge_clp_chat,medium,episode_00009,seen,
4126,textmapworld,NEW_FormatCheckingAgent_LLM_judge_clp_chat,medium,episode_00009,efficiency,
4127,textmapworld,NEW_FormatCheckingAgent_LLM_judge_clp_chat,medium,episode_00009,exploration,
4128,textmapworld,NEW_FormatCheckingAgent_LLM_judge_clp_chat,medium,episode_00009,Main Score,
4129,textmapworld,NEW_FormatCheckingAgent_LLM_judge_clp_chat,medium,episode_00010,Aborted,1
4130,textmapworld,NEW_FormatCheckingAgent_LLM_judge_clp_chat,medium,episode_00010,Success,0
4131,textmapworld,NEW_FormatCheckingAgent_LLM_judge_clp_chat,medium,episode_00010,Lose,0
4132,textmapworld,NEW_FormatCheckingAgent_LLM_judge_clp_chat,medium,episode_00010,moves,
4133,textmapworld,NEW_FormatCheckingAgent_LLM_judge_clp_chat,medium,episode_00010,valid_moves,
4134,textmapworld,NEW_FormatCheckingAgent_LLM_judge_clp_chat,medium,episode_00010,invalid_moves,
4135,textmapworld,NEW_FormatCheckingAgent_LLM_judge_clp_chat,medium,episode_00010,stopped,
4136,textmapworld,NEW_FormatCheckingAgent_LLM_judge_clp_chat,medium,episode_00010,turns_limit,
4137,textmapworld,NEW_FormatCheckingAgent_LLM_judge_clp_chat,medium,episode_00010,loops,
4138,textmapworld,NEW_FormatCheckingAgent_LLM_judge_clp_chat,medium,episode_00010,number_visited,
4139,textmapworld,NEW_FormatCheckingAgent_LLM_judge_clp_chat,medium,episode_00010,seen,
4140,textmapworld,NEW_FormatCheckingAgent_LLM_judge_clp_chat,medium,episode_00010,efficiency,
4141,textmapworld,NEW_FormatCheckingAgent_LLM_judge_clp_chat,medium,episode_00010,exploration,
4142,textmapworld,NEW_FormatCheckingAgent_LLM_judge_clp_chat,medium,episode_00010,Main Score,
4143,textmapworld,NEW_FormatCheckingAgent_LLM_judge_clp_chat,medium_cycle,episode_00016,Aborted,1
4144,textmapworld,NEW_FormatCheckingAgent_LLM_judge_clp_chat,medium_cycle,episode_00016,Success,0
4145,textmapworld,NEW_FormatCheckingAgent_LLM_judge_clp_chat,medium_cycle,episode_00016,Lose,0
4146,textmapworld,NEW_FormatCheckingAgent_LLM_judge_clp_chat,medium_cycle,episode_00016,moves,
4147,textmapworld,NEW_FormatCheckingAgent_LLM_judge_clp_chat,medium_cycle,episode_00016,valid_moves,
4148,textmapworld,NEW_FormatCheckingAgent_LLM_judge_clp_chat,medium_cycle,episode_00016,invalid_moves,
4149,textmapworld,NEW_FormatCheckingAgent_LLM_judge_clp_chat,medium_cycle,episode_00016,stopped,
4150,textmapworld,NEW_FormatCheckingAgent_LLM_judge_clp_chat,medium_cycle,episode_00016,turns_limit,
4151,textmapworld,NEW_FormatCheckingAgent_LLM_judge_clp_chat,medium_cycle,episode_00016,loops,
4152,textmapworld,NEW_FormatCheckingAgent_LLM_judge_clp_chat,medium_cycle,episode_00016,number_visited,
4153,textmapworld,NEW_FormatCheckingAgent_LLM_judge_clp_chat,medium_cycle,episode_00016,seen,
4154,textmapworld,NEW_FormatCheckingAgent_LLM_judge_clp_chat,medium_cycle,episode_00016,efficiency,
4155,textmapworld,NEW_FormatCheckingAgent_LLM_judge_clp_chat,medium_cycle,episode_00016,exploration,
4156,textmapworld,NEW_FormatCheckingAgent_LLM_judge_clp_chat,medium_cycle,episode_00016,Main Score,
4157,textmapworld,NEW_FormatCheckingAgent_LLM_judge_clp_chat,medium_cycle,episode_00017,Aborted,1
4158,textmapworld,NEW_FormatCheckingAgent_LLM_judge_clp_chat,medium_cycle,episode_00017,Success,0
4159,textmapworld,NEW_FormatCheckingAgent_LLM_judge_clp_chat,medium_cycle,episode_00017,Lose,0
4160,textmapworld,NEW_FormatCheckingAgent_LLM_judge_clp_chat,medium_cycle,episode_00017,moves,
4161,textmapworld,NEW_FormatCheckingAgent_LLM_judge_clp_chat,medium_cycle,episode_00017,valid_moves,
4162,textmapworld,NEW_FormatCheckingAgent_LLM_judge_clp_chat,medium_cycle,episode_00017,invalid_moves,
4163,textmapworld,NEW_FormatCheckingAgent_LLM_judge_clp_chat,medium_cycle,episode_00017,stopped,
4164,textmapworld,NEW_FormatCheckingAgent_LLM_judge_clp_chat,medium_cycle,episode_00017,turns_limit,
4165,textmapworld,NEW_FormatCheckingAgent_LLM_judge_clp_chat,medium_cycle,episode_00017,loops,
4166,textmapworld,NEW_FormatCheckingAgent_LLM_judge_clp_chat,medium_cycle,episode_00017,number_visited,
4167,textmapworld,NEW_FormatCheckingAgent_LLM_judge_clp_chat,medium_cycle,episode_00017,seen,
4168,textmapworld,NEW_FormatCheckingAgent_LLM_judge_clp_chat,medium_cycle,episode_00017,efficiency,
4169,textmapworld,NEW_FormatCheckingAgent_LLM_judge_clp_chat,medium_cycle,episode_00017,exploration,
4170,textmapworld,NEW_FormatCheckingAgent_LLM_judge_clp_chat,medium_cycle,episode_00017,Main Score,
4171,textmapworld,NEW_FormatCheckingAgent_LLM_judge_clp_chat,medium_cycle,episode_00018,Aborted,1
4172,textmapworld,NEW_FormatCheckingAgent_LLM_judge_clp_chat,medium_cycle,episode_00018,Success,0
4173,textmapworld,NEW_FormatCheckingAgent_LLM_judge_clp_chat,medium_cycle,episode_00018,Lose,0
4174,textmapworld,NEW_FormatCheckingAgent_LLM_judge_clp_chat,medium_cycle,episode_00018,moves,
4175,textmapworld,NEW_FormatCheckingAgent_LLM_judge_clp_chat,medium_cycle,episode_00018,valid_moves,
4176,textmapworld,NEW_FormatCheckingAgent_LLM_judge_clp_chat,medium_cycle,episode_00018,invalid_moves,
4177,textmapworld,NEW_FormatCheckingAgent_LLM_judge_clp_chat,medium_cycle,episode_00018,stopped,
4178,textmapworld,NEW_FormatCheckingAgent_LLM_judge_clp_chat,medium_cycle,episode_00018,turns_limit,
4179,textmapworld,NEW_FormatCheckingAgent_LLM_judge_clp_chat,medium_cycle,episode_00018,loops,
4180,textmapworld,NEW_FormatCheckingAgent_LLM_judge_clp_chat,medium_cycle,episode_00018,number_visited,
4181,textmapworld,NEW_FormatCheckingAgent_LLM_judge_clp_chat,medium_cycle,episode_00018,seen,
4182,textmapworld,NEW_FormatCheckingAgent_LLM_judge_clp_chat,medium_cycle,episode_00018,efficiency,
4183,textmapworld,NEW_FormatCheckingAgent_LLM_judge_clp_chat,medium_cycle,episode_00018,exploration,
4184,textmapworld,NEW_FormatCheckingAgent_LLM_judge_clp_chat,medium_cycle,episode_00018,Main Score,
4185,textmapworld,NEW_FormatCheckingAgent_LLM_judge_clp_chat,medium_cycle,episode_00019,Aborted,1
4186,textmapworld,NEW_FormatCheckingAgent_LLM_judge_clp_chat,medium_cycle,episode_00019,Success,0
4187,textmapworld,NEW_FormatCheckingAgent_LLM_judge_clp_chat,medium_cycle,episode_00019,Lose,0
4188,textmapworld,NEW_FormatCheckingAgent_LLM_judge_clp_chat,medium_cycle,episode_00019,moves,
4189,textmapworld,NEW_FormatCheckingAgent_LLM_judge_clp_chat,medium_cycle,episode_00019,valid_moves,
4190,textmapworld,NEW_FormatCheckingAgent_LLM_judge_clp_chat,medium_cycle,episode_00019,invalid_moves,
4191,textmapworld,NEW_FormatCheckingAgent_LLM_judge_clp_chat,medium_cycle,episode_00019,stopped,
4192,textmapworld,NEW_FormatCheckingAgent_LLM_judge_clp_chat,medium_cycle,episode_00019,turns_limit,
4193,textmapworld,NEW_FormatCheckingAgent_LLM_judge_clp_chat,medium_cycle,episode_00019,loops,
4194,textmapworld,NEW_FormatCheckingAgent_LLM_judge_clp_chat,medium_cycle,episode_00019,number_visited,
4195,textmapworld,NEW_FormatCheckingAgent_LLM_judge_clp_chat,medium_cycle,episode_00019,seen,
4196,textmapworld,NEW_FormatCheckingAgent_LLM_judge_clp_chat,medium_cycle,episode_00019,efficiency,
4197,textmapworld,NEW_FormatCheckingAgent_LLM_judge_clp_chat,medium_cycle,episode_00019,exploration,
4198,textmapworld,NEW_FormatCheckingAgent_LLM_judge_clp_chat,medium_cycle,episode_00019,Main Score,
4199,textmapworld,NEW_FormatCheckingAgent_LLM_judge_clp_chat,medium_cycle,episode_00020,Aborted,1
4200,textmapworld,NEW_FormatCheckingAgent_LLM_judge_clp_chat,medium_cycle,episode_00020,Success,0
4201,textmapworld,NEW_FormatCheckingAgent_LLM_judge_clp_chat,medium_cycle,episode_00020,Lose,0
4202,textmapworld,NEW_FormatCheckingAgent_LLM_judge_clp_chat,medium_cycle,episode_00020,moves,
4203,textmapworld,NEW_FormatCheckingAgent_LLM_judge_clp_chat,medium_cycle,episode_00020,valid_moves,
4204,textmapworld,NEW_FormatCheckingAgent_LLM_judge_clp_chat,medium_cycle,episode_00020,invalid_moves,
4205,textmapworld,NEW_FormatCheckingAgent_LLM_judge_clp_chat,medium_cycle,episode_00020,stopped,
4206,textmapworld,NEW_FormatCheckingAgent_LLM_judge_clp_chat,medium_cycle,episode_00020,turns_limit,
4207,textmapworld,NEW_FormatCheckingAgent_LLM_judge_clp_chat,medium_cycle,episode_00020,loops,
4208,textmapworld,NEW_FormatCheckingAgent_LLM_judge_clp_chat,medium_cycle,episode_00020,number_visited,
4209,textmapworld,NEW_FormatCheckingAgent_LLM_judge_clp_chat,medium_cycle,episode_00020,seen,
4210,textmapworld,NEW_FormatCheckingAgent_LLM_judge_clp_chat,medium_cycle,episode_00020,efficiency,
4211,textmapworld,NEW_FormatCheckingAgent_LLM_judge_clp_chat,medium_cycle,episode_00020,exploration,
4212,textmapworld,NEW_FormatCheckingAgent_LLM_judge_clp_chat,medium_cycle,episode_00020,Main Score,
4213,textmapworld,NEW_FormatCheckingAgent_LLM_judge_clp_chat,small,episode_00001,Aborted,1
4214,textmapworld,NEW_FormatCheckingAgent_LLM_judge_clp_chat,small,episode_00001,Success,0
4215,textmapworld,NEW_FormatCheckingAgent_LLM_judge_clp_chat,small,episode_00001,Lose,0
4216,textmapworld,NEW_FormatCheckingAgent_LLM_judge_clp_chat,small,episode_00001,moves,
4217,textmapworld,NEW_FormatCheckingAgent_LLM_judge_clp_chat,small,episode_00001,valid_moves,
4218,textmapworld,NEW_FormatCheckingAgent_LLM_judge_clp_chat,small,episode_00001,invalid_moves,
4219,textmapworld,NEW_FormatCheckingAgent_LLM_judge_clp_chat,small,episode_00001,stopped,
4220,textmapworld,NEW_FormatCheckingAgent_LLM_judge_clp_chat,small,episode_00001,turns_limit,
4221,textmapworld,NEW_FormatCheckingAgent_LLM_judge_clp_chat,small,episode_00001,loops,
4222,textmapworld,NEW_FormatCheckingAgent_LLM_judge_clp_chat,small,episode_00001,number_visited,
4223,textmapworld,NEW_FormatCheckingAgent_LLM_judge_clp_chat,small,episode_00001,seen,
4224,textmapworld,NEW_FormatCheckingAgent_LLM_judge_clp_chat,small,episode_00001,efficiency,
4225,textmapworld,NEW_FormatCheckingAgent_LLM_judge_clp_chat,small,episode_00001,exploration,
4226,textmapworld,NEW_FormatCheckingAgent_LLM_judge_clp_chat,small,episode_00001,Main Score,
4227,textmapworld,NEW_FormatCheckingAgent_LLM_judge_clp_chat,small,episode_00002,Aborted,1
4228,textmapworld,NEW_FormatCheckingAgent_LLM_judge_clp_chat,small,episode_00002,Success,0
4229,textmapworld,NEW_FormatCheckingAgent_LLM_judge_clp_chat,small,episode_00002,Lose,0
4230,textmapworld,NEW_FormatCheckingAgent_LLM_judge_clp_chat,small,episode_00002,moves,
4231,textmapworld,NEW_FormatCheckingAgent_LLM_judge_clp_chat,small,episode_00002,valid_moves,
4232,textmapworld,NEW_FormatCheckingAgent_LLM_judge_clp_chat,small,episode_00002,invalid_moves,
4233,textmapworld,NEW_FormatCheckingAgent_LLM_judge_clp_chat,small,episode_00002,stopped,
4234,textmapworld,NEW_FormatCheckingAgent_LLM_judge_clp_chat,small,episode_00002,turns_limit,
4235,textmapworld,NEW_FormatCheckingAgent_LLM_judge_clp_chat,small,episode_00002,loops,
4236,textmapworld,NEW_FormatCheckingAgent_LLM_judge_clp_chat,small,episode_00002,number_visited,
4237,textmapworld,NEW_FormatCheckingAgent_LLM_judge_clp_chat,small,episode_00002,seen,
4238,textmapworld,NEW_FormatCheckingAgent_LLM_judge_clp_chat,small,episode_00002,efficiency,
4239,textmapworld,NEW_FormatCheckingAgent_LLM_judge_clp_chat,small,episode_00002,exploration,
4240,textmapworld,NEW_FormatCheckingAgent_LLM_judge_clp_chat,small,episode_00002,Main Score,
4241,textmapworld,NEW_FormatCheckingAgent_LLM_judge_clp_chat,small,episode_00003,Aborted,1
4242,textmapworld,NEW_FormatCheckingAgent_LLM_judge_clp_chat,small,episode_00003,Success,0
4243,textmapworld,NEW_FormatCheckingAgent_LLM_judge_clp_chat,small,episode_00003,Lose,0
4244,textmapworld,NEW_FormatCheckingAgent_LLM_judge_clp_chat,small,episode_00003,moves,
4245,textmapworld,NEW_FormatCheckingAgent_LLM_judge_clp_chat,small,episode_00003,valid_moves,
4246,textmapworld,NEW_FormatCheckingAgent_LLM_judge_clp_chat,small,episode_00003,invalid_moves,
4247,textmapworld,NEW_FormatCheckingAgent_LLM_judge_clp_chat,small,episode_00003,stopped,
4248,textmapworld,NEW_FormatCheckingAgent_LLM_judge_clp_chat,small,episode_00003,turns_limit,
4249,textmapworld,NEW_FormatCheckingAgent_LLM_judge_clp_chat,small,episode_00003,loops,
4250,textmapworld,NEW_FormatCheckingAgent_LLM_judge_clp_chat,small,episode_00003,number_visited,
4251,textmapworld,NEW_FormatCheckingAgent_LLM_judge_clp_chat,small,episode_00003,seen,
4252,textmapworld,NEW_FormatCheckingAgent_LLM_judge_clp_chat,small,episode_00003,efficiency,
4253,textmapworld,NEW_FormatCheckingAgent_LLM_judge_clp_chat,small,episode_00003,exploration,
4254,textmapworld,NEW_FormatCheckingAgent_LLM_judge_clp_chat,small,episode_00003,Main Score,
4255,textmapworld,NEW_FormatCheckingAgent_LLM_judge_clp_chat,small,episode_00004,Aborted,1
4256,textmapworld,NEW_FormatCheckingAgent_LLM_judge_clp_chat,small,episode_00004,Success,0
4257,textmapworld,NEW_FormatCheckingAgent_LLM_judge_clp_chat,small,episode_00004,Lose,0
4258,textmapworld,NEW_FormatCheckingAgent_LLM_judge_clp_chat,small,episode_00004,moves,
4259,textmapworld,NEW_FormatCheckingAgent_LLM_judge_clp_chat,small,episode_00004,valid_moves,
4260,textmapworld,NEW_FormatCheckingAgent_LLM_judge_clp_chat,small,episode_00004,invalid_moves,
4261,textmapworld,NEW_FormatCheckingAgent_LLM_judge_clp_chat,small,episode_00004,stopped,
4262,textmapworld,NEW_FormatCheckingAgent_LLM_judge_clp_chat,small,episode_00004,turns_limit,
4263,textmapworld,NEW_FormatCheckingAgent_LLM_judge_clp_chat,small,episode_00004,loops,
4264,textmapworld,NEW_FormatCheckingAgent_LLM_judge_clp_chat,small,episode_00004,number_visited,
4265,textmapworld,NEW_FormatCheckingAgent_LLM_judge_clp_chat,small,episode_00004,seen,
4266,textmapworld,NEW_FormatCheckingAgent_LLM_judge_clp_chat,small,episode_00004,efficiency,
4267,textmapworld,NEW_FormatCheckingAgent_LLM_judge_clp_chat,small,episode_00004,exploration,
4268,textmapworld,NEW_FormatCheckingAgent_LLM_judge_clp_chat,small,episode_00004,Main Score,
4269,textmapworld,NEW_FormatCheckingAgent_LLM_judge_clp_chat,small,episode_00005,Aborted,1
4270,textmapworld,NEW_FormatCheckingAgent_LLM_judge_clp_chat,small,episode_00005,Success,0
4271,textmapworld,NEW_FormatCheckingAgent_LLM_judge_clp_chat,small,episode_00005,Lose,0
4272,textmapworld,NEW_FormatCheckingAgent_LLM_judge_clp_chat,small,episode_00005,moves,
4273,textmapworld,NEW_FormatCheckingAgent_LLM_judge_clp_chat,small,episode_00005,valid_moves,
4274,textmapworld,NEW_FormatCheckingAgent_LLM_judge_clp_chat,small,episode_00005,invalid_moves,
4275,textmapworld,NEW_FormatCheckingAgent_LLM_judge_clp_chat,small,episode_00005,stopped,
4276,textmapworld,NEW_FormatCheckingAgent_LLM_judge_clp_chat,small,episode_00005,turns_limit,
4277,textmapworld,NEW_FormatCheckingAgent_LLM_judge_clp_chat,small,episode_00005,loops,
4278,textmapworld,NEW_FormatCheckingAgent_LLM_judge_clp_chat,small,episode_00005,number_visited,
4279,textmapworld,NEW_FormatCheckingAgent_LLM_judge_clp_chat,small,episode_00005,seen,
4280,textmapworld,NEW_FormatCheckingAgent_LLM_judge_clp_chat,small,episode_00005,efficiency,
4281,textmapworld,NEW_FormatCheckingAgent_LLM_judge_clp_chat,small,episode_00005,exploration,
4282,textmapworld,NEW_FormatCheckingAgent_LLM_judge_clp_chat,small,episode_00005,Main Score,
4283,wordle,NEW_FormatCheckingAgent_LLM_judge_clp_chat,high_frequency_words_no_clue_no_critic,episode_00001,Aborted,0
4284,wordle,NEW_FormatCheckingAgent_LLM_judge_clp_chat,high_frequency_words_no_clue_no_critic,episode_00001,Lose,1
4285,wordle,NEW_FormatCheckingAgent_LLM_judge_clp_chat,high_frequency_words_no_clue_no_critic,episode_00001,Success,0
4286,wordle,NEW_FormatCheckingAgent_LLM_judge_clp_chat,high_frequency_words_no_clue_no_critic,episode_00001,Request Count,6
4287,wordle,NEW_FormatCheckingAgent_LLM_judge_clp_chat,high_frequency_words_no_clue_no_critic,episode_00001,Parsed Request Count,6
4288,wordle,NEW_FormatCheckingAgent_LLM_judge_clp_chat,high_frequency_words_no_clue_no_critic,episode_00001,Violated Request Count,0
4289,wordle,NEW_FormatCheckingAgent_LLM_judge_clp_chat,high_frequency_words_no_clue_no_critic,episode_00001,Request Success Ratio,1.0
4290,wordle,NEW_FormatCheckingAgent_LLM_judge_clp_chat,high_frequency_words_no_clue_no_critic,episode_00001,Main Score,0
4291,wordle,NEW_FormatCheckingAgent_LLM_judge_clp_chat,high_frequency_words_no_clue_no_critic,episode_00001,Guess Repetitions,2
4292,wordle,NEW_FormatCheckingAgent_LLM_judge_clp_chat,high_frequency_words_no_clue_no_critic,episode_00002,Aborted,0
4293,wordle,NEW_FormatCheckingAgent_LLM_judge_clp_chat,high_frequency_words_no_clue_no_critic,episode_00002,Lose,1
4294,wordle,NEW_FormatCheckingAgent_LLM_judge_clp_chat,high_frequency_words_no_clue_no_critic,episode_00002,Success,0
4295,wordle,NEW_FormatCheckingAgent_LLM_judge_clp_chat,high_frequency_words_no_clue_no_critic,episode_00002,Request Count,6
4296,wordle,NEW_FormatCheckingAgent_LLM_judge_clp_chat,high_frequency_words_no_clue_no_critic,episode_00002,Parsed Request Count,6
4297,wordle,NEW_FormatCheckingAgent_LLM_judge_clp_chat,high_frequency_words_no_clue_no_critic,episode_00002,Violated Request Count,0
4298,wordle,NEW_FormatCheckingAgent_LLM_judge_clp_chat,high_frequency_words_no_clue_no_critic,episode_00002,Request Success Ratio,1.0
4299,wordle,NEW_FormatCheckingAgent_LLM_judge_clp_chat,high_frequency_words_no_clue_no_critic,episode_00002,Main Score,0
4300,wordle,NEW_FormatCheckingAgent_LLM_judge_clp_chat,high_frequency_words_no_clue_no_critic,episode_00002,Guess Repetitions,4
4301,wordle,NEW_FormatCheckingAgent_LLM_judge_clp_chat,high_frequency_words_no_clue_no_critic,episode_00003,Aborted,1
4302,wordle,NEW_FormatCheckingAgent_LLM_judge_clp_chat,high_frequency_words_no_clue_no_critic,episode_00003,Lose,0
4303,wordle,NEW_FormatCheckingAgent_LLM_judge_clp_chat,high_frequency_words_no_clue_no_critic,episode_00003,Success,0
4304,wordle,NEW_FormatCheckingAgent_LLM_judge_clp_chat,high_frequency_words_no_clue_no_critic,episode_00003,Request Count,5
4305,wordle,NEW_FormatCheckingAgent_LLM_judge_clp_chat,high_frequency_words_no_clue_no_critic,episode_00003,Parsed Request Count,4
4306,wordle,NEW_FormatCheckingAgent_LLM_judge_clp_chat,high_frequency_words_no_clue_no_critic,episode_00003,Violated Request Count,1
4307,wordle,NEW_FormatCheckingAgent_LLM_judge_clp_chat,high_frequency_words_no_clue_no_critic,episode_00003,Request Success Ratio,0.8
4308,wordle,NEW_FormatCheckingAgent_LLM_judge_clp_chat,high_frequency_words_no_clue_no_critic,episode_00003,Main Score,
4309,wordle,NEW_FormatCheckingAgent_LLM_judge_clp_chat,high_frequency_words_no_clue_no_critic,episode_00003,Guess Repetitions,
4310,wordle,NEW_FormatCheckingAgent_LLM_judge_clp_chat,high_frequency_words_no_clue_no_critic,episode_00004,Aborted,0
4311,wordle,NEW_FormatCheckingAgent_LLM_judge_clp_chat,high_frequency_words_no_clue_no_critic,episode_00004,Lose,1
4312,wordle,NEW_FormatCheckingAgent_LLM_judge_clp_chat,high_frequency_words_no_clue_no_critic,episode_00004,Success,0
4313,wordle,NEW_FormatCheckingAgent_LLM_judge_clp_chat,high_frequency_words_no_clue_no_critic,episode_00004,Request Count,6
4314,wordle,NEW_FormatCheckingAgent_LLM_judge_clp_chat,high_frequency_words_no_clue_no_critic,episode_00004,Parsed Request Count,6
4315,wordle,NEW_FormatCheckingAgent_LLM_judge_clp_chat,high_frequency_words_no_clue_no_critic,episode_00004,Violated Request Count,0
4316,wordle,NEW_FormatCheckingAgent_LLM_judge_clp_chat,high_frequency_words_no_clue_no_critic,episode_00004,Request Success Ratio,1.0
4317,wordle,NEW_FormatCheckingAgent_LLM_judge_clp_chat,high_frequency_words_no_clue_no_critic,episode_00004,Main Score,0
4318,wordle,NEW_FormatCheckingAgent_LLM_judge_clp_chat,high_frequency_words_no_clue_no_critic,episode_00004,Guess Repetitions,4
4319,wordle,NEW_FormatCheckingAgent_LLM_judge_clp_chat,high_frequency_words_no_clue_no_critic,episode_00005,Aborted,1
4320,wordle,NEW_FormatCheckingAgent_LLM_judge_clp_chat,high_frequency_words_no_clue_no_critic,episode_00005,Lose,0
4321,wordle,NEW_FormatCheckingAgent_LLM_judge_clp_chat,high_frequency_words_no_clue_no_critic,episode_00005,Success,0
4322,wordle,NEW_FormatCheckingAgent_LLM_judge_clp_chat,high_frequency_words_no_clue_no_critic,episode_00005,Request Count,4
4323,wordle,NEW_FormatCheckingAgent_LLM_judge_clp_chat,high_frequency_words_no_clue_no_critic,episode_00005,Parsed Request Count,3
4324,wordle,NEW_FormatCheckingAgent_LLM_judge_clp_chat,high_frequency_words_no_clue_no_critic,episode_00005,Violated Request Count,1
4325,wordle,NEW_FormatCheckingAgent_LLM_judge_clp_chat,high_frequency_words_no_clue_no_critic,episode_00005,Request Success Ratio,0.75
4326,wordle,NEW_FormatCheckingAgent_LLM_judge_clp_chat,high_frequency_words_no_clue_no_critic,episode_00005,Main Score,
4327,wordle,NEW_FormatCheckingAgent_LLM_judge_clp_chat,high_frequency_words_no_clue_no_critic,episode_00005,Guess Repetitions,
4328,wordle,NEW_FormatCheckingAgent_LLM_judge_clp_chat,high_frequency_words_no_clue_no_critic,episode_00006,Aborted,1
4329,wordle,NEW_FormatCheckingAgent_LLM_judge_clp_chat,high_frequency_words_no_clue_no_critic,episode_00006,Lose,0
4330,wordle,NEW_FormatCheckingAgent_LLM_judge_clp_chat,high_frequency_words_no_clue_no_critic,episode_00006,Success,0
4331,wordle,NEW_FormatCheckingAgent_LLM_judge_clp_chat,high_frequency_words_no_clue_no_critic,episode_00006,Request Count,6
4332,wordle,NEW_FormatCheckingAgent_LLM_judge_clp_chat,high_frequency_words_no_clue_no_critic,episode_00006,Parsed Request Count,5
4333,wordle,NEW_FormatCheckingAgent_LLM_judge_clp_chat,high_frequency_words_no_clue_no_critic,episode_00006,Violated Request Count,1
4334,wordle,NEW_FormatCheckingAgent_LLM_judge_clp_chat,high_frequency_words_no_clue_no_critic,episode_00006,Request Success Ratio,0.8333333333333334
4335,wordle,NEW_FormatCheckingAgent_LLM_judge_clp_chat,high_frequency_words_no_clue_no_critic,episode_00006,Main Score,
4336,wordle,NEW_FormatCheckingAgent_LLM_judge_clp_chat,high_frequency_words_no_clue_no_critic,episode_00006,Guess Repetitions,
4337,wordle,NEW_FormatCheckingAgent_LLM_judge_clp_chat,high_frequency_words_no_clue_no_critic,episode_00007,Aborted,0
4338,wordle,NEW_FormatCheckingAgent_LLM_judge_clp_chat,high_frequency_words_no_clue_no_critic,episode_00007,Lose,1
4339,wordle,NEW_FormatCheckingAgent_LLM_judge_clp_chat,high_frequency_words_no_clue_no_critic,episode_00007,Success,0
4340,wordle,NEW_FormatCheckingAgent_LLM_judge_clp_chat,high_frequency_words_no_clue_no_critic,episode_00007,Request Count,6
4341,wordle,NEW_FormatCheckingAgent_LLM_judge_clp_chat,high_frequency_words_no_clue_no_critic,episode_00007,Parsed Request Count,6
4342,wordle,NEW_FormatCheckingAgent_LLM_judge_clp_chat,high_frequency_words_no_clue_no_critic,episode_00007,Violated Request Count,0
4343,wordle,NEW_FormatCheckingAgent_LLM_judge_clp_chat,high_frequency_words_no_clue_no_critic,episode_00007,Request Success Ratio,1.0
4344,wordle,NEW_FormatCheckingAgent_LLM_judge_clp_chat,high_frequency_words_no_clue_no_critic,episode_00007,Main Score,0
4345,wordle,NEW_FormatCheckingAgent_LLM_judge_clp_chat,high_frequency_words_no_clue_no_critic,episode_00007,Guess Repetitions,4
4346,wordle,NEW_FormatCheckingAgent_LLM_judge_clp_chat,high_frequency_words_no_clue_no_critic,episode_00008,Aborted,1
4347,wordle,NEW_FormatCheckingAgent_LLM_judge_clp_chat,high_frequency_words_no_clue_no_critic,episode_00008,Lose,0
4348,wordle,NEW_FormatCheckingAgent_LLM_judge_clp_chat,high_frequency_words_no_clue_no_critic,episode_00008,Success,0
4349,wordle,NEW_FormatCheckingAgent_LLM_judge_clp_chat,high_frequency_words_no_clue_no_critic,episode_00008,Request Count,6
4350,wordle,NEW_FormatCheckingAgent_LLM_judge_clp_chat,high_frequency_words_no_clue_no_critic,episode_00008,Parsed Request Count,5
4351,wordle,NEW_FormatCheckingAgent_LLM_judge_clp_chat,high_frequency_words_no_clue_no_critic,episode_00008,Violated Request Count,1
4352,wordle,NEW_FormatCheckingAgent_LLM_judge_clp_chat,high_frequency_words_no_clue_no_critic,episode_00008,Request Success Ratio,0.8333333333333334
4353,wordle,NEW_FormatCheckingAgent_LLM_judge_clp_chat,high_frequency_words_no_clue_no_critic,episode_00008,Main Score,
4354,wordle,NEW_FormatCheckingAgent_LLM_judge_clp_chat,high_frequency_words_no_clue_no_critic,episode_00008,Guess Repetitions,
4355,wordle,NEW_FormatCheckingAgent_LLM_judge_clp_chat,high_frequency_words_no_clue_no_critic,episode_00009,Aborted,0
4356,wordle,NEW_FormatCheckingAgent_LLM_judge_clp_chat,high_frequency_words_no_clue_no_critic,episode_00009,Lose,0
4357,wordle,NEW_FormatCheckingAgent_LLM_judge_clp_chat,high_frequency_words_no_clue_no_critic,episode_00009,Success,1
4358,wordle,NEW_FormatCheckingAgent_LLM_judge_clp_chat,high_frequency_words_no_clue_no_critic,episode_00009,Request Count,5
4359,wordle,NEW_FormatCheckingAgent_LLM_judge_clp_chat,high_frequency_words_no_clue_no_critic,episode_00009,Parsed Request Count,5
4360,wordle,NEW_FormatCheckingAgent_LLM_judge_clp_chat,high_frequency_words_no_clue_no_critic,episode_00009,Violated Request Count,0
4361,wordle,NEW_FormatCheckingAgent_LLM_judge_clp_chat,high_frequency_words_no_clue_no_critic,episode_00009,Request Success Ratio,1.0
4362,wordle,NEW_FormatCheckingAgent_LLM_judge_clp_chat,high_frequency_words_no_clue_no_critic,episode_00009,Main Score,30
4363,wordle,NEW_FormatCheckingAgent_LLM_judge_clp_chat,high_frequency_words_no_clue_no_critic,episode_00009,Guess Repetitions,1
4364,wordle,NEW_FormatCheckingAgent_LLM_judge_clp_chat,high_frequency_words_no_clue_no_critic,episode_00010,Aborted,1
4365,wordle,NEW_FormatCheckingAgent_LLM_judge_clp_chat,high_frequency_words_no_clue_no_critic,episode_00010,Lose,0
4366,wordle,NEW_FormatCheckingAgent_LLM_judge_clp_chat,high_frequency_words_no_clue_no_critic,episode_00010,Success,0
4367,wordle,NEW_FormatCheckingAgent_LLM_judge_clp_chat,high_frequency_words_no_clue_no_critic,episode_00010,Request Count,3
4368,wordle,NEW_FormatCheckingAgent_LLM_judge_clp_chat,high_frequency_words_no_clue_no_critic,episode_00010,Parsed Request Count,2
4369,wordle,NEW_FormatCheckingAgent_LLM_judge_clp_chat,high_frequency_words_no_clue_no_critic,episode_00010,Violated Request Count,1
4370,wordle,NEW_FormatCheckingAgent_LLM_judge_clp_chat,high_frequency_words_no_clue_no_critic,episode_00010,Request Success Ratio,0.6666666666666666
4371,wordle,NEW_FormatCheckingAgent_LLM_judge_clp_chat,high_frequency_words_no_clue_no_critic,episode_00010,Main Score,
4372,wordle,NEW_FormatCheckingAgent_LLM_judge_clp_chat,high_frequency_words_no_clue_no_critic,episode_00010,Guess Repetitions,
4373,wordle,NEW_FormatCheckingAgent_LLM_judge_clp_chat,medium_frequency_words_no_clue_no_critic,episode_00001,Aborted,1
4374,wordle,NEW_FormatCheckingAgent_LLM_judge_clp_chat,medium_frequency_words_no_clue_no_critic,episode_00001,Lose,0
4375,wordle,NEW_FormatCheckingAgent_LLM_judge_clp_chat,medium_frequency_words_no_clue_no_critic,episode_00001,Success,0
4376,wordle,NEW_FormatCheckingAgent_LLM_judge_clp_chat,medium_frequency_words_no_clue_no_critic,episode_00001,Request Count,6
4377,wordle,NEW_FormatCheckingAgent_LLM_judge_clp_chat,medium_frequency_words_no_clue_no_critic,episode_00001,Parsed Request Count,5
4378,wordle,NEW_FormatCheckingAgent_LLM_judge_clp_chat,medium_frequency_words_no_clue_no_critic,episode_00001,Violated Request Count,1
4379,wordle,NEW_FormatCheckingAgent_LLM_judge_clp_chat,medium_frequency_words_no_clue_no_critic,episode_00001,Request Success Ratio,0.8333333333333334
4380,wordle,NEW_FormatCheckingAgent_LLM_judge_clp_chat,medium_frequency_words_no_clue_no_critic,episode_00001,Main Score,
4381,wordle,NEW_FormatCheckingAgent_LLM_judge_clp_chat,medium_frequency_words_no_clue_no_critic,episode_00001,Guess Repetitions,
4382,wordle,NEW_FormatCheckingAgent_LLM_judge_clp_chat,medium_frequency_words_no_clue_no_critic,episode_00002,Aborted,1
4383,wordle,NEW_FormatCheckingAgent_LLM_judge_clp_chat,medium_frequency_words_no_clue_no_critic,episode_00002,Lose,0
4384,wordle,NEW_FormatCheckingAgent_LLM_judge_clp_chat,medium_frequency_words_no_clue_no_critic,episode_00002,Success,0
4385,wordle,NEW_FormatCheckingAgent_LLM_judge_clp_chat,medium_frequency_words_no_clue_no_critic,episode_00002,Request Count,4
4386,wordle,NEW_FormatCheckingAgent_LLM_judge_clp_chat,medium_frequency_words_no_clue_no_critic,episode_00002,Parsed Request Count,3
4387,wordle,NEW_FormatCheckingAgent_LLM_judge_clp_chat,medium_frequency_words_no_clue_no_critic,episode_00002,Violated Request Count,1
4388,wordle,NEW_FormatCheckingAgent_LLM_judge_clp_chat,medium_frequency_words_no_clue_no_critic,episode_00002,Request Success Ratio,0.75
4389,wordle,NEW_FormatCheckingAgent_LLM_judge_clp_chat,medium_frequency_words_no_clue_no_critic,episode_00002,Main Score,
4390,wordle,NEW_FormatCheckingAgent_LLM_judge_clp_chat,medium_frequency_words_no_clue_no_critic,episode_00002,Guess Repetitions,
4391,wordle,NEW_FormatCheckingAgent_LLM_judge_clp_chat,medium_frequency_words_no_clue_no_critic,episode_00003,Aborted,1
4392,wordle,NEW_FormatCheckingAgent_LLM_judge_clp_chat,medium_frequency_words_no_clue_no_critic,episode_00003,Lose,0
4393,wordle,NEW_FormatCheckingAgent_LLM_judge_clp_chat,medium_frequency_words_no_clue_no_critic,episode_00003,Success,0
4394,wordle,NEW_FormatCheckingAgent_LLM_judge_clp_chat,medium_frequency_words_no_clue_no_critic,episode_00003,Request Count,6
4395,wordle,NEW_FormatCheckingAgent_LLM_judge_clp_chat,medium_frequency_words_no_clue_no_critic,episode_00003,Parsed Request Count,5
4396,wordle,NEW_FormatCheckingAgent_LLM_judge_clp_chat,medium_frequency_words_no_clue_no_critic,episode_00003,Violated Request Count,1
4397,wordle,NEW_FormatCheckingAgent_LLM_judge_clp_chat,medium_frequency_words_no_clue_no_critic,episode_00003,Request Success Ratio,0.8333333333333334
4398,wordle,NEW_FormatCheckingAgent_LLM_judge_clp_chat,medium_frequency_words_no_clue_no_critic,episode_00003,Main Score,
4399,wordle,NEW_FormatCheckingAgent_LLM_judge_clp_chat,medium_frequency_words_no_clue_no_critic,episode_00003,Guess Repetitions,
4400,wordle,NEW_FormatCheckingAgent_LLM_judge_clp_chat,medium_frequency_words_no_clue_no_critic,episode_00004,Aborted,1
4401,wordle,NEW_FormatCheckingAgent_LLM_judge_clp_chat,medium_frequency_words_no_clue_no_critic,episode_00004,Lose,0
4402,wordle,NEW_FormatCheckingAgent_LLM_judge_clp_chat,medium_frequency_words_no_clue_no_critic,episode_00004,Success,0
4403,wordle,NEW_FormatCheckingAgent_LLM_judge_clp_chat,medium_frequency_words_no_clue_no_critic,episode_00004,Request Count,5
4404,wordle,NEW_FormatCheckingAgent_LLM_judge_clp_chat,medium_frequency_words_no_clue_no_critic,episode_00004,Parsed Request Count,4
4405,wordle,NEW_FormatCheckingAgent_LLM_judge_clp_chat,medium_frequency_words_no_clue_no_critic,episode_00004,Violated Request Count,1
4406,wordle,NEW_FormatCheckingAgent_LLM_judge_clp_chat,medium_frequency_words_no_clue_no_critic,episode_00004,Request Success Ratio,0.8
4407,wordle,NEW_FormatCheckingAgent_LLM_judge_clp_chat,medium_frequency_words_no_clue_no_critic,episode_00004,Main Score,
4408,wordle,NEW_FormatCheckingAgent_LLM_judge_clp_chat,medium_frequency_words_no_clue_no_critic,episode_00004,Guess Repetitions,
4409,wordle,NEW_FormatCheckingAgent_LLM_judge_clp_chat,medium_frequency_words_no_clue_no_critic,episode_00005,Aborted,0
4410,wordle,NEW_FormatCheckingAgent_LLM_judge_clp_chat,medium_frequency_words_no_clue_no_critic,episode_00005,Lose,1
4411,wordle,NEW_FormatCheckingAgent_LLM_judge_clp_chat,medium_frequency_words_no_clue_no_critic,episode_00005,Success,0
4412,wordle,NEW_FormatCheckingAgent_LLM_judge_clp_chat,medium_frequency_words_no_clue_no_critic,episode_00005,Request Count,6
4413,wordle,NEW_FormatCheckingAgent_LLM_judge_clp_chat,medium_frequency_words_no_clue_no_critic,episode_00005,Parsed Request Count,6
4414,wordle,NEW_FormatCheckingAgent_LLM_judge_clp_chat,medium_frequency_words_no_clue_no_critic,episode_00005,Violated Request Count,0
4415,wordle,NEW_FormatCheckingAgent_LLM_judge_clp_chat,medium_frequency_words_no_clue_no_critic,episode_00005,Request Success Ratio,1.0
4416,wordle,NEW_FormatCheckingAgent_LLM_judge_clp_chat,medium_frequency_words_no_clue_no_critic,episode_00005,Main Score,0
4417,wordle,NEW_FormatCheckingAgent_LLM_judge_clp_chat,medium_frequency_words_no_clue_no_critic,episode_00005,Guess Repetitions,4
4418,wordle,NEW_FormatCheckingAgent_LLM_judge_clp_chat,medium_frequency_words_no_clue_no_critic,episode_00006,Aborted,1
4419,wordle,NEW_FormatCheckingAgent_LLM_judge_clp_chat,medium_frequency_words_no_clue_no_critic,episode_00006,Lose,0
4420,wordle,NEW_FormatCheckingAgent_LLM_judge_clp_chat,medium_frequency_words_no_clue_no_critic,episode_00006,Success,0
4421,wordle,NEW_FormatCheckingAgent_LLM_judge_clp_chat,medium_frequency_words_no_clue_no_critic,episode_00006,Request Count,3
4422,wordle,NEW_FormatCheckingAgent_LLM_judge_clp_chat,medium_frequency_words_no_clue_no_critic,episode_00006,Parsed Request Count,2
4423,wordle,NEW_FormatCheckingAgent_LLM_judge_clp_chat,medium_frequency_words_no_clue_no_critic,episode_00006,Violated Request Count,1
4424,wordle,NEW_FormatCheckingAgent_LLM_judge_clp_chat,medium_frequency_words_no_clue_no_critic,episode_00006,Request Success Ratio,0.6666666666666666
4425,wordle,NEW_FormatCheckingAgent_LLM_judge_clp_chat,medium_frequency_words_no_clue_no_critic,episode_00006,Main Score,
4426,wordle,NEW_FormatCheckingAgent_LLM_judge_clp_chat,medium_frequency_words_no_clue_no_critic,episode_00006,Guess Repetitions,
4427,wordle,NEW_FormatCheckingAgent_LLM_judge_clp_chat,medium_frequency_words_no_clue_no_critic,episode_00007,Aborted,0
4428,wordle,NEW_FormatCheckingAgent_LLM_judge_clp_chat,medium_frequency_words_no_clue_no_critic,episode_00007,Lose,1
4429,wordle,NEW_FormatCheckingAgent_LLM_judge_clp_chat,medium_frequency_words_no_clue_no_critic,episode_00007,Success,0
4430,wordle,NEW_FormatCheckingAgent_LLM_judge_clp_chat,medium_frequency_words_no_clue_no_critic,episode_00007,Request Count,6
4431,wordle,NEW_FormatCheckingAgent_LLM_judge_clp_chat,medium_frequency_words_no_clue_no_critic,episode_00007,Parsed Request Count,6
4432,wordle,NEW_FormatCheckingAgent_LLM_judge_clp_chat,medium_frequency_words_no_clue_no_critic,episode_00007,Violated Request Count,0
4433,wordle,NEW_FormatCheckingAgent_LLM_judge_clp_chat,medium_frequency_words_no_clue_no_critic,episode_00007,Request Success Ratio,1.0
4434,wordle,NEW_FormatCheckingAgent_LLM_judge_clp_chat,medium_frequency_words_no_clue_no_critic,episode_00007,Main Score,0
4435,wordle,NEW_FormatCheckingAgent_LLM_judge_clp_chat,medium_frequency_words_no_clue_no_critic,episode_00007,Guess Repetitions,4
4436,wordle,NEW_FormatCheckingAgent_LLM_judge_clp_chat,medium_frequency_words_no_clue_no_critic,episode_00008,Aborted,0
4437,wordle,NEW_FormatCheckingAgent_LLM_judge_clp_chat,medium_frequency_words_no_clue_no_critic,episode_00008,Lose,1
4438,wordle,NEW_FormatCheckingAgent_LLM_judge_clp_chat,medium_frequency_words_no_clue_no_critic,episode_00008,Success,0
4439,wordle,NEW_FormatCheckingAgent_LLM_judge_clp_chat,medium_frequency_words_no_clue_no_critic,episode_00008,Request Count,6
4440,wordle,NEW_FormatCheckingAgent_LLM_judge_clp_chat,medium_frequency_words_no_clue_no_critic,episode_00008,Parsed Request Count,6
4441,wordle,NEW_FormatCheckingAgent_LLM_judge_clp_chat,medium_frequency_words_no_clue_no_critic,episode_00008,Violated Request Count,0
4442,wordle,NEW_FormatCheckingAgent_LLM_judge_clp_chat,medium_frequency_words_no_clue_no_critic,episode_00008,Request Success Ratio,1.0
4443,wordle,NEW_FormatCheckingAgent_LLM_judge_clp_chat,medium_frequency_words_no_clue_no_critic,episode_00008,Main Score,0
4444,wordle,NEW_FormatCheckingAgent_LLM_judge_clp_chat,medium_frequency_words_no_clue_no_critic,episode_00008,Guess Repetitions,3
4445,wordle,NEW_FormatCheckingAgent_LLM_judge_clp_chat,medium_frequency_words_no_clue_no_critic,episode_00009,Aborted,1
4446,wordle,NEW_FormatCheckingAgent_LLM_judge_clp_chat,medium_frequency_words_no_clue_no_critic,episode_00009,Lose,0
4447,wordle,NEW_FormatCheckingAgent_LLM_judge_clp_chat,medium_frequency_words_no_clue_no_critic,episode_00009,Success,0
4448,wordle,NEW_FormatCheckingAgent_LLM_judge_clp_chat,medium_frequency_words_no_clue_no_critic,episode_00009,Request Count,2
4449,wordle,NEW_FormatCheckingAgent_LLM_judge_clp_chat,medium_frequency_words_no_clue_no_critic,episode_00009,Parsed Request Count,1
4450,wordle,NEW_FormatCheckingAgent_LLM_judge_clp_chat,medium_frequency_words_no_clue_no_critic,episode_00009,Violated Request Count,1
4451,wordle,NEW_FormatCheckingAgent_LLM_judge_clp_chat,medium_frequency_words_no_clue_no_critic,episode_00009,Request Success Ratio,0.5
4452,wordle,NEW_FormatCheckingAgent_LLM_judge_clp_chat,medium_frequency_words_no_clue_no_critic,episode_00009,Main Score,
4453,wordle,NEW_FormatCheckingAgent_LLM_judge_clp_chat,medium_frequency_words_no_clue_no_critic,episode_00009,Guess Repetitions,
4454,wordle,NEW_FormatCheckingAgent_LLM_judge_clp_chat,medium_frequency_words_no_clue_no_critic,episode_00010,Aborted,1
4455,wordle,NEW_FormatCheckingAgent_LLM_judge_clp_chat,medium_frequency_words_no_clue_no_critic,episode_00010,Lose,0
4456,wordle,NEW_FormatCheckingAgent_LLM_judge_clp_chat,medium_frequency_words_no_clue_no_critic,episode_00010,Success,0
4457,wordle,NEW_FormatCheckingAgent_LLM_judge_clp_chat,medium_frequency_words_no_clue_no_critic,episode_00010,Request Count,4
4458,wordle,NEW_FormatCheckingAgent_LLM_judge_clp_chat,medium_frequency_words_no_clue_no_critic,episode_00010,Parsed Request Count,3
4459,wordle,NEW_FormatCheckingAgent_LLM_judge_clp_chat,medium_frequency_words_no_clue_no_critic,episode_00010,Violated Request Count,1
4460,wordle,NEW_FormatCheckingAgent_LLM_judge_clp_chat,medium_frequency_words_no_clue_no_critic,episode_00010,Request Success Ratio,0.75
4461,wordle,NEW_FormatCheckingAgent_LLM_judge_clp_chat,medium_frequency_words_no_clue_no_critic,episode_00010,Main Score,
4462,wordle,NEW_FormatCheckingAgent_LLM_judge_clp_chat,medium_frequency_words_no_clue_no_critic,episode_00010,Guess Repetitions,
4463,adventuregame,NEW_FormatCheckingAgent_LLM_judge_clp_chat,home_deliver_three_basic_easy,episode_00001,Played,0.0
4464,adventuregame,NEW_FormatCheckingAgent_LLM_judge_clp_chat,home_deliver_three_basic_easy,episode_00002,Played,0.0
4465,adventuregame,NEW_FormatCheckingAgent_LLM_judge_clp_chat,home_deliver_three_basic_easy,episode_00003,Played,1.0
4466,adventuregame,NEW_FormatCheckingAgent_LLM_judge_clp_chat,home_deliver_three_basic_easy_invlimittwo,episode_00007,Played,0.0
4467,adventuregame,NEW_FormatCheckingAgent_LLM_judge_clp_chat,home_deliver_three_basic_easy_invlimittwo,episode_00008,Played,0.0
4468,adventuregame,NEW_FormatCheckingAgent_LLM_judge_clp_chat,home_deliver_three_basic_easy_invlimittwo,episode_00009,Played,1.0
4469,adventuregame,NEW_FormatCheckingAgent_LLM_judge_clp_chat,home_deliver_three_basic_hard,episode_00013,Played,0.0
4470,adventuregame,NEW_FormatCheckingAgent_LLM_judge_clp_chat,home_deliver_three_basic_hard,episode_00014,Played,1.0
4471,adventuregame,NEW_FormatCheckingAgent_LLM_judge_clp_chat,home_deliver_three_basic_hard,episode_00015,Played,0.0
4472,adventuregame,NEW_FormatCheckingAgent_LLM_judge_clp_chat,home_deliver_three_basic_hard_invlimittwo,episode_00019,Played,0.0
4473,adventuregame,NEW_FormatCheckingAgent_LLM_judge_clp_chat,home_deliver_three_basic_hard_invlimittwo,episode_00020,Played,0.0
4474,adventuregame,NEW_FormatCheckingAgent_LLM_judge_clp_chat,home_deliver_three_basic_hard_invlimittwo,episode_00021,Played,1.0
4475,adventuregame,NEW_FormatCheckingAgent_LLM_judge_clp_chat,home_deliver_three_planning_easy,episode_00004,Played,0.0
4476,adventuregame,NEW_FormatCheckingAgent_LLM_judge_clp_chat,home_deliver_three_planning_easy,episode_00005,Played,0.0
4477,adventuregame,NEW_FormatCheckingAgent_LLM_judge_clp_chat,home_deliver_three_planning_easy,episode_00006,Played,0.0
4478,adventuregame,NEW_FormatCheckingAgent_LLM_judge_clp_chat,home_deliver_three_planning_easy_invlimittwo,episode_00010,Played,0.0
4479,adventuregame,NEW_FormatCheckingAgent_LLM_judge_clp_chat,home_deliver_three_planning_easy_invlimittwo,episode_00011,Played,0.0
4480,adventuregame,NEW_FormatCheckingAgent_LLM_judge_clp_chat,home_deliver_three_planning_easy_invlimittwo,episode_00012,Played,1.0
4481,adventuregame,NEW_FormatCheckingAgent_LLM_judge_clp_chat,home_deliver_three_planning_hard,episode_00016,Played,0.0
4482,adventuregame,NEW_FormatCheckingAgent_LLM_judge_clp_chat,home_deliver_three_planning_hard,episode_00017,Played,0.0
4483,adventuregame,NEW_FormatCheckingAgent_LLM_judge_clp_chat,home_deliver_three_planning_hard,episode_00018,Played,0.0
4484,adventuregame,NEW_FormatCheckingAgent_LLM_judge_clp_chat,home_deliver_three_planning_hard_invlimittwo,episode_00022,Played,0.0
4485,adventuregame,NEW_FormatCheckingAgent_LLM_judge_clp_chat,home_deliver_three_planning_hard_invlimittwo,episode_00023,Played,0.0
4486,adventuregame,NEW_FormatCheckingAgent_LLM_judge_clp_chat,home_deliver_three_planning_hard_invlimittwo,episode_00024,Played,0.0
4487,codenames,NEW_FormatCheckingAgent_LLM_judge_clp_chat,abstract,episode_00025,Played,0
4488,codenames,NEW_FormatCheckingAgent_LLM_judge_clp_chat,abstract,episode_00026,Played,0
4489,codenames,NEW_FormatCheckingAgent_LLM_judge_clp_chat,ambiguous,episode_00021,Played,0
4490,codenames,NEW_FormatCheckingAgent_LLM_judge_clp_chat,ambiguous,episode_00022,Played,0
4491,codenames,NEW_FormatCheckingAgent_LLM_judge_clp_chat,association_difficult,episode_00007,Played,0
4492,codenames,NEW_FormatCheckingAgent_LLM_judge_clp_chat,association_difficult,episode_00008,Played,0
4493,codenames,NEW_FormatCheckingAgent_LLM_judge_clp_chat,association_easy,episode_00005,Played,1
4494,codenames,NEW_FormatCheckingAgent_LLM_judge_clp_chat,association_easy,episode_00006,Played,1
4495,codenames,NEW_FormatCheckingAgent_LLM_judge_clp_chat,concrete,episode_00023,Played,1
4496,codenames,NEW_FormatCheckingAgent_LLM_judge_clp_chat,concrete,episode_00024,Played,0
4497,codenames,NEW_FormatCheckingAgent_LLM_judge_clp_chat,frequency_high,episode_00017,Played,0
4498,codenames,NEW_FormatCheckingAgent_LLM_judge_clp_chat,frequency_high,episode_00018,Played,0
4499,codenames,NEW_FormatCheckingAgent_LLM_judge_clp_chat,frequency_low,episode_00015,Played,0
4500,codenames,NEW_FormatCheckingAgent_LLM_judge_clp_chat,frequency_low,episode_00016,Played,1
4501,codenames,NEW_FormatCheckingAgent_LLM_judge_clp_chat,opponent_difficult,episode_00013,Played,0
4502,codenames,NEW_FormatCheckingAgent_LLM_judge_clp_chat,opponent_difficult,episode_00014,Played,1
4503,codenames,NEW_FormatCheckingAgent_LLM_judge_clp_chat,opponent_easy,episode_00011,Played,1
4504,codenames,NEW_FormatCheckingAgent_LLM_judge_clp_chat,opponent_easy,episode_00012,Played,0
4505,codenames,NEW_FormatCheckingAgent_LLM_judge_clp_chat,opponent_none,episode_00009,Played,0
4506,codenames,NEW_FormatCheckingAgent_LLM_judge_clp_chat,opponent_none,episode_00010,Played,0
4507,codenames,NEW_FormatCheckingAgent_LLM_judge_clp_chat,risk_high,episode_00003,Played,0
4508,codenames,NEW_FormatCheckingAgent_LLM_judge_clp_chat,risk_high,episode_00004,Played,1
4509,codenames,NEW_FormatCheckingAgent_LLM_judge_clp_chat,risk_low,episode_00001,Played,1
4510,codenames,NEW_FormatCheckingAgent_LLM_judge_clp_chat,risk_low,episode_00002,Played,0
4511,codenames,NEW_FormatCheckingAgent_LLM_judge_clp_chat,unambiguous,episode_00019,Played,1
4512,codenames,NEW_FormatCheckingAgent_LLM_judge_clp_chat,unambiguous,episode_00020,Played,0
4513,guesswhat,NEW_FormatCheckingAgent_LLM_judge_clp_chat,Abs_Level_1,episode_00013,Played,0
4514,guesswhat,NEW_FormatCheckingAgent_LLM_judge_clp_chat,Abs_Level_1,episode_00014,Played,0
4515,guesswhat,NEW_FormatCheckingAgent_LLM_judge_clp_chat,Abs_Level_1,episode_00015,Played,0
4516,guesswhat,NEW_FormatCheckingAgent_LLM_judge_clp_chat,Abs_Level_1,episode_00016,Played,0
4517,guesswhat,NEW_FormatCheckingAgent_LLM_judge_clp_chat,Abs_Level_2,episode_00017,Played,0
4518,guesswhat,NEW_FormatCheckingAgent_LLM_judge_clp_chat,Abs_Level_2,episode_00018,Played,0
4519,guesswhat,NEW_FormatCheckingAgent_LLM_judge_clp_chat,Abs_Level_2,episode_00019,Played,0
4520,guesswhat,NEW_FormatCheckingAgent_LLM_judge_clp_chat,Abs_Level_2,episode_00020,Played,1
4521,guesswhat,NEW_FormatCheckingAgent_LLM_judge_clp_chat,Abs_Level_3,episode_00021,Played,0
4522,guesswhat,NEW_FormatCheckingAgent_LLM_judge_clp_chat,Abs_Level_3,episode_00022,Played,0
4523,guesswhat,NEW_FormatCheckingAgent_LLM_judge_clp_chat,Abs_Level_3,episode_00023,Played,0
4524,guesswhat,NEW_FormatCheckingAgent_LLM_judge_clp_chat,Abs_Level_3,episode_00024,Played,1
4525,guesswhat,NEW_FormatCheckingAgent_LLM_judge_clp_chat,Level_1,episode_00001,Played,0
4526,guesswhat,NEW_FormatCheckingAgent_LLM_judge_clp_chat,Level_1,episode_00002,Played,1
4527,guesswhat,NEW_FormatCheckingAgent_LLM_judge_clp_chat,Level_1,episode_00003,Played,1
4528,guesswhat,NEW_FormatCheckingAgent_LLM_judge_clp_chat,Level_1,episode_00004,Played,0
4529,guesswhat,NEW_FormatCheckingAgent_LLM_judge_clp_chat,Level_2,episode_00005,Played,0
4530,guesswhat,NEW_FormatCheckingAgent_LLM_judge_clp_chat,Level_2,episode_00006,Played,1
4531,guesswhat,NEW_FormatCheckingAgent_LLM_judge_clp_chat,Level_2,episode_00007,Played,1
4532,guesswhat,NEW_FormatCheckingAgent_LLM_judge_clp_chat,Level_2,episode_00008,Played,0
4533,guesswhat,NEW_FormatCheckingAgent_LLM_judge_clp_chat,Level_3,episode_00009,Played,0
4534,guesswhat,NEW_FormatCheckingAgent_LLM_judge_clp_chat,Level_3,episode_00010,Played,1
4535,guesswhat,NEW_FormatCheckingAgent_LLM_judge_clp_chat,Level_3,episode_00011,Played,1
4536,guesswhat,NEW_FormatCheckingAgent_LLM_judge_clp_chat,Level_3,episode_00012,Played,0
4537,imagegame,NEW_FormatCheckingAgent_LLM_judge_clp_chat,compact_grids,episode_00001,Played,0
4538,imagegame,NEW_FormatCheckingAgent_LLM_judge_clp_chat,compact_grids,episode_00002,Played,0
4539,imagegame,NEW_FormatCheckingAgent_LLM_judge_clp_chat,compact_grids,episode_00003,Played,0
4540,imagegame,NEW_FormatCheckingAgent_LLM_judge_clp_chat,compact_grids,episode_00004,Played,0
4541,imagegame,NEW_FormatCheckingAgent_LLM_judge_clp_chat,compact_grids,episode_00005,Played,0
4542,imagegame,NEW_FormatCheckingAgent_LLM_judge_clp_chat,compact_grids,episode_00006,Played,0
4543,imagegame,NEW_FormatCheckingAgent_LLM_judge_clp_chat,compact_grids,episode_00007,Played,0
4544,imagegame,NEW_FormatCheckingAgent_LLM_judge_clp_chat,compact_grids,episode_00008,Played,0
4545,imagegame,NEW_FormatCheckingAgent_LLM_judge_clp_chat,compact_grids,episode_00009,Played,0
4546,imagegame,NEW_FormatCheckingAgent_LLM_judge_clp_chat,compact_grids,episode_00010,Played,0
4547,imagegame,NEW_FormatCheckingAgent_LLM_judge_clp_chat,compact_grids,episode_00011,Played,0
4548,imagegame,NEW_FormatCheckingAgent_LLM_judge_clp_chat,compact_grids,episode_00012,Played,0
4549,imagegame,NEW_FormatCheckingAgent_LLM_judge_clp_chat,random_grids,episode_00013,Played,0
4550,imagegame,NEW_FormatCheckingAgent_LLM_judge_clp_chat,random_grids,episode_00014,Played,0
4551,imagegame,NEW_FormatCheckingAgent_LLM_judge_clp_chat,random_grids,episode_00015,Played,0
4552,imagegame,NEW_FormatCheckingAgent_LLM_judge_clp_chat,random_grids,episode_00016,Played,0
4553,imagegame,NEW_FormatCheckingAgent_LLM_judge_clp_chat,random_grids,episode_00017,Played,0
4554,imagegame,NEW_FormatCheckingAgent_LLM_judge_clp_chat,random_grids,episode_00018,Played,0
4555,imagegame,NEW_FormatCheckingAgent_LLM_judge_clp_chat,random_grids,episode_00019,Played,0
4556,imagegame,NEW_FormatCheckingAgent_LLM_judge_clp_chat,random_grids,episode_00020,Played,0
4557,imagegame,NEW_FormatCheckingAgent_LLM_judge_clp_chat,random_grids,episode_00021,Played,0
4558,imagegame,NEW_FormatCheckingAgent_LLM_judge_clp_chat,random_grids,episode_00022,Played,0
4559,imagegame,NEW_FormatCheckingAgent_LLM_judge_clp_chat,random_grids,episode_00023,Played,0
4560,imagegame,NEW_FormatCheckingAgent_LLM_judge_clp_chat,random_grids,episode_00024,Played,0
4561,matchit,NEW_FormatCheckingAgent_LLM_judge_clp_chat,different_image,episode_00017,Played,0
4562,matchit,NEW_FormatCheckingAgent_LLM_judge_clp_chat,different_image,episode_00018,Played,0
4563,matchit,NEW_FormatCheckingAgent_LLM_judge_clp_chat,different_image,episode_00019,Played,0
4564,matchit,NEW_FormatCheckingAgent_LLM_judge_clp_chat,different_image,episode_00020,Played,0
4565,matchit,NEW_FormatCheckingAgent_LLM_judge_clp_chat,different_image,episode_00021,Played,0
4566,matchit,NEW_FormatCheckingAgent_LLM_judge_clp_chat,different_image,episode_00022,Played,0
4567,matchit,NEW_FormatCheckingAgent_LLM_judge_clp_chat,different_image,episode_00023,Played,0
4568,matchit,NEW_FormatCheckingAgent_LLM_judge_clp_chat,different_image,episode_00024,Played,0
4569,matchit,NEW_FormatCheckingAgent_LLM_judge_clp_chat,same_image,episode_00001,Played,0
4570,matchit,NEW_FormatCheckingAgent_LLM_judge_clp_chat,same_image,episode_00002,Played,0
4571,matchit,NEW_FormatCheckingAgent_LLM_judge_clp_chat,same_image,episode_00003,Played,0
4572,matchit,NEW_FormatCheckingAgent_LLM_judge_clp_chat,same_image,episode_00004,Played,0
4573,matchit,NEW_FormatCheckingAgent_LLM_judge_clp_chat,same_image,episode_00005,Played,0
4574,matchit,NEW_FormatCheckingAgent_LLM_judge_clp_chat,same_image,episode_00006,Played,0
4575,matchit,NEW_FormatCheckingAgent_LLM_judge_clp_chat,same_image,episode_00007,Played,0
4576,matchit,NEW_FormatCheckingAgent_LLM_judge_clp_chat,same_image,episode_00008,Played,0
4577,matchit,NEW_FormatCheckingAgent_LLM_judge_clp_chat,similar_image,episode_00009,Played,0
4578,matchit,NEW_FormatCheckingAgent_LLM_judge_clp_chat,similar_image,episode_00010,Played,0
4579,matchit,NEW_FormatCheckingAgent_LLM_judge_clp_chat,similar_image,episode_00011,Played,0
4580,matchit,NEW_FormatCheckingAgent_LLM_judge_clp_chat,similar_image,episode_00012,Played,0
4581,matchit,NEW_FormatCheckingAgent_LLM_judge_clp_chat,similar_image,episode_00013,Played,0
4582,matchit,NEW_FormatCheckingAgent_LLM_judge_clp_chat,similar_image,episode_00014,Played,0
4583,matchit,NEW_FormatCheckingAgent_LLM_judge_clp_chat,similar_image,episode_00015,Played,0
4584,matchit,NEW_FormatCheckingAgent_LLM_judge_clp_chat,similar_image,episode_00016,Played,0
4585,matchit_ascii,NEW_FormatCheckingAgent_LLM_judge_clp_chat,different_grid,episode_00019,Played,1
4586,matchit_ascii,NEW_FormatCheckingAgent_LLM_judge_clp_chat,different_grid,episode_00020,Played,1
4587,matchit_ascii,NEW_FormatCheckingAgent_LLM_judge_clp_chat,different_grid,episode_00021,Played,1
4588,matchit_ascii,NEW_FormatCheckingAgent_LLM_judge_clp_chat,different_grid,episode_00022,Played,1
4589,matchit_ascii,NEW_FormatCheckingAgent_LLM_judge_clp_chat,different_grid,episode_00023,Played,1
4590,matchit_ascii,NEW_FormatCheckingAgent_LLM_judge_clp_chat,different_grid,episode_00024,Played,1
4591,matchit_ascii,NEW_FormatCheckingAgent_LLM_judge_clp_chat,same_grid,episode_00001,Played,1
4592,matchit_ascii,NEW_FormatCheckingAgent_LLM_judge_clp_chat,same_grid,episode_00002,Played,1
4593,matchit_ascii,NEW_FormatCheckingAgent_LLM_judge_clp_chat,same_grid,episode_00003,Played,1
4594,matchit_ascii,NEW_FormatCheckingAgent_LLM_judge_clp_chat,same_grid,episode_00004,Played,1
4595,matchit_ascii,NEW_FormatCheckingAgent_LLM_judge_clp_chat,same_grid,episode_00005,Played,1
4596,matchit_ascii,NEW_FormatCheckingAgent_LLM_judge_clp_chat,same_grid,episode_00006,Played,1
4597,matchit_ascii,NEW_FormatCheckingAgent_LLM_judge_clp_chat,similar_grid_1,episode_00007,Played,1
4598,matchit_ascii,NEW_FormatCheckingAgent_LLM_judge_clp_chat,similar_grid_1,episode_00008,Played,1
4599,matchit_ascii,NEW_FormatCheckingAgent_LLM_judge_clp_chat,similar_grid_1,episode_00009,Played,1
4600,matchit_ascii,NEW_FormatCheckingAgent_LLM_judge_clp_chat,similar_grid_1,episode_00010,Played,1
4601,matchit_ascii,NEW_FormatCheckingAgent_LLM_judge_clp_chat,similar_grid_1,episode_00011,Played,1
4602,matchit_ascii,NEW_FormatCheckingAgent_LLM_judge_clp_chat,similar_grid_1,episode_00012,Played,1
4603,matchit_ascii,NEW_FormatCheckingAgent_LLM_judge_clp_chat,similar_grid_2,episode_00013,Played,1
4604,matchit_ascii,NEW_FormatCheckingAgent_LLM_judge_clp_chat,similar_grid_2,episode_00014,Played,1
4605,matchit_ascii,NEW_FormatCheckingAgent_LLM_judge_clp_chat,similar_grid_2,episode_00015,Played,1
4606,matchit_ascii,NEW_FormatCheckingAgent_LLM_judge_clp_chat,similar_grid_2,episode_00016,Played,1
4607,matchit_ascii,NEW_FormatCheckingAgent_LLM_judge_clp_chat,similar_grid_2,episode_00017,Played,1
4608,matchit_ascii,NEW_FormatCheckingAgent_LLM_judge_clp_chat,similar_grid_2,episode_00018,Played,1
4609,mm_mapworld,NEW_FormatCheckingAgent_LLM_judge_clp_chat,large,episode_00011,Played,0
4610,mm_mapworld,NEW_FormatCheckingAgent_LLM_judge_clp_chat,large,episode_00012,Played,1
4611,mm_mapworld,NEW_FormatCheckingAgent_LLM_judge_clp_chat,large,episode_00013,Played,0
4612,mm_mapworld,NEW_FormatCheckingAgent_LLM_judge_clp_chat,large,episode_00014,Played,1
4613,mm_mapworld,NEW_FormatCheckingAgent_LLM_judge_clp_chat,large,episode_00015,Played,1
4614,mm_mapworld,NEW_FormatCheckingAgent_LLM_judge_clp_chat,large_cycle,episode_00021,Played,0
4615,mm_mapworld,NEW_FormatCheckingAgent_LLM_judge_clp_chat,large_cycle,episode_00022,Played,0
4616,mm_mapworld,NEW_FormatCheckingAgent_LLM_judge_clp_chat,large_cycle,episode_00023,Played,0
4617,mm_mapworld,NEW_FormatCheckingAgent_LLM_judge_clp_chat,large_cycle,episode_00024,Played,0
4618,mm_mapworld,NEW_FormatCheckingAgent_LLM_judge_clp_chat,large_cycle,episode_00025,Played,0
4619,mm_mapworld,NEW_FormatCheckingAgent_LLM_judge_clp_chat,medium,episode_00006,Played,0
4620,mm_mapworld,NEW_FormatCheckingAgent_LLM_judge_clp_chat,medium,episode_00007,Played,0
4621,mm_mapworld,NEW_FormatCheckingAgent_LLM_judge_clp_chat,medium,episode_00008,Played,0
4622,mm_mapworld,NEW_FormatCheckingAgent_LLM_judge_clp_chat,medium,episode_00009,Played,0
4623,mm_mapworld,NEW_FormatCheckingAgent_LLM_judge_clp_chat,medium,episode_00010,Played,0
4624,mm_mapworld,NEW_FormatCheckingAgent_LLM_judge_clp_chat,medium_cycle,episode_00016,Played,1
4625,mm_mapworld,NEW_FormatCheckingAgent_LLM_judge_clp_chat,medium_cycle,episode_00017,Played,0
4626,mm_mapworld,NEW_FormatCheckingAgent_LLM_judge_clp_chat,medium_cycle,episode_00018,Played,0
4627,mm_mapworld,NEW_FormatCheckingAgent_LLM_judge_clp_chat,medium_cycle,episode_00019,Played,0
4628,mm_mapworld,NEW_FormatCheckingAgent_LLM_judge_clp_chat,medium_cycle,episode_00020,Played,1
4629,mm_mapworld,NEW_FormatCheckingAgent_LLM_judge_clp_chat,small,episode_00001,Played,1
4630,mm_mapworld,NEW_FormatCheckingAgent_LLM_judge_clp_chat,small,episode_00002,Played,1
4631,mm_mapworld,NEW_FormatCheckingAgent_LLM_judge_clp_chat,small,episode_00003,Played,0
4632,mm_mapworld,NEW_FormatCheckingAgent_LLM_judge_clp_chat,small,episode_00004,Played,0
4633,mm_mapworld,NEW_FormatCheckingAgent_LLM_judge_clp_chat,small,episode_00005,Played,0
4634,multimodal_referencegame,NEW_FormatCheckingAgent_LLM_judge_clp_chat,CLEVR_images,episode_00015,Played,1
4635,multimodal_referencegame,NEW_FormatCheckingAgent_LLM_judge_clp_chat,CLEVR_images,episode_00016,Played,1
4636,multimodal_referencegame,NEW_FormatCheckingAgent_LLM_judge_clp_chat,CLEVR_static_target_images,episode_00017,Played,1
4637,multimodal_referencegame,NEW_FormatCheckingAgent_LLM_judge_clp_chat,CLEVR_static_target_images,episode_00018,Played,1
4638,multimodal_referencegame,NEW_FormatCheckingAgent_LLM_judge_clp_chat,diagonal_grids,episode_00005,Played,1
4639,multimodal_referencegame,NEW_FormatCheckingAgent_LLM_judge_clp_chat,diagonal_grids,episode_00006,Played,1
4640,multimodal_referencegame,NEW_FormatCheckingAgent_LLM_judge_clp_chat,DOCCI_images,episode_00013,Played,1
4641,multimodal_referencegame,NEW_FormatCheckingAgent_LLM_judge_clp_chat,DOCCI_images,episode_00014,Played,1
4642,multimodal_referencegame,NEW_FormatCheckingAgent_LLM_judge_clp_chat,DOCCI_static_target_images,episode_00019,Played,1
4643,multimodal_referencegame,NEW_FormatCheckingAgent_LLM_judge_clp_chat,DOCCI_static_target_images,episode_00020,Played,1
4644,multimodal_referencegame,NEW_FormatCheckingAgent_LLM_judge_clp_chat,letter_grids,episode_00007,Played,1
4645,multimodal_referencegame,NEW_FormatCheckingAgent_LLM_judge_clp_chat,letter_grids,episode_00008,Played,1
4646,multimodal_referencegame,NEW_FormatCheckingAgent_LLM_judge_clp_chat,line_grids_columns,episode_00003,Played,1
4647,multimodal_referencegame,NEW_FormatCheckingAgent_LLM_judge_clp_chat,line_grids_columns,episode_00004,Played,1
4648,multimodal_referencegame,NEW_FormatCheckingAgent_LLM_judge_clp_chat,line_grids_rows,episode_00001,Played,1
4649,multimodal_referencegame,NEW_FormatCheckingAgent_LLM_judge_clp_chat,line_grids_rows,episode_00002,Played,1
4650,multimodal_referencegame,NEW_FormatCheckingAgent_LLM_judge_clp_chat,pentomino_images,episode_00021,Played,1
4651,multimodal_referencegame,NEW_FormatCheckingAgent_LLM_judge_clp_chat,pentomino_images,episode_00022,Played,1
4652,multimodal_referencegame,NEW_FormatCheckingAgent_LLM_judge_clp_chat,random_grids,episode_00011,Played,1
4653,multimodal_referencegame,NEW_FormatCheckingAgent_LLM_judge_clp_chat,random_grids,episode_00012,Played,1
4654,multimodal_referencegame,NEW_FormatCheckingAgent_LLM_judge_clp_chat,shape_grids,episode_00009,Played,1
4655,multimodal_referencegame,NEW_FormatCheckingAgent_LLM_judge_clp_chat,shape_grids,episode_00010,Played,1
4656,privateshared,NEW_FormatCheckingAgent_LLM_judge_clp_chat,job-interview,episode_00006,Played,1
4657,privateshared,NEW_FormatCheckingAgent_LLM_judge_clp_chat,job-interview,episode_00007,Played,1
4658,privateshared,NEW_FormatCheckingAgent_LLM_judge_clp_chat,job-interview,episode_00008,Played,1
4659,privateshared,NEW_FormatCheckingAgent_LLM_judge_clp_chat,job-interview,episode_00009,Played,1
4660,privateshared,NEW_FormatCheckingAgent_LLM_judge_clp_chat,job-interview,episode_00010,Played,1
4661,privateshared,NEW_FormatCheckingAgent_LLM_judge_clp_chat,restaurant,episode_00011,Played,1
4662,privateshared,NEW_FormatCheckingAgent_LLM_judge_clp_chat,restaurant,episode_00012,Played,1
4663,privateshared,NEW_FormatCheckingAgent_LLM_judge_clp_chat,restaurant,episode_00013,Played,1
4664,privateshared,NEW_FormatCheckingAgent_LLM_judge_clp_chat,restaurant,episode_00014,Played,1
4665,privateshared,NEW_FormatCheckingAgent_LLM_judge_clp_chat,restaurant,episode_00015,Played,1
4666,privateshared,NEW_FormatCheckingAgent_LLM_judge_clp_chat,things-places,episode_00016,Played,1
4667,privateshared,NEW_FormatCheckingAgent_LLM_judge_clp_chat,things-places,episode_00017,Played,1
4668,privateshared,NEW_FormatCheckingAgent_LLM_judge_clp_chat,things-places,episode_00018,Played,1
4669,privateshared,NEW_FormatCheckingAgent_LLM_judge_clp_chat,things-places,episode_00019,Played,1
4670,privateshared,NEW_FormatCheckingAgent_LLM_judge_clp_chat,travel-booking,episode_00001,Played,1
4671,privateshared,NEW_FormatCheckingAgent_LLM_judge_clp_chat,travel-booking,episode_00002,Played,1
4672,privateshared,NEW_FormatCheckingAgent_LLM_judge_clp_chat,travel-booking,episode_00003,Played,1
4673,privateshared,NEW_FormatCheckingAgent_LLM_judge_clp_chat,travel-booking,episode_00004,Played,1
4674,privateshared,NEW_FormatCheckingAgent_LLM_judge_clp_chat,travel-booking,episode_00005,Played,1
4675,referencegame,NEW_FormatCheckingAgent_LLM_judge_clp_chat,letter_grids,episode_00001,Played,1
4676,referencegame,NEW_FormatCheckingAgent_LLM_judge_clp_chat,letter_grids,episode_00002,Played,1
4677,referencegame,NEW_FormatCheckingAgent_LLM_judge_clp_chat,letter_grids,episode_00003,Played,1
4678,referencegame,NEW_FormatCheckingAgent_LLM_judge_clp_chat,letter_grids,episode_00004,Played,1
4679,referencegame,NEW_FormatCheckingAgent_LLM_judge_clp_chat,letter_grids,episode_00005,Played,1
4680,referencegame,NEW_FormatCheckingAgent_LLM_judge_clp_chat,line_grids_columns,episode_00016,Played,1
4681,referencegame,NEW_FormatCheckingAgent_LLM_judge_clp_chat,line_grids_columns,episode_00017,Played,1
4682,referencegame,NEW_FormatCheckingAgent_LLM_judge_clp_chat,line_grids_columns,episode_00018,Played,1
4683,referencegame,NEW_FormatCheckingAgent_LLM_judge_clp_chat,line_grids_columns,episode_00019,Played,1
4684,referencegame,NEW_FormatCheckingAgent_LLM_judge_clp_chat,line_grids_columns,episode_00020,Played,1
4685,referencegame,NEW_FormatCheckingAgent_LLM_judge_clp_chat,line_grids_rows,episode_00011,Played,1
4686,referencegame,NEW_FormatCheckingAgent_LLM_judge_clp_chat,line_grids_rows,episode_00012,Played,1
4687,referencegame,NEW_FormatCheckingAgent_LLM_judge_clp_chat,line_grids_rows,episode_00013,Played,1
4688,referencegame,NEW_FormatCheckingAgent_LLM_judge_clp_chat,line_grids_rows,episode_00014,Played,1
4689,referencegame,NEW_FormatCheckingAgent_LLM_judge_clp_chat,line_grids_rows,episode_00015,Played,1
4690,referencegame,NEW_FormatCheckingAgent_LLM_judge_clp_chat,number_grids,episode_00006,Played,1
4691,referencegame,NEW_FormatCheckingAgent_LLM_judge_clp_chat,number_grids,episode_00007,Played,1
4692,referencegame,NEW_FormatCheckingAgent_LLM_judge_clp_chat,number_grids,episode_00008,Played,1
4693,referencegame,NEW_FormatCheckingAgent_LLM_judge_clp_chat,number_grids,episode_00009,Played,1
4694,referencegame,NEW_FormatCheckingAgent_LLM_judge_clp_chat,number_grids,episode_00010,Played,1
4695,referencegame,NEW_FormatCheckingAgent_LLM_judge_clp_chat,random_grids,episode_00021,Played,1
4696,referencegame,NEW_FormatCheckingAgent_LLM_judge_clp_chat,random_grids,episode_00022,Played,1
4697,referencegame,NEW_FormatCheckingAgent_LLM_judge_clp_chat,random_grids,episode_00023,Played,1
4698,referencegame,NEW_FormatCheckingAgent_LLM_judge_clp_chat,random_grids,episode_00024,Played,1
4699,referencegame,NEW_FormatCheckingAgent_LLM_judge_clp_chat,random_grids,episode_00025,Played,1
4700,taboo,NEW_FormatCheckingAgent_LLM_judge_clp_chat,high_en,episode_00001,Played,1
4701,taboo,NEW_FormatCheckingAgent_LLM_judge_clp_chat,high_en,episode_00002,Played,1
4702,taboo,NEW_FormatCheckingAgent_LLM_judge_clp_chat,high_en,episode_00003,Played,1
4703,taboo,NEW_FormatCheckingAgent_LLM_judge_clp_chat,high_en,episode_00004,Played,1
4704,taboo,NEW_FormatCheckingAgent_LLM_judge_clp_chat,high_en,episode_00005,Played,1
4705,taboo,NEW_FormatCheckingAgent_LLM_judge_clp_chat,low_en,episode_00011,Played,1
4706,taboo,NEW_FormatCheckingAgent_LLM_judge_clp_chat,low_en,episode_00012,Played,1
4707,taboo,NEW_FormatCheckingAgent_LLM_judge_clp_chat,low_en,episode_00013,Played,0
4708,taboo,NEW_FormatCheckingAgent_LLM_judge_clp_chat,low_en,episode_00014,Played,1
4709,taboo,NEW_FormatCheckingAgent_LLM_judge_clp_chat,low_en,episode_00015,Played,1
4710,taboo,NEW_FormatCheckingAgent_LLM_judge_clp_chat,medium_en,episode_00006,Played,1
4711,taboo,NEW_FormatCheckingAgent_LLM_judge_clp_chat,medium_en,episode_00007,Played,1
4712,taboo,NEW_FormatCheckingAgent_LLM_judge_clp_chat,medium_en,episode_00008,Played,1
4713,taboo,NEW_FormatCheckingAgent_LLM_judge_clp_chat,medium_en,episode_00009,Played,1
4714,taboo,NEW_FormatCheckingAgent_LLM_judge_clp_chat,medium_en,episode_00010,Played,1
4715,textmapworld,NEW_FormatCheckingAgent_LLM_judge_clp_chat,large,episode_00011,Played,0
4716,textmapworld,NEW_FormatCheckingAgent_LLM_judge_clp_chat,large,episode_00012,Played,0
4717,textmapworld,NEW_FormatCheckingAgent_LLM_judge_clp_chat,large,episode_00013,Played,0
4718,textmapworld,NEW_FormatCheckingAgent_LLM_judge_clp_chat,large,episode_00014,Played,0
4719,textmapworld,NEW_FormatCheckingAgent_LLM_judge_clp_chat,large,episode_00015,Played,0
4720,textmapworld,NEW_FormatCheckingAgent_LLM_judge_clp_chat,large_cycle,episode_00021,Played,0
4721,textmapworld,NEW_FormatCheckingAgent_LLM_judge_clp_chat,large_cycle,episode_00022,Played,0
4722,textmapworld,NEW_FormatCheckingAgent_LLM_judge_clp_chat,large_cycle,episode_00023,Played,0
4723,textmapworld,NEW_FormatCheckingAgent_LLM_judge_clp_chat,large_cycle,episode_00024,Played,0
4724,textmapworld,NEW_FormatCheckingAgent_LLM_judge_clp_chat,large_cycle,episode_00025,Played,0
4725,textmapworld,NEW_FormatCheckingAgent_LLM_judge_clp_chat,medium,episode_00006,Played,0
4726,textmapworld,NEW_FormatCheckingAgent_LLM_judge_clp_chat,medium,episode_00007,Played,0
4727,textmapworld,NEW_FormatCheckingAgent_LLM_judge_clp_chat,medium,episode_00008,Played,0
4728,textmapworld,NEW_FormatCheckingAgent_LLM_judge_clp_chat,medium,episode_00009,Played,0
4729,textmapworld,NEW_FormatCheckingAgent_LLM_judge_clp_chat,medium,episode_00010,Played,0
4730,textmapworld,NEW_FormatCheckingAgent_LLM_judge_clp_chat,medium_cycle,episode_00016,Played,0
4731,textmapworld,NEW_FormatCheckingAgent_LLM_judge_clp_chat,medium_cycle,episode_00017,Played,0
4732,textmapworld,NEW_FormatCheckingAgent_LLM_judge_clp_chat,medium_cycle,episode_00018,Played,0
4733,textmapworld,NEW_FormatCheckingAgent_LLM_judge_clp_chat,medium_cycle,episode_00019,Played,0
4734,textmapworld,NEW_FormatCheckingAgent_LLM_judge_clp_chat,medium_cycle,episode_00020,Played,0
4735,textmapworld,NEW_FormatCheckingAgent_LLM_judge_clp_chat,small,episode_00001,Played,0
4736,textmapworld,NEW_FormatCheckingAgent_LLM_judge_clp_chat,small,episode_00002,Played,0
4737,textmapworld,NEW_FormatCheckingAgent_LLM_judge_clp_chat,small,episode_00003,Played,0
4738,textmapworld,NEW_FormatCheckingAgent_LLM_judge_clp_chat,small,episode_00004,Played,0
4739,textmapworld,NEW_FormatCheckingAgent_LLM_judge_clp_chat,small,episode_00005,Played,0
4740,wordle,NEW_FormatCheckingAgent_LLM_judge_clp_chat,high_frequency_words_no_clue_no_critic,episode_00001,Played,1
4741,wordle,NEW_FormatCheckingAgent_LLM_judge_clp_chat,high_frequency_words_no_clue_no_critic,episode_00002,Played,1
4742,wordle,NEW_FormatCheckingAgent_LLM_judge_clp_chat,high_frequency_words_no_clue_no_critic,episode_00003,Played,0
4743,wordle,NEW_FormatCheckingAgent_LLM_judge_clp_chat,high_frequency_words_no_clue_no_critic,episode_00004,Played,1
4744,wordle,NEW_FormatCheckingAgent_LLM_judge_clp_chat,high_frequency_words_no_clue_no_critic,episode_00005,Played,0
4745,wordle,NEW_FormatCheckingAgent_LLM_judge_clp_chat,high_frequency_words_no_clue_no_critic,episode_00006,Played,0
4746,wordle,NEW_FormatCheckingAgent_LLM_judge_clp_chat,high_frequency_words_no_clue_no_critic,episode_00007,Played,1
4747,wordle,NEW_FormatCheckingAgent_LLM_judge_clp_chat,high_frequency_words_no_clue_no_critic,episode_00008,Played,0
4748,wordle,NEW_FormatCheckingAgent_LLM_judge_clp_chat,high_frequency_words_no_clue_no_critic,episode_00009,Played,1
4749,wordle,NEW_FormatCheckingAgent_LLM_judge_clp_chat,high_frequency_words_no_clue_no_critic,episode_00010,Played,0
4750,wordle,NEW_FormatCheckingAgent_LLM_judge_clp_chat,medium_frequency_words_no_clue_no_critic,episode_00001,Played,0
4751,wordle,NEW_FormatCheckingAgent_LLM_judge_clp_chat,medium_frequency_words_no_clue_no_critic,episode_00002,Played,0
4752,wordle,NEW_FormatCheckingAgent_LLM_judge_clp_chat,medium_frequency_words_no_clue_no_critic,episode_00003,Played,0
4753,wordle,NEW_FormatCheckingAgent_LLM_judge_clp_chat,medium_frequency_words_no_clue_no_critic,episode_00004,Played,0
4754,wordle,NEW_FormatCheckingAgent_LLM_judge_clp_chat,medium_frequency_words_no_clue_no_critic,episode_00005,Played,1
4755,wordle,NEW_FormatCheckingAgent_LLM_judge_clp_chat,medium_frequency_words_no_clue_no_critic,episode_00006,Played,0
4756,wordle,NEW_FormatCheckingAgent_LLM_judge_clp_chat,medium_frequency_words_no_clue_no_critic,episode_00007,Played,1
4757,wordle,NEW_FormatCheckingAgent_LLM_judge_clp_chat,medium_frequency_words_no_clue_no_critic,episode_00008,Played,1
4758,wordle,NEW_FormatCheckingAgent_LLM_judge_clp_chat,medium_frequency_words_no_clue_no_critic,episode_00009,Played,0
4759,wordle,NEW_FormatCheckingAgent_LLM_judge_clp_chat,medium_frequency_words_no_clue_no_critic,episode_00010,Played,0
