,game,model,experiment,episode,metric,value
0,adventuregame,format_checking_clp_chat,home_deliver_three_basic_easy,episode_00001,Violated Request Count,0.0
1,adventuregame,format_checking_clp_chat,home_deliver_three_basic_easy,episode_00001,Parsed Request Count,50.0
2,adventuregame,format_checking_clp_chat,home_deliver_three_basic_easy,episode_00001,Request Count,50.0
3,adventuregame,format_checking_clp_chat,home_deliver_three_basic_easy,episode_00001,Request Success Ratio,1.0
4,adventuregame,format_checking_clp_chat,home_deliver_three_basic_easy,episode_00001,hallucination_count,0.0
5,adventuregame,format_checking_clp_chat,home_deliver_three_basic_easy,episode_00001,action_parsing_fail,0.0
6,adventuregame,format_checking_clp_chat,home_deliver_three_basic_easy,episode_00001,action_resolution_fail,42.0
7,adventuregame,format_checking_clp_chat,home_deliver_three_basic_easy,episode_00001,lark_exception,0.0
8,adventuregame,format_checking_clp_chat,home_deliver_three_basic_easy,episode_00001,malformed_command,0.0
9,adventuregame,format_checking_clp_chat,home_deliver_three_basic_easy,episode_00001,undefined_action_verb,0.0
10,adventuregame,format_checking_clp_chat,home_deliver_three_basic_easy,episode_00001,undefined_action,0.0
11,adventuregame,format_checking_clp_chat,home_deliver_three_basic_easy,episode_00001,undefined_repr_str,0.0
12,adventuregame,format_checking_clp_chat,home_deliver_three_basic_easy,episode_00001,manipulating_room,0.0
13,adventuregame,format_checking_clp_chat,home_deliver_three_basic_easy,episode_00001,undefined_argument_type,0.0
14,adventuregame,format_checking_clp_chat,home_deliver_three_basic_easy,episode_00001,taking_from_inventory,0.0
15,adventuregame,format_checking_clp_chat,home_deliver_three_basic_easy,episode_00001,other_room_argument,0.0
16,adventuregame,format_checking_clp_chat,home_deliver_three_basic_easy,episode_00001,domain_trait_type_mismatch,0.0
17,adventuregame,format_checking_clp_chat,home_deliver_three_basic_easy,episode_00001,domain_type_discrepancy,0.0
18,adventuregame,format_checking_clp_chat,home_deliver_three_basic_easy,episode_00001,world_state_discrepancy,0.0
19,adventuregame,format_checking_clp_chat,home_deliver_three_basic_easy,episode_00001,entity_not_accessible,0.0
20,adventuregame,format_checking_clp_chat,home_deliver_three_basic_easy,episode_00001,entity_state_mismatch,0.0
21,adventuregame,format_checking_clp_chat,home_deliver_three_basic_easy,episode_00001,entity_trait_mismatch,0.0
22,adventuregame,format_checking_clp_chat,home_deliver_three_basic_easy,episode_00001,entity_already_inventory,0.0
23,adventuregame,format_checking_clp_chat,home_deliver_three_basic_easy,episode_00001,going_to_current_room,0.0
24,adventuregame,format_checking_clp_chat,home_deliver_three_basic_easy,episode_00001,no_exit_to,42.0
25,adventuregame,format_checking_clp_chat,home_deliver_three_basic_easy,episode_00001,inventory_limit_exceeded,0.0
26,adventuregame,format_checking_clp_chat,home_deliver_three_basic_easy,episode_00001,successful_actions,8.0
27,adventuregame,format_checking_clp_chat,home_deliver_three_basic_easy,episode_00001,turn_limit_loss,1.0
28,adventuregame,format_checking_clp_chat,home_deliver_three_basic_easy,episode_00001,turns_over_par,
29,adventuregame,format_checking_clp_chat,home_deliver_three_basic_easy,episode_00001,turn_ratio,
30,adventuregame,format_checking_clp_chat,home_deliver_three_basic_easy,episode_00001,finish_speed,
31,adventuregame,format_checking_clp_chat,home_deliver_three_basic_easy,episode_00001,achieved_goal_ratio,0.0
32,adventuregame,format_checking_clp_chat,home_deliver_three_basic_easy,episode_00001,Aborted,1.0
33,adventuregame,format_checking_clp_chat,home_deliver_three_basic_easy,episode_00001,Success,0.0
34,adventuregame,format_checking_clp_chat,home_deliver_three_basic_easy,episode_00001,Lose,0.0
35,adventuregame,format_checking_clp_chat,home_deliver_three_basic_easy,episode_00001,Main Score,
36,adventuregame,format_checking_clp_chat,home_deliver_three_basic_easy,episode_00001,plan_followed_ratio,0.0
37,adventuregame,format_checking_clp_chat,home_deliver_three_basic_easy,episode_00001,plan_average_viability_ratio,0.0
38,adventuregame,format_checking_clp_chat,home_deliver_three_basic_easy,episode_00001,bad_plan_follow_ratio,0.0
39,adventuregame,format_checking_clp_chat,home_deliver_three_basic_easy,episode_00001,bad_plan_dismiss_ratio,1.0
40,adventuregame,format_checking_clp_chat,home_deliver_three_basic_easy,episode_00002,Violated Request Count,0.0
41,adventuregame,format_checking_clp_chat,home_deliver_three_basic_easy,episode_00002,Parsed Request Count,50.0
42,adventuregame,format_checking_clp_chat,home_deliver_three_basic_easy,episode_00002,Request Count,50.0
43,adventuregame,format_checking_clp_chat,home_deliver_three_basic_easy,episode_00002,Request Success Ratio,1.0
44,adventuregame,format_checking_clp_chat,home_deliver_three_basic_easy,episode_00002,hallucination_count,0.0
45,adventuregame,format_checking_clp_chat,home_deliver_three_basic_easy,episode_00002,action_parsing_fail,0.0
46,adventuregame,format_checking_clp_chat,home_deliver_three_basic_easy,episode_00002,action_resolution_fail,47.0
47,adventuregame,format_checking_clp_chat,home_deliver_three_basic_easy,episode_00002,lark_exception,0.0
48,adventuregame,format_checking_clp_chat,home_deliver_three_basic_easy,episode_00002,malformed_command,0.0
49,adventuregame,format_checking_clp_chat,home_deliver_three_basic_easy,episode_00002,undefined_action_verb,0.0
50,adventuregame,format_checking_clp_chat,home_deliver_three_basic_easy,episode_00002,undefined_action,0.0
51,adventuregame,format_checking_clp_chat,home_deliver_three_basic_easy,episode_00002,undefined_repr_str,0.0
52,adventuregame,format_checking_clp_chat,home_deliver_three_basic_easy,episode_00002,manipulating_room,0.0
53,adventuregame,format_checking_clp_chat,home_deliver_three_basic_easy,episode_00002,undefined_argument_type,0.0
54,adventuregame,format_checking_clp_chat,home_deliver_three_basic_easy,episode_00002,taking_from_inventory,0.0
55,adventuregame,format_checking_clp_chat,home_deliver_three_basic_easy,episode_00002,other_room_argument,0.0
56,adventuregame,format_checking_clp_chat,home_deliver_three_basic_easy,episode_00002,domain_trait_type_mismatch,0.0
57,adventuregame,format_checking_clp_chat,home_deliver_three_basic_easy,episode_00002,domain_type_discrepancy,0.0
58,adventuregame,format_checking_clp_chat,home_deliver_three_basic_easy,episode_00002,world_state_discrepancy,0.0
59,adventuregame,format_checking_clp_chat,home_deliver_three_basic_easy,episode_00002,entity_not_accessible,0.0
60,adventuregame,format_checking_clp_chat,home_deliver_three_basic_easy,episode_00002,entity_state_mismatch,47.0
61,adventuregame,format_checking_clp_chat,home_deliver_three_basic_easy,episode_00002,entity_trait_mismatch,0.0
62,adventuregame,format_checking_clp_chat,home_deliver_three_basic_easy,episode_00002,entity_already_inventory,0.0
63,adventuregame,format_checking_clp_chat,home_deliver_three_basic_easy,episode_00002,going_to_current_room,0.0
64,adventuregame,format_checking_clp_chat,home_deliver_three_basic_easy,episode_00002,no_exit_to,0.0
65,adventuregame,format_checking_clp_chat,home_deliver_three_basic_easy,episode_00002,inventory_limit_exceeded,0.0
66,adventuregame,format_checking_clp_chat,home_deliver_three_basic_easy,episode_00002,successful_actions,3.0
67,adventuregame,format_checking_clp_chat,home_deliver_three_basic_easy,episode_00002,turn_limit_loss,1.0
68,adventuregame,format_checking_clp_chat,home_deliver_three_basic_easy,episode_00002,turns_over_par,
69,adventuregame,format_checking_clp_chat,home_deliver_three_basic_easy,episode_00002,turn_ratio,
70,adventuregame,format_checking_clp_chat,home_deliver_three_basic_easy,episode_00002,finish_speed,
71,adventuregame,format_checking_clp_chat,home_deliver_three_basic_easy,episode_00002,achieved_goal_ratio,0.0
72,adventuregame,format_checking_clp_chat,home_deliver_three_basic_easy,episode_00002,Aborted,1.0
73,adventuregame,format_checking_clp_chat,home_deliver_three_basic_easy,episode_00002,Success,0.0
74,adventuregame,format_checking_clp_chat,home_deliver_three_basic_easy,episode_00002,Lose,0.0
75,adventuregame,format_checking_clp_chat,home_deliver_three_basic_easy,episode_00002,Main Score,
76,adventuregame,format_checking_clp_chat,home_deliver_three_basic_easy,episode_00002,plan_followed_ratio,0.0
77,adventuregame,format_checking_clp_chat,home_deliver_three_basic_easy,episode_00002,plan_average_viability_ratio,0.0
78,adventuregame,format_checking_clp_chat,home_deliver_three_basic_easy,episode_00002,bad_plan_follow_ratio,0.0
79,adventuregame,format_checking_clp_chat,home_deliver_three_basic_easy,episode_00002,bad_plan_dismiss_ratio,1.0
80,adventuregame,format_checking_clp_chat,home_deliver_three_basic_easy,episode_00003,Violated Request Count,0.0
81,adventuregame,format_checking_clp_chat,home_deliver_three_basic_easy,episode_00003,Parsed Request Count,50.0
82,adventuregame,format_checking_clp_chat,home_deliver_three_basic_easy,episode_00003,Request Count,50.0
83,adventuregame,format_checking_clp_chat,home_deliver_three_basic_easy,episode_00003,Request Success Ratio,1.0
84,adventuregame,format_checking_clp_chat,home_deliver_three_basic_easy,episode_00003,hallucination_count,0.0
85,adventuregame,format_checking_clp_chat,home_deliver_three_basic_easy,episode_00003,action_parsing_fail,0.0
86,adventuregame,format_checking_clp_chat,home_deliver_three_basic_easy,episode_00003,action_resolution_fail,46.0
87,adventuregame,format_checking_clp_chat,home_deliver_three_basic_easy,episode_00003,lark_exception,0.0
88,adventuregame,format_checking_clp_chat,home_deliver_three_basic_easy,episode_00003,malformed_command,0.0
89,adventuregame,format_checking_clp_chat,home_deliver_three_basic_easy,episode_00003,undefined_action_verb,0.0
90,adventuregame,format_checking_clp_chat,home_deliver_three_basic_easy,episode_00003,undefined_action,0.0
91,adventuregame,format_checking_clp_chat,home_deliver_three_basic_easy,episode_00003,undefined_repr_str,0.0
92,adventuregame,format_checking_clp_chat,home_deliver_three_basic_easy,episode_00003,manipulating_room,0.0
93,adventuregame,format_checking_clp_chat,home_deliver_three_basic_easy,episode_00003,undefined_argument_type,0.0
94,adventuregame,format_checking_clp_chat,home_deliver_three_basic_easy,episode_00003,taking_from_inventory,0.0
95,adventuregame,format_checking_clp_chat,home_deliver_three_basic_easy,episode_00003,other_room_argument,0.0
96,adventuregame,format_checking_clp_chat,home_deliver_three_basic_easy,episode_00003,domain_trait_type_mismatch,0.0
97,adventuregame,format_checking_clp_chat,home_deliver_three_basic_easy,episode_00003,domain_type_discrepancy,0.0
98,adventuregame,format_checking_clp_chat,home_deliver_three_basic_easy,episode_00003,world_state_discrepancy,0.0
99,adventuregame,format_checking_clp_chat,home_deliver_three_basic_easy,episode_00003,entity_not_accessible,0.0
100,adventuregame,format_checking_clp_chat,home_deliver_three_basic_easy,episode_00003,entity_state_mismatch,46.0
101,adventuregame,format_checking_clp_chat,home_deliver_three_basic_easy,episode_00003,entity_trait_mismatch,0.0
102,adventuregame,format_checking_clp_chat,home_deliver_three_basic_easy,episode_00003,entity_already_inventory,0.0
103,adventuregame,format_checking_clp_chat,home_deliver_three_basic_easy,episode_00003,going_to_current_room,0.0
104,adventuregame,format_checking_clp_chat,home_deliver_three_basic_easy,episode_00003,no_exit_to,0.0
105,adventuregame,format_checking_clp_chat,home_deliver_three_basic_easy,episode_00003,inventory_limit_exceeded,0.0
106,adventuregame,format_checking_clp_chat,home_deliver_three_basic_easy,episode_00003,successful_actions,4.0
107,adventuregame,format_checking_clp_chat,home_deliver_three_basic_easy,episode_00003,turn_limit_loss,1.0
108,adventuregame,format_checking_clp_chat,home_deliver_three_basic_easy,episode_00003,turns_over_par,
109,adventuregame,format_checking_clp_chat,home_deliver_three_basic_easy,episode_00003,turn_ratio,
110,adventuregame,format_checking_clp_chat,home_deliver_three_basic_easy,episode_00003,finish_speed,
111,adventuregame,format_checking_clp_chat,home_deliver_three_basic_easy,episode_00003,achieved_goal_ratio,0.3333333333333333
112,adventuregame,format_checking_clp_chat,home_deliver_three_basic_easy,episode_00003,Aborted,1.0
113,adventuregame,format_checking_clp_chat,home_deliver_three_basic_easy,episode_00003,Success,0.0
114,adventuregame,format_checking_clp_chat,home_deliver_three_basic_easy,episode_00003,Lose,0.0
115,adventuregame,format_checking_clp_chat,home_deliver_three_basic_easy,episode_00003,Main Score,
116,adventuregame,format_checking_clp_chat,home_deliver_three_basic_easy,episode_00003,plan_followed_ratio,0.0
117,adventuregame,format_checking_clp_chat,home_deliver_three_basic_easy,episode_00003,plan_average_viability_ratio,0.0
118,adventuregame,format_checking_clp_chat,home_deliver_three_basic_easy,episode_00003,bad_plan_follow_ratio,0.0
119,adventuregame,format_checking_clp_chat,home_deliver_three_basic_easy,episode_00003,bad_plan_dismiss_ratio,1.0
120,adventuregame,format_checking_clp_chat,home_deliver_three_basic_easy_invlimittwo,episode_00007,Violated Request Count,0.0
121,adventuregame,format_checking_clp_chat,home_deliver_three_basic_easy_invlimittwo,episode_00007,Parsed Request Count,50.0
122,adventuregame,format_checking_clp_chat,home_deliver_three_basic_easy_invlimittwo,episode_00007,Request Count,50.0
123,adventuregame,format_checking_clp_chat,home_deliver_three_basic_easy_invlimittwo,episode_00007,Request Success Ratio,1.0
124,adventuregame,format_checking_clp_chat,home_deliver_three_basic_easy_invlimittwo,episode_00007,hallucination_count,0.0
125,adventuregame,format_checking_clp_chat,home_deliver_three_basic_easy_invlimittwo,episode_00007,action_parsing_fail,1.0
126,adventuregame,format_checking_clp_chat,home_deliver_three_basic_easy_invlimittwo,episode_00007,action_resolution_fail,35.0
127,adventuregame,format_checking_clp_chat,home_deliver_three_basic_easy_invlimittwo,episode_00007,lark_exception,0.0
128,adventuregame,format_checking_clp_chat,home_deliver_three_basic_easy_invlimittwo,episode_00007,malformed_command,0.0
129,adventuregame,format_checking_clp_chat,home_deliver_three_basic_easy_invlimittwo,episode_00007,undefined_action_verb,0.0
130,adventuregame,format_checking_clp_chat,home_deliver_three_basic_easy_invlimittwo,episode_00007,undefined_action,0.0
131,adventuregame,format_checking_clp_chat,home_deliver_three_basic_easy_invlimittwo,episode_00007,undefined_repr_str,0.0
132,adventuregame,format_checking_clp_chat,home_deliver_three_basic_easy_invlimittwo,episode_00007,manipulating_room,0.0
133,adventuregame,format_checking_clp_chat,home_deliver_three_basic_easy_invlimittwo,episode_00007,undefined_argument_type,0.0
134,adventuregame,format_checking_clp_chat,home_deliver_three_basic_easy_invlimittwo,episode_00007,taking_from_inventory,0.0
135,adventuregame,format_checking_clp_chat,home_deliver_three_basic_easy_invlimittwo,episode_00007,other_room_argument,1.0
136,adventuregame,format_checking_clp_chat,home_deliver_three_basic_easy_invlimittwo,episode_00007,domain_trait_type_mismatch,0.0
137,adventuregame,format_checking_clp_chat,home_deliver_three_basic_easy_invlimittwo,episode_00007,domain_type_discrepancy,0.0
138,adventuregame,format_checking_clp_chat,home_deliver_three_basic_easy_invlimittwo,episode_00007,world_state_discrepancy,0.0
139,adventuregame,format_checking_clp_chat,home_deliver_three_basic_easy_invlimittwo,episode_00007,entity_not_accessible,2.0
140,adventuregame,format_checking_clp_chat,home_deliver_three_basic_easy_invlimittwo,episode_00007,entity_state_mismatch,0.0
141,adventuregame,format_checking_clp_chat,home_deliver_three_basic_easy_invlimittwo,episode_00007,entity_trait_mismatch,0.0
142,adventuregame,format_checking_clp_chat,home_deliver_three_basic_easy_invlimittwo,episode_00007,entity_already_inventory,0.0
143,adventuregame,format_checking_clp_chat,home_deliver_three_basic_easy_invlimittwo,episode_00007,going_to_current_room,0.0
144,adventuregame,format_checking_clp_chat,home_deliver_three_basic_easy_invlimittwo,episode_00007,no_exit_to,33.0
145,adventuregame,format_checking_clp_chat,home_deliver_three_basic_easy_invlimittwo,episode_00007,inventory_limit_exceeded,0.0
146,adventuregame,format_checking_clp_chat,home_deliver_three_basic_easy_invlimittwo,episode_00007,successful_actions,14.0
147,adventuregame,format_checking_clp_chat,home_deliver_three_basic_easy_invlimittwo,episode_00007,turn_limit_loss,1.0
148,adventuregame,format_checking_clp_chat,home_deliver_three_basic_easy_invlimittwo,episode_00007,turns_over_par,
149,adventuregame,format_checking_clp_chat,home_deliver_three_basic_easy_invlimittwo,episode_00007,turn_ratio,
150,adventuregame,format_checking_clp_chat,home_deliver_three_basic_easy_invlimittwo,episode_00007,finish_speed,
151,adventuregame,format_checking_clp_chat,home_deliver_three_basic_easy_invlimittwo,episode_00007,achieved_goal_ratio,0.0
152,adventuregame,format_checking_clp_chat,home_deliver_three_basic_easy_invlimittwo,episode_00007,Aborted,1.0
153,adventuregame,format_checking_clp_chat,home_deliver_three_basic_easy_invlimittwo,episode_00007,Success,0.0
154,adventuregame,format_checking_clp_chat,home_deliver_three_basic_easy_invlimittwo,episode_00007,Lose,0.0
155,adventuregame,format_checking_clp_chat,home_deliver_three_basic_easy_invlimittwo,episode_00007,Main Score,
156,adventuregame,format_checking_clp_chat,home_deliver_three_basic_easy_invlimittwo,episode_00007,plan_followed_ratio,0.0
157,adventuregame,format_checking_clp_chat,home_deliver_three_basic_easy_invlimittwo,episode_00007,plan_average_viability_ratio,0.0
158,adventuregame,format_checking_clp_chat,home_deliver_three_basic_easy_invlimittwo,episode_00007,bad_plan_follow_ratio,0.0
159,adventuregame,format_checking_clp_chat,home_deliver_three_basic_easy_invlimittwo,episode_00007,bad_plan_dismiss_ratio,1.0
160,adventuregame,format_checking_clp_chat,home_deliver_three_basic_easy_invlimittwo,episode_00008,Violated Request Count,0.0
161,adventuregame,format_checking_clp_chat,home_deliver_three_basic_easy_invlimittwo,episode_00008,Parsed Request Count,50.0
162,adventuregame,format_checking_clp_chat,home_deliver_three_basic_easy_invlimittwo,episode_00008,Request Count,50.0
163,adventuregame,format_checking_clp_chat,home_deliver_three_basic_easy_invlimittwo,episode_00008,Request Success Ratio,1.0
164,adventuregame,format_checking_clp_chat,home_deliver_three_basic_easy_invlimittwo,episode_00008,hallucination_count,0.0
165,adventuregame,format_checking_clp_chat,home_deliver_three_basic_easy_invlimittwo,episode_00008,action_parsing_fail,0.0
166,adventuregame,format_checking_clp_chat,home_deliver_three_basic_easy_invlimittwo,episode_00008,action_resolution_fail,38.0
167,adventuregame,format_checking_clp_chat,home_deliver_three_basic_easy_invlimittwo,episode_00008,lark_exception,0.0
168,adventuregame,format_checking_clp_chat,home_deliver_three_basic_easy_invlimittwo,episode_00008,malformed_command,0.0
169,adventuregame,format_checking_clp_chat,home_deliver_three_basic_easy_invlimittwo,episode_00008,undefined_action_verb,0.0
170,adventuregame,format_checking_clp_chat,home_deliver_three_basic_easy_invlimittwo,episode_00008,undefined_action,0.0
171,adventuregame,format_checking_clp_chat,home_deliver_three_basic_easy_invlimittwo,episode_00008,undefined_repr_str,0.0
172,adventuregame,format_checking_clp_chat,home_deliver_three_basic_easy_invlimittwo,episode_00008,manipulating_room,0.0
173,adventuregame,format_checking_clp_chat,home_deliver_three_basic_easy_invlimittwo,episode_00008,undefined_argument_type,0.0
174,adventuregame,format_checking_clp_chat,home_deliver_three_basic_easy_invlimittwo,episode_00008,taking_from_inventory,0.0
175,adventuregame,format_checking_clp_chat,home_deliver_three_basic_easy_invlimittwo,episode_00008,other_room_argument,0.0
176,adventuregame,format_checking_clp_chat,home_deliver_three_basic_easy_invlimittwo,episode_00008,domain_trait_type_mismatch,0.0
177,adventuregame,format_checking_clp_chat,home_deliver_three_basic_easy_invlimittwo,episode_00008,domain_type_discrepancy,0.0
178,adventuregame,format_checking_clp_chat,home_deliver_three_basic_easy_invlimittwo,episode_00008,world_state_discrepancy,0.0
179,adventuregame,format_checking_clp_chat,home_deliver_three_basic_easy_invlimittwo,episode_00008,entity_not_accessible,4.0
180,adventuregame,format_checking_clp_chat,home_deliver_three_basic_easy_invlimittwo,episode_00008,entity_state_mismatch,1.0
181,adventuregame,format_checking_clp_chat,home_deliver_three_basic_easy_invlimittwo,episode_00008,entity_trait_mismatch,0.0
182,adventuregame,format_checking_clp_chat,home_deliver_three_basic_easy_invlimittwo,episode_00008,entity_already_inventory,0.0
183,adventuregame,format_checking_clp_chat,home_deliver_three_basic_easy_invlimittwo,episode_00008,going_to_current_room,0.0
184,adventuregame,format_checking_clp_chat,home_deliver_three_basic_easy_invlimittwo,episode_00008,no_exit_to,3.0
185,adventuregame,format_checking_clp_chat,home_deliver_three_basic_easy_invlimittwo,episode_00008,inventory_limit_exceeded,30.0
186,adventuregame,format_checking_clp_chat,home_deliver_three_basic_easy_invlimittwo,episode_00008,successful_actions,12.0
187,adventuregame,format_checking_clp_chat,home_deliver_three_basic_easy_invlimittwo,episode_00008,turn_limit_loss,1.0
188,adventuregame,format_checking_clp_chat,home_deliver_three_basic_easy_invlimittwo,episode_00008,turns_over_par,
189,adventuregame,format_checking_clp_chat,home_deliver_three_basic_easy_invlimittwo,episode_00008,turn_ratio,
190,adventuregame,format_checking_clp_chat,home_deliver_three_basic_easy_invlimittwo,episode_00008,finish_speed,
191,adventuregame,format_checking_clp_chat,home_deliver_three_basic_easy_invlimittwo,episode_00008,achieved_goal_ratio,0.0
192,adventuregame,format_checking_clp_chat,home_deliver_three_basic_easy_invlimittwo,episode_00008,Aborted,1.0
193,adventuregame,format_checking_clp_chat,home_deliver_three_basic_easy_invlimittwo,episode_00008,Success,0.0
194,adventuregame,format_checking_clp_chat,home_deliver_three_basic_easy_invlimittwo,episode_00008,Lose,0.0
195,adventuregame,format_checking_clp_chat,home_deliver_three_basic_easy_invlimittwo,episode_00008,Main Score,
196,adventuregame,format_checking_clp_chat,home_deliver_three_basic_easy_invlimittwo,episode_00008,plan_followed_ratio,0.0
197,adventuregame,format_checking_clp_chat,home_deliver_three_basic_easy_invlimittwo,episode_00008,plan_average_viability_ratio,0.0
198,adventuregame,format_checking_clp_chat,home_deliver_three_basic_easy_invlimittwo,episode_00008,bad_plan_follow_ratio,0.0
199,adventuregame,format_checking_clp_chat,home_deliver_three_basic_easy_invlimittwo,episode_00008,bad_plan_dismiss_ratio,1.0
200,adventuregame,format_checking_clp_chat,home_deliver_three_basic_easy_invlimittwo,episode_00009,Violated Request Count,0.0
201,adventuregame,format_checking_clp_chat,home_deliver_three_basic_easy_invlimittwo,episode_00009,Parsed Request Count,11.0
202,adventuregame,format_checking_clp_chat,home_deliver_three_basic_easy_invlimittwo,episode_00009,Request Count,11.0
203,adventuregame,format_checking_clp_chat,home_deliver_three_basic_easy_invlimittwo,episode_00009,Request Success Ratio,1.0
204,adventuregame,format_checking_clp_chat,home_deliver_three_basic_easy_invlimittwo,episode_00009,hallucination_count,0.0
205,adventuregame,format_checking_clp_chat,home_deliver_three_basic_easy_invlimittwo,episode_00009,action_parsing_fail,0.0
206,adventuregame,format_checking_clp_chat,home_deliver_three_basic_easy_invlimittwo,episode_00009,action_resolution_fail,1.0
207,adventuregame,format_checking_clp_chat,home_deliver_three_basic_easy_invlimittwo,episode_00009,lark_exception,0.0
208,adventuregame,format_checking_clp_chat,home_deliver_three_basic_easy_invlimittwo,episode_00009,malformed_command,0.0
209,adventuregame,format_checking_clp_chat,home_deliver_three_basic_easy_invlimittwo,episode_00009,undefined_action_verb,0.0
210,adventuregame,format_checking_clp_chat,home_deliver_three_basic_easy_invlimittwo,episode_00009,undefined_action,0.0
211,adventuregame,format_checking_clp_chat,home_deliver_three_basic_easy_invlimittwo,episode_00009,undefined_repr_str,0.0
212,adventuregame,format_checking_clp_chat,home_deliver_three_basic_easy_invlimittwo,episode_00009,manipulating_room,0.0
213,adventuregame,format_checking_clp_chat,home_deliver_three_basic_easy_invlimittwo,episode_00009,undefined_argument_type,0.0
214,adventuregame,format_checking_clp_chat,home_deliver_three_basic_easy_invlimittwo,episode_00009,taking_from_inventory,0.0
215,adventuregame,format_checking_clp_chat,home_deliver_three_basic_easy_invlimittwo,episode_00009,other_room_argument,0.0
216,adventuregame,format_checking_clp_chat,home_deliver_three_basic_easy_invlimittwo,episode_00009,domain_trait_type_mismatch,0.0
217,adventuregame,format_checking_clp_chat,home_deliver_three_basic_easy_invlimittwo,episode_00009,domain_type_discrepancy,0.0
218,adventuregame,format_checking_clp_chat,home_deliver_three_basic_easy_invlimittwo,episode_00009,world_state_discrepancy,0.0
219,adventuregame,format_checking_clp_chat,home_deliver_three_basic_easy_invlimittwo,episode_00009,entity_not_accessible,1.0
220,adventuregame,format_checking_clp_chat,home_deliver_three_basic_easy_invlimittwo,episode_00009,entity_state_mismatch,0.0
221,adventuregame,format_checking_clp_chat,home_deliver_three_basic_easy_invlimittwo,episode_00009,entity_trait_mismatch,0.0
222,adventuregame,format_checking_clp_chat,home_deliver_three_basic_easy_invlimittwo,episode_00009,entity_already_inventory,0.0
223,adventuregame,format_checking_clp_chat,home_deliver_three_basic_easy_invlimittwo,episode_00009,going_to_current_room,0.0
224,adventuregame,format_checking_clp_chat,home_deliver_three_basic_easy_invlimittwo,episode_00009,no_exit_to,0.0
225,adventuregame,format_checking_clp_chat,home_deliver_three_basic_easy_invlimittwo,episode_00009,inventory_limit_exceeded,0.0
226,adventuregame,format_checking_clp_chat,home_deliver_three_basic_easy_invlimittwo,episode_00009,successful_actions,10.0
227,adventuregame,format_checking_clp_chat,home_deliver_three_basic_easy_invlimittwo,episode_00009,turn_limit_loss,0.0
228,adventuregame,format_checking_clp_chat,home_deliver_three_basic_easy_invlimittwo,episode_00009,turns_over_par,3.0
229,adventuregame,format_checking_clp_chat,home_deliver_three_basic_easy_invlimittwo,episode_00009,turn_ratio,0.9285714285714286
230,adventuregame,format_checking_clp_chat,home_deliver_three_basic_easy_invlimittwo,episode_00009,finish_speed,0.0714285714285714
231,adventuregame,format_checking_clp_chat,home_deliver_three_basic_easy_invlimittwo,episode_00009,achieved_goal_ratio,1.0
232,adventuregame,format_checking_clp_chat,home_deliver_three_basic_easy_invlimittwo,episode_00009,Aborted,0.0
233,adventuregame,format_checking_clp_chat,home_deliver_three_basic_easy_invlimittwo,episode_00009,Success,1.0
234,adventuregame,format_checking_clp_chat,home_deliver_three_basic_easy_invlimittwo,episode_00009,Lose,0.0
235,adventuregame,format_checking_clp_chat,home_deliver_three_basic_easy_invlimittwo,episode_00009,Main Score,100.0
236,adventuregame,format_checking_clp_chat,home_deliver_three_basic_easy_invlimittwo,episode_00009,plan_followed_ratio,0.0
237,adventuregame,format_checking_clp_chat,home_deliver_three_basic_easy_invlimittwo,episode_00009,plan_average_viability_ratio,0.0
238,adventuregame,format_checking_clp_chat,home_deliver_three_basic_easy_invlimittwo,episode_00009,bad_plan_follow_ratio,0.0
239,adventuregame,format_checking_clp_chat,home_deliver_three_basic_easy_invlimittwo,episode_00009,bad_plan_dismiss_ratio,1.0
240,adventuregame,format_checking_clp_chat,home_deliver_three_planning_easy,episode_00004,Violated Request Count,0.0
241,adventuregame,format_checking_clp_chat,home_deliver_three_planning_easy,episode_00004,Parsed Request Count,50.0
242,adventuregame,format_checking_clp_chat,home_deliver_three_planning_easy,episode_00004,Request Count,50.0
243,adventuregame,format_checking_clp_chat,home_deliver_three_planning_easy,episode_00004,Request Success Ratio,1.0
244,adventuregame,format_checking_clp_chat,home_deliver_three_planning_easy,episode_00004,hallucination_count,0.0
245,adventuregame,format_checking_clp_chat,home_deliver_three_planning_easy,episode_00004,action_parsing_fail,0.0
246,adventuregame,format_checking_clp_chat,home_deliver_three_planning_easy,episode_00004,action_resolution_fail,42.0
247,adventuregame,format_checking_clp_chat,home_deliver_three_planning_easy,episode_00004,lark_exception,0.0
248,adventuregame,format_checking_clp_chat,home_deliver_three_planning_easy,episode_00004,malformed_command,0.0
249,adventuregame,format_checking_clp_chat,home_deliver_three_planning_easy,episode_00004,undefined_action_verb,0.0
250,adventuregame,format_checking_clp_chat,home_deliver_three_planning_easy,episode_00004,undefined_action,0.0
251,adventuregame,format_checking_clp_chat,home_deliver_three_planning_easy,episode_00004,undefined_repr_str,0.0
252,adventuregame,format_checking_clp_chat,home_deliver_three_planning_easy,episode_00004,manipulating_room,0.0
253,adventuregame,format_checking_clp_chat,home_deliver_three_planning_easy,episode_00004,undefined_argument_type,0.0
254,adventuregame,format_checking_clp_chat,home_deliver_three_planning_easy,episode_00004,taking_from_inventory,0.0
255,adventuregame,format_checking_clp_chat,home_deliver_three_planning_easy,episode_00004,other_room_argument,0.0
256,adventuregame,format_checking_clp_chat,home_deliver_three_planning_easy,episode_00004,domain_trait_type_mismatch,0.0
257,adventuregame,format_checking_clp_chat,home_deliver_three_planning_easy,episode_00004,domain_type_discrepancy,0.0
258,adventuregame,format_checking_clp_chat,home_deliver_three_planning_easy,episode_00004,world_state_discrepancy,0.0
259,adventuregame,format_checking_clp_chat,home_deliver_three_planning_easy,episode_00004,entity_not_accessible,1.0
260,adventuregame,format_checking_clp_chat,home_deliver_three_planning_easy,episode_00004,entity_state_mismatch,0.0
261,adventuregame,format_checking_clp_chat,home_deliver_three_planning_easy,episode_00004,entity_trait_mismatch,0.0
262,adventuregame,format_checking_clp_chat,home_deliver_three_planning_easy,episode_00004,entity_already_inventory,0.0
263,adventuregame,format_checking_clp_chat,home_deliver_three_planning_easy,episode_00004,going_to_current_room,0.0
264,adventuregame,format_checking_clp_chat,home_deliver_three_planning_easy,episode_00004,no_exit_to,41.0
265,adventuregame,format_checking_clp_chat,home_deliver_three_planning_easy,episode_00004,inventory_limit_exceeded,0.0
266,adventuregame,format_checking_clp_chat,home_deliver_three_planning_easy,episode_00004,successful_actions,8.0
267,adventuregame,format_checking_clp_chat,home_deliver_three_planning_easy,episode_00004,turn_limit_loss,1.0
268,adventuregame,format_checking_clp_chat,home_deliver_three_planning_easy,episode_00004,turns_over_par,
269,adventuregame,format_checking_clp_chat,home_deliver_three_planning_easy,episode_00004,turn_ratio,
270,adventuregame,format_checking_clp_chat,home_deliver_three_planning_easy,episode_00004,finish_speed,
271,adventuregame,format_checking_clp_chat,home_deliver_three_planning_easy,episode_00004,achieved_goal_ratio,0.0
272,adventuregame,format_checking_clp_chat,home_deliver_three_planning_easy,episode_00004,Aborted,1.0
273,adventuregame,format_checking_clp_chat,home_deliver_three_planning_easy,episode_00004,Success,0.0
274,adventuregame,format_checking_clp_chat,home_deliver_three_planning_easy,episode_00004,Lose,0.0
275,adventuregame,format_checking_clp_chat,home_deliver_three_planning_easy,episode_00004,Main Score,
276,adventuregame,format_checking_clp_chat,home_deliver_three_planning_easy,episode_00004,plan_followed_ratio,0.08
277,adventuregame,format_checking_clp_chat,home_deliver_three_planning_easy,episode_00004,plan_average_viability_ratio,0.024722222222222222
278,adventuregame,format_checking_clp_chat,home_deliver_three_planning_easy,episode_00004,bad_plan_follow_ratio,0.02
279,adventuregame,format_checking_clp_chat,home_deliver_three_planning_easy,episode_00004,bad_plan_dismiss_ratio,0.98
280,adventuregame,format_checking_clp_chat,home_deliver_three_planning_easy,episode_00005,Violated Request Count,0.0
281,adventuregame,format_checking_clp_chat,home_deliver_three_planning_easy,episode_00005,Parsed Request Count,50.0
282,adventuregame,format_checking_clp_chat,home_deliver_three_planning_easy,episode_00005,Request Count,50.0
283,adventuregame,format_checking_clp_chat,home_deliver_three_planning_easy,episode_00005,Request Success Ratio,1.0
284,adventuregame,format_checking_clp_chat,home_deliver_three_planning_easy,episode_00005,hallucination_count,0.0
285,adventuregame,format_checking_clp_chat,home_deliver_three_planning_easy,episode_00005,action_parsing_fail,0.0
286,adventuregame,format_checking_clp_chat,home_deliver_three_planning_easy,episode_00005,action_resolution_fail,44.0
287,adventuregame,format_checking_clp_chat,home_deliver_three_planning_easy,episode_00005,lark_exception,0.0
288,adventuregame,format_checking_clp_chat,home_deliver_three_planning_easy,episode_00005,malformed_command,0.0
289,adventuregame,format_checking_clp_chat,home_deliver_three_planning_easy,episode_00005,undefined_action_verb,0.0
290,adventuregame,format_checking_clp_chat,home_deliver_three_planning_easy,episode_00005,undefined_action,0.0
291,adventuregame,format_checking_clp_chat,home_deliver_three_planning_easy,episode_00005,undefined_repr_str,0.0
292,adventuregame,format_checking_clp_chat,home_deliver_three_planning_easy,episode_00005,manipulating_room,0.0
293,adventuregame,format_checking_clp_chat,home_deliver_three_planning_easy,episode_00005,undefined_argument_type,0.0
294,adventuregame,format_checking_clp_chat,home_deliver_three_planning_easy,episode_00005,taking_from_inventory,0.0
295,adventuregame,format_checking_clp_chat,home_deliver_three_planning_easy,episode_00005,other_room_argument,0.0
296,adventuregame,format_checking_clp_chat,home_deliver_three_planning_easy,episode_00005,domain_trait_type_mismatch,0.0
297,adventuregame,format_checking_clp_chat,home_deliver_three_planning_easy,episode_00005,domain_type_discrepancy,0.0
298,adventuregame,format_checking_clp_chat,home_deliver_three_planning_easy,episode_00005,world_state_discrepancy,0.0
299,adventuregame,format_checking_clp_chat,home_deliver_three_planning_easy,episode_00005,entity_not_accessible,0.0
300,adventuregame,format_checking_clp_chat,home_deliver_three_planning_easy,episode_00005,entity_state_mismatch,44.0
301,adventuregame,format_checking_clp_chat,home_deliver_three_planning_easy,episode_00005,entity_trait_mismatch,0.0
302,adventuregame,format_checking_clp_chat,home_deliver_three_planning_easy,episode_00005,entity_already_inventory,0.0
303,adventuregame,format_checking_clp_chat,home_deliver_three_planning_easy,episode_00005,going_to_current_room,0.0
304,adventuregame,format_checking_clp_chat,home_deliver_three_planning_easy,episode_00005,no_exit_to,0.0
305,adventuregame,format_checking_clp_chat,home_deliver_three_planning_easy,episode_00005,inventory_limit_exceeded,0.0
306,adventuregame,format_checking_clp_chat,home_deliver_three_planning_easy,episode_00005,successful_actions,6.0
307,adventuregame,format_checking_clp_chat,home_deliver_three_planning_easy,episode_00005,turn_limit_loss,1.0
308,adventuregame,format_checking_clp_chat,home_deliver_three_planning_easy,episode_00005,turns_over_par,
309,adventuregame,format_checking_clp_chat,home_deliver_three_planning_easy,episode_00005,turn_ratio,
310,adventuregame,format_checking_clp_chat,home_deliver_three_planning_easy,episode_00005,finish_speed,
311,adventuregame,format_checking_clp_chat,home_deliver_three_planning_easy,episode_00005,achieved_goal_ratio,0.0
312,adventuregame,format_checking_clp_chat,home_deliver_three_planning_easy,episode_00005,Aborted,1.0
313,adventuregame,format_checking_clp_chat,home_deliver_three_planning_easy,episode_00005,Success,0.0
314,adventuregame,format_checking_clp_chat,home_deliver_three_planning_easy,episode_00005,Lose,0.0
315,adventuregame,format_checking_clp_chat,home_deliver_three_planning_easy,episode_00005,Main Score,
316,adventuregame,format_checking_clp_chat,home_deliver_three_planning_easy,episode_00005,plan_followed_ratio,0.02
317,adventuregame,format_checking_clp_chat,home_deliver_three_planning_easy,episode_00005,plan_average_viability_ratio,0.005
318,adventuregame,format_checking_clp_chat,home_deliver_three_planning_easy,episode_00005,bad_plan_follow_ratio,0.0
319,adventuregame,format_checking_clp_chat,home_deliver_three_planning_easy,episode_00005,bad_plan_dismiss_ratio,1.0
320,adventuregame,format_checking_clp_chat,home_deliver_three_planning_easy,episode_00006,Violated Request Count,0.0
321,adventuregame,format_checking_clp_chat,home_deliver_three_planning_easy,episode_00006,Parsed Request Count,50.0
322,adventuregame,format_checking_clp_chat,home_deliver_three_planning_easy,episode_00006,Request Count,50.0
323,adventuregame,format_checking_clp_chat,home_deliver_three_planning_easy,episode_00006,Request Success Ratio,1.0
324,adventuregame,format_checking_clp_chat,home_deliver_three_planning_easy,episode_00006,hallucination_count,0.0
325,adventuregame,format_checking_clp_chat,home_deliver_three_planning_easy,episode_00006,action_parsing_fail,0.0
326,adventuregame,format_checking_clp_chat,home_deliver_three_planning_easy,episode_00006,action_resolution_fail,47.0
327,adventuregame,format_checking_clp_chat,home_deliver_three_planning_easy,episode_00006,lark_exception,0.0
328,adventuregame,format_checking_clp_chat,home_deliver_three_planning_easy,episode_00006,malformed_command,0.0
329,adventuregame,format_checking_clp_chat,home_deliver_three_planning_easy,episode_00006,undefined_action_verb,0.0
330,adventuregame,format_checking_clp_chat,home_deliver_three_planning_easy,episode_00006,undefined_action,0.0
331,adventuregame,format_checking_clp_chat,home_deliver_three_planning_easy,episode_00006,undefined_repr_str,0.0
332,adventuregame,format_checking_clp_chat,home_deliver_three_planning_easy,episode_00006,manipulating_room,0.0
333,adventuregame,format_checking_clp_chat,home_deliver_three_planning_easy,episode_00006,undefined_argument_type,0.0
334,adventuregame,format_checking_clp_chat,home_deliver_three_planning_easy,episode_00006,taking_from_inventory,0.0
335,adventuregame,format_checking_clp_chat,home_deliver_three_planning_easy,episode_00006,other_room_argument,0.0
336,adventuregame,format_checking_clp_chat,home_deliver_three_planning_easy,episode_00006,domain_trait_type_mismatch,0.0
337,adventuregame,format_checking_clp_chat,home_deliver_three_planning_easy,episode_00006,domain_type_discrepancy,0.0
338,adventuregame,format_checking_clp_chat,home_deliver_three_planning_easy,episode_00006,world_state_discrepancy,0.0
339,adventuregame,format_checking_clp_chat,home_deliver_three_planning_easy,episode_00006,entity_not_accessible,1.0
340,adventuregame,format_checking_clp_chat,home_deliver_three_planning_easy,episode_00006,entity_state_mismatch,46.0
341,adventuregame,format_checking_clp_chat,home_deliver_three_planning_easy,episode_00006,entity_trait_mismatch,0.0
342,adventuregame,format_checking_clp_chat,home_deliver_three_planning_easy,episode_00006,entity_already_inventory,0.0
343,adventuregame,format_checking_clp_chat,home_deliver_three_planning_easy,episode_00006,going_to_current_room,0.0
344,adventuregame,format_checking_clp_chat,home_deliver_three_planning_easy,episode_00006,no_exit_to,0.0
345,adventuregame,format_checking_clp_chat,home_deliver_three_planning_easy,episode_00006,inventory_limit_exceeded,0.0
346,adventuregame,format_checking_clp_chat,home_deliver_three_planning_easy,episode_00006,successful_actions,3.0
347,adventuregame,format_checking_clp_chat,home_deliver_three_planning_easy,episode_00006,turn_limit_loss,1.0
348,adventuregame,format_checking_clp_chat,home_deliver_three_planning_easy,episode_00006,turns_over_par,
349,adventuregame,format_checking_clp_chat,home_deliver_three_planning_easy,episode_00006,turn_ratio,
350,adventuregame,format_checking_clp_chat,home_deliver_three_planning_easy,episode_00006,finish_speed,
351,adventuregame,format_checking_clp_chat,home_deliver_three_planning_easy,episode_00006,achieved_goal_ratio,0.0
352,adventuregame,format_checking_clp_chat,home_deliver_three_planning_easy,episode_00006,Aborted,1.0
353,adventuregame,format_checking_clp_chat,home_deliver_three_planning_easy,episode_00006,Success,0.0
354,adventuregame,format_checking_clp_chat,home_deliver_three_planning_easy,episode_00006,Lose,0.0
355,adventuregame,format_checking_clp_chat,home_deliver_three_planning_easy,episode_00006,Main Score,
356,adventuregame,format_checking_clp_chat,home_deliver_three_planning_easy,episode_00006,plan_followed_ratio,0.94
357,adventuregame,format_checking_clp_chat,home_deliver_three_planning_easy,episode_00006,plan_average_viability_ratio,0.012857142857142855
358,adventuregame,format_checking_clp_chat,home_deliver_three_planning_easy,episode_00006,bad_plan_follow_ratio,0.92
359,adventuregame,format_checking_clp_chat,home_deliver_three_planning_easy,episode_00006,bad_plan_dismiss_ratio,0.07999999999999996
360,adventuregame,format_checking_clp_chat,home_deliver_three_planning_easy_invlimittwo,episode_00010,Violated Request Count,0.0
361,adventuregame,format_checking_clp_chat,home_deliver_three_planning_easy_invlimittwo,episode_00010,Parsed Request Count,50.0
362,adventuregame,format_checking_clp_chat,home_deliver_three_planning_easy_invlimittwo,episode_00010,Request Count,50.0
363,adventuregame,format_checking_clp_chat,home_deliver_three_planning_easy_invlimittwo,episode_00010,Request Success Ratio,1.0
364,adventuregame,format_checking_clp_chat,home_deliver_three_planning_easy_invlimittwo,episode_00010,hallucination_count,0.0
365,adventuregame,format_checking_clp_chat,home_deliver_three_planning_easy_invlimittwo,episode_00010,action_parsing_fail,0.0
366,adventuregame,format_checking_clp_chat,home_deliver_three_planning_easy_invlimittwo,episode_00010,action_resolution_fail,33.0
367,adventuregame,format_checking_clp_chat,home_deliver_three_planning_easy_invlimittwo,episode_00010,lark_exception,0.0
368,adventuregame,format_checking_clp_chat,home_deliver_three_planning_easy_invlimittwo,episode_00010,malformed_command,0.0
369,adventuregame,format_checking_clp_chat,home_deliver_three_planning_easy_invlimittwo,episode_00010,undefined_action_verb,0.0
370,adventuregame,format_checking_clp_chat,home_deliver_three_planning_easy_invlimittwo,episode_00010,undefined_action,0.0
371,adventuregame,format_checking_clp_chat,home_deliver_three_planning_easy_invlimittwo,episode_00010,undefined_repr_str,0.0
372,adventuregame,format_checking_clp_chat,home_deliver_three_planning_easy_invlimittwo,episode_00010,manipulating_room,0.0
373,adventuregame,format_checking_clp_chat,home_deliver_three_planning_easy_invlimittwo,episode_00010,undefined_argument_type,0.0
374,adventuregame,format_checking_clp_chat,home_deliver_three_planning_easy_invlimittwo,episode_00010,taking_from_inventory,0.0
375,adventuregame,format_checking_clp_chat,home_deliver_three_planning_easy_invlimittwo,episode_00010,other_room_argument,0.0
376,adventuregame,format_checking_clp_chat,home_deliver_three_planning_easy_invlimittwo,episode_00010,domain_trait_type_mismatch,0.0
377,adventuregame,format_checking_clp_chat,home_deliver_three_planning_easy_invlimittwo,episode_00010,domain_type_discrepancy,0.0
378,adventuregame,format_checking_clp_chat,home_deliver_three_planning_easy_invlimittwo,episode_00010,world_state_discrepancy,0.0
379,adventuregame,format_checking_clp_chat,home_deliver_three_planning_easy_invlimittwo,episode_00010,entity_not_accessible,2.0
380,adventuregame,format_checking_clp_chat,home_deliver_three_planning_easy_invlimittwo,episode_00010,entity_state_mismatch,0.0
381,adventuregame,format_checking_clp_chat,home_deliver_three_planning_easy_invlimittwo,episode_00010,entity_trait_mismatch,0.0
382,adventuregame,format_checking_clp_chat,home_deliver_three_planning_easy_invlimittwo,episode_00010,entity_already_inventory,0.0
383,adventuregame,format_checking_clp_chat,home_deliver_three_planning_easy_invlimittwo,episode_00010,going_to_current_room,1.0
384,adventuregame,format_checking_clp_chat,home_deliver_three_planning_easy_invlimittwo,episode_00010,no_exit_to,30.0
385,adventuregame,format_checking_clp_chat,home_deliver_three_planning_easy_invlimittwo,episode_00010,inventory_limit_exceeded,0.0
386,adventuregame,format_checking_clp_chat,home_deliver_three_planning_easy_invlimittwo,episode_00010,successful_actions,17.0
387,adventuregame,format_checking_clp_chat,home_deliver_three_planning_easy_invlimittwo,episode_00010,turn_limit_loss,1.0
388,adventuregame,format_checking_clp_chat,home_deliver_three_planning_easy_invlimittwo,episode_00010,turns_over_par,
389,adventuregame,format_checking_clp_chat,home_deliver_three_planning_easy_invlimittwo,episode_00010,turn_ratio,
390,adventuregame,format_checking_clp_chat,home_deliver_three_planning_easy_invlimittwo,episode_00010,finish_speed,
391,adventuregame,format_checking_clp_chat,home_deliver_three_planning_easy_invlimittwo,episode_00010,achieved_goal_ratio,0.0
392,adventuregame,format_checking_clp_chat,home_deliver_three_planning_easy_invlimittwo,episode_00010,Aborted,1.0
393,adventuregame,format_checking_clp_chat,home_deliver_three_planning_easy_invlimittwo,episode_00010,Success,0.0
394,adventuregame,format_checking_clp_chat,home_deliver_three_planning_easy_invlimittwo,episode_00010,Lose,0.0
395,adventuregame,format_checking_clp_chat,home_deliver_three_planning_easy_invlimittwo,episode_00010,Main Score,
396,adventuregame,format_checking_clp_chat,home_deliver_three_planning_easy_invlimittwo,episode_00010,plan_followed_ratio,0.16
397,adventuregame,format_checking_clp_chat,home_deliver_three_planning_easy_invlimittwo,episode_00010,plan_average_viability_ratio,0.07666666666666666
398,adventuregame,format_checking_clp_chat,home_deliver_three_planning_easy_invlimittwo,episode_00010,bad_plan_follow_ratio,0.08
399,adventuregame,format_checking_clp_chat,home_deliver_three_planning_easy_invlimittwo,episode_00010,bad_plan_dismiss_ratio,0.92
400,adventuregame,format_checking_clp_chat,home_deliver_three_planning_easy_invlimittwo,episode_00011,Violated Request Count,0.0
401,adventuregame,format_checking_clp_chat,home_deliver_three_planning_easy_invlimittwo,episode_00011,Parsed Request Count,50.0
402,adventuregame,format_checking_clp_chat,home_deliver_three_planning_easy_invlimittwo,episode_00011,Request Count,50.0
403,adventuregame,format_checking_clp_chat,home_deliver_three_planning_easy_invlimittwo,episode_00011,Request Success Ratio,1.0
404,adventuregame,format_checking_clp_chat,home_deliver_three_planning_easy_invlimittwo,episode_00011,hallucination_count,0.0
405,adventuregame,format_checking_clp_chat,home_deliver_three_planning_easy_invlimittwo,episode_00011,action_parsing_fail,0.0
406,adventuregame,format_checking_clp_chat,home_deliver_three_planning_easy_invlimittwo,episode_00011,action_resolution_fail,36.0
407,adventuregame,format_checking_clp_chat,home_deliver_three_planning_easy_invlimittwo,episode_00011,lark_exception,0.0
408,adventuregame,format_checking_clp_chat,home_deliver_three_planning_easy_invlimittwo,episode_00011,malformed_command,0.0
409,adventuregame,format_checking_clp_chat,home_deliver_three_planning_easy_invlimittwo,episode_00011,undefined_action_verb,0.0
410,adventuregame,format_checking_clp_chat,home_deliver_three_planning_easy_invlimittwo,episode_00011,undefined_action,0.0
411,adventuregame,format_checking_clp_chat,home_deliver_three_planning_easy_invlimittwo,episode_00011,undefined_repr_str,0.0
412,adventuregame,format_checking_clp_chat,home_deliver_three_planning_easy_invlimittwo,episode_00011,manipulating_room,0.0
413,adventuregame,format_checking_clp_chat,home_deliver_three_planning_easy_invlimittwo,episode_00011,undefined_argument_type,0.0
414,adventuregame,format_checking_clp_chat,home_deliver_three_planning_easy_invlimittwo,episode_00011,taking_from_inventory,0.0
415,adventuregame,format_checking_clp_chat,home_deliver_three_planning_easy_invlimittwo,episode_00011,other_room_argument,0.0
416,adventuregame,format_checking_clp_chat,home_deliver_three_planning_easy_invlimittwo,episode_00011,domain_trait_type_mismatch,0.0
417,adventuregame,format_checking_clp_chat,home_deliver_three_planning_easy_invlimittwo,episode_00011,domain_type_discrepancy,0.0
418,adventuregame,format_checking_clp_chat,home_deliver_three_planning_easy_invlimittwo,episode_00011,world_state_discrepancy,0.0
419,adventuregame,format_checking_clp_chat,home_deliver_three_planning_easy_invlimittwo,episode_00011,entity_not_accessible,2.0
420,adventuregame,format_checking_clp_chat,home_deliver_three_planning_easy_invlimittwo,episode_00011,entity_state_mismatch,31.0
421,adventuregame,format_checking_clp_chat,home_deliver_three_planning_easy_invlimittwo,episode_00011,entity_trait_mismatch,0.0
422,adventuregame,format_checking_clp_chat,home_deliver_three_planning_easy_invlimittwo,episode_00011,entity_already_inventory,0.0
423,adventuregame,format_checking_clp_chat,home_deliver_three_planning_easy_invlimittwo,episode_00011,going_to_current_room,0.0
424,adventuregame,format_checking_clp_chat,home_deliver_three_planning_easy_invlimittwo,episode_00011,no_exit_to,3.0
425,adventuregame,format_checking_clp_chat,home_deliver_three_planning_easy_invlimittwo,episode_00011,inventory_limit_exceeded,0.0
426,adventuregame,format_checking_clp_chat,home_deliver_three_planning_easy_invlimittwo,episode_00011,successful_actions,14.0
427,adventuregame,format_checking_clp_chat,home_deliver_three_planning_easy_invlimittwo,episode_00011,turn_limit_loss,1.0
428,adventuregame,format_checking_clp_chat,home_deliver_three_planning_easy_invlimittwo,episode_00011,turns_over_par,
429,adventuregame,format_checking_clp_chat,home_deliver_three_planning_easy_invlimittwo,episode_00011,turn_ratio,
430,adventuregame,format_checking_clp_chat,home_deliver_three_planning_easy_invlimittwo,episode_00011,finish_speed,
431,adventuregame,format_checking_clp_chat,home_deliver_three_planning_easy_invlimittwo,episode_00011,achieved_goal_ratio,0.0
432,adventuregame,format_checking_clp_chat,home_deliver_three_planning_easy_invlimittwo,episode_00011,Aborted,1.0
433,adventuregame,format_checking_clp_chat,home_deliver_three_planning_easy_invlimittwo,episode_00011,Success,0.0
434,adventuregame,format_checking_clp_chat,home_deliver_three_planning_easy_invlimittwo,episode_00011,Lose,0.0
435,adventuregame,format_checking_clp_chat,home_deliver_three_planning_easy_invlimittwo,episode_00011,Main Score,
436,adventuregame,format_checking_clp_chat,home_deliver_three_planning_easy_invlimittwo,episode_00011,plan_followed_ratio,0.12
437,adventuregame,format_checking_clp_chat,home_deliver_three_planning_easy_invlimittwo,episode_00011,plan_average_viability_ratio,0.06166666666666666
438,adventuregame,format_checking_clp_chat,home_deliver_three_planning_easy_invlimittwo,episode_00011,bad_plan_follow_ratio,0.06
439,adventuregame,format_checking_clp_chat,home_deliver_three_planning_easy_invlimittwo,episode_00011,bad_plan_dismiss_ratio,0.94
440,adventuregame,format_checking_clp_chat,home_deliver_three_planning_easy_invlimittwo,episode_00012,Violated Request Count,0.0
441,adventuregame,format_checking_clp_chat,home_deliver_three_planning_easy_invlimittwo,episode_00012,Parsed Request Count,50.0
442,adventuregame,format_checking_clp_chat,home_deliver_three_planning_easy_invlimittwo,episode_00012,Request Count,50.0
443,adventuregame,format_checking_clp_chat,home_deliver_three_planning_easy_invlimittwo,episode_00012,Request Success Ratio,1.0
444,adventuregame,format_checking_clp_chat,home_deliver_three_planning_easy_invlimittwo,episode_00012,hallucination_count,0.0
445,adventuregame,format_checking_clp_chat,home_deliver_three_planning_easy_invlimittwo,episode_00012,action_parsing_fail,0.0
446,adventuregame,format_checking_clp_chat,home_deliver_three_planning_easy_invlimittwo,episode_00012,action_resolution_fail,44.0
447,adventuregame,format_checking_clp_chat,home_deliver_three_planning_easy_invlimittwo,episode_00012,lark_exception,0.0
448,adventuregame,format_checking_clp_chat,home_deliver_three_planning_easy_invlimittwo,episode_00012,malformed_command,0.0
449,adventuregame,format_checking_clp_chat,home_deliver_three_planning_easy_invlimittwo,episode_00012,undefined_action_verb,0.0
450,adventuregame,format_checking_clp_chat,home_deliver_three_planning_easy_invlimittwo,episode_00012,undefined_action,0.0
451,adventuregame,format_checking_clp_chat,home_deliver_three_planning_easy_invlimittwo,episode_00012,undefined_repr_str,0.0
452,adventuregame,format_checking_clp_chat,home_deliver_three_planning_easy_invlimittwo,episode_00012,manipulating_room,0.0
453,adventuregame,format_checking_clp_chat,home_deliver_three_planning_easy_invlimittwo,episode_00012,undefined_argument_type,0.0
454,adventuregame,format_checking_clp_chat,home_deliver_three_planning_easy_invlimittwo,episode_00012,taking_from_inventory,0.0
455,adventuregame,format_checking_clp_chat,home_deliver_three_planning_easy_invlimittwo,episode_00012,other_room_argument,0.0
456,adventuregame,format_checking_clp_chat,home_deliver_three_planning_easy_invlimittwo,episode_00012,domain_trait_type_mismatch,0.0
457,adventuregame,format_checking_clp_chat,home_deliver_three_planning_easy_invlimittwo,episode_00012,domain_type_discrepancy,0.0
458,adventuregame,format_checking_clp_chat,home_deliver_three_planning_easy_invlimittwo,episode_00012,world_state_discrepancy,0.0
459,adventuregame,format_checking_clp_chat,home_deliver_three_planning_easy_invlimittwo,episode_00012,entity_not_accessible,4.0
460,adventuregame,format_checking_clp_chat,home_deliver_three_planning_easy_invlimittwo,episode_00012,entity_state_mismatch,0.0
461,adventuregame,format_checking_clp_chat,home_deliver_three_planning_easy_invlimittwo,episode_00012,entity_trait_mismatch,0.0
462,adventuregame,format_checking_clp_chat,home_deliver_three_planning_easy_invlimittwo,episode_00012,entity_already_inventory,0.0
463,adventuregame,format_checking_clp_chat,home_deliver_three_planning_easy_invlimittwo,episode_00012,going_to_current_room,0.0
464,adventuregame,format_checking_clp_chat,home_deliver_three_planning_easy_invlimittwo,episode_00012,no_exit_to,0.0
465,adventuregame,format_checking_clp_chat,home_deliver_three_planning_easy_invlimittwo,episode_00012,inventory_limit_exceeded,40.0
466,adventuregame,format_checking_clp_chat,home_deliver_three_planning_easy_invlimittwo,episode_00012,successful_actions,6.0
467,adventuregame,format_checking_clp_chat,home_deliver_three_planning_easy_invlimittwo,episode_00012,turn_limit_loss,1.0
468,adventuregame,format_checking_clp_chat,home_deliver_three_planning_easy_invlimittwo,episode_00012,turns_over_par,
469,adventuregame,format_checking_clp_chat,home_deliver_three_planning_easy_invlimittwo,episode_00012,turn_ratio,
470,adventuregame,format_checking_clp_chat,home_deliver_three_planning_easy_invlimittwo,episode_00012,finish_speed,
471,adventuregame,format_checking_clp_chat,home_deliver_three_planning_easy_invlimittwo,episode_00012,achieved_goal_ratio,0.0
472,adventuregame,format_checking_clp_chat,home_deliver_three_planning_easy_invlimittwo,episode_00012,Aborted,1.0
473,adventuregame,format_checking_clp_chat,home_deliver_three_planning_easy_invlimittwo,episode_00012,Success,0.0
474,adventuregame,format_checking_clp_chat,home_deliver_three_planning_easy_invlimittwo,episode_00012,Lose,0.0
475,adventuregame,format_checking_clp_chat,home_deliver_three_planning_easy_invlimittwo,episode_00012,Main Score,
476,adventuregame,format_checking_clp_chat,home_deliver_three_planning_easy_invlimittwo,episode_00012,plan_followed_ratio,0.08
477,adventuregame,format_checking_clp_chat,home_deliver_three_planning_easy_invlimittwo,episode_00012,plan_average_viability_ratio,0.38
478,adventuregame,format_checking_clp_chat,home_deliver_three_planning_easy_invlimittwo,episode_00012,bad_plan_follow_ratio,0.04
479,adventuregame,format_checking_clp_chat,home_deliver_three_planning_easy_invlimittwo,episode_00012,bad_plan_dismiss_ratio,0.96
480,clean_up,format_checking_clp_chat,0_easy_3obj_en,episode_00001,Request Count,24.0
481,clean_up,format_checking_clp_chat,0_easy_3obj_en,episode_00001,Parsed Request Count,23.0
482,clean_up,format_checking_clp_chat,0_easy_3obj_en,episode_00001,Violated Request Count,1.0
483,clean_up,format_checking_clp_chat,0_easy_3obj_en,episode_00001,Request Success Ratio,0.9583333333333334
484,clean_up,format_checking_clp_chat,0_easy_3obj_en,episode_00001,Aborted,1.0
485,clean_up,format_checking_clp_chat,0_easy_3obj_en,episode_00001,Lose,1.0
486,clean_up,format_checking_clp_chat,0_easy_3obj_en,episode_00001,Success,0.0
487,clean_up,format_checking_clp_chat,0_easy_3obj_en,episode_00001,Distance Score,0.0
488,clean_up,format_checking_clp_chat,0_easy_3obj_en,episode_00001,Coverage Score,0.125
489,clean_up,format_checking_clp_chat,0_easy_3obj_en,episode_00001,Penalty Score,0.3571428571428572
490,clean_up,format_checking_clp_chat,0_easy_3obj_en,episode_00001,Moves,"[['Player 2', 'C'], ['Player 2', 'C'], ['Player 2', 'C'], ['Player 2', 'C'], ['Player 2', 'C']]"
491,clean_up,format_checking_clp_chat,0_easy_3obj_en,episode_00001,Init States,"{'state_1': [{'id': 'C', 'coord': [1, 1]}, {'id': 'L', 'coord': [4, 3]}, {'id': 'P', 'coord': [1, 5]}], 'state_2': [{'id': 'C', 'coord': [4, 1]}, {'id': 'L', 'coord': [1, 1]}, {'id': 'P', 'coord': [6, 7]}]}"
492,clean_up,format_checking_clp_chat,0_easy_3obj_en,episode_00001,End States,"{'state_1': [{'id': 'C', 'coord': [1, 1]}, {'id': 'L', 'coord': [4, 3]}, {'id': 'P', 'coord': [1, 5]}], 'state_2': [{'id': 'C', 'coord': [4, 4]}, {'id': 'L', 'coord': [1, 1]}, {'id': 'P', 'coord': [6, 7]}]}"
493,clean_up,format_checking_clp_chat,0_easy_3obj_en,episode_00001,Shifts,0
494,clean_up,format_checking_clp_chat,0_easy_3obj_en,episode_00001,Max Shifts,4
495,clean_up,format_checking_clp_chat,0_easy_3obj_en,episode_00001,Min Shifts,2
496,clean_up,format_checking_clp_chat,0_easy_3obj_en,episode_00001,End Distance Sum,13.233356769717776
497,clean_up,format_checking_clp_chat,0_easy_3obj_en,episode_00001,Init Distance Sum,11.990716082598492
498,clean_up,format_checking_clp_chat,0_easy_3obj_en,episode_00001,Expected Distance Sum,12.570787221094177
499,clean_up,format_checking_clp_chat,0_easy_3obj_en,episode_00001,Penalties,9
500,clean_up,format_checking_clp_chat,0_easy_3obj_en,episode_00001,Max Penalties,8
501,clean_up,format_checking_clp_chat,0_easy_3obj_en,episode_00001,Rounds,7
502,clean_up,format_checking_clp_chat,0_easy_3obj_en,episode_00001,Max Rounds,12
503,clean_up,format_checking_clp_chat,0_easy_3obj_en,episode_00001,Object Count,3
504,clean_up,format_checking_clp_chat,0_easy_3obj_en,episode_00001,Valid Moves,5
505,clean_up,format_checking_clp_chat,0_easy_3obj_en,episode_00001,Invalid Moves,8
506,clean_up,format_checking_clp_chat,0_easy_3obj_en,episode_00001,Parse Errors,1
507,clean_up,format_checking_clp_chat,0_easy_3obj_en,episode_00001,Main Score,
508,clean_up,format_checking_clp_chat,0_easy_3obj_en,episode_00002,Request Count,18
509,clean_up,format_checking_clp_chat,0_easy_3obj_en,episode_00002,Parsed Request Count,16
510,clean_up,format_checking_clp_chat,0_easy_3obj_en,episode_00002,Violated Request Count,2
511,clean_up,format_checking_clp_chat,0_easy_3obj_en,episode_00002,Request Success Ratio,0.8888888888888888
512,clean_up,format_checking_clp_chat,0_easy_3obj_en,episode_00002,Aborted,1
513,clean_up,format_checking_clp_chat,0_easy_3obj_en,episode_00002,Lose,1
514,clean_up,format_checking_clp_chat,0_easy_3obj_en,episode_00002,Success,0
515,clean_up,format_checking_clp_chat,0_easy_3obj_en,episode_00002,Distance Score,0.16569641982389355
516,clean_up,format_checking_clp_chat,0_easy_3obj_en,episode_00002,Coverage Score,0.125
517,clean_up,format_checking_clp_chat,0_easy_3obj_en,episode_00002,Penalty Score,0.3571428571428572
518,clean_up,format_checking_clp_chat,0_easy_3obj_en,episode_00002,Moves,"[['Player 2', 'P'], ['Player 2', 'P'], ['Player 2', 'P']]"
519,clean_up,format_checking_clp_chat,0_easy_3obj_en,episode_00002,Init States,"{'state_1': [{'id': 'C', 'coord': [6, 7]}, {'id': 'L', 'coord': [3, 4]}, {'id': 'P', 'coord': [3, 3]}], 'state_2': [{'id': 'C', 'coord': [3, 4]}, {'id': 'L', 'coord': [4, 4]}, {'id': 'P', 'coord': [5, 4]}]}"
520,clean_up,format_checking_clp_chat,0_easy_3obj_en,episode_00002,End States,"{'state_1': [{'id': 'C', 'coord': [6, 7]}, {'id': 'L', 'coord': [3, 4]}, {'id': 'P', 'coord': [3, 3]}], 'state_2': [{'id': 'C', 'coord': [3, 4]}, {'id': 'L', 'coord': [4, 4]}, {'id': 'P', 'coord': [6, 4]}]}"
521,clean_up,format_checking_clp_chat,0_easy_3obj_en,episode_00002,Shifts,0
522,clean_up,format_checking_clp_chat,0_easy_3obj_en,episode_00002,Max Shifts,4
523,clean_up,format_checking_clp_chat,0_easy_3obj_en,episode_00002,Min Shifts,2
524,clean_up,format_checking_clp_chat,0_easy_3obj_en,episode_00002,End Distance Sum,8.404918347287664
525,clean_up,format_checking_clp_chat,0_easy_3obj_en,episode_00002,Init Distance Sum,7.478708664619075
526,clean_up,format_checking_clp_chat,0_easy_3obj_en,episode_00002,Expected Distance Sum,12.570787221094177
527,clean_up,format_checking_clp_chat,0_easy_3obj_en,episode_00002,Penalties,9
528,clean_up,format_checking_clp_chat,0_easy_3obj_en,episode_00002,Max Penalties,8
529,clean_up,format_checking_clp_chat,0_easy_3obj_en,episode_00002,Rounds,4
530,clean_up,format_checking_clp_chat,0_easy_3obj_en,episode_00002,Max Rounds,12
531,clean_up,format_checking_clp_chat,0_easy_3obj_en,episode_00002,Object Count,3
532,clean_up,format_checking_clp_chat,0_easy_3obj_en,episode_00002,Valid Moves,3
533,clean_up,format_checking_clp_chat,0_easy_3obj_en,episode_00002,Invalid Moves,7
534,clean_up,format_checking_clp_chat,0_easy_3obj_en,episode_00002,Parse Errors,2
535,clean_up,format_checking_clp_chat,0_easy_3obj_en,episode_00002,Main Score,
536,clean_up,format_checking_clp_chat,0_easy_5obj_en,episode_00003,Request Count,35
537,clean_up,format_checking_clp_chat,0_easy_5obj_en,episode_00003,Parsed Request Count,33
538,clean_up,format_checking_clp_chat,0_easy_5obj_en,episode_00003,Violated Request Count,2
539,clean_up,format_checking_clp_chat,0_easy_5obj_en,episode_00003,Request Success Ratio,0.9428571428571428
540,clean_up,format_checking_clp_chat,0_easy_5obj_en,episode_00003,Aborted,1
541,clean_up,format_checking_clp_chat,0_easy_5obj_en,episode_00003,Lose,1
542,clean_up,format_checking_clp_chat,0_easy_5obj_en,episode_00003,Success,0
543,clean_up,format_checking_clp_chat,0_easy_5obj_en,episode_00003,Distance Score,0.40807638224094533
544,clean_up,format_checking_clp_chat,0_easy_5obj_en,episode_00003,Coverage Score,0.05555555555555555
545,clean_up,format_checking_clp_chat,0_easy_5obj_en,episode_00003,Penalty Score,0.40909090909090917
546,clean_up,format_checking_clp_chat,0_easy_5obj_en,episode_00003,Moves,"[['Player 1', 'T']]"
547,clean_up,format_checking_clp_chat,0_easy_5obj_en,episode_00003,Init States,"{'state_1': [{'id': 'W', 'coord': [2, 5]}, {'id': 'I', 'coord': [3, 7]}, {'id': 'T', 'coord': [6, 7]}, {'id': 'C', 'coord': [7, 2]}, {'id': 'H', 'coord': [5, 4]}], 'state_2': [{'id': 'W', 'coord': [2, 6]}, {'id': 'I', 'coord': [4, 3]}, {'id': 'T', 'coord': [4, 1]}, {'id': 'C', 'coord': [7, 3]}, {'id': 'H', 'coord': [5, 6]}]}"
548,clean_up,format_checking_clp_chat,0_easy_5obj_en,episode_00003,End States,"{'state_1': [{'id': 'W', 'coord': [2, 5]}, {'id': 'I', 'coord': [3, 7]}, {'id': 'T', 'coord': [2, 1]}, {'id': 'C', 'coord': [7, 2]}, {'id': 'H', 'coord': [5, 4]}], 'state_2': [{'id': 'W', 'coord': [2, 6]}, {'id': 'I', 'coord': [4, 3]}, {'id': 'T', 'coord': [4, 1]}, {'id': 'C', 'coord': [7, 3]}, {'id': 'H', 'coord': [5, 6]}]}"
549,clean_up,format_checking_clp_chat,0_easy_5obj_en,episode_00003,Shifts,0
550,clean_up,format_checking_clp_chat,0_easy_5obj_en,episode_00003,Max Shifts,8
551,clean_up,format_checking_clp_chat,0_easy_5obj_en,episode_00003,Min Shifts,4
552,clean_up,format_checking_clp_chat,0_easy_5obj_en,episode_00003,End Distance Sum,10.123105625617661
553,clean_up,format_checking_clp_chat,0_easy_5obj_en,episode_00003,Init Distance Sum,14.44766094595442
554,clean_up,format_checking_clp_chat,0_easy_5obj_en,episode_00003,Expected Distance Sum,20.95131203515696
555,clean_up,format_checking_clp_chat,0_easy_5obj_en,episode_00003,Penalties,13
556,clean_up,format_checking_clp_chat,0_easy_5obj_en,episode_00003,Max Penalties,12
557,clean_up,format_checking_clp_chat,0_easy_5obj_en,episode_00003,Rounds,11
558,clean_up,format_checking_clp_chat,0_easy_5obj_en,episode_00003,Max Rounds,20
559,clean_up,format_checking_clp_chat,0_easy_5obj_en,episode_00003,Object Count,5
560,clean_up,format_checking_clp_chat,0_easy_5obj_en,episode_00003,Valid Moves,1
561,clean_up,format_checking_clp_chat,0_easy_5obj_en,episode_00003,Invalid Moves,11
562,clean_up,format_checking_clp_chat,0_easy_5obj_en,episode_00003,Parse Errors,2
563,clean_up,format_checking_clp_chat,0_easy_5obj_en,episode_00003,Main Score,
564,codenames,format_checking_clp_chat,abstract,episode_00025,experiment variable,Word Concreteness
565,codenames,format_checking_clp_chat,abstract,episode_00025,experiment name,abstract
566,codenames,format_checking_clp_chat,abstract,episode_00025,Cluegiver strip words,2
567,codenames,format_checking_clp_chat,abstract,episode_00025,Guesser strip words,0
568,codenames,format_checking_clp_chat,abstract,episode_00025,Average Cluegiver Number of Targets,5
569,codenames,format_checking_clp_chat,abstract,episode_00025,Average Cluegiver Team Precision,0.45
570,codenames,format_checking_clp_chat,abstract,episode_00025,Average Cluegiver Team Recall,0.5
571,codenames,format_checking_clp_chat,abstract,episode_00025,Average Cluegiver Team F1,0.473
572,codenames,format_checking_clp_chat,abstract,episode_00025,Average Guesser Number of Guesses,5
573,codenames,format_checking_clp_chat,abstract,episode_00025,Average Guesser Number of Revealed Words,0.5
574,codenames,format_checking_clp_chat,abstract,episode_00025,Average Guesser Number of Unrevealed Guesses,4.5
575,codenames,format_checking_clp_chat,abstract,episode_00025,Average Guesser Target Precision,0.5
576,codenames,format_checking_clp_chat,abstract,episode_00025,Average Guesser Target Recall,0.05
577,codenames,format_checking_clp_chat,abstract,episode_00025,Average Guesser Target F1,0.091
578,codenames,format_checking_clp_chat,abstract,episode_00025,Average Guesser Team Precision,0.0
579,codenames,format_checking_clp_chat,abstract,episode_00025,Average Guesser Team Recall,0.0
580,codenames,format_checking_clp_chat,abstract,episode_00025,Average Guesser Team F1,0
581,codenames,format_checking_clp_chat,abstract,episode_00025,Aborted,1
582,codenames,format_checking_clp_chat,abstract,episode_00025,Lose,0
583,codenames,format_checking_clp_chat,abstract,episode_00025,Success,0
584,codenames,format_checking_clp_chat,abstract,episode_00025,Game ended through assassin,0
585,codenames,format_checking_clp_chat,abstract,episode_00025,Episode Recall,0.0
586,codenames,format_checking_clp_chat,abstract,episode_00025,Episode Negative Recall,0.938
587,codenames,format_checking_clp_chat,abstract,episode_00025,Number of turns,2
588,codenames,format_checking_clp_chat,abstract,episode_00025,Efficiency,1
589,codenames,format_checking_clp_chat,abstract,episode_00025,Request Count,3
590,codenames,format_checking_clp_chat,abstract,episode_00025,Parsed Request Count,2
591,codenames,format_checking_clp_chat,abstract,episode_00025,Violated Request Count,1
592,codenames,format_checking_clp_chat,abstract,episode_00025,Request Success Ratio,0.667
593,codenames,format_checking_clp_chat,abstract,episode_00025,Main Score,
594,codenames,format_checking_clp_chat,abstract,episode_00026,experiment variable,Word Concreteness
595,codenames,format_checking_clp_chat,abstract,episode_00026,experiment name,abstract
596,codenames,format_checking_clp_chat,abstract,episode_00026,Cluegiver strip words,1
597,codenames,format_checking_clp_chat,abstract,episode_00026,Guesser strip words,0
598,codenames,format_checking_clp_chat,abstract,episode_00026,Average Cluegiver Number of Targets,6
599,codenames,format_checking_clp_chat,abstract,episode_00026,Average Cluegiver Team Precision,1.0
600,codenames,format_checking_clp_chat,abstract,episode_00026,Average Cluegiver Team Recall,0.667
601,codenames,format_checking_clp_chat,abstract,episode_00026,Average Cluegiver Team F1,0.8
602,codenames,format_checking_clp_chat,abstract,episode_00026,Average Guesser Number of Guesses,0
603,codenames,format_checking_clp_chat,abstract,episode_00026,Average Guesser Number of Revealed Words,0
604,codenames,format_checking_clp_chat,abstract,episode_00026,Average Guesser Number of Unrevealed Guesses,0
605,codenames,format_checking_clp_chat,abstract,episode_00026,Average Guesser Target Precision,0
606,codenames,format_checking_clp_chat,abstract,episode_00026,Average Guesser Target Recall,0.0
607,codenames,format_checking_clp_chat,abstract,episode_00026,Average Guesser Target F1,0
608,codenames,format_checking_clp_chat,abstract,episode_00026,Average Guesser Team Precision,0
609,codenames,format_checking_clp_chat,abstract,episode_00026,Average Guesser Team Recall,0.0
610,codenames,format_checking_clp_chat,abstract,episode_00026,Average Guesser Team F1,0
611,codenames,format_checking_clp_chat,abstract,episode_00026,Aborted,1
612,codenames,format_checking_clp_chat,abstract,episode_00026,Lose,0
613,codenames,format_checking_clp_chat,abstract,episode_00026,Success,0
614,codenames,format_checking_clp_chat,abstract,episode_00026,Game ended through assassin,0
615,codenames,format_checking_clp_chat,abstract,episode_00026,Episode Recall,0.0
616,codenames,format_checking_clp_chat,abstract,episode_00026,Episode Negative Recall,1.0
617,codenames,format_checking_clp_chat,abstract,episode_00026,Number of turns,2
618,codenames,format_checking_clp_chat,abstract,episode_00026,Efficiency,0.0
619,codenames,format_checking_clp_chat,abstract,episode_00026,Request Count,2
620,codenames,format_checking_clp_chat,abstract,episode_00026,Parsed Request Count,1
621,codenames,format_checking_clp_chat,abstract,episode_00026,Violated Request Count,1
622,codenames,format_checking_clp_chat,abstract,episode_00026,Request Success Ratio,0.5
623,codenames,format_checking_clp_chat,abstract,episode_00026,Main Score,
624,codenames,format_checking_clp_chat,ambiguous,episode_00021,experiment variable,Word Ambiguity
625,codenames,format_checking_clp_chat,ambiguous,episode_00021,experiment name,ambiguous
626,codenames,format_checking_clp_chat,ambiguous,episode_00021,Cluegiver strip words,1
627,codenames,format_checking_clp_chat,ambiguous,episode_00021,Guesser strip words,0
628,codenames,format_checking_clp_chat,ambiguous,episode_00021,Average Cluegiver Number of Targets,0
629,codenames,format_checking_clp_chat,ambiguous,episode_00021,Average Cluegiver Team Precision,0
630,codenames,format_checking_clp_chat,ambiguous,episode_00021,Average Cluegiver Team Recall,0.0
631,codenames,format_checking_clp_chat,ambiguous,episode_00021,Average Cluegiver Team F1,0
632,codenames,format_checking_clp_chat,ambiguous,episode_00021,Average Guesser Number of Guesses,0
633,codenames,format_checking_clp_chat,ambiguous,episode_00021,Average Guesser Number of Revealed Words,0
634,codenames,format_checking_clp_chat,ambiguous,episode_00021,Average Guesser Number of Unrevealed Guesses,0
635,codenames,format_checking_clp_chat,ambiguous,episode_00021,Average Guesser Target Precision,0
636,codenames,format_checking_clp_chat,ambiguous,episode_00021,Average Guesser Target Recall,0
637,codenames,format_checking_clp_chat,ambiguous,episode_00021,Average Guesser Target F1,0
638,codenames,format_checking_clp_chat,ambiguous,episode_00021,Average Guesser Team Precision,0
639,codenames,format_checking_clp_chat,ambiguous,episode_00021,Average Guesser Team Recall,0.0
640,codenames,format_checking_clp_chat,ambiguous,episode_00021,Average Guesser Team F1,0
641,codenames,format_checking_clp_chat,ambiguous,episode_00021,Aborted,1
642,codenames,format_checking_clp_chat,ambiguous,episode_00021,Lose,0
643,codenames,format_checking_clp_chat,ambiguous,episode_00021,Success,0
644,codenames,format_checking_clp_chat,ambiguous,episode_00021,Game ended through assassin,0
645,codenames,format_checking_clp_chat,ambiguous,episode_00021,Episode Recall,0.0
646,codenames,format_checking_clp_chat,ambiguous,episode_00021,Episode Negative Recall,1.0
647,codenames,format_checking_clp_chat,ambiguous,episode_00021,Number of turns,1
648,codenames,format_checking_clp_chat,ambiguous,episode_00021,Efficiency,0.0
649,codenames,format_checking_clp_chat,ambiguous,episode_00021,Request Count,1
650,codenames,format_checking_clp_chat,ambiguous,episode_00021,Parsed Request Count,0
651,codenames,format_checking_clp_chat,ambiguous,episode_00021,Violated Request Count,1
652,codenames,format_checking_clp_chat,ambiguous,episode_00021,Request Success Ratio,0.0
653,codenames,format_checking_clp_chat,ambiguous,episode_00021,Main Score,
654,codenames,format_checking_clp_chat,ambiguous,episode_00022,experiment variable,Word Ambiguity
655,codenames,format_checking_clp_chat,ambiguous,episode_00022,experiment name,ambiguous
656,codenames,format_checking_clp_chat,ambiguous,episode_00022,Cluegiver strip words,1
657,codenames,format_checking_clp_chat,ambiguous,episode_00022,Guesser strip words,0
658,codenames,format_checking_clp_chat,ambiguous,episode_00022,Average Cluegiver Number of Targets,0
659,codenames,format_checking_clp_chat,ambiguous,episode_00022,Average Cluegiver Team Precision,0
660,codenames,format_checking_clp_chat,ambiguous,episode_00022,Average Cluegiver Team Recall,0.0
661,codenames,format_checking_clp_chat,ambiguous,episode_00022,Average Cluegiver Team F1,0
662,codenames,format_checking_clp_chat,ambiguous,episode_00022,Average Guesser Number of Guesses,0
663,codenames,format_checking_clp_chat,ambiguous,episode_00022,Average Guesser Number of Revealed Words,0
664,codenames,format_checking_clp_chat,ambiguous,episode_00022,Average Guesser Number of Unrevealed Guesses,0
665,codenames,format_checking_clp_chat,ambiguous,episode_00022,Average Guesser Target Precision,0
666,codenames,format_checking_clp_chat,ambiguous,episode_00022,Average Guesser Target Recall,0
667,codenames,format_checking_clp_chat,ambiguous,episode_00022,Average Guesser Target F1,0
668,codenames,format_checking_clp_chat,ambiguous,episode_00022,Average Guesser Team Precision,0
669,codenames,format_checking_clp_chat,ambiguous,episode_00022,Average Guesser Team Recall,0.0
670,codenames,format_checking_clp_chat,ambiguous,episode_00022,Average Guesser Team F1,0
671,codenames,format_checking_clp_chat,ambiguous,episode_00022,Aborted,1
672,codenames,format_checking_clp_chat,ambiguous,episode_00022,Lose,0
673,codenames,format_checking_clp_chat,ambiguous,episode_00022,Success,0
674,codenames,format_checking_clp_chat,ambiguous,episode_00022,Game ended through assassin,0
675,codenames,format_checking_clp_chat,ambiguous,episode_00022,Episode Recall,0.0
676,codenames,format_checking_clp_chat,ambiguous,episode_00022,Episode Negative Recall,1.0
677,codenames,format_checking_clp_chat,ambiguous,episode_00022,Number of turns,1
678,codenames,format_checking_clp_chat,ambiguous,episode_00022,Efficiency,0.0
679,codenames,format_checking_clp_chat,ambiguous,episode_00022,Request Count,1
680,codenames,format_checking_clp_chat,ambiguous,episode_00022,Parsed Request Count,0
681,codenames,format_checking_clp_chat,ambiguous,episode_00022,Violated Request Count,1
682,codenames,format_checking_clp_chat,ambiguous,episode_00022,Request Success Ratio,0.0
683,codenames,format_checking_clp_chat,ambiguous,episode_00022,Main Score,
684,codenames,format_checking_clp_chat,association_difficult,episode_00007,experiment variable,Word Assignments
685,codenames,format_checking_clp_chat,association_difficult,episode_00007,experiment name,association_difficult
686,codenames,format_checking_clp_chat,association_difficult,episode_00007,Cluegiver strip words,1
687,codenames,format_checking_clp_chat,association_difficult,episode_00007,Guesser strip words,0
688,codenames,format_checking_clp_chat,association_difficult,episode_00007,Average Cluegiver Number of Targets,5
689,codenames,format_checking_clp_chat,association_difficult,episode_00007,Average Cluegiver Team Precision,1.0
690,codenames,format_checking_clp_chat,association_difficult,episode_00007,Average Cluegiver Team Recall,0.556
691,codenames,format_checking_clp_chat,association_difficult,episode_00007,Average Cluegiver Team F1,0.714
692,codenames,format_checking_clp_chat,association_difficult,episode_00007,Average Guesser Number of Guesses,0
693,codenames,format_checking_clp_chat,association_difficult,episode_00007,Average Guesser Number of Revealed Words,0
694,codenames,format_checking_clp_chat,association_difficult,episode_00007,Average Guesser Number of Unrevealed Guesses,0
695,codenames,format_checking_clp_chat,association_difficult,episode_00007,Average Guesser Target Precision,0
696,codenames,format_checking_clp_chat,association_difficult,episode_00007,Average Guesser Target Recall,0.0
697,codenames,format_checking_clp_chat,association_difficult,episode_00007,Average Guesser Target F1,0
698,codenames,format_checking_clp_chat,association_difficult,episode_00007,Average Guesser Team Precision,0
699,codenames,format_checking_clp_chat,association_difficult,episode_00007,Average Guesser Team Recall,0.0
700,codenames,format_checking_clp_chat,association_difficult,episode_00007,Average Guesser Team F1,0
701,codenames,format_checking_clp_chat,association_difficult,episode_00007,Aborted,1
702,codenames,format_checking_clp_chat,association_difficult,episode_00007,Lose,0
703,codenames,format_checking_clp_chat,association_difficult,episode_00007,Success,0
704,codenames,format_checking_clp_chat,association_difficult,episode_00007,Game ended through assassin,0
705,codenames,format_checking_clp_chat,association_difficult,episode_00007,Episode Recall,0.0
706,codenames,format_checking_clp_chat,association_difficult,episode_00007,Episode Negative Recall,1.0
707,codenames,format_checking_clp_chat,association_difficult,episode_00007,Number of turns,2
708,codenames,format_checking_clp_chat,association_difficult,episode_00007,Efficiency,0.0
709,codenames,format_checking_clp_chat,association_difficult,episode_00007,Request Count,2
710,codenames,format_checking_clp_chat,association_difficult,episode_00007,Parsed Request Count,1
711,codenames,format_checking_clp_chat,association_difficult,episode_00007,Violated Request Count,1
712,codenames,format_checking_clp_chat,association_difficult,episode_00007,Request Success Ratio,0.5
713,codenames,format_checking_clp_chat,association_difficult,episode_00007,Main Score,
714,codenames,format_checking_clp_chat,association_difficult,episode_00008,experiment variable,Word Assignments
715,codenames,format_checking_clp_chat,association_difficult,episode_00008,experiment name,association_difficult
716,codenames,format_checking_clp_chat,association_difficult,episode_00008,Cluegiver strip words,2
717,codenames,format_checking_clp_chat,association_difficult,episode_00008,Guesser strip words,0
718,codenames,format_checking_clp_chat,association_difficult,episode_00008,Average Cluegiver Number of Targets,4.5
719,codenames,format_checking_clp_chat,association_difficult,episode_00008,Average Cluegiver Team Precision,0.5
720,codenames,format_checking_clp_chat,association_difficult,episode_00008,Average Cluegiver Team Recall,0.5
721,codenames,format_checking_clp_chat,association_difficult,episode_00008,Average Cluegiver Team F1,0.5
722,codenames,format_checking_clp_chat,association_difficult,episode_00008,Average Guesser Number of Guesses,4.5
723,codenames,format_checking_clp_chat,association_difficult,episode_00008,Average Guesser Number of Revealed Words,0.5
724,codenames,format_checking_clp_chat,association_difficult,episode_00008,Average Guesser Number of Unrevealed Guesses,4
725,codenames,format_checking_clp_chat,association_difficult,episode_00008,Average Guesser Target Precision,0.0
726,codenames,format_checking_clp_chat,association_difficult,episode_00008,Average Guesser Target Recall,0.0
727,codenames,format_checking_clp_chat,association_difficult,episode_00008,Average Guesser Target F1,0
728,codenames,format_checking_clp_chat,association_difficult,episode_00008,Average Guesser Team Precision,0.0
729,codenames,format_checking_clp_chat,association_difficult,episode_00008,Average Guesser Team Recall,0.0
730,codenames,format_checking_clp_chat,association_difficult,episode_00008,Average Guesser Team F1,0
731,codenames,format_checking_clp_chat,association_difficult,episode_00008,Aborted,1
732,codenames,format_checking_clp_chat,association_difficult,episode_00008,Lose,0
733,codenames,format_checking_clp_chat,association_difficult,episode_00008,Success,0
734,codenames,format_checking_clp_chat,association_difficult,episode_00008,Game ended through assassin,0
735,codenames,format_checking_clp_chat,association_difficult,episode_00008,Episode Recall,0.0
736,codenames,format_checking_clp_chat,association_difficult,episode_00008,Episode Negative Recall,0.938
737,codenames,format_checking_clp_chat,association_difficult,episode_00008,Number of turns,2
738,codenames,format_checking_clp_chat,association_difficult,episode_00008,Efficiency,1
739,codenames,format_checking_clp_chat,association_difficult,episode_00008,Request Count,3
740,codenames,format_checking_clp_chat,association_difficult,episode_00008,Parsed Request Count,2
741,codenames,format_checking_clp_chat,association_difficult,episode_00008,Violated Request Count,1
742,codenames,format_checking_clp_chat,association_difficult,episode_00008,Request Success Ratio,0.667
743,codenames,format_checking_clp_chat,association_difficult,episode_00008,Main Score,
744,codenames,format_checking_clp_chat,association_easy,episode_00005,experiment variable,Word Assignments
745,codenames,format_checking_clp_chat,association_easy,episode_00005,experiment name,association_easy
746,codenames,format_checking_clp_chat,association_easy,episode_00005,Cluegiver strip words,2
747,codenames,format_checking_clp_chat,association_easy,episode_00005,Guesser strip words,0
748,codenames,format_checking_clp_chat,association_easy,episode_00005,Average Cluegiver Number of Targets,4.5
749,codenames,format_checking_clp_chat,association_easy,episode_00005,Average Cluegiver Team Precision,1.0
750,codenames,format_checking_clp_chat,association_easy,episode_00005,Average Cluegiver Team Recall,0.778
751,codenames,format_checking_clp_chat,association_easy,episode_00005,Average Cluegiver Team F1,0.857
752,codenames,format_checking_clp_chat,association_easy,episode_00005,Average Guesser Number of Guesses,2.5
753,codenames,format_checking_clp_chat,association_easy,episode_00005,Average Guesser Number of Revealed Words,2.5
754,codenames,format_checking_clp_chat,association_easy,episode_00005,Average Guesser Number of Unrevealed Guesses,0
755,codenames,format_checking_clp_chat,association_easy,episode_00005,Average Guesser Target Precision,0.5
756,codenames,format_checking_clp_chat,association_easy,episode_00005,Average Guesser Target Recall,0.5
757,codenames,format_checking_clp_chat,association_easy,episode_00005,Average Guesser Target F1,0.5
758,codenames,format_checking_clp_chat,association_easy,episode_00005,Average Guesser Team Precision,0.5
759,codenames,format_checking_clp_chat,association_easy,episode_00005,Average Guesser Team Recall,0.278
760,codenames,format_checking_clp_chat,association_easy,episode_00005,Average Guesser Team F1,0.357
761,codenames,format_checking_clp_chat,association_easy,episode_00005,Aborted,1
762,codenames,format_checking_clp_chat,association_easy,episode_00005,Lose,0
763,codenames,format_checking_clp_chat,association_easy,episode_00005,Success,0
764,codenames,format_checking_clp_chat,association_easy,episode_00005,Game ended through assassin,0
765,codenames,format_checking_clp_chat,association_easy,episode_00005,Episode Recall,0.556
766,codenames,format_checking_clp_chat,association_easy,episode_00005,Episode Negative Recall,1.0
767,codenames,format_checking_clp_chat,association_easy,episode_00005,Number of turns,3
768,codenames,format_checking_clp_chat,association_easy,episode_00005,Efficiency,0.833
769,codenames,format_checking_clp_chat,association_easy,episode_00005,Request Count,4
770,codenames,format_checking_clp_chat,association_easy,episode_00005,Parsed Request Count,3
771,codenames,format_checking_clp_chat,association_easy,episode_00005,Violated Request Count,1
772,codenames,format_checking_clp_chat,association_easy,episode_00005,Request Success Ratio,0.75
773,codenames,format_checking_clp_chat,association_easy,episode_00005,Main Score,
774,codenames,format_checking_clp_chat,association_easy,episode_00006,experiment variable,Word Assignments
775,codenames,format_checking_clp_chat,association_easy,episode_00006,experiment name,association_easy
776,codenames,format_checking_clp_chat,association_easy,episode_00006,Cluegiver strip words,3
777,codenames,format_checking_clp_chat,association_easy,episode_00006,Guesser strip words,0
778,codenames,format_checking_clp_chat,association_easy,episode_00006,Average Cluegiver Number of Targets,5.667
779,codenames,format_checking_clp_chat,association_easy,episode_00006,Average Cluegiver Team Precision,1.0
780,codenames,format_checking_clp_chat,association_easy,episode_00006,Average Cluegiver Team Recall,0.917
781,codenames,format_checking_clp_chat,association_easy,episode_00006,Average Cluegiver Team F1,0.952
782,codenames,format_checking_clp_chat,association_easy,episode_00006,Average Guesser Number of Guesses,5.667
783,codenames,format_checking_clp_chat,association_easy,episode_00006,Average Guesser Number of Revealed Words,3.333
784,codenames,format_checking_clp_chat,association_easy,episode_00006,Average Guesser Number of Unrevealed Guesses,2.333
785,codenames,format_checking_clp_chat,association_easy,episode_00006,Average Guesser Target Precision,0.833
786,codenames,format_checking_clp_chat,association_easy,episode_00006,Average Guesser Target Recall,0.704
787,codenames,format_checking_clp_chat,association_easy,episode_00006,Average Guesser Target F1,0.727
788,codenames,format_checking_clp_chat,association_easy,episode_00006,Average Guesser Team Precision,0.833
789,codenames,format_checking_clp_chat,association_easy,episode_00006,Average Guesser Team Recall,0.62
790,codenames,format_checking_clp_chat,association_easy,episode_00006,Average Guesser Team F1,0.68
791,codenames,format_checking_clp_chat,association_easy,episode_00006,Aborted,0
792,codenames,format_checking_clp_chat,association_easy,episode_00006,Lose,0
793,codenames,format_checking_clp_chat,association_easy,episode_00006,Success,1
794,codenames,format_checking_clp_chat,association_easy,episode_00006,Game ended through assassin,0
795,codenames,format_checking_clp_chat,association_easy,episode_00006,Episode Recall,1.0
796,codenames,format_checking_clp_chat,association_easy,episode_00006,Episode Negative Recall,0.938
797,codenames,format_checking_clp_chat,association_easy,episode_00006,Number of turns,4
798,codenames,format_checking_clp_chat,association_easy,episode_00006,Efficiency,1
799,codenames,format_checking_clp_chat,association_easy,episode_00006,Request Count,6
800,codenames,format_checking_clp_chat,association_easy,episode_00006,Parsed Request Count,6
801,codenames,format_checking_clp_chat,association_easy,episode_00006,Violated Request Count,0
802,codenames,format_checking_clp_chat,association_easy,episode_00006,Request Success Ratio,1.0
803,codenames,format_checking_clp_chat,association_easy,episode_00006,Main Score,100
804,codenames,format_checking_clp_chat,concrete,episode_00023,experiment variable,Word Concreteness
805,codenames,format_checking_clp_chat,concrete,episode_00023,experiment name,concrete
806,codenames,format_checking_clp_chat,concrete,episode_00023,Cluegiver strip words,3
807,codenames,format_checking_clp_chat,concrete,episode_00023,Guesser strip words,0
808,codenames,format_checking_clp_chat,concrete,episode_00023,Average Cluegiver Number of Targets,5.667
809,codenames,format_checking_clp_chat,concrete,episode_00023,Average Cluegiver Team Precision,0.833
810,codenames,format_checking_clp_chat,concrete,episode_00023,Average Cluegiver Team Recall,0.63
811,codenames,format_checking_clp_chat,concrete,episode_00023,Average Cluegiver Team F1,0.703
812,codenames,format_checking_clp_chat,concrete,episode_00023,Average Guesser Number of Guesses,5.667
813,codenames,format_checking_clp_chat,concrete,episode_00023,Average Guesser Number of Revealed Words,2
814,codenames,format_checking_clp_chat,concrete,episode_00023,Average Guesser Number of Unrevealed Guesses,3.667
815,codenames,format_checking_clp_chat,concrete,episode_00023,Average Guesser Target Precision,0.583
816,codenames,format_checking_clp_chat,concrete,episode_00023,Average Guesser Target Recall,0.194
817,codenames,format_checking_clp_chat,concrete,episode_00023,Average Guesser Target F1,0.287
818,codenames,format_checking_clp_chat,concrete,episode_00023,Average Guesser Team Precision,0.25
819,codenames,format_checking_clp_chat,concrete,episode_00023,Average Guesser Team Recall,0.111
820,codenames,format_checking_clp_chat,concrete,episode_00023,Average Guesser Team F1,0.154
821,codenames,format_checking_clp_chat,concrete,episode_00023,Aborted,0
822,codenames,format_checking_clp_chat,concrete,episode_00023,Lose,1
823,codenames,format_checking_clp_chat,concrete,episode_00023,Success,0
824,codenames,format_checking_clp_chat,concrete,episode_00023,Game ended through assassin,1
825,codenames,format_checking_clp_chat,concrete,episode_00023,Episode Recall,0.333
826,codenames,format_checking_clp_chat,concrete,episode_00023,Episode Negative Recall,0.812
827,codenames,format_checking_clp_chat,concrete,episode_00023,Number of turns,4
828,codenames,format_checking_clp_chat,concrete,episode_00023,Efficiency,1
829,codenames,format_checking_clp_chat,concrete,episode_00023,Request Count,6
830,codenames,format_checking_clp_chat,concrete,episode_00023,Parsed Request Count,6
831,codenames,format_checking_clp_chat,concrete,episode_00023,Violated Request Count,0
832,codenames,format_checking_clp_chat,concrete,episode_00023,Request Success Ratio,1.0
833,codenames,format_checking_clp_chat,concrete,episode_00023,Main Score,0
834,codenames,format_checking_clp_chat,concrete,episode_00024,experiment variable,Word Concreteness
835,codenames,format_checking_clp_chat,concrete,episode_00024,experiment name,concrete
836,codenames,format_checking_clp_chat,concrete,episode_00024,Cluegiver strip words,3
837,codenames,format_checking_clp_chat,concrete,episode_00024,Guesser strip words,0
838,codenames,format_checking_clp_chat,concrete,episode_00024,Average Cluegiver Number of Targets,4
839,codenames,format_checking_clp_chat,concrete,episode_00024,Average Cluegiver Team Precision,0.667
840,codenames,format_checking_clp_chat,concrete,episode_00024,Average Cluegiver Team Recall,0.458
841,codenames,format_checking_clp_chat,concrete,episode_00024,Average Cluegiver Team F1,0.515
842,codenames,format_checking_clp_chat,concrete,episode_00024,Average Guesser Number of Guesses,4
843,codenames,format_checking_clp_chat,concrete,episode_00024,Average Guesser Number of Revealed Words,1.667
844,codenames,format_checking_clp_chat,concrete,episode_00024,Average Guesser Number of Unrevealed Guesses,2.333
845,codenames,format_checking_clp_chat,concrete,episode_00024,Average Guesser Target Precision,0.389
846,codenames,format_checking_clp_chat,concrete,episode_00024,Average Guesser Target Recall,0.259
847,codenames,format_checking_clp_chat,concrete,episode_00024,Average Guesser Target F1,0.283
848,codenames,format_checking_clp_chat,concrete,episode_00024,Average Guesser Team Precision,0.389
849,codenames,format_checking_clp_chat,concrete,episode_00024,Average Guesser Team Recall,0.12
850,codenames,format_checking_clp_chat,concrete,episode_00024,Average Guesser Team F1,0.182
851,codenames,format_checking_clp_chat,concrete,episode_00024,Aborted,1
852,codenames,format_checking_clp_chat,concrete,episode_00024,Lose,0
853,codenames,format_checking_clp_chat,concrete,episode_00024,Success,0
854,codenames,format_checking_clp_chat,concrete,episode_00024,Game ended through assassin,0
855,codenames,format_checking_clp_chat,concrete,episode_00024,Episode Recall,0.333
856,codenames,format_checking_clp_chat,concrete,episode_00024,Episode Negative Recall,0.875
857,codenames,format_checking_clp_chat,concrete,episode_00024,Number of turns,3
858,codenames,format_checking_clp_chat,concrete,episode_00024,Efficiency,1
859,codenames,format_checking_clp_chat,concrete,episode_00024,Request Count,5
860,codenames,format_checking_clp_chat,concrete,episode_00024,Parsed Request Count,4
861,codenames,format_checking_clp_chat,concrete,episode_00024,Violated Request Count,1
862,codenames,format_checking_clp_chat,concrete,episode_00024,Request Success Ratio,0.8
863,codenames,format_checking_clp_chat,concrete,episode_00024,Main Score,
864,codenames,format_checking_clp_chat,frequency_high,episode_00017,experiment variable,Word Frequency
865,codenames,format_checking_clp_chat,frequency_high,episode_00017,experiment name,frequency_high
866,codenames,format_checking_clp_chat,frequency_high,episode_00017,Cluegiver strip words,4
867,codenames,format_checking_clp_chat,frequency_high,episode_00017,Guesser strip words,0
868,codenames,format_checking_clp_chat,frequency_high,episode_00017,Average Cluegiver Number of Targets,6
869,codenames,format_checking_clp_chat,frequency_high,episode_00017,Average Cluegiver Team Precision,0.75
870,codenames,format_checking_clp_chat,frequency_high,episode_00017,Average Cluegiver Team Recall,0.722
871,codenames,format_checking_clp_chat,frequency_high,episode_00017,Average Cluegiver Team F1,0.735
872,codenames,format_checking_clp_chat,frequency_high,episode_00017,Average Guesser Number of Guesses,6
873,codenames,format_checking_clp_chat,frequency_high,episode_00017,Average Guesser Number of Revealed Words,1.25
874,codenames,format_checking_clp_chat,frequency_high,episode_00017,Average Guesser Number of Unrevealed Guesses,4.75
875,codenames,format_checking_clp_chat,frequency_high,episode_00017,Average Guesser Target Precision,0.167
876,codenames,format_checking_clp_chat,frequency_high,episode_00017,Average Guesser Target Recall,0.056
877,codenames,format_checking_clp_chat,frequency_high,episode_00017,Average Guesser Target F1,0.083
878,codenames,format_checking_clp_chat,frequency_high,episode_00017,Average Guesser Team Precision,0.167
879,codenames,format_checking_clp_chat,frequency_high,episode_00017,Average Guesser Team Recall,0.056
880,codenames,format_checking_clp_chat,frequency_high,episode_00017,Average Guesser Team F1,0.083
881,codenames,format_checking_clp_chat,frequency_high,episode_00017,Aborted,1
882,codenames,format_checking_clp_chat,frequency_high,episode_00017,Lose,0
883,codenames,format_checking_clp_chat,frequency_high,episode_00017,Success,0
884,codenames,format_checking_clp_chat,frequency_high,episode_00017,Game ended through assassin,0
885,codenames,format_checking_clp_chat,frequency_high,episode_00017,Episode Recall,0.222
886,codenames,format_checking_clp_chat,frequency_high,episode_00017,Episode Negative Recall,0.812
887,codenames,format_checking_clp_chat,frequency_high,episode_00017,Number of turns,4
888,codenames,format_checking_clp_chat,frequency_high,episode_00017,Efficiency,1
889,codenames,format_checking_clp_chat,frequency_high,episode_00017,Request Count,7
890,codenames,format_checking_clp_chat,frequency_high,episode_00017,Parsed Request Count,6
891,codenames,format_checking_clp_chat,frequency_high,episode_00017,Violated Request Count,1
892,codenames,format_checking_clp_chat,frequency_high,episode_00017,Request Success Ratio,0.857
893,codenames,format_checking_clp_chat,frequency_high,episode_00017,Main Score,
894,codenames,format_checking_clp_chat,frequency_high,episode_00018,experiment variable,Word Frequency
895,codenames,format_checking_clp_chat,frequency_high,episode_00018,experiment name,frequency_high
896,codenames,format_checking_clp_chat,frequency_high,episode_00018,Cluegiver strip words,2
897,codenames,format_checking_clp_chat,frequency_high,episode_00018,Guesser strip words,0
898,codenames,format_checking_clp_chat,frequency_high,episode_00018,Average Cluegiver Number of Targets,4
899,codenames,format_checking_clp_chat,frequency_high,episode_00018,Average Cluegiver Team Precision,0.5
900,codenames,format_checking_clp_chat,frequency_high,episode_00018,Average Cluegiver Team Recall,0.445
901,codenames,format_checking_clp_chat,frequency_high,episode_00018,Average Cluegiver Team F1,0.47
902,codenames,format_checking_clp_chat,frequency_high,episode_00018,Average Guesser Number of Guesses,4
903,codenames,format_checking_clp_chat,frequency_high,episode_00018,Average Guesser Number of Revealed Words,1
904,codenames,format_checking_clp_chat,frequency_high,episode_00018,Average Guesser Number of Unrevealed Guesses,3
905,codenames,format_checking_clp_chat,frequency_high,episode_00018,Average Guesser Target Precision,0.25
906,codenames,format_checking_clp_chat,frequency_high,episode_00018,Average Guesser Target Recall,0.062
907,codenames,format_checking_clp_chat,frequency_high,episode_00018,Average Guesser Target F1,0.1
908,codenames,format_checking_clp_chat,frequency_high,episode_00018,Average Guesser Team Precision,0.25
909,codenames,format_checking_clp_chat,frequency_high,episode_00018,Average Guesser Team Recall,0.056
910,codenames,format_checking_clp_chat,frequency_high,episode_00018,Average Guesser Team F1,0.091
911,codenames,format_checking_clp_chat,frequency_high,episode_00018,Aborted,1
912,codenames,format_checking_clp_chat,frequency_high,episode_00018,Lose,0
913,codenames,format_checking_clp_chat,frequency_high,episode_00018,Success,0
914,codenames,format_checking_clp_chat,frequency_high,episode_00018,Game ended through assassin,0
915,codenames,format_checking_clp_chat,frequency_high,episode_00018,Episode Recall,0.111
916,codenames,format_checking_clp_chat,frequency_high,episode_00018,Episode Negative Recall,0.938
917,codenames,format_checking_clp_chat,frequency_high,episode_00018,Number of turns,2
918,codenames,format_checking_clp_chat,frequency_high,episode_00018,Efficiency,1
919,codenames,format_checking_clp_chat,frequency_high,episode_00018,Request Count,3
920,codenames,format_checking_clp_chat,frequency_high,episode_00018,Parsed Request Count,2
921,codenames,format_checking_clp_chat,frequency_high,episode_00018,Violated Request Count,1
922,codenames,format_checking_clp_chat,frequency_high,episode_00018,Request Success Ratio,0.667
923,codenames,format_checking_clp_chat,frequency_high,episode_00018,Main Score,
924,codenames,format_checking_clp_chat,frequency_low,episode_00015,experiment variable,Word Frequency
925,codenames,format_checking_clp_chat,frequency_low,episode_00015,experiment name,frequency_low
926,codenames,format_checking_clp_chat,frequency_low,episode_00015,Cluegiver strip words,3
927,codenames,format_checking_clp_chat,frequency_low,episode_00015,Guesser strip words,0
928,codenames,format_checking_clp_chat,frequency_low,episode_00015,Average Cluegiver Number of Targets,2.667
929,codenames,format_checking_clp_chat,frequency_low,episode_00015,Average Cluegiver Team Precision,0.667
930,codenames,format_checking_clp_chat,frequency_low,episode_00015,Average Cluegiver Team Recall,0.328
931,codenames,format_checking_clp_chat,frequency_low,episode_00015,Average Cluegiver Team F1,0.438
932,codenames,format_checking_clp_chat,frequency_low,episode_00015,Average Guesser Number of Guesses,2.667
933,codenames,format_checking_clp_chat,frequency_low,episode_00015,Average Guesser Number of Revealed Words,1.667
934,codenames,format_checking_clp_chat,frequency_low,episode_00015,Average Guesser Number of Unrevealed Guesses,1
935,codenames,format_checking_clp_chat,frequency_low,episode_00015,Average Guesser Target Precision,0.389
936,codenames,format_checking_clp_chat,frequency_low,episode_00015,Average Guesser Target Recall,0.244
937,codenames,format_checking_clp_chat,frequency_low,episode_00015,Average Guesser Target F1,0.3
938,codenames,format_checking_clp_chat,frequency_low,episode_00015,Average Guesser Team Precision,0.389
939,codenames,format_checking_clp_chat,frequency_low,episode_00015,Average Guesser Team Recall,0.122
940,codenames,format_checking_clp_chat,frequency_low,episode_00015,Average Guesser Team F1,0.185
941,codenames,format_checking_clp_chat,frequency_low,episode_00015,Aborted,1
942,codenames,format_checking_clp_chat,frequency_low,episode_00015,Lose,0
943,codenames,format_checking_clp_chat,frequency_low,episode_00015,Success,0
944,codenames,format_checking_clp_chat,frequency_low,episode_00015,Game ended through assassin,0
945,codenames,format_checking_clp_chat,frequency_low,episode_00015,Episode Recall,0.333
946,codenames,format_checking_clp_chat,frequency_low,episode_00015,Episode Negative Recall,0.875
947,codenames,format_checking_clp_chat,frequency_low,episode_00015,Number of turns,3
948,codenames,format_checking_clp_chat,frequency_low,episode_00015,Efficiency,1
949,codenames,format_checking_clp_chat,frequency_low,episode_00015,Request Count,5
950,codenames,format_checking_clp_chat,frequency_low,episode_00015,Parsed Request Count,4
951,codenames,format_checking_clp_chat,frequency_low,episode_00015,Violated Request Count,1
952,codenames,format_checking_clp_chat,frequency_low,episode_00015,Request Success Ratio,0.8
953,codenames,format_checking_clp_chat,frequency_low,episode_00015,Main Score,
954,codenames,format_checking_clp_chat,frequency_low,episode_00016,experiment variable,Word Frequency
955,codenames,format_checking_clp_chat,frequency_low,episode_00016,experiment name,frequency_low
956,codenames,format_checking_clp_chat,frequency_low,episode_00016,Cluegiver strip words,5
957,codenames,format_checking_clp_chat,frequency_low,episode_00016,Guesser strip words,0
958,codenames,format_checking_clp_chat,frequency_low,episode_00016,Average Cluegiver Number of Targets,9.4
959,codenames,format_checking_clp_chat,frequency_low,episode_00016,Average Cluegiver Team Precision,0.875
960,codenames,format_checking_clp_chat,frequency_low,episode_00016,Average Cluegiver Team Recall,0.9
961,codenames,format_checking_clp_chat,frequency_low,episode_00016,Average Cluegiver Team F1,0.842
962,codenames,format_checking_clp_chat,frequency_low,episode_00016,Average Guesser Number of Guesses,9.4
963,codenames,format_checking_clp_chat,frequency_low,episode_00016,Average Guesser Number of Revealed Words,2
964,codenames,format_checking_clp_chat,frequency_low,episode_00016,Average Guesser Number of Unrevealed Guesses,7.4
965,codenames,format_checking_clp_chat,frequency_low,episode_00016,Average Guesser Target Precision,0.6
966,codenames,format_checking_clp_chat,frequency_low,episode_00016,Average Guesser Target Recall,0.177
967,codenames,format_checking_clp_chat,frequency_low,episode_00016,Average Guesser Target F1,0.252
968,codenames,format_checking_clp_chat,frequency_low,episode_00016,Average Guesser Team Precision,0.5
969,codenames,format_checking_clp_chat,frequency_low,episode_00016,Average Guesser Team Recall,0.149
970,codenames,format_checking_clp_chat,frequency_low,episode_00016,Average Guesser Team F1,0.228
971,codenames,format_checking_clp_chat,frequency_low,episode_00016,Aborted,0
972,codenames,format_checking_clp_chat,frequency_low,episode_00016,Lose,1
973,codenames,format_checking_clp_chat,frequency_low,episode_00016,Success,0
974,codenames,format_checking_clp_chat,frequency_low,episode_00016,Game ended through assassin,0
975,codenames,format_checking_clp_chat,frequency_low,episode_00016,Episode Recall,0.556
976,codenames,format_checking_clp_chat,frequency_low,episode_00016,Episode Negative Recall,0.688
977,codenames,format_checking_clp_chat,frequency_low,episode_00016,Number of turns,6
978,codenames,format_checking_clp_chat,frequency_low,episode_00016,Efficiency,1
979,codenames,format_checking_clp_chat,frequency_low,episode_00016,Request Count,10
980,codenames,format_checking_clp_chat,frequency_low,episode_00016,Parsed Request Count,10
981,codenames,format_checking_clp_chat,frequency_low,episode_00016,Violated Request Count,0
982,codenames,format_checking_clp_chat,frequency_low,episode_00016,Request Success Ratio,1.0
983,codenames,format_checking_clp_chat,frequency_low,episode_00016,Main Score,0
984,codenames,format_checking_clp_chat,opponent_difficult,episode_00013,experiment variable,Opponent Difficulty
985,codenames,format_checking_clp_chat,opponent_difficult,episode_00013,experiment name,opponent_difficult
986,codenames,format_checking_clp_chat,opponent_difficult,episode_00013,Cluegiver strip words,3
987,codenames,format_checking_clp_chat,opponent_difficult,episode_00013,Guesser strip words,0
988,codenames,format_checking_clp_chat,opponent_difficult,episode_00013,Average Cluegiver Number of Targets,3.333
989,codenames,format_checking_clp_chat,opponent_difficult,episode_00013,Average Cluegiver Team Precision,0.667
990,codenames,format_checking_clp_chat,opponent_difficult,episode_00013,Average Cluegiver Team Recall,0.413
991,codenames,format_checking_clp_chat,opponent_difficult,episode_00013,Average Cluegiver Team F1,0.509
992,codenames,format_checking_clp_chat,opponent_difficult,episode_00013,Average Guesser Number of Guesses,3.333
993,codenames,format_checking_clp_chat,opponent_difficult,episode_00013,Average Guesser Number of Revealed Words,2
994,codenames,format_checking_clp_chat,opponent_difficult,episode_00013,Average Guesser Number of Unrevealed Guesses,1.333
995,codenames,format_checking_clp_chat,opponent_difficult,episode_00013,Average Guesser Target Precision,0.445
996,codenames,format_checking_clp_chat,opponent_difficult,episode_00013,Average Guesser Target Recall,0.278
997,codenames,format_checking_clp_chat,opponent_difficult,episode_00013,Average Guesser Target F1,0.338
998,codenames,format_checking_clp_chat,opponent_difficult,episode_00013,Average Guesser Team Precision,0.445
999,codenames,format_checking_clp_chat,opponent_difficult,episode_00013,Average Guesser Team Recall,0.169
1000,codenames,format_checking_clp_chat,opponent_difficult,episode_00013,Average Guesser Team F1,0.244
1001,codenames,format_checking_clp_chat,opponent_difficult,episode_00013,Aborted,1
1002,codenames,format_checking_clp_chat,opponent_difficult,episode_00013,Lose,0
1003,codenames,format_checking_clp_chat,opponent_difficult,episode_00013,Success,0
1004,codenames,format_checking_clp_chat,opponent_difficult,episode_00013,Game ended through assassin,0
1005,codenames,format_checking_clp_chat,opponent_difficult,episode_00013,Episode Recall,0.444
1006,codenames,format_checking_clp_chat,opponent_difficult,episode_00013,Episode Negative Recall,0.875
1007,codenames,format_checking_clp_chat,opponent_difficult,episode_00013,Number of turns,3
1008,codenames,format_checking_clp_chat,opponent_difficult,episode_00013,Efficiency,1
1009,codenames,format_checking_clp_chat,opponent_difficult,episode_00013,Request Count,5
1010,codenames,format_checking_clp_chat,opponent_difficult,episode_00013,Parsed Request Count,4
1011,codenames,format_checking_clp_chat,opponent_difficult,episode_00013,Violated Request Count,1
1012,codenames,format_checking_clp_chat,opponent_difficult,episode_00013,Request Success Ratio,0.8
1013,codenames,format_checking_clp_chat,opponent_difficult,episode_00013,Main Score,
1014,codenames,format_checking_clp_chat,opponent_difficult,episode_00014,experiment variable,Opponent Difficulty
1015,codenames,format_checking_clp_chat,opponent_difficult,episode_00014,experiment name,opponent_difficult
1016,codenames,format_checking_clp_chat,opponent_difficult,episode_00014,Cluegiver strip words,2
1017,codenames,format_checking_clp_chat,opponent_difficult,episode_00014,Guesser strip words,0
1018,codenames,format_checking_clp_chat,opponent_difficult,episode_00014,Average Cluegiver Number of Targets,6.5
1019,codenames,format_checking_clp_chat,opponent_difficult,episode_00014,Average Cluegiver Team Precision,1.0
1020,codenames,format_checking_clp_chat,opponent_difficult,episode_00014,Average Cluegiver Team Recall,0.834
1021,codenames,format_checking_clp_chat,opponent_difficult,episode_00014,Average Cluegiver Team F1,0.9
1022,codenames,format_checking_clp_chat,opponent_difficult,episode_00014,Average Guesser Number of Guesses,4.5
1023,codenames,format_checking_clp_chat,opponent_difficult,episode_00014,Average Guesser Number of Revealed Words,2
1024,codenames,format_checking_clp_chat,opponent_difficult,episode_00014,Average Guesser Number of Unrevealed Guesses,2.5
1025,codenames,format_checking_clp_chat,opponent_difficult,episode_00014,Average Guesser Target Precision,0.375
1026,codenames,format_checking_clp_chat,opponent_difficult,episode_00014,Average Guesser Target Recall,0.167
1027,codenames,format_checking_clp_chat,opponent_difficult,episode_00014,Average Guesser Target F1,0.231
1028,codenames,format_checking_clp_chat,opponent_difficult,episode_00014,Average Guesser Team Precision,0.375
1029,codenames,format_checking_clp_chat,opponent_difficult,episode_00014,Average Guesser Team Recall,0.167
1030,codenames,format_checking_clp_chat,opponent_difficult,episode_00014,Average Guesser Team F1,0.231
1031,codenames,format_checking_clp_chat,opponent_difficult,episode_00014,Aborted,1
1032,codenames,format_checking_clp_chat,opponent_difficult,episode_00014,Lose,0
1033,codenames,format_checking_clp_chat,opponent_difficult,episode_00014,Success,0
1034,codenames,format_checking_clp_chat,opponent_difficult,episode_00014,Game ended through assassin,0
1035,codenames,format_checking_clp_chat,opponent_difficult,episode_00014,Episode Recall,0.333
1036,codenames,format_checking_clp_chat,opponent_difficult,episode_00014,Episode Negative Recall,0.938
1037,codenames,format_checking_clp_chat,opponent_difficult,episode_00014,Number of turns,3
1038,codenames,format_checking_clp_chat,opponent_difficult,episode_00014,Efficiency,1
1039,codenames,format_checking_clp_chat,opponent_difficult,episode_00014,Request Count,4
1040,codenames,format_checking_clp_chat,opponent_difficult,episode_00014,Parsed Request Count,3
1041,codenames,format_checking_clp_chat,opponent_difficult,episode_00014,Violated Request Count,1
1042,codenames,format_checking_clp_chat,opponent_difficult,episode_00014,Request Success Ratio,0.75
1043,codenames,format_checking_clp_chat,opponent_difficult,episode_00014,Main Score,
1044,codenames,format_checking_clp_chat,opponent_easy,episode_00011,experiment variable,Opponent Difficulty
1045,codenames,format_checking_clp_chat,opponent_easy,episode_00011,experiment name,opponent_easy
1046,codenames,format_checking_clp_chat,opponent_easy,episode_00011,Cluegiver strip words,2
1047,codenames,format_checking_clp_chat,opponent_easy,episode_00011,Guesser strip words,0
1048,codenames,format_checking_clp_chat,opponent_easy,episode_00011,Average Cluegiver Number of Targets,6
1049,codenames,format_checking_clp_chat,opponent_easy,episode_00011,Average Cluegiver Team Precision,1.0
1050,codenames,format_checking_clp_chat,opponent_easy,episode_00011,Average Cluegiver Team Recall,0.715
1051,codenames,format_checking_clp_chat,opponent_easy,episode_00011,Average Cluegiver Team F1,0.8
1052,codenames,format_checking_clp_chat,opponent_easy,episode_00011,Average Guesser Number of Guesses,6
1053,codenames,format_checking_clp_chat,opponent_easy,episode_00011,Average Guesser Number of Revealed Words,3
1054,codenames,format_checking_clp_chat,opponent_easy,episode_00011,Average Guesser Number of Unrevealed Guesses,3
1055,codenames,format_checking_clp_chat,opponent_easy,episode_00011,Average Guesser Target Precision,0.667
1056,codenames,format_checking_clp_chat,opponent_easy,episode_00011,Average Guesser Target Recall,0.445
1057,codenames,format_checking_clp_chat,opponent_easy,episode_00011,Average Guesser Target F1,0.5
1058,codenames,format_checking_clp_chat,opponent_easy,episode_00011,Average Guesser Team Precision,0.667
1059,codenames,format_checking_clp_chat,opponent_easy,episode_00011,Average Guesser Team Recall,0.254
1060,codenames,format_checking_clp_chat,opponent_easy,episode_00011,Average Guesser Team F1,0.367
1061,codenames,format_checking_clp_chat,opponent_easy,episode_00011,Aborted,0
1062,codenames,format_checking_clp_chat,opponent_easy,episode_00011,Lose,1
1063,codenames,format_checking_clp_chat,opponent_easy,episode_00011,Success,0
1064,codenames,format_checking_clp_chat,opponent_easy,episode_00011,Game ended through assassin,1
1065,codenames,format_checking_clp_chat,opponent_easy,episode_00011,Episode Recall,0.444
1066,codenames,format_checking_clp_chat,opponent_easy,episode_00011,Episode Negative Recall,0.875
1067,codenames,format_checking_clp_chat,opponent_easy,episode_00011,Number of turns,3
1068,codenames,format_checking_clp_chat,opponent_easy,episode_00011,Efficiency,1
1069,codenames,format_checking_clp_chat,opponent_easy,episode_00011,Request Count,4
1070,codenames,format_checking_clp_chat,opponent_easy,episode_00011,Parsed Request Count,4
1071,codenames,format_checking_clp_chat,opponent_easy,episode_00011,Violated Request Count,0
1072,codenames,format_checking_clp_chat,opponent_easy,episode_00011,Request Success Ratio,1.0
1073,codenames,format_checking_clp_chat,opponent_easy,episode_00011,Main Score,0
1074,codenames,format_checking_clp_chat,opponent_easy,episode_00012,experiment variable,Opponent Difficulty
1075,codenames,format_checking_clp_chat,opponent_easy,episode_00012,experiment name,opponent_easy
1076,codenames,format_checking_clp_chat,opponent_easy,episode_00012,Cluegiver strip words,1
1077,codenames,format_checking_clp_chat,opponent_easy,episode_00012,Guesser strip words,0
1078,codenames,format_checking_clp_chat,opponent_easy,episode_00012,Average Cluegiver Number of Targets,8
1079,codenames,format_checking_clp_chat,opponent_easy,episode_00012,Average Cluegiver Team Precision,0.375
1080,codenames,format_checking_clp_chat,opponent_easy,episode_00012,Average Cluegiver Team Recall,0.333
1081,codenames,format_checking_clp_chat,opponent_easy,episode_00012,Average Cluegiver Team F1,0.353
1082,codenames,format_checking_clp_chat,opponent_easy,episode_00012,Average Guesser Number of Guesses,0
1083,codenames,format_checking_clp_chat,opponent_easy,episode_00012,Average Guesser Number of Revealed Words,0
1084,codenames,format_checking_clp_chat,opponent_easy,episode_00012,Average Guesser Number of Unrevealed Guesses,0
1085,codenames,format_checking_clp_chat,opponent_easy,episode_00012,Average Guesser Target Precision,0
1086,codenames,format_checking_clp_chat,opponent_easy,episode_00012,Average Guesser Target Recall,0.0
1087,codenames,format_checking_clp_chat,opponent_easy,episode_00012,Average Guesser Target F1,0
1088,codenames,format_checking_clp_chat,opponent_easy,episode_00012,Average Guesser Team Precision,0
1089,codenames,format_checking_clp_chat,opponent_easy,episode_00012,Average Guesser Team Recall,0.0
1090,codenames,format_checking_clp_chat,opponent_easy,episode_00012,Average Guesser Team F1,0
1091,codenames,format_checking_clp_chat,opponent_easy,episode_00012,Aborted,1
1092,codenames,format_checking_clp_chat,opponent_easy,episode_00012,Lose,0
1093,codenames,format_checking_clp_chat,opponent_easy,episode_00012,Success,0
1094,codenames,format_checking_clp_chat,opponent_easy,episode_00012,Game ended through assassin,0
1095,codenames,format_checking_clp_chat,opponent_easy,episode_00012,Episode Recall,0.0
1096,codenames,format_checking_clp_chat,opponent_easy,episode_00012,Episode Negative Recall,1.0
1097,codenames,format_checking_clp_chat,opponent_easy,episode_00012,Number of turns,2
1098,codenames,format_checking_clp_chat,opponent_easy,episode_00012,Efficiency,0.0
1099,codenames,format_checking_clp_chat,opponent_easy,episode_00012,Request Count,2
1100,codenames,format_checking_clp_chat,opponent_easy,episode_00012,Parsed Request Count,1
1101,codenames,format_checking_clp_chat,opponent_easy,episode_00012,Violated Request Count,1
1102,codenames,format_checking_clp_chat,opponent_easy,episode_00012,Request Success Ratio,0.5
1103,codenames,format_checking_clp_chat,opponent_easy,episode_00012,Main Score,
1104,codenames,format_checking_clp_chat,opponent_none,episode_00009,experiment variable,Opponent Difficulty
1105,codenames,format_checking_clp_chat,opponent_none,episode_00009,experiment name,opponent_none
1106,codenames,format_checking_clp_chat,opponent_none,episode_00009,Cluegiver strip words,1
1107,codenames,format_checking_clp_chat,opponent_none,episode_00009,Guesser strip words,0
1108,codenames,format_checking_clp_chat,opponent_none,episode_00009,Average Cluegiver Number of Targets,9
1109,codenames,format_checking_clp_chat,opponent_none,episode_00009,Average Cluegiver Team Precision,1.0
1110,codenames,format_checking_clp_chat,opponent_none,episode_00009,Average Cluegiver Team Recall,1.0
1111,codenames,format_checking_clp_chat,opponent_none,episode_00009,Average Cluegiver Team F1,1.0
1112,codenames,format_checking_clp_chat,opponent_none,episode_00009,Average Guesser Number of Guesses,0
1113,codenames,format_checking_clp_chat,opponent_none,episode_00009,Average Guesser Number of Revealed Words,0
1114,codenames,format_checking_clp_chat,opponent_none,episode_00009,Average Guesser Number of Unrevealed Guesses,0
1115,codenames,format_checking_clp_chat,opponent_none,episode_00009,Average Guesser Target Precision,0
1116,codenames,format_checking_clp_chat,opponent_none,episode_00009,Average Guesser Target Recall,0.0
1117,codenames,format_checking_clp_chat,opponent_none,episode_00009,Average Guesser Target F1,0
1118,codenames,format_checking_clp_chat,opponent_none,episode_00009,Average Guesser Team Precision,0
1119,codenames,format_checking_clp_chat,opponent_none,episode_00009,Average Guesser Team Recall,0.0
1120,codenames,format_checking_clp_chat,opponent_none,episode_00009,Average Guesser Team F1,0
1121,codenames,format_checking_clp_chat,opponent_none,episode_00009,Aborted,1
1122,codenames,format_checking_clp_chat,opponent_none,episode_00009,Lose,0
1123,codenames,format_checking_clp_chat,opponent_none,episode_00009,Success,0
1124,codenames,format_checking_clp_chat,opponent_none,episode_00009,Game ended through assassin,0
1125,codenames,format_checking_clp_chat,opponent_none,episode_00009,Episode Recall,0.0
1126,codenames,format_checking_clp_chat,opponent_none,episode_00009,Episode Negative Recall,1.0
1127,codenames,format_checking_clp_chat,opponent_none,episode_00009,Number of turns,2
1128,codenames,format_checking_clp_chat,opponent_none,episode_00009,Efficiency,0.0
1129,codenames,format_checking_clp_chat,opponent_none,episode_00009,Request Count,2
1130,codenames,format_checking_clp_chat,opponent_none,episode_00009,Parsed Request Count,1
1131,codenames,format_checking_clp_chat,opponent_none,episode_00009,Violated Request Count,1
1132,codenames,format_checking_clp_chat,opponent_none,episode_00009,Request Success Ratio,0.5
1133,codenames,format_checking_clp_chat,opponent_none,episode_00009,Main Score,
1134,codenames,format_checking_clp_chat,opponent_none,episode_00010,experiment variable,Opponent Difficulty
1135,codenames,format_checking_clp_chat,opponent_none,episode_00010,experiment name,opponent_none
1136,codenames,format_checking_clp_chat,opponent_none,episode_00010,Cluegiver strip words,1
1137,codenames,format_checking_clp_chat,opponent_none,episode_00010,Guesser strip words,0
1138,codenames,format_checking_clp_chat,opponent_none,episode_00010,Average Cluegiver Number of Targets,0
1139,codenames,format_checking_clp_chat,opponent_none,episode_00010,Average Cluegiver Team Precision,0
1140,codenames,format_checking_clp_chat,opponent_none,episode_00010,Average Cluegiver Team Recall,0.0
1141,codenames,format_checking_clp_chat,opponent_none,episode_00010,Average Cluegiver Team F1,0
1142,codenames,format_checking_clp_chat,opponent_none,episode_00010,Average Guesser Number of Guesses,0
1143,codenames,format_checking_clp_chat,opponent_none,episode_00010,Average Guesser Number of Revealed Words,0
1144,codenames,format_checking_clp_chat,opponent_none,episode_00010,Average Guesser Number of Unrevealed Guesses,0
1145,codenames,format_checking_clp_chat,opponent_none,episode_00010,Average Guesser Target Precision,0
1146,codenames,format_checking_clp_chat,opponent_none,episode_00010,Average Guesser Target Recall,0
1147,codenames,format_checking_clp_chat,opponent_none,episode_00010,Average Guesser Target F1,0
1148,codenames,format_checking_clp_chat,opponent_none,episode_00010,Average Guesser Team Precision,0
1149,codenames,format_checking_clp_chat,opponent_none,episode_00010,Average Guesser Team Recall,0.0
1150,codenames,format_checking_clp_chat,opponent_none,episode_00010,Average Guesser Team F1,0
1151,codenames,format_checking_clp_chat,opponent_none,episode_00010,Aborted,1
1152,codenames,format_checking_clp_chat,opponent_none,episode_00010,Lose,0
1153,codenames,format_checking_clp_chat,opponent_none,episode_00010,Success,0
1154,codenames,format_checking_clp_chat,opponent_none,episode_00010,Game ended through assassin,0
1155,codenames,format_checking_clp_chat,opponent_none,episode_00010,Episode Recall,0.0
1156,codenames,format_checking_clp_chat,opponent_none,episode_00010,Episode Negative Recall,1.0
1157,codenames,format_checking_clp_chat,opponent_none,episode_00010,Number of turns,1
1158,codenames,format_checking_clp_chat,opponent_none,episode_00010,Efficiency,0.0
1159,codenames,format_checking_clp_chat,opponent_none,episode_00010,Request Count,1
1160,codenames,format_checking_clp_chat,opponent_none,episode_00010,Parsed Request Count,0
1161,codenames,format_checking_clp_chat,opponent_none,episode_00010,Violated Request Count,1
1162,codenames,format_checking_clp_chat,opponent_none,episode_00010,Request Success Ratio,0.0
1163,codenames,format_checking_clp_chat,opponent_none,episode_00010,Main Score,
1164,codenames,format_checking_clp_chat,risk_high,episode_00003,experiment variable,Risk
1165,codenames,format_checking_clp_chat,risk_high,episode_00003,experiment name,risk_high
1166,codenames,format_checking_clp_chat,risk_high,episode_00003,Cluegiver strip words,1
1167,codenames,format_checking_clp_chat,risk_high,episode_00003,Guesser strip words,0
1168,codenames,format_checking_clp_chat,risk_high,episode_00003,Average Cluegiver Number of Targets,0
1169,codenames,format_checking_clp_chat,risk_high,episode_00003,Average Cluegiver Team Precision,0
1170,codenames,format_checking_clp_chat,risk_high,episode_00003,Average Cluegiver Team Recall,0.0
1171,codenames,format_checking_clp_chat,risk_high,episode_00003,Average Cluegiver Team F1,0
1172,codenames,format_checking_clp_chat,risk_high,episode_00003,Average Guesser Number of Guesses,0
1173,codenames,format_checking_clp_chat,risk_high,episode_00003,Average Guesser Number of Revealed Words,0
1174,codenames,format_checking_clp_chat,risk_high,episode_00003,Average Guesser Number of Unrevealed Guesses,0
1175,codenames,format_checking_clp_chat,risk_high,episode_00003,Average Guesser Target Precision,0
1176,codenames,format_checking_clp_chat,risk_high,episode_00003,Average Guesser Target Recall,0
1177,codenames,format_checking_clp_chat,risk_high,episode_00003,Average Guesser Target F1,0
1178,codenames,format_checking_clp_chat,risk_high,episode_00003,Average Guesser Team Precision,0
1179,codenames,format_checking_clp_chat,risk_high,episode_00003,Average Guesser Team Recall,0.0
1180,codenames,format_checking_clp_chat,risk_high,episode_00003,Average Guesser Team F1,0
1181,codenames,format_checking_clp_chat,risk_high,episode_00003,Aborted,1
1182,codenames,format_checking_clp_chat,risk_high,episode_00003,Lose,0
1183,codenames,format_checking_clp_chat,risk_high,episode_00003,Success,0
1184,codenames,format_checking_clp_chat,risk_high,episode_00003,Game ended through assassin,0
1185,codenames,format_checking_clp_chat,risk_high,episode_00003,Episode Recall,0.0
1186,codenames,format_checking_clp_chat,risk_high,episode_00003,Episode Negative Recall,1.0
1187,codenames,format_checking_clp_chat,risk_high,episode_00003,Number of turns,1
1188,codenames,format_checking_clp_chat,risk_high,episode_00003,Efficiency,0.0
1189,codenames,format_checking_clp_chat,risk_high,episode_00003,Request Count,1
1190,codenames,format_checking_clp_chat,risk_high,episode_00003,Parsed Request Count,0
1191,codenames,format_checking_clp_chat,risk_high,episode_00003,Violated Request Count,1
1192,codenames,format_checking_clp_chat,risk_high,episode_00003,Request Success Ratio,0.0
1193,codenames,format_checking_clp_chat,risk_high,episode_00003,Main Score,
1194,codenames,format_checking_clp_chat,risk_high,episode_00004,experiment variable,Risk
1195,codenames,format_checking_clp_chat,risk_high,episode_00004,experiment name,risk_high
1196,codenames,format_checking_clp_chat,risk_high,episode_00004,Cluegiver strip words,3
1197,codenames,format_checking_clp_chat,risk_high,episode_00004,Guesser strip words,0
1198,codenames,format_checking_clp_chat,risk_high,episode_00004,Average Cluegiver Number of Targets,4.333
1199,codenames,format_checking_clp_chat,risk_high,episode_00004,Average Cluegiver Team Precision,0.667
1200,codenames,format_checking_clp_chat,risk_high,episode_00004,Average Cluegiver Team Recall,0.5
1201,codenames,format_checking_clp_chat,risk_high,episode_00004,Average Cluegiver Team F1,0.556
1202,codenames,format_checking_clp_chat,risk_high,episode_00004,Average Guesser Number of Guesses,4.333
1203,codenames,format_checking_clp_chat,risk_high,episode_00004,Average Guesser Number of Revealed Words,1.667
1204,codenames,format_checking_clp_chat,risk_high,episode_00004,Average Guesser Number of Unrevealed Guesses,2.667
1205,codenames,format_checking_clp_chat,risk_high,episode_00004,Average Guesser Target Precision,0.389
1206,codenames,format_checking_clp_chat,risk_high,episode_00004,Average Guesser Target Recall,0.204
1207,codenames,format_checking_clp_chat,risk_high,episode_00004,Average Guesser Target F1,0.251
1208,codenames,format_checking_clp_chat,risk_high,episode_00004,Average Guesser Team Precision,0.389
1209,codenames,format_checking_clp_chat,risk_high,episode_00004,Average Guesser Team Recall,0.12
1210,codenames,format_checking_clp_chat,risk_high,episode_00004,Average Guesser Team F1,0.182
1211,codenames,format_checking_clp_chat,risk_high,episode_00004,Aborted,1
1212,codenames,format_checking_clp_chat,risk_high,episode_00004,Lose,0
1213,codenames,format_checking_clp_chat,risk_high,episode_00004,Success,0
1214,codenames,format_checking_clp_chat,risk_high,episode_00004,Game ended through assassin,0
1215,codenames,format_checking_clp_chat,risk_high,episode_00004,Episode Recall,0.333
1216,codenames,format_checking_clp_chat,risk_high,episode_00004,Episode Negative Recall,0.875
1217,codenames,format_checking_clp_chat,risk_high,episode_00004,Number of turns,3
1218,codenames,format_checking_clp_chat,risk_high,episode_00004,Efficiency,1
1219,codenames,format_checking_clp_chat,risk_high,episode_00004,Request Count,5
1220,codenames,format_checking_clp_chat,risk_high,episode_00004,Parsed Request Count,4
1221,codenames,format_checking_clp_chat,risk_high,episode_00004,Violated Request Count,1
1222,codenames,format_checking_clp_chat,risk_high,episode_00004,Request Success Ratio,0.8
1223,codenames,format_checking_clp_chat,risk_high,episode_00004,Main Score,
1224,codenames,format_checking_clp_chat,risk_low,episode_00001,experiment variable,Risk
1225,codenames,format_checking_clp_chat,risk_low,episode_00001,experiment name,risk_low
1226,codenames,format_checking_clp_chat,risk_low,episode_00001,Cluegiver strip words,6
1227,codenames,format_checking_clp_chat,risk_low,episode_00001,Guesser strip words,0
1228,codenames,format_checking_clp_chat,risk_low,episode_00001,Average Cluegiver Number of Targets,2.833
1229,codenames,format_checking_clp_chat,risk_low,episode_00001,Average Cluegiver Team Precision,1.0
1230,codenames,format_checking_clp_chat,risk_low,episode_00001,Average Cluegiver Team Recall,0.77
1231,codenames,format_checking_clp_chat,risk_low,episode_00001,Average Cluegiver Team F1,0.848
1232,codenames,format_checking_clp_chat,risk_low,episode_00001,Average Guesser Number of Guesses,2.833
1233,codenames,format_checking_clp_chat,risk_low,episode_00001,Average Guesser Number of Revealed Words,2.167
1234,codenames,format_checking_clp_chat,risk_low,episode_00001,Average Guesser Number of Unrevealed Guesses,0.667
1235,codenames,format_checking_clp_chat,risk_low,episode_00001,Average Guesser Target Precision,0.708
1236,codenames,format_checking_clp_chat,risk_low,episode_00001,Average Guesser Target Recall,0.614
1237,codenames,format_checking_clp_chat,risk_low,episode_00001,Average Guesser Target F1,0.65
1238,codenames,format_checking_clp_chat,risk_low,episode_00001,Average Guesser Team Precision,0.708
1239,codenames,format_checking_clp_chat,risk_low,episode_00001,Average Guesser Team Recall,0.456
1240,codenames,format_checking_clp_chat,risk_low,episode_00001,Average Guesser Team F1,0.53
1241,codenames,format_checking_clp_chat,risk_low,episode_00001,Aborted,0
1242,codenames,format_checking_clp_chat,risk_low,episode_00001,Lose,0
1243,codenames,format_checking_clp_chat,risk_low,episode_00001,Success,1
1244,codenames,format_checking_clp_chat,risk_low,episode_00001,Game ended through assassin,0
1245,codenames,format_checking_clp_chat,risk_low,episode_00001,Episode Recall,1.0
1246,codenames,format_checking_clp_chat,risk_low,episode_00001,Episode Negative Recall,0.75
1247,codenames,format_checking_clp_chat,risk_low,episode_00001,Number of turns,7
1248,codenames,format_checking_clp_chat,risk_low,episode_00001,Efficiency,1
1249,codenames,format_checking_clp_chat,risk_low,episode_00001,Request Count,12
1250,codenames,format_checking_clp_chat,risk_low,episode_00001,Parsed Request Count,12
1251,codenames,format_checking_clp_chat,risk_low,episode_00001,Violated Request Count,0
1252,codenames,format_checking_clp_chat,risk_low,episode_00001,Request Success Ratio,1.0
1253,codenames,format_checking_clp_chat,risk_low,episode_00001,Main Score,100
1254,codenames,format_checking_clp_chat,risk_low,episode_00002,experiment variable,Risk
1255,codenames,format_checking_clp_chat,risk_low,episode_00002,experiment name,risk_low
1256,codenames,format_checking_clp_chat,risk_low,episode_00002,Cluegiver strip words,6
1257,codenames,format_checking_clp_chat,risk_low,episode_00002,Guesser strip words,0
1258,codenames,format_checking_clp_chat,risk_low,episode_00002,Average Cluegiver Number of Targets,4
1259,codenames,format_checking_clp_chat,risk_low,episode_00002,Average Cluegiver Team Precision,1.0
1260,codenames,format_checking_clp_chat,risk_low,episode_00002,Average Cluegiver Team Recall,0.755
1261,codenames,format_checking_clp_chat,risk_low,episode_00002,Average Cluegiver Team F1,0.845
1262,codenames,format_checking_clp_chat,risk_low,episode_00002,Average Guesser Number of Guesses,3.667
1263,codenames,format_checking_clp_chat,risk_low,episode_00002,Average Guesser Number of Revealed Words,2
1264,codenames,format_checking_clp_chat,risk_low,episode_00002,Average Guesser Number of Unrevealed Guesses,1.667
1265,codenames,format_checking_clp_chat,risk_low,episode_00002,Average Guesser Target Precision,0.417
1266,codenames,format_checking_clp_chat,risk_low,episode_00002,Average Guesser Target Recall,0.264
1267,codenames,format_checking_clp_chat,risk_low,episode_00002,Average Guesser Target F1,0.32
1268,codenames,format_checking_clp_chat,risk_low,episode_00002,Average Guesser Team Precision,0.417
1269,codenames,format_checking_clp_chat,risk_low,episode_00002,Average Guesser Team Recall,0.199
1270,codenames,format_checking_clp_chat,risk_low,episode_00002,Average Guesser Team F1,0.26
1271,codenames,format_checking_clp_chat,risk_low,episode_00002,Aborted,0
1272,codenames,format_checking_clp_chat,risk_low,episode_00002,Lose,1
1273,codenames,format_checking_clp_chat,risk_low,episode_00002,Success,0
1274,codenames,format_checking_clp_chat,risk_low,episode_00002,Game ended through assassin,0
1275,codenames,format_checking_clp_chat,risk_low,episode_00002,Episode Recall,0.778
1276,codenames,format_checking_clp_chat,risk_low,episode_00002,Episode Negative Recall,0.688
1277,codenames,format_checking_clp_chat,risk_low,episode_00002,Number of turns,6
1278,codenames,format_checking_clp_chat,risk_low,episode_00002,Efficiency,1
1279,codenames,format_checking_clp_chat,risk_low,episode_00002,Request Count,11
1280,codenames,format_checking_clp_chat,risk_low,episode_00002,Parsed Request Count,11
1281,codenames,format_checking_clp_chat,risk_low,episode_00002,Violated Request Count,0
1282,codenames,format_checking_clp_chat,risk_low,episode_00002,Request Success Ratio,1.0
1283,codenames,format_checking_clp_chat,risk_low,episode_00002,Main Score,0
1284,codenames,format_checking_clp_chat,unambiguous,episode_00019,experiment variable,Word Ambiguity
1285,codenames,format_checking_clp_chat,unambiguous,episode_00019,experiment name,unambiguous
1286,codenames,format_checking_clp_chat,unambiguous,episode_00019,Cluegiver strip words,5
1287,codenames,format_checking_clp_chat,unambiguous,episode_00019,Guesser strip words,0
1288,codenames,format_checking_clp_chat,unambiguous,episode_00019,Average Cluegiver Number of Targets,4.4
1289,codenames,format_checking_clp_chat,unambiguous,episode_00019,Average Cluegiver Team Precision,1.0
1290,codenames,format_checking_clp_chat,unambiguous,episode_00019,Average Cluegiver Team Recall,0.95
1291,codenames,format_checking_clp_chat,unambiguous,episode_00019,Average Cluegiver Team F1,0.971
1292,codenames,format_checking_clp_chat,unambiguous,episode_00019,Average Guesser Number of Guesses,4.4
1293,codenames,format_checking_clp_chat,unambiguous,episode_00019,Average Guesser Number of Revealed Words,2.6
1294,codenames,format_checking_clp_chat,unambiguous,episode_00019,Average Guesser Number of Unrevealed Guesses,1.8
1295,codenames,format_checking_clp_chat,unambiguous,episode_00019,Average Guesser Target Precision,0.717
1296,codenames,format_checking_clp_chat,unambiguous,episode_00019,Average Guesser Target Recall,0.564
1297,codenames,format_checking_clp_chat,unambiguous,episode_00019,Average Guesser Target F1,0.609
1298,codenames,format_checking_clp_chat,unambiguous,episode_00019,Average Guesser Team Precision,0.717
1299,codenames,format_checking_clp_chat,unambiguous,episode_00019,Average Guesser Team Recall,0.53
1300,codenames,format_checking_clp_chat,unambiguous,episode_00019,Average Guesser Team F1,0.59
1301,codenames,format_checking_clp_chat,unambiguous,episode_00019,Aborted,0
1302,codenames,format_checking_clp_chat,unambiguous,episode_00019,Lose,0
1303,codenames,format_checking_clp_chat,unambiguous,episode_00019,Success,1
1304,codenames,format_checking_clp_chat,unambiguous,episode_00019,Game ended through assassin,0
1305,codenames,format_checking_clp_chat,unambiguous,episode_00019,Episode Recall,1.0
1306,codenames,format_checking_clp_chat,unambiguous,episode_00019,Episode Negative Recall,0.75
1307,codenames,format_checking_clp_chat,unambiguous,episode_00019,Number of turns,6
1308,codenames,format_checking_clp_chat,unambiguous,episode_00019,Efficiency,1
1309,codenames,format_checking_clp_chat,unambiguous,episode_00019,Request Count,10
1310,codenames,format_checking_clp_chat,unambiguous,episode_00019,Parsed Request Count,10
1311,codenames,format_checking_clp_chat,unambiguous,episode_00019,Violated Request Count,0
1312,codenames,format_checking_clp_chat,unambiguous,episode_00019,Request Success Ratio,1.0
1313,codenames,format_checking_clp_chat,unambiguous,episode_00019,Main Score,100
1314,codenames,format_checking_clp_chat,unambiguous,episode_00020,experiment variable,Word Ambiguity
1315,codenames,format_checking_clp_chat,unambiguous,episode_00020,experiment name,unambiguous
1316,codenames,format_checking_clp_chat,unambiguous,episode_00020,Cluegiver strip words,2
1317,codenames,format_checking_clp_chat,unambiguous,episode_00020,Guesser strip words,0
1318,codenames,format_checking_clp_chat,unambiguous,episode_00020,Average Cluegiver Number of Targets,2
1319,codenames,format_checking_clp_chat,unambiguous,episode_00020,Average Cluegiver Team Precision,0.5
1320,codenames,format_checking_clp_chat,unambiguous,episode_00020,Average Cluegiver Team Recall,0.222
1321,codenames,format_checking_clp_chat,unambiguous,episode_00020,Average Cluegiver Team F1,0.307
1322,codenames,format_checking_clp_chat,unambiguous,episode_00020,Average Guesser Number of Guesses,2
1323,codenames,format_checking_clp_chat,unambiguous,episode_00020,Average Guesser Number of Revealed Words,1
1324,codenames,format_checking_clp_chat,unambiguous,episode_00020,Average Guesser Number of Unrevealed Guesses,1
1325,codenames,format_checking_clp_chat,unambiguous,episode_00020,Average Guesser Target Precision,0.25
1326,codenames,format_checking_clp_chat,unambiguous,episode_00020,Average Guesser Target Recall,0.125
1327,codenames,format_checking_clp_chat,unambiguous,episode_00020,Average Guesser Target F1,0.167
1328,codenames,format_checking_clp_chat,unambiguous,episode_00020,Average Guesser Team Precision,0.25
1329,codenames,format_checking_clp_chat,unambiguous,episode_00020,Average Guesser Team Recall,0.056
1330,codenames,format_checking_clp_chat,unambiguous,episode_00020,Average Guesser Team F1,0.091
1331,codenames,format_checking_clp_chat,unambiguous,episode_00020,Aborted,1
1332,codenames,format_checking_clp_chat,unambiguous,episode_00020,Lose,0
1333,codenames,format_checking_clp_chat,unambiguous,episode_00020,Success,0
1334,codenames,format_checking_clp_chat,unambiguous,episode_00020,Game ended through assassin,0
1335,codenames,format_checking_clp_chat,unambiguous,episode_00020,Episode Recall,0.111
1336,codenames,format_checking_clp_chat,unambiguous,episode_00020,Episode Negative Recall,0.938
1337,codenames,format_checking_clp_chat,unambiguous,episode_00020,Number of turns,2
1338,codenames,format_checking_clp_chat,unambiguous,episode_00020,Efficiency,1.0
1339,codenames,format_checking_clp_chat,unambiguous,episode_00020,Request Count,3
1340,codenames,format_checking_clp_chat,unambiguous,episode_00020,Parsed Request Count,2
1341,codenames,format_checking_clp_chat,unambiguous,episode_00020,Violated Request Count,1
1342,codenames,format_checking_clp_chat,unambiguous,episode_00020,Request Success Ratio,0.667
1343,codenames,format_checking_clp_chat,unambiguous,episode_00020,Main Score,
1344,dond,format_checking_clp_chat,coop_en,episode_00001,Request Count,8
1345,dond,format_checking_clp_chat,coop_en,episode_00001,Parsed Request Count,8
1346,dond,format_checking_clp_chat,coop_en,episode_00001,Violated Request Count,0
1347,dond,format_checking_clp_chat,coop_en,episode_00001,Request Success Ratio,1.0
1348,dond,format_checking_clp_chat,coop_en,episode_00001,Aborted,0
1349,dond,format_checking_clp_chat,coop_en,episode_00001,Lose,1
1350,dond,format_checking_clp_chat,coop_en,episode_00001,Success,0
1351,dond,format_checking_clp_chat,coop_en,episode_00001,Main Score,0.0
1352,dond,format_checking_clp_chat,coop_en,episode_00001,Sum of Points,0.0
1353,dond,format_checking_clp_chat,coop_en,episode_00001,Pareto Optimal,0
1354,dond,format_checking_clp_chat,coop_en,episode_00002,Request Count,12
1355,dond,format_checking_clp_chat,coop_en,episode_00002,Parsed Request Count,12
1356,dond,format_checking_clp_chat,coop_en,episode_00002,Violated Request Count,0
1357,dond,format_checking_clp_chat,coop_en,episode_00002,Request Success Ratio,1.0
1358,dond,format_checking_clp_chat,coop_en,episode_00002,Aborted,0
1359,dond,format_checking_clp_chat,coop_en,episode_00002,Lose,1
1360,dond,format_checking_clp_chat,coop_en,episode_00002,Success,0
1361,dond,format_checking_clp_chat,coop_en,episode_00002,Main Score,0.0
1362,dond,format_checking_clp_chat,coop_en,episode_00002,Sum of Points,0.0
1363,dond,format_checking_clp_chat,coop_en,episode_00002,Pareto Optimal,0
1364,dond,format_checking_clp_chat,coop_en,episode_00003,Request Count,7
1365,dond,format_checking_clp_chat,coop_en,episode_00003,Parsed Request Count,7
1366,dond,format_checking_clp_chat,coop_en,episode_00003,Violated Request Count,0
1367,dond,format_checking_clp_chat,coop_en,episode_00003,Request Success Ratio,1.0
1368,dond,format_checking_clp_chat,coop_en,episode_00003,Aborted,0
1369,dond,format_checking_clp_chat,coop_en,episode_00003,Lose,1
1370,dond,format_checking_clp_chat,coop_en,episode_00003,Success,0
1371,dond,format_checking_clp_chat,coop_en,episode_00003,Main Score,0.0
1372,dond,format_checking_clp_chat,coop_en,episode_00003,Sum of Points,0.0
1373,dond,format_checking_clp_chat,coop_en,episode_00003,Pareto Optimal,0
1374,dond,format_checking_clp_chat,coop_en,episode_00004,Request Count,5
1375,dond,format_checking_clp_chat,coop_en,episode_00004,Parsed Request Count,5
1376,dond,format_checking_clp_chat,coop_en,episode_00004,Violated Request Count,0
1377,dond,format_checking_clp_chat,coop_en,episode_00004,Request Success Ratio,1.0
1378,dond,format_checking_clp_chat,coop_en,episode_00004,Aborted,0
1379,dond,format_checking_clp_chat,coop_en,episode_00004,Lose,1
1380,dond,format_checking_clp_chat,coop_en,episode_00004,Success,0
1381,dond,format_checking_clp_chat,coop_en,episode_00004,Main Score,0.0
1382,dond,format_checking_clp_chat,coop_en,episode_00004,Sum of Points,0.0
1383,dond,format_checking_clp_chat,coop_en,episode_00004,Pareto Optimal,0
1384,dond,format_checking_clp_chat,coop_en,episode_00005,Request Count,7
1385,dond,format_checking_clp_chat,coop_en,episode_00005,Parsed Request Count,7
1386,dond,format_checking_clp_chat,coop_en,episode_00005,Violated Request Count,0
1387,dond,format_checking_clp_chat,coop_en,episode_00005,Request Success Ratio,1.0
1388,dond,format_checking_clp_chat,coop_en,episode_00005,Aborted,0
1389,dond,format_checking_clp_chat,coop_en,episode_00005,Lose,0
1390,dond,format_checking_clp_chat,coop_en,episode_00005,Success,1
1391,dond,format_checking_clp_chat,coop_en,episode_00005,Main Score,86.66666666666667
1392,dond,format_checking_clp_chat,coop_en,episode_00005,Sum of Points,0.8666666666666667
1393,dond,format_checking_clp_chat,coop_en,episode_00005,Pareto Optimal,0
1394,dond,format_checking_clp_chat,coop_en,episode_00006,Request Count,4
1395,dond,format_checking_clp_chat,coop_en,episode_00006,Parsed Request Count,4
1396,dond,format_checking_clp_chat,coop_en,episode_00006,Violated Request Count,0
1397,dond,format_checking_clp_chat,coop_en,episode_00006,Request Success Ratio,1.0
1398,dond,format_checking_clp_chat,coop_en,episode_00006,Aborted,0
1399,dond,format_checking_clp_chat,coop_en,episode_00006,Lose,1
1400,dond,format_checking_clp_chat,coop_en,episode_00006,Success,0
1401,dond,format_checking_clp_chat,coop_en,episode_00006,Main Score,0.0
1402,dond,format_checking_clp_chat,coop_en,episode_00006,Sum of Points,0.0
1403,dond,format_checking_clp_chat,coop_en,episode_00006,Pareto Optimal,0
1404,dond,format_checking_clp_chat,coop_en,episode_00007,Request Count,9
1405,dond,format_checking_clp_chat,coop_en,episode_00007,Parsed Request Count,9
1406,dond,format_checking_clp_chat,coop_en,episode_00007,Violated Request Count,0
1407,dond,format_checking_clp_chat,coop_en,episode_00007,Request Success Ratio,1.0
1408,dond,format_checking_clp_chat,coop_en,episode_00007,Aborted,0
1409,dond,format_checking_clp_chat,coop_en,episode_00007,Lose,1
1410,dond,format_checking_clp_chat,coop_en,episode_00007,Success,0
1411,dond,format_checking_clp_chat,coop_en,episode_00007,Main Score,0.0
1412,dond,format_checking_clp_chat,coop_en,episode_00007,Sum of Points,0.0
1413,dond,format_checking_clp_chat,coop_en,episode_00007,Pareto Optimal,0
1414,dond,format_checking_clp_chat,coop_en,episode_00008,Request Count,4
1415,dond,format_checking_clp_chat,coop_en,episode_00008,Parsed Request Count,4
1416,dond,format_checking_clp_chat,coop_en,episode_00008,Violated Request Count,0
1417,dond,format_checking_clp_chat,coop_en,episode_00008,Request Success Ratio,1.0
1418,dond,format_checking_clp_chat,coop_en,episode_00008,Aborted,0
1419,dond,format_checking_clp_chat,coop_en,episode_00008,Lose,1
1420,dond,format_checking_clp_chat,coop_en,episode_00008,Success,0
1421,dond,format_checking_clp_chat,coop_en,episode_00008,Main Score,0.0
1422,dond,format_checking_clp_chat,coop_en,episode_00008,Sum of Points,0.0
1423,dond,format_checking_clp_chat,coop_en,episode_00008,Pareto Optimal,0
1424,dond,format_checking_clp_chat,coop_en,episode_00009,Request Count,6
1425,dond,format_checking_clp_chat,coop_en,episode_00009,Parsed Request Count,6
1426,dond,format_checking_clp_chat,coop_en,episode_00009,Violated Request Count,0
1427,dond,format_checking_clp_chat,coop_en,episode_00009,Request Success Ratio,1.0
1428,dond,format_checking_clp_chat,coop_en,episode_00009,Aborted,0
1429,dond,format_checking_clp_chat,coop_en,episode_00009,Lose,1
1430,dond,format_checking_clp_chat,coop_en,episode_00009,Success,0
1431,dond,format_checking_clp_chat,coop_en,episode_00009,Main Score,0.0
1432,dond,format_checking_clp_chat,coop_en,episode_00009,Sum of Points,0.0
1433,dond,format_checking_clp_chat,coop_en,episode_00009,Pareto Optimal,0
1434,dond,format_checking_clp_chat,coop_en,episode_00010,Request Count,6
1435,dond,format_checking_clp_chat,coop_en,episode_00010,Parsed Request Count,6
1436,dond,format_checking_clp_chat,coop_en,episode_00010,Violated Request Count,0
1437,dond,format_checking_clp_chat,coop_en,episode_00010,Request Success Ratio,1.0
1438,dond,format_checking_clp_chat,coop_en,episode_00010,Aborted,0
1439,dond,format_checking_clp_chat,coop_en,episode_00010,Lose,1
1440,dond,format_checking_clp_chat,coop_en,episode_00010,Success,0
1441,dond,format_checking_clp_chat,coop_en,episode_00010,Main Score,0.0
1442,dond,format_checking_clp_chat,coop_en,episode_00010,Sum of Points,0.0
1443,dond,format_checking_clp_chat,coop_en,episode_00010,Pareto Optimal,0
1444,dond,format_checking_clp_chat,semi_en,episode_00011,Request Count,2
1445,dond,format_checking_clp_chat,semi_en,episode_00011,Parsed Request Count,2
1446,dond,format_checking_clp_chat,semi_en,episode_00011,Violated Request Count,0
1447,dond,format_checking_clp_chat,semi_en,episode_00011,Request Success Ratio,1.0
1448,dond,format_checking_clp_chat,semi_en,episode_00011,Aborted,0
1449,dond,format_checking_clp_chat,semi_en,episode_00011,Lose,1
1450,dond,format_checking_clp_chat,semi_en,episode_00011,Success,0
1451,dond,format_checking_clp_chat,semi_en,episode_00011,Main Score,0.0
1452,dond,format_checking_clp_chat,semi_en,episode_00011,Sum of Points,0.0
1453,dond,format_checking_clp_chat,semi_en,episode_00011,Pareto Optimal,0
1454,dond,format_checking_clp_chat,semi_en,episode_00012,Request Count,12
1455,dond,format_checking_clp_chat,semi_en,episode_00012,Parsed Request Count,12
1456,dond,format_checking_clp_chat,semi_en,episode_00012,Violated Request Count,0
1457,dond,format_checking_clp_chat,semi_en,episode_00012,Request Success Ratio,1.0
1458,dond,format_checking_clp_chat,semi_en,episode_00012,Aborted,0
1459,dond,format_checking_clp_chat,semi_en,episode_00012,Lose,1
1460,dond,format_checking_clp_chat,semi_en,episode_00012,Success,0
1461,dond,format_checking_clp_chat,semi_en,episode_00012,Main Score,0.0
1462,dond,format_checking_clp_chat,semi_en,episode_00012,Sum of Points,0.0
1463,dond,format_checking_clp_chat,semi_en,episode_00012,Pareto Optimal,0
1464,dond,format_checking_clp_chat,semi_en,episode_00013,Request Count,5
1465,dond,format_checking_clp_chat,semi_en,episode_00013,Parsed Request Count,5
1466,dond,format_checking_clp_chat,semi_en,episode_00013,Violated Request Count,0
1467,dond,format_checking_clp_chat,semi_en,episode_00013,Request Success Ratio,1.0
1468,dond,format_checking_clp_chat,semi_en,episode_00013,Aborted,0
1469,dond,format_checking_clp_chat,semi_en,episode_00013,Lose,1
1470,dond,format_checking_clp_chat,semi_en,episode_00013,Success,0
1471,dond,format_checking_clp_chat,semi_en,episode_00013,Main Score,0.0
1472,dond,format_checking_clp_chat,semi_en,episode_00013,Sum of Points,0.0
1473,dond,format_checking_clp_chat,semi_en,episode_00013,Pareto Optimal,0
1474,dond,format_checking_clp_chat,semi_en,episode_00014,Request Count,9
1475,dond,format_checking_clp_chat,semi_en,episode_00014,Parsed Request Count,9
1476,dond,format_checking_clp_chat,semi_en,episode_00014,Violated Request Count,0
1477,dond,format_checking_clp_chat,semi_en,episode_00014,Request Success Ratio,1.0
1478,dond,format_checking_clp_chat,semi_en,episode_00014,Aborted,0
1479,dond,format_checking_clp_chat,semi_en,episode_00014,Lose,1
1480,dond,format_checking_clp_chat,semi_en,episode_00014,Success,0
1481,dond,format_checking_clp_chat,semi_en,episode_00014,Main Score,0.0
1482,dond,format_checking_clp_chat,semi_en,episode_00014,Sum of Points,0.0
1483,dond,format_checking_clp_chat,semi_en,episode_00014,Pareto Optimal,0
1484,dond,format_checking_clp_chat,semi_en,episode_00015,Request Count,12
1485,dond,format_checking_clp_chat,semi_en,episode_00015,Parsed Request Count,12
1486,dond,format_checking_clp_chat,semi_en,episode_00015,Violated Request Count,0
1487,dond,format_checking_clp_chat,semi_en,episode_00015,Request Success Ratio,1.0
1488,dond,format_checking_clp_chat,semi_en,episode_00015,Aborted,0
1489,dond,format_checking_clp_chat,semi_en,episode_00015,Lose,1
1490,dond,format_checking_clp_chat,semi_en,episode_00015,Success,0
1491,dond,format_checking_clp_chat,semi_en,episode_00015,Main Score,0.0
1492,dond,format_checking_clp_chat,semi_en,episode_00015,Sum of Points,0.0
1493,dond,format_checking_clp_chat,semi_en,episode_00015,Pareto Optimal,0
1494,dond,format_checking_clp_chat,semi_en,episode_00016,Request Count,12
1495,dond,format_checking_clp_chat,semi_en,episode_00016,Parsed Request Count,12
1496,dond,format_checking_clp_chat,semi_en,episode_00016,Violated Request Count,0
1497,dond,format_checking_clp_chat,semi_en,episode_00016,Request Success Ratio,1.0
1498,dond,format_checking_clp_chat,semi_en,episode_00016,Aborted,0
1499,dond,format_checking_clp_chat,semi_en,episode_00016,Lose,1
1500,dond,format_checking_clp_chat,semi_en,episode_00016,Success,0
1501,dond,format_checking_clp_chat,semi_en,episode_00016,Main Score,0.0
1502,dond,format_checking_clp_chat,semi_en,episode_00016,Sum of Points,0.0
1503,dond,format_checking_clp_chat,semi_en,episode_00016,Pareto Optimal,0
1504,dond,format_checking_clp_chat,semi_en,episode_00017,Request Count,5
1505,dond,format_checking_clp_chat,semi_en,episode_00017,Parsed Request Count,5
1506,dond,format_checking_clp_chat,semi_en,episode_00017,Violated Request Count,0
1507,dond,format_checking_clp_chat,semi_en,episode_00017,Request Success Ratio,1.0
1508,dond,format_checking_clp_chat,semi_en,episode_00017,Aborted,0
1509,dond,format_checking_clp_chat,semi_en,episode_00017,Lose,1
1510,dond,format_checking_clp_chat,semi_en,episode_00017,Success,0
1511,dond,format_checking_clp_chat,semi_en,episode_00017,Main Score,0.0
1512,dond,format_checking_clp_chat,semi_en,episode_00017,Sum of Points,0.0
1513,dond,format_checking_clp_chat,semi_en,episode_00017,Pareto Optimal,0
1514,dond,format_checking_clp_chat,semi_en,episode_00018,Request Count,5
1515,dond,format_checking_clp_chat,semi_en,episode_00018,Parsed Request Count,5
1516,dond,format_checking_clp_chat,semi_en,episode_00018,Violated Request Count,0
1517,dond,format_checking_clp_chat,semi_en,episode_00018,Request Success Ratio,1.0
1518,dond,format_checking_clp_chat,semi_en,episode_00018,Aborted,0
1519,dond,format_checking_clp_chat,semi_en,episode_00018,Lose,1
1520,dond,format_checking_clp_chat,semi_en,episode_00018,Success,0
1521,dond,format_checking_clp_chat,semi_en,episode_00018,Main Score,0.0
1522,dond,format_checking_clp_chat,semi_en,episode_00018,Sum of Points,0.0
1523,dond,format_checking_clp_chat,semi_en,episode_00018,Pareto Optimal,0
1524,dond,format_checking_clp_chat,semi_en,episode_00019,Request Count,2
1525,dond,format_checking_clp_chat,semi_en,episode_00019,Parsed Request Count,2
1526,dond,format_checking_clp_chat,semi_en,episode_00019,Violated Request Count,0
1527,dond,format_checking_clp_chat,semi_en,episode_00019,Request Success Ratio,1.0
1528,dond,format_checking_clp_chat,semi_en,episode_00019,Aborted,0
1529,dond,format_checking_clp_chat,semi_en,episode_00019,Lose,1
1530,dond,format_checking_clp_chat,semi_en,episode_00019,Success,0
1531,dond,format_checking_clp_chat,semi_en,episode_00019,Main Score,0.0
1532,dond,format_checking_clp_chat,semi_en,episode_00019,Sum of Points,0.0
1533,dond,format_checking_clp_chat,semi_en,episode_00019,Pareto Optimal,0
1534,dond,format_checking_clp_chat,semi_en,episode_00020,Request Count,4
1535,dond,format_checking_clp_chat,semi_en,episode_00020,Parsed Request Count,3
1536,dond,format_checking_clp_chat,semi_en,episode_00020,Violated Request Count,1
1537,dond,format_checking_clp_chat,semi_en,episode_00020,Request Success Ratio,0.75
1538,dond,format_checking_clp_chat,semi_en,episode_00020,Aborted,1
1539,dond,format_checking_clp_chat,semi_en,episode_00020,Lose,0
1540,dond,format_checking_clp_chat,semi_en,episode_00020,Success,0
1541,dond,format_checking_clp_chat,semi_en,episode_00020,Main Score,
1542,guesswhat,format_checking_clp_chat,Abs_Level_1,episode_00013,Violated Request Count,1
1543,guesswhat,format_checking_clp_chat,Abs_Level_1,episode_00013,Parsed Request Count,4
1544,guesswhat,format_checking_clp_chat,Abs_Level_1,episode_00013,Request Count,5
1545,guesswhat,format_checking_clp_chat,Abs_Level_1,episode_00013,Request Success Ratio,0.8
1546,guesswhat,format_checking_clp_chat,Abs_Level_1,episode_00013,Aborted,1
1547,guesswhat,format_checking_clp_chat,Abs_Level_1,episode_00013,Main Score,
1548,guesswhat,format_checking_clp_chat,Abs_Level_1,episode_00013,Invalid format guesser response,1
1549,guesswhat,format_checking_clp_chat,Abs_Level_1,episode_00013,Invalid format answerer response,0
1550,guesswhat,format_checking_clp_chat,Abs_Level_1,episode_00013,Invalid content guesser response,0
1551,guesswhat,format_checking_clp_chat,Abs_Level_1,episode_00013,Invalid content answerer response,0
1552,guesswhat,format_checking_clp_chat,Abs_Level_1,episode_00014,Violated Request Count,1
1553,guesswhat,format_checking_clp_chat,Abs_Level_1,episode_00014,Parsed Request Count,1
1554,guesswhat,format_checking_clp_chat,Abs_Level_1,episode_00014,Request Count,2
1555,guesswhat,format_checking_clp_chat,Abs_Level_1,episode_00014,Request Success Ratio,0.5
1556,guesswhat,format_checking_clp_chat,Abs_Level_1,episode_00014,Aborted,1
1557,guesswhat,format_checking_clp_chat,Abs_Level_1,episode_00014,Main Score,
1558,guesswhat,format_checking_clp_chat,Abs_Level_1,episode_00014,Invalid format guesser response,0
1559,guesswhat,format_checking_clp_chat,Abs_Level_1,episode_00014,Invalid format answerer response,1
1560,guesswhat,format_checking_clp_chat,Abs_Level_1,episode_00014,Invalid content guesser response,0
1561,guesswhat,format_checking_clp_chat,Abs_Level_1,episode_00014,Invalid content answerer response,0
1562,guesswhat,format_checking_clp_chat,Abs_Level_1,episode_00015,Violated Request Count,1
1563,guesswhat,format_checking_clp_chat,Abs_Level_1,episode_00015,Parsed Request Count,1
1564,guesswhat,format_checking_clp_chat,Abs_Level_1,episode_00015,Request Count,2
1565,guesswhat,format_checking_clp_chat,Abs_Level_1,episode_00015,Request Success Ratio,0.5
1566,guesswhat,format_checking_clp_chat,Abs_Level_1,episode_00015,Aborted,1
1567,guesswhat,format_checking_clp_chat,Abs_Level_1,episode_00015,Main Score,
1568,guesswhat,format_checking_clp_chat,Abs_Level_1,episode_00015,Invalid format guesser response,0
1569,guesswhat,format_checking_clp_chat,Abs_Level_1,episode_00015,Invalid format answerer response,1
1570,guesswhat,format_checking_clp_chat,Abs_Level_1,episode_00015,Invalid content guesser response,0
1571,guesswhat,format_checking_clp_chat,Abs_Level_1,episode_00015,Invalid content answerer response,0
1572,guesswhat,format_checking_clp_chat,Abs_Level_1,episode_00016,Violated Request Count,1
1573,guesswhat,format_checking_clp_chat,Abs_Level_1,episode_00016,Parsed Request Count,3
1574,guesswhat,format_checking_clp_chat,Abs_Level_1,episode_00016,Request Count,4
1575,guesswhat,format_checking_clp_chat,Abs_Level_1,episode_00016,Request Success Ratio,0.75
1576,guesswhat,format_checking_clp_chat,Abs_Level_1,episode_00016,Aborted,1
1577,guesswhat,format_checking_clp_chat,Abs_Level_1,episode_00016,Main Score,
1578,guesswhat,format_checking_clp_chat,Abs_Level_1,episode_00016,Invalid format guesser response,0
1579,guesswhat,format_checking_clp_chat,Abs_Level_1,episode_00016,Invalid format answerer response,1
1580,guesswhat,format_checking_clp_chat,Abs_Level_1,episode_00016,Invalid content guesser response,0
1581,guesswhat,format_checking_clp_chat,Abs_Level_1,episode_00016,Invalid content answerer response,0
1582,guesswhat,format_checking_clp_chat,Abs_Level_2,episode_00017,Violated Request Count,1
1583,guesswhat,format_checking_clp_chat,Abs_Level_2,episode_00017,Parsed Request Count,3
1584,guesswhat,format_checking_clp_chat,Abs_Level_2,episode_00017,Request Count,4
1585,guesswhat,format_checking_clp_chat,Abs_Level_2,episode_00017,Request Success Ratio,0.75
1586,guesswhat,format_checking_clp_chat,Abs_Level_2,episode_00017,Aborted,1
1587,guesswhat,format_checking_clp_chat,Abs_Level_2,episode_00017,Main Score,
1588,guesswhat,format_checking_clp_chat,Abs_Level_2,episode_00017,Invalid format guesser response,0
1589,guesswhat,format_checking_clp_chat,Abs_Level_2,episode_00017,Invalid format answerer response,1
1590,guesswhat,format_checking_clp_chat,Abs_Level_2,episode_00017,Invalid content guesser response,0
1591,guesswhat,format_checking_clp_chat,Abs_Level_2,episode_00017,Invalid content answerer response,0
1592,guesswhat,format_checking_clp_chat,Abs_Level_2,episode_00018,Violated Request Count,1
1593,guesswhat,format_checking_clp_chat,Abs_Level_2,episode_00018,Parsed Request Count,6
1594,guesswhat,format_checking_clp_chat,Abs_Level_2,episode_00018,Request Count,7
1595,guesswhat,format_checking_clp_chat,Abs_Level_2,episode_00018,Request Success Ratio,0.8571428571428571
1596,guesswhat,format_checking_clp_chat,Abs_Level_2,episode_00018,Aborted,1
1597,guesswhat,format_checking_clp_chat,Abs_Level_2,episode_00018,Main Score,
1598,guesswhat,format_checking_clp_chat,Abs_Level_2,episode_00018,Invalid format guesser response,1
1599,guesswhat,format_checking_clp_chat,Abs_Level_2,episode_00018,Invalid format answerer response,0
1600,guesswhat,format_checking_clp_chat,Abs_Level_2,episode_00018,Invalid content guesser response,0
1601,guesswhat,format_checking_clp_chat,Abs_Level_2,episode_00018,Invalid content answerer response,0
1602,guesswhat,format_checking_clp_chat,Abs_Level_2,episode_00019,Violated Request Count,1
1603,guesswhat,format_checking_clp_chat,Abs_Level_2,episode_00019,Parsed Request Count,3
1604,guesswhat,format_checking_clp_chat,Abs_Level_2,episode_00019,Request Count,4
1605,guesswhat,format_checking_clp_chat,Abs_Level_2,episode_00019,Request Success Ratio,0.75
1606,guesswhat,format_checking_clp_chat,Abs_Level_2,episode_00019,Aborted,1
1607,guesswhat,format_checking_clp_chat,Abs_Level_2,episode_00019,Main Score,
1608,guesswhat,format_checking_clp_chat,Abs_Level_2,episode_00019,Invalid format guesser response,1
1609,guesswhat,format_checking_clp_chat,Abs_Level_2,episode_00019,Invalid format answerer response,0
1610,guesswhat,format_checking_clp_chat,Abs_Level_2,episode_00019,Invalid content guesser response,0
1611,guesswhat,format_checking_clp_chat,Abs_Level_2,episode_00019,Invalid content answerer response,0
1612,guesswhat,format_checking_clp_chat,Abs_Level_2,episode_00020,Violated Request Count,0
1613,guesswhat,format_checking_clp_chat,Abs_Level_2,episode_00020,Parsed Request Count,8
1614,guesswhat,format_checking_clp_chat,Abs_Level_2,episode_00020,Request Count,8
1615,guesswhat,format_checking_clp_chat,Abs_Level_2,episode_00020,Request Success Ratio,1.0
1616,guesswhat,format_checking_clp_chat,Abs_Level_2,episode_00020,Aborted,0
1617,guesswhat,format_checking_clp_chat,Abs_Level_2,episode_00020,Success,0
1618,guesswhat,format_checking_clp_chat,Abs_Level_2,episode_00020,Lose,1
1619,guesswhat,format_checking_clp_chat,Abs_Level_2,episode_00020,Main Score,0
1620,guesswhat,format_checking_clp_chat,Abs_Level_2,episode_00020,Invalid format guesser response,0
1621,guesswhat,format_checking_clp_chat,Abs_Level_2,episode_00020,Invalid format answerer response,0
1622,guesswhat,format_checking_clp_chat,Abs_Level_2,episode_00020,Invalid content guesser response,0
1623,guesswhat,format_checking_clp_chat,Abs_Level_2,episode_00020,Invalid content answerer response,0
1624,guesswhat,format_checking_clp_chat,Abs_Level_3,episode_00021,Violated Request Count,1
1625,guesswhat,format_checking_clp_chat,Abs_Level_3,episode_00021,Parsed Request Count,3
1626,guesswhat,format_checking_clp_chat,Abs_Level_3,episode_00021,Request Count,4
1627,guesswhat,format_checking_clp_chat,Abs_Level_3,episode_00021,Request Success Ratio,0.75
1628,guesswhat,format_checking_clp_chat,Abs_Level_3,episode_00021,Aborted,1
1629,guesswhat,format_checking_clp_chat,Abs_Level_3,episode_00021,Main Score,
1630,guesswhat,format_checking_clp_chat,Abs_Level_3,episode_00021,Invalid format guesser response,1
1631,guesswhat,format_checking_clp_chat,Abs_Level_3,episode_00021,Invalid format answerer response,0
1632,guesswhat,format_checking_clp_chat,Abs_Level_3,episode_00021,Invalid content guesser response,0
1633,guesswhat,format_checking_clp_chat,Abs_Level_3,episode_00021,Invalid content answerer response,0
1634,guesswhat,format_checking_clp_chat,Abs_Level_3,episode_00022,Violated Request Count,1
1635,guesswhat,format_checking_clp_chat,Abs_Level_3,episode_00022,Parsed Request Count,2
1636,guesswhat,format_checking_clp_chat,Abs_Level_3,episode_00022,Request Count,3
1637,guesswhat,format_checking_clp_chat,Abs_Level_3,episode_00022,Request Success Ratio,0.6666666666666666
1638,guesswhat,format_checking_clp_chat,Abs_Level_3,episode_00022,Aborted,1
1639,guesswhat,format_checking_clp_chat,Abs_Level_3,episode_00022,Main Score,
1640,guesswhat,format_checking_clp_chat,Abs_Level_3,episode_00022,Invalid format guesser response,0
1641,guesswhat,format_checking_clp_chat,Abs_Level_3,episode_00022,Invalid format answerer response,1
1642,guesswhat,format_checking_clp_chat,Abs_Level_3,episode_00022,Invalid content guesser response,0
1643,guesswhat,format_checking_clp_chat,Abs_Level_3,episode_00022,Invalid content answerer response,0
1644,guesswhat,format_checking_clp_chat,Abs_Level_3,episode_00023,Violated Request Count,1
1645,guesswhat,format_checking_clp_chat,Abs_Level_3,episode_00023,Parsed Request Count,6
1646,guesswhat,format_checking_clp_chat,Abs_Level_3,episode_00023,Request Count,7
1647,guesswhat,format_checking_clp_chat,Abs_Level_3,episode_00023,Request Success Ratio,0.8571428571428571
1648,guesswhat,format_checking_clp_chat,Abs_Level_3,episode_00023,Aborted,1
1649,guesswhat,format_checking_clp_chat,Abs_Level_3,episode_00023,Main Score,
1650,guesswhat,format_checking_clp_chat,Abs_Level_3,episode_00023,Invalid format guesser response,1
1651,guesswhat,format_checking_clp_chat,Abs_Level_3,episode_00023,Invalid format answerer response,0
1652,guesswhat,format_checking_clp_chat,Abs_Level_3,episode_00023,Invalid content guesser response,0
1653,guesswhat,format_checking_clp_chat,Abs_Level_3,episode_00023,Invalid content answerer response,0
1654,guesswhat,format_checking_clp_chat,Abs_Level_3,episode_00024,Violated Request Count,1
1655,guesswhat,format_checking_clp_chat,Abs_Level_3,episode_00024,Parsed Request Count,7
1656,guesswhat,format_checking_clp_chat,Abs_Level_3,episode_00024,Request Count,8
1657,guesswhat,format_checking_clp_chat,Abs_Level_3,episode_00024,Request Success Ratio,0.875
1658,guesswhat,format_checking_clp_chat,Abs_Level_3,episode_00024,Aborted,1
1659,guesswhat,format_checking_clp_chat,Abs_Level_3,episode_00024,Main Score,
1660,guesswhat,format_checking_clp_chat,Abs_Level_3,episode_00024,Invalid format guesser response,1
1661,guesswhat,format_checking_clp_chat,Abs_Level_3,episode_00024,Invalid format answerer response,0
1662,guesswhat,format_checking_clp_chat,Abs_Level_3,episode_00024,Invalid content guesser response,0
1663,guesswhat,format_checking_clp_chat,Abs_Level_3,episode_00024,Invalid content answerer response,0
1664,guesswhat,format_checking_clp_chat,Level_1,episode_00001,Violated Request Count,1
1665,guesswhat,format_checking_clp_chat,Level_1,episode_00001,Parsed Request Count,5
1666,guesswhat,format_checking_clp_chat,Level_1,episode_00001,Request Count,6
1667,guesswhat,format_checking_clp_chat,Level_1,episode_00001,Request Success Ratio,0.8333333333333334
1668,guesswhat,format_checking_clp_chat,Level_1,episode_00001,Aborted,1
1669,guesswhat,format_checking_clp_chat,Level_1,episode_00001,Main Score,
1670,guesswhat,format_checking_clp_chat,Level_1,episode_00001,Invalid format guesser response,1
1671,guesswhat,format_checking_clp_chat,Level_1,episode_00001,Invalid format answerer response,0
1672,guesswhat,format_checking_clp_chat,Level_1,episode_00001,Invalid content guesser response,0
1673,guesswhat,format_checking_clp_chat,Level_1,episode_00001,Invalid content answerer response,0
1674,guesswhat,format_checking_clp_chat,Level_1,episode_00002,Violated Request Count,0
1675,guesswhat,format_checking_clp_chat,Level_1,episode_00002,Parsed Request Count,8
1676,guesswhat,format_checking_clp_chat,Level_1,episode_00002,Request Count,8
1677,guesswhat,format_checking_clp_chat,Level_1,episode_00002,Request Success Ratio,1.0
1678,guesswhat,format_checking_clp_chat,Level_1,episode_00002,Aborted,0
1679,guesswhat,format_checking_clp_chat,Level_1,episode_00002,Success,0
1680,guesswhat,format_checking_clp_chat,Level_1,episode_00002,Lose,1
1681,guesswhat,format_checking_clp_chat,Level_1,episode_00002,Main Score,0
1682,guesswhat,format_checking_clp_chat,Level_1,episode_00002,Invalid format guesser response,0
1683,guesswhat,format_checking_clp_chat,Level_1,episode_00002,Invalid format answerer response,0
1684,guesswhat,format_checking_clp_chat,Level_1,episode_00002,Invalid content guesser response,0
1685,guesswhat,format_checking_clp_chat,Level_1,episode_00002,Invalid content answerer response,0
1686,guesswhat,format_checking_clp_chat,Level_1,episode_00003,Violated Request Count,0
1687,guesswhat,format_checking_clp_chat,Level_1,episode_00003,Parsed Request Count,8
1688,guesswhat,format_checking_clp_chat,Level_1,episode_00003,Request Count,8
1689,guesswhat,format_checking_clp_chat,Level_1,episode_00003,Request Success Ratio,1.0
1690,guesswhat,format_checking_clp_chat,Level_1,episode_00003,Aborted,0
1691,guesswhat,format_checking_clp_chat,Level_1,episode_00003,Success,0
1692,guesswhat,format_checking_clp_chat,Level_1,episode_00003,Lose,1
1693,guesswhat,format_checking_clp_chat,Level_1,episode_00003,Main Score,0
1694,guesswhat,format_checking_clp_chat,Level_1,episode_00003,Invalid format guesser response,0
1695,guesswhat,format_checking_clp_chat,Level_1,episode_00003,Invalid format answerer response,0
1696,guesswhat,format_checking_clp_chat,Level_1,episode_00003,Invalid content guesser response,0
1697,guesswhat,format_checking_clp_chat,Level_1,episode_00003,Invalid content answerer response,0
1698,guesswhat,format_checking_clp_chat,Level_1,episode_00004,Violated Request Count,1
1699,guesswhat,format_checking_clp_chat,Level_1,episode_00004,Parsed Request Count,5
1700,guesswhat,format_checking_clp_chat,Level_1,episode_00004,Request Count,6
1701,guesswhat,format_checking_clp_chat,Level_1,episode_00004,Request Success Ratio,0.8333333333333334
1702,guesswhat,format_checking_clp_chat,Level_1,episode_00004,Aborted,1
1703,guesswhat,format_checking_clp_chat,Level_1,episode_00004,Main Score,
1704,guesswhat,format_checking_clp_chat,Level_1,episode_00004,Invalid format guesser response,1
1705,guesswhat,format_checking_clp_chat,Level_1,episode_00004,Invalid format answerer response,0
1706,guesswhat,format_checking_clp_chat,Level_1,episode_00004,Invalid content guesser response,0
1707,guesswhat,format_checking_clp_chat,Level_1,episode_00004,Invalid content answerer response,0
1708,guesswhat,format_checking_clp_chat,Level_2,episode_00005,Violated Request Count,1
1709,guesswhat,format_checking_clp_chat,Level_2,episode_00005,Parsed Request Count,4
1710,guesswhat,format_checking_clp_chat,Level_2,episode_00005,Request Count,5
1711,guesswhat,format_checking_clp_chat,Level_2,episode_00005,Request Success Ratio,0.8
1712,guesswhat,format_checking_clp_chat,Level_2,episode_00005,Aborted,1
1713,guesswhat,format_checking_clp_chat,Level_2,episode_00005,Main Score,
1714,guesswhat,format_checking_clp_chat,Level_2,episode_00005,Invalid format guesser response,1
1715,guesswhat,format_checking_clp_chat,Level_2,episode_00005,Invalid format answerer response,0
1716,guesswhat,format_checking_clp_chat,Level_2,episode_00005,Invalid content guesser response,0
1717,guesswhat,format_checking_clp_chat,Level_2,episode_00005,Invalid content answerer response,0
1718,guesswhat,format_checking_clp_chat,Level_2,episode_00006,Violated Request Count,1
1719,guesswhat,format_checking_clp_chat,Level_2,episode_00006,Parsed Request Count,7
1720,guesswhat,format_checking_clp_chat,Level_2,episode_00006,Request Count,8
1721,guesswhat,format_checking_clp_chat,Level_2,episode_00006,Request Success Ratio,0.875
1722,guesswhat,format_checking_clp_chat,Level_2,episode_00006,Aborted,1
1723,guesswhat,format_checking_clp_chat,Level_2,episode_00006,Main Score,
1724,guesswhat,format_checking_clp_chat,Level_2,episode_00006,Invalid format guesser response,1
1725,guesswhat,format_checking_clp_chat,Level_2,episode_00006,Invalid format answerer response,0
1726,guesswhat,format_checking_clp_chat,Level_2,episode_00006,Invalid content guesser response,0
1727,guesswhat,format_checking_clp_chat,Level_2,episode_00006,Invalid content answerer response,0
1728,guesswhat,format_checking_clp_chat,Level_2,episode_00007,Violated Request Count,0
1729,guesswhat,format_checking_clp_chat,Level_2,episode_00007,Parsed Request Count,8
1730,guesswhat,format_checking_clp_chat,Level_2,episode_00007,Request Count,8
1731,guesswhat,format_checking_clp_chat,Level_2,episode_00007,Request Success Ratio,1.0
1732,guesswhat,format_checking_clp_chat,Level_2,episode_00007,Aborted,0
1733,guesswhat,format_checking_clp_chat,Level_2,episode_00007,Success,0
1734,guesswhat,format_checking_clp_chat,Level_2,episode_00007,Lose,1
1735,guesswhat,format_checking_clp_chat,Level_2,episode_00007,Main Score,0
1736,guesswhat,format_checking_clp_chat,Level_2,episode_00007,Invalid format guesser response,0
1737,guesswhat,format_checking_clp_chat,Level_2,episode_00007,Invalid format answerer response,0
1738,guesswhat,format_checking_clp_chat,Level_2,episode_00007,Invalid content guesser response,0
1739,guesswhat,format_checking_clp_chat,Level_2,episode_00007,Invalid content answerer response,0
1740,guesswhat,format_checking_clp_chat,Level_2,episode_00008,Violated Request Count,1
1741,guesswhat,format_checking_clp_chat,Level_2,episode_00008,Parsed Request Count,5
1742,guesswhat,format_checking_clp_chat,Level_2,episode_00008,Request Count,6
1743,guesswhat,format_checking_clp_chat,Level_2,episode_00008,Request Success Ratio,0.8333333333333334
1744,guesswhat,format_checking_clp_chat,Level_2,episode_00008,Aborted,1
1745,guesswhat,format_checking_clp_chat,Level_2,episode_00008,Main Score,
1746,guesswhat,format_checking_clp_chat,Level_2,episode_00008,Invalid format guesser response,1
1747,guesswhat,format_checking_clp_chat,Level_2,episode_00008,Invalid format answerer response,0
1748,guesswhat,format_checking_clp_chat,Level_2,episode_00008,Invalid content guesser response,0
1749,guesswhat,format_checking_clp_chat,Level_2,episode_00008,Invalid content answerer response,0
1750,guesswhat,format_checking_clp_chat,Level_3,episode_00009,Violated Request Count,1
1751,guesswhat,format_checking_clp_chat,Level_3,episode_00009,Parsed Request Count,3
1752,guesswhat,format_checking_clp_chat,Level_3,episode_00009,Request Count,4
1753,guesswhat,format_checking_clp_chat,Level_3,episode_00009,Request Success Ratio,0.75
1754,guesswhat,format_checking_clp_chat,Level_3,episode_00009,Aborted,1
1755,guesswhat,format_checking_clp_chat,Level_3,episode_00009,Main Score,
1756,guesswhat,format_checking_clp_chat,Level_3,episode_00009,Invalid format guesser response,1
1757,guesswhat,format_checking_clp_chat,Level_3,episode_00009,Invalid format answerer response,0
1758,guesswhat,format_checking_clp_chat,Level_3,episode_00009,Invalid content guesser response,0
1759,guesswhat,format_checking_clp_chat,Level_3,episode_00009,Invalid content answerer response,0
1760,guesswhat,format_checking_clp_chat,Level_3,episode_00010,Violated Request Count,1
1761,guesswhat,format_checking_clp_chat,Level_3,episode_00010,Parsed Request Count,3
1762,guesswhat,format_checking_clp_chat,Level_3,episode_00010,Request Count,4
1763,guesswhat,format_checking_clp_chat,Level_3,episode_00010,Request Success Ratio,0.75
1764,guesswhat,format_checking_clp_chat,Level_3,episode_00010,Aborted,1
1765,guesswhat,format_checking_clp_chat,Level_3,episode_00010,Main Score,
1766,guesswhat,format_checking_clp_chat,Level_3,episode_00010,Invalid format guesser response,0
1767,guesswhat,format_checking_clp_chat,Level_3,episode_00010,Invalid format answerer response,1
1768,guesswhat,format_checking_clp_chat,Level_3,episode_00010,Invalid content guesser response,0
1769,guesswhat,format_checking_clp_chat,Level_3,episode_00010,Invalid content answerer response,0
1770,guesswhat,format_checking_clp_chat,Level_3,episode_00011,Violated Request Count,1
1771,guesswhat,format_checking_clp_chat,Level_3,episode_00011,Parsed Request Count,7
1772,guesswhat,format_checking_clp_chat,Level_3,episode_00011,Request Count,8
1773,guesswhat,format_checking_clp_chat,Level_3,episode_00011,Request Success Ratio,0.875
1774,guesswhat,format_checking_clp_chat,Level_3,episode_00011,Aborted,1
1775,guesswhat,format_checking_clp_chat,Level_3,episode_00011,Main Score,
1776,guesswhat,format_checking_clp_chat,Level_3,episode_00011,Invalid format guesser response,1
1777,guesswhat,format_checking_clp_chat,Level_3,episode_00011,Invalid format answerer response,0
1778,guesswhat,format_checking_clp_chat,Level_3,episode_00011,Invalid content guesser response,0
1779,guesswhat,format_checking_clp_chat,Level_3,episode_00011,Invalid content answerer response,0
1780,guesswhat,format_checking_clp_chat,Level_3,episode_00012,Violated Request Count,1
1781,guesswhat,format_checking_clp_chat,Level_3,episode_00012,Parsed Request Count,3
1782,guesswhat,format_checking_clp_chat,Level_3,episode_00012,Request Count,4
1783,guesswhat,format_checking_clp_chat,Level_3,episode_00012,Request Success Ratio,0.75
1784,guesswhat,format_checking_clp_chat,Level_3,episode_00012,Aborted,1
1785,guesswhat,format_checking_clp_chat,Level_3,episode_00012,Main Score,
1786,guesswhat,format_checking_clp_chat,Level_3,episode_00012,Invalid format guesser response,1
1787,guesswhat,format_checking_clp_chat,Level_3,episode_00012,Invalid format answerer response,0
1788,guesswhat,format_checking_clp_chat,Level_3,episode_00012,Invalid content guesser response,0
1789,guesswhat,format_checking_clp_chat,Level_3,episode_00012,Invalid content answerer response,0
1790,imagegame,format_checking_clp_chat,compact_grids,episode_00001,Precision,
1791,imagegame,format_checking_clp_chat,compact_grids,episode_00001,Recall,
1792,imagegame,format_checking_clp_chat,compact_grids,episode_00001,F1,
1793,imagegame,format_checking_clp_chat,compact_grids,episode_00001,Main Score,
1794,imagegame,format_checking_clp_chat,compact_grids,episode_00001,Average Changed Cell Count,
1795,imagegame,format_checking_clp_chat,compact_grids,episode_00001,Average Generated Instruction Length,
1796,imagegame,format_checking_clp_chat,compact_grids,episode_00001,Average Generated Expression Number of Tokens,
1797,imagegame,format_checking_clp_chat,compact_grids,episode_00001,Success,0
1798,imagegame,format_checking_clp_chat,compact_grids,episode_00001,Lose,0
1799,imagegame,format_checking_clp_chat,compact_grids,episode_00001,Aborted,1
1800,imagegame,format_checking_clp_chat,compact_grids,episode_00001,Request Count,3
1801,imagegame,format_checking_clp_chat,compact_grids,episode_00001,Violated Request Count,1
1802,imagegame,format_checking_clp_chat,compact_grids,episode_00001,Parsed Request Count,2
1803,imagegame,format_checking_clp_chat,compact_grids,episode_00001,Request Success Ratio,0.6667
1804,imagegame,format_checking_clp_chat,compact_grids,episode_00002,Precision,
1805,imagegame,format_checking_clp_chat,compact_grids,episode_00002,Recall,
1806,imagegame,format_checking_clp_chat,compact_grids,episode_00002,F1,
1807,imagegame,format_checking_clp_chat,compact_grids,episode_00002,Main Score,
1808,imagegame,format_checking_clp_chat,compact_grids,episode_00002,Average Changed Cell Count,
1809,imagegame,format_checking_clp_chat,compact_grids,episode_00002,Average Generated Instruction Length,
1810,imagegame,format_checking_clp_chat,compact_grids,episode_00002,Average Generated Expression Number of Tokens,
1811,imagegame,format_checking_clp_chat,compact_grids,episode_00002,Success,0
1812,imagegame,format_checking_clp_chat,compact_grids,episode_00002,Lose,0
1813,imagegame,format_checking_clp_chat,compact_grids,episode_00002,Aborted,1
1814,imagegame,format_checking_clp_chat,compact_grids,episode_00002,Request Count,3
1815,imagegame,format_checking_clp_chat,compact_grids,episode_00002,Violated Request Count,1
1816,imagegame,format_checking_clp_chat,compact_grids,episode_00002,Parsed Request Count,2
1817,imagegame,format_checking_clp_chat,compact_grids,episode_00002,Request Success Ratio,0.6667
1818,imagegame,format_checking_clp_chat,compact_grids,episode_00003,Precision,
1819,imagegame,format_checking_clp_chat,compact_grids,episode_00003,Recall,
1820,imagegame,format_checking_clp_chat,compact_grids,episode_00003,F1,
1821,imagegame,format_checking_clp_chat,compact_grids,episode_00003,Main Score,
1822,imagegame,format_checking_clp_chat,compact_grids,episode_00003,Average Changed Cell Count,
1823,imagegame,format_checking_clp_chat,compact_grids,episode_00003,Average Generated Instruction Length,
1824,imagegame,format_checking_clp_chat,compact_grids,episode_00003,Average Generated Expression Number of Tokens,
1825,imagegame,format_checking_clp_chat,compact_grids,episode_00003,Success,0
1826,imagegame,format_checking_clp_chat,compact_grids,episode_00003,Lose,0
1827,imagegame,format_checking_clp_chat,compact_grids,episode_00003,Aborted,1
1828,imagegame,format_checking_clp_chat,compact_grids,episode_00003,Request Count,3
1829,imagegame,format_checking_clp_chat,compact_grids,episode_00003,Violated Request Count,1
1830,imagegame,format_checking_clp_chat,compact_grids,episode_00003,Parsed Request Count,2
1831,imagegame,format_checking_clp_chat,compact_grids,episode_00003,Request Success Ratio,0.6667
1832,imagegame,format_checking_clp_chat,compact_grids,episode_00004,Precision,
1833,imagegame,format_checking_clp_chat,compact_grids,episode_00004,Recall,
1834,imagegame,format_checking_clp_chat,compact_grids,episode_00004,F1,
1835,imagegame,format_checking_clp_chat,compact_grids,episode_00004,Main Score,
1836,imagegame,format_checking_clp_chat,compact_grids,episode_00004,Average Changed Cell Count,
1837,imagegame,format_checking_clp_chat,compact_grids,episode_00004,Average Generated Instruction Length,
1838,imagegame,format_checking_clp_chat,compact_grids,episode_00004,Average Generated Expression Number of Tokens,
1839,imagegame,format_checking_clp_chat,compact_grids,episode_00004,Success,0
1840,imagegame,format_checking_clp_chat,compact_grids,episode_00004,Lose,0
1841,imagegame,format_checking_clp_chat,compact_grids,episode_00004,Aborted,1
1842,imagegame,format_checking_clp_chat,compact_grids,episode_00004,Request Count,6
1843,imagegame,format_checking_clp_chat,compact_grids,episode_00004,Violated Request Count,1
1844,imagegame,format_checking_clp_chat,compact_grids,episode_00004,Parsed Request Count,5
1845,imagegame,format_checking_clp_chat,compact_grids,episode_00004,Request Success Ratio,0.8333
1846,imagegame,format_checking_clp_chat,compact_grids,episode_00005,Precision,
1847,imagegame,format_checking_clp_chat,compact_grids,episode_00005,Recall,
1848,imagegame,format_checking_clp_chat,compact_grids,episode_00005,F1,
1849,imagegame,format_checking_clp_chat,compact_grids,episode_00005,Main Score,
1850,imagegame,format_checking_clp_chat,compact_grids,episode_00005,Average Changed Cell Count,
1851,imagegame,format_checking_clp_chat,compact_grids,episode_00005,Average Generated Instruction Length,
1852,imagegame,format_checking_clp_chat,compact_grids,episode_00005,Average Generated Expression Number of Tokens,
1853,imagegame,format_checking_clp_chat,compact_grids,episode_00005,Success,0
1854,imagegame,format_checking_clp_chat,compact_grids,episode_00005,Lose,0
1855,imagegame,format_checking_clp_chat,compact_grids,episode_00005,Aborted,1
1856,imagegame,format_checking_clp_chat,compact_grids,episode_00005,Request Count,3
1857,imagegame,format_checking_clp_chat,compact_grids,episode_00005,Violated Request Count,1
1858,imagegame,format_checking_clp_chat,compact_grids,episode_00005,Parsed Request Count,2
1859,imagegame,format_checking_clp_chat,compact_grids,episode_00005,Request Success Ratio,0.6667
1860,imagegame,format_checking_clp_chat,compact_grids,episode_00006,Precision,
1861,imagegame,format_checking_clp_chat,compact_grids,episode_00006,Recall,
1862,imagegame,format_checking_clp_chat,compact_grids,episode_00006,F1,
1863,imagegame,format_checking_clp_chat,compact_grids,episode_00006,Main Score,
1864,imagegame,format_checking_clp_chat,compact_grids,episode_00006,Average Changed Cell Count,
1865,imagegame,format_checking_clp_chat,compact_grids,episode_00006,Average Generated Instruction Length,
1866,imagegame,format_checking_clp_chat,compact_grids,episode_00006,Average Generated Expression Number of Tokens,
1867,imagegame,format_checking_clp_chat,compact_grids,episode_00006,Success,0
1868,imagegame,format_checking_clp_chat,compact_grids,episode_00006,Lose,0
1869,imagegame,format_checking_clp_chat,compact_grids,episode_00006,Aborted,1
1870,imagegame,format_checking_clp_chat,compact_grids,episode_00006,Request Count,6
1871,imagegame,format_checking_clp_chat,compact_grids,episode_00006,Violated Request Count,1
1872,imagegame,format_checking_clp_chat,compact_grids,episode_00006,Parsed Request Count,5
1873,imagegame,format_checking_clp_chat,compact_grids,episode_00006,Request Success Ratio,0.8333
1874,imagegame,format_checking_clp_chat,compact_grids,episode_00007,Precision,
1875,imagegame,format_checking_clp_chat,compact_grids,episode_00007,Recall,
1876,imagegame,format_checking_clp_chat,compact_grids,episode_00007,F1,
1877,imagegame,format_checking_clp_chat,compact_grids,episode_00007,Main Score,
1878,imagegame,format_checking_clp_chat,compact_grids,episode_00007,Average Changed Cell Count,
1879,imagegame,format_checking_clp_chat,compact_grids,episode_00007,Average Generated Instruction Length,
1880,imagegame,format_checking_clp_chat,compact_grids,episode_00007,Average Generated Expression Number of Tokens,
1881,imagegame,format_checking_clp_chat,compact_grids,episode_00007,Success,0
1882,imagegame,format_checking_clp_chat,compact_grids,episode_00007,Lose,0
1883,imagegame,format_checking_clp_chat,compact_grids,episode_00007,Aborted,1
1884,imagegame,format_checking_clp_chat,compact_grids,episode_00007,Request Count,3
1885,imagegame,format_checking_clp_chat,compact_grids,episode_00007,Violated Request Count,1
1886,imagegame,format_checking_clp_chat,compact_grids,episode_00007,Parsed Request Count,2
1887,imagegame,format_checking_clp_chat,compact_grids,episode_00007,Request Success Ratio,0.6667
1888,imagegame,format_checking_clp_chat,compact_grids,episode_00008,Precision,
1889,imagegame,format_checking_clp_chat,compact_grids,episode_00008,Recall,
1890,imagegame,format_checking_clp_chat,compact_grids,episode_00008,F1,
1891,imagegame,format_checking_clp_chat,compact_grids,episode_00008,Main Score,
1892,imagegame,format_checking_clp_chat,compact_grids,episode_00008,Average Changed Cell Count,
1893,imagegame,format_checking_clp_chat,compact_grids,episode_00008,Average Generated Instruction Length,
1894,imagegame,format_checking_clp_chat,compact_grids,episode_00008,Average Generated Expression Number of Tokens,
1895,imagegame,format_checking_clp_chat,compact_grids,episode_00008,Success,0
1896,imagegame,format_checking_clp_chat,compact_grids,episode_00008,Lose,0
1897,imagegame,format_checking_clp_chat,compact_grids,episode_00008,Aborted,1
1898,imagegame,format_checking_clp_chat,compact_grids,episode_00008,Request Count,3
1899,imagegame,format_checking_clp_chat,compact_grids,episode_00008,Violated Request Count,1
1900,imagegame,format_checking_clp_chat,compact_grids,episode_00008,Parsed Request Count,2
1901,imagegame,format_checking_clp_chat,compact_grids,episode_00008,Request Success Ratio,0.6667
1902,imagegame,format_checking_clp_chat,compact_grids,episode_00009,Precision,
1903,imagegame,format_checking_clp_chat,compact_grids,episode_00009,Recall,
1904,imagegame,format_checking_clp_chat,compact_grids,episode_00009,F1,
1905,imagegame,format_checking_clp_chat,compact_grids,episode_00009,Main Score,
1906,imagegame,format_checking_clp_chat,compact_grids,episode_00009,Average Changed Cell Count,
1907,imagegame,format_checking_clp_chat,compact_grids,episode_00009,Average Generated Instruction Length,
1908,imagegame,format_checking_clp_chat,compact_grids,episode_00009,Average Generated Expression Number of Tokens,
1909,imagegame,format_checking_clp_chat,compact_grids,episode_00009,Success,0
1910,imagegame,format_checking_clp_chat,compact_grids,episode_00009,Lose,0
1911,imagegame,format_checking_clp_chat,compact_grids,episode_00009,Aborted,1
1912,imagegame,format_checking_clp_chat,compact_grids,episode_00009,Request Count,3
1913,imagegame,format_checking_clp_chat,compact_grids,episode_00009,Violated Request Count,1
1914,imagegame,format_checking_clp_chat,compact_grids,episode_00009,Parsed Request Count,2
1915,imagegame,format_checking_clp_chat,compact_grids,episode_00009,Request Success Ratio,0.6667
1916,imagegame,format_checking_clp_chat,compact_grids,episode_00010,Precision,
1917,imagegame,format_checking_clp_chat,compact_grids,episode_00010,Recall,
1918,imagegame,format_checking_clp_chat,compact_grids,episode_00010,F1,
1919,imagegame,format_checking_clp_chat,compact_grids,episode_00010,Main Score,
1920,imagegame,format_checking_clp_chat,compact_grids,episode_00010,Average Changed Cell Count,
1921,imagegame,format_checking_clp_chat,compact_grids,episode_00010,Average Generated Instruction Length,
1922,imagegame,format_checking_clp_chat,compact_grids,episode_00010,Average Generated Expression Number of Tokens,
1923,imagegame,format_checking_clp_chat,compact_grids,episode_00010,Success,0
1924,imagegame,format_checking_clp_chat,compact_grids,episode_00010,Lose,0
1925,imagegame,format_checking_clp_chat,compact_grids,episode_00010,Aborted,1
1926,imagegame,format_checking_clp_chat,compact_grids,episode_00010,Request Count,3
1927,imagegame,format_checking_clp_chat,compact_grids,episode_00010,Violated Request Count,1
1928,imagegame,format_checking_clp_chat,compact_grids,episode_00010,Parsed Request Count,2
1929,imagegame,format_checking_clp_chat,compact_grids,episode_00010,Request Success Ratio,0.6667
1930,imagegame,format_checking_clp_chat,compact_grids,episode_00011,Precision,
1931,imagegame,format_checking_clp_chat,compact_grids,episode_00011,Recall,
1932,imagegame,format_checking_clp_chat,compact_grids,episode_00011,F1,
1933,imagegame,format_checking_clp_chat,compact_grids,episode_00011,Main Score,
1934,imagegame,format_checking_clp_chat,compact_grids,episode_00011,Average Changed Cell Count,
1935,imagegame,format_checking_clp_chat,compact_grids,episode_00011,Average Generated Instruction Length,
1936,imagegame,format_checking_clp_chat,compact_grids,episode_00011,Average Generated Expression Number of Tokens,
1937,imagegame,format_checking_clp_chat,compact_grids,episode_00011,Success,0
1938,imagegame,format_checking_clp_chat,compact_grids,episode_00011,Lose,0
1939,imagegame,format_checking_clp_chat,compact_grids,episode_00011,Aborted,1
1940,imagegame,format_checking_clp_chat,compact_grids,episode_00011,Request Count,3
1941,imagegame,format_checking_clp_chat,compact_grids,episode_00011,Violated Request Count,1
1942,imagegame,format_checking_clp_chat,compact_grids,episode_00011,Parsed Request Count,2
1943,imagegame,format_checking_clp_chat,compact_grids,episode_00011,Request Success Ratio,0.6667
1944,imagegame,format_checking_clp_chat,compact_grids,episode_00012,Precision,
1945,imagegame,format_checking_clp_chat,compact_grids,episode_00012,Recall,
1946,imagegame,format_checking_clp_chat,compact_grids,episode_00012,F1,
1947,imagegame,format_checking_clp_chat,compact_grids,episode_00012,Main Score,
1948,imagegame,format_checking_clp_chat,compact_grids,episode_00012,Average Changed Cell Count,
1949,imagegame,format_checking_clp_chat,compact_grids,episode_00012,Average Generated Instruction Length,
1950,imagegame,format_checking_clp_chat,compact_grids,episode_00012,Average Generated Expression Number of Tokens,
1951,imagegame,format_checking_clp_chat,compact_grids,episode_00012,Success,0
1952,imagegame,format_checking_clp_chat,compact_grids,episode_00012,Lose,0
1953,imagegame,format_checking_clp_chat,compact_grids,episode_00012,Aborted,1
1954,imagegame,format_checking_clp_chat,compact_grids,episode_00012,Request Count,3
1955,imagegame,format_checking_clp_chat,compact_grids,episode_00012,Violated Request Count,1
1956,imagegame,format_checking_clp_chat,compact_grids,episode_00012,Parsed Request Count,2
1957,imagegame,format_checking_clp_chat,compact_grids,episode_00012,Request Success Ratio,0.6667
1958,imagegame,format_checking_clp_chat,random_grids,episode_00013,Precision,
1959,imagegame,format_checking_clp_chat,random_grids,episode_00013,Recall,
1960,imagegame,format_checking_clp_chat,random_grids,episode_00013,F1,
1961,imagegame,format_checking_clp_chat,random_grids,episode_00013,Main Score,
1962,imagegame,format_checking_clp_chat,random_grids,episode_00013,Average Changed Cell Count,
1963,imagegame,format_checking_clp_chat,random_grids,episode_00013,Average Generated Instruction Length,
1964,imagegame,format_checking_clp_chat,random_grids,episode_00013,Average Generated Expression Number of Tokens,
1965,imagegame,format_checking_clp_chat,random_grids,episode_00013,Success,0
1966,imagegame,format_checking_clp_chat,random_grids,episode_00013,Lose,0
1967,imagegame,format_checking_clp_chat,random_grids,episode_00013,Aborted,1
1968,imagegame,format_checking_clp_chat,random_grids,episode_00013,Request Count,3
1969,imagegame,format_checking_clp_chat,random_grids,episode_00013,Violated Request Count,1
1970,imagegame,format_checking_clp_chat,random_grids,episode_00013,Parsed Request Count,2
1971,imagegame,format_checking_clp_chat,random_grids,episode_00013,Request Success Ratio,0.6667
1972,imagegame,format_checking_clp_chat,random_grids,episode_00014,Precision,
1973,imagegame,format_checking_clp_chat,random_grids,episode_00014,Recall,
1974,imagegame,format_checking_clp_chat,random_grids,episode_00014,F1,
1975,imagegame,format_checking_clp_chat,random_grids,episode_00014,Main Score,
1976,imagegame,format_checking_clp_chat,random_grids,episode_00014,Average Changed Cell Count,
1977,imagegame,format_checking_clp_chat,random_grids,episode_00014,Average Generated Instruction Length,
1978,imagegame,format_checking_clp_chat,random_grids,episode_00014,Average Generated Expression Number of Tokens,
1979,imagegame,format_checking_clp_chat,random_grids,episode_00014,Success,0
1980,imagegame,format_checking_clp_chat,random_grids,episode_00014,Lose,0
1981,imagegame,format_checking_clp_chat,random_grids,episode_00014,Aborted,1
1982,imagegame,format_checking_clp_chat,random_grids,episode_00014,Request Count,3
1983,imagegame,format_checking_clp_chat,random_grids,episode_00014,Violated Request Count,1
1984,imagegame,format_checking_clp_chat,random_grids,episode_00014,Parsed Request Count,2
1985,imagegame,format_checking_clp_chat,random_grids,episode_00014,Request Success Ratio,0.6667
1986,imagegame,format_checking_clp_chat,random_grids,episode_00015,Precision,
1987,imagegame,format_checking_clp_chat,random_grids,episode_00015,Recall,
1988,imagegame,format_checking_clp_chat,random_grids,episode_00015,F1,
1989,imagegame,format_checking_clp_chat,random_grids,episode_00015,Main Score,
1990,imagegame,format_checking_clp_chat,random_grids,episode_00015,Average Changed Cell Count,
1991,imagegame,format_checking_clp_chat,random_grids,episode_00015,Average Generated Instruction Length,
1992,imagegame,format_checking_clp_chat,random_grids,episode_00015,Average Generated Expression Number of Tokens,
1993,imagegame,format_checking_clp_chat,random_grids,episode_00015,Success,0
1994,imagegame,format_checking_clp_chat,random_grids,episode_00015,Lose,0
1995,imagegame,format_checking_clp_chat,random_grids,episode_00015,Aborted,1
1996,imagegame,format_checking_clp_chat,random_grids,episode_00015,Request Count,3
1997,imagegame,format_checking_clp_chat,random_grids,episode_00015,Violated Request Count,1
1998,imagegame,format_checking_clp_chat,random_grids,episode_00015,Parsed Request Count,2
1999,imagegame,format_checking_clp_chat,random_grids,episode_00015,Request Success Ratio,0.6667
2000,imagegame,format_checking_clp_chat,random_grids,episode_00016,Precision,
2001,imagegame,format_checking_clp_chat,random_grids,episode_00016,Recall,
2002,imagegame,format_checking_clp_chat,random_grids,episode_00016,F1,
2003,imagegame,format_checking_clp_chat,random_grids,episode_00016,Main Score,
2004,imagegame,format_checking_clp_chat,random_grids,episode_00016,Average Changed Cell Count,
2005,imagegame,format_checking_clp_chat,random_grids,episode_00016,Average Generated Instruction Length,
2006,imagegame,format_checking_clp_chat,random_grids,episode_00016,Average Generated Expression Number of Tokens,
2007,imagegame,format_checking_clp_chat,random_grids,episode_00016,Success,0
2008,imagegame,format_checking_clp_chat,random_grids,episode_00016,Lose,0
2009,imagegame,format_checking_clp_chat,random_grids,episode_00016,Aborted,1
2010,imagegame,format_checking_clp_chat,random_grids,episode_00016,Request Count,3
2011,imagegame,format_checking_clp_chat,random_grids,episode_00016,Violated Request Count,1
2012,imagegame,format_checking_clp_chat,random_grids,episode_00016,Parsed Request Count,2
2013,imagegame,format_checking_clp_chat,random_grids,episode_00016,Request Success Ratio,0.6667
2014,imagegame,format_checking_clp_chat,random_grids,episode_00017,Precision,
2015,imagegame,format_checking_clp_chat,random_grids,episode_00017,Recall,
2016,imagegame,format_checking_clp_chat,random_grids,episode_00017,F1,
2017,imagegame,format_checking_clp_chat,random_grids,episode_00017,Main Score,
2018,imagegame,format_checking_clp_chat,random_grids,episode_00017,Average Changed Cell Count,
2019,imagegame,format_checking_clp_chat,random_grids,episode_00017,Average Generated Instruction Length,
2020,imagegame,format_checking_clp_chat,random_grids,episode_00017,Average Generated Expression Number of Tokens,
2021,imagegame,format_checking_clp_chat,random_grids,episode_00017,Success,0
2022,imagegame,format_checking_clp_chat,random_grids,episode_00017,Lose,0
2023,imagegame,format_checking_clp_chat,random_grids,episode_00017,Aborted,1
2024,imagegame,format_checking_clp_chat,random_grids,episode_00017,Request Count,3
2025,imagegame,format_checking_clp_chat,random_grids,episode_00017,Violated Request Count,1
2026,imagegame,format_checking_clp_chat,random_grids,episode_00017,Parsed Request Count,2
2027,imagegame,format_checking_clp_chat,random_grids,episode_00017,Request Success Ratio,0.6667
2028,imagegame,format_checking_clp_chat,random_grids,episode_00018,Precision,
2029,imagegame,format_checking_clp_chat,random_grids,episode_00018,Recall,
2030,imagegame,format_checking_clp_chat,random_grids,episode_00018,F1,
2031,imagegame,format_checking_clp_chat,random_grids,episode_00018,Main Score,
2032,imagegame,format_checking_clp_chat,random_grids,episode_00018,Average Changed Cell Count,
2033,imagegame,format_checking_clp_chat,random_grids,episode_00018,Average Generated Instruction Length,
2034,imagegame,format_checking_clp_chat,random_grids,episode_00018,Average Generated Expression Number of Tokens,
2035,imagegame,format_checking_clp_chat,random_grids,episode_00018,Success,0
2036,imagegame,format_checking_clp_chat,random_grids,episode_00018,Lose,0
2037,imagegame,format_checking_clp_chat,random_grids,episode_00018,Aborted,1
2038,imagegame,format_checking_clp_chat,random_grids,episode_00018,Request Count,3
2039,imagegame,format_checking_clp_chat,random_grids,episode_00018,Violated Request Count,1
2040,imagegame,format_checking_clp_chat,random_grids,episode_00018,Parsed Request Count,2
2041,imagegame,format_checking_clp_chat,random_grids,episode_00018,Request Success Ratio,0.6667
2042,imagegame,format_checking_clp_chat,random_grids,episode_00019,Precision,
2043,imagegame,format_checking_clp_chat,random_grids,episode_00019,Recall,
2044,imagegame,format_checking_clp_chat,random_grids,episode_00019,F1,
2045,imagegame,format_checking_clp_chat,random_grids,episode_00019,Main Score,
2046,imagegame,format_checking_clp_chat,random_grids,episode_00019,Average Changed Cell Count,
2047,imagegame,format_checking_clp_chat,random_grids,episode_00019,Average Generated Instruction Length,
2048,imagegame,format_checking_clp_chat,random_grids,episode_00019,Average Generated Expression Number of Tokens,
2049,imagegame,format_checking_clp_chat,random_grids,episode_00019,Success,0
2050,imagegame,format_checking_clp_chat,random_grids,episode_00019,Lose,0
2051,imagegame,format_checking_clp_chat,random_grids,episode_00019,Aborted,1
2052,imagegame,format_checking_clp_chat,random_grids,episode_00019,Request Count,3
2053,imagegame,format_checking_clp_chat,random_grids,episode_00019,Violated Request Count,1
2054,imagegame,format_checking_clp_chat,random_grids,episode_00019,Parsed Request Count,2
2055,imagegame,format_checking_clp_chat,random_grids,episode_00019,Request Success Ratio,0.6667
2056,imagegame,format_checking_clp_chat,random_grids,episode_00020,Precision,
2057,imagegame,format_checking_clp_chat,random_grids,episode_00020,Recall,
2058,imagegame,format_checking_clp_chat,random_grids,episode_00020,F1,
2059,imagegame,format_checking_clp_chat,random_grids,episode_00020,Main Score,
2060,imagegame,format_checking_clp_chat,random_grids,episode_00020,Average Changed Cell Count,
2061,imagegame,format_checking_clp_chat,random_grids,episode_00020,Average Generated Instruction Length,
2062,imagegame,format_checking_clp_chat,random_grids,episode_00020,Average Generated Expression Number of Tokens,
2063,imagegame,format_checking_clp_chat,random_grids,episode_00020,Success,0
2064,imagegame,format_checking_clp_chat,random_grids,episode_00020,Lose,0
2065,imagegame,format_checking_clp_chat,random_grids,episode_00020,Aborted,1
2066,imagegame,format_checking_clp_chat,random_grids,episode_00020,Request Count,3
2067,imagegame,format_checking_clp_chat,random_grids,episode_00020,Violated Request Count,1
2068,imagegame,format_checking_clp_chat,random_grids,episode_00020,Parsed Request Count,2
2069,imagegame,format_checking_clp_chat,random_grids,episode_00020,Request Success Ratio,0.6667
2070,imagegame,format_checking_clp_chat,random_grids,episode_00021,Precision,
2071,imagegame,format_checking_clp_chat,random_grids,episode_00021,Recall,
2072,imagegame,format_checking_clp_chat,random_grids,episode_00021,F1,
2073,imagegame,format_checking_clp_chat,random_grids,episode_00021,Main Score,
2074,imagegame,format_checking_clp_chat,random_grids,episode_00021,Average Changed Cell Count,
2075,imagegame,format_checking_clp_chat,random_grids,episode_00021,Average Generated Instruction Length,
2076,imagegame,format_checking_clp_chat,random_grids,episode_00021,Average Generated Expression Number of Tokens,
2077,imagegame,format_checking_clp_chat,random_grids,episode_00021,Success,0
2078,imagegame,format_checking_clp_chat,random_grids,episode_00021,Lose,0
2079,imagegame,format_checking_clp_chat,random_grids,episode_00021,Aborted,1
2080,imagegame,format_checking_clp_chat,random_grids,episode_00021,Request Count,3
2081,imagegame,format_checking_clp_chat,random_grids,episode_00021,Violated Request Count,1
2082,imagegame,format_checking_clp_chat,random_grids,episode_00021,Parsed Request Count,2
2083,imagegame,format_checking_clp_chat,random_grids,episode_00021,Request Success Ratio,0.6667
2084,imagegame,format_checking_clp_chat,random_grids,episode_00022,Precision,
2085,imagegame,format_checking_clp_chat,random_grids,episode_00022,Recall,
2086,imagegame,format_checking_clp_chat,random_grids,episode_00022,F1,
2087,imagegame,format_checking_clp_chat,random_grids,episode_00022,Main Score,
2088,imagegame,format_checking_clp_chat,random_grids,episode_00022,Average Changed Cell Count,
2089,imagegame,format_checking_clp_chat,random_grids,episode_00022,Average Generated Instruction Length,
2090,imagegame,format_checking_clp_chat,random_grids,episode_00022,Average Generated Expression Number of Tokens,
2091,imagegame,format_checking_clp_chat,random_grids,episode_00022,Success,0
2092,imagegame,format_checking_clp_chat,random_grids,episode_00022,Lose,0
2093,imagegame,format_checking_clp_chat,random_grids,episode_00022,Aborted,1
2094,imagegame,format_checking_clp_chat,random_grids,episode_00022,Request Count,3
2095,imagegame,format_checking_clp_chat,random_grids,episode_00022,Violated Request Count,1
2096,imagegame,format_checking_clp_chat,random_grids,episode_00022,Parsed Request Count,2
2097,imagegame,format_checking_clp_chat,random_grids,episode_00022,Request Success Ratio,0.6667
2098,imagegame,format_checking_clp_chat,random_grids,episode_00023,Precision,
2099,imagegame,format_checking_clp_chat,random_grids,episode_00023,Recall,
2100,imagegame,format_checking_clp_chat,random_grids,episode_00023,F1,
2101,imagegame,format_checking_clp_chat,random_grids,episode_00023,Main Score,
2102,imagegame,format_checking_clp_chat,random_grids,episode_00023,Average Changed Cell Count,
2103,imagegame,format_checking_clp_chat,random_grids,episode_00023,Average Generated Instruction Length,
2104,imagegame,format_checking_clp_chat,random_grids,episode_00023,Average Generated Expression Number of Tokens,
2105,imagegame,format_checking_clp_chat,random_grids,episode_00023,Success,0
2106,imagegame,format_checking_clp_chat,random_grids,episode_00023,Lose,0
2107,imagegame,format_checking_clp_chat,random_grids,episode_00023,Aborted,1
2108,imagegame,format_checking_clp_chat,random_grids,episode_00023,Request Count,3
2109,imagegame,format_checking_clp_chat,random_grids,episode_00023,Violated Request Count,1
2110,imagegame,format_checking_clp_chat,random_grids,episode_00023,Parsed Request Count,2
2111,imagegame,format_checking_clp_chat,random_grids,episode_00023,Request Success Ratio,0.6667
2112,imagegame,format_checking_clp_chat,random_grids,episode_00024,Precision,
2113,imagegame,format_checking_clp_chat,random_grids,episode_00024,Recall,
2114,imagegame,format_checking_clp_chat,random_grids,episode_00024,F1,
2115,imagegame,format_checking_clp_chat,random_grids,episode_00024,Main Score,
2116,imagegame,format_checking_clp_chat,random_grids,episode_00024,Average Changed Cell Count,
2117,imagegame,format_checking_clp_chat,random_grids,episode_00024,Average Generated Instruction Length,
2118,imagegame,format_checking_clp_chat,random_grids,episode_00024,Average Generated Expression Number of Tokens,
2119,imagegame,format_checking_clp_chat,random_grids,episode_00024,Success,0
2120,imagegame,format_checking_clp_chat,random_grids,episode_00024,Lose,0
2121,imagegame,format_checking_clp_chat,random_grids,episode_00024,Aborted,1
2122,imagegame,format_checking_clp_chat,random_grids,episode_00024,Request Count,3
2123,imagegame,format_checking_clp_chat,random_grids,episode_00024,Violated Request Count,1
2124,imagegame,format_checking_clp_chat,random_grids,episode_00024,Parsed Request Count,2
2125,imagegame,format_checking_clp_chat,random_grids,episode_00024,Request Success Ratio,0.6667
2126,matchit,format_checking_clp_chat,different_image,episode_00017,Violated Request Count,1
2127,matchit,format_checking_clp_chat,different_image,episode_00017,Parsed Request Count,2
2128,matchit,format_checking_clp_chat,different_image,episode_00017,Request Count,3
2129,matchit,format_checking_clp_chat,different_image,episode_00017,Aborted,1
2130,matchit,format_checking_clp_chat,different_image,episode_00017,Success,0
2131,matchit,format_checking_clp_chat,different_image,episode_00017,Lose,0
2132,matchit,format_checking_clp_chat,different_image,episode_00017,Main Score,
2133,matchit,format_checking_clp_chat,different_image,episode_00017,Player Score,
2134,matchit,format_checking_clp_chat,different_image,episode_00018,Violated Request Count,1
2135,matchit,format_checking_clp_chat,different_image,episode_00018,Parsed Request Count,2
2136,matchit,format_checking_clp_chat,different_image,episode_00018,Request Count,3
2137,matchit,format_checking_clp_chat,different_image,episode_00018,Aborted,1
2138,matchit,format_checking_clp_chat,different_image,episode_00018,Success,0
2139,matchit,format_checking_clp_chat,different_image,episode_00018,Lose,0
2140,matchit,format_checking_clp_chat,different_image,episode_00018,Main Score,
2141,matchit,format_checking_clp_chat,different_image,episode_00018,Player Score,
2142,matchit,format_checking_clp_chat,different_image,episode_00019,Violated Request Count,1
2143,matchit,format_checking_clp_chat,different_image,episode_00019,Parsed Request Count,2
2144,matchit,format_checking_clp_chat,different_image,episode_00019,Request Count,3
2145,matchit,format_checking_clp_chat,different_image,episode_00019,Aborted,1
2146,matchit,format_checking_clp_chat,different_image,episode_00019,Success,0
2147,matchit,format_checking_clp_chat,different_image,episode_00019,Lose,0
2148,matchit,format_checking_clp_chat,different_image,episode_00019,Main Score,
2149,matchit,format_checking_clp_chat,different_image,episode_00019,Player Score,
2150,matchit,format_checking_clp_chat,different_image,episode_00020,Violated Request Count,1
2151,matchit,format_checking_clp_chat,different_image,episode_00020,Parsed Request Count,2
2152,matchit,format_checking_clp_chat,different_image,episode_00020,Request Count,3
2153,matchit,format_checking_clp_chat,different_image,episode_00020,Aborted,1
2154,matchit,format_checking_clp_chat,different_image,episode_00020,Success,0
2155,matchit,format_checking_clp_chat,different_image,episode_00020,Lose,0
2156,matchit,format_checking_clp_chat,different_image,episode_00020,Main Score,
2157,matchit,format_checking_clp_chat,different_image,episode_00020,Player Score,
2158,matchit,format_checking_clp_chat,different_image,episode_00021,Violated Request Count,1
2159,matchit,format_checking_clp_chat,different_image,episode_00021,Parsed Request Count,2
2160,matchit,format_checking_clp_chat,different_image,episode_00021,Request Count,3
2161,matchit,format_checking_clp_chat,different_image,episode_00021,Aborted,1
2162,matchit,format_checking_clp_chat,different_image,episode_00021,Success,0
2163,matchit,format_checking_clp_chat,different_image,episode_00021,Lose,0
2164,matchit,format_checking_clp_chat,different_image,episode_00021,Main Score,
2165,matchit,format_checking_clp_chat,different_image,episode_00021,Player Score,
2166,matchit,format_checking_clp_chat,different_image,episode_00022,Violated Request Count,1
2167,matchit,format_checking_clp_chat,different_image,episode_00022,Parsed Request Count,2
2168,matchit,format_checking_clp_chat,different_image,episode_00022,Request Count,3
2169,matchit,format_checking_clp_chat,different_image,episode_00022,Aborted,1
2170,matchit,format_checking_clp_chat,different_image,episode_00022,Success,0
2171,matchit,format_checking_clp_chat,different_image,episode_00022,Lose,0
2172,matchit,format_checking_clp_chat,different_image,episode_00022,Main Score,
2173,matchit,format_checking_clp_chat,different_image,episode_00022,Player Score,
2174,matchit,format_checking_clp_chat,different_image,episode_00023,Violated Request Count,1
2175,matchit,format_checking_clp_chat,different_image,episode_00023,Parsed Request Count,2
2176,matchit,format_checking_clp_chat,different_image,episode_00023,Request Count,3
2177,matchit,format_checking_clp_chat,different_image,episode_00023,Aborted,1
2178,matchit,format_checking_clp_chat,different_image,episode_00023,Success,0
2179,matchit,format_checking_clp_chat,different_image,episode_00023,Lose,0
2180,matchit,format_checking_clp_chat,different_image,episode_00023,Main Score,
2181,matchit,format_checking_clp_chat,different_image,episode_00023,Player Score,
2182,matchit,format_checking_clp_chat,different_image,episode_00024,Violated Request Count,1
2183,matchit,format_checking_clp_chat,different_image,episode_00024,Parsed Request Count,2
2184,matchit,format_checking_clp_chat,different_image,episode_00024,Request Count,3
2185,matchit,format_checking_clp_chat,different_image,episode_00024,Aborted,1
2186,matchit,format_checking_clp_chat,different_image,episode_00024,Success,0
2187,matchit,format_checking_clp_chat,different_image,episode_00024,Lose,0
2188,matchit,format_checking_clp_chat,different_image,episode_00024,Main Score,
2189,matchit,format_checking_clp_chat,different_image,episode_00024,Player Score,
2190,matchit,format_checking_clp_chat,same_image,episode_00001,Violated Request Count,1
2191,matchit,format_checking_clp_chat,same_image,episode_00001,Parsed Request Count,2
2192,matchit,format_checking_clp_chat,same_image,episode_00001,Request Count,3
2193,matchit,format_checking_clp_chat,same_image,episode_00001,Aborted,1
2194,matchit,format_checking_clp_chat,same_image,episode_00001,Success,0
2195,matchit,format_checking_clp_chat,same_image,episode_00001,Lose,0
2196,matchit,format_checking_clp_chat,same_image,episode_00001,Main Score,
2197,matchit,format_checking_clp_chat,same_image,episode_00001,Player Score,
2198,matchit,format_checking_clp_chat,same_image,episode_00002,Violated Request Count,1
2199,matchit,format_checking_clp_chat,same_image,episode_00002,Parsed Request Count,2
2200,matchit,format_checking_clp_chat,same_image,episode_00002,Request Count,3
2201,matchit,format_checking_clp_chat,same_image,episode_00002,Aborted,1
2202,matchit,format_checking_clp_chat,same_image,episode_00002,Success,0
2203,matchit,format_checking_clp_chat,same_image,episode_00002,Lose,0
2204,matchit,format_checking_clp_chat,same_image,episode_00002,Main Score,
2205,matchit,format_checking_clp_chat,same_image,episode_00002,Player Score,
2206,matchit,format_checking_clp_chat,same_image,episode_00003,Violated Request Count,1
2207,matchit,format_checking_clp_chat,same_image,episode_00003,Parsed Request Count,2
2208,matchit,format_checking_clp_chat,same_image,episode_00003,Request Count,3
2209,matchit,format_checking_clp_chat,same_image,episode_00003,Aborted,1
2210,matchit,format_checking_clp_chat,same_image,episode_00003,Success,0
2211,matchit,format_checking_clp_chat,same_image,episode_00003,Lose,0
2212,matchit,format_checking_clp_chat,same_image,episode_00003,Main Score,
2213,matchit,format_checking_clp_chat,same_image,episode_00003,Player Score,
2214,matchit,format_checking_clp_chat,same_image,episode_00004,Violated Request Count,1
2215,matchit,format_checking_clp_chat,same_image,episode_00004,Parsed Request Count,2
2216,matchit,format_checking_clp_chat,same_image,episode_00004,Request Count,3
2217,matchit,format_checking_clp_chat,same_image,episode_00004,Aborted,1
2218,matchit,format_checking_clp_chat,same_image,episode_00004,Success,0
2219,matchit,format_checking_clp_chat,same_image,episode_00004,Lose,0
2220,matchit,format_checking_clp_chat,same_image,episode_00004,Main Score,
2221,matchit,format_checking_clp_chat,same_image,episode_00004,Player Score,
2222,matchit,format_checking_clp_chat,same_image,episode_00005,Violated Request Count,1
2223,matchit,format_checking_clp_chat,same_image,episode_00005,Parsed Request Count,2
2224,matchit,format_checking_clp_chat,same_image,episode_00005,Request Count,3
2225,matchit,format_checking_clp_chat,same_image,episode_00005,Aborted,1
2226,matchit,format_checking_clp_chat,same_image,episode_00005,Success,0
2227,matchit,format_checking_clp_chat,same_image,episode_00005,Lose,0
2228,matchit,format_checking_clp_chat,same_image,episode_00005,Main Score,
2229,matchit,format_checking_clp_chat,same_image,episode_00005,Player Score,
2230,matchit,format_checking_clp_chat,same_image,episode_00006,Violated Request Count,1
2231,matchit,format_checking_clp_chat,same_image,episode_00006,Parsed Request Count,2
2232,matchit,format_checking_clp_chat,same_image,episode_00006,Request Count,3
2233,matchit,format_checking_clp_chat,same_image,episode_00006,Aborted,1
2234,matchit,format_checking_clp_chat,same_image,episode_00006,Success,0
2235,matchit,format_checking_clp_chat,same_image,episode_00006,Lose,0
2236,matchit,format_checking_clp_chat,same_image,episode_00006,Main Score,
2237,matchit,format_checking_clp_chat,same_image,episode_00006,Player Score,
2238,matchit,format_checking_clp_chat,same_image,episode_00007,Violated Request Count,1
2239,matchit,format_checking_clp_chat,same_image,episode_00007,Parsed Request Count,2
2240,matchit,format_checking_clp_chat,same_image,episode_00007,Request Count,3
2241,matchit,format_checking_clp_chat,same_image,episode_00007,Aborted,1
2242,matchit,format_checking_clp_chat,same_image,episode_00007,Success,0
2243,matchit,format_checking_clp_chat,same_image,episode_00007,Lose,0
2244,matchit,format_checking_clp_chat,same_image,episode_00007,Main Score,
2245,matchit,format_checking_clp_chat,same_image,episode_00007,Player Score,
2246,matchit,format_checking_clp_chat,same_image,episode_00008,Violated Request Count,1
2247,matchit,format_checking_clp_chat,same_image,episode_00008,Parsed Request Count,2
2248,matchit,format_checking_clp_chat,same_image,episode_00008,Request Count,3
2249,matchit,format_checking_clp_chat,same_image,episode_00008,Aborted,1
2250,matchit,format_checking_clp_chat,same_image,episode_00008,Success,0
2251,matchit,format_checking_clp_chat,same_image,episode_00008,Lose,0
2252,matchit,format_checking_clp_chat,same_image,episode_00008,Main Score,
2253,matchit,format_checking_clp_chat,same_image,episode_00008,Player Score,
2254,matchit,format_checking_clp_chat,similar_image,episode_00009,Violated Request Count,1
2255,matchit,format_checking_clp_chat,similar_image,episode_00009,Parsed Request Count,2
2256,matchit,format_checking_clp_chat,similar_image,episode_00009,Request Count,3
2257,matchit,format_checking_clp_chat,similar_image,episode_00009,Aborted,1
2258,matchit,format_checking_clp_chat,similar_image,episode_00009,Success,0
2259,matchit,format_checking_clp_chat,similar_image,episode_00009,Lose,0
2260,matchit,format_checking_clp_chat,similar_image,episode_00009,Main Score,
2261,matchit,format_checking_clp_chat,similar_image,episode_00009,Player Score,
2262,matchit,format_checking_clp_chat,similar_image,episode_00010,Violated Request Count,1
2263,matchit,format_checking_clp_chat,similar_image,episode_00010,Parsed Request Count,2
2264,matchit,format_checking_clp_chat,similar_image,episode_00010,Request Count,3
2265,matchit,format_checking_clp_chat,similar_image,episode_00010,Aborted,1
2266,matchit,format_checking_clp_chat,similar_image,episode_00010,Success,0
2267,matchit,format_checking_clp_chat,similar_image,episode_00010,Lose,0
2268,matchit,format_checking_clp_chat,similar_image,episode_00010,Main Score,
2269,matchit,format_checking_clp_chat,similar_image,episode_00010,Player Score,
2270,matchit,format_checking_clp_chat,similar_image,episode_00011,Violated Request Count,1
2271,matchit,format_checking_clp_chat,similar_image,episode_00011,Parsed Request Count,2
2272,matchit,format_checking_clp_chat,similar_image,episode_00011,Request Count,3
2273,matchit,format_checking_clp_chat,similar_image,episode_00011,Aborted,1
2274,matchit,format_checking_clp_chat,similar_image,episode_00011,Success,0
2275,matchit,format_checking_clp_chat,similar_image,episode_00011,Lose,0
2276,matchit,format_checking_clp_chat,similar_image,episode_00011,Main Score,
2277,matchit,format_checking_clp_chat,similar_image,episode_00011,Player Score,
2278,matchit,format_checking_clp_chat,similar_image,episode_00012,Violated Request Count,1
2279,matchit,format_checking_clp_chat,similar_image,episode_00012,Parsed Request Count,2
2280,matchit,format_checking_clp_chat,similar_image,episode_00012,Request Count,3
2281,matchit,format_checking_clp_chat,similar_image,episode_00012,Aborted,1
2282,matchit,format_checking_clp_chat,similar_image,episode_00012,Success,0
2283,matchit,format_checking_clp_chat,similar_image,episode_00012,Lose,0
2284,matchit,format_checking_clp_chat,similar_image,episode_00012,Main Score,
2285,matchit,format_checking_clp_chat,similar_image,episode_00012,Player Score,
2286,matchit,format_checking_clp_chat,similar_image,episode_00013,Violated Request Count,1
2287,matchit,format_checking_clp_chat,similar_image,episode_00013,Parsed Request Count,2
2288,matchit,format_checking_clp_chat,similar_image,episode_00013,Request Count,3
2289,matchit,format_checking_clp_chat,similar_image,episode_00013,Aborted,1
2290,matchit,format_checking_clp_chat,similar_image,episode_00013,Success,0
2291,matchit,format_checking_clp_chat,similar_image,episode_00013,Lose,0
2292,matchit,format_checking_clp_chat,similar_image,episode_00013,Main Score,
2293,matchit,format_checking_clp_chat,similar_image,episode_00013,Player Score,
2294,matchit,format_checking_clp_chat,similar_image,episode_00014,Violated Request Count,1
2295,matchit,format_checking_clp_chat,similar_image,episode_00014,Parsed Request Count,2
2296,matchit,format_checking_clp_chat,similar_image,episode_00014,Request Count,3
2297,matchit,format_checking_clp_chat,similar_image,episode_00014,Aborted,1
2298,matchit,format_checking_clp_chat,similar_image,episode_00014,Success,0
2299,matchit,format_checking_clp_chat,similar_image,episode_00014,Lose,0
2300,matchit,format_checking_clp_chat,similar_image,episode_00014,Main Score,
2301,matchit,format_checking_clp_chat,similar_image,episode_00014,Player Score,
2302,matchit,format_checking_clp_chat,similar_image,episode_00015,Violated Request Count,1
2303,matchit,format_checking_clp_chat,similar_image,episode_00015,Parsed Request Count,2
2304,matchit,format_checking_clp_chat,similar_image,episode_00015,Request Count,3
2305,matchit,format_checking_clp_chat,similar_image,episode_00015,Aborted,1
2306,matchit,format_checking_clp_chat,similar_image,episode_00015,Success,0
2307,matchit,format_checking_clp_chat,similar_image,episode_00015,Lose,0
2308,matchit,format_checking_clp_chat,similar_image,episode_00015,Main Score,
2309,matchit,format_checking_clp_chat,similar_image,episode_00015,Player Score,
2310,matchit,format_checking_clp_chat,similar_image,episode_00016,Violated Request Count,1
2311,matchit,format_checking_clp_chat,similar_image,episode_00016,Parsed Request Count,2
2312,matchit,format_checking_clp_chat,similar_image,episode_00016,Request Count,3
2313,matchit,format_checking_clp_chat,similar_image,episode_00016,Aborted,1
2314,matchit,format_checking_clp_chat,similar_image,episode_00016,Success,0
2315,matchit,format_checking_clp_chat,similar_image,episode_00016,Lose,0
2316,matchit,format_checking_clp_chat,similar_image,episode_00016,Main Score,
2317,matchit,format_checking_clp_chat,similar_image,episode_00016,Player Score,
2318,matchit_ascii,format_checking_clp_chat,different_grid,episode_00019,Violated Request Count,1
2319,matchit_ascii,format_checking_clp_chat,different_grid,episode_00019,Parsed Request Count,2
2320,matchit_ascii,format_checking_clp_chat,different_grid,episode_00019,Request Count,3
2321,matchit_ascii,format_checking_clp_chat,different_grid,episode_00019,Aborted,0
2322,matchit_ascii,format_checking_clp_chat,different_grid,episode_00019,Success,0
2323,matchit_ascii,format_checking_clp_chat,different_grid,episode_00019,Lose,1
2324,matchit_ascii,format_checking_clp_chat,different_grid,episode_00019,Main Score,0
2325,matchit_ascii,format_checking_clp_chat,different_grid,episode_00019,Player Score,0
2326,matchit_ascii,format_checking_clp_chat,different_grid,episode_00020,Violated Request Count,1
2327,matchit_ascii,format_checking_clp_chat,different_grid,episode_00020,Parsed Request Count,2
2328,matchit_ascii,format_checking_clp_chat,different_grid,episode_00020,Request Count,3
2329,matchit_ascii,format_checking_clp_chat,different_grid,episode_00020,Aborted,0
2330,matchit_ascii,format_checking_clp_chat,different_grid,episode_00020,Success,0
2331,matchit_ascii,format_checking_clp_chat,different_grid,episode_00020,Lose,1
2332,matchit_ascii,format_checking_clp_chat,different_grid,episode_00020,Main Score,0
2333,matchit_ascii,format_checking_clp_chat,different_grid,episode_00020,Player Score,0
2334,matchit_ascii,format_checking_clp_chat,different_grid,episode_00021,Violated Request Count,1
2335,matchit_ascii,format_checking_clp_chat,different_grid,episode_00021,Parsed Request Count,2
2336,matchit_ascii,format_checking_clp_chat,different_grid,episode_00021,Request Count,3
2337,matchit_ascii,format_checking_clp_chat,different_grid,episode_00021,Aborted,0
2338,matchit_ascii,format_checking_clp_chat,different_grid,episode_00021,Success,0
2339,matchit_ascii,format_checking_clp_chat,different_grid,episode_00021,Lose,1
2340,matchit_ascii,format_checking_clp_chat,different_grid,episode_00021,Main Score,0
2341,matchit_ascii,format_checking_clp_chat,different_grid,episode_00021,Player Score,0
2342,matchit_ascii,format_checking_clp_chat,different_grid,episode_00022,Violated Request Count,1
2343,matchit_ascii,format_checking_clp_chat,different_grid,episode_00022,Parsed Request Count,2
2344,matchit_ascii,format_checking_clp_chat,different_grid,episode_00022,Request Count,3
2345,matchit_ascii,format_checking_clp_chat,different_grid,episode_00022,Aborted,0
2346,matchit_ascii,format_checking_clp_chat,different_grid,episode_00022,Success,0
2347,matchit_ascii,format_checking_clp_chat,different_grid,episode_00022,Lose,1
2348,matchit_ascii,format_checking_clp_chat,different_grid,episode_00022,Main Score,0
2349,matchit_ascii,format_checking_clp_chat,different_grid,episode_00022,Player Score,0
2350,matchit_ascii,format_checking_clp_chat,different_grid,episode_00023,Violated Request Count,1
2351,matchit_ascii,format_checking_clp_chat,different_grid,episode_00023,Parsed Request Count,2
2352,matchit_ascii,format_checking_clp_chat,different_grid,episode_00023,Request Count,3
2353,matchit_ascii,format_checking_clp_chat,different_grid,episode_00023,Aborted,0
2354,matchit_ascii,format_checking_clp_chat,different_grid,episode_00023,Success,0
2355,matchit_ascii,format_checking_clp_chat,different_grid,episode_00023,Lose,1
2356,matchit_ascii,format_checking_clp_chat,different_grid,episode_00023,Main Score,0
2357,matchit_ascii,format_checking_clp_chat,different_grid,episode_00023,Player Score,0
2358,matchit_ascii,format_checking_clp_chat,different_grid,episode_00024,Violated Request Count,1
2359,matchit_ascii,format_checking_clp_chat,different_grid,episode_00024,Parsed Request Count,2
2360,matchit_ascii,format_checking_clp_chat,different_grid,episode_00024,Request Count,3
2361,matchit_ascii,format_checking_clp_chat,different_grid,episode_00024,Aborted,0
2362,matchit_ascii,format_checking_clp_chat,different_grid,episode_00024,Success,0
2363,matchit_ascii,format_checking_clp_chat,different_grid,episode_00024,Lose,1
2364,matchit_ascii,format_checking_clp_chat,different_grid,episode_00024,Main Score,0
2365,matchit_ascii,format_checking_clp_chat,different_grid,episode_00024,Player Score,0
2366,matchit_ascii,format_checking_clp_chat,same_grid,episode_00001,Violated Request Count,1
2367,matchit_ascii,format_checking_clp_chat,same_grid,episode_00001,Parsed Request Count,2
2368,matchit_ascii,format_checking_clp_chat,same_grid,episode_00001,Request Count,3
2369,matchit_ascii,format_checking_clp_chat,same_grid,episode_00001,Aborted,0
2370,matchit_ascii,format_checking_clp_chat,same_grid,episode_00001,Success,0
2371,matchit_ascii,format_checking_clp_chat,same_grid,episode_00001,Lose,1
2372,matchit_ascii,format_checking_clp_chat,same_grid,episode_00001,Main Score,0
2373,matchit_ascii,format_checking_clp_chat,same_grid,episode_00001,Player Score,0
2374,matchit_ascii,format_checking_clp_chat,same_grid,episode_00002,Violated Request Count,1
2375,matchit_ascii,format_checking_clp_chat,same_grid,episode_00002,Parsed Request Count,2
2376,matchit_ascii,format_checking_clp_chat,same_grid,episode_00002,Request Count,3
2377,matchit_ascii,format_checking_clp_chat,same_grid,episode_00002,Aborted,0
2378,matchit_ascii,format_checking_clp_chat,same_grid,episode_00002,Success,0
2379,matchit_ascii,format_checking_clp_chat,same_grid,episode_00002,Lose,1
2380,matchit_ascii,format_checking_clp_chat,same_grid,episode_00002,Main Score,0
2381,matchit_ascii,format_checking_clp_chat,same_grid,episode_00002,Player Score,0
2382,matchit_ascii,format_checking_clp_chat,same_grid,episode_00003,Violated Request Count,1
2383,matchit_ascii,format_checking_clp_chat,same_grid,episode_00003,Parsed Request Count,2
2384,matchit_ascii,format_checking_clp_chat,same_grid,episode_00003,Request Count,3
2385,matchit_ascii,format_checking_clp_chat,same_grid,episode_00003,Aborted,0
2386,matchit_ascii,format_checking_clp_chat,same_grid,episode_00003,Success,0
2387,matchit_ascii,format_checking_clp_chat,same_grid,episode_00003,Lose,1
2388,matchit_ascii,format_checking_clp_chat,same_grid,episode_00003,Main Score,0
2389,matchit_ascii,format_checking_clp_chat,same_grid,episode_00003,Player Score,0
2390,matchit_ascii,format_checking_clp_chat,same_grid,episode_00004,Violated Request Count,1
2391,matchit_ascii,format_checking_clp_chat,same_grid,episode_00004,Parsed Request Count,2
2392,matchit_ascii,format_checking_clp_chat,same_grid,episode_00004,Request Count,3
2393,matchit_ascii,format_checking_clp_chat,same_grid,episode_00004,Aborted,0
2394,matchit_ascii,format_checking_clp_chat,same_grid,episode_00004,Success,0
2395,matchit_ascii,format_checking_clp_chat,same_grid,episode_00004,Lose,1
2396,matchit_ascii,format_checking_clp_chat,same_grid,episode_00004,Main Score,0
2397,matchit_ascii,format_checking_clp_chat,same_grid,episode_00004,Player Score,0
2398,matchit_ascii,format_checking_clp_chat,same_grid,episode_00005,Violated Request Count,1
2399,matchit_ascii,format_checking_clp_chat,same_grid,episode_00005,Parsed Request Count,2
2400,matchit_ascii,format_checking_clp_chat,same_grid,episode_00005,Request Count,3
2401,matchit_ascii,format_checking_clp_chat,same_grid,episode_00005,Aborted,0
2402,matchit_ascii,format_checking_clp_chat,same_grid,episode_00005,Success,0
2403,matchit_ascii,format_checking_clp_chat,same_grid,episode_00005,Lose,1
2404,matchit_ascii,format_checking_clp_chat,same_grid,episode_00005,Main Score,0
2405,matchit_ascii,format_checking_clp_chat,same_grid,episode_00005,Player Score,0
2406,matchit_ascii,format_checking_clp_chat,same_grid,episode_00006,Violated Request Count,1
2407,matchit_ascii,format_checking_clp_chat,same_grid,episode_00006,Parsed Request Count,2
2408,matchit_ascii,format_checking_clp_chat,same_grid,episode_00006,Request Count,3
2409,matchit_ascii,format_checking_clp_chat,same_grid,episode_00006,Aborted,0
2410,matchit_ascii,format_checking_clp_chat,same_grid,episode_00006,Success,0
2411,matchit_ascii,format_checking_clp_chat,same_grid,episode_00006,Lose,1
2412,matchit_ascii,format_checking_clp_chat,same_grid,episode_00006,Main Score,0
2413,matchit_ascii,format_checking_clp_chat,same_grid,episode_00006,Player Score,0
2414,matchit_ascii,format_checking_clp_chat,similar_grid_1,episode_00007,Violated Request Count,1
2415,matchit_ascii,format_checking_clp_chat,similar_grid_1,episode_00007,Parsed Request Count,2
2416,matchit_ascii,format_checking_clp_chat,similar_grid_1,episode_00007,Request Count,3
2417,matchit_ascii,format_checking_clp_chat,similar_grid_1,episode_00007,Aborted,0
2418,matchit_ascii,format_checking_clp_chat,similar_grid_1,episode_00007,Success,0
2419,matchit_ascii,format_checking_clp_chat,similar_grid_1,episode_00007,Lose,1
2420,matchit_ascii,format_checking_clp_chat,similar_grid_1,episode_00007,Main Score,0
2421,matchit_ascii,format_checking_clp_chat,similar_grid_1,episode_00007,Player Score,0
2422,matchit_ascii,format_checking_clp_chat,similar_grid_1,episode_00008,Violated Request Count,1
2423,matchit_ascii,format_checking_clp_chat,similar_grid_1,episode_00008,Parsed Request Count,2
2424,matchit_ascii,format_checking_clp_chat,similar_grid_1,episode_00008,Request Count,3
2425,matchit_ascii,format_checking_clp_chat,similar_grid_1,episode_00008,Aborted,0
2426,matchit_ascii,format_checking_clp_chat,similar_grid_1,episode_00008,Success,0
2427,matchit_ascii,format_checking_clp_chat,similar_grid_1,episode_00008,Lose,1
2428,matchit_ascii,format_checking_clp_chat,similar_grid_1,episode_00008,Main Score,0
2429,matchit_ascii,format_checking_clp_chat,similar_grid_1,episode_00008,Player Score,0
2430,matchit_ascii,format_checking_clp_chat,similar_grid_1,episode_00009,Violated Request Count,1
2431,matchit_ascii,format_checking_clp_chat,similar_grid_1,episode_00009,Parsed Request Count,2
2432,matchit_ascii,format_checking_clp_chat,similar_grid_1,episode_00009,Request Count,3
2433,matchit_ascii,format_checking_clp_chat,similar_grid_1,episode_00009,Aborted,0
2434,matchit_ascii,format_checking_clp_chat,similar_grid_1,episode_00009,Success,0
2435,matchit_ascii,format_checking_clp_chat,similar_grid_1,episode_00009,Lose,1
2436,matchit_ascii,format_checking_clp_chat,similar_grid_1,episode_00009,Main Score,0
2437,matchit_ascii,format_checking_clp_chat,similar_grid_1,episode_00009,Player Score,0
2438,matchit_ascii,format_checking_clp_chat,similar_grid_1,episode_00010,Violated Request Count,1
2439,matchit_ascii,format_checking_clp_chat,similar_grid_1,episode_00010,Parsed Request Count,2
2440,matchit_ascii,format_checking_clp_chat,similar_grid_1,episode_00010,Request Count,3
2441,matchit_ascii,format_checking_clp_chat,similar_grid_1,episode_00010,Aborted,0
2442,matchit_ascii,format_checking_clp_chat,similar_grid_1,episode_00010,Success,0
2443,matchit_ascii,format_checking_clp_chat,similar_grid_1,episode_00010,Lose,1
2444,matchit_ascii,format_checking_clp_chat,similar_grid_1,episode_00010,Main Score,0
2445,matchit_ascii,format_checking_clp_chat,similar_grid_1,episode_00010,Player Score,0
2446,matchit_ascii,format_checking_clp_chat,similar_grid_1,episode_00011,Violated Request Count,1
2447,matchit_ascii,format_checking_clp_chat,similar_grid_1,episode_00011,Parsed Request Count,2
2448,matchit_ascii,format_checking_clp_chat,similar_grid_1,episode_00011,Request Count,3
2449,matchit_ascii,format_checking_clp_chat,similar_grid_1,episode_00011,Aborted,0
2450,matchit_ascii,format_checking_clp_chat,similar_grid_1,episode_00011,Success,0
2451,matchit_ascii,format_checking_clp_chat,similar_grid_1,episode_00011,Lose,1
2452,matchit_ascii,format_checking_clp_chat,similar_grid_1,episode_00011,Main Score,0
2453,matchit_ascii,format_checking_clp_chat,similar_grid_1,episode_00011,Player Score,0
2454,matchit_ascii,format_checking_clp_chat,similar_grid_1,episode_00012,Violated Request Count,1
2455,matchit_ascii,format_checking_clp_chat,similar_grid_1,episode_00012,Parsed Request Count,2
2456,matchit_ascii,format_checking_clp_chat,similar_grid_1,episode_00012,Request Count,3
2457,matchit_ascii,format_checking_clp_chat,similar_grid_1,episode_00012,Aborted,0
2458,matchit_ascii,format_checking_clp_chat,similar_grid_1,episode_00012,Success,0
2459,matchit_ascii,format_checking_clp_chat,similar_grid_1,episode_00012,Lose,1
2460,matchit_ascii,format_checking_clp_chat,similar_grid_1,episode_00012,Main Score,0
2461,matchit_ascii,format_checking_clp_chat,similar_grid_1,episode_00012,Player Score,0
2462,matchit_ascii,format_checking_clp_chat,similar_grid_2,episode_00013,Violated Request Count,1
2463,matchit_ascii,format_checking_clp_chat,similar_grid_2,episode_00013,Parsed Request Count,2
2464,matchit_ascii,format_checking_clp_chat,similar_grid_2,episode_00013,Request Count,3
2465,matchit_ascii,format_checking_clp_chat,similar_grid_2,episode_00013,Aborted,0
2466,matchit_ascii,format_checking_clp_chat,similar_grid_2,episode_00013,Success,0
2467,matchit_ascii,format_checking_clp_chat,similar_grid_2,episode_00013,Lose,1
2468,matchit_ascii,format_checking_clp_chat,similar_grid_2,episode_00013,Main Score,0
2469,matchit_ascii,format_checking_clp_chat,similar_grid_2,episode_00013,Player Score,0
2470,matchit_ascii,format_checking_clp_chat,similar_grid_2,episode_00014,Violated Request Count,1
2471,matchit_ascii,format_checking_clp_chat,similar_grid_2,episode_00014,Parsed Request Count,2
2472,matchit_ascii,format_checking_clp_chat,similar_grid_2,episode_00014,Request Count,3
2473,matchit_ascii,format_checking_clp_chat,similar_grid_2,episode_00014,Aborted,0
2474,matchit_ascii,format_checking_clp_chat,similar_grid_2,episode_00014,Success,0
2475,matchit_ascii,format_checking_clp_chat,similar_grid_2,episode_00014,Lose,1
2476,matchit_ascii,format_checking_clp_chat,similar_grid_2,episode_00014,Main Score,0
2477,matchit_ascii,format_checking_clp_chat,similar_grid_2,episode_00014,Player Score,0
2478,matchit_ascii,format_checking_clp_chat,similar_grid_2,episode_00015,Violated Request Count,1
2479,matchit_ascii,format_checking_clp_chat,similar_grid_2,episode_00015,Parsed Request Count,2
2480,matchit_ascii,format_checking_clp_chat,similar_grid_2,episode_00015,Request Count,3
2481,matchit_ascii,format_checking_clp_chat,similar_grid_2,episode_00015,Aborted,0
2482,matchit_ascii,format_checking_clp_chat,similar_grid_2,episode_00015,Success,0
2483,matchit_ascii,format_checking_clp_chat,similar_grid_2,episode_00015,Lose,1
2484,matchit_ascii,format_checking_clp_chat,similar_grid_2,episode_00015,Main Score,0
2485,matchit_ascii,format_checking_clp_chat,similar_grid_2,episode_00015,Player Score,0
2486,matchit_ascii,format_checking_clp_chat,similar_grid_2,episode_00016,Violated Request Count,1
2487,matchit_ascii,format_checking_clp_chat,similar_grid_2,episode_00016,Parsed Request Count,2
2488,matchit_ascii,format_checking_clp_chat,similar_grid_2,episode_00016,Request Count,3
2489,matchit_ascii,format_checking_clp_chat,similar_grid_2,episode_00016,Aborted,0
2490,matchit_ascii,format_checking_clp_chat,similar_grid_2,episode_00016,Success,0
2491,matchit_ascii,format_checking_clp_chat,similar_grid_2,episode_00016,Lose,1
2492,matchit_ascii,format_checking_clp_chat,similar_grid_2,episode_00016,Main Score,0
2493,matchit_ascii,format_checking_clp_chat,similar_grid_2,episode_00016,Player Score,0
2494,matchit_ascii,format_checking_clp_chat,similar_grid_2,episode_00017,Violated Request Count,1
2495,matchit_ascii,format_checking_clp_chat,similar_grid_2,episode_00017,Parsed Request Count,2
2496,matchit_ascii,format_checking_clp_chat,similar_grid_2,episode_00017,Request Count,3
2497,matchit_ascii,format_checking_clp_chat,similar_grid_2,episode_00017,Aborted,0
2498,matchit_ascii,format_checking_clp_chat,similar_grid_2,episode_00017,Success,0
2499,matchit_ascii,format_checking_clp_chat,similar_grid_2,episode_00017,Lose,1
2500,matchit_ascii,format_checking_clp_chat,similar_grid_2,episode_00017,Main Score,0
2501,matchit_ascii,format_checking_clp_chat,similar_grid_2,episode_00017,Player Score,0
2502,matchit_ascii,format_checking_clp_chat,similar_grid_2,episode_00018,Violated Request Count,1
2503,matchit_ascii,format_checking_clp_chat,similar_grid_2,episode_00018,Parsed Request Count,2
2504,matchit_ascii,format_checking_clp_chat,similar_grid_2,episode_00018,Request Count,3
2505,matchit_ascii,format_checking_clp_chat,similar_grid_2,episode_00018,Aborted,0
2506,matchit_ascii,format_checking_clp_chat,similar_grid_2,episode_00018,Success,0
2507,matchit_ascii,format_checking_clp_chat,similar_grid_2,episode_00018,Lose,1
2508,matchit_ascii,format_checking_clp_chat,similar_grid_2,episode_00018,Main Score,0
2509,matchit_ascii,format_checking_clp_chat,similar_grid_2,episode_00018,Player Score,0
2510,mm_mapworld,format_checking_clp_chat,large,episode_00011,Aborted,1
2511,mm_mapworld,format_checking_clp_chat,large,episode_00011,Success,
2512,mm_mapworld,format_checking_clp_chat,large,episode_00011,Lose,
2513,mm_mapworld,format_checking_clp_chat,large,episode_00011,moves,
2514,mm_mapworld,format_checking_clp_chat,large,episode_00011,valid_moves,
2515,mm_mapworld,format_checking_clp_chat,large,episode_00011,invalid_moves,
2516,mm_mapworld,format_checking_clp_chat,large,episode_00011,visited,
2517,mm_mapworld,format_checking_clp_chat,large,episode_00011,seen,
2518,mm_mapworld,format_checking_clp_chat,large,episode_00011,effieciency,
2519,mm_mapworld,format_checking_clp_chat,large,episode_00011,exploration,
2520,mm_mapworld,format_checking_clp_chat,large,episode_00011,Main Score,
2521,mm_mapworld,format_checking_clp_chat,large,episode_00012,Aborted,1
2522,mm_mapworld,format_checking_clp_chat,large,episode_00012,Success,
2523,mm_mapworld,format_checking_clp_chat,large,episode_00012,Lose,
2524,mm_mapworld,format_checking_clp_chat,large,episode_00012,moves,
2525,mm_mapworld,format_checking_clp_chat,large,episode_00012,valid_moves,
2526,mm_mapworld,format_checking_clp_chat,large,episode_00012,invalid_moves,
2527,mm_mapworld,format_checking_clp_chat,large,episode_00012,visited,
2528,mm_mapworld,format_checking_clp_chat,large,episode_00012,seen,
2529,mm_mapworld,format_checking_clp_chat,large,episode_00012,effieciency,
2530,mm_mapworld,format_checking_clp_chat,large,episode_00012,exploration,
2531,mm_mapworld,format_checking_clp_chat,large,episode_00012,Main Score,
2532,mm_mapworld,format_checking_clp_chat,large,episode_00013,Aborted,1
2533,mm_mapworld,format_checking_clp_chat,large,episode_00013,Success,
2534,mm_mapworld,format_checking_clp_chat,large,episode_00013,Lose,
2535,mm_mapworld,format_checking_clp_chat,large,episode_00013,moves,
2536,mm_mapworld,format_checking_clp_chat,large,episode_00013,valid_moves,
2537,mm_mapworld,format_checking_clp_chat,large,episode_00013,invalid_moves,
2538,mm_mapworld,format_checking_clp_chat,large,episode_00013,visited,
2539,mm_mapworld,format_checking_clp_chat,large,episode_00013,seen,
2540,mm_mapworld,format_checking_clp_chat,large,episode_00013,effieciency,
2541,mm_mapworld,format_checking_clp_chat,large,episode_00013,exploration,
2542,mm_mapworld,format_checking_clp_chat,large,episode_00013,Main Score,
2543,mm_mapworld,format_checking_clp_chat,large,episode_00014,Aborted,0
2544,mm_mapworld,format_checking_clp_chat,large,episode_00014,Success,0
2545,mm_mapworld,format_checking_clp_chat,large,episode_00014,Lose,1
2546,mm_mapworld,format_checking_clp_chat,large,episode_00014,moves,9
2547,mm_mapworld,format_checking_clp_chat,large,episode_00014,valid_moves,8
2548,mm_mapworld,format_checking_clp_chat,large,episode_00014,invalid_moves,1
2549,mm_mapworld,format_checking_clp_chat,large,episode_00014,visited,4
2550,mm_mapworld,format_checking_clp_chat,large,episode_00014,seen,5
2551,mm_mapworld,format_checking_clp_chat,large,episode_00014,effieciency,66.66666666666667
2552,mm_mapworld,format_checking_clp_chat,large,episode_00014,exploration,50.0
2553,mm_mapworld,format_checking_clp_chat,large,episode_00014,Main Score,57.142857142857146
2554,mm_mapworld,format_checking_clp_chat,large,episode_00015,Aborted,1
2555,mm_mapworld,format_checking_clp_chat,large,episode_00015,Success,
2556,mm_mapworld,format_checking_clp_chat,large,episode_00015,Lose,
2557,mm_mapworld,format_checking_clp_chat,large,episode_00015,moves,
2558,mm_mapworld,format_checking_clp_chat,large,episode_00015,valid_moves,
2559,mm_mapworld,format_checking_clp_chat,large,episode_00015,invalid_moves,
2560,mm_mapworld,format_checking_clp_chat,large,episode_00015,visited,
2561,mm_mapworld,format_checking_clp_chat,large,episode_00015,seen,
2562,mm_mapworld,format_checking_clp_chat,large,episode_00015,effieciency,
2563,mm_mapworld,format_checking_clp_chat,large,episode_00015,exploration,
2564,mm_mapworld,format_checking_clp_chat,large,episode_00015,Main Score,
2565,mm_mapworld,format_checking_clp_chat,large_cycle,episode_00021,Aborted,1
2566,mm_mapworld,format_checking_clp_chat,large_cycle,episode_00021,Success,
2567,mm_mapworld,format_checking_clp_chat,large_cycle,episode_00021,Lose,
2568,mm_mapworld,format_checking_clp_chat,large_cycle,episode_00021,moves,
2569,mm_mapworld,format_checking_clp_chat,large_cycle,episode_00021,valid_moves,
2570,mm_mapworld,format_checking_clp_chat,large_cycle,episode_00021,invalid_moves,
2571,mm_mapworld,format_checking_clp_chat,large_cycle,episode_00021,visited,
2572,mm_mapworld,format_checking_clp_chat,large_cycle,episode_00021,seen,
2573,mm_mapworld,format_checking_clp_chat,large_cycle,episode_00021,effieciency,
2574,mm_mapworld,format_checking_clp_chat,large_cycle,episode_00021,exploration,
2575,mm_mapworld,format_checking_clp_chat,large_cycle,episode_00021,Main Score,
2576,mm_mapworld,format_checking_clp_chat,large_cycle,episode_00022,Aborted,1
2577,mm_mapworld,format_checking_clp_chat,large_cycle,episode_00022,Success,
2578,mm_mapworld,format_checking_clp_chat,large_cycle,episode_00022,Lose,
2579,mm_mapworld,format_checking_clp_chat,large_cycle,episode_00022,moves,
2580,mm_mapworld,format_checking_clp_chat,large_cycle,episode_00022,valid_moves,
2581,mm_mapworld,format_checking_clp_chat,large_cycle,episode_00022,invalid_moves,
2582,mm_mapworld,format_checking_clp_chat,large_cycle,episode_00022,visited,
2583,mm_mapworld,format_checking_clp_chat,large_cycle,episode_00022,seen,
2584,mm_mapworld,format_checking_clp_chat,large_cycle,episode_00022,effieciency,
2585,mm_mapworld,format_checking_clp_chat,large_cycle,episode_00022,exploration,
2586,mm_mapworld,format_checking_clp_chat,large_cycle,episode_00022,Main Score,
2587,mm_mapworld,format_checking_clp_chat,large_cycle,episode_00023,Aborted,1
2588,mm_mapworld,format_checking_clp_chat,large_cycle,episode_00023,Success,
2589,mm_mapworld,format_checking_clp_chat,large_cycle,episode_00023,Lose,
2590,mm_mapworld,format_checking_clp_chat,large_cycle,episode_00023,moves,
2591,mm_mapworld,format_checking_clp_chat,large_cycle,episode_00023,valid_moves,
2592,mm_mapworld,format_checking_clp_chat,large_cycle,episode_00023,invalid_moves,
2593,mm_mapworld,format_checking_clp_chat,large_cycle,episode_00023,visited,
2594,mm_mapworld,format_checking_clp_chat,large_cycle,episode_00023,seen,
2595,mm_mapworld,format_checking_clp_chat,large_cycle,episode_00023,effieciency,
2596,mm_mapworld,format_checking_clp_chat,large_cycle,episode_00023,exploration,
2597,mm_mapworld,format_checking_clp_chat,large_cycle,episode_00023,Main Score,
2598,mm_mapworld,format_checking_clp_chat,large_cycle,episode_00024,Aborted,0
2599,mm_mapworld,format_checking_clp_chat,large_cycle,episode_00024,Success,0
2600,mm_mapworld,format_checking_clp_chat,large_cycle,episode_00024,Lose,1
2601,mm_mapworld,format_checking_clp_chat,large_cycle,episode_00024,moves,14
2602,mm_mapworld,format_checking_clp_chat,large_cycle,episode_00024,valid_moves,7
2603,mm_mapworld,format_checking_clp_chat,large_cycle,episode_00024,invalid_moves,7
2604,mm_mapworld,format_checking_clp_chat,large_cycle,episode_00024,visited,2
2605,mm_mapworld,format_checking_clp_chat,large_cycle,episode_00024,seen,3
2606,mm_mapworld,format_checking_clp_chat,large_cycle,episode_00024,effieciency,28.571428571428573
2607,mm_mapworld,format_checking_clp_chat,large_cycle,episode_00024,exploration,25.0
2608,mm_mapworld,format_checking_clp_chat,large_cycle,episode_00024,Main Score,26.666666666666668
2609,mm_mapworld,format_checking_clp_chat,large_cycle,episode_00025,Aborted,1
2610,mm_mapworld,format_checking_clp_chat,large_cycle,episode_00025,Success,
2611,mm_mapworld,format_checking_clp_chat,large_cycle,episode_00025,Lose,
2612,mm_mapworld,format_checking_clp_chat,large_cycle,episode_00025,moves,
2613,mm_mapworld,format_checking_clp_chat,large_cycle,episode_00025,valid_moves,
2614,mm_mapworld,format_checking_clp_chat,large_cycle,episode_00025,invalid_moves,
2615,mm_mapworld,format_checking_clp_chat,large_cycle,episode_00025,visited,
2616,mm_mapworld,format_checking_clp_chat,large_cycle,episode_00025,seen,
2617,mm_mapworld,format_checking_clp_chat,large_cycle,episode_00025,effieciency,
2618,mm_mapworld,format_checking_clp_chat,large_cycle,episode_00025,exploration,
2619,mm_mapworld,format_checking_clp_chat,large_cycle,episode_00025,Main Score,
2620,mm_mapworld,format_checking_clp_chat,medium,episode_00006,Aborted,1
2621,mm_mapworld,format_checking_clp_chat,medium,episode_00006,Success,
2622,mm_mapworld,format_checking_clp_chat,medium,episode_00006,Lose,
2623,mm_mapworld,format_checking_clp_chat,medium,episode_00006,moves,
2624,mm_mapworld,format_checking_clp_chat,medium,episode_00006,valid_moves,
2625,mm_mapworld,format_checking_clp_chat,medium,episode_00006,invalid_moves,
2626,mm_mapworld,format_checking_clp_chat,medium,episode_00006,visited,
2627,mm_mapworld,format_checking_clp_chat,medium,episode_00006,seen,
2628,mm_mapworld,format_checking_clp_chat,medium,episode_00006,effieciency,
2629,mm_mapworld,format_checking_clp_chat,medium,episode_00006,exploration,
2630,mm_mapworld,format_checking_clp_chat,medium,episode_00006,Main Score,
2631,mm_mapworld,format_checking_clp_chat,medium,episode_00007,Aborted,1
2632,mm_mapworld,format_checking_clp_chat,medium,episode_00007,Success,
2633,mm_mapworld,format_checking_clp_chat,medium,episode_00007,Lose,
2634,mm_mapworld,format_checking_clp_chat,medium,episode_00007,moves,
2635,mm_mapworld,format_checking_clp_chat,medium,episode_00007,valid_moves,
2636,mm_mapworld,format_checking_clp_chat,medium,episode_00007,invalid_moves,
2637,mm_mapworld,format_checking_clp_chat,medium,episode_00007,visited,
2638,mm_mapworld,format_checking_clp_chat,medium,episode_00007,seen,
2639,mm_mapworld,format_checking_clp_chat,medium,episode_00007,effieciency,
2640,mm_mapworld,format_checking_clp_chat,medium,episode_00007,exploration,
2641,mm_mapworld,format_checking_clp_chat,medium,episode_00007,Main Score,
2642,mm_mapworld,format_checking_clp_chat,medium,episode_00008,Aborted,1
2643,mm_mapworld,format_checking_clp_chat,medium,episode_00008,Success,
2644,mm_mapworld,format_checking_clp_chat,medium,episode_00008,Lose,
2645,mm_mapworld,format_checking_clp_chat,medium,episode_00008,moves,
2646,mm_mapworld,format_checking_clp_chat,medium,episode_00008,valid_moves,
2647,mm_mapworld,format_checking_clp_chat,medium,episode_00008,invalid_moves,
2648,mm_mapworld,format_checking_clp_chat,medium,episode_00008,visited,
2649,mm_mapworld,format_checking_clp_chat,medium,episode_00008,seen,
2650,mm_mapworld,format_checking_clp_chat,medium,episode_00008,effieciency,
2651,mm_mapworld,format_checking_clp_chat,medium,episode_00008,exploration,
2652,mm_mapworld,format_checking_clp_chat,medium,episode_00008,Main Score,
2653,mm_mapworld,format_checking_clp_chat,medium,episode_00009,Aborted,1
2654,mm_mapworld,format_checking_clp_chat,medium,episode_00009,Success,
2655,mm_mapworld,format_checking_clp_chat,medium,episode_00009,Lose,
2656,mm_mapworld,format_checking_clp_chat,medium,episode_00009,moves,
2657,mm_mapworld,format_checking_clp_chat,medium,episode_00009,valid_moves,
2658,mm_mapworld,format_checking_clp_chat,medium,episode_00009,invalid_moves,
2659,mm_mapworld,format_checking_clp_chat,medium,episode_00009,visited,
2660,mm_mapworld,format_checking_clp_chat,medium,episode_00009,seen,
2661,mm_mapworld,format_checking_clp_chat,medium,episode_00009,effieciency,
2662,mm_mapworld,format_checking_clp_chat,medium,episode_00009,exploration,
2663,mm_mapworld,format_checking_clp_chat,medium,episode_00009,Main Score,
2664,mm_mapworld,format_checking_clp_chat,medium,episode_00010,Aborted,1
2665,mm_mapworld,format_checking_clp_chat,medium,episode_00010,Success,
2666,mm_mapworld,format_checking_clp_chat,medium,episode_00010,Lose,
2667,mm_mapworld,format_checking_clp_chat,medium,episode_00010,moves,
2668,mm_mapworld,format_checking_clp_chat,medium,episode_00010,valid_moves,
2669,mm_mapworld,format_checking_clp_chat,medium,episode_00010,invalid_moves,
2670,mm_mapworld,format_checking_clp_chat,medium,episode_00010,visited,
2671,mm_mapworld,format_checking_clp_chat,medium,episode_00010,seen,
2672,mm_mapworld,format_checking_clp_chat,medium,episode_00010,effieciency,
2673,mm_mapworld,format_checking_clp_chat,medium,episode_00010,exploration,
2674,mm_mapworld,format_checking_clp_chat,medium,episode_00010,Main Score,
2675,mm_mapworld,format_checking_clp_chat,medium_cycle,episode_00016,Aborted,0
2676,mm_mapworld,format_checking_clp_chat,medium_cycle,episode_00016,Success,0
2677,mm_mapworld,format_checking_clp_chat,medium_cycle,episode_00016,Lose,1
2678,mm_mapworld,format_checking_clp_chat,medium_cycle,episode_00016,moves,15
2679,mm_mapworld,format_checking_clp_chat,medium_cycle,episode_00016,valid_moves,10
2680,mm_mapworld,format_checking_clp_chat,medium_cycle,episode_00016,invalid_moves,5
2681,mm_mapworld,format_checking_clp_chat,medium_cycle,episode_00016,visited,5
2682,mm_mapworld,format_checking_clp_chat,medium_cycle,episode_00016,seen,6
2683,mm_mapworld,format_checking_clp_chat,medium_cycle,episode_00016,effieciency,46.666666666666664
2684,mm_mapworld,format_checking_clp_chat,medium_cycle,episode_00016,exploration,83.33333333333333
2685,mm_mapworld,format_checking_clp_chat,medium_cycle,episode_00016,Main Score,59.82905982905982
2686,mm_mapworld,format_checking_clp_chat,medium_cycle,episode_00017,Aborted,1
2687,mm_mapworld,format_checking_clp_chat,medium_cycle,episode_00017,Success,
2688,mm_mapworld,format_checking_clp_chat,medium_cycle,episode_00017,Lose,
2689,mm_mapworld,format_checking_clp_chat,medium_cycle,episode_00017,moves,
2690,mm_mapworld,format_checking_clp_chat,medium_cycle,episode_00017,valid_moves,
2691,mm_mapworld,format_checking_clp_chat,medium_cycle,episode_00017,invalid_moves,
2692,mm_mapworld,format_checking_clp_chat,medium_cycle,episode_00017,visited,
2693,mm_mapworld,format_checking_clp_chat,medium_cycle,episode_00017,seen,
2694,mm_mapworld,format_checking_clp_chat,medium_cycle,episode_00017,effieciency,
2695,mm_mapworld,format_checking_clp_chat,medium_cycle,episode_00017,exploration,
2696,mm_mapworld,format_checking_clp_chat,medium_cycle,episode_00017,Main Score,
2697,mm_mapworld,format_checking_clp_chat,medium_cycle,episode_00018,Aborted,1
2698,mm_mapworld,format_checking_clp_chat,medium_cycle,episode_00018,Success,
2699,mm_mapworld,format_checking_clp_chat,medium_cycle,episode_00018,Lose,
2700,mm_mapworld,format_checking_clp_chat,medium_cycle,episode_00018,moves,
2701,mm_mapworld,format_checking_clp_chat,medium_cycle,episode_00018,valid_moves,
2702,mm_mapworld,format_checking_clp_chat,medium_cycle,episode_00018,invalid_moves,
2703,mm_mapworld,format_checking_clp_chat,medium_cycle,episode_00018,visited,
2704,mm_mapworld,format_checking_clp_chat,medium_cycle,episode_00018,seen,
2705,mm_mapworld,format_checking_clp_chat,medium_cycle,episode_00018,effieciency,
2706,mm_mapworld,format_checking_clp_chat,medium_cycle,episode_00018,exploration,
2707,mm_mapworld,format_checking_clp_chat,medium_cycle,episode_00018,Main Score,
2708,mm_mapworld,format_checking_clp_chat,medium_cycle,episode_00019,Aborted,1
2709,mm_mapworld,format_checking_clp_chat,medium_cycle,episode_00019,Success,
2710,mm_mapworld,format_checking_clp_chat,medium_cycle,episode_00019,Lose,
2711,mm_mapworld,format_checking_clp_chat,medium_cycle,episode_00019,moves,
2712,mm_mapworld,format_checking_clp_chat,medium_cycle,episode_00019,valid_moves,
2713,mm_mapworld,format_checking_clp_chat,medium_cycle,episode_00019,invalid_moves,
2714,mm_mapworld,format_checking_clp_chat,medium_cycle,episode_00019,visited,
2715,mm_mapworld,format_checking_clp_chat,medium_cycle,episode_00019,seen,
2716,mm_mapworld,format_checking_clp_chat,medium_cycle,episode_00019,effieciency,
2717,mm_mapworld,format_checking_clp_chat,medium_cycle,episode_00019,exploration,
2718,mm_mapworld,format_checking_clp_chat,medium_cycle,episode_00019,Main Score,
2719,mm_mapworld,format_checking_clp_chat,medium_cycle,episode_00020,Aborted,0
2720,mm_mapworld,format_checking_clp_chat,medium_cycle,episode_00020,Success,0
2721,mm_mapworld,format_checking_clp_chat,medium_cycle,episode_00020,Lose,1
2722,mm_mapworld,format_checking_clp_chat,medium_cycle,episode_00020,moves,14
2723,mm_mapworld,format_checking_clp_chat,medium_cycle,episode_00020,valid_moves,11
2724,mm_mapworld,format_checking_clp_chat,medium_cycle,episode_00020,invalid_moves,3
2725,mm_mapworld,format_checking_clp_chat,medium_cycle,episode_00020,visited,4
2726,mm_mapworld,format_checking_clp_chat,medium_cycle,episode_00020,seen,5
2727,mm_mapworld,format_checking_clp_chat,medium_cycle,episode_00020,effieciency,50.0
2728,mm_mapworld,format_checking_clp_chat,medium_cycle,episode_00020,exploration,66.66666666666667
2729,mm_mapworld,format_checking_clp_chat,medium_cycle,episode_00020,Main Score,57.142857142857146
2730,mm_mapworld,format_checking_clp_chat,small,episode_00001,Aborted,1
2731,mm_mapworld,format_checking_clp_chat,small,episode_00001,Success,
2732,mm_mapworld,format_checking_clp_chat,small,episode_00001,Lose,
2733,mm_mapworld,format_checking_clp_chat,small,episode_00001,moves,
2734,mm_mapworld,format_checking_clp_chat,small,episode_00001,valid_moves,
2735,mm_mapworld,format_checking_clp_chat,small,episode_00001,invalid_moves,
2736,mm_mapworld,format_checking_clp_chat,small,episode_00001,visited,
2737,mm_mapworld,format_checking_clp_chat,small,episode_00001,seen,
2738,mm_mapworld,format_checking_clp_chat,small,episode_00001,effieciency,
2739,mm_mapworld,format_checking_clp_chat,small,episode_00001,exploration,
2740,mm_mapworld,format_checking_clp_chat,small,episode_00001,Main Score,
2741,mm_mapworld,format_checking_clp_chat,small,episode_00002,Aborted,0
2742,mm_mapworld,format_checking_clp_chat,small,episode_00002,Success,1
2743,mm_mapworld,format_checking_clp_chat,small,episode_00002,Lose,0
2744,mm_mapworld,format_checking_clp_chat,small,episode_00002,moves,12
2745,mm_mapworld,format_checking_clp_chat,small,episode_00002,valid_moves,9
2746,mm_mapworld,format_checking_clp_chat,small,episode_00002,invalid_moves,3
2747,mm_mapworld,format_checking_clp_chat,small,episode_00002,visited,4
2748,mm_mapworld,format_checking_clp_chat,small,episode_00002,seen,4
2749,mm_mapworld,format_checking_clp_chat,small,episode_00002,effieciency,33.333333333333336
2750,mm_mapworld,format_checking_clp_chat,small,episode_00002,exploration,100.0
2751,mm_mapworld,format_checking_clp_chat,small,episode_00002,Main Score,50.0
2752,mm_mapworld,format_checking_clp_chat,small,episode_00003,Aborted,1
2753,mm_mapworld,format_checking_clp_chat,small,episode_00003,Success,
2754,mm_mapworld,format_checking_clp_chat,small,episode_00003,Lose,
2755,mm_mapworld,format_checking_clp_chat,small,episode_00003,moves,
2756,mm_mapworld,format_checking_clp_chat,small,episode_00003,valid_moves,
2757,mm_mapworld,format_checking_clp_chat,small,episode_00003,invalid_moves,
2758,mm_mapworld,format_checking_clp_chat,small,episode_00003,visited,
2759,mm_mapworld,format_checking_clp_chat,small,episode_00003,seen,
2760,mm_mapworld,format_checking_clp_chat,small,episode_00003,effieciency,
2761,mm_mapworld,format_checking_clp_chat,small,episode_00003,exploration,
2762,mm_mapworld,format_checking_clp_chat,small,episode_00003,Main Score,
2763,mm_mapworld,format_checking_clp_chat,small,episode_00004,Aborted,1
2764,mm_mapworld,format_checking_clp_chat,small,episode_00004,Success,
2765,mm_mapworld,format_checking_clp_chat,small,episode_00004,Lose,
2766,mm_mapworld,format_checking_clp_chat,small,episode_00004,moves,
2767,mm_mapworld,format_checking_clp_chat,small,episode_00004,valid_moves,
2768,mm_mapworld,format_checking_clp_chat,small,episode_00004,invalid_moves,
2769,mm_mapworld,format_checking_clp_chat,small,episode_00004,visited,
2770,mm_mapworld,format_checking_clp_chat,small,episode_00004,seen,
2771,mm_mapworld,format_checking_clp_chat,small,episode_00004,effieciency,
2772,mm_mapworld,format_checking_clp_chat,small,episode_00004,exploration,
2773,mm_mapworld,format_checking_clp_chat,small,episode_00004,Main Score,
2774,mm_mapworld,format_checking_clp_chat,small,episode_00005,Aborted,1
2775,mm_mapworld,format_checking_clp_chat,small,episode_00005,Success,
2776,mm_mapworld,format_checking_clp_chat,small,episode_00005,Lose,
2777,mm_mapworld,format_checking_clp_chat,small,episode_00005,moves,
2778,mm_mapworld,format_checking_clp_chat,small,episode_00005,valid_moves,
2779,mm_mapworld,format_checking_clp_chat,small,episode_00005,invalid_moves,
2780,mm_mapworld,format_checking_clp_chat,small,episode_00005,visited,
2781,mm_mapworld,format_checking_clp_chat,small,episode_00005,seen,
2782,mm_mapworld,format_checking_clp_chat,small,episode_00005,effieciency,
2783,mm_mapworld,format_checking_clp_chat,small,episode_00005,exploration,
2784,mm_mapworld,format_checking_clp_chat,small,episode_00005,Main Score,
2785,multimodal_referencegame,format_checking_clp_chat,CLEVR_images,episode_00015,Generated Expression Length,84
2786,multimodal_referencegame,format_checking_clp_chat,CLEVR_images,episode_00015,Generated Expression Number of Tokens,16
2787,multimodal_referencegame,format_checking_clp_chat,CLEVR_images,episode_00015,Aborted at Player 1,0
2788,multimodal_referencegame,format_checking_clp_chat,CLEVR_images,episode_00015,Aborted at Player 2,0
2789,multimodal_referencegame,format_checking_clp_chat,CLEVR_images,episode_00015,Request Count,2
2790,multimodal_referencegame,format_checking_clp_chat,CLEVR_images,episode_00015,Parsed Request Count,2
2791,multimodal_referencegame,format_checking_clp_chat,CLEVR_images,episode_00015,Violated Request Count,0
2792,multimodal_referencegame,format_checking_clp_chat,CLEVR_images,episode_00015,Aborted,0
2793,multimodal_referencegame,format_checking_clp_chat,CLEVR_images,episode_00015,Success,1
2794,multimodal_referencegame,format_checking_clp_chat,CLEVR_images,episode_00015,Lose,0
2795,multimodal_referencegame,format_checking_clp_chat,CLEVR_images,episode_00015,Main Score,100
2796,multimodal_referencegame,format_checking_clp_chat,CLEVR_images,episode_00015,Request Success Ratio,1.0
2797,multimodal_referencegame,format_checking_clp_chat,CLEVR_images,episode_00016,Generated Expression Length,113
2798,multimodal_referencegame,format_checking_clp_chat,CLEVR_images,episode_00016,Generated Expression Number of Tokens,22
2799,multimodal_referencegame,format_checking_clp_chat,CLEVR_images,episode_00016,Aborted at Player 1,0
2800,multimodal_referencegame,format_checking_clp_chat,CLEVR_images,episode_00016,Aborted at Player 2,0
2801,multimodal_referencegame,format_checking_clp_chat,CLEVR_images,episode_00016,Request Count,2
2802,multimodal_referencegame,format_checking_clp_chat,CLEVR_images,episode_00016,Parsed Request Count,2
2803,multimodal_referencegame,format_checking_clp_chat,CLEVR_images,episode_00016,Violated Request Count,0
2804,multimodal_referencegame,format_checking_clp_chat,CLEVR_images,episode_00016,Aborted,0
2805,multimodal_referencegame,format_checking_clp_chat,CLEVR_images,episode_00016,Success,0
2806,multimodal_referencegame,format_checking_clp_chat,CLEVR_images,episode_00016,Lose,1
2807,multimodal_referencegame,format_checking_clp_chat,CLEVR_images,episode_00016,Main Score,0
2808,multimodal_referencegame,format_checking_clp_chat,CLEVR_images,episode_00016,Request Success Ratio,1.0
2809,multimodal_referencegame,format_checking_clp_chat,CLEVR_static_target_images,episode_00017,Generated Expression Length,49
2810,multimodal_referencegame,format_checking_clp_chat,CLEVR_static_target_images,episode_00017,Generated Expression Number of Tokens,8
2811,multimodal_referencegame,format_checking_clp_chat,CLEVR_static_target_images,episode_00017,Aborted at Player 1,0
2812,multimodal_referencegame,format_checking_clp_chat,CLEVR_static_target_images,episode_00017,Aborted at Player 2,0
2813,multimodal_referencegame,format_checking_clp_chat,CLEVR_static_target_images,episode_00017,Request Count,2
2814,multimodal_referencegame,format_checking_clp_chat,CLEVR_static_target_images,episode_00017,Parsed Request Count,2
2815,multimodal_referencegame,format_checking_clp_chat,CLEVR_static_target_images,episode_00017,Violated Request Count,0
2816,multimodal_referencegame,format_checking_clp_chat,CLEVR_static_target_images,episode_00017,Aborted,0
2817,multimodal_referencegame,format_checking_clp_chat,CLEVR_static_target_images,episode_00017,Success,1
2818,multimodal_referencegame,format_checking_clp_chat,CLEVR_static_target_images,episode_00017,Lose,0
2819,multimodal_referencegame,format_checking_clp_chat,CLEVR_static_target_images,episode_00017,Main Score,100
2820,multimodal_referencegame,format_checking_clp_chat,CLEVR_static_target_images,episode_00017,Request Success Ratio,1.0
2821,multimodal_referencegame,format_checking_clp_chat,CLEVR_static_target_images,episode_00018,Generated Expression Length,49
2822,multimodal_referencegame,format_checking_clp_chat,CLEVR_static_target_images,episode_00018,Generated Expression Number of Tokens,8
2823,multimodal_referencegame,format_checking_clp_chat,CLEVR_static_target_images,episode_00018,Aborted at Player 1,0
2824,multimodal_referencegame,format_checking_clp_chat,CLEVR_static_target_images,episode_00018,Aborted at Player 2,0
2825,multimodal_referencegame,format_checking_clp_chat,CLEVR_static_target_images,episode_00018,Request Count,2
2826,multimodal_referencegame,format_checking_clp_chat,CLEVR_static_target_images,episode_00018,Parsed Request Count,2
2827,multimodal_referencegame,format_checking_clp_chat,CLEVR_static_target_images,episode_00018,Violated Request Count,0
2828,multimodal_referencegame,format_checking_clp_chat,CLEVR_static_target_images,episode_00018,Aborted,0
2829,multimodal_referencegame,format_checking_clp_chat,CLEVR_static_target_images,episode_00018,Success,1
2830,multimodal_referencegame,format_checking_clp_chat,CLEVR_static_target_images,episode_00018,Lose,0
2831,multimodal_referencegame,format_checking_clp_chat,CLEVR_static_target_images,episode_00018,Main Score,100
2832,multimodal_referencegame,format_checking_clp_chat,CLEVR_static_target_images,episode_00018,Request Success Ratio,1.0
2833,multimodal_referencegame,format_checking_clp_chat,diagonal_grids,episode_00005,Generated Expression Length,218
2834,multimodal_referencegame,format_checking_clp_chat,diagonal_grids,episode_00005,Generated Expression Number of Tokens,39
2835,multimodal_referencegame,format_checking_clp_chat,diagonal_grids,episode_00005,Aborted at Player 1,0
2836,multimodal_referencegame,format_checking_clp_chat,diagonal_grids,episode_00005,Aborted at Player 2,0
2837,multimodal_referencegame,format_checking_clp_chat,diagonal_grids,episode_00005,Request Count,2
2838,multimodal_referencegame,format_checking_clp_chat,diagonal_grids,episode_00005,Parsed Request Count,2
2839,multimodal_referencegame,format_checking_clp_chat,diagonal_grids,episode_00005,Violated Request Count,0
2840,multimodal_referencegame,format_checking_clp_chat,diagonal_grids,episode_00005,Aborted,0
2841,multimodal_referencegame,format_checking_clp_chat,diagonal_grids,episode_00005,Success,1
2842,multimodal_referencegame,format_checking_clp_chat,diagonal_grids,episode_00005,Lose,0
2843,multimodal_referencegame,format_checking_clp_chat,diagonal_grids,episode_00005,Main Score,100
2844,multimodal_referencegame,format_checking_clp_chat,diagonal_grids,episode_00005,Request Success Ratio,1.0
2845,multimodal_referencegame,format_checking_clp_chat,diagonal_grids,episode_00006,Generated Expression Length,218
2846,multimodal_referencegame,format_checking_clp_chat,diagonal_grids,episode_00006,Generated Expression Number of Tokens,39
2847,multimodal_referencegame,format_checking_clp_chat,diagonal_grids,episode_00006,Aborted at Player 1,0
2848,multimodal_referencegame,format_checking_clp_chat,diagonal_grids,episode_00006,Aborted at Player 2,0
2849,multimodal_referencegame,format_checking_clp_chat,diagonal_grids,episode_00006,Request Count,2
2850,multimodal_referencegame,format_checking_clp_chat,diagonal_grids,episode_00006,Parsed Request Count,2
2851,multimodal_referencegame,format_checking_clp_chat,diagonal_grids,episode_00006,Violated Request Count,0
2852,multimodal_referencegame,format_checking_clp_chat,diagonal_grids,episode_00006,Aborted,0
2853,multimodal_referencegame,format_checking_clp_chat,diagonal_grids,episode_00006,Success,0
2854,multimodal_referencegame,format_checking_clp_chat,diagonal_grids,episode_00006,Lose,1
2855,multimodal_referencegame,format_checking_clp_chat,diagonal_grids,episode_00006,Main Score,0
2856,multimodal_referencegame,format_checking_clp_chat,diagonal_grids,episode_00006,Request Success Ratio,1.0
2857,multimodal_referencegame,format_checking_clp_chat,DOCCI_images,episode_00013,Generated Expression Length,74
2858,multimodal_referencegame,format_checking_clp_chat,DOCCI_images,episode_00013,Generated Expression Number of Tokens,13
2859,multimodal_referencegame,format_checking_clp_chat,DOCCI_images,episode_00013,Aborted at Player 1,0
2860,multimodal_referencegame,format_checking_clp_chat,DOCCI_images,episode_00013,Aborted at Player 2,0
2861,multimodal_referencegame,format_checking_clp_chat,DOCCI_images,episode_00013,Request Count,2
2862,multimodal_referencegame,format_checking_clp_chat,DOCCI_images,episode_00013,Parsed Request Count,2
2863,multimodal_referencegame,format_checking_clp_chat,DOCCI_images,episode_00013,Violated Request Count,0
2864,multimodal_referencegame,format_checking_clp_chat,DOCCI_images,episode_00013,Aborted,0
2865,multimodal_referencegame,format_checking_clp_chat,DOCCI_images,episode_00013,Success,1
2866,multimodal_referencegame,format_checking_clp_chat,DOCCI_images,episode_00013,Lose,0
2867,multimodal_referencegame,format_checking_clp_chat,DOCCI_images,episode_00013,Main Score,100
2868,multimodal_referencegame,format_checking_clp_chat,DOCCI_images,episode_00013,Request Success Ratio,1.0
2869,multimodal_referencegame,format_checking_clp_chat,DOCCI_images,episode_00014,Generated Expression Length,78
2870,multimodal_referencegame,format_checking_clp_chat,DOCCI_images,episode_00014,Generated Expression Number of Tokens,13
2871,multimodal_referencegame,format_checking_clp_chat,DOCCI_images,episode_00014,Aborted at Player 1,0
2872,multimodal_referencegame,format_checking_clp_chat,DOCCI_images,episode_00014,Aborted at Player 2,0
2873,multimodal_referencegame,format_checking_clp_chat,DOCCI_images,episode_00014,Request Count,2
2874,multimodal_referencegame,format_checking_clp_chat,DOCCI_images,episode_00014,Parsed Request Count,2
2875,multimodal_referencegame,format_checking_clp_chat,DOCCI_images,episode_00014,Violated Request Count,0
2876,multimodal_referencegame,format_checking_clp_chat,DOCCI_images,episode_00014,Aborted,0
2877,multimodal_referencegame,format_checking_clp_chat,DOCCI_images,episode_00014,Success,1
2878,multimodal_referencegame,format_checking_clp_chat,DOCCI_images,episode_00014,Lose,0
2879,multimodal_referencegame,format_checking_clp_chat,DOCCI_images,episode_00014,Main Score,100
2880,multimodal_referencegame,format_checking_clp_chat,DOCCI_images,episode_00014,Request Success Ratio,1.0
2881,multimodal_referencegame,format_checking_clp_chat,DOCCI_static_target_images,episode_00019,Generated Expression Length,72
2882,multimodal_referencegame,format_checking_clp_chat,DOCCI_static_target_images,episode_00019,Generated Expression Number of Tokens,14
2883,multimodal_referencegame,format_checking_clp_chat,DOCCI_static_target_images,episode_00019,Aborted at Player 1,0
2884,multimodal_referencegame,format_checking_clp_chat,DOCCI_static_target_images,episode_00019,Aborted at Player 2,0
2885,multimodal_referencegame,format_checking_clp_chat,DOCCI_static_target_images,episode_00019,Request Count,2
2886,multimodal_referencegame,format_checking_clp_chat,DOCCI_static_target_images,episode_00019,Parsed Request Count,2
2887,multimodal_referencegame,format_checking_clp_chat,DOCCI_static_target_images,episode_00019,Violated Request Count,0
2888,multimodal_referencegame,format_checking_clp_chat,DOCCI_static_target_images,episode_00019,Aborted,0
2889,multimodal_referencegame,format_checking_clp_chat,DOCCI_static_target_images,episode_00019,Success,1
2890,multimodal_referencegame,format_checking_clp_chat,DOCCI_static_target_images,episode_00019,Lose,0
2891,multimodal_referencegame,format_checking_clp_chat,DOCCI_static_target_images,episode_00019,Main Score,100
2892,multimodal_referencegame,format_checking_clp_chat,DOCCI_static_target_images,episode_00019,Request Success Ratio,1.0
2893,multimodal_referencegame,format_checking_clp_chat,DOCCI_static_target_images,episode_00020,Generated Expression Length,72
2894,multimodal_referencegame,format_checking_clp_chat,DOCCI_static_target_images,episode_00020,Generated Expression Number of Tokens,14
2895,multimodal_referencegame,format_checking_clp_chat,DOCCI_static_target_images,episode_00020,Aborted at Player 1,0
2896,multimodal_referencegame,format_checking_clp_chat,DOCCI_static_target_images,episode_00020,Aborted at Player 2,0
2897,multimodal_referencegame,format_checking_clp_chat,DOCCI_static_target_images,episode_00020,Request Count,2
2898,multimodal_referencegame,format_checking_clp_chat,DOCCI_static_target_images,episode_00020,Parsed Request Count,2
2899,multimodal_referencegame,format_checking_clp_chat,DOCCI_static_target_images,episode_00020,Violated Request Count,0
2900,multimodal_referencegame,format_checking_clp_chat,DOCCI_static_target_images,episode_00020,Aborted,0
2901,multimodal_referencegame,format_checking_clp_chat,DOCCI_static_target_images,episode_00020,Success,1
2902,multimodal_referencegame,format_checking_clp_chat,DOCCI_static_target_images,episode_00020,Lose,0
2903,multimodal_referencegame,format_checking_clp_chat,DOCCI_static_target_images,episode_00020,Main Score,100
2904,multimodal_referencegame,format_checking_clp_chat,DOCCI_static_target_images,episode_00020,Request Success Ratio,1.0
2905,multimodal_referencegame,format_checking_clp_chat,letter_grids,episode_00007,Generated Expression Length,129
2906,multimodal_referencegame,format_checking_clp_chat,letter_grids,episode_00007,Generated Expression Number of Tokens,26
2907,multimodal_referencegame,format_checking_clp_chat,letter_grids,episode_00007,Aborted at Player 1,0
2908,multimodal_referencegame,format_checking_clp_chat,letter_grids,episode_00007,Aborted at Player 2,0
2909,multimodal_referencegame,format_checking_clp_chat,letter_grids,episode_00007,Request Count,2
2910,multimodal_referencegame,format_checking_clp_chat,letter_grids,episode_00007,Parsed Request Count,2
2911,multimodal_referencegame,format_checking_clp_chat,letter_grids,episode_00007,Violated Request Count,0
2912,multimodal_referencegame,format_checking_clp_chat,letter_grids,episode_00007,Aborted,0
2913,multimodal_referencegame,format_checking_clp_chat,letter_grids,episode_00007,Success,1
2914,multimodal_referencegame,format_checking_clp_chat,letter_grids,episode_00007,Lose,0
2915,multimodal_referencegame,format_checking_clp_chat,letter_grids,episode_00007,Main Score,100
2916,multimodal_referencegame,format_checking_clp_chat,letter_grids,episode_00007,Request Success Ratio,1.0
2917,multimodal_referencegame,format_checking_clp_chat,letter_grids,episode_00008,Generated Expression Length,97
2918,multimodal_referencegame,format_checking_clp_chat,letter_grids,episode_00008,Generated Expression Number of Tokens,19
2919,multimodal_referencegame,format_checking_clp_chat,letter_grids,episode_00008,Aborted at Player 1,0
2920,multimodal_referencegame,format_checking_clp_chat,letter_grids,episode_00008,Aborted at Player 2,0
2921,multimodal_referencegame,format_checking_clp_chat,letter_grids,episode_00008,Request Count,2
2922,multimodal_referencegame,format_checking_clp_chat,letter_grids,episode_00008,Parsed Request Count,2
2923,multimodal_referencegame,format_checking_clp_chat,letter_grids,episode_00008,Violated Request Count,0
2924,multimodal_referencegame,format_checking_clp_chat,letter_grids,episode_00008,Aborted,0
2925,multimodal_referencegame,format_checking_clp_chat,letter_grids,episode_00008,Success,0
2926,multimodal_referencegame,format_checking_clp_chat,letter_grids,episode_00008,Lose,1
2927,multimodal_referencegame,format_checking_clp_chat,letter_grids,episode_00008,Main Score,0
2928,multimodal_referencegame,format_checking_clp_chat,letter_grids,episode_00008,Request Success Ratio,1.0
2929,multimodal_referencegame,format_checking_clp_chat,line_grids_columns,episode_00003,Generated Expression Length,96
2930,multimodal_referencegame,format_checking_clp_chat,line_grids_columns,episode_00003,Generated Expression Number of Tokens,19
2931,multimodal_referencegame,format_checking_clp_chat,line_grids_columns,episode_00003,Aborted at Player 1,0
2932,multimodal_referencegame,format_checking_clp_chat,line_grids_columns,episode_00003,Aborted at Player 2,0
2933,multimodal_referencegame,format_checking_clp_chat,line_grids_columns,episode_00003,Request Count,2
2934,multimodal_referencegame,format_checking_clp_chat,line_grids_columns,episode_00003,Parsed Request Count,2
2935,multimodal_referencegame,format_checking_clp_chat,line_grids_columns,episode_00003,Violated Request Count,0
2936,multimodal_referencegame,format_checking_clp_chat,line_grids_columns,episode_00003,Aborted,0
2937,multimodal_referencegame,format_checking_clp_chat,line_grids_columns,episode_00003,Success,1
2938,multimodal_referencegame,format_checking_clp_chat,line_grids_columns,episode_00003,Lose,0
2939,multimodal_referencegame,format_checking_clp_chat,line_grids_columns,episode_00003,Main Score,100
2940,multimodal_referencegame,format_checking_clp_chat,line_grids_columns,episode_00003,Request Success Ratio,1.0
2941,multimodal_referencegame,format_checking_clp_chat,line_grids_columns,episode_00004,Generated Expression Length,96
2942,multimodal_referencegame,format_checking_clp_chat,line_grids_columns,episode_00004,Generated Expression Number of Tokens,19
2943,multimodal_referencegame,format_checking_clp_chat,line_grids_columns,episode_00004,Aborted at Player 1,0
2944,multimodal_referencegame,format_checking_clp_chat,line_grids_columns,episode_00004,Aborted at Player 2,0
2945,multimodal_referencegame,format_checking_clp_chat,line_grids_columns,episode_00004,Request Count,2
2946,multimodal_referencegame,format_checking_clp_chat,line_grids_columns,episode_00004,Parsed Request Count,2
2947,multimodal_referencegame,format_checking_clp_chat,line_grids_columns,episode_00004,Violated Request Count,0
2948,multimodal_referencegame,format_checking_clp_chat,line_grids_columns,episode_00004,Aborted,0
2949,multimodal_referencegame,format_checking_clp_chat,line_grids_columns,episode_00004,Success,0
2950,multimodal_referencegame,format_checking_clp_chat,line_grids_columns,episode_00004,Lose,1
2951,multimodal_referencegame,format_checking_clp_chat,line_grids_columns,episode_00004,Main Score,0
2952,multimodal_referencegame,format_checking_clp_chat,line_grids_columns,episode_00004,Request Success Ratio,1.0
2953,multimodal_referencegame,format_checking_clp_chat,line_grids_rows,episode_00001,Generated Expression Length,88
2954,multimodal_referencegame,format_checking_clp_chat,line_grids_rows,episode_00001,Generated Expression Number of Tokens,17
2955,multimodal_referencegame,format_checking_clp_chat,line_grids_rows,episode_00001,Aborted at Player 1,0
2956,multimodal_referencegame,format_checking_clp_chat,line_grids_rows,episode_00001,Aborted at Player 2,0
2957,multimodal_referencegame,format_checking_clp_chat,line_grids_rows,episode_00001,Request Count,2
2958,multimodal_referencegame,format_checking_clp_chat,line_grids_rows,episode_00001,Parsed Request Count,2
2959,multimodal_referencegame,format_checking_clp_chat,line_grids_rows,episode_00001,Violated Request Count,0
2960,multimodal_referencegame,format_checking_clp_chat,line_grids_rows,episode_00001,Aborted,0
2961,multimodal_referencegame,format_checking_clp_chat,line_grids_rows,episode_00001,Success,1
2962,multimodal_referencegame,format_checking_clp_chat,line_grids_rows,episode_00001,Lose,0
2963,multimodal_referencegame,format_checking_clp_chat,line_grids_rows,episode_00001,Main Score,100
2964,multimodal_referencegame,format_checking_clp_chat,line_grids_rows,episode_00001,Request Success Ratio,1.0
2965,multimodal_referencegame,format_checking_clp_chat,line_grids_rows,episode_00002,Generated Expression Length,88
2966,multimodal_referencegame,format_checking_clp_chat,line_grids_rows,episode_00002,Generated Expression Number of Tokens,17
2967,multimodal_referencegame,format_checking_clp_chat,line_grids_rows,episode_00002,Aborted at Player 1,0
2968,multimodal_referencegame,format_checking_clp_chat,line_grids_rows,episode_00002,Aborted at Player 2,0
2969,multimodal_referencegame,format_checking_clp_chat,line_grids_rows,episode_00002,Request Count,2
2970,multimodal_referencegame,format_checking_clp_chat,line_grids_rows,episode_00002,Parsed Request Count,2
2971,multimodal_referencegame,format_checking_clp_chat,line_grids_rows,episode_00002,Violated Request Count,0
2972,multimodal_referencegame,format_checking_clp_chat,line_grids_rows,episode_00002,Aborted,0
2973,multimodal_referencegame,format_checking_clp_chat,line_grids_rows,episode_00002,Success,1
2974,multimodal_referencegame,format_checking_clp_chat,line_grids_rows,episode_00002,Lose,0
2975,multimodal_referencegame,format_checking_clp_chat,line_grids_rows,episode_00002,Main Score,100
2976,multimodal_referencegame,format_checking_clp_chat,line_grids_rows,episode_00002,Request Success Ratio,1.0
2977,multimodal_referencegame,format_checking_clp_chat,pentomino_images,episode_00021,Generated Expression Length,50
2978,multimodal_referencegame,format_checking_clp_chat,pentomino_images,episode_00021,Generated Expression Number of Tokens,9
2979,multimodal_referencegame,format_checking_clp_chat,pentomino_images,episode_00021,Aborted at Player 1,0
2980,multimodal_referencegame,format_checking_clp_chat,pentomino_images,episode_00021,Aborted at Player 2,0
2981,multimodal_referencegame,format_checking_clp_chat,pentomino_images,episode_00021,Request Count,2
2982,multimodal_referencegame,format_checking_clp_chat,pentomino_images,episode_00021,Parsed Request Count,2
2983,multimodal_referencegame,format_checking_clp_chat,pentomino_images,episode_00021,Violated Request Count,0
2984,multimodal_referencegame,format_checking_clp_chat,pentomino_images,episode_00021,Aborted,0
2985,multimodal_referencegame,format_checking_clp_chat,pentomino_images,episode_00021,Success,0
2986,multimodal_referencegame,format_checking_clp_chat,pentomino_images,episode_00021,Lose,1
2987,multimodal_referencegame,format_checking_clp_chat,pentomino_images,episode_00021,Main Score,0
2988,multimodal_referencegame,format_checking_clp_chat,pentomino_images,episode_00021,Request Success Ratio,1.0
2989,multimodal_referencegame,format_checking_clp_chat,pentomino_images,episode_00022,Generated Expression Length,130
2990,multimodal_referencegame,format_checking_clp_chat,pentomino_images,episode_00022,Generated Expression Number of Tokens,25
2991,multimodal_referencegame,format_checking_clp_chat,pentomino_images,episode_00022,Aborted at Player 1,0
2992,multimodal_referencegame,format_checking_clp_chat,pentomino_images,episode_00022,Aborted at Player 2,0
2993,multimodal_referencegame,format_checking_clp_chat,pentomino_images,episode_00022,Request Count,2
2994,multimodal_referencegame,format_checking_clp_chat,pentomino_images,episode_00022,Parsed Request Count,2
2995,multimodal_referencegame,format_checking_clp_chat,pentomino_images,episode_00022,Violated Request Count,0
2996,multimodal_referencegame,format_checking_clp_chat,pentomino_images,episode_00022,Aborted,0
2997,multimodal_referencegame,format_checking_clp_chat,pentomino_images,episode_00022,Success,0
2998,multimodal_referencegame,format_checking_clp_chat,pentomino_images,episode_00022,Lose,1
2999,multimodal_referencegame,format_checking_clp_chat,pentomino_images,episode_00022,Main Score,0
3000,multimodal_referencegame,format_checking_clp_chat,pentomino_images,episode_00022,Request Success Ratio,1.0
3001,multimodal_referencegame,format_checking_clp_chat,random_grids,episode_00011,Generated Expression Length,263
3002,multimodal_referencegame,format_checking_clp_chat,random_grids,episode_00011,Generated Expression Number of Tokens,48
3003,multimodal_referencegame,format_checking_clp_chat,random_grids,episode_00011,Aborted at Player 1,0
3004,multimodal_referencegame,format_checking_clp_chat,random_grids,episode_00011,Aborted at Player 2,0
3005,multimodal_referencegame,format_checking_clp_chat,random_grids,episode_00011,Request Count,2
3006,multimodal_referencegame,format_checking_clp_chat,random_grids,episode_00011,Parsed Request Count,2
3007,multimodal_referencegame,format_checking_clp_chat,random_grids,episode_00011,Violated Request Count,0
3008,multimodal_referencegame,format_checking_clp_chat,random_grids,episode_00011,Aborted,0
3009,multimodal_referencegame,format_checking_clp_chat,random_grids,episode_00011,Success,1
3010,multimodal_referencegame,format_checking_clp_chat,random_grids,episode_00011,Lose,0
3011,multimodal_referencegame,format_checking_clp_chat,random_grids,episode_00011,Main Score,100
3012,multimodal_referencegame,format_checking_clp_chat,random_grids,episode_00011,Request Success Ratio,1.0
3013,multimodal_referencegame,format_checking_clp_chat,random_grids,episode_00012,Generated Expression Length,263
3014,multimodal_referencegame,format_checking_clp_chat,random_grids,episode_00012,Generated Expression Number of Tokens,48
3015,multimodal_referencegame,format_checking_clp_chat,random_grids,episode_00012,Aborted at Player 1,0
3016,multimodal_referencegame,format_checking_clp_chat,random_grids,episode_00012,Aborted at Player 2,0
3017,multimodal_referencegame,format_checking_clp_chat,random_grids,episode_00012,Request Count,2
3018,multimodal_referencegame,format_checking_clp_chat,random_grids,episode_00012,Parsed Request Count,2
3019,multimodal_referencegame,format_checking_clp_chat,random_grids,episode_00012,Violated Request Count,0
3020,multimodal_referencegame,format_checking_clp_chat,random_grids,episode_00012,Aborted,0
3021,multimodal_referencegame,format_checking_clp_chat,random_grids,episode_00012,Success,1
3022,multimodal_referencegame,format_checking_clp_chat,random_grids,episode_00012,Lose,0
3023,multimodal_referencegame,format_checking_clp_chat,random_grids,episode_00012,Main Score,100
3024,multimodal_referencegame,format_checking_clp_chat,random_grids,episode_00012,Request Success Ratio,1.0
3025,multimodal_referencegame,format_checking_clp_chat,shape_grids,episode_00009,Generated Expression Length,77
3026,multimodal_referencegame,format_checking_clp_chat,shape_grids,episode_00009,Generated Expression Number of Tokens,15
3027,multimodal_referencegame,format_checking_clp_chat,shape_grids,episode_00009,Aborted at Player 1,0
3028,multimodal_referencegame,format_checking_clp_chat,shape_grids,episode_00009,Aborted at Player 2,0
3029,multimodal_referencegame,format_checking_clp_chat,shape_grids,episode_00009,Request Count,2
3030,multimodal_referencegame,format_checking_clp_chat,shape_grids,episode_00009,Parsed Request Count,2
3031,multimodal_referencegame,format_checking_clp_chat,shape_grids,episode_00009,Violated Request Count,0
3032,multimodal_referencegame,format_checking_clp_chat,shape_grids,episode_00009,Aborted,0
3033,multimodal_referencegame,format_checking_clp_chat,shape_grids,episode_00009,Success,1
3034,multimodal_referencegame,format_checking_clp_chat,shape_grids,episode_00009,Lose,0
3035,multimodal_referencegame,format_checking_clp_chat,shape_grids,episode_00009,Main Score,100
3036,multimodal_referencegame,format_checking_clp_chat,shape_grids,episode_00009,Request Success Ratio,1.0
3037,multimodal_referencegame,format_checking_clp_chat,shape_grids,episode_00010,Generated Expression Length,89
3038,multimodal_referencegame,format_checking_clp_chat,shape_grids,episode_00010,Generated Expression Number of Tokens,18
3039,multimodal_referencegame,format_checking_clp_chat,shape_grids,episode_00010,Aborted at Player 1,0
3040,multimodal_referencegame,format_checking_clp_chat,shape_grids,episode_00010,Aborted at Player 2,0
3041,multimodal_referencegame,format_checking_clp_chat,shape_grids,episode_00010,Request Count,2
3042,multimodal_referencegame,format_checking_clp_chat,shape_grids,episode_00010,Parsed Request Count,2
3043,multimodal_referencegame,format_checking_clp_chat,shape_grids,episode_00010,Violated Request Count,0
3044,multimodal_referencegame,format_checking_clp_chat,shape_grids,episode_00010,Aborted,0
3045,multimodal_referencegame,format_checking_clp_chat,shape_grids,episode_00010,Success,0
3046,multimodal_referencegame,format_checking_clp_chat,shape_grids,episode_00010,Lose,1
3047,multimodal_referencegame,format_checking_clp_chat,shape_grids,episode_00010,Main Score,0
3048,multimodal_referencegame,format_checking_clp_chat,shape_grids,episode_00010,Request Success Ratio,1.0
3049,privateshared,format_checking_clp_chat,job-interview,episode_00006,Accuracy,0.4
3050,privateshared,format_checking_clp_chat,job-interview,episode_00006,Kappa,0.0
3051,privateshared,format_checking_clp_chat,job-interview,episode_00006,Truncated Kappa,0
3052,privateshared,format_checking_clp_chat,job-interview,episode_00006,Slot-Filling-Accuracy,
3053,privateshared,format_checking_clp_chat,job-interview,episode_00006,Main Score,
3054,privateshared,format_checking_clp_chat,job-interview,episode_00006,Aborted,0
3055,privateshared,format_checking_clp_chat,job-interview,episode_00006,Lose,1
3056,privateshared,format_checking_clp_chat,job-interview,episode_00006,Success,0
3057,privateshared,format_checking_clp_chat,job-interview,episode_00006,Request Count,8
3058,privateshared,format_checking_clp_chat,job-interview,episode_00006,Parsed Request Count,5
3059,privateshared,format_checking_clp_chat,job-interview,episode_00006,Violated Request Count,8
3060,privateshared,format_checking_clp_chat,job-interview,episode_00006,Request Success Ratio,0.625
3061,privateshared,format_checking_clp_chat,job-interview,episode_00007,Accuracy,0.6
3062,privateshared,format_checking_clp_chat,job-interview,episode_00007,Kappa,0.0
3063,privateshared,format_checking_clp_chat,job-interview,episode_00007,Truncated Kappa,0
3064,privateshared,format_checking_clp_chat,job-interview,episode_00007,Slot-Filling-Accuracy,
3065,privateshared,format_checking_clp_chat,job-interview,episode_00007,Main Score,
3066,privateshared,format_checking_clp_chat,job-interview,episode_00007,Aborted,0
3067,privateshared,format_checking_clp_chat,job-interview,episode_00007,Lose,1
3068,privateshared,format_checking_clp_chat,job-interview,episode_00007,Success,0
3069,privateshared,format_checking_clp_chat,job-interview,episode_00007,Request Count,7
3070,privateshared,format_checking_clp_chat,job-interview,episode_00007,Parsed Request Count,5
3071,privateshared,format_checking_clp_chat,job-interview,episode_00007,Violated Request Count,7
3072,privateshared,format_checking_clp_chat,job-interview,episode_00007,Request Success Ratio,0.7142857142857143
3073,privateshared,format_checking_clp_chat,job-interview,episode_00008,Accuracy,0.4
3074,privateshared,format_checking_clp_chat,job-interview,episode_00008,Kappa,0.0
3075,privateshared,format_checking_clp_chat,job-interview,episode_00008,Truncated Kappa,0
3076,privateshared,format_checking_clp_chat,job-interview,episode_00008,Slot-Filling-Accuracy,
3077,privateshared,format_checking_clp_chat,job-interview,episode_00008,Main Score,
3078,privateshared,format_checking_clp_chat,job-interview,episode_00008,Aborted,0
3079,privateshared,format_checking_clp_chat,job-interview,episode_00008,Lose,1
3080,privateshared,format_checking_clp_chat,job-interview,episode_00008,Success,0
3081,privateshared,format_checking_clp_chat,job-interview,episode_00008,Request Count,7
3082,privateshared,format_checking_clp_chat,job-interview,episode_00008,Parsed Request Count,5
3083,privateshared,format_checking_clp_chat,job-interview,episode_00008,Violated Request Count,7
3084,privateshared,format_checking_clp_chat,job-interview,episode_00008,Request Success Ratio,0.7142857142857143
3085,privateshared,format_checking_clp_chat,job-interview,episode_00009,Accuracy,0.6
3086,privateshared,format_checking_clp_chat,job-interview,episode_00009,Kappa,-0.17647058823529393
3087,privateshared,format_checking_clp_chat,job-interview,episode_00009,Truncated Kappa,0
3088,privateshared,format_checking_clp_chat,job-interview,episode_00009,Slot-Filling-Accuracy,0.0
3089,privateshared,format_checking_clp_chat,job-interview,episode_00009,Main Score,0
3090,privateshared,format_checking_clp_chat,job-interview,episode_00009,Aborted,0
3091,privateshared,format_checking_clp_chat,job-interview,episode_00009,Lose,1
3092,privateshared,format_checking_clp_chat,job-interview,episode_00009,Success,0
3093,privateshared,format_checking_clp_chat,job-interview,episode_00009,Request Count,14
3094,privateshared,format_checking_clp_chat,job-interview,episode_00009,Parsed Request Count,11
3095,privateshared,format_checking_clp_chat,job-interview,episode_00009,Violated Request Count,7
3096,privateshared,format_checking_clp_chat,job-interview,episode_00009,Request Success Ratio,0.7857142857142857
3097,privateshared,format_checking_clp_chat,job-interview,episode_00010,Accuracy,1.0
3098,privateshared,format_checking_clp_chat,job-interview,episode_00010,Kappa,
3099,privateshared,format_checking_clp_chat,job-interview,episode_00010,Truncated Kappa,0
3100,privateshared,format_checking_clp_chat,job-interview,episode_00010,Slot-Filling-Accuracy,
3101,privateshared,format_checking_clp_chat,job-interview,episode_00010,Main Score,
3102,privateshared,format_checking_clp_chat,job-interview,episode_00010,Aborted,0
3103,privateshared,format_checking_clp_chat,job-interview,episode_00010,Lose,1
3104,privateshared,format_checking_clp_chat,job-interview,episode_00010,Success,0
3105,privateshared,format_checking_clp_chat,job-interview,episode_00010,Request Count,6
3106,privateshared,format_checking_clp_chat,job-interview,episode_00010,Parsed Request Count,5
3107,privateshared,format_checking_clp_chat,job-interview,episode_00010,Violated Request Count,6
3108,privateshared,format_checking_clp_chat,job-interview,episode_00010,Request Success Ratio,0.8333333333333334
3109,privateshared,format_checking_clp_chat,letter-number,episode_00021,Middle-Accuracy,0.6
3110,privateshared,format_checking_clp_chat,letter-number,episode_00021,Accuracy,0.5454545454545454
3111,privateshared,format_checking_clp_chat,letter-number,episode_00021,Kappa,0.09090909090909094
3112,privateshared,format_checking_clp_chat,letter-number,episode_00021,Truncated Kappa,0.09090909090909094
3113,privateshared,format_checking_clp_chat,letter-number,episode_00021,Slot-Filling-Accuracy,0.0
3114,privateshared,format_checking_clp_chat,letter-number,episode_00021,Main Score,0.0
3115,privateshared,format_checking_clp_chat,letter-number,episode_00021,Aborted,0
3116,privateshared,format_checking_clp_chat,letter-number,episode_00021,Lose,1
3117,privateshared,format_checking_clp_chat,letter-number,episode_00021,Success,0
3118,privateshared,format_checking_clp_chat,letter-number,episode_00021,Request Count,167
3119,privateshared,format_checking_clp_chat,letter-number,episode_00021,Parsed Request Count,120
3120,privateshared,format_checking_clp_chat,letter-number,episode_00021,Violated Request Count,47
3121,privateshared,format_checking_clp_chat,letter-number,episode_00021,Request Success Ratio,0.718562874251497
3122,privateshared,format_checking_clp_chat,letter-number,episode_00022,Accuracy,0.5333333333333333
3123,privateshared,format_checking_clp_chat,letter-number,episode_00022,Kappa,0.08695652173913038
3124,privateshared,format_checking_clp_chat,letter-number,episode_00022,Truncated Kappa,0.08695652173913038
3125,privateshared,format_checking_clp_chat,letter-number,episode_00022,Slot-Filling-Accuracy,0.0
3126,privateshared,format_checking_clp_chat,letter-number,episode_00022,Main Score,0.0
3127,privateshared,format_checking_clp_chat,letter-number,episode_00022,Aborted,0
3128,privateshared,format_checking_clp_chat,letter-number,episode_00022,Lose,1
3129,privateshared,format_checking_clp_chat,letter-number,episode_00022,Success,0
3130,privateshared,format_checking_clp_chat,letter-number,episode_00022,Request Count,48
3131,privateshared,format_checking_clp_chat,letter-number,episode_00022,Parsed Request Count,32
3132,privateshared,format_checking_clp_chat,letter-number,episode_00022,Violated Request Count,24
3133,privateshared,format_checking_clp_chat,letter-number,episode_00022,Request Success Ratio,0.6666666666666666
3134,privateshared,format_checking_clp_chat,letter-number,episode_00023,Middle-Accuracy,0.7
3135,privateshared,format_checking_clp_chat,letter-number,episode_00023,Accuracy,0.4777777777777778
3136,privateshared,format_checking_clp_chat,letter-number,episode_00023,Kappa,-0.04962779156327546
3137,privateshared,format_checking_clp_chat,letter-number,episode_00023,Truncated Kappa,0
3138,privateshared,format_checking_clp_chat,letter-number,episode_00023,Slot-Filling-Accuracy,0.0
3139,privateshared,format_checking_clp_chat,letter-number,episode_00023,Main Score,0
3140,privateshared,format_checking_clp_chat,letter-number,episode_00023,Aborted,0
3141,privateshared,format_checking_clp_chat,letter-number,episode_00023,Lose,1
3142,privateshared,format_checking_clp_chat,letter-number,episode_00023,Success,0
3143,privateshared,format_checking_clp_chat,letter-number,episode_00023,Request Count,138
3144,privateshared,format_checking_clp_chat,letter-number,episode_00023,Parsed Request Count,98
3145,privateshared,format_checking_clp_chat,letter-number,episode_00023,Violated Request Count,42
3146,privateshared,format_checking_clp_chat,letter-number,episode_00023,Request Success Ratio,0.7101449275362319
3147,privateshared,format_checking_clp_chat,letter-number,episode_00024,Accuracy,0.5
3148,privateshared,format_checking_clp_chat,letter-number,episode_00024,Kappa,0.0
3149,privateshared,format_checking_clp_chat,letter-number,episode_00024,Truncated Kappa,0
3150,privateshared,format_checking_clp_chat,letter-number,episode_00024,Slot-Filling-Accuracy,0.0
3151,privateshared,format_checking_clp_chat,letter-number,episode_00024,Main Score,0
3152,privateshared,format_checking_clp_chat,letter-number,episode_00024,Aborted,0
3153,privateshared,format_checking_clp_chat,letter-number,episode_00024,Lose,1
3154,privateshared,format_checking_clp_chat,letter-number,episode_00024,Success,0
3155,privateshared,format_checking_clp_chat,letter-number,episode_00024,Request Count,27
3156,privateshared,format_checking_clp_chat,letter-number,episode_00024,Parsed Request Count,21
3157,privateshared,format_checking_clp_chat,letter-number,episode_00024,Violated Request Count,15
3158,privateshared,format_checking_clp_chat,letter-number,episode_00024,Request Success Ratio,0.7777777777777778
3159,privateshared,format_checking_clp_chat,letter-number,episode_00025,Accuracy,
3160,privateshared,format_checking_clp_chat,letter-number,episode_00025,Kappa,
3161,privateshared,format_checking_clp_chat,letter-number,episode_00025,Truncated Kappa,
3162,privateshared,format_checking_clp_chat,letter-number,episode_00025,Slot-Filling-Accuracy,
3163,privateshared,format_checking_clp_chat,letter-number,episode_00025,Main Score,
3164,privateshared,format_checking_clp_chat,letter-number,episode_00025,Aborted,1
3165,privateshared,format_checking_clp_chat,letter-number,episode_00025,Lose,0
3166,privateshared,format_checking_clp_chat,letter-number,episode_00025,Success,0
3167,privateshared,format_checking_clp_chat,letter-number,episode_00025,Request Count,48
3168,privateshared,format_checking_clp_chat,letter-number,episode_00025,Parsed Request Count,31
3169,privateshared,format_checking_clp_chat,letter-number,episode_00025,Violated Request Count,17
3170,privateshared,format_checking_clp_chat,letter-number,episode_00025,Request Success Ratio,0.6458333333333334
3171,privateshared,format_checking_clp_chat,restaurant,episode_00011,Accuracy,0.2
3172,privateshared,format_checking_clp_chat,restaurant,episode_00011,Kappa,0.0
3173,privateshared,format_checking_clp_chat,restaurant,episode_00011,Truncated Kappa,0
3174,privateshared,format_checking_clp_chat,restaurant,episode_00011,Slot-Filling-Accuracy,
3175,privateshared,format_checking_clp_chat,restaurant,episode_00011,Main Score,
3176,privateshared,format_checking_clp_chat,restaurant,episode_00011,Aborted,0
3177,privateshared,format_checking_clp_chat,restaurant,episode_00011,Lose,1
3178,privateshared,format_checking_clp_chat,restaurant,episode_00011,Success,0
3179,privateshared,format_checking_clp_chat,restaurant,episode_00011,Request Count,6
3180,privateshared,format_checking_clp_chat,restaurant,episode_00011,Parsed Request Count,5
3181,privateshared,format_checking_clp_chat,restaurant,episode_00011,Violated Request Count,6
3182,privateshared,format_checking_clp_chat,restaurant,episode_00011,Request Success Ratio,0.8333333333333334
3183,privateshared,format_checking_clp_chat,restaurant,episode_00012,Accuracy,0.6
3184,privateshared,format_checking_clp_chat,restaurant,episode_00012,Kappa,0.19999999999999996
3185,privateshared,format_checking_clp_chat,restaurant,episode_00012,Truncated Kappa,0.19999999999999996
3186,privateshared,format_checking_clp_chat,restaurant,episode_00012,Slot-Filling-Accuracy,0.0
3187,privateshared,format_checking_clp_chat,restaurant,episode_00012,Main Score,0.0
3188,privateshared,format_checking_clp_chat,restaurant,episode_00012,Aborted,0
3189,privateshared,format_checking_clp_chat,restaurant,episode_00012,Lose,1
3190,privateshared,format_checking_clp_chat,restaurant,episode_00012,Success,0
3191,privateshared,format_checking_clp_chat,restaurant,episode_00012,Request Count,20
3192,privateshared,format_checking_clp_chat,restaurant,episode_00012,Parsed Request Count,11
3193,privateshared,format_checking_clp_chat,restaurant,episode_00012,Violated Request Count,13
3194,privateshared,format_checking_clp_chat,restaurant,episode_00012,Request Success Ratio,0.55
3195,privateshared,format_checking_clp_chat,restaurant,episode_00013,Accuracy,0.6
3196,privateshared,format_checking_clp_chat,restaurant,episode_00013,Kappa,0.0
3197,privateshared,format_checking_clp_chat,restaurant,episode_00013,Truncated Kappa,0
3198,privateshared,format_checking_clp_chat,restaurant,episode_00013,Slot-Filling-Accuracy,
3199,privateshared,format_checking_clp_chat,restaurant,episode_00013,Main Score,
3200,privateshared,format_checking_clp_chat,restaurant,episode_00013,Aborted,0
3201,privateshared,format_checking_clp_chat,restaurant,episode_00013,Lose,1
3202,privateshared,format_checking_clp_chat,restaurant,episode_00013,Success,0
3203,privateshared,format_checking_clp_chat,restaurant,episode_00013,Request Count,8
3204,privateshared,format_checking_clp_chat,restaurant,episode_00013,Parsed Request Count,5
3205,privateshared,format_checking_clp_chat,restaurant,episode_00013,Violated Request Count,8
3206,privateshared,format_checking_clp_chat,restaurant,episode_00013,Request Success Ratio,0.625
3207,privateshared,format_checking_clp_chat,restaurant,episode_00014,Accuracy,0.6
3208,privateshared,format_checking_clp_chat,restaurant,episode_00014,Kappa,0.0
3209,privateshared,format_checking_clp_chat,restaurant,episode_00014,Truncated Kappa,0
3210,privateshared,format_checking_clp_chat,restaurant,episode_00014,Slot-Filling-Accuracy,
3211,privateshared,format_checking_clp_chat,restaurant,episode_00014,Main Score,
3212,privateshared,format_checking_clp_chat,restaurant,episode_00014,Aborted,0
3213,privateshared,format_checking_clp_chat,restaurant,episode_00014,Lose,1
3214,privateshared,format_checking_clp_chat,restaurant,episode_00014,Success,0
3215,privateshared,format_checking_clp_chat,restaurant,episode_00014,Request Count,6
3216,privateshared,format_checking_clp_chat,restaurant,episode_00014,Parsed Request Count,5
3217,privateshared,format_checking_clp_chat,restaurant,episode_00014,Violated Request Count,6
3218,privateshared,format_checking_clp_chat,restaurant,episode_00014,Request Success Ratio,0.8333333333333334
3219,privateshared,format_checking_clp_chat,restaurant,episode_00015,Accuracy,
3220,privateshared,format_checking_clp_chat,restaurant,episode_00015,Kappa,
3221,privateshared,format_checking_clp_chat,restaurant,episode_00015,Truncated Kappa,
3222,privateshared,format_checking_clp_chat,restaurant,episode_00015,Slot-Filling-Accuracy,
3223,privateshared,format_checking_clp_chat,restaurant,episode_00015,Main Score,
3224,privateshared,format_checking_clp_chat,restaurant,episode_00015,Aborted,1
3225,privateshared,format_checking_clp_chat,restaurant,episode_00015,Lose,0
3226,privateshared,format_checking_clp_chat,restaurant,episode_00015,Success,0
3227,privateshared,format_checking_clp_chat,restaurant,episode_00015,Request Count,7
3228,privateshared,format_checking_clp_chat,restaurant,episode_00015,Parsed Request Count,2
3229,privateshared,format_checking_clp_chat,restaurant,episode_00015,Violated Request Count,5
3230,privateshared,format_checking_clp_chat,restaurant,episode_00015,Request Success Ratio,0.2857142857142857
3231,privateshared,format_checking_clp_chat,things-places,episode_00016,Accuracy,0.5333333333333333
3232,privateshared,format_checking_clp_chat,things-places,episode_00016,Kappa,0.08196721311475408
3233,privateshared,format_checking_clp_chat,things-places,episode_00016,Truncated Kappa,0.08196721311475408
3234,privateshared,format_checking_clp_chat,things-places,episode_00016,Slot-Filling-Accuracy,0.0
3235,privateshared,format_checking_clp_chat,things-places,episode_00016,Main Score,0.0
3236,privateshared,format_checking_clp_chat,things-places,episode_00016,Aborted,0
3237,privateshared,format_checking_clp_chat,things-places,episode_00016,Lose,1
3238,privateshared,format_checking_clp_chat,things-places,episode_00016,Success,0
3239,privateshared,format_checking_clp_chat,things-places,episode_00016,Request Count,93
3240,privateshared,format_checking_clp_chat,things-places,episode_00016,Parsed Request Count,63
3241,privateshared,format_checking_clp_chat,things-places,episode_00016,Violated Request Count,42
3242,privateshared,format_checking_clp_chat,things-places,episode_00016,Request Success Ratio,0.6774193548387096
3243,privateshared,format_checking_clp_chat,things-places,episode_00017,Accuracy,0.6666666666666666
3244,privateshared,format_checking_clp_chat,things-places,episode_00017,Kappa,0.2857142857142857
3245,privateshared,format_checking_clp_chat,things-places,episode_00017,Truncated Kappa,0.2857142857142857
3246,privateshared,format_checking_clp_chat,things-places,episode_00017,Slot-Filling-Accuracy,0.0
3247,privateshared,format_checking_clp_chat,things-places,episode_00017,Main Score,0.0
3248,privateshared,format_checking_clp_chat,things-places,episode_00017,Aborted,0
3249,privateshared,format_checking_clp_chat,things-places,episode_00017,Lose,1
3250,privateshared,format_checking_clp_chat,things-places,episode_00017,Success,0
3251,privateshared,format_checking_clp_chat,things-places,episode_00017,Request Count,45
3252,privateshared,format_checking_clp_chat,things-places,episode_00017,Parsed Request Count,31
3253,privateshared,format_checking_clp_chat,things-places,episode_00017,Violated Request Count,28
3254,privateshared,format_checking_clp_chat,things-places,episode_00017,Request Success Ratio,0.6888888888888889
3255,privateshared,format_checking_clp_chat,things-places,episode_00018,Accuracy,0.6333333333333333
3256,privateshared,format_checking_clp_chat,things-places,episode_00018,Kappa,0.2465753424657534
3257,privateshared,format_checking_clp_chat,things-places,episode_00018,Truncated Kappa,0.2465753424657534
3258,privateshared,format_checking_clp_chat,things-places,episode_00018,Slot-Filling-Accuracy,0.0
3259,privateshared,format_checking_clp_chat,things-places,episode_00018,Main Score,0.0
3260,privateshared,format_checking_clp_chat,things-places,episode_00018,Aborted,0
3261,privateshared,format_checking_clp_chat,things-places,episode_00018,Lose,1
3262,privateshared,format_checking_clp_chat,things-places,episode_00018,Success,0
3263,privateshared,format_checking_clp_chat,things-places,episode_00018,Request Count,49
3264,privateshared,format_checking_clp_chat,things-places,episode_00018,Parsed Request Count,31
3265,privateshared,format_checking_clp_chat,things-places,episode_00018,Violated Request Count,32
3266,privateshared,format_checking_clp_chat,things-places,episode_00018,Request Success Ratio,0.6326530612244898
3267,privateshared,format_checking_clp_chat,things-places,episode_00019,Accuracy,0.43333333333333335
3268,privateshared,format_checking_clp_chat,things-places,episode_00019,Kappa,-0.1333333333333333
3269,privateshared,format_checking_clp_chat,things-places,episode_00019,Truncated Kappa,0
3270,privateshared,format_checking_clp_chat,things-places,episode_00019,Slot-Filling-Accuracy,0.0
3271,privateshared,format_checking_clp_chat,things-places,episode_00019,Main Score,0
3272,privateshared,format_checking_clp_chat,things-places,episode_00019,Aborted,0
3273,privateshared,format_checking_clp_chat,things-places,episode_00019,Lose,1
3274,privateshared,format_checking_clp_chat,things-places,episode_00019,Success,0
3275,privateshared,format_checking_clp_chat,things-places,episode_00019,Request Count,48
3276,privateshared,format_checking_clp_chat,things-places,episode_00019,Parsed Request Count,31
3277,privateshared,format_checking_clp_chat,things-places,episode_00019,Violated Request Count,31
3278,privateshared,format_checking_clp_chat,things-places,episode_00019,Request Success Ratio,0.6458333333333334
3279,privateshared,format_checking_clp_chat,things-places,episode_00020,Accuracy,
3280,privateshared,format_checking_clp_chat,things-places,episode_00020,Kappa,
3281,privateshared,format_checking_clp_chat,things-places,episode_00020,Truncated Kappa,
3282,privateshared,format_checking_clp_chat,things-places,episode_00020,Slot-Filling-Accuracy,
3283,privateshared,format_checking_clp_chat,things-places,episode_00020,Main Score,
3284,privateshared,format_checking_clp_chat,things-places,episode_00020,Aborted,1
3285,privateshared,format_checking_clp_chat,things-places,episode_00020,Lose,0
3286,privateshared,format_checking_clp_chat,things-places,episode_00020,Success,0
3287,privateshared,format_checking_clp_chat,things-places,episode_00020,Request Count,44
3288,privateshared,format_checking_clp_chat,things-places,episode_00020,Parsed Request Count,25
3289,privateshared,format_checking_clp_chat,things-places,episode_00020,Violated Request Count,21
3290,privateshared,format_checking_clp_chat,things-places,episode_00020,Request Success Ratio,0.5681818181818182
3291,privateshared,format_checking_clp_chat,travel-booking,episode_00001,Accuracy,0.0
3292,privateshared,format_checking_clp_chat,travel-booking,episode_00001,Kappa,0.0
3293,privateshared,format_checking_clp_chat,travel-booking,episode_00001,Truncated Kappa,0
3294,privateshared,format_checking_clp_chat,travel-booking,episode_00001,Slot-Filling-Accuracy,
3295,privateshared,format_checking_clp_chat,travel-booking,episode_00001,Main Score,
3296,privateshared,format_checking_clp_chat,travel-booking,episode_00001,Aborted,0
3297,privateshared,format_checking_clp_chat,travel-booking,episode_00001,Lose,1
3298,privateshared,format_checking_clp_chat,travel-booking,episode_00001,Success,0
3299,privateshared,format_checking_clp_chat,travel-booking,episode_00001,Request Count,5
3300,privateshared,format_checking_clp_chat,travel-booking,episode_00001,Parsed Request Count,5
3301,privateshared,format_checking_clp_chat,travel-booking,episode_00001,Violated Request Count,5
3302,privateshared,format_checking_clp_chat,travel-booking,episode_00001,Request Success Ratio,1.0
3303,privateshared,format_checking_clp_chat,travel-booking,episode_00002,Accuracy,0.4
3304,privateshared,format_checking_clp_chat,travel-booking,episode_00002,Kappa,0.0
3305,privateshared,format_checking_clp_chat,travel-booking,episode_00002,Truncated Kappa,0
3306,privateshared,format_checking_clp_chat,travel-booking,episode_00002,Slot-Filling-Accuracy,
3307,privateshared,format_checking_clp_chat,travel-booking,episode_00002,Main Score,
3308,privateshared,format_checking_clp_chat,travel-booking,episode_00002,Aborted,0
3309,privateshared,format_checking_clp_chat,travel-booking,episode_00002,Lose,1
3310,privateshared,format_checking_clp_chat,travel-booking,episode_00002,Success,0
3311,privateshared,format_checking_clp_chat,travel-booking,episode_00002,Request Count,6
3312,privateshared,format_checking_clp_chat,travel-booking,episode_00002,Parsed Request Count,5
3313,privateshared,format_checking_clp_chat,travel-booking,episode_00002,Violated Request Count,6
3314,privateshared,format_checking_clp_chat,travel-booking,episode_00002,Request Success Ratio,0.8333333333333334
3315,privateshared,format_checking_clp_chat,travel-booking,episode_00003,Accuracy,
3316,privateshared,format_checking_clp_chat,travel-booking,episode_00003,Kappa,
3317,privateshared,format_checking_clp_chat,travel-booking,episode_00003,Truncated Kappa,
3318,privateshared,format_checking_clp_chat,travel-booking,episode_00003,Slot-Filling-Accuracy,
3319,privateshared,format_checking_clp_chat,travel-booking,episode_00003,Main Score,
3320,privateshared,format_checking_clp_chat,travel-booking,episode_00003,Aborted,1
3321,privateshared,format_checking_clp_chat,travel-booking,episode_00003,Lose,0
3322,privateshared,format_checking_clp_chat,travel-booking,episode_00003,Success,0
3323,privateshared,format_checking_clp_chat,travel-booking,episode_00003,Request Count,10
3324,privateshared,format_checking_clp_chat,travel-booking,episode_00003,Parsed Request Count,3
3325,privateshared,format_checking_clp_chat,travel-booking,episode_00003,Violated Request Count,7
3326,privateshared,format_checking_clp_chat,travel-booking,episode_00003,Request Success Ratio,0.3
3327,privateshared,format_checking_clp_chat,travel-booking,episode_00004,Accuracy,0.2
3328,privateshared,format_checking_clp_chat,travel-booking,episode_00004,Kappa,0.0
3329,privateshared,format_checking_clp_chat,travel-booking,episode_00004,Truncated Kappa,0
3330,privateshared,format_checking_clp_chat,travel-booking,episode_00004,Slot-Filling-Accuracy,
3331,privateshared,format_checking_clp_chat,travel-booking,episode_00004,Main Score,
3332,privateshared,format_checking_clp_chat,travel-booking,episode_00004,Aborted,0
3333,privateshared,format_checking_clp_chat,travel-booking,episode_00004,Lose,1
3334,privateshared,format_checking_clp_chat,travel-booking,episode_00004,Success,0
3335,privateshared,format_checking_clp_chat,travel-booking,episode_00004,Request Count,6
3336,privateshared,format_checking_clp_chat,travel-booking,episode_00004,Parsed Request Count,5
3337,privateshared,format_checking_clp_chat,travel-booking,episode_00004,Violated Request Count,6
3338,privateshared,format_checking_clp_chat,travel-booking,episode_00004,Request Success Ratio,0.8333333333333334
3339,privateshared,format_checking_clp_chat,travel-booking,episode_00005,Accuracy,0.4
3340,privateshared,format_checking_clp_chat,travel-booking,episode_00005,Kappa,0.0
3341,privateshared,format_checking_clp_chat,travel-booking,episode_00005,Truncated Kappa,0
3342,privateshared,format_checking_clp_chat,travel-booking,episode_00005,Slot-Filling-Accuracy,
3343,privateshared,format_checking_clp_chat,travel-booking,episode_00005,Main Score,
3344,privateshared,format_checking_clp_chat,travel-booking,episode_00005,Aborted,0
3345,privateshared,format_checking_clp_chat,travel-booking,episode_00005,Lose,1
3346,privateshared,format_checking_clp_chat,travel-booking,episode_00005,Success,0
3347,privateshared,format_checking_clp_chat,travel-booking,episode_00005,Request Count,10
3348,privateshared,format_checking_clp_chat,travel-booking,episode_00005,Parsed Request Count,5
3349,privateshared,format_checking_clp_chat,travel-booking,episode_00005,Violated Request Count,10
3350,privateshared,format_checking_clp_chat,travel-booking,episode_00005,Request Success Ratio,0.5
3351,referencegame,format_checking_clp_chat,letter_grids,episode_00001,Generated Expression Length,176
3352,referencegame,format_checking_clp_chat,letter_grids,episode_00001,Generated Expression Number of Tokens,33
3353,referencegame,format_checking_clp_chat,letter_grids,episode_00001,Aborted at Player 1,0
3354,referencegame,format_checking_clp_chat,letter_grids,episode_00001,Aborted at Player 2,0
3355,referencegame,format_checking_clp_chat,letter_grids,episode_00001,Request Count,2
3356,referencegame,format_checking_clp_chat,letter_grids,episode_00001,Parsed Request Count,2
3357,referencegame,format_checking_clp_chat,letter_grids,episode_00001,Violated Request Count,0
3358,referencegame,format_checking_clp_chat,letter_grids,episode_00001,Aborted,0
3359,referencegame,format_checking_clp_chat,letter_grids,episode_00001,Success,0
3360,referencegame,format_checking_clp_chat,letter_grids,episode_00001,Lose,1
3361,referencegame,format_checking_clp_chat,letter_grids,episode_00001,Main Score,0
3362,referencegame,format_checking_clp_chat,letter_grids,episode_00001,Request Success Ratio,1.0
3363,referencegame,format_checking_clp_chat,letter_grids,episode_00002,Generated Expression Length,237
3364,referencegame,format_checking_clp_chat,letter_grids,episode_00002,Generated Expression Number of Tokens,43
3365,referencegame,format_checking_clp_chat,letter_grids,episode_00002,Aborted at Player 1,0
3366,referencegame,format_checking_clp_chat,letter_grids,episode_00002,Aborted at Player 2,0
3367,referencegame,format_checking_clp_chat,letter_grids,episode_00002,Request Count,2
3368,referencegame,format_checking_clp_chat,letter_grids,episode_00002,Parsed Request Count,2
3369,referencegame,format_checking_clp_chat,letter_grids,episode_00002,Violated Request Count,0
3370,referencegame,format_checking_clp_chat,letter_grids,episode_00002,Aborted,0
3371,referencegame,format_checking_clp_chat,letter_grids,episode_00002,Success,1
3372,referencegame,format_checking_clp_chat,letter_grids,episode_00002,Lose,0
3373,referencegame,format_checking_clp_chat,letter_grids,episode_00002,Main Score,100
3374,referencegame,format_checking_clp_chat,letter_grids,episode_00002,Request Success Ratio,1.0
3375,referencegame,format_checking_clp_chat,letter_grids,episode_00003,Generated Expression Length,289
3376,referencegame,format_checking_clp_chat,letter_grids,episode_00003,Generated Expression Number of Tokens,57
3377,referencegame,format_checking_clp_chat,letter_grids,episode_00003,Aborted at Player 1,0
3378,referencegame,format_checking_clp_chat,letter_grids,episode_00003,Aborted at Player 2,0
3379,referencegame,format_checking_clp_chat,letter_grids,episode_00003,Request Count,2
3380,referencegame,format_checking_clp_chat,letter_grids,episode_00003,Parsed Request Count,2
3381,referencegame,format_checking_clp_chat,letter_grids,episode_00003,Violated Request Count,0
3382,referencegame,format_checking_clp_chat,letter_grids,episode_00003,Aborted,0
3383,referencegame,format_checking_clp_chat,letter_grids,episode_00003,Success,0
3384,referencegame,format_checking_clp_chat,letter_grids,episode_00003,Lose,1
3385,referencegame,format_checking_clp_chat,letter_grids,episode_00003,Main Score,0
3386,referencegame,format_checking_clp_chat,letter_grids,episode_00003,Request Success Ratio,1.0
3387,referencegame,format_checking_clp_chat,letter_grids,episode_00004,Generated Expression Length,408
3388,referencegame,format_checking_clp_chat,letter_grids,episode_00004,Generated Expression Number of Tokens,80
3389,referencegame,format_checking_clp_chat,letter_grids,episode_00004,Aborted at Player 1,0
3390,referencegame,format_checking_clp_chat,letter_grids,episode_00004,Aborted at Player 2,0
3391,referencegame,format_checking_clp_chat,letter_grids,episode_00004,Request Count,2
3392,referencegame,format_checking_clp_chat,letter_grids,episode_00004,Parsed Request Count,2
3393,referencegame,format_checking_clp_chat,letter_grids,episode_00004,Violated Request Count,0
3394,referencegame,format_checking_clp_chat,letter_grids,episode_00004,Aborted,0
3395,referencegame,format_checking_clp_chat,letter_grids,episode_00004,Success,1
3396,referencegame,format_checking_clp_chat,letter_grids,episode_00004,Lose,0
3397,referencegame,format_checking_clp_chat,letter_grids,episode_00004,Main Score,100
3398,referencegame,format_checking_clp_chat,letter_grids,episode_00004,Request Success Ratio,1.0
3399,referencegame,format_checking_clp_chat,letter_grids,episode_00005,Generated Expression Length,204
3400,referencegame,format_checking_clp_chat,letter_grids,episode_00005,Generated Expression Number of Tokens,39
3401,referencegame,format_checking_clp_chat,letter_grids,episode_00005,Aborted at Player 1,0
3402,referencegame,format_checking_clp_chat,letter_grids,episode_00005,Aborted at Player 2,0
3403,referencegame,format_checking_clp_chat,letter_grids,episode_00005,Request Count,2
3404,referencegame,format_checking_clp_chat,letter_grids,episode_00005,Parsed Request Count,2
3405,referencegame,format_checking_clp_chat,letter_grids,episode_00005,Violated Request Count,0
3406,referencegame,format_checking_clp_chat,letter_grids,episode_00005,Aborted,0
3407,referencegame,format_checking_clp_chat,letter_grids,episode_00005,Success,1
3408,referencegame,format_checking_clp_chat,letter_grids,episode_00005,Lose,0
3409,referencegame,format_checking_clp_chat,letter_grids,episode_00005,Main Score,100
3410,referencegame,format_checking_clp_chat,letter_grids,episode_00005,Request Success Ratio,1.0
3411,referencegame,format_checking_clp_chat,line_grids_columns,episode_00016,Generated Expression Length,231
3412,referencegame,format_checking_clp_chat,line_grids_columns,episode_00016,Generated Expression Number of Tokens,46
3413,referencegame,format_checking_clp_chat,line_grids_columns,episode_00016,Aborted at Player 1,0
3414,referencegame,format_checking_clp_chat,line_grids_columns,episode_00016,Aborted at Player 2,0
3415,referencegame,format_checking_clp_chat,line_grids_columns,episode_00016,Request Count,2
3416,referencegame,format_checking_clp_chat,line_grids_columns,episode_00016,Parsed Request Count,2
3417,referencegame,format_checking_clp_chat,line_grids_columns,episode_00016,Violated Request Count,0
3418,referencegame,format_checking_clp_chat,line_grids_columns,episode_00016,Aborted,0
3419,referencegame,format_checking_clp_chat,line_grids_columns,episode_00016,Success,1
3420,referencegame,format_checking_clp_chat,line_grids_columns,episode_00016,Lose,0
3421,referencegame,format_checking_clp_chat,line_grids_columns,episode_00016,Main Score,100
3422,referencegame,format_checking_clp_chat,line_grids_columns,episode_00016,Request Success Ratio,1.0
3423,referencegame,format_checking_clp_chat,line_grids_columns,episode_00017,Generated Expression Length,189
3424,referencegame,format_checking_clp_chat,line_grids_columns,episode_00017,Generated Expression Number of Tokens,33
3425,referencegame,format_checking_clp_chat,line_grids_columns,episode_00017,Aborted at Player 1,0
3426,referencegame,format_checking_clp_chat,line_grids_columns,episode_00017,Aborted at Player 2,0
3427,referencegame,format_checking_clp_chat,line_grids_columns,episode_00017,Request Count,2
3428,referencegame,format_checking_clp_chat,line_grids_columns,episode_00017,Parsed Request Count,2
3429,referencegame,format_checking_clp_chat,line_grids_columns,episode_00017,Violated Request Count,0
3430,referencegame,format_checking_clp_chat,line_grids_columns,episode_00017,Aborted,0
3431,referencegame,format_checking_clp_chat,line_grids_columns,episode_00017,Success,0
3432,referencegame,format_checking_clp_chat,line_grids_columns,episode_00017,Lose,1
3433,referencegame,format_checking_clp_chat,line_grids_columns,episode_00017,Main Score,0
3434,referencegame,format_checking_clp_chat,line_grids_columns,episode_00017,Request Success Ratio,1.0
3435,referencegame,format_checking_clp_chat,line_grids_columns,episode_00018,Generated Expression Length,197
3436,referencegame,format_checking_clp_chat,line_grids_columns,episode_00018,Generated Expression Number of Tokens,37
3437,referencegame,format_checking_clp_chat,line_grids_columns,episode_00018,Aborted at Player 1,0
3438,referencegame,format_checking_clp_chat,line_grids_columns,episode_00018,Aborted at Player 2,0
3439,referencegame,format_checking_clp_chat,line_grids_columns,episode_00018,Request Count,2
3440,referencegame,format_checking_clp_chat,line_grids_columns,episode_00018,Parsed Request Count,2
3441,referencegame,format_checking_clp_chat,line_grids_columns,episode_00018,Violated Request Count,0
3442,referencegame,format_checking_clp_chat,line_grids_columns,episode_00018,Aborted,0
3443,referencegame,format_checking_clp_chat,line_grids_columns,episode_00018,Success,0
3444,referencegame,format_checking_clp_chat,line_grids_columns,episode_00018,Lose,1
3445,referencegame,format_checking_clp_chat,line_grids_columns,episode_00018,Main Score,0
3446,referencegame,format_checking_clp_chat,line_grids_columns,episode_00018,Request Success Ratio,1.0
3447,referencegame,format_checking_clp_chat,line_grids_columns,episode_00019,Generated Expression Length,132
3448,referencegame,format_checking_clp_chat,line_grids_columns,episode_00019,Generated Expression Number of Tokens,25
3449,referencegame,format_checking_clp_chat,line_grids_columns,episode_00019,Aborted at Player 1,0
3450,referencegame,format_checking_clp_chat,line_grids_columns,episode_00019,Aborted at Player 2,0
3451,referencegame,format_checking_clp_chat,line_grids_columns,episode_00019,Request Count,2
3452,referencegame,format_checking_clp_chat,line_grids_columns,episode_00019,Parsed Request Count,2
3453,referencegame,format_checking_clp_chat,line_grids_columns,episode_00019,Violated Request Count,0
3454,referencegame,format_checking_clp_chat,line_grids_columns,episode_00019,Aborted,0
3455,referencegame,format_checking_clp_chat,line_grids_columns,episode_00019,Success,1
3456,referencegame,format_checking_clp_chat,line_grids_columns,episode_00019,Lose,0
3457,referencegame,format_checking_clp_chat,line_grids_columns,episode_00019,Main Score,100
3458,referencegame,format_checking_clp_chat,line_grids_columns,episode_00019,Request Success Ratio,1.0
3459,referencegame,format_checking_clp_chat,line_grids_columns,episode_00020,Generated Expression Length,132
3460,referencegame,format_checking_clp_chat,line_grids_columns,episode_00020,Generated Expression Number of Tokens,25
3461,referencegame,format_checking_clp_chat,line_grids_columns,episode_00020,Aborted at Player 1,0
3462,referencegame,format_checking_clp_chat,line_grids_columns,episode_00020,Aborted at Player 2,0
3463,referencegame,format_checking_clp_chat,line_grids_columns,episode_00020,Request Count,2
3464,referencegame,format_checking_clp_chat,line_grids_columns,episode_00020,Parsed Request Count,2
3465,referencegame,format_checking_clp_chat,line_grids_columns,episode_00020,Violated Request Count,0
3466,referencegame,format_checking_clp_chat,line_grids_columns,episode_00020,Aborted,0
3467,referencegame,format_checking_clp_chat,line_grids_columns,episode_00020,Success,1
3468,referencegame,format_checking_clp_chat,line_grids_columns,episode_00020,Lose,0
3469,referencegame,format_checking_clp_chat,line_grids_columns,episode_00020,Main Score,100
3470,referencegame,format_checking_clp_chat,line_grids_columns,episode_00020,Request Success Ratio,1.0
3471,referencegame,format_checking_clp_chat,line_grids_rows,episode_00011,Generated Expression Length,109
3472,referencegame,format_checking_clp_chat,line_grids_rows,episode_00011,Generated Expression Number of Tokens,21
3473,referencegame,format_checking_clp_chat,line_grids_rows,episode_00011,Aborted at Player 1,0
3474,referencegame,format_checking_clp_chat,line_grids_rows,episode_00011,Aborted at Player 2,0
3475,referencegame,format_checking_clp_chat,line_grids_rows,episode_00011,Request Count,2
3476,referencegame,format_checking_clp_chat,line_grids_rows,episode_00011,Parsed Request Count,2
3477,referencegame,format_checking_clp_chat,line_grids_rows,episode_00011,Violated Request Count,0
3478,referencegame,format_checking_clp_chat,line_grids_rows,episode_00011,Aborted,0
3479,referencegame,format_checking_clp_chat,line_grids_rows,episode_00011,Success,1
3480,referencegame,format_checking_clp_chat,line_grids_rows,episode_00011,Lose,0
3481,referencegame,format_checking_clp_chat,line_grids_rows,episode_00011,Main Score,100
3482,referencegame,format_checking_clp_chat,line_grids_rows,episode_00011,Request Success Ratio,1.0
3483,referencegame,format_checking_clp_chat,line_grids_rows,episode_00012,Generated Expression Length,109
3484,referencegame,format_checking_clp_chat,line_grids_rows,episode_00012,Generated Expression Number of Tokens,21
3485,referencegame,format_checking_clp_chat,line_grids_rows,episode_00012,Aborted at Player 1,0
3486,referencegame,format_checking_clp_chat,line_grids_rows,episode_00012,Aborted at Player 2,0
3487,referencegame,format_checking_clp_chat,line_grids_rows,episode_00012,Request Count,2
3488,referencegame,format_checking_clp_chat,line_grids_rows,episode_00012,Parsed Request Count,2
3489,referencegame,format_checking_clp_chat,line_grids_rows,episode_00012,Violated Request Count,0
3490,referencegame,format_checking_clp_chat,line_grids_rows,episode_00012,Aborted,0
3491,referencegame,format_checking_clp_chat,line_grids_rows,episode_00012,Success,1
3492,referencegame,format_checking_clp_chat,line_grids_rows,episode_00012,Lose,0
3493,referencegame,format_checking_clp_chat,line_grids_rows,episode_00012,Main Score,100
3494,referencegame,format_checking_clp_chat,line_grids_rows,episode_00012,Request Success Ratio,1.0
3495,referencegame,format_checking_clp_chat,line_grids_rows,episode_00013,Generated Expression Length,109
3496,referencegame,format_checking_clp_chat,line_grids_rows,episode_00013,Generated Expression Number of Tokens,21
3497,referencegame,format_checking_clp_chat,line_grids_rows,episode_00013,Aborted at Player 1,0
3498,referencegame,format_checking_clp_chat,line_grids_rows,episode_00013,Aborted at Player 2,0
3499,referencegame,format_checking_clp_chat,line_grids_rows,episode_00013,Request Count,2
3500,referencegame,format_checking_clp_chat,line_grids_rows,episode_00013,Parsed Request Count,2
3501,referencegame,format_checking_clp_chat,line_grids_rows,episode_00013,Violated Request Count,0
3502,referencegame,format_checking_clp_chat,line_grids_rows,episode_00013,Aborted,0
3503,referencegame,format_checking_clp_chat,line_grids_rows,episode_00013,Success,1
3504,referencegame,format_checking_clp_chat,line_grids_rows,episode_00013,Lose,0
3505,referencegame,format_checking_clp_chat,line_grids_rows,episode_00013,Main Score,100
3506,referencegame,format_checking_clp_chat,line_grids_rows,episode_00013,Request Success Ratio,1.0
3507,referencegame,format_checking_clp_chat,line_grids_rows,episode_00014,Generated Expression Length,129
3508,referencegame,format_checking_clp_chat,line_grids_rows,episode_00014,Generated Expression Number of Tokens,24
3509,referencegame,format_checking_clp_chat,line_grids_rows,episode_00014,Aborted at Player 1,0
3510,referencegame,format_checking_clp_chat,line_grids_rows,episode_00014,Aborted at Player 2,0
3511,referencegame,format_checking_clp_chat,line_grids_rows,episode_00014,Request Count,2
3512,referencegame,format_checking_clp_chat,line_grids_rows,episode_00014,Parsed Request Count,2
3513,referencegame,format_checking_clp_chat,line_grids_rows,episode_00014,Violated Request Count,0
3514,referencegame,format_checking_clp_chat,line_grids_rows,episode_00014,Aborted,0
3515,referencegame,format_checking_clp_chat,line_grids_rows,episode_00014,Success,1
3516,referencegame,format_checking_clp_chat,line_grids_rows,episode_00014,Lose,0
3517,referencegame,format_checking_clp_chat,line_grids_rows,episode_00014,Main Score,100
3518,referencegame,format_checking_clp_chat,line_grids_rows,episode_00014,Request Success Ratio,1.0
3519,referencegame,format_checking_clp_chat,line_grids_rows,episode_00015,Generated Expression Length,264
3520,referencegame,format_checking_clp_chat,line_grids_rows,episode_00015,Generated Expression Number of Tokens,50
3521,referencegame,format_checking_clp_chat,line_grids_rows,episode_00015,Aborted at Player 1,0
3522,referencegame,format_checking_clp_chat,line_grids_rows,episode_00015,Aborted at Player 2,0
3523,referencegame,format_checking_clp_chat,line_grids_rows,episode_00015,Request Count,2
3524,referencegame,format_checking_clp_chat,line_grids_rows,episode_00015,Parsed Request Count,2
3525,referencegame,format_checking_clp_chat,line_grids_rows,episode_00015,Violated Request Count,0
3526,referencegame,format_checking_clp_chat,line_grids_rows,episode_00015,Aborted,0
3527,referencegame,format_checking_clp_chat,line_grids_rows,episode_00015,Success,1
3528,referencegame,format_checking_clp_chat,line_grids_rows,episode_00015,Lose,0
3529,referencegame,format_checking_clp_chat,line_grids_rows,episode_00015,Main Score,100
3530,referencegame,format_checking_clp_chat,line_grids_rows,episode_00015,Request Success Ratio,1.0
3531,referencegame,format_checking_clp_chat,number_grids,episode_00006,Generated Expression Length,274
3532,referencegame,format_checking_clp_chat,number_grids,episode_00006,Generated Expression Number of Tokens,56
3533,referencegame,format_checking_clp_chat,number_grids,episode_00006,Aborted at Player 1,0
3534,referencegame,format_checking_clp_chat,number_grids,episode_00006,Aborted at Player 2,0
3535,referencegame,format_checking_clp_chat,number_grids,episode_00006,Request Count,2
3536,referencegame,format_checking_clp_chat,number_grids,episode_00006,Parsed Request Count,2
3537,referencegame,format_checking_clp_chat,number_grids,episode_00006,Violated Request Count,0
3538,referencegame,format_checking_clp_chat,number_grids,episode_00006,Aborted,0
3539,referencegame,format_checking_clp_chat,number_grids,episode_00006,Success,1
3540,referencegame,format_checking_clp_chat,number_grids,episode_00006,Lose,0
3541,referencegame,format_checking_clp_chat,number_grids,episode_00006,Main Score,100
3542,referencegame,format_checking_clp_chat,number_grids,episode_00006,Request Success Ratio,1.0
3543,referencegame,format_checking_clp_chat,number_grids,episode_00007,Generated Expression Length,407
3544,referencegame,format_checking_clp_chat,number_grids,episode_00007,Generated Expression Number of Tokens,77
3545,referencegame,format_checking_clp_chat,number_grids,episode_00007,Aborted at Player 1,0
3546,referencegame,format_checking_clp_chat,number_grids,episode_00007,Aborted at Player 2,0
3547,referencegame,format_checking_clp_chat,number_grids,episode_00007,Request Count,2
3548,referencegame,format_checking_clp_chat,number_grids,episode_00007,Parsed Request Count,2
3549,referencegame,format_checking_clp_chat,number_grids,episode_00007,Violated Request Count,0
3550,referencegame,format_checking_clp_chat,number_grids,episode_00007,Aborted,0
3551,referencegame,format_checking_clp_chat,number_grids,episode_00007,Success,0
3552,referencegame,format_checking_clp_chat,number_grids,episode_00007,Lose,1
3553,referencegame,format_checking_clp_chat,number_grids,episode_00007,Main Score,0
3554,referencegame,format_checking_clp_chat,number_grids,episode_00007,Request Success Ratio,1.0
3555,referencegame,format_checking_clp_chat,number_grids,episode_00008,Generated Expression Length,421
3556,referencegame,format_checking_clp_chat,number_grids,episode_00008,Generated Expression Number of Tokens,91
3557,referencegame,format_checking_clp_chat,number_grids,episode_00008,Aborted at Player 1,0
3558,referencegame,format_checking_clp_chat,number_grids,episode_00008,Aborted at Player 2,0
3559,referencegame,format_checking_clp_chat,number_grids,episode_00008,Request Count,2
3560,referencegame,format_checking_clp_chat,number_grids,episode_00008,Parsed Request Count,2
3561,referencegame,format_checking_clp_chat,number_grids,episode_00008,Violated Request Count,0
3562,referencegame,format_checking_clp_chat,number_grids,episode_00008,Aborted,0
3563,referencegame,format_checking_clp_chat,number_grids,episode_00008,Success,1
3564,referencegame,format_checking_clp_chat,number_grids,episode_00008,Lose,0
3565,referencegame,format_checking_clp_chat,number_grids,episode_00008,Main Score,100
3566,referencegame,format_checking_clp_chat,number_grids,episode_00008,Request Success Ratio,1.0
3567,referencegame,format_checking_clp_chat,number_grids,episode_00009,Generated Expression Length,138
3568,referencegame,format_checking_clp_chat,number_grids,episode_00009,Generated Expression Number of Tokens,27
3569,referencegame,format_checking_clp_chat,number_grids,episode_00009,Aborted at Player 1,0
3570,referencegame,format_checking_clp_chat,number_grids,episode_00009,Aborted at Player 2,0
3571,referencegame,format_checking_clp_chat,number_grids,episode_00009,Request Count,2
3572,referencegame,format_checking_clp_chat,number_grids,episode_00009,Parsed Request Count,2
3573,referencegame,format_checking_clp_chat,number_grids,episode_00009,Violated Request Count,0
3574,referencegame,format_checking_clp_chat,number_grids,episode_00009,Aborted,0
3575,referencegame,format_checking_clp_chat,number_grids,episode_00009,Success,1
3576,referencegame,format_checking_clp_chat,number_grids,episode_00009,Lose,0
3577,referencegame,format_checking_clp_chat,number_grids,episode_00009,Main Score,100
3578,referencegame,format_checking_clp_chat,number_grids,episode_00009,Request Success Ratio,1.0
3579,referencegame,format_checking_clp_chat,number_grids,episode_00010,Generated Expression Length,262
3580,referencegame,format_checking_clp_chat,number_grids,episode_00010,Generated Expression Number of Tokens,52
3581,referencegame,format_checking_clp_chat,number_grids,episode_00010,Aborted at Player 1,0
3582,referencegame,format_checking_clp_chat,number_grids,episode_00010,Aborted at Player 2,0
3583,referencegame,format_checking_clp_chat,number_grids,episode_00010,Request Count,2
3584,referencegame,format_checking_clp_chat,number_grids,episode_00010,Parsed Request Count,2
3585,referencegame,format_checking_clp_chat,number_grids,episode_00010,Violated Request Count,0
3586,referencegame,format_checking_clp_chat,number_grids,episode_00010,Aborted,0
3587,referencegame,format_checking_clp_chat,number_grids,episode_00010,Success,1
3588,referencegame,format_checking_clp_chat,number_grids,episode_00010,Lose,0
3589,referencegame,format_checking_clp_chat,number_grids,episode_00010,Main Score,100
3590,referencegame,format_checking_clp_chat,number_grids,episode_00010,Request Success Ratio,1.0
3591,referencegame,format_checking_clp_chat,random_grids,episode_00021,Generated Expression Length,374
3592,referencegame,format_checking_clp_chat,random_grids,episode_00021,Generated Expression Number of Tokens,73
3593,referencegame,format_checking_clp_chat,random_grids,episode_00021,Aborted at Player 1,0
3594,referencegame,format_checking_clp_chat,random_grids,episode_00021,Aborted at Player 2,0
3595,referencegame,format_checking_clp_chat,random_grids,episode_00021,Request Count,2
3596,referencegame,format_checking_clp_chat,random_grids,episode_00021,Parsed Request Count,2
3597,referencegame,format_checking_clp_chat,random_grids,episode_00021,Violated Request Count,0
3598,referencegame,format_checking_clp_chat,random_grids,episode_00021,Aborted,0
3599,referencegame,format_checking_clp_chat,random_grids,episode_00021,Success,1
3600,referencegame,format_checking_clp_chat,random_grids,episode_00021,Lose,0
3601,referencegame,format_checking_clp_chat,random_grids,episode_00021,Main Score,100
3602,referencegame,format_checking_clp_chat,random_grids,episode_00021,Request Success Ratio,1.0
3603,referencegame,format_checking_clp_chat,random_grids,episode_00022,Generated Expression Length,332
3604,referencegame,format_checking_clp_chat,random_grids,episode_00022,Generated Expression Number of Tokens,68
3605,referencegame,format_checking_clp_chat,random_grids,episode_00022,Aborted at Player 1,0
3606,referencegame,format_checking_clp_chat,random_grids,episode_00022,Aborted at Player 2,0
3607,referencegame,format_checking_clp_chat,random_grids,episode_00022,Request Count,2
3608,referencegame,format_checking_clp_chat,random_grids,episode_00022,Parsed Request Count,2
3609,referencegame,format_checking_clp_chat,random_grids,episode_00022,Violated Request Count,0
3610,referencegame,format_checking_clp_chat,random_grids,episode_00022,Aborted,0
3611,referencegame,format_checking_clp_chat,random_grids,episode_00022,Success,0
3612,referencegame,format_checking_clp_chat,random_grids,episode_00022,Lose,1
3613,referencegame,format_checking_clp_chat,random_grids,episode_00022,Main Score,0
3614,referencegame,format_checking_clp_chat,random_grids,episode_00022,Request Success Ratio,1.0
3615,referencegame,format_checking_clp_chat,random_grids,episode_00023,Generated Expression Length,249
3616,referencegame,format_checking_clp_chat,random_grids,episode_00023,Generated Expression Number of Tokens,43
3617,referencegame,format_checking_clp_chat,random_grids,episode_00023,Aborted at Player 1,0
3618,referencegame,format_checking_clp_chat,random_grids,episode_00023,Aborted at Player 2,0
3619,referencegame,format_checking_clp_chat,random_grids,episode_00023,Request Count,2
3620,referencegame,format_checking_clp_chat,random_grids,episode_00023,Parsed Request Count,2
3621,referencegame,format_checking_clp_chat,random_grids,episode_00023,Violated Request Count,0
3622,referencegame,format_checking_clp_chat,random_grids,episode_00023,Aborted,0
3623,referencegame,format_checking_clp_chat,random_grids,episode_00023,Success,0
3624,referencegame,format_checking_clp_chat,random_grids,episode_00023,Lose,1
3625,referencegame,format_checking_clp_chat,random_grids,episode_00023,Main Score,0
3626,referencegame,format_checking_clp_chat,random_grids,episode_00023,Request Success Ratio,1.0
3627,referencegame,format_checking_clp_chat,random_grids,episode_00024,Generated Expression Length,619
3628,referencegame,format_checking_clp_chat,random_grids,episode_00024,Generated Expression Number of Tokens,120
3629,referencegame,format_checking_clp_chat,random_grids,episode_00024,Aborted at Player 1,0
3630,referencegame,format_checking_clp_chat,random_grids,episode_00024,Aborted at Player 2,0
3631,referencegame,format_checking_clp_chat,random_grids,episode_00024,Request Count,2
3632,referencegame,format_checking_clp_chat,random_grids,episode_00024,Parsed Request Count,2
3633,referencegame,format_checking_clp_chat,random_grids,episode_00024,Violated Request Count,0
3634,referencegame,format_checking_clp_chat,random_grids,episode_00024,Aborted,0
3635,referencegame,format_checking_clp_chat,random_grids,episode_00024,Success,0
3636,referencegame,format_checking_clp_chat,random_grids,episode_00024,Lose,1
3637,referencegame,format_checking_clp_chat,random_grids,episode_00024,Main Score,0
3638,referencegame,format_checking_clp_chat,random_grids,episode_00024,Request Success Ratio,1.0
3639,referencegame,format_checking_clp_chat,random_grids,episode_00025,Generated Expression Length,235
3640,referencegame,format_checking_clp_chat,random_grids,episode_00025,Generated Expression Number of Tokens,45
3641,referencegame,format_checking_clp_chat,random_grids,episode_00025,Aborted at Player 1,0
3642,referencegame,format_checking_clp_chat,random_grids,episode_00025,Aborted at Player 2,0
3643,referencegame,format_checking_clp_chat,random_grids,episode_00025,Request Count,2
3644,referencegame,format_checking_clp_chat,random_grids,episode_00025,Parsed Request Count,2
3645,referencegame,format_checking_clp_chat,random_grids,episode_00025,Violated Request Count,0
3646,referencegame,format_checking_clp_chat,random_grids,episode_00025,Aborted,0
3647,referencegame,format_checking_clp_chat,random_grids,episode_00025,Success,0
3648,referencegame,format_checking_clp_chat,random_grids,episode_00025,Lose,1
3649,referencegame,format_checking_clp_chat,random_grids,episode_00025,Main Score,0
3650,referencegame,format_checking_clp_chat,random_grids,episode_00025,Request Success Ratio,1.0
3651,taboo,format_checking_clp_chat,high_en,episode_00001,Violated Request Count,0
3652,taboo,format_checking_clp_chat,high_en,episode_00001,Parsed Request Count,1
3653,taboo,format_checking_clp_chat,high_en,episode_00001,Request Count,1
3654,taboo,format_checking_clp_chat,high_en,episode_00001,Request Success Ratio,1.0
3655,taboo,format_checking_clp_chat,high_en,episode_00001,Aborted,0
3656,taboo,format_checking_clp_chat,high_en,episode_00001,Success,1
3657,taboo,format_checking_clp_chat,high_en,episode_00001,Lose,0
3658,taboo,format_checking_clp_chat,high_en,episode_00001,Main Score,100.0
3659,taboo,format_checking_clp_chat,high_en,episode_00001,Repetition-Guesser,0
3660,taboo,format_checking_clp_chat,high_en,episode_00001,Repetition-Describer,0
3661,taboo,format_checking_clp_chat,high_en,episode_00002,Violated Request Count,0
3662,taboo,format_checking_clp_chat,high_en,episode_00002,Parsed Request Count,1
3663,taboo,format_checking_clp_chat,high_en,episode_00002,Request Count,1
3664,taboo,format_checking_clp_chat,high_en,episode_00002,Request Success Ratio,1.0
3665,taboo,format_checking_clp_chat,high_en,episode_00002,Aborted,0
3666,taboo,format_checking_clp_chat,high_en,episode_00002,Success,0
3667,taboo,format_checking_clp_chat,high_en,episode_00002,Lose,1
3668,taboo,format_checking_clp_chat,high_en,episode_00002,Main Score,0
3669,taboo,format_checking_clp_chat,high_en,episode_00002,Repetition-Guesser,0
3670,taboo,format_checking_clp_chat,high_en,episode_00002,Repetition-Describer,0
3671,taboo,format_checking_clp_chat,high_en,episode_00003,Violated Request Count,0
3672,taboo,format_checking_clp_chat,high_en,episode_00003,Parsed Request Count,1
3673,taboo,format_checking_clp_chat,high_en,episode_00003,Request Count,1
3674,taboo,format_checking_clp_chat,high_en,episode_00003,Request Success Ratio,1.0
3675,taboo,format_checking_clp_chat,high_en,episode_00003,Aborted,0
3676,taboo,format_checking_clp_chat,high_en,episode_00003,Success,1
3677,taboo,format_checking_clp_chat,high_en,episode_00003,Lose,0
3678,taboo,format_checking_clp_chat,high_en,episode_00003,Main Score,100.0
3679,taboo,format_checking_clp_chat,high_en,episode_00003,Repetition-Guesser,0
3680,taboo,format_checking_clp_chat,high_en,episode_00003,Repetition-Describer,0
3681,taboo,format_checking_clp_chat,high_en,episode_00004,Violated Request Count,0
3682,taboo,format_checking_clp_chat,high_en,episode_00004,Parsed Request Count,1
3683,taboo,format_checking_clp_chat,high_en,episode_00004,Request Count,1
3684,taboo,format_checking_clp_chat,high_en,episode_00004,Request Success Ratio,1.0
3685,taboo,format_checking_clp_chat,high_en,episode_00004,Aborted,0
3686,taboo,format_checking_clp_chat,high_en,episode_00004,Success,0
3687,taboo,format_checking_clp_chat,high_en,episode_00004,Lose,1
3688,taboo,format_checking_clp_chat,high_en,episode_00004,Main Score,0
3689,taboo,format_checking_clp_chat,high_en,episode_00004,Repetition-Guesser,0
3690,taboo,format_checking_clp_chat,high_en,episode_00004,Repetition-Describer,0
3691,taboo,format_checking_clp_chat,high_en,episode_00005,Violated Request Count,0
3692,taboo,format_checking_clp_chat,high_en,episode_00005,Parsed Request Count,3
3693,taboo,format_checking_clp_chat,high_en,episode_00005,Request Count,3
3694,taboo,format_checking_clp_chat,high_en,episode_00005,Request Success Ratio,1.0
3695,taboo,format_checking_clp_chat,high_en,episode_00005,Aborted,0
3696,taboo,format_checking_clp_chat,high_en,episode_00005,Success,0
3697,taboo,format_checking_clp_chat,high_en,episode_00005,Lose,1
3698,taboo,format_checking_clp_chat,high_en,episode_00005,Main Score,0
3699,taboo,format_checking_clp_chat,high_en,episode_00005,Repetition-Guesser,0
3700,taboo,format_checking_clp_chat,high_en,episode_00005,Repetition-Describer,0
3701,taboo,format_checking_clp_chat,low_en,episode_00011,Violated Request Count,0
3702,taboo,format_checking_clp_chat,low_en,episode_00011,Parsed Request Count,1
3703,taboo,format_checking_clp_chat,low_en,episode_00011,Request Count,1
3704,taboo,format_checking_clp_chat,low_en,episode_00011,Request Success Ratio,1.0
3705,taboo,format_checking_clp_chat,low_en,episode_00011,Aborted,0
3706,taboo,format_checking_clp_chat,low_en,episode_00011,Success,0
3707,taboo,format_checking_clp_chat,low_en,episode_00011,Lose,1
3708,taboo,format_checking_clp_chat,low_en,episode_00011,Main Score,0
3709,taboo,format_checking_clp_chat,low_en,episode_00011,Repetition-Guesser,0
3710,taboo,format_checking_clp_chat,low_en,episode_00011,Repetition-Describer,0
3711,taboo,format_checking_clp_chat,low_en,episode_00012,Violated Request Count,0
3712,taboo,format_checking_clp_chat,low_en,episode_00012,Parsed Request Count,2
3713,taboo,format_checking_clp_chat,low_en,episode_00012,Request Count,2
3714,taboo,format_checking_clp_chat,low_en,episode_00012,Request Success Ratio,1.0
3715,taboo,format_checking_clp_chat,low_en,episode_00012,Aborted,0
3716,taboo,format_checking_clp_chat,low_en,episode_00012,Success,0
3717,taboo,format_checking_clp_chat,low_en,episode_00012,Lose,1
3718,taboo,format_checking_clp_chat,low_en,episode_00012,Main Score,0
3719,taboo,format_checking_clp_chat,low_en,episode_00012,Repetition-Guesser,0
3720,taboo,format_checking_clp_chat,low_en,episode_00012,Repetition-Describer,0
3721,taboo,format_checking_clp_chat,low_en,episode_00013,Violated Request Count,0
3722,taboo,format_checking_clp_chat,low_en,episode_00013,Parsed Request Count,3
3723,taboo,format_checking_clp_chat,low_en,episode_00013,Request Count,3
3724,taboo,format_checking_clp_chat,low_en,episode_00013,Request Success Ratio,1.0
3725,taboo,format_checking_clp_chat,low_en,episode_00013,Aborted,0
3726,taboo,format_checking_clp_chat,low_en,episode_00013,Success,0
3727,taboo,format_checking_clp_chat,low_en,episode_00013,Lose,1
3728,taboo,format_checking_clp_chat,low_en,episode_00013,Main Score,0
3729,taboo,format_checking_clp_chat,low_en,episode_00013,Repetition-Guesser,0
3730,taboo,format_checking_clp_chat,low_en,episode_00013,Repetition-Describer,0
3731,taboo,format_checking_clp_chat,low_en,episode_00014,Violated Request Count,0
3732,taboo,format_checking_clp_chat,low_en,episode_00014,Parsed Request Count,3
3733,taboo,format_checking_clp_chat,low_en,episode_00014,Request Count,3
3734,taboo,format_checking_clp_chat,low_en,episode_00014,Request Success Ratio,1.0
3735,taboo,format_checking_clp_chat,low_en,episode_00014,Aborted,0
3736,taboo,format_checking_clp_chat,low_en,episode_00014,Success,0
3737,taboo,format_checking_clp_chat,low_en,episode_00014,Lose,1
3738,taboo,format_checking_clp_chat,low_en,episode_00014,Main Score,0
3739,taboo,format_checking_clp_chat,low_en,episode_00014,Repetition-Guesser,0
3740,taboo,format_checking_clp_chat,low_en,episode_00014,Repetition-Describer,0
3741,taboo,format_checking_clp_chat,low_en,episode_00015,Violated Request Count,0
3742,taboo,format_checking_clp_chat,low_en,episode_00015,Parsed Request Count,1
3743,taboo,format_checking_clp_chat,low_en,episode_00015,Request Count,1
3744,taboo,format_checking_clp_chat,low_en,episode_00015,Request Success Ratio,1.0
3745,taboo,format_checking_clp_chat,low_en,episode_00015,Aborted,0
3746,taboo,format_checking_clp_chat,low_en,episode_00015,Success,1
3747,taboo,format_checking_clp_chat,low_en,episode_00015,Lose,0
3748,taboo,format_checking_clp_chat,low_en,episode_00015,Main Score,100.0
3749,taboo,format_checking_clp_chat,low_en,episode_00015,Repetition-Guesser,0
3750,taboo,format_checking_clp_chat,low_en,episode_00015,Repetition-Describer,0
3751,taboo,format_checking_clp_chat,medium_en,episode_00006,Violated Request Count,0
3752,taboo,format_checking_clp_chat,medium_en,episode_00006,Parsed Request Count,1
3753,taboo,format_checking_clp_chat,medium_en,episode_00006,Request Count,1
3754,taboo,format_checking_clp_chat,medium_en,episode_00006,Request Success Ratio,1.0
3755,taboo,format_checking_clp_chat,medium_en,episode_00006,Aborted,0
3756,taboo,format_checking_clp_chat,medium_en,episode_00006,Success,0
3757,taboo,format_checking_clp_chat,medium_en,episode_00006,Lose,1
3758,taboo,format_checking_clp_chat,medium_en,episode_00006,Main Score,0
3759,taboo,format_checking_clp_chat,medium_en,episode_00006,Repetition-Guesser,0
3760,taboo,format_checking_clp_chat,medium_en,episode_00006,Repetition-Describer,0
3761,taboo,format_checking_clp_chat,medium_en,episode_00007,Violated Request Count,0
3762,taboo,format_checking_clp_chat,medium_en,episode_00007,Parsed Request Count,3
3763,taboo,format_checking_clp_chat,medium_en,episode_00007,Request Count,3
3764,taboo,format_checking_clp_chat,medium_en,episode_00007,Request Success Ratio,1.0
3765,taboo,format_checking_clp_chat,medium_en,episode_00007,Aborted,0
3766,taboo,format_checking_clp_chat,medium_en,episode_00007,Success,0
3767,taboo,format_checking_clp_chat,medium_en,episode_00007,Lose,1
3768,taboo,format_checking_clp_chat,medium_en,episode_00007,Main Score,0
3769,taboo,format_checking_clp_chat,medium_en,episode_00007,Repetition-Guesser,0
3770,taboo,format_checking_clp_chat,medium_en,episode_00007,Repetition-Describer,0
3771,taboo,format_checking_clp_chat,medium_en,episode_00008,Violated Request Count,0
3772,taboo,format_checking_clp_chat,medium_en,episode_00008,Parsed Request Count,2
3773,taboo,format_checking_clp_chat,medium_en,episode_00008,Request Count,2
3774,taboo,format_checking_clp_chat,medium_en,episode_00008,Request Success Ratio,1.0
3775,taboo,format_checking_clp_chat,medium_en,episode_00008,Aborted,0
3776,taboo,format_checking_clp_chat,medium_en,episode_00008,Success,0
3777,taboo,format_checking_clp_chat,medium_en,episode_00008,Lose,1
3778,taboo,format_checking_clp_chat,medium_en,episode_00008,Main Score,0
3779,taboo,format_checking_clp_chat,medium_en,episode_00008,Repetition-Guesser,0
3780,taboo,format_checking_clp_chat,medium_en,episode_00008,Repetition-Describer,0
3781,taboo,format_checking_clp_chat,medium_en,episode_00009,Violated Request Count,0
3782,taboo,format_checking_clp_chat,medium_en,episode_00009,Parsed Request Count,3
3783,taboo,format_checking_clp_chat,medium_en,episode_00009,Request Count,3
3784,taboo,format_checking_clp_chat,medium_en,episode_00009,Request Success Ratio,1.0
3785,taboo,format_checking_clp_chat,medium_en,episode_00009,Aborted,0
3786,taboo,format_checking_clp_chat,medium_en,episode_00009,Success,0
3787,taboo,format_checking_clp_chat,medium_en,episode_00009,Lose,1
3788,taboo,format_checking_clp_chat,medium_en,episode_00009,Main Score,0
3789,taboo,format_checking_clp_chat,medium_en,episode_00009,Repetition-Guesser,0
3790,taboo,format_checking_clp_chat,medium_en,episode_00009,Repetition-Describer,0
3791,taboo,format_checking_clp_chat,medium_en,episode_00010,Violated Request Count,0
3792,taboo,format_checking_clp_chat,medium_en,episode_00010,Parsed Request Count,1
3793,taboo,format_checking_clp_chat,medium_en,episode_00010,Request Count,1
3794,taboo,format_checking_clp_chat,medium_en,episode_00010,Request Success Ratio,1.0
3795,taboo,format_checking_clp_chat,medium_en,episode_00010,Aborted,0
3796,taboo,format_checking_clp_chat,medium_en,episode_00010,Success,1
3797,taboo,format_checking_clp_chat,medium_en,episode_00010,Lose,0
3798,taboo,format_checking_clp_chat,medium_en,episode_00010,Main Score,100.0
3799,taboo,format_checking_clp_chat,medium_en,episode_00010,Repetition-Guesser,0
3800,taboo,format_checking_clp_chat,medium_en,episode_00010,Repetition-Describer,0
3801,textmapworld,format_checking_clp_chat,large,episode_00011,Aborted,1
3802,textmapworld,format_checking_clp_chat,large,episode_00011,Success,0
3803,textmapworld,format_checking_clp_chat,large,episode_00011,Lose,0
3804,textmapworld,format_checking_clp_chat,large,episode_00011,moves,
3805,textmapworld,format_checking_clp_chat,large,episode_00011,valid_moves,
3806,textmapworld,format_checking_clp_chat,large,episode_00011,invalid_moves,
3807,textmapworld,format_checking_clp_chat,large,episode_00011,stopped,
3808,textmapworld,format_checking_clp_chat,large,episode_00011,turns_limit,
3809,textmapworld,format_checking_clp_chat,large,episode_00011,loops,
3810,textmapworld,format_checking_clp_chat,large,episode_00011,number_visited,
3811,textmapworld,format_checking_clp_chat,large,episode_00011,seen,
3812,textmapworld,format_checking_clp_chat,large,episode_00011,efficiency,
3813,textmapworld,format_checking_clp_chat,large,episode_00011,exploration,
3814,textmapworld,format_checking_clp_chat,large,episode_00011,Main Score,
3815,textmapworld,format_checking_clp_chat,large,episode_00012,Aborted,1
3816,textmapworld,format_checking_clp_chat,large,episode_00012,Success,0
3817,textmapworld,format_checking_clp_chat,large,episode_00012,Lose,0
3818,textmapworld,format_checking_clp_chat,large,episode_00012,moves,
3819,textmapworld,format_checking_clp_chat,large,episode_00012,valid_moves,
3820,textmapworld,format_checking_clp_chat,large,episode_00012,invalid_moves,
3821,textmapworld,format_checking_clp_chat,large,episode_00012,stopped,
3822,textmapworld,format_checking_clp_chat,large,episode_00012,turns_limit,
3823,textmapworld,format_checking_clp_chat,large,episode_00012,loops,
3824,textmapworld,format_checking_clp_chat,large,episode_00012,number_visited,
3825,textmapworld,format_checking_clp_chat,large,episode_00012,seen,
3826,textmapworld,format_checking_clp_chat,large,episode_00012,efficiency,
3827,textmapworld,format_checking_clp_chat,large,episode_00012,exploration,
3828,textmapworld,format_checking_clp_chat,large,episode_00012,Main Score,
3829,textmapworld,format_checking_clp_chat,large,episode_00013,Aborted,1
3830,textmapworld,format_checking_clp_chat,large,episode_00013,Success,0
3831,textmapworld,format_checking_clp_chat,large,episode_00013,Lose,0
3832,textmapworld,format_checking_clp_chat,large,episode_00013,moves,
3833,textmapworld,format_checking_clp_chat,large,episode_00013,valid_moves,
3834,textmapworld,format_checking_clp_chat,large,episode_00013,invalid_moves,
3835,textmapworld,format_checking_clp_chat,large,episode_00013,stopped,
3836,textmapworld,format_checking_clp_chat,large,episode_00013,turns_limit,
3837,textmapworld,format_checking_clp_chat,large,episode_00013,loops,
3838,textmapworld,format_checking_clp_chat,large,episode_00013,number_visited,
3839,textmapworld,format_checking_clp_chat,large,episode_00013,seen,
3840,textmapworld,format_checking_clp_chat,large,episode_00013,efficiency,
3841,textmapworld,format_checking_clp_chat,large,episode_00013,exploration,
3842,textmapworld,format_checking_clp_chat,large,episode_00013,Main Score,
3843,textmapworld,format_checking_clp_chat,large,episode_00014,Aborted,1
3844,textmapworld,format_checking_clp_chat,large,episode_00014,Success,0
3845,textmapworld,format_checking_clp_chat,large,episode_00014,Lose,0
3846,textmapworld,format_checking_clp_chat,large,episode_00014,moves,
3847,textmapworld,format_checking_clp_chat,large,episode_00014,valid_moves,
3848,textmapworld,format_checking_clp_chat,large,episode_00014,invalid_moves,
3849,textmapworld,format_checking_clp_chat,large,episode_00014,stopped,
3850,textmapworld,format_checking_clp_chat,large,episode_00014,turns_limit,
3851,textmapworld,format_checking_clp_chat,large,episode_00014,loops,
3852,textmapworld,format_checking_clp_chat,large,episode_00014,number_visited,
3853,textmapworld,format_checking_clp_chat,large,episode_00014,seen,
3854,textmapworld,format_checking_clp_chat,large,episode_00014,efficiency,
3855,textmapworld,format_checking_clp_chat,large,episode_00014,exploration,
3856,textmapworld,format_checking_clp_chat,large,episode_00014,Main Score,
3857,textmapworld,format_checking_clp_chat,large,episode_00015,Aborted,1
3858,textmapworld,format_checking_clp_chat,large,episode_00015,Success,0
3859,textmapworld,format_checking_clp_chat,large,episode_00015,Lose,0
3860,textmapworld,format_checking_clp_chat,large,episode_00015,moves,
3861,textmapworld,format_checking_clp_chat,large,episode_00015,valid_moves,
3862,textmapworld,format_checking_clp_chat,large,episode_00015,invalid_moves,
3863,textmapworld,format_checking_clp_chat,large,episode_00015,stopped,
3864,textmapworld,format_checking_clp_chat,large,episode_00015,turns_limit,
3865,textmapworld,format_checking_clp_chat,large,episode_00015,loops,
3866,textmapworld,format_checking_clp_chat,large,episode_00015,number_visited,
3867,textmapworld,format_checking_clp_chat,large,episode_00015,seen,
3868,textmapworld,format_checking_clp_chat,large,episode_00015,efficiency,
3869,textmapworld,format_checking_clp_chat,large,episode_00015,exploration,
3870,textmapworld,format_checking_clp_chat,large,episode_00015,Main Score,
3871,textmapworld,format_checking_clp_chat,large_cycle,episode_00021,Aborted,1
3872,textmapworld,format_checking_clp_chat,large_cycle,episode_00021,Success,0
3873,textmapworld,format_checking_clp_chat,large_cycle,episode_00021,Lose,0
3874,textmapworld,format_checking_clp_chat,large_cycle,episode_00021,moves,
3875,textmapworld,format_checking_clp_chat,large_cycle,episode_00021,valid_moves,
3876,textmapworld,format_checking_clp_chat,large_cycle,episode_00021,invalid_moves,
3877,textmapworld,format_checking_clp_chat,large_cycle,episode_00021,stopped,
3878,textmapworld,format_checking_clp_chat,large_cycle,episode_00021,turns_limit,
3879,textmapworld,format_checking_clp_chat,large_cycle,episode_00021,loops,
3880,textmapworld,format_checking_clp_chat,large_cycle,episode_00021,number_visited,
3881,textmapworld,format_checking_clp_chat,large_cycle,episode_00021,seen,
3882,textmapworld,format_checking_clp_chat,large_cycle,episode_00021,efficiency,
3883,textmapworld,format_checking_clp_chat,large_cycle,episode_00021,exploration,
3884,textmapworld,format_checking_clp_chat,large_cycle,episode_00021,Main Score,
3885,textmapworld,format_checking_clp_chat,large_cycle,episode_00022,Aborted,1
3886,textmapworld,format_checking_clp_chat,large_cycle,episode_00022,Success,0
3887,textmapworld,format_checking_clp_chat,large_cycle,episode_00022,Lose,0
3888,textmapworld,format_checking_clp_chat,large_cycle,episode_00022,moves,
3889,textmapworld,format_checking_clp_chat,large_cycle,episode_00022,valid_moves,
3890,textmapworld,format_checking_clp_chat,large_cycle,episode_00022,invalid_moves,
3891,textmapworld,format_checking_clp_chat,large_cycle,episode_00022,stopped,
3892,textmapworld,format_checking_clp_chat,large_cycle,episode_00022,turns_limit,
3893,textmapworld,format_checking_clp_chat,large_cycle,episode_00022,loops,
3894,textmapworld,format_checking_clp_chat,large_cycle,episode_00022,number_visited,
3895,textmapworld,format_checking_clp_chat,large_cycle,episode_00022,seen,
3896,textmapworld,format_checking_clp_chat,large_cycle,episode_00022,efficiency,
3897,textmapworld,format_checking_clp_chat,large_cycle,episode_00022,exploration,
3898,textmapworld,format_checking_clp_chat,large_cycle,episode_00022,Main Score,
3899,textmapworld,format_checking_clp_chat,large_cycle,episode_00023,Aborted,1
3900,textmapworld,format_checking_clp_chat,large_cycle,episode_00023,Success,0
3901,textmapworld,format_checking_clp_chat,large_cycle,episode_00023,Lose,0
3902,textmapworld,format_checking_clp_chat,large_cycle,episode_00023,moves,
3903,textmapworld,format_checking_clp_chat,large_cycle,episode_00023,valid_moves,
3904,textmapworld,format_checking_clp_chat,large_cycle,episode_00023,invalid_moves,
3905,textmapworld,format_checking_clp_chat,large_cycle,episode_00023,stopped,
3906,textmapworld,format_checking_clp_chat,large_cycle,episode_00023,turns_limit,
3907,textmapworld,format_checking_clp_chat,large_cycle,episode_00023,loops,
3908,textmapworld,format_checking_clp_chat,large_cycle,episode_00023,number_visited,
3909,textmapworld,format_checking_clp_chat,large_cycle,episode_00023,seen,
3910,textmapworld,format_checking_clp_chat,large_cycle,episode_00023,efficiency,
3911,textmapworld,format_checking_clp_chat,large_cycle,episode_00023,exploration,
3912,textmapworld,format_checking_clp_chat,large_cycle,episode_00023,Main Score,
3913,textmapworld,format_checking_clp_chat,large_cycle,episode_00024,Aborted,1
3914,textmapworld,format_checking_clp_chat,large_cycle,episode_00024,Success,0
3915,textmapworld,format_checking_clp_chat,large_cycle,episode_00024,Lose,0
3916,textmapworld,format_checking_clp_chat,large_cycle,episode_00024,moves,
3917,textmapworld,format_checking_clp_chat,large_cycle,episode_00024,valid_moves,
3918,textmapworld,format_checking_clp_chat,large_cycle,episode_00024,invalid_moves,
3919,textmapworld,format_checking_clp_chat,large_cycle,episode_00024,stopped,
3920,textmapworld,format_checking_clp_chat,large_cycle,episode_00024,turns_limit,
3921,textmapworld,format_checking_clp_chat,large_cycle,episode_00024,loops,
3922,textmapworld,format_checking_clp_chat,large_cycle,episode_00024,number_visited,
3923,textmapworld,format_checking_clp_chat,large_cycle,episode_00024,seen,
3924,textmapworld,format_checking_clp_chat,large_cycle,episode_00024,efficiency,
3925,textmapworld,format_checking_clp_chat,large_cycle,episode_00024,exploration,
3926,textmapworld,format_checking_clp_chat,large_cycle,episode_00024,Main Score,
3927,textmapworld,format_checking_clp_chat,large_cycle,episode_00025,Aborted,1
3928,textmapworld,format_checking_clp_chat,large_cycle,episode_00025,Success,0
3929,textmapworld,format_checking_clp_chat,large_cycle,episode_00025,Lose,0
3930,textmapworld,format_checking_clp_chat,large_cycle,episode_00025,moves,
3931,textmapworld,format_checking_clp_chat,large_cycle,episode_00025,valid_moves,
3932,textmapworld,format_checking_clp_chat,large_cycle,episode_00025,invalid_moves,
3933,textmapworld,format_checking_clp_chat,large_cycle,episode_00025,stopped,
3934,textmapworld,format_checking_clp_chat,large_cycle,episode_00025,turns_limit,
3935,textmapworld,format_checking_clp_chat,large_cycle,episode_00025,loops,
3936,textmapworld,format_checking_clp_chat,large_cycle,episode_00025,number_visited,
3937,textmapworld,format_checking_clp_chat,large_cycle,episode_00025,seen,
3938,textmapworld,format_checking_clp_chat,large_cycle,episode_00025,efficiency,
3939,textmapworld,format_checking_clp_chat,large_cycle,episode_00025,exploration,
3940,textmapworld,format_checking_clp_chat,large_cycle,episode_00025,Main Score,
3941,textmapworld,format_checking_clp_chat,medium,episode_00006,Aborted,1
3942,textmapworld,format_checking_clp_chat,medium,episode_00006,Success,0
3943,textmapworld,format_checking_clp_chat,medium,episode_00006,Lose,0
3944,textmapworld,format_checking_clp_chat,medium,episode_00006,moves,
3945,textmapworld,format_checking_clp_chat,medium,episode_00006,valid_moves,
3946,textmapworld,format_checking_clp_chat,medium,episode_00006,invalid_moves,
3947,textmapworld,format_checking_clp_chat,medium,episode_00006,stopped,
3948,textmapworld,format_checking_clp_chat,medium,episode_00006,turns_limit,
3949,textmapworld,format_checking_clp_chat,medium,episode_00006,loops,
3950,textmapworld,format_checking_clp_chat,medium,episode_00006,number_visited,
3951,textmapworld,format_checking_clp_chat,medium,episode_00006,seen,
3952,textmapworld,format_checking_clp_chat,medium,episode_00006,efficiency,
3953,textmapworld,format_checking_clp_chat,medium,episode_00006,exploration,
3954,textmapworld,format_checking_clp_chat,medium,episode_00006,Main Score,
3955,textmapworld,format_checking_clp_chat,medium,episode_00007,Aborted,1
3956,textmapworld,format_checking_clp_chat,medium,episode_00007,Success,0
3957,textmapworld,format_checking_clp_chat,medium,episode_00007,Lose,0
3958,textmapworld,format_checking_clp_chat,medium,episode_00007,moves,
3959,textmapworld,format_checking_clp_chat,medium,episode_00007,valid_moves,
3960,textmapworld,format_checking_clp_chat,medium,episode_00007,invalid_moves,
3961,textmapworld,format_checking_clp_chat,medium,episode_00007,stopped,
3962,textmapworld,format_checking_clp_chat,medium,episode_00007,turns_limit,
3963,textmapworld,format_checking_clp_chat,medium,episode_00007,loops,
3964,textmapworld,format_checking_clp_chat,medium,episode_00007,number_visited,
3965,textmapworld,format_checking_clp_chat,medium,episode_00007,seen,
3966,textmapworld,format_checking_clp_chat,medium,episode_00007,efficiency,
3967,textmapworld,format_checking_clp_chat,medium,episode_00007,exploration,
3968,textmapworld,format_checking_clp_chat,medium,episode_00007,Main Score,
3969,textmapworld,format_checking_clp_chat,medium,episode_00008,Aborted,1
3970,textmapworld,format_checking_clp_chat,medium,episode_00008,Success,0
3971,textmapworld,format_checking_clp_chat,medium,episode_00008,Lose,0
3972,textmapworld,format_checking_clp_chat,medium,episode_00008,moves,
3973,textmapworld,format_checking_clp_chat,medium,episode_00008,valid_moves,
3974,textmapworld,format_checking_clp_chat,medium,episode_00008,invalid_moves,
3975,textmapworld,format_checking_clp_chat,medium,episode_00008,stopped,
3976,textmapworld,format_checking_clp_chat,medium,episode_00008,turns_limit,
3977,textmapworld,format_checking_clp_chat,medium,episode_00008,loops,
3978,textmapworld,format_checking_clp_chat,medium,episode_00008,number_visited,
3979,textmapworld,format_checking_clp_chat,medium,episode_00008,seen,
3980,textmapworld,format_checking_clp_chat,medium,episode_00008,efficiency,
3981,textmapworld,format_checking_clp_chat,medium,episode_00008,exploration,
3982,textmapworld,format_checking_clp_chat,medium,episode_00008,Main Score,
3983,textmapworld,format_checking_clp_chat,medium,episode_00009,Aborted,1
3984,textmapworld,format_checking_clp_chat,medium,episode_00009,Success,0
3985,textmapworld,format_checking_clp_chat,medium,episode_00009,Lose,0
3986,textmapworld,format_checking_clp_chat,medium,episode_00009,moves,
3987,textmapworld,format_checking_clp_chat,medium,episode_00009,valid_moves,
3988,textmapworld,format_checking_clp_chat,medium,episode_00009,invalid_moves,
3989,textmapworld,format_checking_clp_chat,medium,episode_00009,stopped,
3990,textmapworld,format_checking_clp_chat,medium,episode_00009,turns_limit,
3991,textmapworld,format_checking_clp_chat,medium,episode_00009,loops,
3992,textmapworld,format_checking_clp_chat,medium,episode_00009,number_visited,
3993,textmapworld,format_checking_clp_chat,medium,episode_00009,seen,
3994,textmapworld,format_checking_clp_chat,medium,episode_00009,efficiency,
3995,textmapworld,format_checking_clp_chat,medium,episode_00009,exploration,
3996,textmapworld,format_checking_clp_chat,medium,episode_00009,Main Score,
3997,textmapworld,format_checking_clp_chat,medium,episode_00010,Aborted,1
3998,textmapworld,format_checking_clp_chat,medium,episode_00010,Success,0
3999,textmapworld,format_checking_clp_chat,medium,episode_00010,Lose,0
4000,textmapworld,format_checking_clp_chat,medium,episode_00010,moves,
4001,textmapworld,format_checking_clp_chat,medium,episode_00010,valid_moves,
4002,textmapworld,format_checking_clp_chat,medium,episode_00010,invalid_moves,
4003,textmapworld,format_checking_clp_chat,medium,episode_00010,stopped,
4004,textmapworld,format_checking_clp_chat,medium,episode_00010,turns_limit,
4005,textmapworld,format_checking_clp_chat,medium,episode_00010,loops,
4006,textmapworld,format_checking_clp_chat,medium,episode_00010,number_visited,
4007,textmapworld,format_checking_clp_chat,medium,episode_00010,seen,
4008,textmapworld,format_checking_clp_chat,medium,episode_00010,efficiency,
4009,textmapworld,format_checking_clp_chat,medium,episode_00010,exploration,
4010,textmapworld,format_checking_clp_chat,medium,episode_00010,Main Score,
4011,textmapworld,format_checking_clp_chat,medium_cycle,episode_00016,Aborted,1
4012,textmapworld,format_checking_clp_chat,medium_cycle,episode_00016,Success,0
4013,textmapworld,format_checking_clp_chat,medium_cycle,episode_00016,Lose,0
4014,textmapworld,format_checking_clp_chat,medium_cycle,episode_00016,moves,
4015,textmapworld,format_checking_clp_chat,medium_cycle,episode_00016,valid_moves,
4016,textmapworld,format_checking_clp_chat,medium_cycle,episode_00016,invalid_moves,
4017,textmapworld,format_checking_clp_chat,medium_cycle,episode_00016,stopped,
4018,textmapworld,format_checking_clp_chat,medium_cycle,episode_00016,turns_limit,
4019,textmapworld,format_checking_clp_chat,medium_cycle,episode_00016,loops,
4020,textmapworld,format_checking_clp_chat,medium_cycle,episode_00016,number_visited,
4021,textmapworld,format_checking_clp_chat,medium_cycle,episode_00016,seen,
4022,textmapworld,format_checking_clp_chat,medium_cycle,episode_00016,efficiency,
4023,textmapworld,format_checking_clp_chat,medium_cycle,episode_00016,exploration,
4024,textmapworld,format_checking_clp_chat,medium_cycle,episode_00016,Main Score,
4025,textmapworld,format_checking_clp_chat,medium_cycle,episode_00017,Aborted,1
4026,textmapworld,format_checking_clp_chat,medium_cycle,episode_00017,Success,0
4027,textmapworld,format_checking_clp_chat,medium_cycle,episode_00017,Lose,0
4028,textmapworld,format_checking_clp_chat,medium_cycle,episode_00017,moves,
4029,textmapworld,format_checking_clp_chat,medium_cycle,episode_00017,valid_moves,
4030,textmapworld,format_checking_clp_chat,medium_cycle,episode_00017,invalid_moves,
4031,textmapworld,format_checking_clp_chat,medium_cycle,episode_00017,stopped,
4032,textmapworld,format_checking_clp_chat,medium_cycle,episode_00017,turns_limit,
4033,textmapworld,format_checking_clp_chat,medium_cycle,episode_00017,loops,
4034,textmapworld,format_checking_clp_chat,medium_cycle,episode_00017,number_visited,
4035,textmapworld,format_checking_clp_chat,medium_cycle,episode_00017,seen,
4036,textmapworld,format_checking_clp_chat,medium_cycle,episode_00017,efficiency,
4037,textmapworld,format_checking_clp_chat,medium_cycle,episode_00017,exploration,
4038,textmapworld,format_checking_clp_chat,medium_cycle,episode_00017,Main Score,
4039,textmapworld,format_checking_clp_chat,medium_cycle,episode_00018,Aborted,1
4040,textmapworld,format_checking_clp_chat,medium_cycle,episode_00018,Success,0
4041,textmapworld,format_checking_clp_chat,medium_cycle,episode_00018,Lose,0
4042,textmapworld,format_checking_clp_chat,medium_cycle,episode_00018,moves,
4043,textmapworld,format_checking_clp_chat,medium_cycle,episode_00018,valid_moves,
4044,textmapworld,format_checking_clp_chat,medium_cycle,episode_00018,invalid_moves,
4045,textmapworld,format_checking_clp_chat,medium_cycle,episode_00018,stopped,
4046,textmapworld,format_checking_clp_chat,medium_cycle,episode_00018,turns_limit,
4047,textmapworld,format_checking_clp_chat,medium_cycle,episode_00018,loops,
4048,textmapworld,format_checking_clp_chat,medium_cycle,episode_00018,number_visited,
4049,textmapworld,format_checking_clp_chat,medium_cycle,episode_00018,seen,
4050,textmapworld,format_checking_clp_chat,medium_cycle,episode_00018,efficiency,
4051,textmapworld,format_checking_clp_chat,medium_cycle,episode_00018,exploration,
4052,textmapworld,format_checking_clp_chat,medium_cycle,episode_00018,Main Score,
4053,textmapworld,format_checking_clp_chat,medium_cycle,episode_00019,Aborted,1
4054,textmapworld,format_checking_clp_chat,medium_cycle,episode_00019,Success,0
4055,textmapworld,format_checking_clp_chat,medium_cycle,episode_00019,Lose,0
4056,textmapworld,format_checking_clp_chat,medium_cycle,episode_00019,moves,
4057,textmapworld,format_checking_clp_chat,medium_cycle,episode_00019,valid_moves,
4058,textmapworld,format_checking_clp_chat,medium_cycle,episode_00019,invalid_moves,
4059,textmapworld,format_checking_clp_chat,medium_cycle,episode_00019,stopped,
4060,textmapworld,format_checking_clp_chat,medium_cycle,episode_00019,turns_limit,
4061,textmapworld,format_checking_clp_chat,medium_cycle,episode_00019,loops,
4062,textmapworld,format_checking_clp_chat,medium_cycle,episode_00019,number_visited,
4063,textmapworld,format_checking_clp_chat,medium_cycle,episode_00019,seen,
4064,textmapworld,format_checking_clp_chat,medium_cycle,episode_00019,efficiency,
4065,textmapworld,format_checking_clp_chat,medium_cycle,episode_00019,exploration,
4066,textmapworld,format_checking_clp_chat,medium_cycle,episode_00019,Main Score,
4067,textmapworld,format_checking_clp_chat,medium_cycle,episode_00020,Aborted,1
4068,textmapworld,format_checking_clp_chat,medium_cycle,episode_00020,Success,0
4069,textmapworld,format_checking_clp_chat,medium_cycle,episode_00020,Lose,0
4070,textmapworld,format_checking_clp_chat,medium_cycle,episode_00020,moves,
4071,textmapworld,format_checking_clp_chat,medium_cycle,episode_00020,valid_moves,
4072,textmapworld,format_checking_clp_chat,medium_cycle,episode_00020,invalid_moves,
4073,textmapworld,format_checking_clp_chat,medium_cycle,episode_00020,stopped,
4074,textmapworld,format_checking_clp_chat,medium_cycle,episode_00020,turns_limit,
4075,textmapworld,format_checking_clp_chat,medium_cycle,episode_00020,loops,
4076,textmapworld,format_checking_clp_chat,medium_cycle,episode_00020,number_visited,
4077,textmapworld,format_checking_clp_chat,medium_cycle,episode_00020,seen,
4078,textmapworld,format_checking_clp_chat,medium_cycle,episode_00020,efficiency,
4079,textmapworld,format_checking_clp_chat,medium_cycle,episode_00020,exploration,
4080,textmapworld,format_checking_clp_chat,medium_cycle,episode_00020,Main Score,
4081,textmapworld,format_checking_clp_chat,small,episode_00001,Aborted,1
4082,textmapworld,format_checking_clp_chat,small,episode_00001,Success,0
4083,textmapworld,format_checking_clp_chat,small,episode_00001,Lose,0
4084,textmapworld,format_checking_clp_chat,small,episode_00001,moves,
4085,textmapworld,format_checking_clp_chat,small,episode_00001,valid_moves,
4086,textmapworld,format_checking_clp_chat,small,episode_00001,invalid_moves,
4087,textmapworld,format_checking_clp_chat,small,episode_00001,stopped,
4088,textmapworld,format_checking_clp_chat,small,episode_00001,turns_limit,
4089,textmapworld,format_checking_clp_chat,small,episode_00001,loops,
4090,textmapworld,format_checking_clp_chat,small,episode_00001,number_visited,
4091,textmapworld,format_checking_clp_chat,small,episode_00001,seen,
4092,textmapworld,format_checking_clp_chat,small,episode_00001,efficiency,
4093,textmapworld,format_checking_clp_chat,small,episode_00001,exploration,
4094,textmapworld,format_checking_clp_chat,small,episode_00001,Main Score,
4095,textmapworld,format_checking_clp_chat,small,episode_00002,Aborted,1
4096,textmapworld,format_checking_clp_chat,small,episode_00002,Success,0
4097,textmapworld,format_checking_clp_chat,small,episode_00002,Lose,0
4098,textmapworld,format_checking_clp_chat,small,episode_00002,moves,
4099,textmapworld,format_checking_clp_chat,small,episode_00002,valid_moves,
4100,textmapworld,format_checking_clp_chat,small,episode_00002,invalid_moves,
4101,textmapworld,format_checking_clp_chat,small,episode_00002,stopped,
4102,textmapworld,format_checking_clp_chat,small,episode_00002,turns_limit,
4103,textmapworld,format_checking_clp_chat,small,episode_00002,loops,
4104,textmapworld,format_checking_clp_chat,small,episode_00002,number_visited,
4105,textmapworld,format_checking_clp_chat,small,episode_00002,seen,
4106,textmapworld,format_checking_clp_chat,small,episode_00002,efficiency,
4107,textmapworld,format_checking_clp_chat,small,episode_00002,exploration,
4108,textmapworld,format_checking_clp_chat,small,episode_00002,Main Score,
4109,textmapworld,format_checking_clp_chat,small,episode_00003,Aborted,1
4110,textmapworld,format_checking_clp_chat,small,episode_00003,Success,0
4111,textmapworld,format_checking_clp_chat,small,episode_00003,Lose,0
4112,textmapworld,format_checking_clp_chat,small,episode_00003,moves,
4113,textmapworld,format_checking_clp_chat,small,episode_00003,valid_moves,
4114,textmapworld,format_checking_clp_chat,small,episode_00003,invalid_moves,
4115,textmapworld,format_checking_clp_chat,small,episode_00003,stopped,
4116,textmapworld,format_checking_clp_chat,small,episode_00003,turns_limit,
4117,textmapworld,format_checking_clp_chat,small,episode_00003,loops,
4118,textmapworld,format_checking_clp_chat,small,episode_00003,number_visited,
4119,textmapworld,format_checking_clp_chat,small,episode_00003,seen,
4120,textmapworld,format_checking_clp_chat,small,episode_00003,efficiency,
4121,textmapworld,format_checking_clp_chat,small,episode_00003,exploration,
4122,textmapworld,format_checking_clp_chat,small,episode_00003,Main Score,
4123,textmapworld,format_checking_clp_chat,small,episode_00004,Aborted,1
4124,textmapworld,format_checking_clp_chat,small,episode_00004,Success,0
4125,textmapworld,format_checking_clp_chat,small,episode_00004,Lose,0
4126,textmapworld,format_checking_clp_chat,small,episode_00004,moves,
4127,textmapworld,format_checking_clp_chat,small,episode_00004,valid_moves,
4128,textmapworld,format_checking_clp_chat,small,episode_00004,invalid_moves,
4129,textmapworld,format_checking_clp_chat,small,episode_00004,stopped,
4130,textmapworld,format_checking_clp_chat,small,episode_00004,turns_limit,
4131,textmapworld,format_checking_clp_chat,small,episode_00004,loops,
4132,textmapworld,format_checking_clp_chat,small,episode_00004,number_visited,
4133,textmapworld,format_checking_clp_chat,small,episode_00004,seen,
4134,textmapworld,format_checking_clp_chat,small,episode_00004,efficiency,
4135,textmapworld,format_checking_clp_chat,small,episode_00004,exploration,
4136,textmapworld,format_checking_clp_chat,small,episode_00004,Main Score,
4137,textmapworld,format_checking_clp_chat,small,episode_00005,Aborted,1
4138,textmapworld,format_checking_clp_chat,small,episode_00005,Success,0
4139,textmapworld,format_checking_clp_chat,small,episode_00005,Lose,0
4140,textmapworld,format_checking_clp_chat,small,episode_00005,moves,
4141,textmapworld,format_checking_clp_chat,small,episode_00005,valid_moves,
4142,textmapworld,format_checking_clp_chat,small,episode_00005,invalid_moves,
4143,textmapworld,format_checking_clp_chat,small,episode_00005,stopped,
4144,textmapworld,format_checking_clp_chat,small,episode_00005,turns_limit,
4145,textmapworld,format_checking_clp_chat,small,episode_00005,loops,
4146,textmapworld,format_checking_clp_chat,small,episode_00005,number_visited,
4147,textmapworld,format_checking_clp_chat,small,episode_00005,seen,
4148,textmapworld,format_checking_clp_chat,small,episode_00005,efficiency,
4149,textmapworld,format_checking_clp_chat,small,episode_00005,exploration,
4150,textmapworld,format_checking_clp_chat,small,episode_00005,Main Score,
4151,wordle,format_checking_clp_chat,high_frequency_words_no_clue_no_critic,episode_00001,Aborted,0
4152,wordle,format_checking_clp_chat,high_frequency_words_no_clue_no_critic,episode_00001,Lose,1
4153,wordle,format_checking_clp_chat,high_frequency_words_no_clue_no_critic,episode_00001,Success,0
4154,wordle,format_checking_clp_chat,high_frequency_words_no_clue_no_critic,episode_00001,Request Count,7
4155,wordle,format_checking_clp_chat,high_frequency_words_no_clue_no_critic,episode_00001,Parsed Request Count,7
4156,wordle,format_checking_clp_chat,high_frequency_words_no_clue_no_critic,episode_00001,Violated Request Count,0
4157,wordle,format_checking_clp_chat,high_frequency_words_no_clue_no_critic,episode_00001,Request Success Ratio,1.0
4158,wordle,format_checking_clp_chat,high_frequency_words_no_clue_no_critic,episode_00001,Main Score,0
4159,wordle,format_checking_clp_chat,high_frequency_words_no_clue_no_critic,episode_00001,Guess Repetitions,3
4160,wordle,format_checking_clp_chat,high_frequency_words_no_clue_no_critic,episode_00002,Aborted,0
4161,wordle,format_checking_clp_chat,high_frequency_words_no_clue_no_critic,episode_00002,Lose,1
4162,wordle,format_checking_clp_chat,high_frequency_words_no_clue_no_critic,episode_00002,Success,0
4163,wordle,format_checking_clp_chat,high_frequency_words_no_clue_no_critic,episode_00002,Request Count,6
4164,wordle,format_checking_clp_chat,high_frequency_words_no_clue_no_critic,episode_00002,Parsed Request Count,6
4165,wordle,format_checking_clp_chat,high_frequency_words_no_clue_no_critic,episode_00002,Violated Request Count,0
4166,wordle,format_checking_clp_chat,high_frequency_words_no_clue_no_critic,episode_00002,Request Success Ratio,1.0
4167,wordle,format_checking_clp_chat,high_frequency_words_no_clue_no_critic,episode_00002,Main Score,0
4168,wordle,format_checking_clp_chat,high_frequency_words_no_clue_no_critic,episode_00002,Guess Repetitions,4
4169,wordle,format_checking_clp_chat,high_frequency_words_no_clue_no_critic,episode_00003,Aborted,1
4170,wordle,format_checking_clp_chat,high_frequency_words_no_clue_no_critic,episode_00003,Lose,0
4171,wordle,format_checking_clp_chat,high_frequency_words_no_clue_no_critic,episode_00003,Success,0
4172,wordle,format_checking_clp_chat,high_frequency_words_no_clue_no_critic,episode_00003,Request Count,2
4173,wordle,format_checking_clp_chat,high_frequency_words_no_clue_no_critic,episode_00003,Parsed Request Count,1
4174,wordle,format_checking_clp_chat,high_frequency_words_no_clue_no_critic,episode_00003,Violated Request Count,1
4175,wordle,format_checking_clp_chat,high_frequency_words_no_clue_no_critic,episode_00003,Request Success Ratio,0.5
4176,wordle,format_checking_clp_chat,high_frequency_words_no_clue_no_critic,episode_00003,Main Score,
4177,wordle,format_checking_clp_chat,high_frequency_words_no_clue_no_critic,episode_00003,Guess Repetitions,
4178,wordle,format_checking_clp_chat,high_frequency_words_no_clue_no_critic,episode_00004,Aborted,0
4179,wordle,format_checking_clp_chat,high_frequency_words_no_clue_no_critic,episode_00004,Lose,1
4180,wordle,format_checking_clp_chat,high_frequency_words_no_clue_no_critic,episode_00004,Success,0
4181,wordle,format_checking_clp_chat,high_frequency_words_no_clue_no_critic,episode_00004,Request Count,6
4182,wordle,format_checking_clp_chat,high_frequency_words_no_clue_no_critic,episode_00004,Parsed Request Count,6
4183,wordle,format_checking_clp_chat,high_frequency_words_no_clue_no_critic,episode_00004,Violated Request Count,0
4184,wordle,format_checking_clp_chat,high_frequency_words_no_clue_no_critic,episode_00004,Request Success Ratio,1.0
4185,wordle,format_checking_clp_chat,high_frequency_words_no_clue_no_critic,episode_00004,Main Score,0
4186,wordle,format_checking_clp_chat,high_frequency_words_no_clue_no_critic,episode_00004,Guess Repetitions,4
4187,wordle,format_checking_clp_chat,high_frequency_words_no_clue_no_critic,episode_00005,Aborted,0
4188,wordle,format_checking_clp_chat,high_frequency_words_no_clue_no_critic,episode_00005,Lose,1
4189,wordle,format_checking_clp_chat,high_frequency_words_no_clue_no_critic,episode_00005,Success,0
4190,wordle,format_checking_clp_chat,high_frequency_words_no_clue_no_critic,episode_00005,Request Count,6
4191,wordle,format_checking_clp_chat,high_frequency_words_no_clue_no_critic,episode_00005,Parsed Request Count,6
4192,wordle,format_checking_clp_chat,high_frequency_words_no_clue_no_critic,episode_00005,Violated Request Count,0
4193,wordle,format_checking_clp_chat,high_frequency_words_no_clue_no_critic,episode_00005,Request Success Ratio,1.0
4194,wordle,format_checking_clp_chat,high_frequency_words_no_clue_no_critic,episode_00005,Main Score,0
4195,wordle,format_checking_clp_chat,high_frequency_words_no_clue_no_critic,episode_00005,Guess Repetitions,2
4196,wordle,format_checking_clp_chat,high_frequency_words_no_clue_no_critic,episode_00006,Aborted,1
4197,wordle,format_checking_clp_chat,high_frequency_words_no_clue_no_critic,episode_00006,Lose,0
4198,wordle,format_checking_clp_chat,high_frequency_words_no_clue_no_critic,episode_00006,Success,0
4199,wordle,format_checking_clp_chat,high_frequency_words_no_clue_no_critic,episode_00006,Request Count,3
4200,wordle,format_checking_clp_chat,high_frequency_words_no_clue_no_critic,episode_00006,Parsed Request Count,2
4201,wordle,format_checking_clp_chat,high_frequency_words_no_clue_no_critic,episode_00006,Violated Request Count,1
4202,wordle,format_checking_clp_chat,high_frequency_words_no_clue_no_critic,episode_00006,Request Success Ratio,0.6666666666666666
4203,wordle,format_checking_clp_chat,high_frequency_words_no_clue_no_critic,episode_00006,Main Score,
4204,wordle,format_checking_clp_chat,high_frequency_words_no_clue_no_critic,episode_00006,Guess Repetitions,
4205,wordle,format_checking_clp_chat,high_frequency_words_no_clue_no_critic,episode_00007,Aborted,0
4206,wordle,format_checking_clp_chat,high_frequency_words_no_clue_no_critic,episode_00007,Lose,1
4207,wordle,format_checking_clp_chat,high_frequency_words_no_clue_no_critic,episode_00007,Success,0
4208,wordle,format_checking_clp_chat,high_frequency_words_no_clue_no_critic,episode_00007,Request Count,7
4209,wordle,format_checking_clp_chat,high_frequency_words_no_clue_no_critic,episode_00007,Parsed Request Count,7
4210,wordle,format_checking_clp_chat,high_frequency_words_no_clue_no_critic,episode_00007,Violated Request Count,0
4211,wordle,format_checking_clp_chat,high_frequency_words_no_clue_no_critic,episode_00007,Request Success Ratio,1.0
4212,wordle,format_checking_clp_chat,high_frequency_words_no_clue_no_critic,episode_00007,Main Score,0
4213,wordle,format_checking_clp_chat,high_frequency_words_no_clue_no_critic,episode_00007,Guess Repetitions,4
4214,wordle,format_checking_clp_chat,high_frequency_words_no_clue_no_critic,episode_00008,Aborted,0
4215,wordle,format_checking_clp_chat,high_frequency_words_no_clue_no_critic,episode_00008,Lose,1
4216,wordle,format_checking_clp_chat,high_frequency_words_no_clue_no_critic,episode_00008,Success,0
4217,wordle,format_checking_clp_chat,high_frequency_words_no_clue_no_critic,episode_00008,Request Count,6
4218,wordle,format_checking_clp_chat,high_frequency_words_no_clue_no_critic,episode_00008,Parsed Request Count,6
4219,wordle,format_checking_clp_chat,high_frequency_words_no_clue_no_critic,episode_00008,Violated Request Count,0
4220,wordle,format_checking_clp_chat,high_frequency_words_no_clue_no_critic,episode_00008,Request Success Ratio,1.0
4221,wordle,format_checking_clp_chat,high_frequency_words_no_clue_no_critic,episode_00008,Main Score,0
4222,wordle,format_checking_clp_chat,high_frequency_words_no_clue_no_critic,episode_00008,Guess Repetitions,1
4223,wordle,format_checking_clp_chat,high_frequency_words_no_clue_no_critic,episode_00009,Aborted,0
4224,wordle,format_checking_clp_chat,high_frequency_words_no_clue_no_critic,episode_00009,Lose,1
4225,wordle,format_checking_clp_chat,high_frequency_words_no_clue_no_critic,episode_00009,Success,0
4226,wordle,format_checking_clp_chat,high_frequency_words_no_clue_no_critic,episode_00009,Request Count,6
4227,wordle,format_checking_clp_chat,high_frequency_words_no_clue_no_critic,episode_00009,Parsed Request Count,6
4228,wordle,format_checking_clp_chat,high_frequency_words_no_clue_no_critic,episode_00009,Violated Request Count,0
4229,wordle,format_checking_clp_chat,high_frequency_words_no_clue_no_critic,episode_00009,Request Success Ratio,1.0
4230,wordle,format_checking_clp_chat,high_frequency_words_no_clue_no_critic,episode_00009,Main Score,0
4231,wordle,format_checking_clp_chat,high_frequency_words_no_clue_no_critic,episode_00009,Guess Repetitions,3
4232,wordle,format_checking_clp_chat,high_frequency_words_no_clue_no_critic,episode_00010,Aborted,0
4233,wordle,format_checking_clp_chat,high_frequency_words_no_clue_no_critic,episode_00010,Lose,1
4234,wordle,format_checking_clp_chat,high_frequency_words_no_clue_no_critic,episode_00010,Success,0
4235,wordle,format_checking_clp_chat,high_frequency_words_no_clue_no_critic,episode_00010,Request Count,6
4236,wordle,format_checking_clp_chat,high_frequency_words_no_clue_no_critic,episode_00010,Parsed Request Count,6
4237,wordle,format_checking_clp_chat,high_frequency_words_no_clue_no_critic,episode_00010,Violated Request Count,0
4238,wordle,format_checking_clp_chat,high_frequency_words_no_clue_no_critic,episode_00010,Request Success Ratio,1.0
4239,wordle,format_checking_clp_chat,high_frequency_words_no_clue_no_critic,episode_00010,Main Score,0
4240,wordle,format_checking_clp_chat,high_frequency_words_no_clue_no_critic,episode_00010,Guess Repetitions,5
4241,adventuregame,format_checking_clp_chat,home_deliver_three_basic_easy,episode_00001,Played,0.0
4242,adventuregame,format_checking_clp_chat,home_deliver_three_basic_easy,episode_00002,Played,0.0
4243,adventuregame,format_checking_clp_chat,home_deliver_three_basic_easy,episode_00003,Played,0.0
4244,adventuregame,format_checking_clp_chat,home_deliver_three_basic_easy_invlimittwo,episode_00007,Played,0.0
4245,adventuregame,format_checking_clp_chat,home_deliver_three_basic_easy_invlimittwo,episode_00008,Played,0.0
4246,adventuregame,format_checking_clp_chat,home_deliver_three_basic_easy_invlimittwo,episode_00009,Played,1.0
4247,adventuregame,format_checking_clp_chat,home_deliver_three_planning_easy,episode_00004,Played,0.0
4248,adventuregame,format_checking_clp_chat,home_deliver_three_planning_easy,episode_00005,Played,0.0
4249,adventuregame,format_checking_clp_chat,home_deliver_three_planning_easy,episode_00006,Played,0.0
4250,adventuregame,format_checking_clp_chat,home_deliver_three_planning_easy_invlimittwo,episode_00010,Played,0.0
4251,adventuregame,format_checking_clp_chat,home_deliver_three_planning_easy_invlimittwo,episode_00011,Played,0.0
4252,adventuregame,format_checking_clp_chat,home_deliver_three_planning_easy_invlimittwo,episode_00012,Played,0.0
4253,clean_up,format_checking_clp_chat,0_easy_3obj_en,episode_00001,Played,0.0
4254,clean_up,format_checking_clp_chat,0_easy_3obj_en,episode_00002,Played,0
4255,clean_up,format_checking_clp_chat,0_easy_5obj_en,episode_00003,Played,0
4256,codenames,format_checking_clp_chat,abstract,episode_00025,Played,0
4257,codenames,format_checking_clp_chat,abstract,episode_00026,Played,0
4258,codenames,format_checking_clp_chat,ambiguous,episode_00021,Played,0
4259,codenames,format_checking_clp_chat,ambiguous,episode_00022,Played,0
4260,codenames,format_checking_clp_chat,association_difficult,episode_00007,Played,0
4261,codenames,format_checking_clp_chat,association_difficult,episode_00008,Played,0
4262,codenames,format_checking_clp_chat,association_easy,episode_00005,Played,0
4263,codenames,format_checking_clp_chat,association_easy,episode_00006,Played,1
4264,codenames,format_checking_clp_chat,concrete,episode_00023,Played,1
4265,codenames,format_checking_clp_chat,concrete,episode_00024,Played,0
4266,codenames,format_checking_clp_chat,frequency_high,episode_00017,Played,0
4267,codenames,format_checking_clp_chat,frequency_high,episode_00018,Played,0
4268,codenames,format_checking_clp_chat,frequency_low,episode_00015,Played,0
4269,codenames,format_checking_clp_chat,frequency_low,episode_00016,Played,1
4270,codenames,format_checking_clp_chat,opponent_difficult,episode_00013,Played,0
4271,codenames,format_checking_clp_chat,opponent_difficult,episode_00014,Played,0
4272,codenames,format_checking_clp_chat,opponent_easy,episode_00011,Played,1
4273,codenames,format_checking_clp_chat,opponent_easy,episode_00012,Played,0
4274,codenames,format_checking_clp_chat,opponent_none,episode_00009,Played,0
4275,codenames,format_checking_clp_chat,opponent_none,episode_00010,Played,0
4276,codenames,format_checking_clp_chat,risk_high,episode_00003,Played,0
4277,codenames,format_checking_clp_chat,risk_high,episode_00004,Played,0
4278,codenames,format_checking_clp_chat,risk_low,episode_00001,Played,1
4279,codenames,format_checking_clp_chat,risk_low,episode_00002,Played,1
4280,codenames,format_checking_clp_chat,unambiguous,episode_00019,Played,1
4281,codenames,format_checking_clp_chat,unambiguous,episode_00020,Played,0
4282,dond,format_checking_clp_chat,coop_en,episode_00001,Played,1
4283,dond,format_checking_clp_chat,coop_en,episode_00002,Played,1
4284,dond,format_checking_clp_chat,coop_en,episode_00003,Played,1
4285,dond,format_checking_clp_chat,coop_en,episode_00004,Played,1
4286,dond,format_checking_clp_chat,coop_en,episode_00005,Played,1
4287,dond,format_checking_clp_chat,coop_en,episode_00006,Played,1
4288,dond,format_checking_clp_chat,coop_en,episode_00007,Played,1
4289,dond,format_checking_clp_chat,coop_en,episode_00008,Played,1
4290,dond,format_checking_clp_chat,coop_en,episode_00009,Played,1
4291,dond,format_checking_clp_chat,coop_en,episode_00010,Played,1
4292,dond,format_checking_clp_chat,semi_en,episode_00011,Played,1
4293,dond,format_checking_clp_chat,semi_en,episode_00012,Played,1
4294,dond,format_checking_clp_chat,semi_en,episode_00013,Played,1
4295,dond,format_checking_clp_chat,semi_en,episode_00014,Played,1
4296,dond,format_checking_clp_chat,semi_en,episode_00015,Played,1
4297,dond,format_checking_clp_chat,semi_en,episode_00016,Played,1
4298,dond,format_checking_clp_chat,semi_en,episode_00017,Played,1
4299,dond,format_checking_clp_chat,semi_en,episode_00018,Played,1
4300,dond,format_checking_clp_chat,semi_en,episode_00019,Played,1
4301,dond,format_checking_clp_chat,semi_en,episode_00020,Played,0
4302,guesswhat,format_checking_clp_chat,Abs_Level_1,episode_00013,Played,0
4303,guesswhat,format_checking_clp_chat,Abs_Level_1,episode_00014,Played,0
4304,guesswhat,format_checking_clp_chat,Abs_Level_1,episode_00015,Played,0
4305,guesswhat,format_checking_clp_chat,Abs_Level_1,episode_00016,Played,0
4306,guesswhat,format_checking_clp_chat,Abs_Level_2,episode_00017,Played,0
4307,guesswhat,format_checking_clp_chat,Abs_Level_2,episode_00018,Played,0
4308,guesswhat,format_checking_clp_chat,Abs_Level_2,episode_00019,Played,0
4309,guesswhat,format_checking_clp_chat,Abs_Level_2,episode_00020,Played,1
4310,guesswhat,format_checking_clp_chat,Abs_Level_3,episode_00021,Played,0
4311,guesswhat,format_checking_clp_chat,Abs_Level_3,episode_00022,Played,0
4312,guesswhat,format_checking_clp_chat,Abs_Level_3,episode_00023,Played,0
4313,guesswhat,format_checking_clp_chat,Abs_Level_3,episode_00024,Played,0
4314,guesswhat,format_checking_clp_chat,Level_1,episode_00001,Played,0
4315,guesswhat,format_checking_clp_chat,Level_1,episode_00002,Played,1
4316,guesswhat,format_checking_clp_chat,Level_1,episode_00003,Played,1
4317,guesswhat,format_checking_clp_chat,Level_1,episode_00004,Played,0
4318,guesswhat,format_checking_clp_chat,Level_2,episode_00005,Played,0
4319,guesswhat,format_checking_clp_chat,Level_2,episode_00006,Played,0
4320,guesswhat,format_checking_clp_chat,Level_2,episode_00007,Played,1
4321,guesswhat,format_checking_clp_chat,Level_2,episode_00008,Played,0
4322,guesswhat,format_checking_clp_chat,Level_3,episode_00009,Played,0
4323,guesswhat,format_checking_clp_chat,Level_3,episode_00010,Played,0
4324,guesswhat,format_checking_clp_chat,Level_3,episode_00011,Played,0
4325,guesswhat,format_checking_clp_chat,Level_3,episode_00012,Played,0
4326,imagegame,format_checking_clp_chat,compact_grids,episode_00001,Played,0
4327,imagegame,format_checking_clp_chat,compact_grids,episode_00002,Played,0
4328,imagegame,format_checking_clp_chat,compact_grids,episode_00003,Played,0
4329,imagegame,format_checking_clp_chat,compact_grids,episode_00004,Played,0
4330,imagegame,format_checking_clp_chat,compact_grids,episode_00005,Played,0
4331,imagegame,format_checking_clp_chat,compact_grids,episode_00006,Played,0
4332,imagegame,format_checking_clp_chat,compact_grids,episode_00007,Played,0
4333,imagegame,format_checking_clp_chat,compact_grids,episode_00008,Played,0
4334,imagegame,format_checking_clp_chat,compact_grids,episode_00009,Played,0
4335,imagegame,format_checking_clp_chat,compact_grids,episode_00010,Played,0
4336,imagegame,format_checking_clp_chat,compact_grids,episode_00011,Played,0
4337,imagegame,format_checking_clp_chat,compact_grids,episode_00012,Played,0
4338,imagegame,format_checking_clp_chat,random_grids,episode_00013,Played,0
4339,imagegame,format_checking_clp_chat,random_grids,episode_00014,Played,0
4340,imagegame,format_checking_clp_chat,random_grids,episode_00015,Played,0
4341,imagegame,format_checking_clp_chat,random_grids,episode_00016,Played,0
4342,imagegame,format_checking_clp_chat,random_grids,episode_00017,Played,0
4343,imagegame,format_checking_clp_chat,random_grids,episode_00018,Played,0
4344,imagegame,format_checking_clp_chat,random_grids,episode_00019,Played,0
4345,imagegame,format_checking_clp_chat,random_grids,episode_00020,Played,0
4346,imagegame,format_checking_clp_chat,random_grids,episode_00021,Played,0
4347,imagegame,format_checking_clp_chat,random_grids,episode_00022,Played,0
4348,imagegame,format_checking_clp_chat,random_grids,episode_00023,Played,0
4349,imagegame,format_checking_clp_chat,random_grids,episode_00024,Played,0
4350,matchit,format_checking_clp_chat,different_image,episode_00017,Played,0
4351,matchit,format_checking_clp_chat,different_image,episode_00018,Played,0
4352,matchit,format_checking_clp_chat,different_image,episode_00019,Played,0
4353,matchit,format_checking_clp_chat,different_image,episode_00020,Played,0
4354,matchit,format_checking_clp_chat,different_image,episode_00021,Played,0
4355,matchit,format_checking_clp_chat,different_image,episode_00022,Played,0
4356,matchit,format_checking_clp_chat,different_image,episode_00023,Played,0
4357,matchit,format_checking_clp_chat,different_image,episode_00024,Played,0
4358,matchit,format_checking_clp_chat,same_image,episode_00001,Played,0
4359,matchit,format_checking_clp_chat,same_image,episode_00002,Played,0
4360,matchit,format_checking_clp_chat,same_image,episode_00003,Played,0
4361,matchit,format_checking_clp_chat,same_image,episode_00004,Played,0
4362,matchit,format_checking_clp_chat,same_image,episode_00005,Played,0
4363,matchit,format_checking_clp_chat,same_image,episode_00006,Played,0
4364,matchit,format_checking_clp_chat,same_image,episode_00007,Played,0
4365,matchit,format_checking_clp_chat,same_image,episode_00008,Played,0
4366,matchit,format_checking_clp_chat,similar_image,episode_00009,Played,0
4367,matchit,format_checking_clp_chat,similar_image,episode_00010,Played,0
4368,matchit,format_checking_clp_chat,similar_image,episode_00011,Played,0
4369,matchit,format_checking_clp_chat,similar_image,episode_00012,Played,0
4370,matchit,format_checking_clp_chat,similar_image,episode_00013,Played,0
4371,matchit,format_checking_clp_chat,similar_image,episode_00014,Played,0
4372,matchit,format_checking_clp_chat,similar_image,episode_00015,Played,0
4373,matchit,format_checking_clp_chat,similar_image,episode_00016,Played,0
4374,matchit_ascii,format_checking_clp_chat,different_grid,episode_00019,Played,1
4375,matchit_ascii,format_checking_clp_chat,different_grid,episode_00020,Played,1
4376,matchit_ascii,format_checking_clp_chat,different_grid,episode_00021,Played,1
4377,matchit_ascii,format_checking_clp_chat,different_grid,episode_00022,Played,1
4378,matchit_ascii,format_checking_clp_chat,different_grid,episode_00023,Played,1
4379,matchit_ascii,format_checking_clp_chat,different_grid,episode_00024,Played,1
4380,matchit_ascii,format_checking_clp_chat,same_grid,episode_00001,Played,1
4381,matchit_ascii,format_checking_clp_chat,same_grid,episode_00002,Played,1
4382,matchit_ascii,format_checking_clp_chat,same_grid,episode_00003,Played,1
4383,matchit_ascii,format_checking_clp_chat,same_grid,episode_00004,Played,1
4384,matchit_ascii,format_checking_clp_chat,same_grid,episode_00005,Played,1
4385,matchit_ascii,format_checking_clp_chat,same_grid,episode_00006,Played,1
4386,matchit_ascii,format_checking_clp_chat,similar_grid_1,episode_00007,Played,1
4387,matchit_ascii,format_checking_clp_chat,similar_grid_1,episode_00008,Played,1
4388,matchit_ascii,format_checking_clp_chat,similar_grid_1,episode_00009,Played,1
4389,matchit_ascii,format_checking_clp_chat,similar_grid_1,episode_00010,Played,1
4390,matchit_ascii,format_checking_clp_chat,similar_grid_1,episode_00011,Played,1
4391,matchit_ascii,format_checking_clp_chat,similar_grid_1,episode_00012,Played,1
4392,matchit_ascii,format_checking_clp_chat,similar_grid_2,episode_00013,Played,1
4393,matchit_ascii,format_checking_clp_chat,similar_grid_2,episode_00014,Played,1
4394,matchit_ascii,format_checking_clp_chat,similar_grid_2,episode_00015,Played,1
4395,matchit_ascii,format_checking_clp_chat,similar_grid_2,episode_00016,Played,1
4396,matchit_ascii,format_checking_clp_chat,similar_grid_2,episode_00017,Played,1
4397,matchit_ascii,format_checking_clp_chat,similar_grid_2,episode_00018,Played,1
4398,mm_mapworld,format_checking_clp_chat,large,episode_00011,Played,0
4399,mm_mapworld,format_checking_clp_chat,large,episode_00012,Played,0
4400,mm_mapworld,format_checking_clp_chat,large,episode_00013,Played,0
4401,mm_mapworld,format_checking_clp_chat,large,episode_00014,Played,1
4402,mm_mapworld,format_checking_clp_chat,large,episode_00015,Played,0
4403,mm_mapworld,format_checking_clp_chat,large_cycle,episode_00021,Played,0
4404,mm_mapworld,format_checking_clp_chat,large_cycle,episode_00022,Played,0
4405,mm_mapworld,format_checking_clp_chat,large_cycle,episode_00023,Played,0
4406,mm_mapworld,format_checking_clp_chat,large_cycle,episode_00024,Played,1
4407,mm_mapworld,format_checking_clp_chat,large_cycle,episode_00025,Played,0
4408,mm_mapworld,format_checking_clp_chat,medium,episode_00006,Played,0
4409,mm_mapworld,format_checking_clp_chat,medium,episode_00007,Played,0
4410,mm_mapworld,format_checking_clp_chat,medium,episode_00008,Played,0
4411,mm_mapworld,format_checking_clp_chat,medium,episode_00009,Played,0
4412,mm_mapworld,format_checking_clp_chat,medium,episode_00010,Played,0
4413,mm_mapworld,format_checking_clp_chat,medium_cycle,episode_00016,Played,1
4414,mm_mapworld,format_checking_clp_chat,medium_cycle,episode_00017,Played,0
4415,mm_mapworld,format_checking_clp_chat,medium_cycle,episode_00018,Played,0
4416,mm_mapworld,format_checking_clp_chat,medium_cycle,episode_00019,Played,0
4417,mm_mapworld,format_checking_clp_chat,medium_cycle,episode_00020,Played,1
4418,mm_mapworld,format_checking_clp_chat,small,episode_00001,Played,0
4419,mm_mapworld,format_checking_clp_chat,small,episode_00002,Played,1
4420,mm_mapworld,format_checking_clp_chat,small,episode_00003,Played,0
4421,mm_mapworld,format_checking_clp_chat,small,episode_00004,Played,0
4422,mm_mapworld,format_checking_clp_chat,small,episode_00005,Played,0
4423,multimodal_referencegame,format_checking_clp_chat,CLEVR_images,episode_00015,Played,1
4424,multimodal_referencegame,format_checking_clp_chat,CLEVR_images,episode_00016,Played,1
4425,multimodal_referencegame,format_checking_clp_chat,CLEVR_static_target_images,episode_00017,Played,1
4426,multimodal_referencegame,format_checking_clp_chat,CLEVR_static_target_images,episode_00018,Played,1
4427,multimodal_referencegame,format_checking_clp_chat,diagonal_grids,episode_00005,Played,1
4428,multimodal_referencegame,format_checking_clp_chat,diagonal_grids,episode_00006,Played,1
4429,multimodal_referencegame,format_checking_clp_chat,DOCCI_images,episode_00013,Played,1
4430,multimodal_referencegame,format_checking_clp_chat,DOCCI_images,episode_00014,Played,1
4431,multimodal_referencegame,format_checking_clp_chat,DOCCI_static_target_images,episode_00019,Played,1
4432,multimodal_referencegame,format_checking_clp_chat,DOCCI_static_target_images,episode_00020,Played,1
4433,multimodal_referencegame,format_checking_clp_chat,letter_grids,episode_00007,Played,1
4434,multimodal_referencegame,format_checking_clp_chat,letter_grids,episode_00008,Played,1
4435,multimodal_referencegame,format_checking_clp_chat,line_grids_columns,episode_00003,Played,1
4436,multimodal_referencegame,format_checking_clp_chat,line_grids_columns,episode_00004,Played,1
4437,multimodal_referencegame,format_checking_clp_chat,line_grids_rows,episode_00001,Played,1
4438,multimodal_referencegame,format_checking_clp_chat,line_grids_rows,episode_00002,Played,1
4439,multimodal_referencegame,format_checking_clp_chat,pentomino_images,episode_00021,Played,1
4440,multimodal_referencegame,format_checking_clp_chat,pentomino_images,episode_00022,Played,1
4441,multimodal_referencegame,format_checking_clp_chat,random_grids,episode_00011,Played,1
4442,multimodal_referencegame,format_checking_clp_chat,random_grids,episode_00012,Played,1
4443,multimodal_referencegame,format_checking_clp_chat,shape_grids,episode_00009,Played,1
4444,multimodal_referencegame,format_checking_clp_chat,shape_grids,episode_00010,Played,1
4445,privateshared,format_checking_clp_chat,job-interview,episode_00006,Played,1
4446,privateshared,format_checking_clp_chat,job-interview,episode_00007,Played,1
4447,privateshared,format_checking_clp_chat,job-interview,episode_00008,Played,1
4448,privateshared,format_checking_clp_chat,job-interview,episode_00009,Played,1
4449,privateshared,format_checking_clp_chat,job-interview,episode_00010,Played,1
4450,privateshared,format_checking_clp_chat,letter-number,episode_00021,Played,1
4451,privateshared,format_checking_clp_chat,letter-number,episode_00022,Played,1
4452,privateshared,format_checking_clp_chat,letter-number,episode_00023,Played,1
4453,privateshared,format_checking_clp_chat,letter-number,episode_00024,Played,1
4454,privateshared,format_checking_clp_chat,letter-number,episode_00025,Played,0
4455,privateshared,format_checking_clp_chat,restaurant,episode_00011,Played,1
4456,privateshared,format_checking_clp_chat,restaurant,episode_00012,Played,1
4457,privateshared,format_checking_clp_chat,restaurant,episode_00013,Played,1
4458,privateshared,format_checking_clp_chat,restaurant,episode_00014,Played,1
4459,privateshared,format_checking_clp_chat,restaurant,episode_00015,Played,0
4460,privateshared,format_checking_clp_chat,things-places,episode_00016,Played,1
4461,privateshared,format_checking_clp_chat,things-places,episode_00017,Played,1
4462,privateshared,format_checking_clp_chat,things-places,episode_00018,Played,1
4463,privateshared,format_checking_clp_chat,things-places,episode_00019,Played,1
4464,privateshared,format_checking_clp_chat,things-places,episode_00020,Played,0
4465,privateshared,format_checking_clp_chat,travel-booking,episode_00001,Played,1
4466,privateshared,format_checking_clp_chat,travel-booking,episode_00002,Played,1
4467,privateshared,format_checking_clp_chat,travel-booking,episode_00003,Played,0
4468,privateshared,format_checking_clp_chat,travel-booking,episode_00004,Played,1
4469,privateshared,format_checking_clp_chat,travel-booking,episode_00005,Played,1
4470,referencegame,format_checking_clp_chat,letter_grids,episode_00001,Played,1
4471,referencegame,format_checking_clp_chat,letter_grids,episode_00002,Played,1
4472,referencegame,format_checking_clp_chat,letter_grids,episode_00003,Played,1
4473,referencegame,format_checking_clp_chat,letter_grids,episode_00004,Played,1
4474,referencegame,format_checking_clp_chat,letter_grids,episode_00005,Played,1
4475,referencegame,format_checking_clp_chat,line_grids_columns,episode_00016,Played,1
4476,referencegame,format_checking_clp_chat,line_grids_columns,episode_00017,Played,1
4477,referencegame,format_checking_clp_chat,line_grids_columns,episode_00018,Played,1
4478,referencegame,format_checking_clp_chat,line_grids_columns,episode_00019,Played,1
4479,referencegame,format_checking_clp_chat,line_grids_columns,episode_00020,Played,1
4480,referencegame,format_checking_clp_chat,line_grids_rows,episode_00011,Played,1
4481,referencegame,format_checking_clp_chat,line_grids_rows,episode_00012,Played,1
4482,referencegame,format_checking_clp_chat,line_grids_rows,episode_00013,Played,1
4483,referencegame,format_checking_clp_chat,line_grids_rows,episode_00014,Played,1
4484,referencegame,format_checking_clp_chat,line_grids_rows,episode_00015,Played,1
4485,referencegame,format_checking_clp_chat,number_grids,episode_00006,Played,1
4486,referencegame,format_checking_clp_chat,number_grids,episode_00007,Played,1
4487,referencegame,format_checking_clp_chat,number_grids,episode_00008,Played,1
4488,referencegame,format_checking_clp_chat,number_grids,episode_00009,Played,1
4489,referencegame,format_checking_clp_chat,number_grids,episode_00010,Played,1
4490,referencegame,format_checking_clp_chat,random_grids,episode_00021,Played,1
4491,referencegame,format_checking_clp_chat,random_grids,episode_00022,Played,1
4492,referencegame,format_checking_clp_chat,random_grids,episode_00023,Played,1
4493,referencegame,format_checking_clp_chat,random_grids,episode_00024,Played,1
4494,referencegame,format_checking_clp_chat,random_grids,episode_00025,Played,1
4495,taboo,format_checking_clp_chat,high_en,episode_00001,Played,1
4496,taboo,format_checking_clp_chat,high_en,episode_00002,Played,1
4497,taboo,format_checking_clp_chat,high_en,episode_00003,Played,1
4498,taboo,format_checking_clp_chat,high_en,episode_00004,Played,1
4499,taboo,format_checking_clp_chat,high_en,episode_00005,Played,1
4500,taboo,format_checking_clp_chat,low_en,episode_00011,Played,1
4501,taboo,format_checking_clp_chat,low_en,episode_00012,Played,1
4502,taboo,format_checking_clp_chat,low_en,episode_00013,Played,1
4503,taboo,format_checking_clp_chat,low_en,episode_00014,Played,1
4504,taboo,format_checking_clp_chat,low_en,episode_00015,Played,1
4505,taboo,format_checking_clp_chat,medium_en,episode_00006,Played,1
4506,taboo,format_checking_clp_chat,medium_en,episode_00007,Played,1
4507,taboo,format_checking_clp_chat,medium_en,episode_00008,Played,1
4508,taboo,format_checking_clp_chat,medium_en,episode_00009,Played,1
4509,taboo,format_checking_clp_chat,medium_en,episode_00010,Played,1
4510,textmapworld,format_checking_clp_chat,large,episode_00011,Played,0
4511,textmapworld,format_checking_clp_chat,large,episode_00012,Played,0
4512,textmapworld,format_checking_clp_chat,large,episode_00013,Played,0
4513,textmapworld,format_checking_clp_chat,large,episode_00014,Played,0
4514,textmapworld,format_checking_clp_chat,large,episode_00015,Played,0
4515,textmapworld,format_checking_clp_chat,large_cycle,episode_00021,Played,0
4516,textmapworld,format_checking_clp_chat,large_cycle,episode_00022,Played,0
4517,textmapworld,format_checking_clp_chat,large_cycle,episode_00023,Played,0
4518,textmapworld,format_checking_clp_chat,large_cycle,episode_00024,Played,0
4519,textmapworld,format_checking_clp_chat,large_cycle,episode_00025,Played,0
4520,textmapworld,format_checking_clp_chat,medium,episode_00006,Played,0
4521,textmapworld,format_checking_clp_chat,medium,episode_00007,Played,0
4522,textmapworld,format_checking_clp_chat,medium,episode_00008,Played,0
4523,textmapworld,format_checking_clp_chat,medium,episode_00009,Played,0
4524,textmapworld,format_checking_clp_chat,medium,episode_00010,Played,0
4525,textmapworld,format_checking_clp_chat,medium_cycle,episode_00016,Played,0
4526,textmapworld,format_checking_clp_chat,medium_cycle,episode_00017,Played,0
4527,textmapworld,format_checking_clp_chat,medium_cycle,episode_00018,Played,0
4528,textmapworld,format_checking_clp_chat,medium_cycle,episode_00019,Played,0
4529,textmapworld,format_checking_clp_chat,medium_cycle,episode_00020,Played,0
4530,textmapworld,format_checking_clp_chat,small,episode_00001,Played,0
4531,textmapworld,format_checking_clp_chat,small,episode_00002,Played,0
4532,textmapworld,format_checking_clp_chat,small,episode_00003,Played,0
4533,textmapworld,format_checking_clp_chat,small,episode_00004,Played,0
4534,textmapworld,format_checking_clp_chat,small,episode_00005,Played,0
4535,wordle,format_checking_clp_chat,high_frequency_words_no_clue_no_critic,episode_00001,Played,1
4536,wordle,format_checking_clp_chat,high_frequency_words_no_clue_no_critic,episode_00002,Played,1
4537,wordle,format_checking_clp_chat,high_frequency_words_no_clue_no_critic,episode_00003,Played,0
4538,wordle,format_checking_clp_chat,high_frequency_words_no_clue_no_critic,episode_00004,Played,1
4539,wordle,format_checking_clp_chat,high_frequency_words_no_clue_no_critic,episode_00005,Played,1
4540,wordle,format_checking_clp_chat,high_frequency_words_no_clue_no_critic,episode_00006,Played,0
4541,wordle,format_checking_clp_chat,high_frequency_words_no_clue_no_critic,episode_00007,Played,1
4542,wordle,format_checking_clp_chat,high_frequency_words_no_clue_no_critic,episode_00008,Played,1
4543,wordle,format_checking_clp_chat,high_frequency_words_no_clue_no_critic,episode_00009,Played,1
4544,wordle,format_checking_clp_chat,high_frequency_words_no_clue_no_critic,episode_00010,Played,1
