,game,model,experiment,episode,metric,value
0,adventuregame,baseline_clp_chat,home_deliver_three_basic_easy,episode_00001,Violated Request Count,0.0
1,adventuregame,baseline_clp_chat,home_deliver_three_basic_easy,episode_00001,Parsed Request Count,3.0
2,adventuregame,baseline_clp_chat,home_deliver_three_basic_easy,episode_00001,Request Count,3.0
3,adventuregame,baseline_clp_chat,home_deliver_three_basic_easy,episode_00001,Request Success Ratio,1.0
4,adventuregame,baseline_clp_chat,home_deliver_three_basic_easy,episode_00001,hallucination_count,1.0
5,adventuregame,baseline_clp_chat,home_deliver_three_basic_easy,episode_00001,action_parsing_fail,0.0
6,adventuregame,baseline_clp_chat,home_deliver_three_basic_easy,episode_00001,action_resolution_fail,0.0
7,adventuregame,baseline_clp_chat,home_deliver_three_basic_easy,episode_00001,lark_exception,0.0
8,adventuregame,baseline_clp_chat,home_deliver_three_basic_easy,episode_00001,malformed_command,0.0
9,adventuregame,baseline_clp_chat,home_deliver_three_basic_easy,episode_00001,undefined_action_verb,0.0
10,adventuregame,baseline_clp_chat,home_deliver_three_basic_easy,episode_00001,undefined_action,0.0
11,adventuregame,baseline_clp_chat,home_deliver_three_basic_easy,episode_00001,undefined_repr_str,0.0
12,adventuregame,baseline_clp_chat,home_deliver_three_basic_easy,episode_00001,manipulating_room,0.0
13,adventuregame,baseline_clp_chat,home_deliver_three_basic_easy,episode_00001,undefined_argument_type,0.0
14,adventuregame,baseline_clp_chat,home_deliver_three_basic_easy,episode_00001,taking_from_inventory,0.0
15,adventuregame,baseline_clp_chat,home_deliver_three_basic_easy,episode_00001,other_room_argument,0.0
16,adventuregame,baseline_clp_chat,home_deliver_three_basic_easy,episode_00001,domain_trait_type_mismatch,0.0
17,adventuregame,baseline_clp_chat,home_deliver_three_basic_easy,episode_00001,domain_type_discrepancy,0.0
18,adventuregame,baseline_clp_chat,home_deliver_three_basic_easy,episode_00001,world_state_discrepancy,0.0
19,adventuregame,baseline_clp_chat,home_deliver_three_basic_easy,episode_00001,entity_not_accessible,0.0
20,adventuregame,baseline_clp_chat,home_deliver_three_basic_easy,episode_00001,entity_state_mismatch,0.0
21,adventuregame,baseline_clp_chat,home_deliver_three_basic_easy,episode_00001,entity_trait_mismatch,0.0
22,adventuregame,baseline_clp_chat,home_deliver_three_basic_easy,episode_00001,entity_already_inventory,0.0
23,adventuregame,baseline_clp_chat,home_deliver_three_basic_easy,episode_00001,going_to_current_room,0.0
24,adventuregame,baseline_clp_chat,home_deliver_three_basic_easy,episode_00001,no_exit_to,0.0
25,adventuregame,baseline_clp_chat,home_deliver_three_basic_easy,episode_00001,inventory_limit_exceeded,0.0
26,adventuregame,baseline_clp_chat,home_deliver_three_basic_easy,episode_00001,successful_actions,3.0
27,adventuregame,baseline_clp_chat,home_deliver_three_basic_easy,episode_00001,turn_limit_loss,0.0
28,adventuregame,baseline_clp_chat,home_deliver_three_basic_easy,episode_00001,turns_over_par,
29,adventuregame,baseline_clp_chat,home_deliver_three_basic_easy,episode_00001,turn_ratio,
30,adventuregame,baseline_clp_chat,home_deliver_three_basic_easy,episode_00001,finish_speed,
31,adventuregame,baseline_clp_chat,home_deliver_three_basic_easy,episode_00001,achieved_goal_ratio,0.0
32,adventuregame,baseline_clp_chat,home_deliver_three_basic_easy,episode_00001,Aborted,0.0
33,adventuregame,baseline_clp_chat,home_deliver_three_basic_easy,episode_00001,Success,0.0
34,adventuregame,baseline_clp_chat,home_deliver_three_basic_easy,episode_00001,Lose,1.0
35,adventuregame,baseline_clp_chat,home_deliver_three_basic_easy,episode_00001,Main Score,0.0
36,adventuregame,baseline_clp_chat,home_deliver_three_basic_easy,episode_00001,plan_followed_ratio,0.0
37,adventuregame,baseline_clp_chat,home_deliver_three_basic_easy,episode_00001,plan_average_viability_ratio,0.0
38,adventuregame,baseline_clp_chat,home_deliver_three_basic_easy,episode_00001,bad_plan_follow_ratio,0.0
39,adventuregame,baseline_clp_chat,home_deliver_three_basic_easy,episode_00001,bad_plan_dismiss_ratio,1.0
40,adventuregame,baseline_clp_chat,home_deliver_three_basic_easy,episode_00002,Violated Request Count,0.0
41,adventuregame,baseline_clp_chat,home_deliver_three_basic_easy,episode_00002,Parsed Request Count,9.0
42,adventuregame,baseline_clp_chat,home_deliver_three_basic_easy,episode_00002,Request Count,9.0
43,adventuregame,baseline_clp_chat,home_deliver_three_basic_easy,episode_00002,Request Success Ratio,1.0
44,adventuregame,baseline_clp_chat,home_deliver_three_basic_easy,episode_00002,hallucination_count,1.0
45,adventuregame,baseline_clp_chat,home_deliver_three_basic_easy,episode_00002,action_parsing_fail,0.0
46,adventuregame,baseline_clp_chat,home_deliver_three_basic_easy,episode_00002,action_resolution_fail,4.0
47,adventuregame,baseline_clp_chat,home_deliver_three_basic_easy,episode_00002,lark_exception,0.0
48,adventuregame,baseline_clp_chat,home_deliver_three_basic_easy,episode_00002,malformed_command,0.0
49,adventuregame,baseline_clp_chat,home_deliver_three_basic_easy,episode_00002,undefined_action_verb,0.0
50,adventuregame,baseline_clp_chat,home_deliver_three_basic_easy,episode_00002,undefined_action,0.0
51,adventuregame,baseline_clp_chat,home_deliver_three_basic_easy,episode_00002,undefined_repr_str,0.0
52,adventuregame,baseline_clp_chat,home_deliver_three_basic_easy,episode_00002,manipulating_room,0.0
53,adventuregame,baseline_clp_chat,home_deliver_three_basic_easy,episode_00002,undefined_argument_type,0.0
54,adventuregame,baseline_clp_chat,home_deliver_three_basic_easy,episode_00002,taking_from_inventory,0.0
55,adventuregame,baseline_clp_chat,home_deliver_three_basic_easy,episode_00002,other_room_argument,0.0
56,adventuregame,baseline_clp_chat,home_deliver_three_basic_easy,episode_00002,domain_trait_type_mismatch,0.0
57,adventuregame,baseline_clp_chat,home_deliver_three_basic_easy,episode_00002,domain_type_discrepancy,0.0
58,adventuregame,baseline_clp_chat,home_deliver_three_basic_easy,episode_00002,world_state_discrepancy,0.0
59,adventuregame,baseline_clp_chat,home_deliver_three_basic_easy,episode_00002,entity_not_accessible,2.0
60,adventuregame,baseline_clp_chat,home_deliver_three_basic_easy,episode_00002,entity_state_mismatch,0.0
61,adventuregame,baseline_clp_chat,home_deliver_three_basic_easy,episode_00002,entity_trait_mismatch,0.0
62,adventuregame,baseline_clp_chat,home_deliver_three_basic_easy,episode_00002,entity_already_inventory,1.0
63,adventuregame,baseline_clp_chat,home_deliver_three_basic_easy,episode_00002,going_to_current_room,1.0
64,adventuregame,baseline_clp_chat,home_deliver_three_basic_easy,episode_00002,no_exit_to,0.0
65,adventuregame,baseline_clp_chat,home_deliver_three_basic_easy,episode_00002,inventory_limit_exceeded,0.0
66,adventuregame,baseline_clp_chat,home_deliver_three_basic_easy,episode_00002,successful_actions,5.0
67,adventuregame,baseline_clp_chat,home_deliver_three_basic_easy,episode_00002,turn_limit_loss,0.0
68,adventuregame,baseline_clp_chat,home_deliver_three_basic_easy,episode_00002,turns_over_par,
69,adventuregame,baseline_clp_chat,home_deliver_three_basic_easy,episode_00002,turn_ratio,
70,adventuregame,baseline_clp_chat,home_deliver_three_basic_easy,episode_00002,finish_speed,
71,adventuregame,baseline_clp_chat,home_deliver_three_basic_easy,episode_00002,achieved_goal_ratio,0.0
72,adventuregame,baseline_clp_chat,home_deliver_three_basic_easy,episode_00002,Aborted,0.0
73,adventuregame,baseline_clp_chat,home_deliver_three_basic_easy,episode_00002,Success,0.0
74,adventuregame,baseline_clp_chat,home_deliver_three_basic_easy,episode_00002,Lose,1.0
75,adventuregame,baseline_clp_chat,home_deliver_three_basic_easy,episode_00002,Main Score,0.0
76,adventuregame,baseline_clp_chat,home_deliver_three_basic_easy,episode_00002,plan_followed_ratio,0.0
77,adventuregame,baseline_clp_chat,home_deliver_three_basic_easy,episode_00002,plan_average_viability_ratio,0.0
78,adventuregame,baseline_clp_chat,home_deliver_three_basic_easy,episode_00002,bad_plan_follow_ratio,0.0
79,adventuregame,baseline_clp_chat,home_deliver_three_basic_easy,episode_00002,bad_plan_dismiss_ratio,1.0
80,adventuregame,baseline_clp_chat,home_deliver_three_basic_easy,episode_00003,Violated Request Count,0.0
81,adventuregame,baseline_clp_chat,home_deliver_three_basic_easy,episode_00003,Parsed Request Count,5.0
82,adventuregame,baseline_clp_chat,home_deliver_three_basic_easy,episode_00003,Request Count,5.0
83,adventuregame,baseline_clp_chat,home_deliver_three_basic_easy,episode_00003,Request Success Ratio,1.0
84,adventuregame,baseline_clp_chat,home_deliver_three_basic_easy,episode_00003,hallucination_count,1.0
85,adventuregame,baseline_clp_chat,home_deliver_three_basic_easy,episode_00003,action_parsing_fail,0.0
86,adventuregame,baseline_clp_chat,home_deliver_three_basic_easy,episode_00003,action_resolution_fail,0.0
87,adventuregame,baseline_clp_chat,home_deliver_three_basic_easy,episode_00003,lark_exception,0.0
88,adventuregame,baseline_clp_chat,home_deliver_three_basic_easy,episode_00003,malformed_command,0.0
89,adventuregame,baseline_clp_chat,home_deliver_three_basic_easy,episode_00003,undefined_action_verb,0.0
90,adventuregame,baseline_clp_chat,home_deliver_three_basic_easy,episode_00003,undefined_action,0.0
91,adventuregame,baseline_clp_chat,home_deliver_three_basic_easy,episode_00003,undefined_repr_str,0.0
92,adventuregame,baseline_clp_chat,home_deliver_three_basic_easy,episode_00003,manipulating_room,0.0
93,adventuregame,baseline_clp_chat,home_deliver_three_basic_easy,episode_00003,undefined_argument_type,0.0
94,adventuregame,baseline_clp_chat,home_deliver_three_basic_easy,episode_00003,taking_from_inventory,0.0
95,adventuregame,baseline_clp_chat,home_deliver_three_basic_easy,episode_00003,other_room_argument,0.0
96,adventuregame,baseline_clp_chat,home_deliver_three_basic_easy,episode_00003,domain_trait_type_mismatch,0.0
97,adventuregame,baseline_clp_chat,home_deliver_three_basic_easy,episode_00003,domain_type_discrepancy,0.0
98,adventuregame,baseline_clp_chat,home_deliver_three_basic_easy,episode_00003,world_state_discrepancy,0.0
99,adventuregame,baseline_clp_chat,home_deliver_three_basic_easy,episode_00003,entity_not_accessible,0.0
100,adventuregame,baseline_clp_chat,home_deliver_three_basic_easy,episode_00003,entity_state_mismatch,0.0
101,adventuregame,baseline_clp_chat,home_deliver_three_basic_easy,episode_00003,entity_trait_mismatch,0.0
102,adventuregame,baseline_clp_chat,home_deliver_three_basic_easy,episode_00003,entity_already_inventory,0.0
103,adventuregame,baseline_clp_chat,home_deliver_three_basic_easy,episode_00003,going_to_current_room,0.0
104,adventuregame,baseline_clp_chat,home_deliver_three_basic_easy,episode_00003,no_exit_to,0.0
105,adventuregame,baseline_clp_chat,home_deliver_three_basic_easy,episode_00003,inventory_limit_exceeded,0.0
106,adventuregame,baseline_clp_chat,home_deliver_three_basic_easy,episode_00003,successful_actions,5.0
107,adventuregame,baseline_clp_chat,home_deliver_three_basic_easy,episode_00003,turn_limit_loss,0.0
108,adventuregame,baseline_clp_chat,home_deliver_three_basic_easy,episode_00003,turns_over_par,
109,adventuregame,baseline_clp_chat,home_deliver_three_basic_easy,episode_00003,turn_ratio,
110,adventuregame,baseline_clp_chat,home_deliver_three_basic_easy,episode_00003,finish_speed,
111,adventuregame,baseline_clp_chat,home_deliver_three_basic_easy,episode_00003,achieved_goal_ratio,0.3333333333333333
112,adventuregame,baseline_clp_chat,home_deliver_three_basic_easy,episode_00003,Aborted,0.0
113,adventuregame,baseline_clp_chat,home_deliver_three_basic_easy,episode_00003,Success,0.0
114,adventuregame,baseline_clp_chat,home_deliver_three_basic_easy,episode_00003,Lose,1.0
115,adventuregame,baseline_clp_chat,home_deliver_three_basic_easy,episode_00003,Main Score,33.33333333333333
116,adventuregame,baseline_clp_chat,home_deliver_three_basic_easy,episode_00003,plan_followed_ratio,0.0
117,adventuregame,baseline_clp_chat,home_deliver_three_basic_easy,episode_00003,plan_average_viability_ratio,0.0
118,adventuregame,baseline_clp_chat,home_deliver_three_basic_easy,episode_00003,bad_plan_follow_ratio,0.0
119,adventuregame,baseline_clp_chat,home_deliver_three_basic_easy,episode_00003,bad_plan_dismiss_ratio,1.0
120,adventuregame,baseline_clp_chat,home_deliver_three_basic_easy_invlimittwo,episode_00003,Violated Request Count,0.0
121,adventuregame,baseline_clp_chat,home_deliver_three_basic_easy_invlimittwo,episode_00003,Parsed Request Count,3.0
122,adventuregame,baseline_clp_chat,home_deliver_three_basic_easy_invlimittwo,episode_00003,Request Count,3.0
123,adventuregame,baseline_clp_chat,home_deliver_three_basic_easy_invlimittwo,episode_00003,Request Success Ratio,1.0
124,adventuregame,baseline_clp_chat,home_deliver_three_basic_easy_invlimittwo,episode_00003,hallucination_count,1.0
125,adventuregame,baseline_clp_chat,home_deliver_three_basic_easy_invlimittwo,episode_00003,action_parsing_fail,0.0
126,adventuregame,baseline_clp_chat,home_deliver_three_basic_easy_invlimittwo,episode_00003,action_resolution_fail,0.0
127,adventuregame,baseline_clp_chat,home_deliver_three_basic_easy_invlimittwo,episode_00003,lark_exception,0.0
128,adventuregame,baseline_clp_chat,home_deliver_three_basic_easy_invlimittwo,episode_00003,malformed_command,0.0
129,adventuregame,baseline_clp_chat,home_deliver_three_basic_easy_invlimittwo,episode_00003,undefined_action_verb,0.0
130,adventuregame,baseline_clp_chat,home_deliver_three_basic_easy_invlimittwo,episode_00003,undefined_action,0.0
131,adventuregame,baseline_clp_chat,home_deliver_three_basic_easy_invlimittwo,episode_00003,undefined_repr_str,0.0
132,adventuregame,baseline_clp_chat,home_deliver_three_basic_easy_invlimittwo,episode_00003,manipulating_room,0.0
133,adventuregame,baseline_clp_chat,home_deliver_three_basic_easy_invlimittwo,episode_00003,undefined_argument_type,0.0
134,adventuregame,baseline_clp_chat,home_deliver_three_basic_easy_invlimittwo,episode_00003,taking_from_inventory,0.0
135,adventuregame,baseline_clp_chat,home_deliver_three_basic_easy_invlimittwo,episode_00003,other_room_argument,0.0
136,adventuregame,baseline_clp_chat,home_deliver_three_basic_easy_invlimittwo,episode_00003,domain_trait_type_mismatch,0.0
137,adventuregame,baseline_clp_chat,home_deliver_three_basic_easy_invlimittwo,episode_00003,domain_type_discrepancy,0.0
138,adventuregame,baseline_clp_chat,home_deliver_three_basic_easy_invlimittwo,episode_00003,world_state_discrepancy,0.0
139,adventuregame,baseline_clp_chat,home_deliver_three_basic_easy_invlimittwo,episode_00003,entity_not_accessible,0.0
140,adventuregame,baseline_clp_chat,home_deliver_three_basic_easy_invlimittwo,episode_00003,entity_state_mismatch,0.0
141,adventuregame,baseline_clp_chat,home_deliver_three_basic_easy_invlimittwo,episode_00003,entity_trait_mismatch,0.0
142,adventuregame,baseline_clp_chat,home_deliver_three_basic_easy_invlimittwo,episode_00003,entity_already_inventory,0.0
143,adventuregame,baseline_clp_chat,home_deliver_three_basic_easy_invlimittwo,episode_00003,going_to_current_room,0.0
144,adventuregame,baseline_clp_chat,home_deliver_three_basic_easy_invlimittwo,episode_00003,no_exit_to,0.0
145,adventuregame,baseline_clp_chat,home_deliver_three_basic_easy_invlimittwo,episode_00003,inventory_limit_exceeded,0.0
146,adventuregame,baseline_clp_chat,home_deliver_three_basic_easy_invlimittwo,episode_00003,successful_actions,3.0
147,adventuregame,baseline_clp_chat,home_deliver_three_basic_easy_invlimittwo,episode_00003,turn_limit_loss,0.0
148,adventuregame,baseline_clp_chat,home_deliver_three_basic_easy_invlimittwo,episode_00003,turns_over_par,
149,adventuregame,baseline_clp_chat,home_deliver_three_basic_easy_invlimittwo,episode_00003,turn_ratio,
150,adventuregame,baseline_clp_chat,home_deliver_three_basic_easy_invlimittwo,episode_00003,finish_speed,
151,adventuregame,baseline_clp_chat,home_deliver_three_basic_easy_invlimittwo,episode_00003,achieved_goal_ratio,0.0
152,adventuregame,baseline_clp_chat,home_deliver_three_basic_easy_invlimittwo,episode_00003,Aborted,0.0
153,adventuregame,baseline_clp_chat,home_deliver_three_basic_easy_invlimittwo,episode_00003,Success,0.0
154,adventuregame,baseline_clp_chat,home_deliver_three_basic_easy_invlimittwo,episode_00003,Lose,1.0
155,adventuregame,baseline_clp_chat,home_deliver_three_basic_easy_invlimittwo,episode_00003,Main Score,0.0
156,adventuregame,baseline_clp_chat,home_deliver_three_basic_easy_invlimittwo,episode_00003,plan_followed_ratio,0.0
157,adventuregame,baseline_clp_chat,home_deliver_three_basic_easy_invlimittwo,episode_00003,plan_average_viability_ratio,0.0
158,adventuregame,baseline_clp_chat,home_deliver_three_basic_easy_invlimittwo,episode_00003,bad_plan_follow_ratio,0.0
159,adventuregame,baseline_clp_chat,home_deliver_three_basic_easy_invlimittwo,episode_00003,bad_plan_dismiss_ratio,1.0
160,adventuregame,baseline_clp_chat,home_deliver_three_basic_easy_invlimittwo,episode_00004,Violated Request Count,0.0
161,adventuregame,baseline_clp_chat,home_deliver_three_basic_easy_invlimittwo,episode_00004,Parsed Request Count,3.0
162,adventuregame,baseline_clp_chat,home_deliver_three_basic_easy_invlimittwo,episode_00004,Request Count,3.0
163,adventuregame,baseline_clp_chat,home_deliver_three_basic_easy_invlimittwo,episode_00004,Request Success Ratio,1.0
164,adventuregame,baseline_clp_chat,home_deliver_three_basic_easy_invlimittwo,episode_00004,hallucination_count,1.0
165,adventuregame,baseline_clp_chat,home_deliver_three_basic_easy_invlimittwo,episode_00004,action_parsing_fail,0.0
166,adventuregame,baseline_clp_chat,home_deliver_three_basic_easy_invlimittwo,episode_00004,action_resolution_fail,0.0
167,adventuregame,baseline_clp_chat,home_deliver_three_basic_easy_invlimittwo,episode_00004,lark_exception,0.0
168,adventuregame,baseline_clp_chat,home_deliver_three_basic_easy_invlimittwo,episode_00004,malformed_command,0.0
169,adventuregame,baseline_clp_chat,home_deliver_three_basic_easy_invlimittwo,episode_00004,undefined_action_verb,0.0
170,adventuregame,baseline_clp_chat,home_deliver_three_basic_easy_invlimittwo,episode_00004,undefined_action,0.0
171,adventuregame,baseline_clp_chat,home_deliver_three_basic_easy_invlimittwo,episode_00004,undefined_repr_str,0.0
172,adventuregame,baseline_clp_chat,home_deliver_three_basic_easy_invlimittwo,episode_00004,manipulating_room,0.0
173,adventuregame,baseline_clp_chat,home_deliver_three_basic_easy_invlimittwo,episode_00004,undefined_argument_type,0.0
174,adventuregame,baseline_clp_chat,home_deliver_three_basic_easy_invlimittwo,episode_00004,taking_from_inventory,0.0
175,adventuregame,baseline_clp_chat,home_deliver_three_basic_easy_invlimittwo,episode_00004,other_room_argument,0.0
176,adventuregame,baseline_clp_chat,home_deliver_three_basic_easy_invlimittwo,episode_00004,domain_trait_type_mismatch,0.0
177,adventuregame,baseline_clp_chat,home_deliver_three_basic_easy_invlimittwo,episode_00004,domain_type_discrepancy,0.0
178,adventuregame,baseline_clp_chat,home_deliver_three_basic_easy_invlimittwo,episode_00004,world_state_discrepancy,0.0
179,adventuregame,baseline_clp_chat,home_deliver_three_basic_easy_invlimittwo,episode_00004,entity_not_accessible,0.0
180,adventuregame,baseline_clp_chat,home_deliver_three_basic_easy_invlimittwo,episode_00004,entity_state_mismatch,0.0
181,adventuregame,baseline_clp_chat,home_deliver_three_basic_easy_invlimittwo,episode_00004,entity_trait_mismatch,0.0
182,adventuregame,baseline_clp_chat,home_deliver_three_basic_easy_invlimittwo,episode_00004,entity_already_inventory,0.0
183,adventuregame,baseline_clp_chat,home_deliver_three_basic_easy_invlimittwo,episode_00004,going_to_current_room,0.0
184,adventuregame,baseline_clp_chat,home_deliver_three_basic_easy_invlimittwo,episode_00004,no_exit_to,0.0
185,adventuregame,baseline_clp_chat,home_deliver_three_basic_easy_invlimittwo,episode_00004,inventory_limit_exceeded,0.0
186,adventuregame,baseline_clp_chat,home_deliver_three_basic_easy_invlimittwo,episode_00004,successful_actions,3.0
187,adventuregame,baseline_clp_chat,home_deliver_three_basic_easy_invlimittwo,episode_00004,turn_limit_loss,0.0
188,adventuregame,baseline_clp_chat,home_deliver_three_basic_easy_invlimittwo,episode_00004,turns_over_par,
189,adventuregame,baseline_clp_chat,home_deliver_three_basic_easy_invlimittwo,episode_00004,turn_ratio,
190,adventuregame,baseline_clp_chat,home_deliver_three_basic_easy_invlimittwo,episode_00004,finish_speed,
191,adventuregame,baseline_clp_chat,home_deliver_three_basic_easy_invlimittwo,episode_00004,achieved_goal_ratio,0.0
192,adventuregame,baseline_clp_chat,home_deliver_three_basic_easy_invlimittwo,episode_00004,Aborted,0.0
193,adventuregame,baseline_clp_chat,home_deliver_three_basic_easy_invlimittwo,episode_00004,Success,0.0
194,adventuregame,baseline_clp_chat,home_deliver_three_basic_easy_invlimittwo,episode_00004,Lose,1.0
195,adventuregame,baseline_clp_chat,home_deliver_three_basic_easy_invlimittwo,episode_00004,Main Score,0.0
196,adventuregame,baseline_clp_chat,home_deliver_three_basic_easy_invlimittwo,episode_00004,plan_followed_ratio,0.0
197,adventuregame,baseline_clp_chat,home_deliver_three_basic_easy_invlimittwo,episode_00004,plan_average_viability_ratio,0.0
198,adventuregame,baseline_clp_chat,home_deliver_three_basic_easy_invlimittwo,episode_00004,bad_plan_follow_ratio,0.0
199,adventuregame,baseline_clp_chat,home_deliver_three_basic_easy_invlimittwo,episode_00004,bad_plan_dismiss_ratio,1.0
200,adventuregame,baseline_clp_chat,home_deliver_three_basic_easy_invlimittwo,episode_00005,Violated Request Count,0.0
201,adventuregame,baseline_clp_chat,home_deliver_three_basic_easy_invlimittwo,episode_00005,Parsed Request Count,6.0
202,adventuregame,baseline_clp_chat,home_deliver_three_basic_easy_invlimittwo,episode_00005,Request Count,6.0
203,adventuregame,baseline_clp_chat,home_deliver_three_basic_easy_invlimittwo,episode_00005,Request Success Ratio,1.0
204,adventuregame,baseline_clp_chat,home_deliver_three_basic_easy_invlimittwo,episode_00005,hallucination_count,1.0
205,adventuregame,baseline_clp_chat,home_deliver_three_basic_easy_invlimittwo,episode_00005,action_parsing_fail,0.0
206,adventuregame,baseline_clp_chat,home_deliver_three_basic_easy_invlimittwo,episode_00005,action_resolution_fail,0.0
207,adventuregame,baseline_clp_chat,home_deliver_three_basic_easy_invlimittwo,episode_00005,lark_exception,0.0
208,adventuregame,baseline_clp_chat,home_deliver_three_basic_easy_invlimittwo,episode_00005,malformed_command,0.0
209,adventuregame,baseline_clp_chat,home_deliver_three_basic_easy_invlimittwo,episode_00005,undefined_action_verb,0.0
210,adventuregame,baseline_clp_chat,home_deliver_three_basic_easy_invlimittwo,episode_00005,undefined_action,0.0
211,adventuregame,baseline_clp_chat,home_deliver_three_basic_easy_invlimittwo,episode_00005,undefined_repr_str,0.0
212,adventuregame,baseline_clp_chat,home_deliver_three_basic_easy_invlimittwo,episode_00005,manipulating_room,0.0
213,adventuregame,baseline_clp_chat,home_deliver_three_basic_easy_invlimittwo,episode_00005,undefined_argument_type,0.0
214,adventuregame,baseline_clp_chat,home_deliver_three_basic_easy_invlimittwo,episode_00005,taking_from_inventory,0.0
215,adventuregame,baseline_clp_chat,home_deliver_three_basic_easy_invlimittwo,episode_00005,other_room_argument,0.0
216,adventuregame,baseline_clp_chat,home_deliver_three_basic_easy_invlimittwo,episode_00005,domain_trait_type_mismatch,0.0
217,adventuregame,baseline_clp_chat,home_deliver_three_basic_easy_invlimittwo,episode_00005,domain_type_discrepancy,0.0
218,adventuregame,baseline_clp_chat,home_deliver_three_basic_easy_invlimittwo,episode_00005,world_state_discrepancy,0.0
219,adventuregame,baseline_clp_chat,home_deliver_three_basic_easy_invlimittwo,episode_00005,entity_not_accessible,0.0
220,adventuregame,baseline_clp_chat,home_deliver_three_basic_easy_invlimittwo,episode_00005,entity_state_mismatch,0.0
221,adventuregame,baseline_clp_chat,home_deliver_three_basic_easy_invlimittwo,episode_00005,entity_trait_mismatch,0.0
222,adventuregame,baseline_clp_chat,home_deliver_three_basic_easy_invlimittwo,episode_00005,entity_already_inventory,0.0
223,adventuregame,baseline_clp_chat,home_deliver_three_basic_easy_invlimittwo,episode_00005,going_to_current_room,0.0
224,adventuregame,baseline_clp_chat,home_deliver_three_basic_easy_invlimittwo,episode_00005,no_exit_to,0.0
225,adventuregame,baseline_clp_chat,home_deliver_three_basic_easy_invlimittwo,episode_00005,inventory_limit_exceeded,0.0
226,adventuregame,baseline_clp_chat,home_deliver_three_basic_easy_invlimittwo,episode_00005,successful_actions,6.0
227,adventuregame,baseline_clp_chat,home_deliver_three_basic_easy_invlimittwo,episode_00005,turn_limit_loss,0.0
228,adventuregame,baseline_clp_chat,home_deliver_three_basic_easy_invlimittwo,episode_00005,turns_over_par,
229,adventuregame,baseline_clp_chat,home_deliver_three_basic_easy_invlimittwo,episode_00005,turn_ratio,
230,adventuregame,baseline_clp_chat,home_deliver_three_basic_easy_invlimittwo,episode_00005,finish_speed,
231,adventuregame,baseline_clp_chat,home_deliver_three_basic_easy_invlimittwo,episode_00005,achieved_goal_ratio,0.6666666666666666
232,adventuregame,baseline_clp_chat,home_deliver_three_basic_easy_invlimittwo,episode_00005,Aborted,0.0
233,adventuregame,baseline_clp_chat,home_deliver_three_basic_easy_invlimittwo,episode_00005,Success,0.0
234,adventuregame,baseline_clp_chat,home_deliver_three_basic_easy_invlimittwo,episode_00005,Lose,1.0
235,adventuregame,baseline_clp_chat,home_deliver_three_basic_easy_invlimittwo,episode_00005,Main Score,66.66666666666666
236,adventuregame,baseline_clp_chat,home_deliver_three_basic_easy_invlimittwo,episode_00005,plan_followed_ratio,0.0
237,adventuregame,baseline_clp_chat,home_deliver_three_basic_easy_invlimittwo,episode_00005,plan_average_viability_ratio,0.0
238,adventuregame,baseline_clp_chat,home_deliver_three_basic_easy_invlimittwo,episode_00005,bad_plan_follow_ratio,0.0
239,adventuregame,baseline_clp_chat,home_deliver_three_basic_easy_invlimittwo,episode_00005,bad_plan_dismiss_ratio,1.0
240,adventuregame,baseline_clp_chat,home_deliver_three_basic_hard,episode_00005,Violated Request Count,0.0
241,adventuregame,baseline_clp_chat,home_deliver_three_basic_hard,episode_00005,Parsed Request Count,50.0
242,adventuregame,baseline_clp_chat,home_deliver_three_basic_hard,episode_00005,Request Count,50.0
243,adventuregame,baseline_clp_chat,home_deliver_three_basic_hard,episode_00005,Request Success Ratio,1.0
244,adventuregame,baseline_clp_chat,home_deliver_three_basic_hard,episode_00005,hallucination_count,0.0
245,adventuregame,baseline_clp_chat,home_deliver_three_basic_hard,episode_00005,action_parsing_fail,1.0
246,adventuregame,baseline_clp_chat,home_deliver_three_basic_hard,episode_00005,action_resolution_fail,46.0
247,adventuregame,baseline_clp_chat,home_deliver_three_basic_hard,episode_00005,lark_exception,0.0
248,adventuregame,baseline_clp_chat,home_deliver_three_basic_hard,episode_00005,malformed_command,0.0
249,adventuregame,baseline_clp_chat,home_deliver_three_basic_hard,episode_00005,undefined_action_verb,1.0
250,adventuregame,baseline_clp_chat,home_deliver_three_basic_hard,episode_00005,undefined_action,0.0
251,adventuregame,baseline_clp_chat,home_deliver_three_basic_hard,episode_00005,undefined_repr_str,0.0
252,adventuregame,baseline_clp_chat,home_deliver_three_basic_hard,episode_00005,manipulating_room,0.0
253,adventuregame,baseline_clp_chat,home_deliver_three_basic_hard,episode_00005,undefined_argument_type,0.0
254,adventuregame,baseline_clp_chat,home_deliver_three_basic_hard,episode_00005,taking_from_inventory,0.0
255,adventuregame,baseline_clp_chat,home_deliver_three_basic_hard,episode_00005,other_room_argument,0.0
256,adventuregame,baseline_clp_chat,home_deliver_three_basic_hard,episode_00005,domain_trait_type_mismatch,0.0
257,adventuregame,baseline_clp_chat,home_deliver_three_basic_hard,episode_00005,domain_type_discrepancy,0.0
258,adventuregame,baseline_clp_chat,home_deliver_three_basic_hard,episode_00005,world_state_discrepancy,0.0
259,adventuregame,baseline_clp_chat,home_deliver_three_basic_hard,episode_00005,entity_not_accessible,1.0
260,adventuregame,baseline_clp_chat,home_deliver_three_basic_hard,episode_00005,entity_state_mismatch,45.0
261,adventuregame,baseline_clp_chat,home_deliver_three_basic_hard,episode_00005,entity_trait_mismatch,0.0
262,adventuregame,baseline_clp_chat,home_deliver_three_basic_hard,episode_00005,entity_already_inventory,0.0
263,adventuregame,baseline_clp_chat,home_deliver_three_basic_hard,episode_00005,going_to_current_room,0.0
264,adventuregame,baseline_clp_chat,home_deliver_three_basic_hard,episode_00005,no_exit_to,0.0
265,adventuregame,baseline_clp_chat,home_deliver_three_basic_hard,episode_00005,inventory_limit_exceeded,0.0
266,adventuregame,baseline_clp_chat,home_deliver_three_basic_hard,episode_00005,successful_actions,3.0
267,adventuregame,baseline_clp_chat,home_deliver_three_basic_hard,episode_00005,turn_limit_loss,1.0
268,adventuregame,baseline_clp_chat,home_deliver_three_basic_hard,episode_00005,turns_over_par,
269,adventuregame,baseline_clp_chat,home_deliver_three_basic_hard,episode_00005,turn_ratio,
270,adventuregame,baseline_clp_chat,home_deliver_three_basic_hard,episode_00005,finish_speed,
271,adventuregame,baseline_clp_chat,home_deliver_three_basic_hard,episode_00005,achieved_goal_ratio,0.0
272,adventuregame,baseline_clp_chat,home_deliver_three_basic_hard,episode_00005,Aborted,1.0
273,adventuregame,baseline_clp_chat,home_deliver_three_basic_hard,episode_00005,Success,0.0
274,adventuregame,baseline_clp_chat,home_deliver_three_basic_hard,episode_00005,Lose,0.0
275,adventuregame,baseline_clp_chat,home_deliver_three_basic_hard,episode_00005,Main Score,
276,adventuregame,baseline_clp_chat,home_deliver_three_basic_hard,episode_00005,plan_followed_ratio,0.0
277,adventuregame,baseline_clp_chat,home_deliver_three_basic_hard,episode_00005,plan_average_viability_ratio,0.0
278,adventuregame,baseline_clp_chat,home_deliver_three_basic_hard,episode_00005,bad_plan_follow_ratio,0.0
279,adventuregame,baseline_clp_chat,home_deliver_three_basic_hard,episode_00005,bad_plan_dismiss_ratio,1.0
280,adventuregame,baseline_clp_chat,home_deliver_three_basic_hard,episode_00006,Violated Request Count,0.0
281,adventuregame,baseline_clp_chat,home_deliver_three_basic_hard,episode_00006,Parsed Request Count,3.0
282,adventuregame,baseline_clp_chat,home_deliver_three_basic_hard,episode_00006,Request Count,3.0
283,adventuregame,baseline_clp_chat,home_deliver_three_basic_hard,episode_00006,Request Success Ratio,1.0
284,adventuregame,baseline_clp_chat,home_deliver_three_basic_hard,episode_00006,hallucination_count,1.0
285,adventuregame,baseline_clp_chat,home_deliver_three_basic_hard,episode_00006,action_parsing_fail,0.0
286,adventuregame,baseline_clp_chat,home_deliver_three_basic_hard,episode_00006,action_resolution_fail,0.0
287,adventuregame,baseline_clp_chat,home_deliver_three_basic_hard,episode_00006,lark_exception,0.0
288,adventuregame,baseline_clp_chat,home_deliver_three_basic_hard,episode_00006,malformed_command,0.0
289,adventuregame,baseline_clp_chat,home_deliver_three_basic_hard,episode_00006,undefined_action_verb,0.0
290,adventuregame,baseline_clp_chat,home_deliver_three_basic_hard,episode_00006,undefined_action,0.0
291,adventuregame,baseline_clp_chat,home_deliver_three_basic_hard,episode_00006,undefined_repr_str,0.0
292,adventuregame,baseline_clp_chat,home_deliver_three_basic_hard,episode_00006,manipulating_room,0.0
293,adventuregame,baseline_clp_chat,home_deliver_three_basic_hard,episode_00006,undefined_argument_type,0.0
294,adventuregame,baseline_clp_chat,home_deliver_three_basic_hard,episode_00006,taking_from_inventory,0.0
295,adventuregame,baseline_clp_chat,home_deliver_three_basic_hard,episode_00006,other_room_argument,0.0
296,adventuregame,baseline_clp_chat,home_deliver_three_basic_hard,episode_00006,domain_trait_type_mismatch,0.0
297,adventuregame,baseline_clp_chat,home_deliver_three_basic_hard,episode_00006,domain_type_discrepancy,0.0
298,adventuregame,baseline_clp_chat,home_deliver_three_basic_hard,episode_00006,world_state_discrepancy,0.0
299,adventuregame,baseline_clp_chat,home_deliver_three_basic_hard,episode_00006,entity_not_accessible,0.0
300,adventuregame,baseline_clp_chat,home_deliver_three_basic_hard,episode_00006,entity_state_mismatch,0.0
301,adventuregame,baseline_clp_chat,home_deliver_three_basic_hard,episode_00006,entity_trait_mismatch,0.0
302,adventuregame,baseline_clp_chat,home_deliver_three_basic_hard,episode_00006,entity_already_inventory,0.0
303,adventuregame,baseline_clp_chat,home_deliver_three_basic_hard,episode_00006,going_to_current_room,0.0
304,adventuregame,baseline_clp_chat,home_deliver_three_basic_hard,episode_00006,no_exit_to,0.0
305,adventuregame,baseline_clp_chat,home_deliver_three_basic_hard,episode_00006,inventory_limit_exceeded,0.0
306,adventuregame,baseline_clp_chat,home_deliver_three_basic_hard,episode_00006,successful_actions,3.0
307,adventuregame,baseline_clp_chat,home_deliver_three_basic_hard,episode_00006,turn_limit_loss,0.0
308,adventuregame,baseline_clp_chat,home_deliver_three_basic_hard,episode_00006,turns_over_par,
309,adventuregame,baseline_clp_chat,home_deliver_three_basic_hard,episode_00006,turn_ratio,
310,adventuregame,baseline_clp_chat,home_deliver_three_basic_hard,episode_00006,finish_speed,
311,adventuregame,baseline_clp_chat,home_deliver_three_basic_hard,episode_00006,achieved_goal_ratio,0.0
312,adventuregame,baseline_clp_chat,home_deliver_three_basic_hard,episode_00006,Aborted,0.0
313,adventuregame,baseline_clp_chat,home_deliver_three_basic_hard,episode_00006,Success,0.0
314,adventuregame,baseline_clp_chat,home_deliver_three_basic_hard,episode_00006,Lose,1.0
315,adventuregame,baseline_clp_chat,home_deliver_three_basic_hard,episode_00006,Main Score,0.0
316,adventuregame,baseline_clp_chat,home_deliver_three_basic_hard,episode_00006,plan_followed_ratio,0.0
317,adventuregame,baseline_clp_chat,home_deliver_three_basic_hard,episode_00006,plan_average_viability_ratio,0.0
318,adventuregame,baseline_clp_chat,home_deliver_three_basic_hard,episode_00006,bad_plan_follow_ratio,0.0
319,adventuregame,baseline_clp_chat,home_deliver_three_basic_hard,episode_00006,bad_plan_dismiss_ratio,1.0
320,adventuregame,baseline_clp_chat,home_deliver_three_basic_hard,episode_00007,Violated Request Count,0.0
321,adventuregame,baseline_clp_chat,home_deliver_three_basic_hard,episode_00007,Parsed Request Count,4.0
322,adventuregame,baseline_clp_chat,home_deliver_three_basic_hard,episode_00007,Request Count,4.0
323,adventuregame,baseline_clp_chat,home_deliver_three_basic_hard,episode_00007,Request Success Ratio,1.0
324,adventuregame,baseline_clp_chat,home_deliver_three_basic_hard,episode_00007,hallucination_count,1.0
325,adventuregame,baseline_clp_chat,home_deliver_three_basic_hard,episode_00007,action_parsing_fail,0.0
326,adventuregame,baseline_clp_chat,home_deliver_three_basic_hard,episode_00007,action_resolution_fail,0.0
327,adventuregame,baseline_clp_chat,home_deliver_three_basic_hard,episode_00007,lark_exception,0.0
328,adventuregame,baseline_clp_chat,home_deliver_three_basic_hard,episode_00007,malformed_command,0.0
329,adventuregame,baseline_clp_chat,home_deliver_three_basic_hard,episode_00007,undefined_action_verb,0.0
330,adventuregame,baseline_clp_chat,home_deliver_three_basic_hard,episode_00007,undefined_action,0.0
331,adventuregame,baseline_clp_chat,home_deliver_three_basic_hard,episode_00007,undefined_repr_str,0.0
332,adventuregame,baseline_clp_chat,home_deliver_three_basic_hard,episode_00007,manipulating_room,0.0
333,adventuregame,baseline_clp_chat,home_deliver_three_basic_hard,episode_00007,undefined_argument_type,0.0
334,adventuregame,baseline_clp_chat,home_deliver_three_basic_hard,episode_00007,taking_from_inventory,0.0
335,adventuregame,baseline_clp_chat,home_deliver_three_basic_hard,episode_00007,other_room_argument,0.0
336,adventuregame,baseline_clp_chat,home_deliver_three_basic_hard,episode_00007,domain_trait_type_mismatch,0.0
337,adventuregame,baseline_clp_chat,home_deliver_three_basic_hard,episode_00007,domain_type_discrepancy,0.0
338,adventuregame,baseline_clp_chat,home_deliver_three_basic_hard,episode_00007,world_state_discrepancy,0.0
339,adventuregame,baseline_clp_chat,home_deliver_three_basic_hard,episode_00007,entity_not_accessible,0.0
340,adventuregame,baseline_clp_chat,home_deliver_three_basic_hard,episode_00007,entity_state_mismatch,0.0
341,adventuregame,baseline_clp_chat,home_deliver_three_basic_hard,episode_00007,entity_trait_mismatch,0.0
342,adventuregame,baseline_clp_chat,home_deliver_three_basic_hard,episode_00007,entity_already_inventory,0.0
343,adventuregame,baseline_clp_chat,home_deliver_three_basic_hard,episode_00007,going_to_current_room,0.0
344,adventuregame,baseline_clp_chat,home_deliver_three_basic_hard,episode_00007,no_exit_to,0.0
345,adventuregame,baseline_clp_chat,home_deliver_three_basic_hard,episode_00007,inventory_limit_exceeded,0.0
346,adventuregame,baseline_clp_chat,home_deliver_three_basic_hard,episode_00007,successful_actions,4.0
347,adventuregame,baseline_clp_chat,home_deliver_three_basic_hard,episode_00007,turn_limit_loss,0.0
348,adventuregame,baseline_clp_chat,home_deliver_three_basic_hard,episode_00007,turns_over_par,
349,adventuregame,baseline_clp_chat,home_deliver_three_basic_hard,episode_00007,turn_ratio,
350,adventuregame,baseline_clp_chat,home_deliver_three_basic_hard,episode_00007,finish_speed,
351,adventuregame,baseline_clp_chat,home_deliver_three_basic_hard,episode_00007,achieved_goal_ratio,0.0
352,adventuregame,baseline_clp_chat,home_deliver_three_basic_hard,episode_00007,Aborted,0.0
353,adventuregame,baseline_clp_chat,home_deliver_three_basic_hard,episode_00007,Success,0.0
354,adventuregame,baseline_clp_chat,home_deliver_three_basic_hard,episode_00007,Lose,1.0
355,adventuregame,baseline_clp_chat,home_deliver_three_basic_hard,episode_00007,Main Score,0.0
356,adventuregame,baseline_clp_chat,home_deliver_three_basic_hard,episode_00007,plan_followed_ratio,0.0
357,adventuregame,baseline_clp_chat,home_deliver_three_basic_hard,episode_00007,plan_average_viability_ratio,0.0
358,adventuregame,baseline_clp_chat,home_deliver_three_basic_hard,episode_00007,bad_plan_follow_ratio,0.0
359,adventuregame,baseline_clp_chat,home_deliver_three_basic_hard,episode_00007,bad_plan_dismiss_ratio,1.0
360,adventuregame,baseline_clp_chat,home_deliver_three_basic_hard_invlimittwo,episode_00007,Violated Request Count,0.0
361,adventuregame,baseline_clp_chat,home_deliver_three_basic_hard_invlimittwo,episode_00007,Parsed Request Count,10.0
362,adventuregame,baseline_clp_chat,home_deliver_three_basic_hard_invlimittwo,episode_00007,Request Count,10.0
363,adventuregame,baseline_clp_chat,home_deliver_three_basic_hard_invlimittwo,episode_00007,Request Success Ratio,1.0
364,adventuregame,baseline_clp_chat,home_deliver_three_basic_hard_invlimittwo,episode_00007,hallucination_count,1.0
365,adventuregame,baseline_clp_chat,home_deliver_three_basic_hard_invlimittwo,episode_00007,action_parsing_fail,0.0
366,adventuregame,baseline_clp_chat,home_deliver_three_basic_hard_invlimittwo,episode_00007,action_resolution_fail,5.0
367,adventuregame,baseline_clp_chat,home_deliver_three_basic_hard_invlimittwo,episode_00007,lark_exception,0.0
368,adventuregame,baseline_clp_chat,home_deliver_three_basic_hard_invlimittwo,episode_00007,malformed_command,0.0
369,adventuregame,baseline_clp_chat,home_deliver_three_basic_hard_invlimittwo,episode_00007,undefined_action_verb,0.0
370,adventuregame,baseline_clp_chat,home_deliver_three_basic_hard_invlimittwo,episode_00007,undefined_action,0.0
371,adventuregame,baseline_clp_chat,home_deliver_three_basic_hard_invlimittwo,episode_00007,undefined_repr_str,0.0
372,adventuregame,baseline_clp_chat,home_deliver_three_basic_hard_invlimittwo,episode_00007,manipulating_room,0.0
373,adventuregame,baseline_clp_chat,home_deliver_three_basic_hard_invlimittwo,episode_00007,undefined_argument_type,0.0
374,adventuregame,baseline_clp_chat,home_deliver_three_basic_hard_invlimittwo,episode_00007,taking_from_inventory,0.0
375,adventuregame,baseline_clp_chat,home_deliver_three_basic_hard_invlimittwo,episode_00007,other_room_argument,0.0
376,adventuregame,baseline_clp_chat,home_deliver_three_basic_hard_invlimittwo,episode_00007,domain_trait_type_mismatch,0.0
377,adventuregame,baseline_clp_chat,home_deliver_three_basic_hard_invlimittwo,episode_00007,domain_type_discrepancy,0.0
378,adventuregame,baseline_clp_chat,home_deliver_three_basic_hard_invlimittwo,episode_00007,world_state_discrepancy,0.0
379,adventuregame,baseline_clp_chat,home_deliver_three_basic_hard_invlimittwo,episode_00007,entity_not_accessible,3.0
380,adventuregame,baseline_clp_chat,home_deliver_three_basic_hard_invlimittwo,episode_00007,entity_state_mismatch,0.0
381,adventuregame,baseline_clp_chat,home_deliver_three_basic_hard_invlimittwo,episode_00007,entity_trait_mismatch,0.0
382,adventuregame,baseline_clp_chat,home_deliver_three_basic_hard_invlimittwo,episode_00007,entity_already_inventory,0.0
383,adventuregame,baseline_clp_chat,home_deliver_three_basic_hard_invlimittwo,episode_00007,going_to_current_room,2.0
384,adventuregame,baseline_clp_chat,home_deliver_three_basic_hard_invlimittwo,episode_00007,no_exit_to,0.0
385,adventuregame,baseline_clp_chat,home_deliver_three_basic_hard_invlimittwo,episode_00007,inventory_limit_exceeded,0.0
386,adventuregame,baseline_clp_chat,home_deliver_three_basic_hard_invlimittwo,episode_00007,successful_actions,5.0
387,adventuregame,baseline_clp_chat,home_deliver_three_basic_hard_invlimittwo,episode_00007,turn_limit_loss,0.0
388,adventuregame,baseline_clp_chat,home_deliver_three_basic_hard_invlimittwo,episode_00007,turns_over_par,
389,adventuregame,baseline_clp_chat,home_deliver_three_basic_hard_invlimittwo,episode_00007,turn_ratio,
390,adventuregame,baseline_clp_chat,home_deliver_three_basic_hard_invlimittwo,episode_00007,finish_speed,
391,adventuregame,baseline_clp_chat,home_deliver_three_basic_hard_invlimittwo,episode_00007,achieved_goal_ratio,0.0
392,adventuregame,baseline_clp_chat,home_deliver_three_basic_hard_invlimittwo,episode_00007,Aborted,0.0
393,adventuregame,baseline_clp_chat,home_deliver_three_basic_hard_invlimittwo,episode_00007,Success,0.0
394,adventuregame,baseline_clp_chat,home_deliver_three_basic_hard_invlimittwo,episode_00007,Lose,1.0
395,adventuregame,baseline_clp_chat,home_deliver_three_basic_hard_invlimittwo,episode_00007,Main Score,0.0
396,adventuregame,baseline_clp_chat,home_deliver_three_basic_hard_invlimittwo,episode_00007,plan_followed_ratio,0.0
397,adventuregame,baseline_clp_chat,home_deliver_three_basic_hard_invlimittwo,episode_00007,plan_average_viability_ratio,0.0
398,adventuregame,baseline_clp_chat,home_deliver_three_basic_hard_invlimittwo,episode_00007,bad_plan_follow_ratio,0.0
399,adventuregame,baseline_clp_chat,home_deliver_three_basic_hard_invlimittwo,episode_00007,bad_plan_dismiss_ratio,1.0
400,adventuregame,baseline_clp_chat,home_deliver_three_basic_hard_invlimittwo,episode_00008,Violated Request Count,0.0
401,adventuregame,baseline_clp_chat,home_deliver_three_basic_hard_invlimittwo,episode_00008,Parsed Request Count,3.0
402,adventuregame,baseline_clp_chat,home_deliver_three_basic_hard_invlimittwo,episode_00008,Request Count,3.0
403,adventuregame,baseline_clp_chat,home_deliver_three_basic_hard_invlimittwo,episode_00008,Request Success Ratio,1.0
404,adventuregame,baseline_clp_chat,home_deliver_three_basic_hard_invlimittwo,episode_00008,hallucination_count,1.0
405,adventuregame,baseline_clp_chat,home_deliver_three_basic_hard_invlimittwo,episode_00008,action_parsing_fail,0.0
406,adventuregame,baseline_clp_chat,home_deliver_three_basic_hard_invlimittwo,episode_00008,action_resolution_fail,0.0
407,adventuregame,baseline_clp_chat,home_deliver_three_basic_hard_invlimittwo,episode_00008,lark_exception,0.0
408,adventuregame,baseline_clp_chat,home_deliver_three_basic_hard_invlimittwo,episode_00008,malformed_command,0.0
409,adventuregame,baseline_clp_chat,home_deliver_three_basic_hard_invlimittwo,episode_00008,undefined_action_verb,0.0
410,adventuregame,baseline_clp_chat,home_deliver_three_basic_hard_invlimittwo,episode_00008,undefined_action,0.0
411,adventuregame,baseline_clp_chat,home_deliver_three_basic_hard_invlimittwo,episode_00008,undefined_repr_str,0.0
412,adventuregame,baseline_clp_chat,home_deliver_three_basic_hard_invlimittwo,episode_00008,manipulating_room,0.0
413,adventuregame,baseline_clp_chat,home_deliver_three_basic_hard_invlimittwo,episode_00008,undefined_argument_type,0.0
414,adventuregame,baseline_clp_chat,home_deliver_three_basic_hard_invlimittwo,episode_00008,taking_from_inventory,0.0
415,adventuregame,baseline_clp_chat,home_deliver_three_basic_hard_invlimittwo,episode_00008,other_room_argument,0.0
416,adventuregame,baseline_clp_chat,home_deliver_three_basic_hard_invlimittwo,episode_00008,domain_trait_type_mismatch,0.0
417,adventuregame,baseline_clp_chat,home_deliver_three_basic_hard_invlimittwo,episode_00008,domain_type_discrepancy,0.0
418,adventuregame,baseline_clp_chat,home_deliver_three_basic_hard_invlimittwo,episode_00008,world_state_discrepancy,0.0
419,adventuregame,baseline_clp_chat,home_deliver_three_basic_hard_invlimittwo,episode_00008,entity_not_accessible,0.0
420,adventuregame,baseline_clp_chat,home_deliver_three_basic_hard_invlimittwo,episode_00008,entity_state_mismatch,0.0
421,adventuregame,baseline_clp_chat,home_deliver_three_basic_hard_invlimittwo,episode_00008,entity_trait_mismatch,0.0
422,adventuregame,baseline_clp_chat,home_deliver_three_basic_hard_invlimittwo,episode_00008,entity_already_inventory,0.0
423,adventuregame,baseline_clp_chat,home_deliver_three_basic_hard_invlimittwo,episode_00008,going_to_current_room,0.0
424,adventuregame,baseline_clp_chat,home_deliver_three_basic_hard_invlimittwo,episode_00008,no_exit_to,0.0
425,adventuregame,baseline_clp_chat,home_deliver_three_basic_hard_invlimittwo,episode_00008,inventory_limit_exceeded,0.0
426,adventuregame,baseline_clp_chat,home_deliver_three_basic_hard_invlimittwo,episode_00008,successful_actions,3.0
427,adventuregame,baseline_clp_chat,home_deliver_three_basic_hard_invlimittwo,episode_00008,turn_limit_loss,0.0
428,adventuregame,baseline_clp_chat,home_deliver_three_basic_hard_invlimittwo,episode_00008,turns_over_par,
429,adventuregame,baseline_clp_chat,home_deliver_three_basic_hard_invlimittwo,episode_00008,turn_ratio,
430,adventuregame,baseline_clp_chat,home_deliver_three_basic_hard_invlimittwo,episode_00008,finish_speed,
431,adventuregame,baseline_clp_chat,home_deliver_three_basic_hard_invlimittwo,episode_00008,achieved_goal_ratio,0.0
432,adventuregame,baseline_clp_chat,home_deliver_three_basic_hard_invlimittwo,episode_00008,Aborted,0.0
433,adventuregame,baseline_clp_chat,home_deliver_three_basic_hard_invlimittwo,episode_00008,Success,0.0
434,adventuregame,baseline_clp_chat,home_deliver_three_basic_hard_invlimittwo,episode_00008,Lose,1.0
435,adventuregame,baseline_clp_chat,home_deliver_three_basic_hard_invlimittwo,episode_00008,Main Score,0.0
436,adventuregame,baseline_clp_chat,home_deliver_three_basic_hard_invlimittwo,episode_00008,plan_followed_ratio,0.0
437,adventuregame,baseline_clp_chat,home_deliver_three_basic_hard_invlimittwo,episode_00008,plan_average_viability_ratio,0.0
438,adventuregame,baseline_clp_chat,home_deliver_three_basic_hard_invlimittwo,episode_00008,bad_plan_follow_ratio,0.0
439,adventuregame,baseline_clp_chat,home_deliver_three_basic_hard_invlimittwo,episode_00008,bad_plan_dismiss_ratio,1.0
440,adventuregame,baseline_clp_chat,home_deliver_three_basic_hard_invlimittwo,episode_00009,Violated Request Count,0.0
441,adventuregame,baseline_clp_chat,home_deliver_three_basic_hard_invlimittwo,episode_00009,Parsed Request Count,50.0
442,adventuregame,baseline_clp_chat,home_deliver_three_basic_hard_invlimittwo,episode_00009,Request Count,50.0
443,adventuregame,baseline_clp_chat,home_deliver_three_basic_hard_invlimittwo,episode_00009,Request Success Ratio,1.0
444,adventuregame,baseline_clp_chat,home_deliver_three_basic_hard_invlimittwo,episode_00009,hallucination_count,0.0
445,adventuregame,baseline_clp_chat,home_deliver_three_basic_hard_invlimittwo,episode_00009,action_parsing_fail,0.0
446,adventuregame,baseline_clp_chat,home_deliver_three_basic_hard_invlimittwo,episode_00009,action_resolution_fail,46.0
447,adventuregame,baseline_clp_chat,home_deliver_three_basic_hard_invlimittwo,episode_00009,lark_exception,0.0
448,adventuregame,baseline_clp_chat,home_deliver_three_basic_hard_invlimittwo,episode_00009,malformed_command,0.0
449,adventuregame,baseline_clp_chat,home_deliver_three_basic_hard_invlimittwo,episode_00009,undefined_action_verb,0.0
450,adventuregame,baseline_clp_chat,home_deliver_three_basic_hard_invlimittwo,episode_00009,undefined_action,0.0
451,adventuregame,baseline_clp_chat,home_deliver_three_basic_hard_invlimittwo,episode_00009,undefined_repr_str,0.0
452,adventuregame,baseline_clp_chat,home_deliver_three_basic_hard_invlimittwo,episode_00009,manipulating_room,0.0
453,adventuregame,baseline_clp_chat,home_deliver_three_basic_hard_invlimittwo,episode_00009,undefined_argument_type,0.0
454,adventuregame,baseline_clp_chat,home_deliver_three_basic_hard_invlimittwo,episode_00009,taking_from_inventory,0.0
455,adventuregame,baseline_clp_chat,home_deliver_three_basic_hard_invlimittwo,episode_00009,other_room_argument,0.0
456,adventuregame,baseline_clp_chat,home_deliver_three_basic_hard_invlimittwo,episode_00009,domain_trait_type_mismatch,0.0
457,adventuregame,baseline_clp_chat,home_deliver_three_basic_hard_invlimittwo,episode_00009,domain_type_discrepancy,0.0
458,adventuregame,baseline_clp_chat,home_deliver_three_basic_hard_invlimittwo,episode_00009,world_state_discrepancy,0.0
459,adventuregame,baseline_clp_chat,home_deliver_three_basic_hard_invlimittwo,episode_00009,entity_not_accessible,46.0
460,adventuregame,baseline_clp_chat,home_deliver_three_basic_hard_invlimittwo,episode_00009,entity_state_mismatch,0.0
461,adventuregame,baseline_clp_chat,home_deliver_three_basic_hard_invlimittwo,episode_00009,entity_trait_mismatch,0.0
462,adventuregame,baseline_clp_chat,home_deliver_three_basic_hard_invlimittwo,episode_00009,entity_already_inventory,0.0
463,adventuregame,baseline_clp_chat,home_deliver_three_basic_hard_invlimittwo,episode_00009,going_to_current_room,0.0
464,adventuregame,baseline_clp_chat,home_deliver_three_basic_hard_invlimittwo,episode_00009,no_exit_to,0.0
465,adventuregame,baseline_clp_chat,home_deliver_three_basic_hard_invlimittwo,episode_00009,inventory_limit_exceeded,0.0
466,adventuregame,baseline_clp_chat,home_deliver_three_basic_hard_invlimittwo,episode_00009,successful_actions,4.0
467,adventuregame,baseline_clp_chat,home_deliver_three_basic_hard_invlimittwo,episode_00009,turn_limit_loss,1.0
468,adventuregame,baseline_clp_chat,home_deliver_three_basic_hard_invlimittwo,episode_00009,turns_over_par,
469,adventuregame,baseline_clp_chat,home_deliver_three_basic_hard_invlimittwo,episode_00009,turn_ratio,
470,adventuregame,baseline_clp_chat,home_deliver_three_basic_hard_invlimittwo,episode_00009,finish_speed,
471,adventuregame,baseline_clp_chat,home_deliver_three_basic_hard_invlimittwo,episode_00009,achieved_goal_ratio,0.0
472,adventuregame,baseline_clp_chat,home_deliver_three_basic_hard_invlimittwo,episode_00009,Aborted,1.0
473,adventuregame,baseline_clp_chat,home_deliver_three_basic_hard_invlimittwo,episode_00009,Success,0.0
474,adventuregame,baseline_clp_chat,home_deliver_three_basic_hard_invlimittwo,episode_00009,Lose,0.0
475,adventuregame,baseline_clp_chat,home_deliver_three_basic_hard_invlimittwo,episode_00009,Main Score,
476,adventuregame,baseline_clp_chat,home_deliver_three_basic_hard_invlimittwo,episode_00009,plan_followed_ratio,0.0
477,adventuregame,baseline_clp_chat,home_deliver_three_basic_hard_invlimittwo,episode_00009,plan_average_viability_ratio,0.0
478,adventuregame,baseline_clp_chat,home_deliver_three_basic_hard_invlimittwo,episode_00009,bad_plan_follow_ratio,0.0
479,adventuregame,baseline_clp_chat,home_deliver_three_basic_hard_invlimittwo,episode_00009,bad_plan_dismiss_ratio,1.0
480,adventuregame,baseline_clp_chat,home_deliver_three_planning_easy,episode_00002,Violated Request Count,0.0
481,adventuregame,baseline_clp_chat,home_deliver_three_planning_easy,episode_00002,Parsed Request Count,5.0
482,adventuregame,baseline_clp_chat,home_deliver_three_planning_easy,episode_00002,Request Count,5.0
483,adventuregame,baseline_clp_chat,home_deliver_three_planning_easy,episode_00002,Request Success Ratio,1.0
484,adventuregame,baseline_clp_chat,home_deliver_three_planning_easy,episode_00002,hallucination_count,1.0
485,adventuregame,baseline_clp_chat,home_deliver_three_planning_easy,episode_00002,action_parsing_fail,0.0
486,adventuregame,baseline_clp_chat,home_deliver_three_planning_easy,episode_00002,action_resolution_fail,2.0
487,adventuregame,baseline_clp_chat,home_deliver_three_planning_easy,episode_00002,lark_exception,0.0
488,adventuregame,baseline_clp_chat,home_deliver_three_planning_easy,episode_00002,malformed_command,0.0
489,adventuregame,baseline_clp_chat,home_deliver_three_planning_easy,episode_00002,undefined_action_verb,0.0
490,adventuregame,baseline_clp_chat,home_deliver_three_planning_easy,episode_00002,undefined_action,0.0
491,adventuregame,baseline_clp_chat,home_deliver_three_planning_easy,episode_00002,undefined_repr_str,0.0
492,adventuregame,baseline_clp_chat,home_deliver_three_planning_easy,episode_00002,manipulating_room,0.0
493,adventuregame,baseline_clp_chat,home_deliver_three_planning_easy,episode_00002,undefined_argument_type,0.0
494,adventuregame,baseline_clp_chat,home_deliver_three_planning_easy,episode_00002,taking_from_inventory,0.0
495,adventuregame,baseline_clp_chat,home_deliver_three_planning_easy,episode_00002,other_room_argument,0.0
496,adventuregame,baseline_clp_chat,home_deliver_three_planning_easy,episode_00002,domain_trait_type_mismatch,0.0
497,adventuregame,baseline_clp_chat,home_deliver_three_planning_easy,episode_00002,domain_type_discrepancy,0.0
498,adventuregame,baseline_clp_chat,home_deliver_three_planning_easy,episode_00002,world_state_discrepancy,0.0
499,adventuregame,baseline_clp_chat,home_deliver_three_planning_easy,episode_00002,entity_not_accessible,0.0
500,adventuregame,baseline_clp_chat,home_deliver_three_planning_easy,episode_00002,entity_state_mismatch,0.0
501,adventuregame,baseline_clp_chat,home_deliver_three_planning_easy,episode_00002,entity_trait_mismatch,0.0
502,adventuregame,baseline_clp_chat,home_deliver_three_planning_easy,episode_00002,entity_already_inventory,0.0
503,adventuregame,baseline_clp_chat,home_deliver_three_planning_easy,episode_00002,going_to_current_room,1.0
504,adventuregame,baseline_clp_chat,home_deliver_three_planning_easy,episode_00002,no_exit_to,1.0
505,adventuregame,baseline_clp_chat,home_deliver_three_planning_easy,episode_00002,inventory_limit_exceeded,0.0
506,adventuregame,baseline_clp_chat,home_deliver_three_planning_easy,episode_00002,successful_actions,3.0
507,adventuregame,baseline_clp_chat,home_deliver_three_planning_easy,episode_00002,turn_limit_loss,0.0
508,adventuregame,baseline_clp_chat,home_deliver_three_planning_easy,episode_00002,turns_over_par,
509,adventuregame,baseline_clp_chat,home_deliver_three_planning_easy,episode_00002,turn_ratio,
510,adventuregame,baseline_clp_chat,home_deliver_three_planning_easy,episode_00002,finish_speed,
511,adventuregame,baseline_clp_chat,home_deliver_three_planning_easy,episode_00002,achieved_goal_ratio,0.0
512,adventuregame,baseline_clp_chat,home_deliver_three_planning_easy,episode_00002,Aborted,0.0
513,adventuregame,baseline_clp_chat,home_deliver_three_planning_easy,episode_00002,Success,0.0
514,adventuregame,baseline_clp_chat,home_deliver_three_planning_easy,episode_00002,Lose,1.0
515,adventuregame,baseline_clp_chat,home_deliver_three_planning_easy,episode_00002,Main Score,0.0
516,adventuregame,baseline_clp_chat,home_deliver_three_planning_easy,episode_00002,plan_followed_ratio,0.2
517,adventuregame,baseline_clp_chat,home_deliver_three_planning_easy,episode_00002,plan_average_viability_ratio,0.0
518,adventuregame,baseline_clp_chat,home_deliver_three_planning_easy,episode_00002,bad_plan_follow_ratio,0.2
519,adventuregame,baseline_clp_chat,home_deliver_three_planning_easy,episode_00002,bad_plan_dismiss_ratio,0.8
520,adventuregame,baseline_clp_chat,home_deliver_three_planning_easy,episode_00003,Violated Request Count,0.0
521,adventuregame,baseline_clp_chat,home_deliver_three_planning_easy,episode_00003,Parsed Request Count,50.0
522,adventuregame,baseline_clp_chat,home_deliver_three_planning_easy,episode_00003,Request Count,50.0
523,adventuregame,baseline_clp_chat,home_deliver_three_planning_easy,episode_00003,Request Success Ratio,1.0
524,adventuregame,baseline_clp_chat,home_deliver_three_planning_easy,episode_00003,hallucination_count,0.0
525,adventuregame,baseline_clp_chat,home_deliver_three_planning_easy,episode_00003,action_parsing_fail,0.0
526,adventuregame,baseline_clp_chat,home_deliver_three_planning_easy,episode_00003,action_resolution_fail,49.0
527,adventuregame,baseline_clp_chat,home_deliver_three_planning_easy,episode_00003,lark_exception,0.0
528,adventuregame,baseline_clp_chat,home_deliver_three_planning_easy,episode_00003,malformed_command,0.0
529,adventuregame,baseline_clp_chat,home_deliver_three_planning_easy,episode_00003,undefined_action_verb,0.0
530,adventuregame,baseline_clp_chat,home_deliver_three_planning_easy,episode_00003,undefined_action,0.0
531,adventuregame,baseline_clp_chat,home_deliver_three_planning_easy,episode_00003,undefined_repr_str,0.0
532,adventuregame,baseline_clp_chat,home_deliver_three_planning_easy,episode_00003,manipulating_room,0.0
533,adventuregame,baseline_clp_chat,home_deliver_three_planning_easy,episode_00003,undefined_argument_type,0.0
534,adventuregame,baseline_clp_chat,home_deliver_three_planning_easy,episode_00003,taking_from_inventory,0.0
535,adventuregame,baseline_clp_chat,home_deliver_three_planning_easy,episode_00003,other_room_argument,0.0
536,adventuregame,baseline_clp_chat,home_deliver_three_planning_easy,episode_00003,domain_trait_type_mismatch,0.0
537,adventuregame,baseline_clp_chat,home_deliver_three_planning_easy,episode_00003,domain_type_discrepancy,0.0
538,adventuregame,baseline_clp_chat,home_deliver_three_planning_easy,episode_00003,world_state_discrepancy,0.0
539,adventuregame,baseline_clp_chat,home_deliver_three_planning_easy,episode_00003,entity_not_accessible,1.0
540,adventuregame,baseline_clp_chat,home_deliver_three_planning_easy,episode_00003,entity_state_mismatch,48.0
541,adventuregame,baseline_clp_chat,home_deliver_three_planning_easy,episode_00003,entity_trait_mismatch,0.0
542,adventuregame,baseline_clp_chat,home_deliver_three_planning_easy,episode_00003,entity_already_inventory,0.0
543,adventuregame,baseline_clp_chat,home_deliver_three_planning_easy,episode_00003,going_to_current_room,0.0
544,adventuregame,baseline_clp_chat,home_deliver_three_planning_easy,episode_00003,no_exit_to,0.0
545,adventuregame,baseline_clp_chat,home_deliver_three_planning_easy,episode_00003,inventory_limit_exceeded,0.0
546,adventuregame,baseline_clp_chat,home_deliver_three_planning_easy,episode_00003,successful_actions,1.0
547,adventuregame,baseline_clp_chat,home_deliver_three_planning_easy,episode_00003,turn_limit_loss,1.0
548,adventuregame,baseline_clp_chat,home_deliver_three_planning_easy,episode_00003,turns_over_par,
549,adventuregame,baseline_clp_chat,home_deliver_three_planning_easy,episode_00003,turn_ratio,
550,adventuregame,baseline_clp_chat,home_deliver_three_planning_easy,episode_00003,finish_speed,
551,adventuregame,baseline_clp_chat,home_deliver_three_planning_easy,episode_00003,achieved_goal_ratio,0.0
552,adventuregame,baseline_clp_chat,home_deliver_three_planning_easy,episode_00003,Aborted,1.0
553,adventuregame,baseline_clp_chat,home_deliver_three_planning_easy,episode_00003,Success,0.0
554,adventuregame,baseline_clp_chat,home_deliver_three_planning_easy,episode_00003,Lose,0.0
555,adventuregame,baseline_clp_chat,home_deliver_three_planning_easy,episode_00003,Main Score,
556,adventuregame,baseline_clp_chat,home_deliver_three_planning_easy,episode_00003,plan_followed_ratio,0.02
557,adventuregame,baseline_clp_chat,home_deliver_three_planning_easy,episode_00003,plan_average_viability_ratio,0.7766666666666663
558,adventuregame,baseline_clp_chat,home_deliver_three_planning_easy,episode_00003,bad_plan_follow_ratio,0.02
559,adventuregame,baseline_clp_chat,home_deliver_three_planning_easy,episode_00003,bad_plan_dismiss_ratio,0.98
560,adventuregame,baseline_clp_chat,home_deliver_three_planning_easy,episode_00005,Violated Request Count,0.0
561,adventuregame,baseline_clp_chat,home_deliver_three_planning_easy,episode_00005,Parsed Request Count,4.0
562,adventuregame,baseline_clp_chat,home_deliver_three_planning_easy,episode_00005,Request Count,4.0
563,adventuregame,baseline_clp_chat,home_deliver_three_planning_easy,episode_00005,Request Success Ratio,1.0
564,adventuregame,baseline_clp_chat,home_deliver_three_planning_easy,episode_00005,hallucination_count,1.0
565,adventuregame,baseline_clp_chat,home_deliver_three_planning_easy,episode_00005,action_parsing_fail,0.0
566,adventuregame,baseline_clp_chat,home_deliver_three_planning_easy,episode_00005,action_resolution_fail,0.0
567,adventuregame,baseline_clp_chat,home_deliver_three_planning_easy,episode_00005,lark_exception,0.0
568,adventuregame,baseline_clp_chat,home_deliver_three_planning_easy,episode_00005,malformed_command,0.0
569,adventuregame,baseline_clp_chat,home_deliver_three_planning_easy,episode_00005,undefined_action_verb,0.0
570,adventuregame,baseline_clp_chat,home_deliver_three_planning_easy,episode_00005,undefined_action,0.0
571,adventuregame,baseline_clp_chat,home_deliver_three_planning_easy,episode_00005,undefined_repr_str,0.0
572,adventuregame,baseline_clp_chat,home_deliver_three_planning_easy,episode_00005,manipulating_room,0.0
573,adventuregame,baseline_clp_chat,home_deliver_three_planning_easy,episode_00005,undefined_argument_type,0.0
574,adventuregame,baseline_clp_chat,home_deliver_three_planning_easy,episode_00005,taking_from_inventory,0.0
575,adventuregame,baseline_clp_chat,home_deliver_three_planning_easy,episode_00005,other_room_argument,0.0
576,adventuregame,baseline_clp_chat,home_deliver_three_planning_easy,episode_00005,domain_trait_type_mismatch,0.0
577,adventuregame,baseline_clp_chat,home_deliver_three_planning_easy,episode_00005,domain_type_discrepancy,0.0
578,adventuregame,baseline_clp_chat,home_deliver_three_planning_easy,episode_00005,world_state_discrepancy,0.0
579,adventuregame,baseline_clp_chat,home_deliver_three_planning_easy,episode_00005,entity_not_accessible,0.0
580,adventuregame,baseline_clp_chat,home_deliver_three_planning_easy,episode_00005,entity_state_mismatch,0.0
581,adventuregame,baseline_clp_chat,home_deliver_three_planning_easy,episode_00005,entity_trait_mismatch,0.0
582,adventuregame,baseline_clp_chat,home_deliver_three_planning_easy,episode_00005,entity_already_inventory,0.0
583,adventuregame,baseline_clp_chat,home_deliver_three_planning_easy,episode_00005,going_to_current_room,0.0
584,adventuregame,baseline_clp_chat,home_deliver_three_planning_easy,episode_00005,no_exit_to,0.0
585,adventuregame,baseline_clp_chat,home_deliver_three_planning_easy,episode_00005,inventory_limit_exceeded,0.0
586,adventuregame,baseline_clp_chat,home_deliver_three_planning_easy,episode_00005,successful_actions,4.0
587,adventuregame,baseline_clp_chat,home_deliver_three_planning_easy,episode_00005,turn_limit_loss,0.0
588,adventuregame,baseline_clp_chat,home_deliver_three_planning_easy,episode_00005,turns_over_par,
589,adventuregame,baseline_clp_chat,home_deliver_three_planning_easy,episode_00005,turn_ratio,
590,adventuregame,baseline_clp_chat,home_deliver_three_planning_easy,episode_00005,finish_speed,
591,adventuregame,baseline_clp_chat,home_deliver_three_planning_easy,episode_00005,achieved_goal_ratio,0.0
592,adventuregame,baseline_clp_chat,home_deliver_three_planning_easy,episode_00005,Aborted,0.0
593,adventuregame,baseline_clp_chat,home_deliver_three_planning_easy,episode_00005,Success,0.0
594,adventuregame,baseline_clp_chat,home_deliver_three_planning_easy,episode_00005,Lose,1.0
595,adventuregame,baseline_clp_chat,home_deliver_three_planning_easy,episode_00005,Main Score,0.0
596,adventuregame,baseline_clp_chat,home_deliver_three_planning_easy,episode_00005,plan_followed_ratio,0.0
597,adventuregame,baseline_clp_chat,home_deliver_three_planning_easy,episode_00005,plan_average_viability_ratio,0.375
598,adventuregame,baseline_clp_chat,home_deliver_three_planning_easy,episode_00005,bad_plan_follow_ratio,0.0
599,adventuregame,baseline_clp_chat,home_deliver_three_planning_easy,episode_00005,bad_plan_dismiss_ratio,1.0
600,adventuregame,baseline_clp_chat,home_deliver_three_planning_easy_invlimittwo,episode_00004,Violated Request Count,0.0
601,adventuregame,baseline_clp_chat,home_deliver_three_planning_easy_invlimittwo,episode_00004,Parsed Request Count,18.0
602,adventuregame,baseline_clp_chat,home_deliver_three_planning_easy_invlimittwo,episode_00004,Request Count,18.0
603,adventuregame,baseline_clp_chat,home_deliver_three_planning_easy_invlimittwo,episode_00004,Request Success Ratio,1.0
604,adventuregame,baseline_clp_chat,home_deliver_three_planning_easy_invlimittwo,episode_00004,hallucination_count,1.0
605,adventuregame,baseline_clp_chat,home_deliver_three_planning_easy_invlimittwo,episode_00004,action_parsing_fail,0.0
606,adventuregame,baseline_clp_chat,home_deliver_three_planning_easy_invlimittwo,episode_00004,action_resolution_fail,15.0
607,adventuregame,baseline_clp_chat,home_deliver_three_planning_easy_invlimittwo,episode_00004,lark_exception,0.0
608,adventuregame,baseline_clp_chat,home_deliver_three_planning_easy_invlimittwo,episode_00004,malformed_command,0.0
609,adventuregame,baseline_clp_chat,home_deliver_three_planning_easy_invlimittwo,episode_00004,undefined_action_verb,0.0
610,adventuregame,baseline_clp_chat,home_deliver_three_planning_easy_invlimittwo,episode_00004,undefined_action,0.0
611,adventuregame,baseline_clp_chat,home_deliver_three_planning_easy_invlimittwo,episode_00004,undefined_repr_str,0.0
612,adventuregame,baseline_clp_chat,home_deliver_three_planning_easy_invlimittwo,episode_00004,manipulating_room,0.0
613,adventuregame,baseline_clp_chat,home_deliver_three_planning_easy_invlimittwo,episode_00004,undefined_argument_type,0.0
614,adventuregame,baseline_clp_chat,home_deliver_three_planning_easy_invlimittwo,episode_00004,taking_from_inventory,0.0
615,adventuregame,baseline_clp_chat,home_deliver_three_planning_easy_invlimittwo,episode_00004,other_room_argument,0.0
616,adventuregame,baseline_clp_chat,home_deliver_three_planning_easy_invlimittwo,episode_00004,domain_trait_type_mismatch,0.0
617,adventuregame,baseline_clp_chat,home_deliver_three_planning_easy_invlimittwo,episode_00004,domain_type_discrepancy,0.0
618,adventuregame,baseline_clp_chat,home_deliver_three_planning_easy_invlimittwo,episode_00004,world_state_discrepancy,0.0
619,adventuregame,baseline_clp_chat,home_deliver_three_planning_easy_invlimittwo,episode_00004,entity_not_accessible,0.0
620,adventuregame,baseline_clp_chat,home_deliver_three_planning_easy_invlimittwo,episode_00004,entity_state_mismatch,0.0
621,adventuregame,baseline_clp_chat,home_deliver_three_planning_easy_invlimittwo,episode_00004,entity_trait_mismatch,0.0
622,adventuregame,baseline_clp_chat,home_deliver_three_planning_easy_invlimittwo,episode_00004,entity_already_inventory,0.0
623,adventuregame,baseline_clp_chat,home_deliver_three_planning_easy_invlimittwo,episode_00004,going_to_current_room,7.0
624,adventuregame,baseline_clp_chat,home_deliver_three_planning_easy_invlimittwo,episode_00004,no_exit_to,8.0
625,adventuregame,baseline_clp_chat,home_deliver_three_planning_easy_invlimittwo,episode_00004,inventory_limit_exceeded,0.0
626,adventuregame,baseline_clp_chat,home_deliver_three_planning_easy_invlimittwo,episode_00004,successful_actions,3.0
627,adventuregame,baseline_clp_chat,home_deliver_three_planning_easy_invlimittwo,episode_00004,turn_limit_loss,0.0
628,adventuregame,baseline_clp_chat,home_deliver_three_planning_easy_invlimittwo,episode_00004,turns_over_par,
629,adventuregame,baseline_clp_chat,home_deliver_three_planning_easy_invlimittwo,episode_00004,turn_ratio,
630,adventuregame,baseline_clp_chat,home_deliver_three_planning_easy_invlimittwo,episode_00004,finish_speed,
631,adventuregame,baseline_clp_chat,home_deliver_three_planning_easy_invlimittwo,episode_00004,achieved_goal_ratio,0.0
632,adventuregame,baseline_clp_chat,home_deliver_three_planning_easy_invlimittwo,episode_00004,Aborted,0.0
633,adventuregame,baseline_clp_chat,home_deliver_three_planning_easy_invlimittwo,episode_00004,Success,0.0
634,adventuregame,baseline_clp_chat,home_deliver_three_planning_easy_invlimittwo,episode_00004,Lose,1.0
635,adventuregame,baseline_clp_chat,home_deliver_three_planning_easy_invlimittwo,episode_00004,Main Score,0.0
636,adventuregame,baseline_clp_chat,home_deliver_three_planning_easy_invlimittwo,episode_00004,plan_followed_ratio,0.4444444444444444
637,adventuregame,baseline_clp_chat,home_deliver_three_planning_easy_invlimittwo,episode_00004,plan_average_viability_ratio,0.027777777777777776
638,adventuregame,baseline_clp_chat,home_deliver_three_planning_easy_invlimittwo,episode_00004,bad_plan_follow_ratio,0.3888888888888889
639,adventuregame,baseline_clp_chat,home_deliver_three_planning_easy_invlimittwo,episode_00004,bad_plan_dismiss_ratio,0.6111111111111112
640,adventuregame,baseline_clp_chat,home_deliver_three_planning_easy_invlimittwo,episode_00005,Violated Request Count,0.0
641,adventuregame,baseline_clp_chat,home_deliver_three_planning_easy_invlimittwo,episode_00005,Parsed Request Count,50.0
642,adventuregame,baseline_clp_chat,home_deliver_three_planning_easy_invlimittwo,episode_00005,Request Count,50.0
643,adventuregame,baseline_clp_chat,home_deliver_three_planning_easy_invlimittwo,episode_00005,Request Success Ratio,1.0
644,adventuregame,baseline_clp_chat,home_deliver_three_planning_easy_invlimittwo,episode_00005,hallucination_count,0.0
645,adventuregame,baseline_clp_chat,home_deliver_three_planning_easy_invlimittwo,episode_00005,action_parsing_fail,0.0
646,adventuregame,baseline_clp_chat,home_deliver_three_planning_easy_invlimittwo,episode_00005,action_resolution_fail,18.0
647,adventuregame,baseline_clp_chat,home_deliver_three_planning_easy_invlimittwo,episode_00005,lark_exception,0.0
648,adventuregame,baseline_clp_chat,home_deliver_three_planning_easy_invlimittwo,episode_00005,malformed_command,0.0
649,adventuregame,baseline_clp_chat,home_deliver_three_planning_easy_invlimittwo,episode_00005,undefined_action_verb,0.0
650,adventuregame,baseline_clp_chat,home_deliver_three_planning_easy_invlimittwo,episode_00005,undefined_action,0.0
651,adventuregame,baseline_clp_chat,home_deliver_three_planning_easy_invlimittwo,episode_00005,undefined_repr_str,0.0
652,adventuregame,baseline_clp_chat,home_deliver_three_planning_easy_invlimittwo,episode_00005,manipulating_room,0.0
653,adventuregame,baseline_clp_chat,home_deliver_three_planning_easy_invlimittwo,episode_00005,undefined_argument_type,0.0
654,adventuregame,baseline_clp_chat,home_deliver_three_planning_easy_invlimittwo,episode_00005,taking_from_inventory,0.0
655,adventuregame,baseline_clp_chat,home_deliver_three_planning_easy_invlimittwo,episode_00005,other_room_argument,0.0
656,adventuregame,baseline_clp_chat,home_deliver_three_planning_easy_invlimittwo,episode_00005,domain_trait_type_mismatch,0.0
657,adventuregame,baseline_clp_chat,home_deliver_three_planning_easy_invlimittwo,episode_00005,domain_type_discrepancy,0.0
658,adventuregame,baseline_clp_chat,home_deliver_three_planning_easy_invlimittwo,episode_00005,world_state_discrepancy,0.0
659,adventuregame,baseline_clp_chat,home_deliver_three_planning_easy_invlimittwo,episode_00005,entity_not_accessible,8.0
660,adventuregame,baseline_clp_chat,home_deliver_three_planning_easy_invlimittwo,episode_00005,entity_state_mismatch,0.0
661,adventuregame,baseline_clp_chat,home_deliver_three_planning_easy_invlimittwo,episode_00005,entity_trait_mismatch,0.0
662,adventuregame,baseline_clp_chat,home_deliver_three_planning_easy_invlimittwo,episode_00005,entity_already_inventory,6.0
663,adventuregame,baseline_clp_chat,home_deliver_three_planning_easy_invlimittwo,episode_00005,going_to_current_room,1.0
664,adventuregame,baseline_clp_chat,home_deliver_three_planning_easy_invlimittwo,episode_00005,no_exit_to,3.0
665,adventuregame,baseline_clp_chat,home_deliver_three_planning_easy_invlimittwo,episode_00005,inventory_limit_exceeded,0.0
666,adventuregame,baseline_clp_chat,home_deliver_three_planning_easy_invlimittwo,episode_00005,successful_actions,32.0
667,adventuregame,baseline_clp_chat,home_deliver_three_planning_easy_invlimittwo,episode_00005,turn_limit_loss,1.0
668,adventuregame,baseline_clp_chat,home_deliver_three_planning_easy_invlimittwo,episode_00005,turns_over_par,
669,adventuregame,baseline_clp_chat,home_deliver_three_planning_easy_invlimittwo,episode_00005,turn_ratio,
670,adventuregame,baseline_clp_chat,home_deliver_three_planning_easy_invlimittwo,episode_00005,finish_speed,
671,adventuregame,baseline_clp_chat,home_deliver_three_planning_easy_invlimittwo,episode_00005,achieved_goal_ratio,0.0
672,adventuregame,baseline_clp_chat,home_deliver_three_planning_easy_invlimittwo,episode_00005,Aborted,1.0
673,adventuregame,baseline_clp_chat,home_deliver_three_planning_easy_invlimittwo,episode_00005,Success,0.0
674,adventuregame,baseline_clp_chat,home_deliver_three_planning_easy_invlimittwo,episode_00005,Lose,0.0
675,adventuregame,baseline_clp_chat,home_deliver_three_planning_easy_invlimittwo,episode_00005,Main Score,
676,adventuregame,baseline_clp_chat,home_deliver_three_planning_easy_invlimittwo,episode_00005,plan_followed_ratio,0.54
677,adventuregame,baseline_clp_chat,home_deliver_three_planning_easy_invlimittwo,episode_00005,plan_average_viability_ratio,0.08700000000000002
678,adventuregame,baseline_clp_chat,home_deliver_three_planning_easy_invlimittwo,episode_00005,bad_plan_follow_ratio,0.28
679,adventuregame,baseline_clp_chat,home_deliver_three_planning_easy_invlimittwo,episode_00005,bad_plan_dismiss_ratio,0.72
680,adventuregame,baseline_clp_chat,home_deliver_three_planning_easy_invlimittwo,episode_00006,Violated Request Count,0.0
681,adventuregame,baseline_clp_chat,home_deliver_three_planning_easy_invlimittwo,episode_00006,Parsed Request Count,4.0
682,adventuregame,baseline_clp_chat,home_deliver_three_planning_easy_invlimittwo,episode_00006,Request Count,4.0
683,adventuregame,baseline_clp_chat,home_deliver_three_planning_easy_invlimittwo,episode_00006,Request Success Ratio,1.0
684,adventuregame,baseline_clp_chat,home_deliver_three_planning_easy_invlimittwo,episode_00006,hallucination_count,1.0
685,adventuregame,baseline_clp_chat,home_deliver_three_planning_easy_invlimittwo,episode_00006,action_parsing_fail,0.0
686,adventuregame,baseline_clp_chat,home_deliver_three_planning_easy_invlimittwo,episode_00006,action_resolution_fail,0.0
687,adventuregame,baseline_clp_chat,home_deliver_three_planning_easy_invlimittwo,episode_00006,lark_exception,0.0
688,adventuregame,baseline_clp_chat,home_deliver_three_planning_easy_invlimittwo,episode_00006,malformed_command,0.0
689,adventuregame,baseline_clp_chat,home_deliver_three_planning_easy_invlimittwo,episode_00006,undefined_action_verb,0.0
690,adventuregame,baseline_clp_chat,home_deliver_three_planning_easy_invlimittwo,episode_00006,undefined_action,0.0
691,adventuregame,baseline_clp_chat,home_deliver_three_planning_easy_invlimittwo,episode_00006,undefined_repr_str,0.0
692,adventuregame,baseline_clp_chat,home_deliver_three_planning_easy_invlimittwo,episode_00006,manipulating_room,0.0
693,adventuregame,baseline_clp_chat,home_deliver_three_planning_easy_invlimittwo,episode_00006,undefined_argument_type,0.0
694,adventuregame,baseline_clp_chat,home_deliver_three_planning_easy_invlimittwo,episode_00006,taking_from_inventory,0.0
695,adventuregame,baseline_clp_chat,home_deliver_three_planning_easy_invlimittwo,episode_00006,other_room_argument,0.0
696,adventuregame,baseline_clp_chat,home_deliver_three_planning_easy_invlimittwo,episode_00006,domain_trait_type_mismatch,0.0
697,adventuregame,baseline_clp_chat,home_deliver_three_planning_easy_invlimittwo,episode_00006,domain_type_discrepancy,0.0
698,adventuregame,baseline_clp_chat,home_deliver_three_planning_easy_invlimittwo,episode_00006,world_state_discrepancy,0.0
699,adventuregame,baseline_clp_chat,home_deliver_three_planning_easy_invlimittwo,episode_00006,entity_not_accessible,0.0
700,adventuregame,baseline_clp_chat,home_deliver_three_planning_easy_invlimittwo,episode_00006,entity_state_mismatch,0.0
701,adventuregame,baseline_clp_chat,home_deliver_three_planning_easy_invlimittwo,episode_00006,entity_trait_mismatch,0.0
702,adventuregame,baseline_clp_chat,home_deliver_three_planning_easy_invlimittwo,episode_00006,entity_already_inventory,0.0
703,adventuregame,baseline_clp_chat,home_deliver_three_planning_easy_invlimittwo,episode_00006,going_to_current_room,0.0
704,adventuregame,baseline_clp_chat,home_deliver_three_planning_easy_invlimittwo,episode_00006,no_exit_to,0.0
705,adventuregame,baseline_clp_chat,home_deliver_three_planning_easy_invlimittwo,episode_00006,inventory_limit_exceeded,0.0
706,adventuregame,baseline_clp_chat,home_deliver_three_planning_easy_invlimittwo,episode_00006,successful_actions,4.0
707,adventuregame,baseline_clp_chat,home_deliver_three_planning_easy_invlimittwo,episode_00006,turn_limit_loss,0.0
708,adventuregame,baseline_clp_chat,home_deliver_three_planning_easy_invlimittwo,episode_00006,turns_over_par,
709,adventuregame,baseline_clp_chat,home_deliver_three_planning_easy_invlimittwo,episode_00006,turn_ratio,
710,adventuregame,baseline_clp_chat,home_deliver_three_planning_easy_invlimittwo,episode_00006,finish_speed,
711,adventuregame,baseline_clp_chat,home_deliver_three_planning_easy_invlimittwo,episode_00006,achieved_goal_ratio,0.0
712,adventuregame,baseline_clp_chat,home_deliver_three_planning_easy_invlimittwo,episode_00006,Aborted,0.0
713,adventuregame,baseline_clp_chat,home_deliver_three_planning_easy_invlimittwo,episode_00006,Success,0.0
714,adventuregame,baseline_clp_chat,home_deliver_three_planning_easy_invlimittwo,episode_00006,Lose,1.0
715,adventuregame,baseline_clp_chat,home_deliver_three_planning_easy_invlimittwo,episode_00006,Main Score,0.0
716,adventuregame,baseline_clp_chat,home_deliver_three_planning_easy_invlimittwo,episode_00006,plan_followed_ratio,0.25
717,adventuregame,baseline_clp_chat,home_deliver_three_planning_easy_invlimittwo,episode_00006,plan_average_viability_ratio,0.5416666666666666
718,adventuregame,baseline_clp_chat,home_deliver_three_planning_easy_invlimittwo,episode_00006,bad_plan_follow_ratio,0.0
719,adventuregame,baseline_clp_chat,home_deliver_three_planning_easy_invlimittwo,episode_00006,bad_plan_dismiss_ratio,1.0
720,adventuregame,baseline_clp_chat,home_deliver_three_planning_hard,episode_00006,Violated Request Count,0.0
721,adventuregame,baseline_clp_chat,home_deliver_three_planning_hard,episode_00006,Parsed Request Count,6.0
722,adventuregame,baseline_clp_chat,home_deliver_three_planning_hard,episode_00006,Request Count,6.0
723,adventuregame,baseline_clp_chat,home_deliver_three_planning_hard,episode_00006,Request Success Ratio,1.0
724,adventuregame,baseline_clp_chat,home_deliver_three_planning_hard,episode_00006,hallucination_count,1.0
725,adventuregame,baseline_clp_chat,home_deliver_three_planning_hard,episode_00006,action_parsing_fail,0.0
726,adventuregame,baseline_clp_chat,home_deliver_three_planning_hard,episode_00006,action_resolution_fail,0.0
727,adventuregame,baseline_clp_chat,home_deliver_three_planning_hard,episode_00006,lark_exception,0.0
728,adventuregame,baseline_clp_chat,home_deliver_three_planning_hard,episode_00006,malformed_command,0.0
729,adventuregame,baseline_clp_chat,home_deliver_three_planning_hard,episode_00006,undefined_action_verb,0.0
730,adventuregame,baseline_clp_chat,home_deliver_three_planning_hard,episode_00006,undefined_action,0.0
731,adventuregame,baseline_clp_chat,home_deliver_three_planning_hard,episode_00006,undefined_repr_str,0.0
732,adventuregame,baseline_clp_chat,home_deliver_three_planning_hard,episode_00006,manipulating_room,0.0
733,adventuregame,baseline_clp_chat,home_deliver_three_planning_hard,episode_00006,undefined_argument_type,0.0
734,adventuregame,baseline_clp_chat,home_deliver_three_planning_hard,episode_00006,taking_from_inventory,0.0
735,adventuregame,baseline_clp_chat,home_deliver_three_planning_hard,episode_00006,other_room_argument,0.0
736,adventuregame,baseline_clp_chat,home_deliver_three_planning_hard,episode_00006,domain_trait_type_mismatch,0.0
737,adventuregame,baseline_clp_chat,home_deliver_three_planning_hard,episode_00006,domain_type_discrepancy,0.0
738,adventuregame,baseline_clp_chat,home_deliver_three_planning_hard,episode_00006,world_state_discrepancy,0.0
739,adventuregame,baseline_clp_chat,home_deliver_three_planning_hard,episode_00006,entity_not_accessible,0.0
740,adventuregame,baseline_clp_chat,home_deliver_three_planning_hard,episode_00006,entity_state_mismatch,0.0
741,adventuregame,baseline_clp_chat,home_deliver_three_planning_hard,episode_00006,entity_trait_mismatch,0.0
742,adventuregame,baseline_clp_chat,home_deliver_three_planning_hard,episode_00006,entity_already_inventory,0.0
743,adventuregame,baseline_clp_chat,home_deliver_three_planning_hard,episode_00006,going_to_current_room,0.0
744,adventuregame,baseline_clp_chat,home_deliver_three_planning_hard,episode_00006,no_exit_to,0.0
745,adventuregame,baseline_clp_chat,home_deliver_three_planning_hard,episode_00006,inventory_limit_exceeded,0.0
746,adventuregame,baseline_clp_chat,home_deliver_three_planning_hard,episode_00006,successful_actions,6.0
747,adventuregame,baseline_clp_chat,home_deliver_three_planning_hard,episode_00006,turn_limit_loss,0.0
748,adventuregame,baseline_clp_chat,home_deliver_three_planning_hard,episode_00006,turns_over_par,
749,adventuregame,baseline_clp_chat,home_deliver_three_planning_hard,episode_00006,turn_ratio,
750,adventuregame,baseline_clp_chat,home_deliver_three_planning_hard,episode_00006,finish_speed,
751,adventuregame,baseline_clp_chat,home_deliver_three_planning_hard,episode_00006,achieved_goal_ratio,0.0
752,adventuregame,baseline_clp_chat,home_deliver_three_planning_hard,episode_00006,Aborted,0.0
753,adventuregame,baseline_clp_chat,home_deliver_three_planning_hard,episode_00006,Success,0.0
754,adventuregame,baseline_clp_chat,home_deliver_three_planning_hard,episode_00006,Lose,1.0
755,adventuregame,baseline_clp_chat,home_deliver_three_planning_hard,episode_00006,Main Score,0.0
756,adventuregame,baseline_clp_chat,home_deliver_three_planning_hard,episode_00006,plan_followed_ratio,0.3333333333333333
757,adventuregame,baseline_clp_chat,home_deliver_three_planning_hard,episode_00006,plan_average_viability_ratio,0.38888888888888884
758,adventuregame,baseline_clp_chat,home_deliver_three_planning_hard,episode_00006,bad_plan_follow_ratio,0.0
759,adventuregame,baseline_clp_chat,home_deliver_three_planning_hard,episode_00006,bad_plan_dismiss_ratio,1.0
760,adventuregame,baseline_clp_chat,home_deliver_three_planning_hard,episode_00007,Violated Request Count,0.0
761,adventuregame,baseline_clp_chat,home_deliver_three_planning_hard,episode_00007,Parsed Request Count,8.0
762,adventuregame,baseline_clp_chat,home_deliver_three_planning_hard,episode_00007,Request Count,8.0
763,adventuregame,baseline_clp_chat,home_deliver_three_planning_hard,episode_00007,Request Success Ratio,1.0
764,adventuregame,baseline_clp_chat,home_deliver_three_planning_hard,episode_00007,hallucination_count,1.0
765,adventuregame,baseline_clp_chat,home_deliver_three_planning_hard,episode_00007,action_parsing_fail,0.0
766,adventuregame,baseline_clp_chat,home_deliver_three_planning_hard,episode_00007,action_resolution_fail,0.0
767,adventuregame,baseline_clp_chat,home_deliver_three_planning_hard,episode_00007,lark_exception,0.0
768,adventuregame,baseline_clp_chat,home_deliver_three_planning_hard,episode_00007,malformed_command,0.0
769,adventuregame,baseline_clp_chat,home_deliver_three_planning_hard,episode_00007,undefined_action_verb,0.0
770,adventuregame,baseline_clp_chat,home_deliver_three_planning_hard,episode_00007,undefined_action,0.0
771,adventuregame,baseline_clp_chat,home_deliver_three_planning_hard,episode_00007,undefined_repr_str,0.0
772,adventuregame,baseline_clp_chat,home_deliver_three_planning_hard,episode_00007,manipulating_room,0.0
773,adventuregame,baseline_clp_chat,home_deliver_three_planning_hard,episode_00007,undefined_argument_type,0.0
774,adventuregame,baseline_clp_chat,home_deliver_three_planning_hard,episode_00007,taking_from_inventory,0.0
775,adventuregame,baseline_clp_chat,home_deliver_three_planning_hard,episode_00007,other_room_argument,0.0
776,adventuregame,baseline_clp_chat,home_deliver_three_planning_hard,episode_00007,domain_trait_type_mismatch,0.0
777,adventuregame,baseline_clp_chat,home_deliver_three_planning_hard,episode_00007,domain_type_discrepancy,0.0
778,adventuregame,baseline_clp_chat,home_deliver_three_planning_hard,episode_00007,world_state_discrepancy,0.0
779,adventuregame,baseline_clp_chat,home_deliver_three_planning_hard,episode_00007,entity_not_accessible,0.0
780,adventuregame,baseline_clp_chat,home_deliver_three_planning_hard,episode_00007,entity_state_mismatch,0.0
781,adventuregame,baseline_clp_chat,home_deliver_three_planning_hard,episode_00007,entity_trait_mismatch,0.0
782,adventuregame,baseline_clp_chat,home_deliver_three_planning_hard,episode_00007,entity_already_inventory,0.0
783,adventuregame,baseline_clp_chat,home_deliver_three_planning_hard,episode_00007,going_to_current_room,0.0
784,adventuregame,baseline_clp_chat,home_deliver_three_planning_hard,episode_00007,no_exit_to,0.0
785,adventuregame,baseline_clp_chat,home_deliver_three_planning_hard,episode_00007,inventory_limit_exceeded,0.0
786,adventuregame,baseline_clp_chat,home_deliver_three_planning_hard,episode_00007,successful_actions,8.0
787,adventuregame,baseline_clp_chat,home_deliver_three_planning_hard,episode_00007,turn_limit_loss,0.0
788,adventuregame,baseline_clp_chat,home_deliver_three_planning_hard,episode_00007,turns_over_par,
789,adventuregame,baseline_clp_chat,home_deliver_three_planning_hard,episode_00007,turn_ratio,
790,adventuregame,baseline_clp_chat,home_deliver_three_planning_hard,episode_00007,finish_speed,
791,adventuregame,baseline_clp_chat,home_deliver_three_planning_hard,episode_00007,achieved_goal_ratio,0.0
792,adventuregame,baseline_clp_chat,home_deliver_three_planning_hard,episode_00007,Aborted,0.0
793,adventuregame,baseline_clp_chat,home_deliver_three_planning_hard,episode_00007,Success,0.0
794,adventuregame,baseline_clp_chat,home_deliver_three_planning_hard,episode_00007,Lose,1.0
795,adventuregame,baseline_clp_chat,home_deliver_three_planning_hard,episode_00007,Main Score,0.0
796,adventuregame,baseline_clp_chat,home_deliver_three_planning_hard,episode_00007,plan_followed_ratio,0.625
797,adventuregame,baseline_clp_chat,home_deliver_three_planning_hard,episode_00007,plan_average_viability_ratio,0.3072916666666667
798,adventuregame,baseline_clp_chat,home_deliver_three_planning_hard,episode_00007,bad_plan_follow_ratio,0.0
799,adventuregame,baseline_clp_chat,home_deliver_three_planning_hard,episode_00007,bad_plan_dismiss_ratio,1.0
800,adventuregame,baseline_clp_chat,home_deliver_three_planning_hard,episode_00008,Violated Request Count,0.0
801,adventuregame,baseline_clp_chat,home_deliver_three_planning_hard,episode_00008,Parsed Request Count,7.0
802,adventuregame,baseline_clp_chat,home_deliver_three_planning_hard,episode_00008,Request Count,7.0
803,adventuregame,baseline_clp_chat,home_deliver_three_planning_hard,episode_00008,Request Success Ratio,1.0
804,adventuregame,baseline_clp_chat,home_deliver_three_planning_hard,episode_00008,hallucination_count,1.0
805,adventuregame,baseline_clp_chat,home_deliver_three_planning_hard,episode_00008,action_parsing_fail,0.0
806,adventuregame,baseline_clp_chat,home_deliver_three_planning_hard,episode_00008,action_resolution_fail,2.0
807,adventuregame,baseline_clp_chat,home_deliver_three_planning_hard,episode_00008,lark_exception,0.0
808,adventuregame,baseline_clp_chat,home_deliver_three_planning_hard,episode_00008,malformed_command,0.0
809,adventuregame,baseline_clp_chat,home_deliver_three_planning_hard,episode_00008,undefined_action_verb,0.0
810,adventuregame,baseline_clp_chat,home_deliver_three_planning_hard,episode_00008,undefined_action,0.0
811,adventuregame,baseline_clp_chat,home_deliver_three_planning_hard,episode_00008,undefined_repr_str,0.0
812,adventuregame,baseline_clp_chat,home_deliver_three_planning_hard,episode_00008,manipulating_room,0.0
813,adventuregame,baseline_clp_chat,home_deliver_three_planning_hard,episode_00008,undefined_argument_type,0.0
814,adventuregame,baseline_clp_chat,home_deliver_three_planning_hard,episode_00008,taking_from_inventory,0.0
815,adventuregame,baseline_clp_chat,home_deliver_three_planning_hard,episode_00008,other_room_argument,0.0
816,adventuregame,baseline_clp_chat,home_deliver_three_planning_hard,episode_00008,domain_trait_type_mismatch,0.0
817,adventuregame,baseline_clp_chat,home_deliver_three_planning_hard,episode_00008,domain_type_discrepancy,0.0
818,adventuregame,baseline_clp_chat,home_deliver_three_planning_hard,episode_00008,world_state_discrepancy,0.0
819,adventuregame,baseline_clp_chat,home_deliver_three_planning_hard,episode_00008,entity_not_accessible,1.0
820,adventuregame,baseline_clp_chat,home_deliver_three_planning_hard,episode_00008,entity_state_mismatch,0.0
821,adventuregame,baseline_clp_chat,home_deliver_three_planning_hard,episode_00008,entity_trait_mismatch,0.0
822,adventuregame,baseline_clp_chat,home_deliver_three_planning_hard,episode_00008,entity_already_inventory,0.0
823,adventuregame,baseline_clp_chat,home_deliver_three_planning_hard,episode_00008,going_to_current_room,1.0
824,adventuregame,baseline_clp_chat,home_deliver_three_planning_hard,episode_00008,no_exit_to,0.0
825,adventuregame,baseline_clp_chat,home_deliver_three_planning_hard,episode_00008,inventory_limit_exceeded,0.0
826,adventuregame,baseline_clp_chat,home_deliver_three_planning_hard,episode_00008,successful_actions,5.0
827,adventuregame,baseline_clp_chat,home_deliver_three_planning_hard,episode_00008,turn_limit_loss,0.0
828,adventuregame,baseline_clp_chat,home_deliver_three_planning_hard,episode_00008,turns_over_par,
829,adventuregame,baseline_clp_chat,home_deliver_three_planning_hard,episode_00008,turn_ratio,
830,adventuregame,baseline_clp_chat,home_deliver_three_planning_hard,episode_00008,finish_speed,
831,adventuregame,baseline_clp_chat,home_deliver_three_planning_hard,episode_00008,achieved_goal_ratio,0.0
832,adventuregame,baseline_clp_chat,home_deliver_three_planning_hard,episode_00008,Aborted,0.0
833,adventuregame,baseline_clp_chat,home_deliver_three_planning_hard,episode_00008,Success,0.0
834,adventuregame,baseline_clp_chat,home_deliver_three_planning_hard,episode_00008,Lose,1.0
835,adventuregame,baseline_clp_chat,home_deliver_three_planning_hard,episode_00008,Main Score,0.0
836,adventuregame,baseline_clp_chat,home_deliver_three_planning_hard,episode_00008,plan_followed_ratio,0.2857142857142857
837,adventuregame,baseline_clp_chat,home_deliver_three_planning_hard,episode_00008,plan_average_viability_ratio,0.09750566893424037
838,adventuregame,baseline_clp_chat,home_deliver_three_planning_hard,episode_00008,bad_plan_follow_ratio,0.14285714285714285
839,adventuregame,baseline_clp_chat,home_deliver_three_planning_hard,episode_00008,bad_plan_dismiss_ratio,0.8571428571428572
840,adventuregame,baseline_clp_chat,home_deliver_three_planning_hard_invlimittwo,episode_000011,Violated Request Count,0.0
841,adventuregame,baseline_clp_chat,home_deliver_three_planning_hard_invlimittwo,episode_000011,Parsed Request Count,50.0
842,adventuregame,baseline_clp_chat,home_deliver_three_planning_hard_invlimittwo,episode_000011,Request Count,50.0
843,adventuregame,baseline_clp_chat,home_deliver_three_planning_hard_invlimittwo,episode_000011,Request Success Ratio,1.0
844,adventuregame,baseline_clp_chat,home_deliver_three_planning_hard_invlimittwo,episode_000011,hallucination_count,0.0
845,adventuregame,baseline_clp_chat,home_deliver_three_planning_hard_invlimittwo,episode_000011,action_parsing_fail,0.0
846,adventuregame,baseline_clp_chat,home_deliver_three_planning_hard_invlimittwo,episode_000011,action_resolution_fail,43.0
847,adventuregame,baseline_clp_chat,home_deliver_three_planning_hard_invlimittwo,episode_000011,lark_exception,0.0
848,adventuregame,baseline_clp_chat,home_deliver_three_planning_hard_invlimittwo,episode_000011,malformed_command,0.0
849,adventuregame,baseline_clp_chat,home_deliver_three_planning_hard_invlimittwo,episode_000011,undefined_action_verb,0.0
850,adventuregame,baseline_clp_chat,home_deliver_three_planning_hard_invlimittwo,episode_000011,undefined_action,0.0
851,adventuregame,baseline_clp_chat,home_deliver_three_planning_hard_invlimittwo,episode_000011,undefined_repr_str,0.0
852,adventuregame,baseline_clp_chat,home_deliver_three_planning_hard_invlimittwo,episode_000011,manipulating_room,0.0
853,adventuregame,baseline_clp_chat,home_deliver_three_planning_hard_invlimittwo,episode_000011,undefined_argument_type,0.0
854,adventuregame,baseline_clp_chat,home_deliver_three_planning_hard_invlimittwo,episode_000011,taking_from_inventory,0.0
855,adventuregame,baseline_clp_chat,home_deliver_three_planning_hard_invlimittwo,episode_000011,other_room_argument,0.0
856,adventuregame,baseline_clp_chat,home_deliver_three_planning_hard_invlimittwo,episode_000011,domain_trait_type_mismatch,0.0
857,adventuregame,baseline_clp_chat,home_deliver_three_planning_hard_invlimittwo,episode_000011,domain_type_discrepancy,0.0
858,adventuregame,baseline_clp_chat,home_deliver_three_planning_hard_invlimittwo,episode_000011,world_state_discrepancy,0.0
859,adventuregame,baseline_clp_chat,home_deliver_three_planning_hard_invlimittwo,episode_000011,entity_not_accessible,9.0
860,adventuregame,baseline_clp_chat,home_deliver_three_planning_hard_invlimittwo,episode_000011,entity_state_mismatch,31.0
861,adventuregame,baseline_clp_chat,home_deliver_three_planning_hard_invlimittwo,episode_000011,entity_trait_mismatch,0.0
862,adventuregame,baseline_clp_chat,home_deliver_three_planning_hard_invlimittwo,episode_000011,entity_already_inventory,1.0
863,adventuregame,baseline_clp_chat,home_deliver_three_planning_hard_invlimittwo,episode_000011,going_to_current_room,2.0
864,adventuregame,baseline_clp_chat,home_deliver_three_planning_hard_invlimittwo,episode_000011,no_exit_to,0.0
865,adventuregame,baseline_clp_chat,home_deliver_three_planning_hard_invlimittwo,episode_000011,inventory_limit_exceeded,0.0
866,adventuregame,baseline_clp_chat,home_deliver_three_planning_hard_invlimittwo,episode_000011,successful_actions,7.0
867,adventuregame,baseline_clp_chat,home_deliver_three_planning_hard_invlimittwo,episode_000011,turn_limit_loss,1.0
868,adventuregame,baseline_clp_chat,home_deliver_three_planning_hard_invlimittwo,episode_000011,turns_over_par,
869,adventuregame,baseline_clp_chat,home_deliver_three_planning_hard_invlimittwo,episode_000011,turn_ratio,
870,adventuregame,baseline_clp_chat,home_deliver_three_planning_hard_invlimittwo,episode_000011,finish_speed,
871,adventuregame,baseline_clp_chat,home_deliver_three_planning_hard_invlimittwo,episode_000011,achieved_goal_ratio,0.0
872,adventuregame,baseline_clp_chat,home_deliver_three_planning_hard_invlimittwo,episode_000011,Aborted,1.0
873,adventuregame,baseline_clp_chat,home_deliver_three_planning_hard_invlimittwo,episode_000011,Success,0.0
874,adventuregame,baseline_clp_chat,home_deliver_three_planning_hard_invlimittwo,episode_000011,Lose,0.0
875,adventuregame,baseline_clp_chat,home_deliver_three_planning_hard_invlimittwo,episode_000011,Main Score,
876,adventuregame,baseline_clp_chat,home_deliver_three_planning_hard_invlimittwo,episode_000011,plan_followed_ratio,0.16
877,adventuregame,baseline_clp_chat,home_deliver_three_planning_hard_invlimittwo,episode_000011,plan_average_viability_ratio,0.05690476190476191
878,adventuregame,baseline_clp_chat,home_deliver_three_planning_hard_invlimittwo,episode_000011,bad_plan_follow_ratio,0.08
879,adventuregame,baseline_clp_chat,home_deliver_three_planning_hard_invlimittwo,episode_000011,bad_plan_dismiss_ratio,0.92
880,adventuregame,baseline_clp_chat,home_deliver_three_planning_hard_invlimittwo,episode_00008,Violated Request Count,0.0
881,adventuregame,baseline_clp_chat,home_deliver_three_planning_hard_invlimittwo,episode_00008,Parsed Request Count,7.0
882,adventuregame,baseline_clp_chat,home_deliver_three_planning_hard_invlimittwo,episode_00008,Request Count,7.0
883,adventuregame,baseline_clp_chat,home_deliver_three_planning_hard_invlimittwo,episode_00008,Request Success Ratio,1.0
884,adventuregame,baseline_clp_chat,home_deliver_three_planning_hard_invlimittwo,episode_00008,hallucination_count,1.0
885,adventuregame,baseline_clp_chat,home_deliver_three_planning_hard_invlimittwo,episode_00008,action_parsing_fail,0.0
886,adventuregame,baseline_clp_chat,home_deliver_three_planning_hard_invlimittwo,episode_00008,action_resolution_fail,2.0
887,adventuregame,baseline_clp_chat,home_deliver_three_planning_hard_invlimittwo,episode_00008,lark_exception,0.0
888,adventuregame,baseline_clp_chat,home_deliver_three_planning_hard_invlimittwo,episode_00008,malformed_command,0.0
889,adventuregame,baseline_clp_chat,home_deliver_three_planning_hard_invlimittwo,episode_00008,undefined_action_verb,0.0
890,adventuregame,baseline_clp_chat,home_deliver_three_planning_hard_invlimittwo,episode_00008,undefined_action,0.0
891,adventuregame,baseline_clp_chat,home_deliver_three_planning_hard_invlimittwo,episode_00008,undefined_repr_str,0.0
892,adventuregame,baseline_clp_chat,home_deliver_three_planning_hard_invlimittwo,episode_00008,manipulating_room,0.0
893,adventuregame,baseline_clp_chat,home_deliver_three_planning_hard_invlimittwo,episode_00008,undefined_argument_type,0.0
894,adventuregame,baseline_clp_chat,home_deliver_three_planning_hard_invlimittwo,episode_00008,taking_from_inventory,0.0
895,adventuregame,baseline_clp_chat,home_deliver_three_planning_hard_invlimittwo,episode_00008,other_room_argument,0.0
896,adventuregame,baseline_clp_chat,home_deliver_three_planning_hard_invlimittwo,episode_00008,domain_trait_type_mismatch,0.0
897,adventuregame,baseline_clp_chat,home_deliver_three_planning_hard_invlimittwo,episode_00008,domain_type_discrepancy,0.0
898,adventuregame,baseline_clp_chat,home_deliver_three_planning_hard_invlimittwo,episode_00008,world_state_discrepancy,0.0
899,adventuregame,baseline_clp_chat,home_deliver_three_planning_hard_invlimittwo,episode_00008,entity_not_accessible,2.0
900,adventuregame,baseline_clp_chat,home_deliver_three_planning_hard_invlimittwo,episode_00008,entity_state_mismatch,0.0
901,adventuregame,baseline_clp_chat,home_deliver_three_planning_hard_invlimittwo,episode_00008,entity_trait_mismatch,0.0
902,adventuregame,baseline_clp_chat,home_deliver_three_planning_hard_invlimittwo,episode_00008,entity_already_inventory,0.0
903,adventuregame,baseline_clp_chat,home_deliver_three_planning_hard_invlimittwo,episode_00008,going_to_current_room,0.0
904,adventuregame,baseline_clp_chat,home_deliver_three_planning_hard_invlimittwo,episode_00008,no_exit_to,0.0
905,adventuregame,baseline_clp_chat,home_deliver_three_planning_hard_invlimittwo,episode_00008,inventory_limit_exceeded,0.0
906,adventuregame,baseline_clp_chat,home_deliver_three_planning_hard_invlimittwo,episode_00008,successful_actions,5.0
907,adventuregame,baseline_clp_chat,home_deliver_three_planning_hard_invlimittwo,episode_00008,turn_limit_loss,0.0
908,adventuregame,baseline_clp_chat,home_deliver_three_planning_hard_invlimittwo,episode_00008,turns_over_par,
909,adventuregame,baseline_clp_chat,home_deliver_three_planning_hard_invlimittwo,episode_00008,turn_ratio,
910,adventuregame,baseline_clp_chat,home_deliver_three_planning_hard_invlimittwo,episode_00008,finish_speed,
911,adventuregame,baseline_clp_chat,home_deliver_three_planning_hard_invlimittwo,episode_00008,achieved_goal_ratio,0.0
912,adventuregame,baseline_clp_chat,home_deliver_three_planning_hard_invlimittwo,episode_00008,Aborted,0.0
913,adventuregame,baseline_clp_chat,home_deliver_three_planning_hard_invlimittwo,episode_00008,Success,0.0
914,adventuregame,baseline_clp_chat,home_deliver_three_planning_hard_invlimittwo,episode_00008,Lose,1.0
915,adventuregame,baseline_clp_chat,home_deliver_three_planning_hard_invlimittwo,episode_00008,Main Score,0.0
916,adventuregame,baseline_clp_chat,home_deliver_three_planning_hard_invlimittwo,episode_00008,plan_followed_ratio,0.42857142857142855
917,adventuregame,baseline_clp_chat,home_deliver_three_planning_hard_invlimittwo,episode_00008,plan_average_viability_ratio,0.14285714285714285
918,adventuregame,baseline_clp_chat,home_deliver_three_planning_hard_invlimittwo,episode_00008,bad_plan_follow_ratio,0.14285714285714285
919,adventuregame,baseline_clp_chat,home_deliver_three_planning_hard_invlimittwo,episode_00008,bad_plan_dismiss_ratio,0.8571428571428572
920,adventuregame,baseline_clp_chat,home_deliver_three_planning_hard_invlimittwo,episode_00009,Violated Request Count,0.0
921,adventuregame,baseline_clp_chat,home_deliver_three_planning_hard_invlimittwo,episode_00009,Parsed Request Count,3.0
922,adventuregame,baseline_clp_chat,home_deliver_three_planning_hard_invlimittwo,episode_00009,Request Count,3.0
923,adventuregame,baseline_clp_chat,home_deliver_three_planning_hard_invlimittwo,episode_00009,Request Success Ratio,1.0
924,adventuregame,baseline_clp_chat,home_deliver_three_planning_hard_invlimittwo,episode_00009,hallucination_count,1.0
925,adventuregame,baseline_clp_chat,home_deliver_three_planning_hard_invlimittwo,episode_00009,action_parsing_fail,0.0
926,adventuregame,baseline_clp_chat,home_deliver_three_planning_hard_invlimittwo,episode_00009,action_resolution_fail,0.0
927,adventuregame,baseline_clp_chat,home_deliver_three_planning_hard_invlimittwo,episode_00009,lark_exception,0.0
928,adventuregame,baseline_clp_chat,home_deliver_three_planning_hard_invlimittwo,episode_00009,malformed_command,0.0
929,adventuregame,baseline_clp_chat,home_deliver_three_planning_hard_invlimittwo,episode_00009,undefined_action_verb,0.0
930,adventuregame,baseline_clp_chat,home_deliver_three_planning_hard_invlimittwo,episode_00009,undefined_action,0.0
931,adventuregame,baseline_clp_chat,home_deliver_three_planning_hard_invlimittwo,episode_00009,undefined_repr_str,0.0
932,adventuregame,baseline_clp_chat,home_deliver_three_planning_hard_invlimittwo,episode_00009,manipulating_room,0.0
933,adventuregame,baseline_clp_chat,home_deliver_three_planning_hard_invlimittwo,episode_00009,undefined_argument_type,0.0
934,adventuregame,baseline_clp_chat,home_deliver_three_planning_hard_invlimittwo,episode_00009,taking_from_inventory,0.0
935,adventuregame,baseline_clp_chat,home_deliver_three_planning_hard_invlimittwo,episode_00009,other_room_argument,0.0
936,adventuregame,baseline_clp_chat,home_deliver_three_planning_hard_invlimittwo,episode_00009,domain_trait_type_mismatch,0.0
937,adventuregame,baseline_clp_chat,home_deliver_three_planning_hard_invlimittwo,episode_00009,domain_type_discrepancy,0.0
938,adventuregame,baseline_clp_chat,home_deliver_three_planning_hard_invlimittwo,episode_00009,world_state_discrepancy,0.0
939,adventuregame,baseline_clp_chat,home_deliver_three_planning_hard_invlimittwo,episode_00009,entity_not_accessible,0.0
940,adventuregame,baseline_clp_chat,home_deliver_three_planning_hard_invlimittwo,episode_00009,entity_state_mismatch,0.0
941,adventuregame,baseline_clp_chat,home_deliver_three_planning_hard_invlimittwo,episode_00009,entity_trait_mismatch,0.0
942,adventuregame,baseline_clp_chat,home_deliver_three_planning_hard_invlimittwo,episode_00009,entity_already_inventory,0.0
943,adventuregame,baseline_clp_chat,home_deliver_three_planning_hard_invlimittwo,episode_00009,going_to_current_room,0.0
944,adventuregame,baseline_clp_chat,home_deliver_three_planning_hard_invlimittwo,episode_00009,no_exit_to,0.0
945,adventuregame,baseline_clp_chat,home_deliver_three_planning_hard_invlimittwo,episode_00009,inventory_limit_exceeded,0.0
946,adventuregame,baseline_clp_chat,home_deliver_three_planning_hard_invlimittwo,episode_00009,successful_actions,3.0
947,adventuregame,baseline_clp_chat,home_deliver_three_planning_hard_invlimittwo,episode_00009,turn_limit_loss,0.0
948,adventuregame,baseline_clp_chat,home_deliver_three_planning_hard_invlimittwo,episode_00009,turns_over_par,
949,adventuregame,baseline_clp_chat,home_deliver_three_planning_hard_invlimittwo,episode_00009,turn_ratio,
950,adventuregame,baseline_clp_chat,home_deliver_three_planning_hard_invlimittwo,episode_00009,finish_speed,
951,adventuregame,baseline_clp_chat,home_deliver_three_planning_hard_invlimittwo,episode_00009,achieved_goal_ratio,0.0
952,adventuregame,baseline_clp_chat,home_deliver_three_planning_hard_invlimittwo,episode_00009,Aborted,0.0
953,adventuregame,baseline_clp_chat,home_deliver_three_planning_hard_invlimittwo,episode_00009,Success,0.0
954,adventuregame,baseline_clp_chat,home_deliver_three_planning_hard_invlimittwo,episode_00009,Lose,1.0
955,adventuregame,baseline_clp_chat,home_deliver_three_planning_hard_invlimittwo,episode_00009,Main Score,0.0
956,adventuregame,baseline_clp_chat,home_deliver_three_planning_hard_invlimittwo,episode_00009,plan_followed_ratio,0.3333333333333333
957,adventuregame,baseline_clp_chat,home_deliver_three_planning_hard_invlimittwo,episode_00009,plan_average_viability_ratio,0.6666666666666666
958,adventuregame,baseline_clp_chat,home_deliver_three_planning_hard_invlimittwo,episode_00009,bad_plan_follow_ratio,0.0
959,adventuregame,baseline_clp_chat,home_deliver_three_planning_hard_invlimittwo,episode_00009,bad_plan_dismiss_ratio,1.0
960,clean_up,baseline_clp_chat,0_easy_3obj_en,episode_00001,Request Count,24.0
961,clean_up,baseline_clp_chat,0_easy_3obj_en,episode_00001,Parsed Request Count,24.0
962,clean_up,baseline_clp_chat,0_easy_3obj_en,episode_00001,Violated Request Count,0.0
963,clean_up,baseline_clp_chat,0_easy_3obj_en,episode_00001,Request Success Ratio,1.0
964,clean_up,baseline_clp_chat,0_easy_3obj_en,episode_00001,Aborted,0.0
965,clean_up,baseline_clp_chat,0_easy_3obj_en,episode_00001,Lose,0.0
966,clean_up,baseline_clp_chat,0_easy_3obj_en,episode_00001,Success,1.0
967,clean_up,baseline_clp_chat,0_easy_3obj_en,episode_00001,Distance Score,0.023072188252550585
968,clean_up,baseline_clp_chat,0_easy_3obj_en,episode_00001,Coverage Score,0.0625
969,clean_up,baseline_clp_chat,0_easy_3obj_en,episode_00001,Penalty Score,1.0
970,clean_up,baseline_clp_chat,0_easy_3obj_en,episode_00001,Moves,[]
971,clean_up,baseline_clp_chat,0_easy_3obj_en,episode_00001,Init States,"{'state_1': [{'id': 'C', 'coord': [1, 1]}, {'id': 'L', 'coord': [4, 3]}, {'id': 'P', 'coord': [1, 5]}], 'state_2': [{'id': 'C', 'coord': [4, 1]}, {'id': 'L', 'coord': [1, 1]}, {'id': 'P', 'coord': [6, 7]}]}"
972,clean_up,baseline_clp_chat,0_easy_3obj_en,episode_00001,End States,"{'state_1': [{'id': 'C', 'coord': [1, 1]}, {'id': 'L', 'coord': [4, 3]}, {'id': 'P', 'coord': [1, 5]}], 'state_2': [{'id': 'C', 'coord': [4, 1]}, {'id': 'L', 'coord': [1, 1]}, {'id': 'P', 'coord': [6, 7]}]}"
973,clean_up,baseline_clp_chat,0_easy_3obj_en,episode_00001,Shifts,0
974,clean_up,baseline_clp_chat,0_easy_3obj_en,episode_00001,Max Shifts,4
975,clean_up,baseline_clp_chat,0_easy_3obj_en,episode_00001,Min Shifts,2
976,clean_up,baseline_clp_chat,0_easy_3obj_en,episode_00001,End Distance Sum,11.990716082598492
977,clean_up,baseline_clp_chat,0_easy_3obj_en,episode_00001,Init Distance Sum,11.990716082598492
978,clean_up,baseline_clp_chat,0_easy_3obj_en,episode_00001,Expected Distance Sum,12.570787221094177
979,clean_up,baseline_clp_chat,0_easy_3obj_en,episode_00001,Penalties,0
980,clean_up,baseline_clp_chat,0_easy_3obj_en,episode_00001,Max Penalties,8
981,clean_up,baseline_clp_chat,0_easy_3obj_en,episode_00001,Rounds,12
982,clean_up,baseline_clp_chat,0_easy_3obj_en,episode_00001,Max Rounds,12
983,clean_up,baseline_clp_chat,0_easy_3obj_en,episode_00001,Object Count,3
984,clean_up,baseline_clp_chat,0_easy_3obj_en,episode_00001,Valid Moves,0
985,clean_up,baseline_clp_chat,0_easy_3obj_en,episode_00001,Invalid Moves,0
986,clean_up,baseline_clp_chat,0_easy_3obj_en,episode_00001,Parse Errors,0
987,clean_up,baseline_clp_chat,0_easy_3obj_en,episode_00001,Main Score,2.3072188252550587
988,clean_up,baseline_clp_chat,0_easy_3obj_en,episode_00002,Request Count,24
989,clean_up,baseline_clp_chat,0_easy_3obj_en,episode_00002,Parsed Request Count,24
990,clean_up,baseline_clp_chat,0_easy_3obj_en,episode_00002,Violated Request Count,0
991,clean_up,baseline_clp_chat,0_easy_3obj_en,episode_00002,Request Success Ratio,1.0
992,clean_up,baseline_clp_chat,0_easy_3obj_en,episode_00002,Aborted,0
993,clean_up,baseline_clp_chat,0_easy_3obj_en,episode_00002,Lose,0
994,clean_up,baseline_clp_chat,0_easy_3obj_en,episode_00002,Success,1
995,clean_up,baseline_clp_chat,0_easy_3obj_en,episode_00002,Distance Score,0.202536184366021
996,clean_up,baseline_clp_chat,0_easy_3obj_en,episode_00002,Coverage Score,0.0625
997,clean_up,baseline_clp_chat,0_easy_3obj_en,episode_00002,Penalty Score,1.0
998,clean_up,baseline_clp_chat,0_easy_3obj_en,episode_00002,Moves,[]
999,clean_up,baseline_clp_chat,0_easy_3obj_en,episode_00002,Init States,"{'state_1': [{'id': 'C', 'coord': [6, 7]}, {'id': 'L', 'coord': [3, 4]}, {'id': 'P', 'coord': [3, 3]}], 'state_2': [{'id': 'C', 'coord': [3, 4]}, {'id': 'L', 'coord': [4, 4]}, {'id': 'P', 'coord': [5, 4]}]}"
1000,clean_up,baseline_clp_chat,0_easy_3obj_en,episode_00002,End States,"{'state_1': [{'id': 'C', 'coord': [6, 7]}, {'id': 'L', 'coord': [3, 4]}, {'id': 'P', 'coord': [3, 3]}], 'state_2': [{'id': 'C', 'coord': [3, 4]}, {'id': 'L', 'coord': [4, 4]}, {'id': 'P', 'coord': [5, 4]}]}"
1001,clean_up,baseline_clp_chat,0_easy_3obj_en,episode_00002,Shifts,0
1002,clean_up,baseline_clp_chat,0_easy_3obj_en,episode_00002,Max Shifts,4
1003,clean_up,baseline_clp_chat,0_easy_3obj_en,episode_00002,Min Shifts,2
1004,clean_up,baseline_clp_chat,0_easy_3obj_en,episode_00002,End Distance Sum,7.478708664619075
1005,clean_up,baseline_clp_chat,0_easy_3obj_en,episode_00002,Init Distance Sum,7.478708664619075
1006,clean_up,baseline_clp_chat,0_easy_3obj_en,episode_00002,Expected Distance Sum,12.570787221094177
1007,clean_up,baseline_clp_chat,0_easy_3obj_en,episode_00002,Penalties,0
1008,clean_up,baseline_clp_chat,0_easy_3obj_en,episode_00002,Max Penalties,8
1009,clean_up,baseline_clp_chat,0_easy_3obj_en,episode_00002,Rounds,12
1010,clean_up,baseline_clp_chat,0_easy_3obj_en,episode_00002,Max Rounds,12
1011,clean_up,baseline_clp_chat,0_easy_3obj_en,episode_00002,Object Count,3
1012,clean_up,baseline_clp_chat,0_easy_3obj_en,episode_00002,Valid Moves,0
1013,clean_up,baseline_clp_chat,0_easy_3obj_en,episode_00002,Invalid Moves,0
1014,clean_up,baseline_clp_chat,0_easy_3obj_en,episode_00002,Parse Errors,0
1015,clean_up,baseline_clp_chat,0_easy_3obj_en,episode_00002,Main Score,20.2536184366021
1016,clean_up,baseline_clp_chat,0_easy_5obj_en,episode_00003,Request Count,40
1017,clean_up,baseline_clp_chat,0_easy_5obj_en,episode_00003,Parsed Request Count,40
1018,clean_up,baseline_clp_chat,0_easy_5obj_en,episode_00003,Violated Request Count,0
1019,clean_up,baseline_clp_chat,0_easy_5obj_en,episode_00003,Request Success Ratio,1.0
1020,clean_up,baseline_clp_chat,0_easy_5obj_en,episode_00003,Aborted,0
1021,clean_up,baseline_clp_chat,0_easy_5obj_en,episode_00003,Lose,0
1022,clean_up,baseline_clp_chat,0_easy_5obj_en,episode_00003,Success,1
1023,clean_up,baseline_clp_chat,0_easy_5obj_en,episode_00003,Distance Score,0.15520868283306577
1024,clean_up,baseline_clp_chat,0_easy_5obj_en,episode_00003,Coverage Score,0.027777777777777776
1025,clean_up,baseline_clp_chat,0_easy_5obj_en,episode_00003,Penalty Score,1.0
1026,clean_up,baseline_clp_chat,0_easy_5obj_en,episode_00003,Moves,[]
1027,clean_up,baseline_clp_chat,0_easy_5obj_en,episode_00003,Init States,"{'state_1': [{'id': 'W', 'coord': [2, 5]}, {'id': 'I', 'coord': [3, 7]}, {'id': 'T', 'coord': [6, 7]}, {'id': 'C', 'coord': [7, 2]}, {'id': 'H', 'coord': [5, 4]}], 'state_2': [{'id': 'W', 'coord': [2, 6]}, {'id': 'I', 'coord': [4, 3]}, {'id': 'T', 'coord': [4, 1]}, {'id': 'C', 'coord': [7, 3]}, {'id': 'H', 'coord': [5, 6]}]}"
1028,clean_up,baseline_clp_chat,0_easy_5obj_en,episode_00003,End States,"{'state_1': [{'id': 'W', 'coord': [2, 5]}, {'id': 'I', 'coord': [3, 7]}, {'id': 'T', 'coord': [6, 7]}, {'id': 'C', 'coord': [7, 2]}, {'id': 'H', 'coord': [5, 4]}], 'state_2': [{'id': 'W', 'coord': [2, 6]}, {'id': 'I', 'coord': [4, 3]}, {'id': 'T', 'coord': [4, 1]}, {'id': 'C', 'coord': [7, 3]}, {'id': 'H', 'coord': [5, 6]}]}"
1029,clean_up,baseline_clp_chat,0_easy_5obj_en,episode_00003,Shifts,0
1030,clean_up,baseline_clp_chat,0_easy_5obj_en,episode_00003,Max Shifts,8
1031,clean_up,baseline_clp_chat,0_easy_5obj_en,episode_00003,Min Shifts,4
1032,clean_up,baseline_clp_chat,0_easy_5obj_en,episode_00003,End Distance Sum,14.44766094595442
1033,clean_up,baseline_clp_chat,0_easy_5obj_en,episode_00003,Init Distance Sum,14.44766094595442
1034,clean_up,baseline_clp_chat,0_easy_5obj_en,episode_00003,Expected Distance Sum,20.95131203515696
1035,clean_up,baseline_clp_chat,0_easy_5obj_en,episode_00003,Penalties,0
1036,clean_up,baseline_clp_chat,0_easy_5obj_en,episode_00003,Max Penalties,12
1037,clean_up,baseline_clp_chat,0_easy_5obj_en,episode_00003,Rounds,20
1038,clean_up,baseline_clp_chat,0_easy_5obj_en,episode_00003,Max Rounds,20
1039,clean_up,baseline_clp_chat,0_easy_5obj_en,episode_00003,Object Count,5
1040,clean_up,baseline_clp_chat,0_easy_5obj_en,episode_00003,Valid Moves,0
1041,clean_up,baseline_clp_chat,0_easy_5obj_en,episode_00003,Invalid Moves,0
1042,clean_up,baseline_clp_chat,0_easy_5obj_en,episode_00003,Parse Errors,0
1043,clean_up,baseline_clp_chat,0_easy_5obj_en,episode_00003,Main Score,15.520868283306577
1044,clean_up,baseline_clp_chat,0_easy_5obj_en,episode_00004,Request Count,40
1045,clean_up,baseline_clp_chat,0_easy_5obj_en,episode_00004,Parsed Request Count,40
1046,clean_up,baseline_clp_chat,0_easy_5obj_en,episode_00004,Violated Request Count,0
1047,clean_up,baseline_clp_chat,0_easy_5obj_en,episode_00004,Request Success Ratio,1.0
1048,clean_up,baseline_clp_chat,0_easy_5obj_en,episode_00004,Aborted,0
1049,clean_up,baseline_clp_chat,0_easy_5obj_en,episode_00004,Lose,0
1050,clean_up,baseline_clp_chat,0_easy_5obj_en,episode_00004,Success,1
1051,clean_up,baseline_clp_chat,0_easy_5obj_en,episode_00004,Distance Score,0.11806933889684051
1052,clean_up,baseline_clp_chat,0_easy_5obj_en,episode_00004,Coverage Score,0.027777777777777776
1053,clean_up,baseline_clp_chat,0_easy_5obj_en,episode_00004,Penalty Score,1.0
1054,clean_up,baseline_clp_chat,0_easy_5obj_en,episode_00004,Moves,[]
1055,clean_up,baseline_clp_chat,0_easy_5obj_en,episode_00004,Init States,"{'state_1': [{'id': 'W', 'coord': [1, 7]}, {'id': 'I', 'coord': [5, 5]}, {'id': 'T', 'coord': [2, 2]}, {'id': 'C', 'coord': [5, 4]}, {'id': 'H', 'coord': [5, 1]}], 'state_2': [{'id': 'W', 'coord': [7, 7]}, {'id': 'I', 'coord': [6, 5]}, {'id': 'T', 'coord': [4, 5]}, {'id': 'C', 'coord': [4, 2]}, {'id': 'H', 'coord': [4, 4]}]}"
1056,clean_up,baseline_clp_chat,0_easy_5obj_en,episode_00004,End States,"{'state_1': [{'id': 'W', 'coord': [1, 7]}, {'id': 'I', 'coord': [5, 5]}, {'id': 'T', 'coord': [2, 2]}, {'id': 'C', 'coord': [5, 4]}, {'id': 'H', 'coord': [5, 1]}], 'state_2': [{'id': 'W', 'coord': [7, 7]}, {'id': 'I', 'coord': [6, 5]}, {'id': 'T', 'coord': [4, 5]}, {'id': 'C', 'coord': [4, 2]}, {'id': 'H', 'coord': [4, 4]}]}"
1057,clean_up,baseline_clp_chat,0_easy_5obj_en,episode_00004,Shifts,0
1058,clean_up,baseline_clp_chat,0_easy_5obj_en,episode_00004,Max Shifts,8
1059,clean_up,baseline_clp_chat,0_easy_5obj_en,episode_00004,Min Shifts,4
1060,clean_up,baseline_clp_chat,0_easy_5obj_en,episode_00004,End Distance Sum,16.00389691313216
1061,clean_up,baseline_clp_chat,0_easy_5obj_en,episode_00004,Init Distance Sum,16.00389691313216
1062,clean_up,baseline_clp_chat,0_easy_5obj_en,episode_00004,Expected Distance Sum,20.95131203515696
1063,clean_up,baseline_clp_chat,0_easy_5obj_en,episode_00004,Penalties,0
1064,clean_up,baseline_clp_chat,0_easy_5obj_en,episode_00004,Max Penalties,12
1065,clean_up,baseline_clp_chat,0_easy_5obj_en,episode_00004,Rounds,20
1066,clean_up,baseline_clp_chat,0_easy_5obj_en,episode_00004,Max Rounds,20
1067,clean_up,baseline_clp_chat,0_easy_5obj_en,episode_00004,Object Count,5
1068,clean_up,baseline_clp_chat,0_easy_5obj_en,episode_00004,Valid Moves,0
1069,clean_up,baseline_clp_chat,0_easy_5obj_en,episode_00004,Invalid Moves,0
1070,clean_up,baseline_clp_chat,0_easy_5obj_en,episode_00004,Parse Errors,0
1071,clean_up,baseline_clp_chat,0_easy_5obj_en,episode_00004,Main Score,11.806933889684052
1072,clean_up,baseline_clp_chat,0_easy_7obj_en,episode_00005,Request Count,56
1073,clean_up,baseline_clp_chat,0_easy_7obj_en,episode_00005,Parsed Request Count,56
1074,clean_up,baseline_clp_chat,0_easy_7obj_en,episode_00005,Violated Request Count,0
1075,clean_up,baseline_clp_chat,0_easy_7obj_en,episode_00005,Request Success Ratio,1.0
1076,clean_up,baseline_clp_chat,0_easy_7obj_en,episode_00005,Aborted,0
1077,clean_up,baseline_clp_chat,0_easy_7obj_en,episode_00005,Lose,0
1078,clean_up,baseline_clp_chat,0_easy_7obj_en,episode_00005,Success,1
1079,clean_up,baseline_clp_chat,0_easy_7obj_en,episode_00005,Distance Score,0.17637587390899812
1080,clean_up,baseline_clp_chat,0_easy_7obj_en,episode_00005,Coverage Score,0.015625
1081,clean_up,baseline_clp_chat,0_easy_7obj_en,episode_00005,Penalty Score,1.0
1082,clean_up,baseline_clp_chat,0_easy_7obj_en,episode_00005,Moves,[]
1083,clean_up,baseline_clp_chat,0_easy_7obj_en,episode_00005,Init States,"{'state_1': [{'id': 'P', 'coord': [6, 7]}, {'id': 'O', 'coord': [7, 6]}, {'id': 'T', 'coord': [2, 1]}, {'id': 'S', 'coord': [4, 6]}, {'id': 'D', 'coord': [7, 2]}, {'id': 'A', 'coord': [5, 4]}, {'id': 'M', 'coord': [3, 6]}], 'state_2': [{'id': 'P', 'coord': [7, 3]}, {'id': 'O', 'coord': [7, 5]}, {'id': 'T', 'coord': [1, 5]}, {'id': 'S', 'coord': [3, 5]}, {'id': 'D', 'coord': [4, 1]}, {'id': 'A', 'coord': [5, 6]}, {'id': 'M', 'coord': [6, 7]}]}"
1084,clean_up,baseline_clp_chat,0_easy_7obj_en,episode_00005,End States,"{'state_1': [{'id': 'P', 'coord': [6, 7]}, {'id': 'O', 'coord': [7, 6]}, {'id': 'T', 'coord': [2, 1]}, {'id': 'S', 'coord': [4, 6]}, {'id': 'D', 'coord': [7, 2]}, {'id': 'A', 'coord': [5, 4]}, {'id': 'M', 'coord': [3, 6]}], 'state_2': [{'id': 'P', 'coord': [7, 3]}, {'id': 'O', 'coord': [7, 5]}, {'id': 'T', 'coord': [1, 5]}, {'id': 'S', 'coord': [3, 5]}, {'id': 'D', 'coord': [4, 1]}, {'id': 'A', 'coord': [5, 6]}, {'id': 'M', 'coord': [6, 7]}]}"
1085,clean_up,baseline_clp_chat,0_easy_7obj_en,episode_00005,Shifts,0
1086,clean_up,baseline_clp_chat,0_easy_7obj_en,episode_00005,Max Shifts,12
1087,clean_up,baseline_clp_chat,0_easy_7obj_en,episode_00005,Min Shifts,6
1088,clean_up,baseline_clp_chat,0_easy_7obj_en,episode_00005,End Distance Sum,18.984980133945175
1089,clean_up,baseline_clp_chat,0_easy_7obj_en,episode_00005,Init Distance Sum,18.984980133945175
1090,clean_up,baseline_clp_chat,0_easy_7obj_en,episode_00005,Expected Distance Sum,29.331836849219748
1091,clean_up,baseline_clp_chat,0_easy_7obj_en,episode_00005,Penalties,0
1092,clean_up,baseline_clp_chat,0_easy_7obj_en,episode_00005,Max Penalties,16
1093,clean_up,baseline_clp_chat,0_easy_7obj_en,episode_00005,Rounds,28
1094,clean_up,baseline_clp_chat,0_easy_7obj_en,episode_00005,Max Rounds,28
1095,clean_up,baseline_clp_chat,0_easy_7obj_en,episode_00005,Object Count,7
1096,clean_up,baseline_clp_chat,0_easy_7obj_en,episode_00005,Valid Moves,0
1097,clean_up,baseline_clp_chat,0_easy_7obj_en,episode_00005,Invalid Moves,0
1098,clean_up,baseline_clp_chat,0_easy_7obj_en,episode_00005,Parse Errors,0
1099,clean_up,baseline_clp_chat,0_easy_7obj_en,episode_00005,Main Score,17.63758739089981
1100,clean_up,baseline_clp_chat,0_easy_7obj_en,episode_00006,Request Count,56
1101,clean_up,baseline_clp_chat,0_easy_7obj_en,episode_00006,Parsed Request Count,56
1102,clean_up,baseline_clp_chat,0_easy_7obj_en,episode_00006,Violated Request Count,0
1103,clean_up,baseline_clp_chat,0_easy_7obj_en,episode_00006,Request Success Ratio,1.0
1104,clean_up,baseline_clp_chat,0_easy_7obj_en,episode_00006,Aborted,0
1105,clean_up,baseline_clp_chat,0_easy_7obj_en,episode_00006,Lose,1
1106,clean_up,baseline_clp_chat,0_easy_7obj_en,episode_00006,Success,1
1107,clean_up,baseline_clp_chat,0_easy_7obj_en,episode_00006,Distance Score,0
1108,clean_up,baseline_clp_chat,0_easy_7obj_en,episode_00006,Coverage Score,0.015625
1109,clean_up,baseline_clp_chat,0_easy_7obj_en,episode_00006,Penalty Score,1.0
1110,clean_up,baseline_clp_chat,0_easy_7obj_en,episode_00006,Moves,[]
1111,clean_up,baseline_clp_chat,0_easy_7obj_en,episode_00006,Init States,"{'state_1': [{'id': 'P', 'coord': [3, 1]}, {'id': 'O', 'coord': [6, 5]}, {'id': 'T', 'coord': [6, 3]}, {'id': 'S', 'coord': [5, 2]}, {'id': 'D', 'coord': [5, 7]}, {'id': 'A', 'coord': [1, 1]}, {'id': 'M', 'coord': [4, 2]}], 'state_2': [{'id': 'P', 'coord': [4, 7]}, {'id': 'O', 'coord': [2, 2]}, {'id': 'T', 'coord': [3, 1]}, {'id': 'S', 'coord': [2, 1]}, {'id': 'D', 'coord': [4, 2]}, {'id': 'A', 'coord': [7, 3]}, {'id': 'M', 'coord': [4, 5]}]}"
1112,clean_up,baseline_clp_chat,0_easy_7obj_en,episode_00006,End States,"{'state_1': [{'id': 'P', 'coord': [3, 1]}, {'id': 'O', 'coord': [6, 5]}, {'id': 'T', 'coord': [6, 3]}, {'id': 'S', 'coord': [5, 2]}, {'id': 'D', 'coord': [5, 7]}, {'id': 'A', 'coord': [1, 1]}, {'id': 'M', 'coord': [4, 2]}], 'state_2': [{'id': 'P', 'coord': [4, 7]}, {'id': 'O', 'coord': [2, 2]}, {'id': 'T', 'coord': [3, 1]}, {'id': 'S', 'coord': [2, 1]}, {'id': 'D', 'coord': [4, 2]}, {'id': 'A', 'coord': [7, 3]}, {'id': 'M', 'coord': [4, 5]}]}"
1113,clean_up,baseline_clp_chat,0_easy_7obj_en,episode_00006,Shifts,0
1114,clean_up,baseline_clp_chat,0_easy_7obj_en,episode_00006,Max Shifts,12
1115,clean_up,baseline_clp_chat,0_easy_7obj_en,episode_00006,Min Shifts,6
1116,clean_up,baseline_clp_chat,0_easy_7obj_en,episode_00006,End Distance Sum,32.27416629986013
1117,clean_up,baseline_clp_chat,0_easy_7obj_en,episode_00006,Init Distance Sum,32.27416629986013
1118,clean_up,baseline_clp_chat,0_easy_7obj_en,episode_00006,Expected Distance Sum,29.331836849219748
1119,clean_up,baseline_clp_chat,0_easy_7obj_en,episode_00006,Penalties,0
1120,clean_up,baseline_clp_chat,0_easy_7obj_en,episode_00006,Max Penalties,16
1121,clean_up,baseline_clp_chat,0_easy_7obj_en,episode_00006,Rounds,28
1122,clean_up,baseline_clp_chat,0_easy_7obj_en,episode_00006,Max Rounds,28
1123,clean_up,baseline_clp_chat,0_easy_7obj_en,episode_00006,Object Count,7
1124,clean_up,baseline_clp_chat,0_easy_7obj_en,episode_00006,Valid Moves,0
1125,clean_up,baseline_clp_chat,0_easy_7obj_en,episode_00006,Invalid Moves,0
1126,clean_up,baseline_clp_chat,0_easy_7obj_en,episode_00006,Parse Errors,0
1127,clean_up,baseline_clp_chat,0_easy_7obj_en,episode_00006,Main Score,0.0
1128,clean_up,baseline_clp_chat,1_medium_3obj_en,episode_00007,Request Count,24
1129,clean_up,baseline_clp_chat,1_medium_3obj_en,episode_00007,Parsed Request Count,24
1130,clean_up,baseline_clp_chat,1_medium_3obj_en,episode_00007,Violated Request Count,0
1131,clean_up,baseline_clp_chat,1_medium_3obj_en,episode_00007,Request Success Ratio,1.0
1132,clean_up,baseline_clp_chat,1_medium_3obj_en,episode_00007,Aborted,0
1133,clean_up,baseline_clp_chat,1_medium_3obj_en,episode_00007,Lose,0
1134,clean_up,baseline_clp_chat,1_medium_3obj_en,episode_00007,Success,1
1135,clean_up,baseline_clp_chat,1_medium_3obj_en,episode_00007,Distance Score,0.2215767049077969
1136,clean_up,baseline_clp_chat,1_medium_3obj_en,episode_00007,Coverage Score,0.0625
1137,clean_up,baseline_clp_chat,1_medium_3obj_en,episode_00007,Penalty Score,1.0
1138,clean_up,baseline_clp_chat,1_medium_3obj_en,episode_00007,Moves,[]
1139,clean_up,baseline_clp_chat,1_medium_3obj_en,episode_00007,Init States,"{'state_1': [{'id': 'C', 'coord': [5, 1]}, {'id': 'L', 'coord': [4, 6]}, {'id': 'P', 'coord': [1, 2]}], 'state_2': [{'id': 'C', 'coord': [5, 4]}, {'id': 'L', 'coord': [7, 6]}, {'id': 'P', 'coord': [2, 2]}]}"
1140,clean_up,baseline_clp_chat,1_medium_3obj_en,episode_00007,End States,"{'state_1': [{'id': 'C', 'coord': [5, 1]}, {'id': 'L', 'coord': [4, 6]}, {'id': 'P', 'coord': [1, 2]}], 'state_2': [{'id': 'C', 'coord': [5, 4]}, {'id': 'L', 'coord': [7, 6]}, {'id': 'P', 'coord': [2, 2]}]}"
1141,clean_up,baseline_clp_chat,1_medium_3obj_en,episode_00007,Shifts,0
1142,clean_up,baseline_clp_chat,1_medium_3obj_en,episode_00007,Max Shifts,4
1143,clean_up,baseline_clp_chat,1_medium_3obj_en,episode_00007,Min Shifts,2
1144,clean_up,baseline_clp_chat,1_medium_3obj_en,episode_00007,End Distance Sum,7.0
1145,clean_up,baseline_clp_chat,1_medium_3obj_en,episode_00007,Init Distance Sum,7.0
1146,clean_up,baseline_clp_chat,1_medium_3obj_en,episode_00007,Expected Distance Sum,12.570787221094177
1147,clean_up,baseline_clp_chat,1_medium_3obj_en,episode_00007,Penalties,0
1148,clean_up,baseline_clp_chat,1_medium_3obj_en,episode_00007,Max Penalties,8
1149,clean_up,baseline_clp_chat,1_medium_3obj_en,episode_00007,Rounds,12
1150,clean_up,baseline_clp_chat,1_medium_3obj_en,episode_00007,Max Rounds,12
1151,clean_up,baseline_clp_chat,1_medium_3obj_en,episode_00007,Object Count,3
1152,clean_up,baseline_clp_chat,1_medium_3obj_en,episode_00007,Valid Moves,0
1153,clean_up,baseline_clp_chat,1_medium_3obj_en,episode_00007,Invalid Moves,0
1154,clean_up,baseline_clp_chat,1_medium_3obj_en,episode_00007,Parse Errors,0
1155,clean_up,baseline_clp_chat,1_medium_3obj_en,episode_00007,Main Score,22.15767049077969
1156,clean_up,baseline_clp_chat,1_medium_3obj_en,episode_00008,Request Count,24
1157,clean_up,baseline_clp_chat,1_medium_3obj_en,episode_00008,Parsed Request Count,24
1158,clean_up,baseline_clp_chat,1_medium_3obj_en,episode_00008,Violated Request Count,0
1159,clean_up,baseline_clp_chat,1_medium_3obj_en,episode_00008,Request Success Ratio,1.0
1160,clean_up,baseline_clp_chat,1_medium_3obj_en,episode_00008,Aborted,0
1161,clean_up,baseline_clp_chat,1_medium_3obj_en,episode_00008,Lose,0
1162,clean_up,baseline_clp_chat,1_medium_3obj_en,episode_00008,Success,1
1163,clean_up,baseline_clp_chat,1_medium_3obj_en,episode_00008,Distance Score,0.25196191504079113
1164,clean_up,baseline_clp_chat,1_medium_3obj_en,episode_00008,Coverage Score,0.0625
1165,clean_up,baseline_clp_chat,1_medium_3obj_en,episode_00008,Penalty Score,1.0
1166,clean_up,baseline_clp_chat,1_medium_3obj_en,episode_00008,Moves,[]
1167,clean_up,baseline_clp_chat,1_medium_3obj_en,episode_00008,Init States,"{'state_1': [{'id': 'C', 'coord': [3, 4]}, {'id': 'L', 'coord': [7, 4]}, {'id': 'P', 'coord': [3, 7]}], 'state_2': [{'id': 'C', 'coord': [1, 3]}, {'id': 'L', 'coord': [7, 7]}, {'id': 'P', 'coord': [3, 6]}]}"
1168,clean_up,baseline_clp_chat,1_medium_3obj_en,episode_00008,End States,"{'state_1': [{'id': 'C', 'coord': [3, 4]}, {'id': 'L', 'coord': [7, 4]}, {'id': 'P', 'coord': [3, 7]}], 'state_2': [{'id': 'C', 'coord': [1, 3]}, {'id': 'L', 'coord': [7, 7]}, {'id': 'P', 'coord': [3, 6]}]}"
1169,clean_up,baseline_clp_chat,1_medium_3obj_en,episode_00008,Shifts,0
1170,clean_up,baseline_clp_chat,1_medium_3obj_en,episode_00008,Max Shifts,4
1171,clean_up,baseline_clp_chat,1_medium_3obj_en,episode_00008,Min Shifts,2
1172,clean_up,baseline_clp_chat,1_medium_3obj_en,episode_00008,End Distance Sum,6.23606797749979
1173,clean_up,baseline_clp_chat,1_medium_3obj_en,episode_00008,Init Distance Sum,6.23606797749979
1174,clean_up,baseline_clp_chat,1_medium_3obj_en,episode_00008,Expected Distance Sum,12.570787221094177
1175,clean_up,baseline_clp_chat,1_medium_3obj_en,episode_00008,Penalties,0
1176,clean_up,baseline_clp_chat,1_medium_3obj_en,episode_00008,Max Penalties,8
1177,clean_up,baseline_clp_chat,1_medium_3obj_en,episode_00008,Rounds,12
1178,clean_up,baseline_clp_chat,1_medium_3obj_en,episode_00008,Max Rounds,12
1179,clean_up,baseline_clp_chat,1_medium_3obj_en,episode_00008,Object Count,3
1180,clean_up,baseline_clp_chat,1_medium_3obj_en,episode_00008,Valid Moves,0
1181,clean_up,baseline_clp_chat,1_medium_3obj_en,episode_00008,Invalid Moves,0
1182,clean_up,baseline_clp_chat,1_medium_3obj_en,episode_00008,Parse Errors,0
1183,clean_up,baseline_clp_chat,1_medium_3obj_en,episode_00008,Main Score,25.196191504079113
1184,clean_up,baseline_clp_chat,1_medium_5obj_en,episode_00009,Request Count,14
1185,clean_up,baseline_clp_chat,1_medium_5obj_en,episode_00009,Parsed Request Count,1
1186,clean_up,baseline_clp_chat,1_medium_5obj_en,episode_00009,Violated Request Count,13
1187,clean_up,baseline_clp_chat,1_medium_5obj_en,episode_00009,Request Success Ratio,0.07142857142857142
1188,clean_up,baseline_clp_chat,1_medium_5obj_en,episode_00009,Aborted,1
1189,clean_up,baseline_clp_chat,1_medium_5obj_en,episode_00009,Lose,1
1190,clean_up,baseline_clp_chat,1_medium_5obj_en,episode_00009,Success,0
1191,clean_up,baseline_clp_chat,1_medium_5obj_en,episode_00009,Distance Score,0.1726136486532422
1192,clean_up,baseline_clp_chat,1_medium_5obj_en,episode_00009,Coverage Score,0.027777777777777776
1193,clean_up,baseline_clp_chat,1_medium_5obj_en,episode_00009,Penalty Score,0.40909090909090917
1194,clean_up,baseline_clp_chat,1_medium_5obj_en,episode_00009,Moves,[]
1195,clean_up,baseline_clp_chat,1_medium_5obj_en,episode_00009,Init States,"{'state_1': [{'id': 'W', 'coord': [7, 7]}, {'id': 'I', 'coord': [5, 4]}, {'id': 'T', 'coord': [3, 6]}, {'id': 'C', 'coord': [4, 6]}, {'id': 'H', 'coord': [7, 3]}], 'state_2': [{'id': 'W', 'coord': [5, 6]}, {'id': 'I', 'coord': [5, 5]}, {'id': 'T', 'coord': [2, 2]}, {'id': 'C', 'coord': [3, 4]}, {'id': 'H', 'coord': [6, 7]}]}"
1196,clean_up,baseline_clp_chat,1_medium_5obj_en,episode_00009,End States,"{'state_1': [{'id': 'W', 'coord': [7, 7]}, {'id': 'I', 'coord': [5, 4]}, {'id': 'T', 'coord': [3, 6]}, {'id': 'C', 'coord': [4, 6]}, {'id': 'H', 'coord': [7, 3]}], 'state_2': [{'id': 'W', 'coord': [5, 6]}, {'id': 'I', 'coord': [5, 5]}, {'id': 'T', 'coord': [2, 2]}, {'id': 'C', 'coord': [3, 4]}, {'id': 'H', 'coord': [6, 7]}]}"
1197,clean_up,baseline_clp_chat,1_medium_5obj_en,episode_00009,Shifts,0
1198,clean_up,baseline_clp_chat,1_medium_5obj_en,episode_00009,Max Shifts,8
1199,clean_up,baseline_clp_chat,1_medium_5obj_en,episode_00009,Min Shifts,4
1200,clean_up,baseline_clp_chat,1_medium_5obj_en,episode_00009,End Distance Sum,13.718347206234903
1201,clean_up,baseline_clp_chat,1_medium_5obj_en,episode_00009,Init Distance Sum,13.718347206234903
1202,clean_up,baseline_clp_chat,1_medium_5obj_en,episode_00009,Expected Distance Sum,20.95131203515696
1203,clean_up,baseline_clp_chat,1_medium_5obj_en,episode_00009,Penalties,13
1204,clean_up,baseline_clp_chat,1_medium_5obj_en,episode_00009,Max Penalties,12
1205,clean_up,baseline_clp_chat,1_medium_5obj_en,episode_00009,Rounds,0
1206,clean_up,baseline_clp_chat,1_medium_5obj_en,episode_00009,Max Rounds,20
1207,clean_up,baseline_clp_chat,1_medium_5obj_en,episode_00009,Object Count,5
1208,clean_up,baseline_clp_chat,1_medium_5obj_en,episode_00009,Valid Moves,0
1209,clean_up,baseline_clp_chat,1_medium_5obj_en,episode_00009,Invalid Moves,0
1210,clean_up,baseline_clp_chat,1_medium_5obj_en,episode_00009,Parse Errors,13
1211,clean_up,baseline_clp_chat,1_medium_5obj_en,episode_00009,Main Score,
1212,clean_up,baseline_clp_chat,1_medium_5obj_en,episode_00010,Request Count,14
1213,clean_up,baseline_clp_chat,1_medium_5obj_en,episode_00010,Parsed Request Count,1
1214,clean_up,baseline_clp_chat,1_medium_5obj_en,episode_00010,Violated Request Count,13
1215,clean_up,baseline_clp_chat,1_medium_5obj_en,episode_00010,Request Success Ratio,0.07142857142857142
1216,clean_up,baseline_clp_chat,1_medium_5obj_en,episode_00010,Aborted,1
1217,clean_up,baseline_clp_chat,1_medium_5obj_en,episode_00010,Lose,1
1218,clean_up,baseline_clp_chat,1_medium_5obj_en,episode_00010,Success,0
1219,clean_up,baseline_clp_chat,1_medium_5obj_en,episode_00010,Distance Score,0.04383194611669278
1220,clean_up,baseline_clp_chat,1_medium_5obj_en,episode_00010,Coverage Score,0.027777777777777776
1221,clean_up,baseline_clp_chat,1_medium_5obj_en,episode_00010,Penalty Score,0.40909090909090917
1222,clean_up,baseline_clp_chat,1_medium_5obj_en,episode_00010,Moves,[]
1223,clean_up,baseline_clp_chat,1_medium_5obj_en,episode_00010,Init States,"{'state_1': [{'id': 'W', 'coord': [4, 1]}, {'id': 'I', 'coord': [4, 7]}, {'id': 'T', 'coord': [5, 3]}, {'id': 'C', 'coord': [2, 7]}, {'id': 'H', 'coord': [4, 3]}], 'state_2': [{'id': 'W', 'coord': [6, 6]}, {'id': 'I', 'coord': [1, 6]}, {'id': 'T', 'coord': [3, 1]}, {'id': 'C', 'coord': [4, 1]}, {'id': 'H', 'coord': [5, 4]}]}"
1224,clean_up,baseline_clp_chat,1_medium_5obj_en,episode_00010,End States,"{'state_1': [{'id': 'W', 'coord': [4, 1]}, {'id': 'I', 'coord': [4, 7]}, {'id': 'T', 'coord': [5, 3]}, {'id': 'C', 'coord': [2, 7]}, {'id': 'H', 'coord': [4, 3]}], 'state_2': [{'id': 'W', 'coord': [6, 6]}, {'id': 'I', 'coord': [1, 6]}, {'id': 'T', 'coord': [3, 1]}, {'id': 'C', 'coord': [4, 1]}, {'id': 'H', 'coord': [5, 4]}]}"
1225,clean_up,baseline_clp_chat,1_medium_5obj_en,episode_00010,Shifts,0
1226,clean_up,baseline_clp_chat,1_medium_5obj_en,episode_00010,Max Shifts,8
1227,clean_up,baseline_clp_chat,1_medium_5obj_en,episode_00010,Min Shifts,4
1228,clean_up,baseline_clp_chat,1_medium_5obj_en,episode_00010,End Distance Sum,19.114638474758927
1229,clean_up,baseline_clp_chat,1_medium_5obj_en,episode_00010,Init Distance Sum,19.114638474758927
1230,clean_up,baseline_clp_chat,1_medium_5obj_en,episode_00010,Expected Distance Sum,20.95131203515696
1231,clean_up,baseline_clp_chat,1_medium_5obj_en,episode_00010,Penalties,13
1232,clean_up,baseline_clp_chat,1_medium_5obj_en,episode_00010,Max Penalties,12
1233,clean_up,baseline_clp_chat,1_medium_5obj_en,episode_00010,Rounds,0
1234,clean_up,baseline_clp_chat,1_medium_5obj_en,episode_00010,Max Rounds,20
1235,clean_up,baseline_clp_chat,1_medium_5obj_en,episode_00010,Object Count,5
1236,clean_up,baseline_clp_chat,1_medium_5obj_en,episode_00010,Valid Moves,0
1237,clean_up,baseline_clp_chat,1_medium_5obj_en,episode_00010,Invalid Moves,0
1238,clean_up,baseline_clp_chat,1_medium_5obj_en,episode_00010,Parse Errors,13
1239,clean_up,baseline_clp_chat,1_medium_5obj_en,episode_00010,Main Score,
1240,clean_up,baseline_clp_chat,1_medium_7obj_en,episode_00011,Request Count,56
1241,clean_up,baseline_clp_chat,1_medium_7obj_en,episode_00011,Parsed Request Count,56
1242,clean_up,baseline_clp_chat,1_medium_7obj_en,episode_00011,Violated Request Count,0
1243,clean_up,baseline_clp_chat,1_medium_7obj_en,episode_00011,Request Success Ratio,1.0
1244,clean_up,baseline_clp_chat,1_medium_7obj_en,episode_00011,Aborted,0
1245,clean_up,baseline_clp_chat,1_medium_7obj_en,episode_00011,Lose,0
1246,clean_up,baseline_clp_chat,1_medium_7obj_en,episode_00011,Success,1
1247,clean_up,baseline_clp_chat,1_medium_7obj_en,episode_00011,Distance Score,0.19376747574778436
1248,clean_up,baseline_clp_chat,1_medium_7obj_en,episode_00011,Coverage Score,0.015625
1249,clean_up,baseline_clp_chat,1_medium_7obj_en,episode_00011,Penalty Score,1.0
1250,clean_up,baseline_clp_chat,1_medium_7obj_en,episode_00011,Moves,[]
1251,clean_up,baseline_clp_chat,1_medium_7obj_en,episode_00011,Init States,"{'state_1': [{'id': 'P', 'coord': [5, 6]}, {'id': 'O', 'coord': [1, 2]}, {'id': 'T', 'coord': [1, 5]}, {'id': 'S', 'coord': [7, 1]}, {'id': 'D', 'coord': [1, 6]}, {'id': 'A', 'coord': [1, 4]}, {'id': 'M', 'coord': [4, 7]}], 'state_2': [{'id': 'P', 'coord': [5, 7]}, {'id': 'O', 'coord': [3, 1]}, {'id': 'T', 'coord': [1, 6]}, {'id': 'S', 'coord': [7, 3]}, {'id': 'D', 'coord': [1, 2]}, {'id': 'A', 'coord': [5, 5]}, {'id': 'M', 'coord': [1, 5]}]}"
1252,clean_up,baseline_clp_chat,1_medium_7obj_en,episode_00011,End States,"{'state_1': [{'id': 'P', 'coord': [5, 6]}, {'id': 'O', 'coord': [1, 2]}, {'id': 'T', 'coord': [1, 5]}, {'id': 'S', 'coord': [7, 1]}, {'id': 'D', 'coord': [1, 6]}, {'id': 'A', 'coord': [1, 4]}, {'id': 'M', 'coord': [4, 7]}], 'state_2': [{'id': 'P', 'coord': [5, 7]}, {'id': 'O', 'coord': [3, 1]}, {'id': 'T', 'coord': [1, 6]}, {'id': 'S', 'coord': [7, 3]}, {'id': 'D', 'coord': [1, 2]}, {'id': 'A', 'coord': [5, 5]}, {'id': 'M', 'coord': [1, 5]}]}"
1253,clean_up,baseline_clp_chat,1_medium_7obj_en,episode_00011,Shifts,0
1254,clean_up,baseline_clp_chat,1_medium_7obj_en,episode_00011,Max Shifts,12
1255,clean_up,baseline_clp_chat,1_medium_7obj_en,episode_00011,Min Shifts,6
1256,clean_up,baseline_clp_chat,1_medium_7obj_en,episode_00011,End Distance Sum,17.96472487858144
1257,clean_up,baseline_clp_chat,1_medium_7obj_en,episode_00011,Init Distance Sum,17.96472487858144
1258,clean_up,baseline_clp_chat,1_medium_7obj_en,episode_00011,Expected Distance Sum,29.331836849219748
1259,clean_up,baseline_clp_chat,1_medium_7obj_en,episode_00011,Penalties,0
1260,clean_up,baseline_clp_chat,1_medium_7obj_en,episode_00011,Max Penalties,16
1261,clean_up,baseline_clp_chat,1_medium_7obj_en,episode_00011,Rounds,28
1262,clean_up,baseline_clp_chat,1_medium_7obj_en,episode_00011,Max Rounds,28
1263,clean_up,baseline_clp_chat,1_medium_7obj_en,episode_00011,Object Count,7
1264,clean_up,baseline_clp_chat,1_medium_7obj_en,episode_00011,Valid Moves,0
1265,clean_up,baseline_clp_chat,1_medium_7obj_en,episode_00011,Invalid Moves,0
1266,clean_up,baseline_clp_chat,1_medium_7obj_en,episode_00011,Parse Errors,0
1267,clean_up,baseline_clp_chat,1_medium_7obj_en,episode_00011,Main Score,19.376747574778435
1268,clean_up,baseline_clp_chat,1_medium_7obj_en,episode_00012,Request Count,56
1269,clean_up,baseline_clp_chat,1_medium_7obj_en,episode_00012,Parsed Request Count,56
1270,clean_up,baseline_clp_chat,1_medium_7obj_en,episode_00012,Violated Request Count,0
1271,clean_up,baseline_clp_chat,1_medium_7obj_en,episode_00012,Request Success Ratio,1.0
1272,clean_up,baseline_clp_chat,1_medium_7obj_en,episode_00012,Aborted,0
1273,clean_up,baseline_clp_chat,1_medium_7obj_en,episode_00012,Lose,0
1274,clean_up,baseline_clp_chat,1_medium_7obj_en,episode_00012,Success,1
1275,clean_up,baseline_clp_chat,1_medium_7obj_en,episode_00012,Distance Score,0.05436236142301354
1276,clean_up,baseline_clp_chat,1_medium_7obj_en,episode_00012,Coverage Score,0.015625
1277,clean_up,baseline_clp_chat,1_medium_7obj_en,episode_00012,Penalty Score,1.0
1278,clean_up,baseline_clp_chat,1_medium_7obj_en,episode_00012,Moves,[]
1279,clean_up,baseline_clp_chat,1_medium_7obj_en,episode_00012,Init States,"{'state_1': [{'id': 'P', 'coord': [2, 6]}, {'id': 'O', 'coord': [1, 7]}, {'id': 'T', 'coord': [6, 7]}, {'id': 'S', 'coord': [7, 4]}, {'id': 'D', 'coord': [5, 6]}, {'id': 'A', 'coord': [7, 7]}, {'id': 'M', 'coord': [7, 6]}], 'state_2': [{'id': 'P', 'coord': [5, 3]}, {'id': 'O', 'coord': [2, 7]}, {'id': 'T', 'coord': [5, 6]}, {'id': 'S', 'coord': [7, 6]}, {'id': 'D', 'coord': [1, 3]}, {'id': 'A', 'coord': [1, 6]}, {'id': 'M', 'coord': [3, 1]}]}"
1280,clean_up,baseline_clp_chat,1_medium_7obj_en,episode_00012,End States,"{'state_1': [{'id': 'P', 'coord': [2, 6]}, {'id': 'O', 'coord': [1, 7]}, {'id': 'T', 'coord': [6, 7]}, {'id': 'S', 'coord': [7, 4]}, {'id': 'D', 'coord': [5, 6]}, {'id': 'A', 'coord': [7, 7]}, {'id': 'M', 'coord': [7, 6]}], 'state_2': [{'id': 'P', 'coord': [5, 3]}, {'id': 'O', 'coord': [2, 7]}, {'id': 'T', 'coord': [5, 6]}, {'id': 'S', 'coord': [7, 6]}, {'id': 'D', 'coord': [1, 3]}, {'id': 'A', 'coord': [1, 6]}, {'id': 'M', 'coord': [3, 1]}]}"
1281,clean_up,baseline_clp_chat,1_medium_7obj_en,episode_00012,Shifts,0
1282,clean_up,baseline_clp_chat,1_medium_7obj_en,episode_00012,Max Shifts,12
1283,clean_up,baseline_clp_chat,1_medium_7obj_en,episode_00012,Min Shifts,6
1284,clean_up,baseline_clp_chat,1_medium_7obj_en,episode_00012,End Distance Sum,26.142741017223447
1285,clean_up,baseline_clp_chat,1_medium_7obj_en,episode_00012,Init Distance Sum,26.142741017223447
1286,clean_up,baseline_clp_chat,1_medium_7obj_en,episode_00012,Expected Distance Sum,29.331836849219748
1287,clean_up,baseline_clp_chat,1_medium_7obj_en,episode_00012,Penalties,0
1288,clean_up,baseline_clp_chat,1_medium_7obj_en,episode_00012,Max Penalties,16
1289,clean_up,baseline_clp_chat,1_medium_7obj_en,episode_00012,Rounds,28
1290,clean_up,baseline_clp_chat,1_medium_7obj_en,episode_00012,Max Rounds,28
1291,clean_up,baseline_clp_chat,1_medium_7obj_en,episode_00012,Object Count,7
1292,clean_up,baseline_clp_chat,1_medium_7obj_en,episode_00012,Valid Moves,0
1293,clean_up,baseline_clp_chat,1_medium_7obj_en,episode_00012,Invalid Moves,0
1294,clean_up,baseline_clp_chat,1_medium_7obj_en,episode_00012,Parse Errors,0
1295,clean_up,baseline_clp_chat,1_medium_7obj_en,episode_00012,Main Score,5.436236142301354
1296,clean_up,baseline_clp_chat,2_hard_3obj_en,episode_00013,Request Count,24
1297,clean_up,baseline_clp_chat,2_hard_3obj_en,episode_00013,Parsed Request Count,24
1298,clean_up,baseline_clp_chat,2_hard_3obj_en,episode_00013,Violated Request Count,0
1299,clean_up,baseline_clp_chat,2_hard_3obj_en,episode_00013,Request Success Ratio,1.0
1300,clean_up,baseline_clp_chat,2_hard_3obj_en,episode_00013,Aborted,0
1301,clean_up,baseline_clp_chat,2_hard_3obj_en,episode_00013,Lose,0
1302,clean_up,baseline_clp_chat,2_hard_3obj_en,episode_00013,Success,1
1303,clean_up,baseline_clp_chat,2_hard_3obj_en,episode_00013,Distance Score,0.12592166338215022
1304,clean_up,baseline_clp_chat,2_hard_3obj_en,episode_00013,Coverage Score,0.0625
1305,clean_up,baseline_clp_chat,2_hard_3obj_en,episode_00013,Penalty Score,1.0
1306,clean_up,baseline_clp_chat,2_hard_3obj_en,episode_00013,Moves,[]
1307,clean_up,baseline_clp_chat,2_hard_3obj_en,episode_00013,Init States,"{'state_1': [{'id': 'C', 'coord': [4, 7]}, {'id': 'L', 'coord': [3, 4]}, {'id': 'P', 'coord': [5, 5]}], 'state_2': [{'id': 'C', 'coord': [1, 4]}, {'id': 'L', 'coord': [6, 5]}, {'id': 'P', 'coord': [5, 3]}]}"
1308,clean_up,baseline_clp_chat,2_hard_3obj_en,episode_00013,End States,"{'state_1': [{'id': 'C', 'coord': [4, 7]}, {'id': 'L', 'coord': [3, 4]}, {'id': 'P', 'coord': [5, 5]}], 'state_2': [{'id': 'C', 'coord': [1, 4]}, {'id': 'L', 'coord': [6, 5]}, {'id': 'P', 'coord': [5, 3]}]}"
1309,clean_up,baseline_clp_chat,2_hard_3obj_en,episode_00013,Shifts,0
1310,clean_up,baseline_clp_chat,2_hard_3obj_en,episode_00013,Max Shifts,4
1311,clean_up,baseline_clp_chat,2_hard_3obj_en,episode_00013,Min Shifts,2
1312,clean_up,baseline_clp_chat,2_hard_3obj_en,episode_00013,End Distance Sum,9.404918347287664
1313,clean_up,baseline_clp_chat,2_hard_3obj_en,episode_00013,Init Distance Sum,9.404918347287664
1314,clean_up,baseline_clp_chat,2_hard_3obj_en,episode_00013,Expected Distance Sum,12.570787221094177
1315,clean_up,baseline_clp_chat,2_hard_3obj_en,episode_00013,Penalties,0
1316,clean_up,baseline_clp_chat,2_hard_3obj_en,episode_00013,Max Penalties,8
1317,clean_up,baseline_clp_chat,2_hard_3obj_en,episode_00013,Rounds,12
1318,clean_up,baseline_clp_chat,2_hard_3obj_en,episode_00013,Max Rounds,12
1319,clean_up,baseline_clp_chat,2_hard_3obj_en,episode_00013,Object Count,3
1320,clean_up,baseline_clp_chat,2_hard_3obj_en,episode_00013,Valid Moves,0
1321,clean_up,baseline_clp_chat,2_hard_3obj_en,episode_00013,Invalid Moves,0
1322,clean_up,baseline_clp_chat,2_hard_3obj_en,episode_00013,Parse Errors,0
1323,clean_up,baseline_clp_chat,2_hard_3obj_en,episode_00013,Main Score,12.592166338215021
1324,clean_up,baseline_clp_chat,2_hard_3obj_en,episode_00014,Request Count,24
1325,clean_up,baseline_clp_chat,2_hard_3obj_en,episode_00014,Parsed Request Count,24
1326,clean_up,baseline_clp_chat,2_hard_3obj_en,episode_00014,Violated Request Count,0
1327,clean_up,baseline_clp_chat,2_hard_3obj_en,episode_00014,Request Success Ratio,1.0
1328,clean_up,baseline_clp_chat,2_hard_3obj_en,episode_00014,Aborted,0
1329,clean_up,baseline_clp_chat,2_hard_3obj_en,episode_00014,Lose,0
1330,clean_up,baseline_clp_chat,2_hard_3obj_en,episode_00014,Success,1
1331,clean_up,baseline_clp_chat,2_hard_3obj_en,episode_00014,Distance Score,0.1277411494400103
1332,clean_up,baseline_clp_chat,2_hard_3obj_en,episode_00014,Coverage Score,0.0625
1333,clean_up,baseline_clp_chat,2_hard_3obj_en,episode_00014,Penalty Score,1.0
1334,clean_up,baseline_clp_chat,2_hard_3obj_en,episode_00014,Moves,[]
1335,clean_up,baseline_clp_chat,2_hard_3obj_en,episode_00014,Init States,"{'state_1': [{'id': 'C', 'coord': [6, 3]}, {'id': 'L', 'coord': [1, 4]}, {'id': 'P', 'coord': [5, 3]}], 'state_2': [{'id': 'C', 'coord': [5, 7]}, {'id': 'L', 'coord': [1, 7]}, {'id': 'P', 'coord': [7, 2]}]}"
1336,clean_up,baseline_clp_chat,2_hard_3obj_en,episode_00014,End States,"{'state_1': [{'id': 'C', 'coord': [6, 3]}, {'id': 'L', 'coord': [1, 4]}, {'id': 'P', 'coord': [5, 3]}], 'state_2': [{'id': 'C', 'coord': [5, 7]}, {'id': 'L', 'coord': [1, 7]}, {'id': 'P', 'coord': [7, 2]}]}"
1337,clean_up,baseline_clp_chat,2_hard_3obj_en,episode_00014,Shifts,0
1338,clean_up,baseline_clp_chat,2_hard_3obj_en,episode_00014,Max Shifts,4
1339,clean_up,baseline_clp_chat,2_hard_3obj_en,episode_00014,Min Shifts,2
1340,clean_up,baseline_clp_chat,2_hard_3obj_en,episode_00014,End Distance Sum,9.359173603117451
1341,clean_up,baseline_clp_chat,2_hard_3obj_en,episode_00014,Init Distance Sum,9.359173603117451
1342,clean_up,baseline_clp_chat,2_hard_3obj_en,episode_00014,Expected Distance Sum,12.570787221094177
1343,clean_up,baseline_clp_chat,2_hard_3obj_en,episode_00014,Penalties,0
1344,clean_up,baseline_clp_chat,2_hard_3obj_en,episode_00014,Max Penalties,8
1345,clean_up,baseline_clp_chat,2_hard_3obj_en,episode_00014,Rounds,12
1346,clean_up,baseline_clp_chat,2_hard_3obj_en,episode_00014,Max Rounds,12
1347,clean_up,baseline_clp_chat,2_hard_3obj_en,episode_00014,Object Count,3
1348,clean_up,baseline_clp_chat,2_hard_3obj_en,episode_00014,Valid Moves,0
1349,clean_up,baseline_clp_chat,2_hard_3obj_en,episode_00014,Invalid Moves,0
1350,clean_up,baseline_clp_chat,2_hard_3obj_en,episode_00014,Parse Errors,0
1351,clean_up,baseline_clp_chat,2_hard_3obj_en,episode_00014,Main Score,12.774114944001031
1352,clean_up,baseline_clp_chat,2_hard_5obj_en,episode_00015,Request Count,40
1353,clean_up,baseline_clp_chat,2_hard_5obj_en,episode_00015,Parsed Request Count,40
1354,clean_up,baseline_clp_chat,2_hard_5obj_en,episode_00015,Violated Request Count,0
1355,clean_up,baseline_clp_chat,2_hard_5obj_en,episode_00015,Request Success Ratio,1.0
1356,clean_up,baseline_clp_chat,2_hard_5obj_en,episode_00015,Aborted,0
1357,clean_up,baseline_clp_chat,2_hard_5obj_en,episode_00015,Lose,1
1358,clean_up,baseline_clp_chat,2_hard_5obj_en,episode_00015,Success,1
1359,clean_up,baseline_clp_chat,2_hard_5obj_en,episode_00015,Distance Score,0
1360,clean_up,baseline_clp_chat,2_hard_5obj_en,episode_00015,Coverage Score,0.027777777777777776
1361,clean_up,baseline_clp_chat,2_hard_5obj_en,episode_00015,Penalty Score,1.0
1362,clean_up,baseline_clp_chat,2_hard_5obj_en,episode_00015,Moves,[]
1363,clean_up,baseline_clp_chat,2_hard_5obj_en,episode_00015,Init States,"{'state_1': [{'id': 'W', 'coord': [5, 4]}, {'id': 'I', 'coord': [2, 7]}, {'id': 'T', 'coord': [3, 2]}, {'id': 'C', 'coord': [7, 1]}, {'id': 'H', 'coord': [3, 5]}], 'state_2': [{'id': 'W', 'coord': [4, 7]}, {'id': 'I', 'coord': [7, 1]}, {'id': 'T', 'coord': [7, 5]}, {'id': 'C', 'coord': [5, 5]}, {'id': 'H', 'coord': [6, 6]}]}"
1364,clean_up,baseline_clp_chat,2_hard_5obj_en,episode_00015,End States,"{'state_1': [{'id': 'W', 'coord': [5, 4]}, {'id': 'I', 'coord': [2, 7]}, {'id': 'T', 'coord': [3, 2]}, {'id': 'C', 'coord': [7, 1]}, {'id': 'H', 'coord': [3, 5]}], 'state_2': [{'id': 'W', 'coord': [4, 7]}, {'id': 'I', 'coord': [7, 1]}, {'id': 'T', 'coord': [7, 5]}, {'id': 'C', 'coord': [5, 5]}, {'id': 'H', 'coord': [6, 6]}]}"
1365,clean_up,baseline_clp_chat,2_hard_5obj_en,episode_00015,Shifts,0
1366,clean_up,baseline_clp_chat,2_hard_5obj_en,episode_00015,Max Shifts,8
1367,clean_up,baseline_clp_chat,2_hard_5obj_en,episode_00015,Min Shifts,4
1368,clean_up,baseline_clp_chat,2_hard_5obj_en,episode_00015,End Distance Sum,23.60694095124299
1369,clean_up,baseline_clp_chat,2_hard_5obj_en,episode_00015,Init Distance Sum,23.60694095124299
1370,clean_up,baseline_clp_chat,2_hard_5obj_en,episode_00015,Expected Distance Sum,20.95131203515696
1371,clean_up,baseline_clp_chat,2_hard_5obj_en,episode_00015,Penalties,0
1372,clean_up,baseline_clp_chat,2_hard_5obj_en,episode_00015,Max Penalties,12
1373,clean_up,baseline_clp_chat,2_hard_5obj_en,episode_00015,Rounds,20
1374,clean_up,baseline_clp_chat,2_hard_5obj_en,episode_00015,Max Rounds,20
1375,clean_up,baseline_clp_chat,2_hard_5obj_en,episode_00015,Object Count,5
1376,clean_up,baseline_clp_chat,2_hard_5obj_en,episode_00015,Valid Moves,0
1377,clean_up,baseline_clp_chat,2_hard_5obj_en,episode_00015,Invalid Moves,0
1378,clean_up,baseline_clp_chat,2_hard_5obj_en,episode_00015,Parse Errors,0
1379,clean_up,baseline_clp_chat,2_hard_5obj_en,episode_00015,Main Score,0.0
1380,clean_up,baseline_clp_chat,2_hard_5obj_en,episode_00016,Request Count,14
1381,clean_up,baseline_clp_chat,2_hard_5obj_en,episode_00016,Parsed Request Count,1
1382,clean_up,baseline_clp_chat,2_hard_5obj_en,episode_00016,Violated Request Count,13
1383,clean_up,baseline_clp_chat,2_hard_5obj_en,episode_00016,Request Success Ratio,0.07142857142857142
1384,clean_up,baseline_clp_chat,2_hard_5obj_en,episode_00016,Aborted,1
1385,clean_up,baseline_clp_chat,2_hard_5obj_en,episode_00016,Lose,1
1386,clean_up,baseline_clp_chat,2_hard_5obj_en,episode_00016,Success,0
1387,clean_up,baseline_clp_chat,2_hard_5obj_en,episode_00016,Distance Score,0
1388,clean_up,baseline_clp_chat,2_hard_5obj_en,episode_00016,Coverage Score,0.027777777777777776
1389,clean_up,baseline_clp_chat,2_hard_5obj_en,episode_00016,Penalty Score,0.40909090909090917
1390,clean_up,baseline_clp_chat,2_hard_5obj_en,episode_00016,Moves,[]
1391,clean_up,baseline_clp_chat,2_hard_5obj_en,episode_00016,Init States,"{'state_1': [{'id': 'W', 'coord': [3, 3]}, {'id': 'I', 'coord': [2, 7]}, {'id': 'T', 'coord': [7, 7]}, {'id': 'C', 'coord': [3, 6]}, {'id': 'H', 'coord': [7, 3]}], 'state_2': [{'id': 'W', 'coord': [5, 7]}, {'id': 'I', 'coord': [5, 5]}, {'id': 'T', 'coord': [2, 7]}, {'id': 'C', 'coord': [6, 3]}, {'id': 'H', 'coord': [1, 7]}]}"
1392,clean_up,baseline_clp_chat,2_hard_5obj_en,episode_00016,End States,"{'state_1': [{'id': 'W', 'coord': [3, 3]}, {'id': 'I', 'coord': [2, 7]}, {'id': 'T', 'coord': [7, 7]}, {'id': 'C', 'coord': [3, 6]}, {'id': 'H', 'coord': [7, 3]}], 'state_2': [{'id': 'W', 'coord': [5, 7]}, {'id': 'I', 'coord': [5, 5]}, {'id': 'T', 'coord': [2, 7]}, {'id': 'C', 'coord': [6, 3]}, {'id': 'H', 'coord': [1, 7]}]}"
1393,clean_up,baseline_clp_chat,2_hard_5obj_en,episode_00016,Shifts,0
1394,clean_up,baseline_clp_chat,2_hard_5obj_en,episode_00016,Max Shifts,8
1395,clean_up,baseline_clp_chat,2_hard_5obj_en,episode_00016,Min Shifts,4
1396,clean_up,baseline_clp_chat,2_hard_5obj_en,episode_00016,End Distance Sum,24.531430468510834
1397,clean_up,baseline_clp_chat,2_hard_5obj_en,episode_00016,Init Distance Sum,24.531430468510834
1398,clean_up,baseline_clp_chat,2_hard_5obj_en,episode_00016,Expected Distance Sum,20.95131203515696
1399,clean_up,baseline_clp_chat,2_hard_5obj_en,episode_00016,Penalties,13
1400,clean_up,baseline_clp_chat,2_hard_5obj_en,episode_00016,Max Penalties,12
1401,clean_up,baseline_clp_chat,2_hard_5obj_en,episode_00016,Rounds,0
1402,clean_up,baseline_clp_chat,2_hard_5obj_en,episode_00016,Max Rounds,20
1403,clean_up,baseline_clp_chat,2_hard_5obj_en,episode_00016,Object Count,5
1404,clean_up,baseline_clp_chat,2_hard_5obj_en,episode_00016,Valid Moves,0
1405,clean_up,baseline_clp_chat,2_hard_5obj_en,episode_00016,Invalid Moves,0
1406,clean_up,baseline_clp_chat,2_hard_5obj_en,episode_00016,Parse Errors,13
1407,clean_up,baseline_clp_chat,2_hard_5obj_en,episode_00016,Main Score,
1408,clean_up,baseline_clp_chat,2_hard_7obj_en,episode_00017,Request Count,56
1409,clean_up,baseline_clp_chat,2_hard_7obj_en,episode_00017,Parsed Request Count,56
1410,clean_up,baseline_clp_chat,2_hard_7obj_en,episode_00017,Violated Request Count,0
1411,clean_up,baseline_clp_chat,2_hard_7obj_en,episode_00017,Request Success Ratio,1.0
1412,clean_up,baseline_clp_chat,2_hard_7obj_en,episode_00017,Aborted,0
1413,clean_up,baseline_clp_chat,2_hard_7obj_en,episode_00017,Lose,0
1414,clean_up,baseline_clp_chat,2_hard_7obj_en,episode_00017,Success,1
1415,clean_up,baseline_clp_chat,2_hard_7obj_en,episode_00017,Distance Score,0.04027091141676986
1416,clean_up,baseline_clp_chat,2_hard_7obj_en,episode_00017,Coverage Score,0.015625
1417,clean_up,baseline_clp_chat,2_hard_7obj_en,episode_00017,Penalty Score,1.0
1418,clean_up,baseline_clp_chat,2_hard_7obj_en,episode_00017,Moves,[]
1419,clean_up,baseline_clp_chat,2_hard_7obj_en,episode_00017,Init States,"{'state_1': [{'id': 'P', 'coord': [3, 5]}, {'id': 'O', 'coord': [3, 2]}, {'id': 'T', 'coord': [1, 6]}, {'id': 'S', 'coord': [1, 4]}, {'id': 'D', 'coord': [4, 7]}, {'id': 'A', 'coord': [7, 1]}, {'id': 'M', 'coord': [1, 3]}], 'state_2': [{'id': 'P', 'coord': [4, 7]}, {'id': 'O', 'coord': [3, 3]}, {'id': 'T', 'coord': [7, 3]}, {'id': 'S', 'coord': [6, 7]}, {'id': 'D', 'coord': [1, 4]}, {'id': 'A', 'coord': [3, 2]}, {'id': 'M', 'coord': [3, 5]}]}"
1420,clean_up,baseline_clp_chat,2_hard_7obj_en,episode_00017,End States,"{'state_1': [{'id': 'P', 'coord': [3, 5]}, {'id': 'O', 'coord': [3, 2]}, {'id': 'T', 'coord': [1, 6]}, {'id': 'S', 'coord': [1, 4]}, {'id': 'D', 'coord': [4, 7]}, {'id': 'A', 'coord': [7, 1]}, {'id': 'M', 'coord': [1, 3]}], 'state_2': [{'id': 'P', 'coord': [4, 7]}, {'id': 'O', 'coord': [3, 3]}, {'id': 'T', 'coord': [7, 3]}, {'id': 'S', 'coord': [6, 7]}, {'id': 'D', 'coord': [1, 4]}, {'id': 'A', 'coord': [3, 2]}, {'id': 'M', 'coord': [3, 5]}]}"
1421,clean_up,baseline_clp_chat,2_hard_7obj_en,episode_00017,Shifts,0
1422,clean_up,baseline_clp_chat,2_hard_7obj_en,episode_00017,Max Shifts,12
1423,clean_up,baseline_clp_chat,2_hard_7obj_en,episode_00017,Min Shifts,6
1424,clean_up,baseline_clp_chat,2_hard_7obj_en,episode_00017,End Distance Sum,26.9693972423276
1425,clean_up,baseline_clp_chat,2_hard_7obj_en,episode_00017,Init Distance Sum,26.9693972423276
1426,clean_up,baseline_clp_chat,2_hard_7obj_en,episode_00017,Expected Distance Sum,29.331836849219748
1427,clean_up,baseline_clp_chat,2_hard_7obj_en,episode_00017,Penalties,0
1428,clean_up,baseline_clp_chat,2_hard_7obj_en,episode_00017,Max Penalties,16
1429,clean_up,baseline_clp_chat,2_hard_7obj_en,episode_00017,Rounds,28
1430,clean_up,baseline_clp_chat,2_hard_7obj_en,episode_00017,Max Rounds,28
1431,clean_up,baseline_clp_chat,2_hard_7obj_en,episode_00017,Object Count,7
1432,clean_up,baseline_clp_chat,2_hard_7obj_en,episode_00017,Valid Moves,0
1433,clean_up,baseline_clp_chat,2_hard_7obj_en,episode_00017,Invalid Moves,0
1434,clean_up,baseline_clp_chat,2_hard_7obj_en,episode_00017,Parse Errors,0
1435,clean_up,baseline_clp_chat,2_hard_7obj_en,episode_00017,Main Score,4.027091141676986
1436,clean_up,baseline_clp_chat,2_hard_7obj_en,episode_00018,Request Count,56
1437,clean_up,baseline_clp_chat,2_hard_7obj_en,episode_00018,Parsed Request Count,56
1438,clean_up,baseline_clp_chat,2_hard_7obj_en,episode_00018,Violated Request Count,0
1439,clean_up,baseline_clp_chat,2_hard_7obj_en,episode_00018,Request Success Ratio,1.0
1440,clean_up,baseline_clp_chat,2_hard_7obj_en,episode_00018,Aborted,0
1441,clean_up,baseline_clp_chat,2_hard_7obj_en,episode_00018,Lose,0
1442,clean_up,baseline_clp_chat,2_hard_7obj_en,episode_00018,Success,1
1443,clean_up,baseline_clp_chat,2_hard_7obj_en,episode_00018,Distance Score,0.05175236648643117
1444,clean_up,baseline_clp_chat,2_hard_7obj_en,episode_00018,Coverage Score,0.015625
1445,clean_up,baseline_clp_chat,2_hard_7obj_en,episode_00018,Penalty Score,1.0
1446,clean_up,baseline_clp_chat,2_hard_7obj_en,episode_00018,Moves,[]
1447,clean_up,baseline_clp_chat,2_hard_7obj_en,episode_00018,Init States,"{'state_1': [{'id': 'P', 'coord': [1, 2]}, {'id': 'O', 'coord': [7, 1]}, {'id': 'T', 'coord': [3, 7]}, {'id': 'S', 'coord': [3, 6]}, {'id': 'D', 'coord': [1, 6]}, {'id': 'A', 'coord': [1, 7]}, {'id': 'M', 'coord': [3, 1]}], 'state_2': [{'id': 'P', 'coord': [4, 5]}, {'id': 'O', 'coord': [5, 7]}, {'id': 'T', 'coord': [3, 6]}, {'id': 'S', 'coord': [3, 5]}, {'id': 'D', 'coord': [5, 5]}, {'id': 'A', 'coord': [1, 1]}, {'id': 'M', 'coord': [6, 3]}]}"
1448,clean_up,baseline_clp_chat,2_hard_7obj_en,episode_00018,End States,"{'state_1': [{'id': 'P', 'coord': [1, 2]}, {'id': 'O', 'coord': [7, 1]}, {'id': 'T', 'coord': [3, 7]}, {'id': 'S', 'coord': [3, 6]}, {'id': 'D', 'coord': [1, 6]}, {'id': 'A', 'coord': [1, 7]}, {'id': 'M', 'coord': [3, 1]}], 'state_2': [{'id': 'P', 'coord': [4, 5]}, {'id': 'O', 'coord': [5, 7]}, {'id': 'T', 'coord': [3, 6]}, {'id': 'S', 'coord': [3, 5]}, {'id': 'D', 'coord': [5, 5]}, {'id': 'A', 'coord': [1, 1]}, {'id': 'M', 'coord': [6, 3]}]}"
1449,clean_up,baseline_clp_chat,2_hard_7obj_en,episode_00018,Shifts,0
1450,clean_up,baseline_clp_chat,2_hard_7obj_en,episode_00018,Max Shifts,12
1451,clean_up,baseline_clp_chat,2_hard_7obj_en,episode_00018,Min Shifts,6
1452,clean_up,baseline_clp_chat,2_hard_7obj_en,episode_00018,End Distance Sum,26.295852908537693
1453,clean_up,baseline_clp_chat,2_hard_7obj_en,episode_00018,Init Distance Sum,26.295852908537693
1454,clean_up,baseline_clp_chat,2_hard_7obj_en,episode_00018,Expected Distance Sum,29.331836849219748
1455,clean_up,baseline_clp_chat,2_hard_7obj_en,episode_00018,Penalties,0
1456,clean_up,baseline_clp_chat,2_hard_7obj_en,episode_00018,Max Penalties,16
1457,clean_up,baseline_clp_chat,2_hard_7obj_en,episode_00018,Rounds,28
1458,clean_up,baseline_clp_chat,2_hard_7obj_en,episode_00018,Max Rounds,28
1459,clean_up,baseline_clp_chat,2_hard_7obj_en,episode_00018,Object Count,7
1460,clean_up,baseline_clp_chat,2_hard_7obj_en,episode_00018,Valid Moves,0
1461,clean_up,baseline_clp_chat,2_hard_7obj_en,episode_00018,Invalid Moves,0
1462,clean_up,baseline_clp_chat,2_hard_7obj_en,episode_00018,Parse Errors,0
1463,clean_up,baseline_clp_chat,2_hard_7obj_en,episode_00018,Main Score,5.175236648643117
1464,codenames,baseline_clp_chat,abstract,episode_00025,experiment variable,Word Concreteness
1465,codenames,baseline_clp_chat,abstract,episode_00025,experiment name,abstract
1466,codenames,baseline_clp_chat,abstract,episode_00025,Cluegiver strip words,1
1467,codenames,baseline_clp_chat,abstract,episode_00025,Guesser strip words,0
1468,codenames,baseline_clp_chat,abstract,episode_00025,Average Cluegiver Number of Targets,10
1469,codenames,baseline_clp_chat,abstract,episode_00025,Average Cluegiver Team Precision,0.9
1470,codenames,baseline_clp_chat,abstract,episode_00025,Average Cluegiver Team Recall,1.0
1471,codenames,baseline_clp_chat,abstract,episode_00025,Average Cluegiver Team F1,0.947
1472,codenames,baseline_clp_chat,abstract,episode_00025,Average Guesser Number of Guesses,0
1473,codenames,baseline_clp_chat,abstract,episode_00025,Average Guesser Number of Revealed Words,0
1474,codenames,baseline_clp_chat,abstract,episode_00025,Average Guesser Number of Unrevealed Guesses,0
1475,codenames,baseline_clp_chat,abstract,episode_00025,Average Guesser Target Precision,0
1476,codenames,baseline_clp_chat,abstract,episode_00025,Average Guesser Target Recall,0.0
1477,codenames,baseline_clp_chat,abstract,episode_00025,Average Guesser Target F1,0
1478,codenames,baseline_clp_chat,abstract,episode_00025,Average Guesser Team Precision,0
1479,codenames,baseline_clp_chat,abstract,episode_00025,Average Guesser Team Recall,0.0
1480,codenames,baseline_clp_chat,abstract,episode_00025,Average Guesser Team F1,0
1481,codenames,baseline_clp_chat,abstract,episode_00025,Aborted,1
1482,codenames,baseline_clp_chat,abstract,episode_00025,Lose,0
1483,codenames,baseline_clp_chat,abstract,episode_00025,Success,0
1484,codenames,baseline_clp_chat,abstract,episode_00025,Game ended through assassin,0
1485,codenames,baseline_clp_chat,abstract,episode_00025,Episode Recall,0.0
1486,codenames,baseline_clp_chat,abstract,episode_00025,Episode Negative Recall,1.0
1487,codenames,baseline_clp_chat,abstract,episode_00025,Number of turns,2
1488,codenames,baseline_clp_chat,abstract,episode_00025,Efficiency,0.0
1489,codenames,baseline_clp_chat,abstract,episode_00025,Request Count,2
1490,codenames,baseline_clp_chat,abstract,episode_00025,Parsed Request Count,1
1491,codenames,baseline_clp_chat,abstract,episode_00025,Violated Request Count,1
1492,codenames,baseline_clp_chat,abstract,episode_00025,Request Success Ratio,0.5
1493,codenames,baseline_clp_chat,abstract,episode_00025,Main Score,
1494,codenames,baseline_clp_chat,abstract,episode_00026,experiment variable,Word Concreteness
1495,codenames,baseline_clp_chat,abstract,episode_00026,experiment name,abstract
1496,codenames,baseline_clp_chat,abstract,episode_00026,Cluegiver strip words,1
1497,codenames,baseline_clp_chat,abstract,episode_00026,Guesser strip words,0
1498,codenames,baseline_clp_chat,abstract,episode_00026,Average Cluegiver Number of Targets,6
1499,codenames,baseline_clp_chat,abstract,episode_00026,Average Cluegiver Team Precision,1.0
1500,codenames,baseline_clp_chat,abstract,episode_00026,Average Cluegiver Team Recall,0.667
1501,codenames,baseline_clp_chat,abstract,episode_00026,Average Cluegiver Team F1,0.8
1502,codenames,baseline_clp_chat,abstract,episode_00026,Average Guesser Number of Guesses,0
1503,codenames,baseline_clp_chat,abstract,episode_00026,Average Guesser Number of Revealed Words,0
1504,codenames,baseline_clp_chat,abstract,episode_00026,Average Guesser Number of Unrevealed Guesses,0
1505,codenames,baseline_clp_chat,abstract,episode_00026,Average Guesser Target Precision,0
1506,codenames,baseline_clp_chat,abstract,episode_00026,Average Guesser Target Recall,0.0
1507,codenames,baseline_clp_chat,abstract,episode_00026,Average Guesser Target F1,0
1508,codenames,baseline_clp_chat,abstract,episode_00026,Average Guesser Team Precision,0
1509,codenames,baseline_clp_chat,abstract,episode_00026,Average Guesser Team Recall,0.0
1510,codenames,baseline_clp_chat,abstract,episode_00026,Average Guesser Team F1,0
1511,codenames,baseline_clp_chat,abstract,episode_00026,Aborted,1
1512,codenames,baseline_clp_chat,abstract,episode_00026,Lose,0
1513,codenames,baseline_clp_chat,abstract,episode_00026,Success,0
1514,codenames,baseline_clp_chat,abstract,episode_00026,Game ended through assassin,0
1515,codenames,baseline_clp_chat,abstract,episode_00026,Episode Recall,0.0
1516,codenames,baseline_clp_chat,abstract,episode_00026,Episode Negative Recall,1.0
1517,codenames,baseline_clp_chat,abstract,episode_00026,Number of turns,2
1518,codenames,baseline_clp_chat,abstract,episode_00026,Efficiency,0.0
1519,codenames,baseline_clp_chat,abstract,episode_00026,Request Count,2
1520,codenames,baseline_clp_chat,abstract,episode_00026,Parsed Request Count,1
1521,codenames,baseline_clp_chat,abstract,episode_00026,Violated Request Count,1
1522,codenames,baseline_clp_chat,abstract,episode_00026,Request Success Ratio,0.5
1523,codenames,baseline_clp_chat,abstract,episode_00026,Main Score,
1524,codenames,baseline_clp_chat,ambiguous,episode_00021,experiment variable,Word Ambiguity
1525,codenames,baseline_clp_chat,ambiguous,episode_00021,experiment name,ambiguous
1526,codenames,baseline_clp_chat,ambiguous,episode_00021,Cluegiver strip words,1
1527,codenames,baseline_clp_chat,ambiguous,episode_00021,Guesser strip words,0
1528,codenames,baseline_clp_chat,ambiguous,episode_00021,Average Cluegiver Number of Targets,0
1529,codenames,baseline_clp_chat,ambiguous,episode_00021,Average Cluegiver Team Precision,0
1530,codenames,baseline_clp_chat,ambiguous,episode_00021,Average Cluegiver Team Recall,0.0
1531,codenames,baseline_clp_chat,ambiguous,episode_00021,Average Cluegiver Team F1,0
1532,codenames,baseline_clp_chat,ambiguous,episode_00021,Average Guesser Number of Guesses,0
1533,codenames,baseline_clp_chat,ambiguous,episode_00021,Average Guesser Number of Revealed Words,0
1534,codenames,baseline_clp_chat,ambiguous,episode_00021,Average Guesser Number of Unrevealed Guesses,0
1535,codenames,baseline_clp_chat,ambiguous,episode_00021,Average Guesser Target Precision,0
1536,codenames,baseline_clp_chat,ambiguous,episode_00021,Average Guesser Target Recall,0
1537,codenames,baseline_clp_chat,ambiguous,episode_00021,Average Guesser Target F1,0
1538,codenames,baseline_clp_chat,ambiguous,episode_00021,Average Guesser Team Precision,0
1539,codenames,baseline_clp_chat,ambiguous,episode_00021,Average Guesser Team Recall,0.0
1540,codenames,baseline_clp_chat,ambiguous,episode_00021,Average Guesser Team F1,0
1541,codenames,baseline_clp_chat,ambiguous,episode_00021,Aborted,1
1542,codenames,baseline_clp_chat,ambiguous,episode_00021,Lose,0
1543,codenames,baseline_clp_chat,ambiguous,episode_00021,Success,0
1544,codenames,baseline_clp_chat,ambiguous,episode_00021,Game ended through assassin,0
1545,codenames,baseline_clp_chat,ambiguous,episode_00021,Episode Recall,0.0
1546,codenames,baseline_clp_chat,ambiguous,episode_00021,Episode Negative Recall,1.0
1547,codenames,baseline_clp_chat,ambiguous,episode_00021,Number of turns,1
1548,codenames,baseline_clp_chat,ambiguous,episode_00021,Efficiency,0.0
1549,codenames,baseline_clp_chat,ambiguous,episode_00021,Request Count,1
1550,codenames,baseline_clp_chat,ambiguous,episode_00021,Parsed Request Count,0
1551,codenames,baseline_clp_chat,ambiguous,episode_00021,Violated Request Count,1
1552,codenames,baseline_clp_chat,ambiguous,episode_00021,Request Success Ratio,0.0
1553,codenames,baseline_clp_chat,ambiguous,episode_00021,Main Score,
1554,codenames,baseline_clp_chat,ambiguous,episode_00022,experiment variable,Word Ambiguity
1555,codenames,baseline_clp_chat,ambiguous,episode_00022,experiment name,ambiguous
1556,codenames,baseline_clp_chat,ambiguous,episode_00022,Cluegiver strip words,1
1557,codenames,baseline_clp_chat,ambiguous,episode_00022,Guesser strip words,0
1558,codenames,baseline_clp_chat,ambiguous,episode_00022,Average Cluegiver Number of Targets,0
1559,codenames,baseline_clp_chat,ambiguous,episode_00022,Average Cluegiver Team Precision,0
1560,codenames,baseline_clp_chat,ambiguous,episode_00022,Average Cluegiver Team Recall,0.0
1561,codenames,baseline_clp_chat,ambiguous,episode_00022,Average Cluegiver Team F1,0
1562,codenames,baseline_clp_chat,ambiguous,episode_00022,Average Guesser Number of Guesses,0
1563,codenames,baseline_clp_chat,ambiguous,episode_00022,Average Guesser Number of Revealed Words,0
1564,codenames,baseline_clp_chat,ambiguous,episode_00022,Average Guesser Number of Unrevealed Guesses,0
1565,codenames,baseline_clp_chat,ambiguous,episode_00022,Average Guesser Target Precision,0
1566,codenames,baseline_clp_chat,ambiguous,episode_00022,Average Guesser Target Recall,0
1567,codenames,baseline_clp_chat,ambiguous,episode_00022,Average Guesser Target F1,0
1568,codenames,baseline_clp_chat,ambiguous,episode_00022,Average Guesser Team Precision,0
1569,codenames,baseline_clp_chat,ambiguous,episode_00022,Average Guesser Team Recall,0.0
1570,codenames,baseline_clp_chat,ambiguous,episode_00022,Average Guesser Team F1,0
1571,codenames,baseline_clp_chat,ambiguous,episode_00022,Aborted,1
1572,codenames,baseline_clp_chat,ambiguous,episode_00022,Lose,0
1573,codenames,baseline_clp_chat,ambiguous,episode_00022,Success,0
1574,codenames,baseline_clp_chat,ambiguous,episode_00022,Game ended through assassin,0
1575,codenames,baseline_clp_chat,ambiguous,episode_00022,Episode Recall,0.0
1576,codenames,baseline_clp_chat,ambiguous,episode_00022,Episode Negative Recall,1.0
1577,codenames,baseline_clp_chat,ambiguous,episode_00022,Number of turns,1
1578,codenames,baseline_clp_chat,ambiguous,episode_00022,Efficiency,0.0
1579,codenames,baseline_clp_chat,ambiguous,episode_00022,Request Count,1
1580,codenames,baseline_clp_chat,ambiguous,episode_00022,Parsed Request Count,0
1581,codenames,baseline_clp_chat,ambiguous,episode_00022,Violated Request Count,1
1582,codenames,baseline_clp_chat,ambiguous,episode_00022,Request Success Ratio,0.0
1583,codenames,baseline_clp_chat,ambiguous,episode_00022,Main Score,
1584,codenames,baseline_clp_chat,association_difficult,episode_00007,experiment variable,Word Assignments
1585,codenames,baseline_clp_chat,association_difficult,episode_00007,experiment name,association_difficult
1586,codenames,baseline_clp_chat,association_difficult,episode_00007,Cluegiver strip words,1
1587,codenames,baseline_clp_chat,association_difficult,episode_00007,Guesser strip words,0
1588,codenames,baseline_clp_chat,association_difficult,episode_00007,Average Cluegiver Number of Targets,6
1589,codenames,baseline_clp_chat,association_difficult,episode_00007,Average Cluegiver Team Precision,1.0
1590,codenames,baseline_clp_chat,association_difficult,episode_00007,Average Cluegiver Team Recall,0.667
1591,codenames,baseline_clp_chat,association_difficult,episode_00007,Average Cluegiver Team F1,0.8
1592,codenames,baseline_clp_chat,association_difficult,episode_00007,Average Guesser Number of Guesses,0
1593,codenames,baseline_clp_chat,association_difficult,episode_00007,Average Guesser Number of Revealed Words,0
1594,codenames,baseline_clp_chat,association_difficult,episode_00007,Average Guesser Number of Unrevealed Guesses,0
1595,codenames,baseline_clp_chat,association_difficult,episode_00007,Average Guesser Target Precision,0
1596,codenames,baseline_clp_chat,association_difficult,episode_00007,Average Guesser Target Recall,0.0
1597,codenames,baseline_clp_chat,association_difficult,episode_00007,Average Guesser Target F1,0
1598,codenames,baseline_clp_chat,association_difficult,episode_00007,Average Guesser Team Precision,0
1599,codenames,baseline_clp_chat,association_difficult,episode_00007,Average Guesser Team Recall,0.0
1600,codenames,baseline_clp_chat,association_difficult,episode_00007,Average Guesser Team F1,0
1601,codenames,baseline_clp_chat,association_difficult,episode_00007,Aborted,1
1602,codenames,baseline_clp_chat,association_difficult,episode_00007,Lose,0
1603,codenames,baseline_clp_chat,association_difficult,episode_00007,Success,0
1604,codenames,baseline_clp_chat,association_difficult,episode_00007,Game ended through assassin,0
1605,codenames,baseline_clp_chat,association_difficult,episode_00007,Episode Recall,0.0
1606,codenames,baseline_clp_chat,association_difficult,episode_00007,Episode Negative Recall,1.0
1607,codenames,baseline_clp_chat,association_difficult,episode_00007,Number of turns,2
1608,codenames,baseline_clp_chat,association_difficult,episode_00007,Efficiency,0.0
1609,codenames,baseline_clp_chat,association_difficult,episode_00007,Request Count,2
1610,codenames,baseline_clp_chat,association_difficult,episode_00007,Parsed Request Count,1
1611,codenames,baseline_clp_chat,association_difficult,episode_00007,Violated Request Count,1
1612,codenames,baseline_clp_chat,association_difficult,episode_00007,Request Success Ratio,0.5
1613,codenames,baseline_clp_chat,association_difficult,episode_00007,Main Score,
1614,codenames,baseline_clp_chat,association_difficult,episode_00008,experiment variable,Word Assignments
1615,codenames,baseline_clp_chat,association_difficult,episode_00008,experiment name,association_difficult
1616,codenames,baseline_clp_chat,association_difficult,episode_00008,Cluegiver strip words,5
1617,codenames,baseline_clp_chat,association_difficult,episode_00008,Guesser strip words,0
1618,codenames,baseline_clp_chat,association_difficult,episode_00008,Average Cluegiver Number of Targets,7.6
1619,codenames,baseline_clp_chat,association_difficult,episode_00008,Average Cluegiver Team Precision,1.0
1620,codenames,baseline_clp_chat,association_difficult,episode_00008,Average Cluegiver Team Recall,1.0
1621,codenames,baseline_clp_chat,association_difficult,episode_00008,Average Cluegiver Team F1,1.0
1622,codenames,baseline_clp_chat,association_difficult,episode_00008,Average Guesser Number of Guesses,6.4
1623,codenames,baseline_clp_chat,association_difficult,episode_00008,Average Guesser Number of Revealed Words,1.4
1624,codenames,baseline_clp_chat,association_difficult,episode_00008,Average Guesser Number of Unrevealed Guesses,5
1625,codenames,baseline_clp_chat,association_difficult,episode_00008,Average Guesser Target Precision,0.233
1626,codenames,baseline_clp_chat,association_difficult,episode_00008,Average Guesser Target Recall,0.073
1627,codenames,baseline_clp_chat,association_difficult,episode_00008,Average Guesser Target F1,0.111
1628,codenames,baseline_clp_chat,association_difficult,episode_00008,Average Guesser Team Precision,0.233
1629,codenames,baseline_clp_chat,association_difficult,episode_00008,Average Guesser Team Recall,0.073
1630,codenames,baseline_clp_chat,association_difficult,episode_00008,Average Guesser Team F1,0.111
1631,codenames,baseline_clp_chat,association_difficult,episode_00008,Aborted,1
1632,codenames,baseline_clp_chat,association_difficult,episode_00008,Lose,0
1633,codenames,baseline_clp_chat,association_difficult,episode_00008,Success,0
1634,codenames,baseline_clp_chat,association_difficult,episode_00008,Game ended through assassin,0
1635,codenames,baseline_clp_chat,association_difficult,episode_00008,Episode Recall,0.333
1636,codenames,baseline_clp_chat,association_difficult,episode_00008,Episode Negative Recall,0.75
1637,codenames,baseline_clp_chat,association_difficult,episode_00008,Number of turns,6
1638,codenames,baseline_clp_chat,association_difficult,episode_00008,Efficiency,1
1639,codenames,baseline_clp_chat,association_difficult,episode_00008,Request Count,10
1640,codenames,baseline_clp_chat,association_difficult,episode_00008,Parsed Request Count,9
1641,codenames,baseline_clp_chat,association_difficult,episode_00008,Violated Request Count,1
1642,codenames,baseline_clp_chat,association_difficult,episode_00008,Request Success Ratio,0.9
1643,codenames,baseline_clp_chat,association_difficult,episode_00008,Main Score,
1644,codenames,baseline_clp_chat,association_easy,episode_00005,experiment variable,Word Assignments
1645,codenames,baseline_clp_chat,association_easy,episode_00005,experiment name,association_easy
1646,codenames,baseline_clp_chat,association_easy,episode_00005,Cluegiver strip words,3
1647,codenames,baseline_clp_chat,association_easy,episode_00005,Guesser strip words,0
1648,codenames,baseline_clp_chat,association_easy,episode_00005,Average Cluegiver Number of Targets,3.333
1649,codenames,baseline_clp_chat,association_easy,episode_00005,Average Cluegiver Team Precision,1.0
1650,codenames,baseline_clp_chat,association_easy,episode_00005,Average Cluegiver Team Recall,0.852
1651,codenames,baseline_clp_chat,association_easy,episode_00005,Average Cluegiver Team F1,0.905
1652,codenames,baseline_clp_chat,association_easy,episode_00005,Average Guesser Number of Guesses,3.333
1653,codenames,baseline_clp_chat,association_easy,episode_00005,Average Guesser Number of Revealed Words,3.333
1654,codenames,baseline_clp_chat,association_easy,episode_00005,Average Guesser Number of Unrevealed Guesses,0
1655,codenames,baseline_clp_chat,association_easy,episode_00005,Average Guesser Target Precision,0.917
1656,codenames,baseline_clp_chat,association_easy,episode_00005,Average Guesser Target Recall,0.917
1657,codenames,baseline_clp_chat,association_easy,episode_00005,Average Guesser Target F1,0.917
1658,codenames,baseline_clp_chat,association_easy,episode_00005,Average Guesser Team Precision,0.917
1659,codenames,baseline_clp_chat,association_easy,episode_00005,Average Guesser Team Recall,0.769
1660,codenames,baseline_clp_chat,association_easy,episode_00005,Average Guesser Team F1,0.821
1661,codenames,baseline_clp_chat,association_easy,episode_00005,Aborted,0
1662,codenames,baseline_clp_chat,association_easy,episode_00005,Lose,0
1663,codenames,baseline_clp_chat,association_easy,episode_00005,Success,1
1664,codenames,baseline_clp_chat,association_easy,episode_00005,Game ended through assassin,0
1665,codenames,baseline_clp_chat,association_easy,episode_00005,Episode Recall,1.0
1666,codenames,baseline_clp_chat,association_easy,episode_00005,Episode Negative Recall,0.938
1667,codenames,baseline_clp_chat,association_easy,episode_00005,Number of turns,4
1668,codenames,baseline_clp_chat,association_easy,episode_00005,Efficiency,1
1669,codenames,baseline_clp_chat,association_easy,episode_00005,Request Count,6
1670,codenames,baseline_clp_chat,association_easy,episode_00005,Parsed Request Count,6
1671,codenames,baseline_clp_chat,association_easy,episode_00005,Violated Request Count,0
1672,codenames,baseline_clp_chat,association_easy,episode_00005,Request Success Ratio,1.0
1673,codenames,baseline_clp_chat,association_easy,episode_00005,Main Score,100
1674,codenames,baseline_clp_chat,association_easy,episode_00006,experiment variable,Word Assignments
1675,codenames,baseline_clp_chat,association_easy,episode_00006,experiment name,association_easy
1676,codenames,baseline_clp_chat,association_easy,episode_00006,Cluegiver strip words,4
1677,codenames,baseline_clp_chat,association_easy,episode_00006,Guesser strip words,0
1678,codenames,baseline_clp_chat,association_easy,episode_00006,Average Cluegiver Number of Targets,4.75
1679,codenames,baseline_clp_chat,association_easy,episode_00006,Average Cluegiver Team Precision,1.0
1680,codenames,baseline_clp_chat,association_easy,episode_00006,Average Cluegiver Team Recall,0.938
1681,codenames,baseline_clp_chat,association_easy,episode_00006,Average Cluegiver Team F1,0.964
1682,codenames,baseline_clp_chat,association_easy,episode_00006,Average Guesser Number of Guesses,4.75
1683,codenames,baseline_clp_chat,association_easy,episode_00006,Average Guesser Number of Revealed Words,2.75
1684,codenames,baseline_clp_chat,association_easy,episode_00006,Average Guesser Number of Unrevealed Guesses,2
1685,codenames,baseline_clp_chat,association_easy,episode_00006,Average Guesser Target Precision,0.625
1686,codenames,baseline_clp_chat,association_easy,episode_00006,Average Guesser Target Recall,0.528
1687,codenames,baseline_clp_chat,association_easy,episode_00006,Average Guesser Target F1,0.545
1688,codenames,baseline_clp_chat,association_easy,episode_00006,Average Guesser Team Precision,0.625
1689,codenames,baseline_clp_chat,association_easy,episode_00006,Average Guesser Team Recall,0.465
1690,codenames,baseline_clp_chat,association_easy,episode_00006,Average Guesser Team F1,0.51
1691,codenames,baseline_clp_chat,association_easy,episode_00006,Aborted,0
1692,codenames,baseline_clp_chat,association_easy,episode_00006,Lose,0
1693,codenames,baseline_clp_chat,association_easy,episode_00006,Success,1
1694,codenames,baseline_clp_chat,association_easy,episode_00006,Game ended through assassin,0
1695,codenames,baseline_clp_chat,association_easy,episode_00006,Episode Recall,1.0
1696,codenames,baseline_clp_chat,association_easy,episode_00006,Episode Negative Recall,0.875
1697,codenames,baseline_clp_chat,association_easy,episode_00006,Number of turns,5
1698,codenames,baseline_clp_chat,association_easy,episode_00006,Efficiency,1
1699,codenames,baseline_clp_chat,association_easy,episode_00006,Request Count,8
1700,codenames,baseline_clp_chat,association_easy,episode_00006,Parsed Request Count,8
1701,codenames,baseline_clp_chat,association_easy,episode_00006,Violated Request Count,0
1702,codenames,baseline_clp_chat,association_easy,episode_00006,Request Success Ratio,1.0
1703,codenames,baseline_clp_chat,association_easy,episode_00006,Main Score,100
1704,codenames,baseline_clp_chat,concrete,episode_00023,experiment variable,Word Concreteness
1705,codenames,baseline_clp_chat,concrete,episode_00023,experiment name,concrete
1706,codenames,baseline_clp_chat,concrete,episode_00023,Cluegiver strip words,4
1707,codenames,baseline_clp_chat,concrete,episode_00023,Guesser strip words,0
1708,codenames,baseline_clp_chat,concrete,episode_00023,Average Cluegiver Number of Targets,5.75
1709,codenames,baseline_clp_chat,concrete,episode_00023,Average Cluegiver Team Precision,0.792
1710,codenames,baseline_clp_chat,concrete,episode_00023,Average Cluegiver Team Recall,0.611
1711,codenames,baseline_clp_chat,concrete,episode_00023,Average Cluegiver Team F1,0.66
1712,codenames,baseline_clp_chat,concrete,episode_00023,Average Guesser Number of Guesses,4
1713,codenames,baseline_clp_chat,concrete,episode_00023,Average Guesser Number of Revealed Words,1.25
1714,codenames,baseline_clp_chat,concrete,episode_00023,Average Guesser Number of Unrevealed Guesses,2.75
1715,codenames,baseline_clp_chat,concrete,episode_00023,Average Guesser Target Precision,0.667
1716,codenames,baseline_clp_chat,concrete,episode_00023,Average Guesser Target Recall,0.201
1717,codenames,baseline_clp_chat,concrete,episode_00023,Average Guesser Target F1,0.308
1718,codenames,baseline_clp_chat,concrete,episode_00023,Average Guesser Team Precision,0.167
1719,codenames,baseline_clp_chat,concrete,episode_00023,Average Guesser Team Recall,0.056
1720,codenames,baseline_clp_chat,concrete,episode_00023,Average Guesser Team F1,0.083
1721,codenames,baseline_clp_chat,concrete,episode_00023,Aborted,1
1722,codenames,baseline_clp_chat,concrete,episode_00023,Lose,0
1723,codenames,baseline_clp_chat,concrete,episode_00023,Success,0
1724,codenames,baseline_clp_chat,concrete,episode_00023,Game ended through assassin,0
1725,codenames,baseline_clp_chat,concrete,episode_00023,Episode Recall,0.222
1726,codenames,baseline_clp_chat,concrete,episode_00023,Episode Negative Recall,0.812
1727,codenames,baseline_clp_chat,concrete,episode_00023,Number of turns,5
1728,codenames,baseline_clp_chat,concrete,episode_00023,Efficiency,1
1729,codenames,baseline_clp_chat,concrete,episode_00023,Request Count,8
1730,codenames,baseline_clp_chat,concrete,episode_00023,Parsed Request Count,7
1731,codenames,baseline_clp_chat,concrete,episode_00023,Violated Request Count,1
1732,codenames,baseline_clp_chat,concrete,episode_00023,Request Success Ratio,0.875
1733,codenames,baseline_clp_chat,concrete,episode_00023,Main Score,
1734,codenames,baseline_clp_chat,concrete,episode_00024,experiment variable,Word Concreteness
1735,codenames,baseline_clp_chat,concrete,episode_00024,experiment name,concrete
1736,codenames,baseline_clp_chat,concrete,episode_00024,Cluegiver strip words,7
1737,codenames,baseline_clp_chat,concrete,episode_00024,Guesser strip words,0
1738,codenames,baseline_clp_chat,concrete,episode_00024,Average Cluegiver Number of Targets,6.429
1739,codenames,baseline_clp_chat,concrete,episode_00024,Average Cluegiver Team Precision,1.0
1740,codenames,baseline_clp_chat,concrete,episode_00024,Average Cluegiver Team Recall,1.0
1741,codenames,baseline_clp_chat,concrete,episode_00024,Average Cluegiver Team F1,1.0
1742,codenames,baseline_clp_chat,concrete,episode_00024,Average Guesser Number of Guesses,6
1743,codenames,baseline_clp_chat,concrete,episode_00024,Average Guesser Number of Revealed Words,1.714
1744,codenames,baseline_clp_chat,concrete,episode_00024,Average Guesser Number of Unrevealed Guesses,4.286
1745,codenames,baseline_clp_chat,concrete,episode_00024,Average Guesser Target Precision,0.321
1746,codenames,baseline_clp_chat,concrete,episode_00024,Average Guesser Target Recall,0.134
1747,codenames,baseline_clp_chat,concrete,episode_00024,Average Guesser Target F1,0.186
1748,codenames,baseline_clp_chat,concrete,episode_00024,Average Guesser Team Precision,0.321
1749,codenames,baseline_clp_chat,concrete,episode_00024,Average Guesser Team Recall,0.134
1750,codenames,baseline_clp_chat,concrete,episode_00024,Average Guesser Team F1,0.186
1751,codenames,baseline_clp_chat,concrete,episode_00024,Aborted,0
1752,codenames,baseline_clp_chat,concrete,episode_00024,Lose,1
1753,codenames,baseline_clp_chat,concrete,episode_00024,Success,0
1754,codenames,baseline_clp_chat,concrete,episode_00024,Game ended through assassin,0
1755,codenames,baseline_clp_chat,concrete,episode_00024,Episode Recall,0.667
1756,codenames,baseline_clp_chat,concrete,episode_00024,Episode Negative Recall,0.625
1757,codenames,baseline_clp_chat,concrete,episode_00024,Number of turns,7
1758,codenames,baseline_clp_chat,concrete,episode_00024,Efficiency,1
1759,codenames,baseline_clp_chat,concrete,episode_00024,Request Count,13
1760,codenames,baseline_clp_chat,concrete,episode_00024,Parsed Request Count,13
1761,codenames,baseline_clp_chat,concrete,episode_00024,Violated Request Count,0
1762,codenames,baseline_clp_chat,concrete,episode_00024,Request Success Ratio,1.0
1763,codenames,baseline_clp_chat,concrete,episode_00024,Main Score,0
1764,codenames,baseline_clp_chat,frequency_high,episode_00017,experiment variable,Word Frequency
1765,codenames,baseline_clp_chat,frequency_high,episode_00017,experiment name,frequency_high
1766,codenames,baseline_clp_chat,frequency_high,episode_00017,Cluegiver strip words,6
1767,codenames,baseline_clp_chat,frequency_high,episode_00017,Guesser strip words,0
1768,codenames,baseline_clp_chat,frequency_high,episode_00017,Average Cluegiver Number of Targets,5.333
1769,codenames,baseline_clp_chat,frequency_high,episode_00017,Average Cluegiver Team Precision,1.0
1770,codenames,baseline_clp_chat,frequency_high,episode_00017,Average Cluegiver Team Recall,0.982
1771,codenames,baseline_clp_chat,frequency_high,episode_00017,Average Cluegiver Team F1,0.99
1772,codenames,baseline_clp_chat,frequency_high,episode_00017,Average Guesser Number of Guesses,5.333
1773,codenames,baseline_clp_chat,frequency_high,episode_00017,Average Guesser Number of Revealed Words,2.333
1774,codenames,baseline_clp_chat,frequency_high,episode_00017,Average Guesser Number of Unrevealed Guesses,3
1775,codenames,baseline_clp_chat,frequency_high,episode_00017,Average Guesser Target Precision,0.597
1776,codenames,baseline_clp_chat,frequency_high,episode_00017,Average Guesser Target Recall,0.435
1777,codenames,baseline_clp_chat,frequency_high,episode_00017,Average Guesser Target F1,0.483
1778,codenames,baseline_clp_chat,frequency_high,episode_00017,Average Guesser Team Precision,0.597
1779,codenames,baseline_clp_chat,frequency_high,episode_00017,Average Guesser Team Recall,0.435
1780,codenames,baseline_clp_chat,frequency_high,episode_00017,Average Guesser Team F1,0.483
1781,codenames,baseline_clp_chat,frequency_high,episode_00017,Aborted,0
1782,codenames,baseline_clp_chat,frequency_high,episode_00017,Lose,0
1783,codenames,baseline_clp_chat,frequency_high,episode_00017,Success,1
1784,codenames,baseline_clp_chat,frequency_high,episode_00017,Game ended through assassin,0
1785,codenames,baseline_clp_chat,frequency_high,episode_00017,Episode Recall,1.0
1786,codenames,baseline_clp_chat,frequency_high,episode_00017,Episode Negative Recall,0.688
1787,codenames,baseline_clp_chat,frequency_high,episode_00017,Number of turns,7
1788,codenames,baseline_clp_chat,frequency_high,episode_00017,Efficiency,1
1789,codenames,baseline_clp_chat,frequency_high,episode_00017,Request Count,12
1790,codenames,baseline_clp_chat,frequency_high,episode_00017,Parsed Request Count,12
1791,codenames,baseline_clp_chat,frequency_high,episode_00017,Violated Request Count,0
1792,codenames,baseline_clp_chat,frequency_high,episode_00017,Request Success Ratio,1.0
1793,codenames,baseline_clp_chat,frequency_high,episode_00017,Main Score,100
1794,codenames,baseline_clp_chat,frequency_high,episode_00018,experiment variable,Word Frequency
1795,codenames,baseline_clp_chat,frequency_high,episode_00018,experiment name,frequency_high
1796,codenames,baseline_clp_chat,frequency_high,episode_00018,Cluegiver strip words,4
1797,codenames,baseline_clp_chat,frequency_high,episode_00018,Guesser strip words,0
1798,codenames,baseline_clp_chat,frequency_high,episode_00018,Average Cluegiver Number of Targets,7
1799,codenames,baseline_clp_chat,frequency_high,episode_00018,Average Cluegiver Team Precision,1.0
1800,codenames,baseline_clp_chat,frequency_high,episode_00018,Average Cluegiver Team Recall,1.0
1801,codenames,baseline_clp_chat,frequency_high,episode_00018,Average Cluegiver Team F1,1.0
1802,codenames,baseline_clp_chat,frequency_high,episode_00018,Average Guesser Number of Guesses,5.75
1803,codenames,baseline_clp_chat,frequency_high,episode_00018,Average Guesser Number of Revealed Words,1.75
1804,codenames,baseline_clp_chat,frequency_high,episode_00018,Average Guesser Number of Unrevealed Guesses,4
1805,codenames,baseline_clp_chat,frequency_high,episode_00018,Average Guesser Target Precision,0.417
1806,codenames,baseline_clp_chat,frequency_high,episode_00018,Average Guesser Target Recall,0.132
1807,codenames,baseline_clp_chat,frequency_high,episode_00018,Average Guesser Target F1,0.199
1808,codenames,baseline_clp_chat,frequency_high,episode_00018,Average Guesser Team Precision,0.417
1809,codenames,baseline_clp_chat,frequency_high,episode_00018,Average Guesser Team Recall,0.132
1810,codenames,baseline_clp_chat,frequency_high,episode_00018,Average Guesser Team F1,0.199
1811,codenames,baseline_clp_chat,frequency_high,episode_00018,Aborted,1
1812,codenames,baseline_clp_chat,frequency_high,episode_00018,Lose,0
1813,codenames,baseline_clp_chat,frequency_high,episode_00018,Success,0
1814,codenames,baseline_clp_chat,frequency_high,episode_00018,Game ended through assassin,0
1815,codenames,baseline_clp_chat,frequency_high,episode_00018,Episode Recall,0.444
1816,codenames,baseline_clp_chat,frequency_high,episode_00018,Episode Negative Recall,0.812
1817,codenames,baseline_clp_chat,frequency_high,episode_00018,Number of turns,5
1818,codenames,baseline_clp_chat,frequency_high,episode_00018,Efficiency,1
1819,codenames,baseline_clp_chat,frequency_high,episode_00018,Request Count,8
1820,codenames,baseline_clp_chat,frequency_high,episode_00018,Parsed Request Count,7
1821,codenames,baseline_clp_chat,frequency_high,episode_00018,Violated Request Count,1
1822,codenames,baseline_clp_chat,frequency_high,episode_00018,Request Success Ratio,0.875
1823,codenames,baseline_clp_chat,frequency_high,episode_00018,Main Score,
1824,codenames,baseline_clp_chat,frequency_low,episode_00015,experiment variable,Word Frequency
1825,codenames,baseline_clp_chat,frequency_low,episode_00015,experiment name,frequency_low
1826,codenames,baseline_clp_chat,frequency_low,episode_00015,Cluegiver strip words,5
1827,codenames,baseline_clp_chat,frequency_low,episode_00015,Guesser strip words,0
1828,codenames,baseline_clp_chat,frequency_low,episode_00015,Average Cluegiver Number of Targets,6.2
1829,codenames,baseline_clp_chat,frequency_low,episode_00015,Average Cluegiver Team Precision,1.0
1830,codenames,baseline_clp_chat,frequency_low,episode_00015,Average Cluegiver Team Recall,0.906
1831,codenames,baseline_clp_chat,frequency_low,episode_00015,Average Cluegiver Team F1,0.946
1832,codenames,baseline_clp_chat,frequency_low,episode_00015,Average Guesser Number of Guesses,6.2
1833,codenames,baseline_clp_chat,frequency_low,episode_00015,Average Guesser Number of Revealed Words,2.2
1834,codenames,baseline_clp_chat,frequency_low,episode_00015,Average Guesser Number of Unrevealed Guesses,4
1835,codenames,baseline_clp_chat,frequency_low,episode_00015,Average Guesser Target Precision,0.533
1836,codenames,baseline_clp_chat,frequency_low,episode_00015,Average Guesser Target Recall,0.204
1837,codenames,baseline_clp_chat,frequency_low,episode_00015,Average Guesser Target F1,0.289
1838,codenames,baseline_clp_chat,frequency_low,episode_00015,Average Guesser Team Precision,0.533
1839,codenames,baseline_clp_chat,frequency_low,episode_00015,Average Guesser Team Recall,0.189
1840,codenames,baseline_clp_chat,frequency_low,episode_00015,Average Guesser Team F1,0.271
1841,codenames,baseline_clp_chat,frequency_low,episode_00015,Aborted,0
1842,codenames,baseline_clp_chat,frequency_low,episode_00015,Lose,1
1843,codenames,baseline_clp_chat,frequency_low,episode_00015,Success,0
1844,codenames,baseline_clp_chat,frequency_low,episode_00015,Game ended through assassin,1
1845,codenames,baseline_clp_chat,frequency_low,episode_00015,Episode Recall,0.667
1846,codenames,baseline_clp_chat,frequency_low,episode_00015,Episode Negative Recall,0.688
1847,codenames,baseline_clp_chat,frequency_low,episode_00015,Number of turns,6
1848,codenames,baseline_clp_chat,frequency_low,episode_00015,Efficiency,1
1849,codenames,baseline_clp_chat,frequency_low,episode_00015,Request Count,10
1850,codenames,baseline_clp_chat,frequency_low,episode_00015,Parsed Request Count,10
1851,codenames,baseline_clp_chat,frequency_low,episode_00015,Violated Request Count,0
1852,codenames,baseline_clp_chat,frequency_low,episode_00015,Request Success Ratio,1.0
1853,codenames,baseline_clp_chat,frequency_low,episode_00015,Main Score,0
1854,codenames,baseline_clp_chat,frequency_low,episode_00016,experiment variable,Word Frequency
1855,codenames,baseline_clp_chat,frequency_low,episode_00016,experiment name,frequency_low
1856,codenames,baseline_clp_chat,frequency_low,episode_00016,Cluegiver strip words,6
1857,codenames,baseline_clp_chat,frequency_low,episode_00016,Guesser strip words,0
1858,codenames,baseline_clp_chat,frequency_low,episode_00016,Average Cluegiver Number of Targets,8.333
1859,codenames,baseline_clp_chat,frequency_low,episode_00016,Average Cluegiver Team Precision,0.898
1860,codenames,baseline_clp_chat,frequency_low,episode_00016,Average Cluegiver Team Recall,1.0
1861,codenames,baseline_clp_chat,frequency_low,episode_00016,Average Cluegiver Team F1,0.927
1862,codenames,baseline_clp_chat,frequency_low,episode_00016,Average Guesser Number of Guesses,8
1863,codenames,baseline_clp_chat,frequency_low,episode_00016,Average Guesser Number of Revealed Words,2
1864,codenames,baseline_clp_chat,frequency_low,episode_00016,Average Guesser Number of Unrevealed Guesses,6
1865,codenames,baseline_clp_chat,frequency_low,episode_00016,Average Guesser Target Precision,0.556
1866,codenames,baseline_clp_chat,frequency_low,episode_00016,Average Guesser Target Recall,0.198
1867,codenames,baseline_clp_chat,frequency_low,episode_00016,Average Guesser Target F1,0.266
1868,codenames,baseline_clp_chat,frequency_low,episode_00016,Average Guesser Team Precision,0.472
1869,codenames,baseline_clp_chat,frequency_low,episode_00016,Average Guesser Team Recall,0.202
1870,codenames,baseline_clp_chat,frequency_low,episode_00016,Average Guesser Team F1,0.27
1871,codenames,baseline_clp_chat,frequency_low,episode_00016,Aborted,0
1872,codenames,baseline_clp_chat,frequency_low,episode_00016,Lose,1
1873,codenames,baseline_clp_chat,frequency_low,episode_00016,Success,0
1874,codenames,baseline_clp_chat,frequency_low,episode_00016,Game ended through assassin,0
1875,codenames,baseline_clp_chat,frequency_low,episode_00016,Episode Recall,0.778
1876,codenames,baseline_clp_chat,frequency_low,episode_00016,Episode Negative Recall,0.688
1877,codenames,baseline_clp_chat,frequency_low,episode_00016,Number of turns,6
1878,codenames,baseline_clp_chat,frequency_low,episode_00016,Efficiency,1
1879,codenames,baseline_clp_chat,frequency_low,episode_00016,Request Count,11
1880,codenames,baseline_clp_chat,frequency_low,episode_00016,Parsed Request Count,11
1881,codenames,baseline_clp_chat,frequency_low,episode_00016,Violated Request Count,0
1882,codenames,baseline_clp_chat,frequency_low,episode_00016,Request Success Ratio,1.0
1883,codenames,baseline_clp_chat,frequency_low,episode_00016,Main Score,0
1884,codenames,baseline_clp_chat,opponent_difficult,episode_00013,experiment variable,Opponent Difficulty
1885,codenames,baseline_clp_chat,opponent_difficult,episode_00013,experiment name,opponent_difficult
1886,codenames,baseline_clp_chat,opponent_difficult,episode_00013,Cluegiver strip words,4
1887,codenames,baseline_clp_chat,opponent_difficult,episode_00013,Guesser strip words,0
1888,codenames,baseline_clp_chat,opponent_difficult,episode_00013,Average Cluegiver Number of Targets,4.25
1889,codenames,baseline_clp_chat,opponent_difficult,episode_00013,Average Cluegiver Team Precision,1.0
1890,codenames,baseline_clp_chat,opponent_difficult,episode_00013,Average Cluegiver Team Recall,0.71
1891,codenames,baseline_clp_chat,opponent_difficult,episode_00013,Average Cluegiver Team F1,0.819
1892,codenames,baseline_clp_chat,opponent_difficult,episode_00013,Average Guesser Number of Guesses,4.25
1893,codenames,baseline_clp_chat,opponent_difficult,episode_00013,Average Guesser Number of Revealed Words,2.5
1894,codenames,baseline_clp_chat,opponent_difficult,episode_00013,Average Guesser Number of Unrevealed Guesses,1.75
1895,codenames,baseline_clp_chat,opponent_difficult,episode_00013,Average Guesser Target Precision,0.584
1896,codenames,baseline_clp_chat,opponent_difficult,episode_00013,Average Guesser Target Recall,0.354
1897,codenames,baseline_clp_chat,opponent_difficult,episode_00013,Average Guesser Target F1,0.437
1898,codenames,baseline_clp_chat,opponent_difficult,episode_00013,Average Guesser Team Precision,0.584
1899,codenames,baseline_clp_chat,opponent_difficult,episode_00013,Average Guesser Team Recall,0.239
1900,codenames,baseline_clp_chat,opponent_difficult,episode_00013,Average Guesser Team F1,0.338
1901,codenames,baseline_clp_chat,opponent_difficult,episode_00013,Aborted,0
1902,codenames,baseline_clp_chat,opponent_difficult,episode_00013,Lose,1
1903,codenames,baseline_clp_chat,opponent_difficult,episode_00013,Success,0
1904,codenames,baseline_clp_chat,opponent_difficult,episode_00013,Game ended through assassin,1
1905,codenames,baseline_clp_chat,opponent_difficult,episode_00013,Episode Recall,0.667
1906,codenames,baseline_clp_chat,opponent_difficult,episode_00013,Episode Negative Recall,0.75
1907,codenames,baseline_clp_chat,opponent_difficult,episode_00013,Number of turns,5
1908,codenames,baseline_clp_chat,opponent_difficult,episode_00013,Efficiency,1
1909,codenames,baseline_clp_chat,opponent_difficult,episode_00013,Request Count,8
1910,codenames,baseline_clp_chat,opponent_difficult,episode_00013,Parsed Request Count,8
1911,codenames,baseline_clp_chat,opponent_difficult,episode_00013,Violated Request Count,0
1912,codenames,baseline_clp_chat,opponent_difficult,episode_00013,Request Success Ratio,1.0
1913,codenames,baseline_clp_chat,opponent_difficult,episode_00013,Main Score,0
1914,codenames,baseline_clp_chat,opponent_difficult,episode_00014,experiment variable,Opponent Difficulty
1915,codenames,baseline_clp_chat,opponent_difficult,episode_00014,experiment name,opponent_difficult
1916,codenames,baseline_clp_chat,opponent_difficult,episode_00014,Cluegiver strip words,2
1917,codenames,baseline_clp_chat,opponent_difficult,episode_00014,Guesser strip words,0
1918,codenames,baseline_clp_chat,opponent_difficult,episode_00014,Average Cluegiver Number of Targets,4.5
1919,codenames,baseline_clp_chat,opponent_difficult,episode_00014,Average Cluegiver Team Precision,0.5
1920,codenames,baseline_clp_chat,opponent_difficult,episode_00014,Average Cluegiver Team Recall,0.5
1921,codenames,baseline_clp_chat,opponent_difficult,episode_00014,Average Cluegiver Team F1,0.5
1922,codenames,baseline_clp_chat,opponent_difficult,episode_00014,Average Guesser Number of Guesses,4.5
1923,codenames,baseline_clp_chat,opponent_difficult,episode_00014,Average Guesser Number of Revealed Words,1.5
1924,codenames,baseline_clp_chat,opponent_difficult,episode_00014,Average Guesser Number of Unrevealed Guesses,3
1925,codenames,baseline_clp_chat,opponent_difficult,episode_00014,Average Guesser Target Precision,0.334
1926,codenames,baseline_clp_chat,opponent_difficult,episode_00014,Average Guesser Target Recall,0.111
1927,codenames,baseline_clp_chat,opponent_difficult,episode_00014,Average Guesser Target F1,0.167
1928,codenames,baseline_clp_chat,opponent_difficult,episode_00014,Average Guesser Team Precision,0.334
1929,codenames,baseline_clp_chat,opponent_difficult,episode_00014,Average Guesser Team Recall,0.111
1930,codenames,baseline_clp_chat,opponent_difficult,episode_00014,Average Guesser Team F1,0.167
1931,codenames,baseline_clp_chat,opponent_difficult,episode_00014,Aborted,1
1932,codenames,baseline_clp_chat,opponent_difficult,episode_00014,Lose,0
1933,codenames,baseline_clp_chat,opponent_difficult,episode_00014,Success,0
1934,codenames,baseline_clp_chat,opponent_difficult,episode_00014,Game ended through assassin,0
1935,codenames,baseline_clp_chat,opponent_difficult,episode_00014,Episode Recall,0.222
1936,codenames,baseline_clp_chat,opponent_difficult,episode_00014,Episode Negative Recall,0.938
1937,codenames,baseline_clp_chat,opponent_difficult,episode_00014,Number of turns,2
1938,codenames,baseline_clp_chat,opponent_difficult,episode_00014,Efficiency,1
1939,codenames,baseline_clp_chat,opponent_difficult,episode_00014,Request Count,3
1940,codenames,baseline_clp_chat,opponent_difficult,episode_00014,Parsed Request Count,2
1941,codenames,baseline_clp_chat,opponent_difficult,episode_00014,Violated Request Count,1
1942,codenames,baseline_clp_chat,opponent_difficult,episode_00014,Request Success Ratio,0.667
1943,codenames,baseline_clp_chat,opponent_difficult,episode_00014,Main Score,
1944,codenames,baseline_clp_chat,opponent_easy,episode_00011,experiment variable,Opponent Difficulty
1945,codenames,baseline_clp_chat,opponent_easy,episode_00011,experiment name,opponent_easy
1946,codenames,baseline_clp_chat,opponent_easy,episode_00011,Cluegiver strip words,2
1947,codenames,baseline_clp_chat,opponent_easy,episode_00011,Guesser strip words,0
1948,codenames,baseline_clp_chat,opponent_easy,episode_00011,Average Cluegiver Number of Targets,8
1949,codenames,baseline_clp_chat,opponent_easy,episode_00011,Average Cluegiver Team Precision,1.0
1950,codenames,baseline_clp_chat,opponent_easy,episode_00011,Average Cluegiver Team Recall,1.0
1951,codenames,baseline_clp_chat,opponent_easy,episode_00011,Average Cluegiver Team F1,1.0
1952,codenames,baseline_clp_chat,opponent_easy,episode_00011,Average Guesser Number of Guesses,8
1953,codenames,baseline_clp_chat,opponent_easy,episode_00011,Average Guesser Number of Revealed Words,3
1954,codenames,baseline_clp_chat,opponent_easy,episode_00011,Average Guesser Number of Unrevealed Guesses,5
1955,codenames,baseline_clp_chat,opponent_easy,episode_00011,Average Guesser Target Precision,0.667
1956,codenames,baseline_clp_chat,opponent_easy,episode_00011,Average Guesser Target Recall,0.254
1957,codenames,baseline_clp_chat,opponent_easy,episode_00011,Average Guesser Target F1,0.367
1958,codenames,baseline_clp_chat,opponent_easy,episode_00011,Average Guesser Team Precision,0.667
1959,codenames,baseline_clp_chat,opponent_easy,episode_00011,Average Guesser Team Recall,0.254
1960,codenames,baseline_clp_chat,opponent_easy,episode_00011,Average Guesser Team F1,0.367
1961,codenames,baseline_clp_chat,opponent_easy,episode_00011,Aborted,0
1962,codenames,baseline_clp_chat,opponent_easy,episode_00011,Lose,1
1963,codenames,baseline_clp_chat,opponent_easy,episode_00011,Success,0
1964,codenames,baseline_clp_chat,opponent_easy,episode_00011,Game ended through assassin,1
1965,codenames,baseline_clp_chat,opponent_easy,episode_00011,Episode Recall,0.444
1966,codenames,baseline_clp_chat,opponent_easy,episode_00011,Episode Negative Recall,0.875
1967,codenames,baseline_clp_chat,opponent_easy,episode_00011,Number of turns,3
1968,codenames,baseline_clp_chat,opponent_easy,episode_00011,Efficiency,1
1969,codenames,baseline_clp_chat,opponent_easy,episode_00011,Request Count,4
1970,codenames,baseline_clp_chat,opponent_easy,episode_00011,Parsed Request Count,4
1971,codenames,baseline_clp_chat,opponent_easy,episode_00011,Violated Request Count,0
1972,codenames,baseline_clp_chat,opponent_easy,episode_00011,Request Success Ratio,1.0
1973,codenames,baseline_clp_chat,opponent_easy,episode_00011,Main Score,0
1974,codenames,baseline_clp_chat,opponent_easy,episode_00012,experiment variable,Opponent Difficulty
1975,codenames,baseline_clp_chat,opponent_easy,episode_00012,experiment name,opponent_easy
1976,codenames,baseline_clp_chat,opponent_easy,episode_00012,Cluegiver strip words,2
1977,codenames,baseline_clp_chat,opponent_easy,episode_00012,Guesser strip words,0
1978,codenames,baseline_clp_chat,opponent_easy,episode_00012,Average Cluegiver Number of Targets,3
1979,codenames,baseline_clp_chat,opponent_easy,episode_00012,Average Cluegiver Team Precision,0.334
1980,codenames,baseline_clp_chat,opponent_easy,episode_00012,Average Cluegiver Team Recall,0.222
1981,codenames,baseline_clp_chat,opponent_easy,episode_00012,Average Cluegiver Team F1,0.267
1982,codenames,baseline_clp_chat,opponent_easy,episode_00012,Average Guesser Number of Guesses,3
1983,codenames,baseline_clp_chat,opponent_easy,episode_00012,Average Guesser Number of Revealed Words,0.5
1984,codenames,baseline_clp_chat,opponent_easy,episode_00012,Average Guesser Number of Unrevealed Guesses,2.5
1985,codenames,baseline_clp_chat,opponent_easy,episode_00012,Average Guesser Target Precision,0.5
1986,codenames,baseline_clp_chat,opponent_easy,episode_00012,Average Guesser Target Recall,0.084
1987,codenames,baseline_clp_chat,opponent_easy,episode_00012,Average Guesser Target F1,0.143
1988,codenames,baseline_clp_chat,opponent_easy,episode_00012,Average Guesser Team Precision,0.0
1989,codenames,baseline_clp_chat,opponent_easy,episode_00012,Average Guesser Team Recall,0.0
1990,codenames,baseline_clp_chat,opponent_easy,episode_00012,Average Guesser Team F1,0
1991,codenames,baseline_clp_chat,opponent_easy,episode_00012,Aborted,1
1992,codenames,baseline_clp_chat,opponent_easy,episode_00012,Lose,0
1993,codenames,baseline_clp_chat,opponent_easy,episode_00012,Success,0
1994,codenames,baseline_clp_chat,opponent_easy,episode_00012,Game ended through assassin,0
1995,codenames,baseline_clp_chat,opponent_easy,episode_00012,Episode Recall,0.0
1996,codenames,baseline_clp_chat,opponent_easy,episode_00012,Episode Negative Recall,0.938
1997,codenames,baseline_clp_chat,opponent_easy,episode_00012,Number of turns,2
1998,codenames,baseline_clp_chat,opponent_easy,episode_00012,Efficiency,1
1999,codenames,baseline_clp_chat,opponent_easy,episode_00012,Request Count,3
2000,codenames,baseline_clp_chat,opponent_easy,episode_00012,Parsed Request Count,2
2001,codenames,baseline_clp_chat,opponent_easy,episode_00012,Violated Request Count,1
2002,codenames,baseline_clp_chat,opponent_easy,episode_00012,Request Success Ratio,0.667
2003,codenames,baseline_clp_chat,opponent_easy,episode_00012,Main Score,
2004,codenames,baseline_clp_chat,opponent_none,episode_00009,experiment variable,Opponent Difficulty
2005,codenames,baseline_clp_chat,opponent_none,episode_00009,experiment name,opponent_none
2006,codenames,baseline_clp_chat,opponent_none,episode_00009,Cluegiver strip words,1
2007,codenames,baseline_clp_chat,opponent_none,episode_00009,Guesser strip words,0
2008,codenames,baseline_clp_chat,opponent_none,episode_00009,Average Cluegiver Number of Targets,9
2009,codenames,baseline_clp_chat,opponent_none,episode_00009,Average Cluegiver Team Precision,1.0
2010,codenames,baseline_clp_chat,opponent_none,episode_00009,Average Cluegiver Team Recall,1.0
2011,codenames,baseline_clp_chat,opponent_none,episode_00009,Average Cluegiver Team F1,1.0
2012,codenames,baseline_clp_chat,opponent_none,episode_00009,Average Guesser Number of Guesses,0
2013,codenames,baseline_clp_chat,opponent_none,episode_00009,Average Guesser Number of Revealed Words,0
2014,codenames,baseline_clp_chat,opponent_none,episode_00009,Average Guesser Number of Unrevealed Guesses,0
2015,codenames,baseline_clp_chat,opponent_none,episode_00009,Average Guesser Target Precision,0
2016,codenames,baseline_clp_chat,opponent_none,episode_00009,Average Guesser Target Recall,0.0
2017,codenames,baseline_clp_chat,opponent_none,episode_00009,Average Guesser Target F1,0
2018,codenames,baseline_clp_chat,opponent_none,episode_00009,Average Guesser Team Precision,0
2019,codenames,baseline_clp_chat,opponent_none,episode_00009,Average Guesser Team Recall,0.0
2020,codenames,baseline_clp_chat,opponent_none,episode_00009,Average Guesser Team F1,0
2021,codenames,baseline_clp_chat,opponent_none,episode_00009,Aborted,1
2022,codenames,baseline_clp_chat,opponent_none,episode_00009,Lose,0
2023,codenames,baseline_clp_chat,opponent_none,episode_00009,Success,0
2024,codenames,baseline_clp_chat,opponent_none,episode_00009,Game ended through assassin,0
2025,codenames,baseline_clp_chat,opponent_none,episode_00009,Episode Recall,0.0
2026,codenames,baseline_clp_chat,opponent_none,episode_00009,Episode Negative Recall,1.0
2027,codenames,baseline_clp_chat,opponent_none,episode_00009,Number of turns,2
2028,codenames,baseline_clp_chat,opponent_none,episode_00009,Efficiency,0.0
2029,codenames,baseline_clp_chat,opponent_none,episode_00009,Request Count,2
2030,codenames,baseline_clp_chat,opponent_none,episode_00009,Parsed Request Count,1
2031,codenames,baseline_clp_chat,opponent_none,episode_00009,Violated Request Count,1
2032,codenames,baseline_clp_chat,opponent_none,episode_00009,Request Success Ratio,0.5
2033,codenames,baseline_clp_chat,opponent_none,episode_00009,Main Score,
2034,codenames,baseline_clp_chat,opponent_none,episode_00010,experiment variable,Opponent Difficulty
2035,codenames,baseline_clp_chat,opponent_none,episode_00010,experiment name,opponent_none
2036,codenames,baseline_clp_chat,opponent_none,episode_00010,Cluegiver strip words,1
2037,codenames,baseline_clp_chat,opponent_none,episode_00010,Guesser strip words,0
2038,codenames,baseline_clp_chat,opponent_none,episode_00010,Average Cluegiver Number of Targets,0
2039,codenames,baseline_clp_chat,opponent_none,episode_00010,Average Cluegiver Team Precision,0
2040,codenames,baseline_clp_chat,opponent_none,episode_00010,Average Cluegiver Team Recall,0.0
2041,codenames,baseline_clp_chat,opponent_none,episode_00010,Average Cluegiver Team F1,0
2042,codenames,baseline_clp_chat,opponent_none,episode_00010,Average Guesser Number of Guesses,0
2043,codenames,baseline_clp_chat,opponent_none,episode_00010,Average Guesser Number of Revealed Words,0
2044,codenames,baseline_clp_chat,opponent_none,episode_00010,Average Guesser Number of Unrevealed Guesses,0
2045,codenames,baseline_clp_chat,opponent_none,episode_00010,Average Guesser Target Precision,0
2046,codenames,baseline_clp_chat,opponent_none,episode_00010,Average Guesser Target Recall,0
2047,codenames,baseline_clp_chat,opponent_none,episode_00010,Average Guesser Target F1,0
2048,codenames,baseline_clp_chat,opponent_none,episode_00010,Average Guesser Team Precision,0
2049,codenames,baseline_clp_chat,opponent_none,episode_00010,Average Guesser Team Recall,0.0
2050,codenames,baseline_clp_chat,opponent_none,episode_00010,Average Guesser Team F1,0
2051,codenames,baseline_clp_chat,opponent_none,episode_00010,Aborted,1
2052,codenames,baseline_clp_chat,opponent_none,episode_00010,Lose,0
2053,codenames,baseline_clp_chat,opponent_none,episode_00010,Success,0
2054,codenames,baseline_clp_chat,opponent_none,episode_00010,Game ended through assassin,0
2055,codenames,baseline_clp_chat,opponent_none,episode_00010,Episode Recall,0.0
2056,codenames,baseline_clp_chat,opponent_none,episode_00010,Episode Negative Recall,1.0
2057,codenames,baseline_clp_chat,opponent_none,episode_00010,Number of turns,1
2058,codenames,baseline_clp_chat,opponent_none,episode_00010,Efficiency,0.0
2059,codenames,baseline_clp_chat,opponent_none,episode_00010,Request Count,1
2060,codenames,baseline_clp_chat,opponent_none,episode_00010,Parsed Request Count,0
2061,codenames,baseline_clp_chat,opponent_none,episode_00010,Violated Request Count,1
2062,codenames,baseline_clp_chat,opponent_none,episode_00010,Request Success Ratio,0.0
2063,codenames,baseline_clp_chat,opponent_none,episode_00010,Main Score,
2064,codenames,baseline_clp_chat,risk_high,episode_00003,experiment variable,Risk
2065,codenames,baseline_clp_chat,risk_high,episode_00003,experiment name,risk_high
2066,codenames,baseline_clp_chat,risk_high,episode_00003,Cluegiver strip words,1
2067,codenames,baseline_clp_chat,risk_high,episode_00003,Guesser strip words,0
2068,codenames,baseline_clp_chat,risk_high,episode_00003,Average Cluegiver Number of Targets,0
2069,codenames,baseline_clp_chat,risk_high,episode_00003,Average Cluegiver Team Precision,0
2070,codenames,baseline_clp_chat,risk_high,episode_00003,Average Cluegiver Team Recall,0.0
2071,codenames,baseline_clp_chat,risk_high,episode_00003,Average Cluegiver Team F1,0
2072,codenames,baseline_clp_chat,risk_high,episode_00003,Average Guesser Number of Guesses,0
2073,codenames,baseline_clp_chat,risk_high,episode_00003,Average Guesser Number of Revealed Words,0
2074,codenames,baseline_clp_chat,risk_high,episode_00003,Average Guesser Number of Unrevealed Guesses,0
2075,codenames,baseline_clp_chat,risk_high,episode_00003,Average Guesser Target Precision,0
2076,codenames,baseline_clp_chat,risk_high,episode_00003,Average Guesser Target Recall,0
2077,codenames,baseline_clp_chat,risk_high,episode_00003,Average Guesser Target F1,0
2078,codenames,baseline_clp_chat,risk_high,episode_00003,Average Guesser Team Precision,0
2079,codenames,baseline_clp_chat,risk_high,episode_00003,Average Guesser Team Recall,0.0
2080,codenames,baseline_clp_chat,risk_high,episode_00003,Average Guesser Team F1,0
2081,codenames,baseline_clp_chat,risk_high,episode_00003,Aborted,1
2082,codenames,baseline_clp_chat,risk_high,episode_00003,Lose,0
2083,codenames,baseline_clp_chat,risk_high,episode_00003,Success,0
2084,codenames,baseline_clp_chat,risk_high,episode_00003,Game ended through assassin,0
2085,codenames,baseline_clp_chat,risk_high,episode_00003,Episode Recall,0.0
2086,codenames,baseline_clp_chat,risk_high,episode_00003,Episode Negative Recall,1.0
2087,codenames,baseline_clp_chat,risk_high,episode_00003,Number of turns,1
2088,codenames,baseline_clp_chat,risk_high,episode_00003,Efficiency,0.0
2089,codenames,baseline_clp_chat,risk_high,episode_00003,Request Count,1
2090,codenames,baseline_clp_chat,risk_high,episode_00003,Parsed Request Count,0
2091,codenames,baseline_clp_chat,risk_high,episode_00003,Violated Request Count,1
2092,codenames,baseline_clp_chat,risk_high,episode_00003,Request Success Ratio,0.0
2093,codenames,baseline_clp_chat,risk_high,episode_00003,Main Score,
2094,codenames,baseline_clp_chat,risk_high,episode_00004,experiment variable,Risk
2095,codenames,baseline_clp_chat,risk_high,episode_00004,experiment name,risk_high
2096,codenames,baseline_clp_chat,risk_high,episode_00004,Cluegiver strip words,2
2097,codenames,baseline_clp_chat,risk_high,episode_00004,Guesser strip words,0
2098,codenames,baseline_clp_chat,risk_high,episode_00004,Average Cluegiver Number of Targets,4.5
2099,codenames,baseline_clp_chat,risk_high,episode_00004,Average Cluegiver Team Precision,0.5
2100,codenames,baseline_clp_chat,risk_high,episode_00004,Average Cluegiver Team Recall,0.5
2101,codenames,baseline_clp_chat,risk_high,episode_00004,Average Cluegiver Team F1,0.5
2102,codenames,baseline_clp_chat,risk_high,episode_00004,Average Guesser Number of Guesses,4.5
2103,codenames,baseline_clp_chat,risk_high,episode_00004,Average Guesser Number of Revealed Words,1
2104,codenames,baseline_clp_chat,risk_high,episode_00004,Average Guesser Number of Unrevealed Guesses,3.5
2105,codenames,baseline_clp_chat,risk_high,episode_00004,Average Guesser Target Precision,0.25
2106,codenames,baseline_clp_chat,risk_high,episode_00004,Average Guesser Target Recall,0.056
2107,codenames,baseline_clp_chat,risk_high,episode_00004,Average Guesser Target F1,0.091
2108,codenames,baseline_clp_chat,risk_high,episode_00004,Average Guesser Team Precision,0.25
2109,codenames,baseline_clp_chat,risk_high,episode_00004,Average Guesser Team Recall,0.056
2110,codenames,baseline_clp_chat,risk_high,episode_00004,Average Guesser Team F1,0.091
2111,codenames,baseline_clp_chat,risk_high,episode_00004,Aborted,1
2112,codenames,baseline_clp_chat,risk_high,episode_00004,Lose,0
2113,codenames,baseline_clp_chat,risk_high,episode_00004,Success,0
2114,codenames,baseline_clp_chat,risk_high,episode_00004,Game ended through assassin,0
2115,codenames,baseline_clp_chat,risk_high,episode_00004,Episode Recall,0.111
2116,codenames,baseline_clp_chat,risk_high,episode_00004,Episode Negative Recall,0.938
2117,codenames,baseline_clp_chat,risk_high,episode_00004,Number of turns,2
2118,codenames,baseline_clp_chat,risk_high,episode_00004,Efficiency,1
2119,codenames,baseline_clp_chat,risk_high,episode_00004,Request Count,3
2120,codenames,baseline_clp_chat,risk_high,episode_00004,Parsed Request Count,2
2121,codenames,baseline_clp_chat,risk_high,episode_00004,Violated Request Count,1
2122,codenames,baseline_clp_chat,risk_high,episode_00004,Request Success Ratio,0.667
2123,codenames,baseline_clp_chat,risk_high,episode_00004,Main Score,
2124,codenames,baseline_clp_chat,risk_low,episode_00001,experiment variable,Risk
2125,codenames,baseline_clp_chat,risk_low,episode_00001,experiment name,risk_low
2126,codenames,baseline_clp_chat,risk_low,episode_00001,Cluegiver strip words,6
2127,codenames,baseline_clp_chat,risk_low,episode_00001,Guesser strip words,0
2128,codenames,baseline_clp_chat,risk_low,episode_00001,Average Cluegiver Number of Targets,2.833
2129,codenames,baseline_clp_chat,risk_low,episode_00001,Average Cluegiver Team Precision,1.0
2130,codenames,baseline_clp_chat,risk_low,episode_00001,Average Cluegiver Team Recall,0.801
2131,codenames,baseline_clp_chat,risk_low,episode_00001,Average Cluegiver Team F1,0.873
2132,codenames,baseline_clp_chat,risk_low,episode_00001,Average Guesser Number of Guesses,2.667
2133,codenames,baseline_clp_chat,risk_low,episode_00001,Average Guesser Number of Revealed Words,2.167
2134,codenames,baseline_clp_chat,risk_low,episode_00001,Average Guesser Number of Unrevealed Guesses,0.5
2135,codenames,baseline_clp_chat,risk_low,episode_00001,Average Guesser Target Precision,0.486
2136,codenames,baseline_clp_chat,risk_low,episode_00001,Average Guesser Target Recall,0.406
2137,codenames,baseline_clp_chat,risk_low,episode_00001,Average Guesser Target F1,0.439
2138,codenames,baseline_clp_chat,risk_low,episode_00001,Average Guesser Team Precision,0.486
2139,codenames,baseline_clp_chat,risk_low,episode_00001,Average Guesser Team Recall,0.291
2140,codenames,baseline_clp_chat,risk_low,episode_00001,Average Guesser Team F1,0.357
2141,codenames,baseline_clp_chat,risk_low,episode_00001,Aborted,0
2142,codenames,baseline_clp_chat,risk_low,episode_00001,Lose,1
2143,codenames,baseline_clp_chat,risk_low,episode_00001,Success,0
2144,codenames,baseline_clp_chat,risk_low,episode_00001,Game ended through assassin,0
2145,codenames,baseline_clp_chat,risk_low,episode_00001,Episode Recall,0.889
2146,codenames,baseline_clp_chat,risk_low,episode_00001,Episode Negative Recall,0.688
2147,codenames,baseline_clp_chat,risk_low,episode_00001,Number of turns,6
2148,codenames,baseline_clp_chat,risk_low,episode_00001,Efficiency,1
2149,codenames,baseline_clp_chat,risk_low,episode_00001,Request Count,11
2150,codenames,baseline_clp_chat,risk_low,episode_00001,Parsed Request Count,11
2151,codenames,baseline_clp_chat,risk_low,episode_00001,Violated Request Count,0
2152,codenames,baseline_clp_chat,risk_low,episode_00001,Request Success Ratio,1.0
2153,codenames,baseline_clp_chat,risk_low,episode_00001,Main Score,0
2154,codenames,baseline_clp_chat,risk_low,episode_00002,experiment variable,Risk
2155,codenames,baseline_clp_chat,risk_low,episode_00002,experiment name,risk_low
2156,codenames,baseline_clp_chat,risk_low,episode_00002,Cluegiver strip words,1
2157,codenames,baseline_clp_chat,risk_low,episode_00002,Guesser strip words,0
2158,codenames,baseline_clp_chat,risk_low,episode_00002,Average Cluegiver Number of Targets,4
2159,codenames,baseline_clp_chat,risk_low,episode_00002,Average Cluegiver Team Precision,1.0
2160,codenames,baseline_clp_chat,risk_low,episode_00002,Average Cluegiver Team Recall,0.444
2161,codenames,baseline_clp_chat,risk_low,episode_00002,Average Cluegiver Team F1,0.615
2162,codenames,baseline_clp_chat,risk_low,episode_00002,Average Guesser Number of Guesses,0
2163,codenames,baseline_clp_chat,risk_low,episode_00002,Average Guesser Number of Revealed Words,0
2164,codenames,baseline_clp_chat,risk_low,episode_00002,Average Guesser Number of Unrevealed Guesses,0
2165,codenames,baseline_clp_chat,risk_low,episode_00002,Average Guesser Target Precision,0
2166,codenames,baseline_clp_chat,risk_low,episode_00002,Average Guesser Target Recall,0.0
2167,codenames,baseline_clp_chat,risk_low,episode_00002,Average Guesser Target F1,0
2168,codenames,baseline_clp_chat,risk_low,episode_00002,Average Guesser Team Precision,0
2169,codenames,baseline_clp_chat,risk_low,episode_00002,Average Guesser Team Recall,0.0
2170,codenames,baseline_clp_chat,risk_low,episode_00002,Average Guesser Team F1,0
2171,codenames,baseline_clp_chat,risk_low,episode_00002,Aborted,1
2172,codenames,baseline_clp_chat,risk_low,episode_00002,Lose,0
2173,codenames,baseline_clp_chat,risk_low,episode_00002,Success,0
2174,codenames,baseline_clp_chat,risk_low,episode_00002,Game ended through assassin,0
2175,codenames,baseline_clp_chat,risk_low,episode_00002,Episode Recall,0.0
2176,codenames,baseline_clp_chat,risk_low,episode_00002,Episode Negative Recall,1.0
2177,codenames,baseline_clp_chat,risk_low,episode_00002,Number of turns,2
2178,codenames,baseline_clp_chat,risk_low,episode_00002,Efficiency,0.0
2179,codenames,baseline_clp_chat,risk_low,episode_00002,Request Count,2
2180,codenames,baseline_clp_chat,risk_low,episode_00002,Parsed Request Count,1
2181,codenames,baseline_clp_chat,risk_low,episode_00002,Violated Request Count,1
2182,codenames,baseline_clp_chat,risk_low,episode_00002,Request Success Ratio,0.5
2183,codenames,baseline_clp_chat,risk_low,episode_00002,Main Score,
2184,codenames,baseline_clp_chat,unambiguous,episode_00019,experiment variable,Word Ambiguity
2185,codenames,baseline_clp_chat,unambiguous,episode_00019,experiment name,unambiguous
2186,codenames,baseline_clp_chat,unambiguous,episode_00019,Cluegiver strip words,6
2187,codenames,baseline_clp_chat,unambiguous,episode_00019,Guesser strip words,0
2188,codenames,baseline_clp_chat,unambiguous,episode_00019,Average Cluegiver Number of Targets,5.167
2189,codenames,baseline_clp_chat,unambiguous,episode_00019,Average Cluegiver Team Precision,1.0
2190,codenames,baseline_clp_chat,unambiguous,episode_00019,Average Cluegiver Team Recall,1.0
2191,codenames,baseline_clp_chat,unambiguous,episode_00019,Average Cluegiver Team F1,1.0
2192,codenames,baseline_clp_chat,unambiguous,episode_00019,Average Guesser Number of Guesses,5
2193,codenames,baseline_clp_chat,unambiguous,episode_00019,Average Guesser Number of Revealed Words,2.167
2194,codenames,baseline_clp_chat,unambiguous,episode_00019,Average Guesser Number of Unrevealed Guesses,2.833
2195,codenames,baseline_clp_chat,unambiguous,episode_00019,Average Guesser Target Precision,0.431
2196,codenames,baseline_clp_chat,unambiguous,episode_00019,Average Guesser Target Recall,0.261
2197,codenames,baseline_clp_chat,unambiguous,episode_00019,Average Guesser Target F1,0.313
2198,codenames,baseline_clp_chat,unambiguous,episode_00019,Average Guesser Team Precision,0.431
2199,codenames,baseline_clp_chat,unambiguous,episode_00019,Average Guesser Team Recall,0.261
2200,codenames,baseline_clp_chat,unambiguous,episode_00019,Average Guesser Team F1,0.313
2201,codenames,baseline_clp_chat,unambiguous,episode_00019,Aborted,0
2202,codenames,baseline_clp_chat,unambiguous,episode_00019,Lose,1
2203,codenames,baseline_clp_chat,unambiguous,episode_00019,Success,0
2204,codenames,baseline_clp_chat,unambiguous,episode_00019,Game ended through assassin,0
2205,codenames,baseline_clp_chat,unambiguous,episode_00019,Episode Recall,0.889
2206,codenames,baseline_clp_chat,unambiguous,episode_00019,Episode Negative Recall,0.688
2207,codenames,baseline_clp_chat,unambiguous,episode_00019,Number of turns,6
2208,codenames,baseline_clp_chat,unambiguous,episode_00019,Efficiency,1
2209,codenames,baseline_clp_chat,unambiguous,episode_00019,Request Count,11
2210,codenames,baseline_clp_chat,unambiguous,episode_00019,Parsed Request Count,11
2211,codenames,baseline_clp_chat,unambiguous,episode_00019,Violated Request Count,0
2212,codenames,baseline_clp_chat,unambiguous,episode_00019,Request Success Ratio,1.0
2213,codenames,baseline_clp_chat,unambiguous,episode_00019,Main Score,0
2214,codenames,baseline_clp_chat,unambiguous,episode_00020,experiment variable,Word Ambiguity
2215,codenames,baseline_clp_chat,unambiguous,episode_00020,experiment name,unambiguous
2216,codenames,baseline_clp_chat,unambiguous,episode_00020,Cluegiver strip words,2
2217,codenames,baseline_clp_chat,unambiguous,episode_00020,Guesser strip words,0
2218,codenames,baseline_clp_chat,unambiguous,episode_00020,Average Cluegiver Number of Targets,5
2219,codenames,baseline_clp_chat,unambiguous,episode_00020,Average Cluegiver Team Precision,1.0
2220,codenames,baseline_clp_chat,unambiguous,episode_00020,Average Cluegiver Team Recall,0.597
2221,codenames,baseline_clp_chat,unambiguous,episode_00020,Average Cluegiver Team F1,0.736
2222,codenames,baseline_clp_chat,unambiguous,episode_00020,Average Guesser Number of Guesses,2
2223,codenames,baseline_clp_chat,unambiguous,episode_00020,Average Guesser Number of Revealed Words,1
2224,codenames,baseline_clp_chat,unambiguous,episode_00020,Average Guesser Number of Unrevealed Guesses,1
2225,codenames,baseline_clp_chat,unambiguous,episode_00020,Average Guesser Target Precision,0.25
2226,codenames,baseline_clp_chat,unambiguous,episode_00020,Average Guesser Target Recall,0.125
2227,codenames,baseline_clp_chat,unambiguous,episode_00020,Average Guesser Target F1,0.167
2228,codenames,baseline_clp_chat,unambiguous,episode_00020,Average Guesser Team Precision,0.25
2229,codenames,baseline_clp_chat,unambiguous,episode_00020,Average Guesser Team Recall,0.056
2230,codenames,baseline_clp_chat,unambiguous,episode_00020,Average Guesser Team F1,0.091
2231,codenames,baseline_clp_chat,unambiguous,episode_00020,Aborted,1
2232,codenames,baseline_clp_chat,unambiguous,episode_00020,Lose,0
2233,codenames,baseline_clp_chat,unambiguous,episode_00020,Success,0
2234,codenames,baseline_clp_chat,unambiguous,episode_00020,Game ended through assassin,0
2235,codenames,baseline_clp_chat,unambiguous,episode_00020,Episode Recall,0.111
2236,codenames,baseline_clp_chat,unambiguous,episode_00020,Episode Negative Recall,0.938
2237,codenames,baseline_clp_chat,unambiguous,episode_00020,Number of turns,3
2238,codenames,baseline_clp_chat,unambiguous,episode_00020,Efficiency,0.667
2239,codenames,baseline_clp_chat,unambiguous,episode_00020,Request Count,4
2240,codenames,baseline_clp_chat,unambiguous,episode_00020,Parsed Request Count,3
2241,codenames,baseline_clp_chat,unambiguous,episode_00020,Violated Request Count,1
2242,codenames,baseline_clp_chat,unambiguous,episode_00020,Request Success Ratio,0.75
2243,codenames,baseline_clp_chat,unambiguous,episode_00020,Main Score,
2244,dond,baseline_clp_chat,coop_en,episode_00001,Request Count,5
2245,dond,baseline_clp_chat,coop_en,episode_00001,Parsed Request Count,5
2246,dond,baseline_clp_chat,coop_en,episode_00001,Violated Request Count,0
2247,dond,baseline_clp_chat,coop_en,episode_00001,Request Success Ratio,1.0
2248,dond,baseline_clp_chat,coop_en,episode_00001,Aborted,1
2249,dond,baseline_clp_chat,coop_en,episode_00001,Lose,0
2250,dond,baseline_clp_chat,coop_en,episode_00001,Success,0
2251,dond,baseline_clp_chat,coop_en,episode_00001,Main Score,
2252,dond,baseline_clp_chat,coop_en,episode_00002,Request Count,4
2253,dond,baseline_clp_chat,coop_en,episode_00002,Parsed Request Count,4
2254,dond,baseline_clp_chat,coop_en,episode_00002,Violated Request Count,0
2255,dond,baseline_clp_chat,coop_en,episode_00002,Request Success Ratio,1.0
2256,dond,baseline_clp_chat,coop_en,episode_00002,Aborted,1
2257,dond,baseline_clp_chat,coop_en,episode_00002,Lose,0
2258,dond,baseline_clp_chat,coop_en,episode_00002,Success,0
2259,dond,baseline_clp_chat,coop_en,episode_00002,Main Score,
2260,dond,baseline_clp_chat,coop_en,episode_00003,Request Count,11
2261,dond,baseline_clp_chat,coop_en,episode_00003,Parsed Request Count,11
2262,dond,baseline_clp_chat,coop_en,episode_00003,Violated Request Count,0
2263,dond,baseline_clp_chat,coop_en,episode_00003,Request Success Ratio,1.0
2264,dond,baseline_clp_chat,coop_en,episode_00003,Aborted,1
2265,dond,baseline_clp_chat,coop_en,episode_00003,Lose,0
2266,dond,baseline_clp_chat,coop_en,episode_00003,Success,0
2267,dond,baseline_clp_chat,coop_en,episode_00003,Main Score,
2268,dond,baseline_clp_chat,coop_en,episode_00004,Request Count,2
2269,dond,baseline_clp_chat,coop_en,episode_00004,Parsed Request Count,2
2270,dond,baseline_clp_chat,coop_en,episode_00004,Violated Request Count,0
2271,dond,baseline_clp_chat,coop_en,episode_00004,Request Success Ratio,1.0
2272,dond,baseline_clp_chat,coop_en,episode_00004,Aborted,0
2273,dond,baseline_clp_chat,coop_en,episode_00004,Lose,1
2274,dond,baseline_clp_chat,coop_en,episode_00004,Success,0
2275,dond,baseline_clp_chat,coop_en,episode_00004,Main Score,0.0
2276,dond,baseline_clp_chat,coop_en,episode_00004,Sum of Points,0.0
2277,dond,baseline_clp_chat,coop_en,episode_00004,Pareto Optimal,0
2278,dond,baseline_clp_chat,coop_en,episode_00005,Request Count,11
2279,dond,baseline_clp_chat,coop_en,episode_00005,Parsed Request Count,11
2280,dond,baseline_clp_chat,coop_en,episode_00005,Violated Request Count,0
2281,dond,baseline_clp_chat,coop_en,episode_00005,Request Success Ratio,1.0
2282,dond,baseline_clp_chat,coop_en,episode_00005,Aborted,1
2283,dond,baseline_clp_chat,coop_en,episode_00005,Lose,0
2284,dond,baseline_clp_chat,coop_en,episode_00005,Success,0
2285,dond,baseline_clp_chat,coop_en,episode_00005,Main Score,
2286,dond,baseline_clp_chat,coop_en,episode_00006,Request Count,5
2287,dond,baseline_clp_chat,coop_en,episode_00006,Parsed Request Count,5
2288,dond,baseline_clp_chat,coop_en,episode_00006,Violated Request Count,0
2289,dond,baseline_clp_chat,coop_en,episode_00006,Request Success Ratio,1.0
2290,dond,baseline_clp_chat,coop_en,episode_00006,Aborted,1
2291,dond,baseline_clp_chat,coop_en,episode_00006,Lose,0
2292,dond,baseline_clp_chat,coop_en,episode_00006,Success,0
2293,dond,baseline_clp_chat,coop_en,episode_00006,Main Score,
2294,dond,baseline_clp_chat,coop_en,episode_00007,Request Count,9
2295,dond,baseline_clp_chat,coop_en,episode_00007,Parsed Request Count,9
2296,dond,baseline_clp_chat,coop_en,episode_00007,Violated Request Count,0
2297,dond,baseline_clp_chat,coop_en,episode_00007,Request Success Ratio,1.0
2298,dond,baseline_clp_chat,coop_en,episode_00007,Aborted,1
2299,dond,baseline_clp_chat,coop_en,episode_00007,Lose,0
2300,dond,baseline_clp_chat,coop_en,episode_00007,Success,0
2301,dond,baseline_clp_chat,coop_en,episode_00007,Main Score,
2302,dond,baseline_clp_chat,coop_en,episode_00008,Request Count,11
2303,dond,baseline_clp_chat,coop_en,episode_00008,Parsed Request Count,11
2304,dond,baseline_clp_chat,coop_en,episode_00008,Violated Request Count,0
2305,dond,baseline_clp_chat,coop_en,episode_00008,Request Success Ratio,1.0
2306,dond,baseline_clp_chat,coop_en,episode_00008,Aborted,1
2307,dond,baseline_clp_chat,coop_en,episode_00008,Lose,0
2308,dond,baseline_clp_chat,coop_en,episode_00008,Success,0
2309,dond,baseline_clp_chat,coop_en,episode_00008,Main Score,
2310,dond,baseline_clp_chat,coop_en,episode_00009,Request Count,11
2311,dond,baseline_clp_chat,coop_en,episode_00009,Parsed Request Count,11
2312,dond,baseline_clp_chat,coop_en,episode_00009,Violated Request Count,0
2313,dond,baseline_clp_chat,coop_en,episode_00009,Request Success Ratio,1.0
2314,dond,baseline_clp_chat,coop_en,episode_00009,Aborted,1
2315,dond,baseline_clp_chat,coop_en,episode_00009,Lose,0
2316,dond,baseline_clp_chat,coop_en,episode_00009,Success,0
2317,dond,baseline_clp_chat,coop_en,episode_00009,Main Score,
2318,dond,baseline_clp_chat,coop_en,episode_00010,Request Count,11
2319,dond,baseline_clp_chat,coop_en,episode_00010,Parsed Request Count,11
2320,dond,baseline_clp_chat,coop_en,episode_00010,Violated Request Count,0
2321,dond,baseline_clp_chat,coop_en,episode_00010,Request Success Ratio,1.0
2322,dond,baseline_clp_chat,coop_en,episode_00010,Aborted,1
2323,dond,baseline_clp_chat,coop_en,episode_00010,Lose,0
2324,dond,baseline_clp_chat,coop_en,episode_00010,Success,0
2325,dond,baseline_clp_chat,coop_en,episode_00010,Main Score,
2326,dond,baseline_clp_chat,semi_en,episode_00011,Request Count,11
2327,dond,baseline_clp_chat,semi_en,episode_00011,Parsed Request Count,11
2328,dond,baseline_clp_chat,semi_en,episode_00011,Violated Request Count,0
2329,dond,baseline_clp_chat,semi_en,episode_00011,Request Success Ratio,1.0
2330,dond,baseline_clp_chat,semi_en,episode_00011,Aborted,1
2331,dond,baseline_clp_chat,semi_en,episode_00011,Lose,0
2332,dond,baseline_clp_chat,semi_en,episode_00011,Success,0
2333,dond,baseline_clp_chat,semi_en,episode_00011,Main Score,
2334,dond,baseline_clp_chat,semi_en,episode_00012,Request Count,11
2335,dond,baseline_clp_chat,semi_en,episode_00012,Parsed Request Count,11
2336,dond,baseline_clp_chat,semi_en,episode_00012,Violated Request Count,0
2337,dond,baseline_clp_chat,semi_en,episode_00012,Request Success Ratio,1.0
2338,dond,baseline_clp_chat,semi_en,episode_00012,Aborted,1
2339,dond,baseline_clp_chat,semi_en,episode_00012,Lose,0
2340,dond,baseline_clp_chat,semi_en,episode_00012,Success,0
2341,dond,baseline_clp_chat,semi_en,episode_00012,Main Score,
2342,dond,baseline_clp_chat,semi_en,episode_00013,Request Count,11
2343,dond,baseline_clp_chat,semi_en,episode_00013,Parsed Request Count,11
2344,dond,baseline_clp_chat,semi_en,episode_00013,Violated Request Count,0
2345,dond,baseline_clp_chat,semi_en,episode_00013,Request Success Ratio,1.0
2346,dond,baseline_clp_chat,semi_en,episode_00013,Aborted,1
2347,dond,baseline_clp_chat,semi_en,episode_00013,Lose,0
2348,dond,baseline_clp_chat,semi_en,episode_00013,Success,0
2349,dond,baseline_clp_chat,semi_en,episode_00013,Main Score,
2350,dond,baseline_clp_chat,semi_en,episode_00014,Request Count,11
2351,dond,baseline_clp_chat,semi_en,episode_00014,Parsed Request Count,11
2352,dond,baseline_clp_chat,semi_en,episode_00014,Violated Request Count,0
2353,dond,baseline_clp_chat,semi_en,episode_00014,Request Success Ratio,1.0
2354,dond,baseline_clp_chat,semi_en,episode_00014,Aborted,1
2355,dond,baseline_clp_chat,semi_en,episode_00014,Lose,0
2356,dond,baseline_clp_chat,semi_en,episode_00014,Success,0
2357,dond,baseline_clp_chat,semi_en,episode_00014,Main Score,
2358,dond,baseline_clp_chat,semi_en,episode_00015,Request Count,11
2359,dond,baseline_clp_chat,semi_en,episode_00015,Parsed Request Count,11
2360,dond,baseline_clp_chat,semi_en,episode_00015,Violated Request Count,0
2361,dond,baseline_clp_chat,semi_en,episode_00015,Request Success Ratio,1.0
2362,dond,baseline_clp_chat,semi_en,episode_00015,Aborted,1
2363,dond,baseline_clp_chat,semi_en,episode_00015,Lose,0
2364,dond,baseline_clp_chat,semi_en,episode_00015,Success,0
2365,dond,baseline_clp_chat,semi_en,episode_00015,Main Score,
2366,dond,baseline_clp_chat,semi_en,episode_00016,Request Count,11
2367,dond,baseline_clp_chat,semi_en,episode_00016,Parsed Request Count,11
2368,dond,baseline_clp_chat,semi_en,episode_00016,Violated Request Count,0
2369,dond,baseline_clp_chat,semi_en,episode_00016,Request Success Ratio,1.0
2370,dond,baseline_clp_chat,semi_en,episode_00016,Aborted,1
2371,dond,baseline_clp_chat,semi_en,episode_00016,Lose,0
2372,dond,baseline_clp_chat,semi_en,episode_00016,Success,0
2373,dond,baseline_clp_chat,semi_en,episode_00016,Main Score,
2374,dond,baseline_clp_chat,semi_en,episode_00017,Request Count,4
2375,dond,baseline_clp_chat,semi_en,episode_00017,Parsed Request Count,4
2376,dond,baseline_clp_chat,semi_en,episode_00017,Violated Request Count,0
2377,dond,baseline_clp_chat,semi_en,episode_00017,Request Success Ratio,1.0
2378,dond,baseline_clp_chat,semi_en,episode_00017,Aborted,0
2379,dond,baseline_clp_chat,semi_en,episode_00017,Lose,1
2380,dond,baseline_clp_chat,semi_en,episode_00017,Success,0
2381,dond,baseline_clp_chat,semi_en,episode_00017,Main Score,0.0
2382,dond,baseline_clp_chat,semi_en,episode_00017,Sum of Points,0.0
2383,dond,baseline_clp_chat,semi_en,episode_00017,Pareto Optimal,0
2384,dond,baseline_clp_chat,semi_en,episode_00018,Request Count,11
2385,dond,baseline_clp_chat,semi_en,episode_00018,Parsed Request Count,11
2386,dond,baseline_clp_chat,semi_en,episode_00018,Violated Request Count,0
2387,dond,baseline_clp_chat,semi_en,episode_00018,Request Success Ratio,1.0
2388,dond,baseline_clp_chat,semi_en,episode_00018,Aborted,1
2389,dond,baseline_clp_chat,semi_en,episode_00018,Lose,0
2390,dond,baseline_clp_chat,semi_en,episode_00018,Success,0
2391,dond,baseline_clp_chat,semi_en,episode_00018,Main Score,
2392,dond,baseline_clp_chat,semi_en,episode_00019,Request Count,11
2393,dond,baseline_clp_chat,semi_en,episode_00019,Parsed Request Count,11
2394,dond,baseline_clp_chat,semi_en,episode_00019,Violated Request Count,0
2395,dond,baseline_clp_chat,semi_en,episode_00019,Request Success Ratio,1.0
2396,dond,baseline_clp_chat,semi_en,episode_00019,Aborted,1
2397,dond,baseline_clp_chat,semi_en,episode_00019,Lose,0
2398,dond,baseline_clp_chat,semi_en,episode_00019,Success,0
2399,dond,baseline_clp_chat,semi_en,episode_00019,Main Score,
2400,dond,baseline_clp_chat,semi_en,episode_00020,Request Count,5
2401,dond,baseline_clp_chat,semi_en,episode_00020,Parsed Request Count,5
2402,dond,baseline_clp_chat,semi_en,episode_00020,Violated Request Count,0
2403,dond,baseline_clp_chat,semi_en,episode_00020,Request Success Ratio,1.0
2404,dond,baseline_clp_chat,semi_en,episode_00020,Aborted,1
2405,dond,baseline_clp_chat,semi_en,episode_00020,Lose,0
2406,dond,baseline_clp_chat,semi_en,episode_00020,Success,0
2407,dond,baseline_clp_chat,semi_en,episode_00020,Main Score,
2408,guesswhat,baseline_clp_chat,Abs_Level_1,episode_00013,Violated Request Count,1
2409,guesswhat,baseline_clp_chat,Abs_Level_1,episode_00013,Parsed Request Count,2
2410,guesswhat,baseline_clp_chat,Abs_Level_1,episode_00013,Request Count,3
2411,guesswhat,baseline_clp_chat,Abs_Level_1,episode_00013,Request Success Ratio,0.6666666666666666
2412,guesswhat,baseline_clp_chat,Abs_Level_1,episode_00013,Aborted,1
2413,guesswhat,baseline_clp_chat,Abs_Level_1,episode_00013,Main Score,
2414,guesswhat,baseline_clp_chat,Abs_Level_1,episode_00013,Invalid format guesser response,1
2415,guesswhat,baseline_clp_chat,Abs_Level_1,episode_00013,Invalid format answerer response,0
2416,guesswhat,baseline_clp_chat,Abs_Level_1,episode_00013,Invalid content guesser response,0
2417,guesswhat,baseline_clp_chat,Abs_Level_1,episode_00013,Invalid content answerer response,0
2418,guesswhat,baseline_clp_chat,Abs_Level_1,episode_00014,Violated Request Count,1
2419,guesswhat,baseline_clp_chat,Abs_Level_1,episode_00014,Parsed Request Count,3
2420,guesswhat,baseline_clp_chat,Abs_Level_1,episode_00014,Request Count,4
2421,guesswhat,baseline_clp_chat,Abs_Level_1,episode_00014,Request Success Ratio,0.75
2422,guesswhat,baseline_clp_chat,Abs_Level_1,episode_00014,Aborted,1
2423,guesswhat,baseline_clp_chat,Abs_Level_1,episode_00014,Main Score,
2424,guesswhat,baseline_clp_chat,Abs_Level_1,episode_00014,Invalid format guesser response,1
2425,guesswhat,baseline_clp_chat,Abs_Level_1,episode_00014,Invalid format answerer response,0
2426,guesswhat,baseline_clp_chat,Abs_Level_1,episode_00014,Invalid content guesser response,0
2427,guesswhat,baseline_clp_chat,Abs_Level_1,episode_00014,Invalid content answerer response,0
2428,guesswhat,baseline_clp_chat,Abs_Level_1,episode_00015,Violated Request Count,1
2429,guesswhat,baseline_clp_chat,Abs_Level_1,episode_00015,Parsed Request Count,3
2430,guesswhat,baseline_clp_chat,Abs_Level_1,episode_00015,Request Count,4
2431,guesswhat,baseline_clp_chat,Abs_Level_1,episode_00015,Request Success Ratio,0.75
2432,guesswhat,baseline_clp_chat,Abs_Level_1,episode_00015,Aborted,1
2433,guesswhat,baseline_clp_chat,Abs_Level_1,episode_00015,Main Score,
2434,guesswhat,baseline_clp_chat,Abs_Level_1,episode_00015,Invalid format guesser response,1
2435,guesswhat,baseline_clp_chat,Abs_Level_1,episode_00015,Invalid format answerer response,0
2436,guesswhat,baseline_clp_chat,Abs_Level_1,episode_00015,Invalid content guesser response,0
2437,guesswhat,baseline_clp_chat,Abs_Level_1,episode_00015,Invalid content answerer response,0
2438,guesswhat,baseline_clp_chat,Abs_Level_1,episode_00016,Violated Request Count,1
2439,guesswhat,baseline_clp_chat,Abs_Level_1,episode_00016,Parsed Request Count,3
2440,guesswhat,baseline_clp_chat,Abs_Level_1,episode_00016,Request Count,4
2441,guesswhat,baseline_clp_chat,Abs_Level_1,episode_00016,Request Success Ratio,0.75
2442,guesswhat,baseline_clp_chat,Abs_Level_1,episode_00016,Aborted,1
2443,guesswhat,baseline_clp_chat,Abs_Level_1,episode_00016,Main Score,
2444,guesswhat,baseline_clp_chat,Abs_Level_1,episode_00016,Invalid format guesser response,1
2445,guesswhat,baseline_clp_chat,Abs_Level_1,episode_00016,Invalid format answerer response,0
2446,guesswhat,baseline_clp_chat,Abs_Level_1,episode_00016,Invalid content guesser response,0
2447,guesswhat,baseline_clp_chat,Abs_Level_1,episode_00016,Invalid content answerer response,0
2448,guesswhat,baseline_clp_chat,Abs_Level_2,episode_00017,Violated Request Count,1
2449,guesswhat,baseline_clp_chat,Abs_Level_2,episode_00017,Parsed Request Count,3
2450,guesswhat,baseline_clp_chat,Abs_Level_2,episode_00017,Request Count,4
2451,guesswhat,baseline_clp_chat,Abs_Level_2,episode_00017,Request Success Ratio,0.75
2452,guesswhat,baseline_clp_chat,Abs_Level_2,episode_00017,Aborted,1
2453,guesswhat,baseline_clp_chat,Abs_Level_2,episode_00017,Main Score,
2454,guesswhat,baseline_clp_chat,Abs_Level_2,episode_00017,Invalid format guesser response,1
2455,guesswhat,baseline_clp_chat,Abs_Level_2,episode_00017,Invalid format answerer response,0
2456,guesswhat,baseline_clp_chat,Abs_Level_2,episode_00017,Invalid content guesser response,0
2457,guesswhat,baseline_clp_chat,Abs_Level_2,episode_00017,Invalid content answerer response,0
2458,guesswhat,baseline_clp_chat,Abs_Level_2,episode_00018,Violated Request Count,1
2459,guesswhat,baseline_clp_chat,Abs_Level_2,episode_00018,Parsed Request Count,3
2460,guesswhat,baseline_clp_chat,Abs_Level_2,episode_00018,Request Count,4
2461,guesswhat,baseline_clp_chat,Abs_Level_2,episode_00018,Request Success Ratio,0.75
2462,guesswhat,baseline_clp_chat,Abs_Level_2,episode_00018,Aborted,1
2463,guesswhat,baseline_clp_chat,Abs_Level_2,episode_00018,Main Score,
2464,guesswhat,baseline_clp_chat,Abs_Level_2,episode_00018,Invalid format guesser response,1
2465,guesswhat,baseline_clp_chat,Abs_Level_2,episode_00018,Invalid format answerer response,0
2466,guesswhat,baseline_clp_chat,Abs_Level_2,episode_00018,Invalid content guesser response,0
2467,guesswhat,baseline_clp_chat,Abs_Level_2,episode_00018,Invalid content answerer response,0
2468,guesswhat,baseline_clp_chat,Abs_Level_2,episode_00019,Violated Request Count,1
2469,guesswhat,baseline_clp_chat,Abs_Level_2,episode_00019,Parsed Request Count,2
2470,guesswhat,baseline_clp_chat,Abs_Level_2,episode_00019,Request Count,3
2471,guesswhat,baseline_clp_chat,Abs_Level_2,episode_00019,Request Success Ratio,0.6666666666666666
2472,guesswhat,baseline_clp_chat,Abs_Level_2,episode_00019,Aborted,1
2473,guesswhat,baseline_clp_chat,Abs_Level_2,episode_00019,Main Score,
2474,guesswhat,baseline_clp_chat,Abs_Level_2,episode_00019,Invalid format guesser response,1
2475,guesswhat,baseline_clp_chat,Abs_Level_2,episode_00019,Invalid format answerer response,0
2476,guesswhat,baseline_clp_chat,Abs_Level_2,episode_00019,Invalid content guesser response,0
2477,guesswhat,baseline_clp_chat,Abs_Level_2,episode_00019,Invalid content answerer response,0
2478,guesswhat,baseline_clp_chat,Abs_Level_2,episode_00020,Violated Request Count,1
2479,guesswhat,baseline_clp_chat,Abs_Level_2,episode_00020,Parsed Request Count,2
2480,guesswhat,baseline_clp_chat,Abs_Level_2,episode_00020,Request Count,3
2481,guesswhat,baseline_clp_chat,Abs_Level_2,episode_00020,Request Success Ratio,0.6666666666666666
2482,guesswhat,baseline_clp_chat,Abs_Level_2,episode_00020,Aborted,1
2483,guesswhat,baseline_clp_chat,Abs_Level_2,episode_00020,Main Score,
2484,guesswhat,baseline_clp_chat,Abs_Level_2,episode_00020,Invalid format guesser response,1
2485,guesswhat,baseline_clp_chat,Abs_Level_2,episode_00020,Invalid format answerer response,0
2486,guesswhat,baseline_clp_chat,Abs_Level_2,episode_00020,Invalid content guesser response,0
2487,guesswhat,baseline_clp_chat,Abs_Level_2,episode_00020,Invalid content answerer response,0
2488,guesswhat,baseline_clp_chat,Abs_Level_3,episode_00021,Violated Request Count,1
2489,guesswhat,baseline_clp_chat,Abs_Level_3,episode_00021,Parsed Request Count,2
2490,guesswhat,baseline_clp_chat,Abs_Level_3,episode_00021,Request Count,3
2491,guesswhat,baseline_clp_chat,Abs_Level_3,episode_00021,Request Success Ratio,0.6666666666666666
2492,guesswhat,baseline_clp_chat,Abs_Level_3,episode_00021,Aborted,1
2493,guesswhat,baseline_clp_chat,Abs_Level_3,episode_00021,Main Score,
2494,guesswhat,baseline_clp_chat,Abs_Level_3,episode_00021,Invalid format guesser response,1
2495,guesswhat,baseline_clp_chat,Abs_Level_3,episode_00021,Invalid format answerer response,0
2496,guesswhat,baseline_clp_chat,Abs_Level_3,episode_00021,Invalid content guesser response,0
2497,guesswhat,baseline_clp_chat,Abs_Level_3,episode_00021,Invalid content answerer response,0
2498,guesswhat,baseline_clp_chat,Abs_Level_3,episode_00022,Violated Request Count,1
2499,guesswhat,baseline_clp_chat,Abs_Level_3,episode_00022,Parsed Request Count,2
2500,guesswhat,baseline_clp_chat,Abs_Level_3,episode_00022,Request Count,3
2501,guesswhat,baseline_clp_chat,Abs_Level_3,episode_00022,Request Success Ratio,0.6666666666666666
2502,guesswhat,baseline_clp_chat,Abs_Level_3,episode_00022,Aborted,1
2503,guesswhat,baseline_clp_chat,Abs_Level_3,episode_00022,Main Score,
2504,guesswhat,baseline_clp_chat,Abs_Level_3,episode_00022,Invalid format guesser response,1
2505,guesswhat,baseline_clp_chat,Abs_Level_3,episode_00022,Invalid format answerer response,0
2506,guesswhat,baseline_clp_chat,Abs_Level_3,episode_00022,Invalid content guesser response,0
2507,guesswhat,baseline_clp_chat,Abs_Level_3,episode_00022,Invalid content answerer response,0
2508,guesswhat,baseline_clp_chat,Abs_Level_3,episode_00023,Violated Request Count,1
2509,guesswhat,baseline_clp_chat,Abs_Level_3,episode_00023,Parsed Request Count,1
2510,guesswhat,baseline_clp_chat,Abs_Level_3,episode_00023,Request Count,2
2511,guesswhat,baseline_clp_chat,Abs_Level_3,episode_00023,Request Success Ratio,0.5
2512,guesswhat,baseline_clp_chat,Abs_Level_3,episode_00023,Aborted,1
2513,guesswhat,baseline_clp_chat,Abs_Level_3,episode_00023,Main Score,
2514,guesswhat,baseline_clp_chat,Abs_Level_3,episode_00023,Invalid format guesser response,1
2515,guesswhat,baseline_clp_chat,Abs_Level_3,episode_00023,Invalid format answerer response,0
2516,guesswhat,baseline_clp_chat,Abs_Level_3,episode_00023,Invalid content guesser response,0
2517,guesswhat,baseline_clp_chat,Abs_Level_3,episode_00023,Invalid content answerer response,0
2518,guesswhat,baseline_clp_chat,Abs_Level_3,episode_00024,Violated Request Count,1
2519,guesswhat,baseline_clp_chat,Abs_Level_3,episode_00024,Parsed Request Count,3
2520,guesswhat,baseline_clp_chat,Abs_Level_3,episode_00024,Request Count,4
2521,guesswhat,baseline_clp_chat,Abs_Level_3,episode_00024,Request Success Ratio,0.75
2522,guesswhat,baseline_clp_chat,Abs_Level_3,episode_00024,Aborted,1
2523,guesswhat,baseline_clp_chat,Abs_Level_3,episode_00024,Main Score,
2524,guesswhat,baseline_clp_chat,Abs_Level_3,episode_00024,Invalid format guesser response,1
2525,guesswhat,baseline_clp_chat,Abs_Level_3,episode_00024,Invalid format answerer response,0
2526,guesswhat,baseline_clp_chat,Abs_Level_3,episode_00024,Invalid content guesser response,0
2527,guesswhat,baseline_clp_chat,Abs_Level_3,episode_00024,Invalid content answerer response,0
2528,guesswhat,baseline_clp_chat,Level_1,episode_00001,Violated Request Count,1
2529,guesswhat,baseline_clp_chat,Level_1,episode_00001,Parsed Request Count,2
2530,guesswhat,baseline_clp_chat,Level_1,episode_00001,Request Count,3
2531,guesswhat,baseline_clp_chat,Level_1,episode_00001,Request Success Ratio,0.6666666666666666
2532,guesswhat,baseline_clp_chat,Level_1,episode_00001,Aborted,1
2533,guesswhat,baseline_clp_chat,Level_1,episode_00001,Main Score,
2534,guesswhat,baseline_clp_chat,Level_1,episode_00001,Invalid format guesser response,1
2535,guesswhat,baseline_clp_chat,Level_1,episode_00001,Invalid format answerer response,0
2536,guesswhat,baseline_clp_chat,Level_1,episode_00001,Invalid content guesser response,0
2537,guesswhat,baseline_clp_chat,Level_1,episode_00001,Invalid content answerer response,0
2538,guesswhat,baseline_clp_chat,Level_1,episode_00002,Violated Request Count,1
2539,guesswhat,baseline_clp_chat,Level_1,episode_00002,Parsed Request Count,3
2540,guesswhat,baseline_clp_chat,Level_1,episode_00002,Request Count,4
2541,guesswhat,baseline_clp_chat,Level_1,episode_00002,Request Success Ratio,0.75
2542,guesswhat,baseline_clp_chat,Level_1,episode_00002,Aborted,1
2543,guesswhat,baseline_clp_chat,Level_1,episode_00002,Main Score,
2544,guesswhat,baseline_clp_chat,Level_1,episode_00002,Invalid format guesser response,1
2545,guesswhat,baseline_clp_chat,Level_1,episode_00002,Invalid format answerer response,0
2546,guesswhat,baseline_clp_chat,Level_1,episode_00002,Invalid content guesser response,0
2547,guesswhat,baseline_clp_chat,Level_1,episode_00002,Invalid content answerer response,0
2548,guesswhat,baseline_clp_chat,Level_1,episode_00003,Violated Request Count,1
2549,guesswhat,baseline_clp_chat,Level_1,episode_00003,Parsed Request Count,2
2550,guesswhat,baseline_clp_chat,Level_1,episode_00003,Request Count,3
2551,guesswhat,baseline_clp_chat,Level_1,episode_00003,Request Success Ratio,0.6666666666666666
2552,guesswhat,baseline_clp_chat,Level_1,episode_00003,Aborted,1
2553,guesswhat,baseline_clp_chat,Level_1,episode_00003,Main Score,
2554,guesswhat,baseline_clp_chat,Level_1,episode_00003,Invalid format guesser response,1
2555,guesswhat,baseline_clp_chat,Level_1,episode_00003,Invalid format answerer response,0
2556,guesswhat,baseline_clp_chat,Level_1,episode_00003,Invalid content guesser response,0
2557,guesswhat,baseline_clp_chat,Level_1,episode_00003,Invalid content answerer response,0
2558,guesswhat,baseline_clp_chat,Level_1,episode_00004,Violated Request Count,1
2559,guesswhat,baseline_clp_chat,Level_1,episode_00004,Parsed Request Count,3
2560,guesswhat,baseline_clp_chat,Level_1,episode_00004,Request Count,4
2561,guesswhat,baseline_clp_chat,Level_1,episode_00004,Request Success Ratio,0.75
2562,guesswhat,baseline_clp_chat,Level_1,episode_00004,Aborted,1
2563,guesswhat,baseline_clp_chat,Level_1,episode_00004,Main Score,
2564,guesswhat,baseline_clp_chat,Level_1,episode_00004,Invalid format guesser response,1
2565,guesswhat,baseline_clp_chat,Level_1,episode_00004,Invalid format answerer response,0
2566,guesswhat,baseline_clp_chat,Level_1,episode_00004,Invalid content guesser response,0
2567,guesswhat,baseline_clp_chat,Level_1,episode_00004,Invalid content answerer response,0
2568,guesswhat,baseline_clp_chat,Level_2,episode_00005,Violated Request Count,1
2569,guesswhat,baseline_clp_chat,Level_2,episode_00005,Parsed Request Count,4
2570,guesswhat,baseline_clp_chat,Level_2,episode_00005,Request Count,5
2571,guesswhat,baseline_clp_chat,Level_2,episode_00005,Request Success Ratio,0.8
2572,guesswhat,baseline_clp_chat,Level_2,episode_00005,Aborted,1
2573,guesswhat,baseline_clp_chat,Level_2,episode_00005,Main Score,
2574,guesswhat,baseline_clp_chat,Level_2,episode_00005,Invalid format guesser response,1
2575,guesswhat,baseline_clp_chat,Level_2,episode_00005,Invalid format answerer response,0
2576,guesswhat,baseline_clp_chat,Level_2,episode_00005,Invalid content guesser response,0
2577,guesswhat,baseline_clp_chat,Level_2,episode_00005,Invalid content answerer response,0
2578,guesswhat,baseline_clp_chat,Level_2,episode_00006,Violated Request Count,1
2579,guesswhat,baseline_clp_chat,Level_2,episode_00006,Parsed Request Count,3
2580,guesswhat,baseline_clp_chat,Level_2,episode_00006,Request Count,4
2581,guesswhat,baseline_clp_chat,Level_2,episode_00006,Request Success Ratio,0.75
2582,guesswhat,baseline_clp_chat,Level_2,episode_00006,Aborted,1
2583,guesswhat,baseline_clp_chat,Level_2,episode_00006,Main Score,
2584,guesswhat,baseline_clp_chat,Level_2,episode_00006,Invalid format guesser response,1
2585,guesswhat,baseline_clp_chat,Level_2,episode_00006,Invalid format answerer response,0
2586,guesswhat,baseline_clp_chat,Level_2,episode_00006,Invalid content guesser response,0
2587,guesswhat,baseline_clp_chat,Level_2,episode_00006,Invalid content answerer response,0
2588,guesswhat,baseline_clp_chat,Level_2,episode_00007,Violated Request Count,1
2589,guesswhat,baseline_clp_chat,Level_2,episode_00007,Parsed Request Count,2
2590,guesswhat,baseline_clp_chat,Level_2,episode_00007,Request Count,3
2591,guesswhat,baseline_clp_chat,Level_2,episode_00007,Request Success Ratio,0.6666666666666666
2592,guesswhat,baseline_clp_chat,Level_2,episode_00007,Aborted,1
2593,guesswhat,baseline_clp_chat,Level_2,episode_00007,Main Score,
2594,guesswhat,baseline_clp_chat,Level_2,episode_00007,Invalid format guesser response,1
2595,guesswhat,baseline_clp_chat,Level_2,episode_00007,Invalid format answerer response,0
2596,guesswhat,baseline_clp_chat,Level_2,episode_00007,Invalid content guesser response,0
2597,guesswhat,baseline_clp_chat,Level_2,episode_00007,Invalid content answerer response,0
2598,guesswhat,baseline_clp_chat,Level_2,episode_00008,Violated Request Count,1
2599,guesswhat,baseline_clp_chat,Level_2,episode_00008,Parsed Request Count,1
2600,guesswhat,baseline_clp_chat,Level_2,episode_00008,Request Count,2
2601,guesswhat,baseline_clp_chat,Level_2,episode_00008,Request Success Ratio,0.5
2602,guesswhat,baseline_clp_chat,Level_2,episode_00008,Aborted,1
2603,guesswhat,baseline_clp_chat,Level_2,episode_00008,Main Score,
2604,guesswhat,baseline_clp_chat,Level_2,episode_00008,Invalid format guesser response,1
2605,guesswhat,baseline_clp_chat,Level_2,episode_00008,Invalid format answerer response,0
2606,guesswhat,baseline_clp_chat,Level_2,episode_00008,Invalid content guesser response,0
2607,guesswhat,baseline_clp_chat,Level_2,episode_00008,Invalid content answerer response,0
2608,guesswhat,baseline_clp_chat,Level_3,episode_00009,Violated Request Count,1
2609,guesswhat,baseline_clp_chat,Level_3,episode_00009,Parsed Request Count,1
2610,guesswhat,baseline_clp_chat,Level_3,episode_00009,Request Count,2
2611,guesswhat,baseline_clp_chat,Level_3,episode_00009,Request Success Ratio,0.5
2612,guesswhat,baseline_clp_chat,Level_3,episode_00009,Aborted,1
2613,guesswhat,baseline_clp_chat,Level_3,episode_00009,Main Score,
2614,guesswhat,baseline_clp_chat,Level_3,episode_00009,Invalid format guesser response,1
2615,guesswhat,baseline_clp_chat,Level_3,episode_00009,Invalid format answerer response,0
2616,guesswhat,baseline_clp_chat,Level_3,episode_00009,Invalid content guesser response,0
2617,guesswhat,baseline_clp_chat,Level_3,episode_00009,Invalid content answerer response,0
2618,guesswhat,baseline_clp_chat,Level_3,episode_00010,Violated Request Count,1
2619,guesswhat,baseline_clp_chat,Level_3,episode_00010,Parsed Request Count,2
2620,guesswhat,baseline_clp_chat,Level_3,episode_00010,Request Count,3
2621,guesswhat,baseline_clp_chat,Level_3,episode_00010,Request Success Ratio,0.6666666666666666
2622,guesswhat,baseline_clp_chat,Level_3,episode_00010,Aborted,1
2623,guesswhat,baseline_clp_chat,Level_3,episode_00010,Main Score,
2624,guesswhat,baseline_clp_chat,Level_3,episode_00010,Invalid format guesser response,1
2625,guesswhat,baseline_clp_chat,Level_3,episode_00010,Invalid format answerer response,0
2626,guesswhat,baseline_clp_chat,Level_3,episode_00010,Invalid content guesser response,0
2627,guesswhat,baseline_clp_chat,Level_3,episode_00010,Invalid content answerer response,0
2628,guesswhat,baseline_clp_chat,Level_3,episode_00011,Violated Request Count,1
2629,guesswhat,baseline_clp_chat,Level_3,episode_00011,Parsed Request Count,2
2630,guesswhat,baseline_clp_chat,Level_3,episode_00011,Request Count,3
2631,guesswhat,baseline_clp_chat,Level_3,episode_00011,Request Success Ratio,0.6666666666666666
2632,guesswhat,baseline_clp_chat,Level_3,episode_00011,Aborted,1
2633,guesswhat,baseline_clp_chat,Level_3,episode_00011,Main Score,
2634,guesswhat,baseline_clp_chat,Level_3,episode_00011,Invalid format guesser response,1
2635,guesswhat,baseline_clp_chat,Level_3,episode_00011,Invalid format answerer response,0
2636,guesswhat,baseline_clp_chat,Level_3,episode_00011,Invalid content guesser response,0
2637,guesswhat,baseline_clp_chat,Level_3,episode_00011,Invalid content answerer response,0
2638,guesswhat,baseline_clp_chat,Level_3,episode_00012,Violated Request Count,1
2639,guesswhat,baseline_clp_chat,Level_3,episode_00012,Parsed Request Count,1
2640,guesswhat,baseline_clp_chat,Level_3,episode_00012,Request Count,2
2641,guesswhat,baseline_clp_chat,Level_3,episode_00012,Request Success Ratio,0.5
2642,guesswhat,baseline_clp_chat,Level_3,episode_00012,Aborted,1
2643,guesswhat,baseline_clp_chat,Level_3,episode_00012,Main Score,
2644,guesswhat,baseline_clp_chat,Level_3,episode_00012,Invalid format guesser response,1
2645,guesswhat,baseline_clp_chat,Level_3,episode_00012,Invalid format answerer response,0
2646,guesswhat,baseline_clp_chat,Level_3,episode_00012,Invalid content guesser response,0
2647,guesswhat,baseline_clp_chat,Level_3,episode_00012,Invalid content answerer response,0
2648,imagegame,baseline_clp_chat,compact_grids,episode_00001,Precision,
2649,imagegame,baseline_clp_chat,compact_grids,episode_00001,Recall,
2650,imagegame,baseline_clp_chat,compact_grids,episode_00001,F1,
2651,imagegame,baseline_clp_chat,compact_grids,episode_00001,Main Score,
2652,imagegame,baseline_clp_chat,compact_grids,episode_00001,Average Changed Cell Count,
2653,imagegame,baseline_clp_chat,compact_grids,episode_00001,Average Generated Instruction Length,
2654,imagegame,baseline_clp_chat,compact_grids,episode_00001,Average Generated Expression Number of Tokens,
2655,imagegame,baseline_clp_chat,compact_grids,episode_00001,Success,0
2656,imagegame,baseline_clp_chat,compact_grids,episode_00001,Lose,0
2657,imagegame,baseline_clp_chat,compact_grids,episode_00001,Aborted,1
2658,imagegame,baseline_clp_chat,compact_grids,episode_00001,Request Count,3
2659,imagegame,baseline_clp_chat,compact_grids,episode_00001,Violated Request Count,1
2660,imagegame,baseline_clp_chat,compact_grids,episode_00001,Parsed Request Count,2
2661,imagegame,baseline_clp_chat,compact_grids,episode_00001,Request Success Ratio,0.6667
2662,imagegame,baseline_clp_chat,compact_grids,episode_00002,Precision,
2663,imagegame,baseline_clp_chat,compact_grids,episode_00002,Recall,
2664,imagegame,baseline_clp_chat,compact_grids,episode_00002,F1,
2665,imagegame,baseline_clp_chat,compact_grids,episode_00002,Main Score,
2666,imagegame,baseline_clp_chat,compact_grids,episode_00002,Average Changed Cell Count,
2667,imagegame,baseline_clp_chat,compact_grids,episode_00002,Average Generated Instruction Length,
2668,imagegame,baseline_clp_chat,compact_grids,episode_00002,Average Generated Expression Number of Tokens,
2669,imagegame,baseline_clp_chat,compact_grids,episode_00002,Success,0
2670,imagegame,baseline_clp_chat,compact_grids,episode_00002,Lose,0
2671,imagegame,baseline_clp_chat,compact_grids,episode_00002,Aborted,1
2672,imagegame,baseline_clp_chat,compact_grids,episode_00002,Request Count,3
2673,imagegame,baseline_clp_chat,compact_grids,episode_00002,Violated Request Count,1
2674,imagegame,baseline_clp_chat,compact_grids,episode_00002,Parsed Request Count,2
2675,imagegame,baseline_clp_chat,compact_grids,episode_00002,Request Success Ratio,0.6667
2676,imagegame,baseline_clp_chat,compact_grids,episode_00003,Precision,
2677,imagegame,baseline_clp_chat,compact_grids,episode_00003,Recall,
2678,imagegame,baseline_clp_chat,compact_grids,episode_00003,F1,
2679,imagegame,baseline_clp_chat,compact_grids,episode_00003,Main Score,
2680,imagegame,baseline_clp_chat,compact_grids,episode_00003,Average Changed Cell Count,
2681,imagegame,baseline_clp_chat,compact_grids,episode_00003,Average Generated Instruction Length,
2682,imagegame,baseline_clp_chat,compact_grids,episode_00003,Average Generated Expression Number of Tokens,
2683,imagegame,baseline_clp_chat,compact_grids,episode_00003,Success,0
2684,imagegame,baseline_clp_chat,compact_grids,episode_00003,Lose,0
2685,imagegame,baseline_clp_chat,compact_grids,episode_00003,Aborted,1
2686,imagegame,baseline_clp_chat,compact_grids,episode_00003,Request Count,3
2687,imagegame,baseline_clp_chat,compact_grids,episode_00003,Violated Request Count,1
2688,imagegame,baseline_clp_chat,compact_grids,episode_00003,Parsed Request Count,2
2689,imagegame,baseline_clp_chat,compact_grids,episode_00003,Request Success Ratio,0.6667
2690,imagegame,baseline_clp_chat,compact_grids,episode_00004,Precision,
2691,imagegame,baseline_clp_chat,compact_grids,episode_00004,Recall,
2692,imagegame,baseline_clp_chat,compact_grids,episode_00004,F1,
2693,imagegame,baseline_clp_chat,compact_grids,episode_00004,Main Score,
2694,imagegame,baseline_clp_chat,compact_grids,episode_00004,Average Changed Cell Count,
2695,imagegame,baseline_clp_chat,compact_grids,episode_00004,Average Generated Instruction Length,
2696,imagegame,baseline_clp_chat,compact_grids,episode_00004,Average Generated Expression Number of Tokens,
2697,imagegame,baseline_clp_chat,compact_grids,episode_00004,Success,0
2698,imagegame,baseline_clp_chat,compact_grids,episode_00004,Lose,0
2699,imagegame,baseline_clp_chat,compact_grids,episode_00004,Aborted,1
2700,imagegame,baseline_clp_chat,compact_grids,episode_00004,Request Count,6
2701,imagegame,baseline_clp_chat,compact_grids,episode_00004,Violated Request Count,1
2702,imagegame,baseline_clp_chat,compact_grids,episode_00004,Parsed Request Count,5
2703,imagegame,baseline_clp_chat,compact_grids,episode_00004,Request Success Ratio,0.8333
2704,imagegame,baseline_clp_chat,compact_grids,episode_00005,Precision,
2705,imagegame,baseline_clp_chat,compact_grids,episode_00005,Recall,
2706,imagegame,baseline_clp_chat,compact_grids,episode_00005,F1,
2707,imagegame,baseline_clp_chat,compact_grids,episode_00005,Main Score,
2708,imagegame,baseline_clp_chat,compact_grids,episode_00005,Average Changed Cell Count,
2709,imagegame,baseline_clp_chat,compact_grids,episode_00005,Average Generated Instruction Length,
2710,imagegame,baseline_clp_chat,compact_grids,episode_00005,Average Generated Expression Number of Tokens,
2711,imagegame,baseline_clp_chat,compact_grids,episode_00005,Success,0
2712,imagegame,baseline_clp_chat,compact_grids,episode_00005,Lose,0
2713,imagegame,baseline_clp_chat,compact_grids,episode_00005,Aborted,1
2714,imagegame,baseline_clp_chat,compact_grids,episode_00005,Request Count,3
2715,imagegame,baseline_clp_chat,compact_grids,episode_00005,Violated Request Count,1
2716,imagegame,baseline_clp_chat,compact_grids,episode_00005,Parsed Request Count,2
2717,imagegame,baseline_clp_chat,compact_grids,episode_00005,Request Success Ratio,0.6667
2718,imagegame,baseline_clp_chat,compact_grids,episode_00006,Precision,
2719,imagegame,baseline_clp_chat,compact_grids,episode_00006,Recall,
2720,imagegame,baseline_clp_chat,compact_grids,episode_00006,F1,
2721,imagegame,baseline_clp_chat,compact_grids,episode_00006,Main Score,
2722,imagegame,baseline_clp_chat,compact_grids,episode_00006,Average Changed Cell Count,
2723,imagegame,baseline_clp_chat,compact_grids,episode_00006,Average Generated Instruction Length,
2724,imagegame,baseline_clp_chat,compact_grids,episode_00006,Average Generated Expression Number of Tokens,
2725,imagegame,baseline_clp_chat,compact_grids,episode_00006,Success,0
2726,imagegame,baseline_clp_chat,compact_grids,episode_00006,Lose,0
2727,imagegame,baseline_clp_chat,compact_grids,episode_00006,Aborted,1
2728,imagegame,baseline_clp_chat,compact_grids,episode_00006,Request Count,6
2729,imagegame,baseline_clp_chat,compact_grids,episode_00006,Violated Request Count,1
2730,imagegame,baseline_clp_chat,compact_grids,episode_00006,Parsed Request Count,5
2731,imagegame,baseline_clp_chat,compact_grids,episode_00006,Request Success Ratio,0.8333
2732,imagegame,baseline_clp_chat,compact_grids,episode_00007,Precision,
2733,imagegame,baseline_clp_chat,compact_grids,episode_00007,Recall,
2734,imagegame,baseline_clp_chat,compact_grids,episode_00007,F1,
2735,imagegame,baseline_clp_chat,compact_grids,episode_00007,Main Score,
2736,imagegame,baseline_clp_chat,compact_grids,episode_00007,Average Changed Cell Count,
2737,imagegame,baseline_clp_chat,compact_grids,episode_00007,Average Generated Instruction Length,
2738,imagegame,baseline_clp_chat,compact_grids,episode_00007,Average Generated Expression Number of Tokens,
2739,imagegame,baseline_clp_chat,compact_grids,episode_00007,Success,0
2740,imagegame,baseline_clp_chat,compact_grids,episode_00007,Lose,0
2741,imagegame,baseline_clp_chat,compact_grids,episode_00007,Aborted,1
2742,imagegame,baseline_clp_chat,compact_grids,episode_00007,Request Count,3
2743,imagegame,baseline_clp_chat,compact_grids,episode_00007,Violated Request Count,1
2744,imagegame,baseline_clp_chat,compact_grids,episode_00007,Parsed Request Count,2
2745,imagegame,baseline_clp_chat,compact_grids,episode_00007,Request Success Ratio,0.6667
2746,imagegame,baseline_clp_chat,compact_grids,episode_00008,Precision,
2747,imagegame,baseline_clp_chat,compact_grids,episode_00008,Recall,
2748,imagegame,baseline_clp_chat,compact_grids,episode_00008,F1,
2749,imagegame,baseline_clp_chat,compact_grids,episode_00008,Main Score,
2750,imagegame,baseline_clp_chat,compact_grids,episode_00008,Average Changed Cell Count,
2751,imagegame,baseline_clp_chat,compact_grids,episode_00008,Average Generated Instruction Length,
2752,imagegame,baseline_clp_chat,compact_grids,episode_00008,Average Generated Expression Number of Tokens,
2753,imagegame,baseline_clp_chat,compact_grids,episode_00008,Success,0
2754,imagegame,baseline_clp_chat,compact_grids,episode_00008,Lose,0
2755,imagegame,baseline_clp_chat,compact_grids,episode_00008,Aborted,1
2756,imagegame,baseline_clp_chat,compact_grids,episode_00008,Request Count,3
2757,imagegame,baseline_clp_chat,compact_grids,episode_00008,Violated Request Count,1
2758,imagegame,baseline_clp_chat,compact_grids,episode_00008,Parsed Request Count,2
2759,imagegame,baseline_clp_chat,compact_grids,episode_00008,Request Success Ratio,0.6667
2760,imagegame,baseline_clp_chat,compact_grids,episode_00009,Precision,
2761,imagegame,baseline_clp_chat,compact_grids,episode_00009,Recall,
2762,imagegame,baseline_clp_chat,compact_grids,episode_00009,F1,
2763,imagegame,baseline_clp_chat,compact_grids,episode_00009,Main Score,
2764,imagegame,baseline_clp_chat,compact_grids,episode_00009,Average Changed Cell Count,
2765,imagegame,baseline_clp_chat,compact_grids,episode_00009,Average Generated Instruction Length,
2766,imagegame,baseline_clp_chat,compact_grids,episode_00009,Average Generated Expression Number of Tokens,
2767,imagegame,baseline_clp_chat,compact_grids,episode_00009,Success,0
2768,imagegame,baseline_clp_chat,compact_grids,episode_00009,Lose,0
2769,imagegame,baseline_clp_chat,compact_grids,episode_00009,Aborted,1
2770,imagegame,baseline_clp_chat,compact_grids,episode_00009,Request Count,3
2771,imagegame,baseline_clp_chat,compact_grids,episode_00009,Violated Request Count,1
2772,imagegame,baseline_clp_chat,compact_grids,episode_00009,Parsed Request Count,2
2773,imagegame,baseline_clp_chat,compact_grids,episode_00009,Request Success Ratio,0.6667
2774,imagegame,baseline_clp_chat,compact_grids,episode_00010,Precision,
2775,imagegame,baseline_clp_chat,compact_grids,episode_00010,Recall,
2776,imagegame,baseline_clp_chat,compact_grids,episode_00010,F1,
2777,imagegame,baseline_clp_chat,compact_grids,episode_00010,Main Score,
2778,imagegame,baseline_clp_chat,compact_grids,episode_00010,Average Changed Cell Count,
2779,imagegame,baseline_clp_chat,compact_grids,episode_00010,Average Generated Instruction Length,
2780,imagegame,baseline_clp_chat,compact_grids,episode_00010,Average Generated Expression Number of Tokens,
2781,imagegame,baseline_clp_chat,compact_grids,episode_00010,Success,0
2782,imagegame,baseline_clp_chat,compact_grids,episode_00010,Lose,0
2783,imagegame,baseline_clp_chat,compact_grids,episode_00010,Aborted,1
2784,imagegame,baseline_clp_chat,compact_grids,episode_00010,Request Count,3
2785,imagegame,baseline_clp_chat,compact_grids,episode_00010,Violated Request Count,1
2786,imagegame,baseline_clp_chat,compact_grids,episode_00010,Parsed Request Count,2
2787,imagegame,baseline_clp_chat,compact_grids,episode_00010,Request Success Ratio,0.6667
2788,imagegame,baseline_clp_chat,compact_grids,episode_00011,Precision,
2789,imagegame,baseline_clp_chat,compact_grids,episode_00011,Recall,
2790,imagegame,baseline_clp_chat,compact_grids,episode_00011,F1,
2791,imagegame,baseline_clp_chat,compact_grids,episode_00011,Main Score,
2792,imagegame,baseline_clp_chat,compact_grids,episode_00011,Average Changed Cell Count,
2793,imagegame,baseline_clp_chat,compact_grids,episode_00011,Average Generated Instruction Length,
2794,imagegame,baseline_clp_chat,compact_grids,episode_00011,Average Generated Expression Number of Tokens,
2795,imagegame,baseline_clp_chat,compact_grids,episode_00011,Success,0
2796,imagegame,baseline_clp_chat,compact_grids,episode_00011,Lose,0
2797,imagegame,baseline_clp_chat,compact_grids,episode_00011,Aborted,1
2798,imagegame,baseline_clp_chat,compact_grids,episode_00011,Request Count,3
2799,imagegame,baseline_clp_chat,compact_grids,episode_00011,Violated Request Count,1
2800,imagegame,baseline_clp_chat,compact_grids,episode_00011,Parsed Request Count,2
2801,imagegame,baseline_clp_chat,compact_grids,episode_00011,Request Success Ratio,0.6667
2802,imagegame,baseline_clp_chat,compact_grids,episode_00012,Precision,
2803,imagegame,baseline_clp_chat,compact_grids,episode_00012,Recall,
2804,imagegame,baseline_clp_chat,compact_grids,episode_00012,F1,
2805,imagegame,baseline_clp_chat,compact_grids,episode_00012,Main Score,
2806,imagegame,baseline_clp_chat,compact_grids,episode_00012,Average Changed Cell Count,
2807,imagegame,baseline_clp_chat,compact_grids,episode_00012,Average Generated Instruction Length,
2808,imagegame,baseline_clp_chat,compact_grids,episode_00012,Average Generated Expression Number of Tokens,
2809,imagegame,baseline_clp_chat,compact_grids,episode_00012,Success,0
2810,imagegame,baseline_clp_chat,compact_grids,episode_00012,Lose,0
2811,imagegame,baseline_clp_chat,compact_grids,episode_00012,Aborted,1
2812,imagegame,baseline_clp_chat,compact_grids,episode_00012,Request Count,3
2813,imagegame,baseline_clp_chat,compact_grids,episode_00012,Violated Request Count,1
2814,imagegame,baseline_clp_chat,compact_grids,episode_00012,Parsed Request Count,2
2815,imagegame,baseline_clp_chat,compact_grids,episode_00012,Request Success Ratio,0.6667
2816,imagegame,baseline_clp_chat,random_grids,episode_00013,Precision,
2817,imagegame,baseline_clp_chat,random_grids,episode_00013,Recall,
2818,imagegame,baseline_clp_chat,random_grids,episode_00013,F1,
2819,imagegame,baseline_clp_chat,random_grids,episode_00013,Main Score,
2820,imagegame,baseline_clp_chat,random_grids,episode_00013,Average Changed Cell Count,
2821,imagegame,baseline_clp_chat,random_grids,episode_00013,Average Generated Instruction Length,
2822,imagegame,baseline_clp_chat,random_grids,episode_00013,Average Generated Expression Number of Tokens,
2823,imagegame,baseline_clp_chat,random_grids,episode_00013,Success,0
2824,imagegame,baseline_clp_chat,random_grids,episode_00013,Lose,0
2825,imagegame,baseline_clp_chat,random_grids,episode_00013,Aborted,1
2826,imagegame,baseline_clp_chat,random_grids,episode_00013,Request Count,3
2827,imagegame,baseline_clp_chat,random_grids,episode_00013,Violated Request Count,1
2828,imagegame,baseline_clp_chat,random_grids,episode_00013,Parsed Request Count,2
2829,imagegame,baseline_clp_chat,random_grids,episode_00013,Request Success Ratio,0.6667
2830,imagegame,baseline_clp_chat,random_grids,episode_00014,Precision,
2831,imagegame,baseline_clp_chat,random_grids,episode_00014,Recall,
2832,imagegame,baseline_clp_chat,random_grids,episode_00014,F1,
2833,imagegame,baseline_clp_chat,random_grids,episode_00014,Main Score,
2834,imagegame,baseline_clp_chat,random_grids,episode_00014,Average Changed Cell Count,
2835,imagegame,baseline_clp_chat,random_grids,episode_00014,Average Generated Instruction Length,
2836,imagegame,baseline_clp_chat,random_grids,episode_00014,Average Generated Expression Number of Tokens,
2837,imagegame,baseline_clp_chat,random_grids,episode_00014,Success,0
2838,imagegame,baseline_clp_chat,random_grids,episode_00014,Lose,0
2839,imagegame,baseline_clp_chat,random_grids,episode_00014,Aborted,1
2840,imagegame,baseline_clp_chat,random_grids,episode_00014,Request Count,3
2841,imagegame,baseline_clp_chat,random_grids,episode_00014,Violated Request Count,1
2842,imagegame,baseline_clp_chat,random_grids,episode_00014,Parsed Request Count,2
2843,imagegame,baseline_clp_chat,random_grids,episode_00014,Request Success Ratio,0.6667
2844,imagegame,baseline_clp_chat,random_grids,episode_00015,Precision,
2845,imagegame,baseline_clp_chat,random_grids,episode_00015,Recall,
2846,imagegame,baseline_clp_chat,random_grids,episode_00015,F1,
2847,imagegame,baseline_clp_chat,random_grids,episode_00015,Main Score,
2848,imagegame,baseline_clp_chat,random_grids,episode_00015,Average Changed Cell Count,
2849,imagegame,baseline_clp_chat,random_grids,episode_00015,Average Generated Instruction Length,
2850,imagegame,baseline_clp_chat,random_grids,episode_00015,Average Generated Expression Number of Tokens,
2851,imagegame,baseline_clp_chat,random_grids,episode_00015,Success,0
2852,imagegame,baseline_clp_chat,random_grids,episode_00015,Lose,0
2853,imagegame,baseline_clp_chat,random_grids,episode_00015,Aborted,1
2854,imagegame,baseline_clp_chat,random_grids,episode_00015,Request Count,3
2855,imagegame,baseline_clp_chat,random_grids,episode_00015,Violated Request Count,1
2856,imagegame,baseline_clp_chat,random_grids,episode_00015,Parsed Request Count,2
2857,imagegame,baseline_clp_chat,random_grids,episode_00015,Request Success Ratio,0.6667
2858,imagegame,baseline_clp_chat,random_grids,episode_00016,Precision,
2859,imagegame,baseline_clp_chat,random_grids,episode_00016,Recall,
2860,imagegame,baseline_clp_chat,random_grids,episode_00016,F1,
2861,imagegame,baseline_clp_chat,random_grids,episode_00016,Main Score,
2862,imagegame,baseline_clp_chat,random_grids,episode_00016,Average Changed Cell Count,
2863,imagegame,baseline_clp_chat,random_grids,episode_00016,Average Generated Instruction Length,
2864,imagegame,baseline_clp_chat,random_grids,episode_00016,Average Generated Expression Number of Tokens,
2865,imagegame,baseline_clp_chat,random_grids,episode_00016,Success,0
2866,imagegame,baseline_clp_chat,random_grids,episode_00016,Lose,0
2867,imagegame,baseline_clp_chat,random_grids,episode_00016,Aborted,1
2868,imagegame,baseline_clp_chat,random_grids,episode_00016,Request Count,3
2869,imagegame,baseline_clp_chat,random_grids,episode_00016,Violated Request Count,1
2870,imagegame,baseline_clp_chat,random_grids,episode_00016,Parsed Request Count,2
2871,imagegame,baseline_clp_chat,random_grids,episode_00016,Request Success Ratio,0.6667
2872,imagegame,baseline_clp_chat,random_grids,episode_00017,Precision,
2873,imagegame,baseline_clp_chat,random_grids,episode_00017,Recall,
2874,imagegame,baseline_clp_chat,random_grids,episode_00017,F1,
2875,imagegame,baseline_clp_chat,random_grids,episode_00017,Main Score,
2876,imagegame,baseline_clp_chat,random_grids,episode_00017,Average Changed Cell Count,
2877,imagegame,baseline_clp_chat,random_grids,episode_00017,Average Generated Instruction Length,
2878,imagegame,baseline_clp_chat,random_grids,episode_00017,Average Generated Expression Number of Tokens,
2879,imagegame,baseline_clp_chat,random_grids,episode_00017,Success,0
2880,imagegame,baseline_clp_chat,random_grids,episode_00017,Lose,0
2881,imagegame,baseline_clp_chat,random_grids,episode_00017,Aborted,1
2882,imagegame,baseline_clp_chat,random_grids,episode_00017,Request Count,3
2883,imagegame,baseline_clp_chat,random_grids,episode_00017,Violated Request Count,1
2884,imagegame,baseline_clp_chat,random_grids,episode_00017,Parsed Request Count,2
2885,imagegame,baseline_clp_chat,random_grids,episode_00017,Request Success Ratio,0.6667
2886,imagegame,baseline_clp_chat,random_grids,episode_00018,Precision,
2887,imagegame,baseline_clp_chat,random_grids,episode_00018,Recall,
2888,imagegame,baseline_clp_chat,random_grids,episode_00018,F1,
2889,imagegame,baseline_clp_chat,random_grids,episode_00018,Main Score,
2890,imagegame,baseline_clp_chat,random_grids,episode_00018,Average Changed Cell Count,
2891,imagegame,baseline_clp_chat,random_grids,episode_00018,Average Generated Instruction Length,
2892,imagegame,baseline_clp_chat,random_grids,episode_00018,Average Generated Expression Number of Tokens,
2893,imagegame,baseline_clp_chat,random_grids,episode_00018,Success,0
2894,imagegame,baseline_clp_chat,random_grids,episode_00018,Lose,0
2895,imagegame,baseline_clp_chat,random_grids,episode_00018,Aborted,1
2896,imagegame,baseline_clp_chat,random_grids,episode_00018,Request Count,3
2897,imagegame,baseline_clp_chat,random_grids,episode_00018,Violated Request Count,1
2898,imagegame,baseline_clp_chat,random_grids,episode_00018,Parsed Request Count,2
2899,imagegame,baseline_clp_chat,random_grids,episode_00018,Request Success Ratio,0.6667
2900,imagegame,baseline_clp_chat,random_grids,episode_00019,Precision,
2901,imagegame,baseline_clp_chat,random_grids,episode_00019,Recall,
2902,imagegame,baseline_clp_chat,random_grids,episode_00019,F1,
2903,imagegame,baseline_clp_chat,random_grids,episode_00019,Main Score,
2904,imagegame,baseline_clp_chat,random_grids,episode_00019,Average Changed Cell Count,
2905,imagegame,baseline_clp_chat,random_grids,episode_00019,Average Generated Instruction Length,
2906,imagegame,baseline_clp_chat,random_grids,episode_00019,Average Generated Expression Number of Tokens,
2907,imagegame,baseline_clp_chat,random_grids,episode_00019,Success,0
2908,imagegame,baseline_clp_chat,random_grids,episode_00019,Lose,0
2909,imagegame,baseline_clp_chat,random_grids,episode_00019,Aborted,1
2910,imagegame,baseline_clp_chat,random_grids,episode_00019,Request Count,3
2911,imagegame,baseline_clp_chat,random_grids,episode_00019,Violated Request Count,1
2912,imagegame,baseline_clp_chat,random_grids,episode_00019,Parsed Request Count,2
2913,imagegame,baseline_clp_chat,random_grids,episode_00019,Request Success Ratio,0.6667
2914,imagegame,baseline_clp_chat,random_grids,episode_00020,Precision,
2915,imagegame,baseline_clp_chat,random_grids,episode_00020,Recall,
2916,imagegame,baseline_clp_chat,random_grids,episode_00020,F1,
2917,imagegame,baseline_clp_chat,random_grids,episode_00020,Main Score,
2918,imagegame,baseline_clp_chat,random_grids,episode_00020,Average Changed Cell Count,
2919,imagegame,baseline_clp_chat,random_grids,episode_00020,Average Generated Instruction Length,
2920,imagegame,baseline_clp_chat,random_grids,episode_00020,Average Generated Expression Number of Tokens,
2921,imagegame,baseline_clp_chat,random_grids,episode_00020,Success,0
2922,imagegame,baseline_clp_chat,random_grids,episode_00020,Lose,0
2923,imagegame,baseline_clp_chat,random_grids,episode_00020,Aborted,1
2924,imagegame,baseline_clp_chat,random_grids,episode_00020,Request Count,3
2925,imagegame,baseline_clp_chat,random_grids,episode_00020,Violated Request Count,1
2926,imagegame,baseline_clp_chat,random_grids,episode_00020,Parsed Request Count,2
2927,imagegame,baseline_clp_chat,random_grids,episode_00020,Request Success Ratio,0.6667
2928,imagegame,baseline_clp_chat,random_grids,episode_00021,Precision,
2929,imagegame,baseline_clp_chat,random_grids,episode_00021,Recall,
2930,imagegame,baseline_clp_chat,random_grids,episode_00021,F1,
2931,imagegame,baseline_clp_chat,random_grids,episode_00021,Main Score,
2932,imagegame,baseline_clp_chat,random_grids,episode_00021,Average Changed Cell Count,
2933,imagegame,baseline_clp_chat,random_grids,episode_00021,Average Generated Instruction Length,
2934,imagegame,baseline_clp_chat,random_grids,episode_00021,Average Generated Expression Number of Tokens,
2935,imagegame,baseline_clp_chat,random_grids,episode_00021,Success,0
2936,imagegame,baseline_clp_chat,random_grids,episode_00021,Lose,0
2937,imagegame,baseline_clp_chat,random_grids,episode_00021,Aborted,1
2938,imagegame,baseline_clp_chat,random_grids,episode_00021,Request Count,3
2939,imagegame,baseline_clp_chat,random_grids,episode_00021,Violated Request Count,1
2940,imagegame,baseline_clp_chat,random_grids,episode_00021,Parsed Request Count,2
2941,imagegame,baseline_clp_chat,random_grids,episode_00021,Request Success Ratio,0.6667
2942,imagegame,baseline_clp_chat,random_grids,episode_00022,Precision,
2943,imagegame,baseline_clp_chat,random_grids,episode_00022,Recall,
2944,imagegame,baseline_clp_chat,random_grids,episode_00022,F1,
2945,imagegame,baseline_clp_chat,random_grids,episode_00022,Main Score,
2946,imagegame,baseline_clp_chat,random_grids,episode_00022,Average Changed Cell Count,
2947,imagegame,baseline_clp_chat,random_grids,episode_00022,Average Generated Instruction Length,
2948,imagegame,baseline_clp_chat,random_grids,episode_00022,Average Generated Expression Number of Tokens,
2949,imagegame,baseline_clp_chat,random_grids,episode_00022,Success,0
2950,imagegame,baseline_clp_chat,random_grids,episode_00022,Lose,0
2951,imagegame,baseline_clp_chat,random_grids,episode_00022,Aborted,1
2952,imagegame,baseline_clp_chat,random_grids,episode_00022,Request Count,3
2953,imagegame,baseline_clp_chat,random_grids,episode_00022,Violated Request Count,1
2954,imagegame,baseline_clp_chat,random_grids,episode_00022,Parsed Request Count,2
2955,imagegame,baseline_clp_chat,random_grids,episode_00022,Request Success Ratio,0.6667
2956,imagegame,baseline_clp_chat,random_grids,episode_00023,Precision,
2957,imagegame,baseline_clp_chat,random_grids,episode_00023,Recall,
2958,imagegame,baseline_clp_chat,random_grids,episode_00023,F1,
2959,imagegame,baseline_clp_chat,random_grids,episode_00023,Main Score,
2960,imagegame,baseline_clp_chat,random_grids,episode_00023,Average Changed Cell Count,
2961,imagegame,baseline_clp_chat,random_grids,episode_00023,Average Generated Instruction Length,
2962,imagegame,baseline_clp_chat,random_grids,episode_00023,Average Generated Expression Number of Tokens,
2963,imagegame,baseline_clp_chat,random_grids,episode_00023,Success,0
2964,imagegame,baseline_clp_chat,random_grids,episode_00023,Lose,0
2965,imagegame,baseline_clp_chat,random_grids,episode_00023,Aborted,1
2966,imagegame,baseline_clp_chat,random_grids,episode_00023,Request Count,3
2967,imagegame,baseline_clp_chat,random_grids,episode_00023,Violated Request Count,1
2968,imagegame,baseline_clp_chat,random_grids,episode_00023,Parsed Request Count,2
2969,imagegame,baseline_clp_chat,random_grids,episode_00023,Request Success Ratio,0.6667
2970,imagegame,baseline_clp_chat,random_grids,episode_00024,Precision,
2971,imagegame,baseline_clp_chat,random_grids,episode_00024,Recall,
2972,imagegame,baseline_clp_chat,random_grids,episode_00024,F1,
2973,imagegame,baseline_clp_chat,random_grids,episode_00024,Main Score,
2974,imagegame,baseline_clp_chat,random_grids,episode_00024,Average Changed Cell Count,
2975,imagegame,baseline_clp_chat,random_grids,episode_00024,Average Generated Instruction Length,
2976,imagegame,baseline_clp_chat,random_grids,episode_00024,Average Generated Expression Number of Tokens,
2977,imagegame,baseline_clp_chat,random_grids,episode_00024,Success,0
2978,imagegame,baseline_clp_chat,random_grids,episode_00024,Lose,0
2979,imagegame,baseline_clp_chat,random_grids,episode_00024,Aborted,1
2980,imagegame,baseline_clp_chat,random_grids,episode_00024,Request Count,3
2981,imagegame,baseline_clp_chat,random_grids,episode_00024,Violated Request Count,1
2982,imagegame,baseline_clp_chat,random_grids,episode_00024,Parsed Request Count,2
2983,imagegame,baseline_clp_chat,random_grids,episode_00024,Request Success Ratio,0.6667
2984,matchit,baseline_clp_chat,different_image,episode_00017,Violated Request Count,0
2985,matchit,baseline_clp_chat,different_image,episode_00017,Parsed Request Count,11
2986,matchit,baseline_clp_chat,different_image,episode_00017,Request Count,11
2987,matchit,baseline_clp_chat,different_image,episode_00017,Aborted,0
2988,matchit,baseline_clp_chat,different_image,episode_00017,Success,1
2989,matchit,baseline_clp_chat,different_image,episode_00017,Lose,0
2990,matchit,baseline_clp_chat,different_image,episode_00017,Main Score,100
2991,matchit,baseline_clp_chat,different_image,episode_00017,Player Score,100
2992,matchit,baseline_clp_chat,different_image,episode_00018,Violated Request Count,0
2993,matchit,baseline_clp_chat,different_image,episode_00018,Parsed Request Count,11
2994,matchit,baseline_clp_chat,different_image,episode_00018,Request Count,11
2995,matchit,baseline_clp_chat,different_image,episode_00018,Aborted,0
2996,matchit,baseline_clp_chat,different_image,episode_00018,Success,1
2997,matchit,baseline_clp_chat,different_image,episode_00018,Lose,0
2998,matchit,baseline_clp_chat,different_image,episode_00018,Main Score,100
2999,matchit,baseline_clp_chat,different_image,episode_00018,Player Score,100
3000,matchit,baseline_clp_chat,different_image,episode_00019,Violated Request Count,0
3001,matchit,baseline_clp_chat,different_image,episode_00019,Parsed Request Count,11
3002,matchit,baseline_clp_chat,different_image,episode_00019,Request Count,11
3003,matchit,baseline_clp_chat,different_image,episode_00019,Aborted,0
3004,matchit,baseline_clp_chat,different_image,episode_00019,Success,1
3005,matchit,baseline_clp_chat,different_image,episode_00019,Lose,0
3006,matchit,baseline_clp_chat,different_image,episode_00019,Main Score,100
3007,matchit,baseline_clp_chat,different_image,episode_00019,Player Score,100
3008,matchit,baseline_clp_chat,different_image,episode_00020,Violated Request Count,0
3009,matchit,baseline_clp_chat,different_image,episode_00020,Parsed Request Count,11
3010,matchit,baseline_clp_chat,different_image,episode_00020,Request Count,11
3011,matchit,baseline_clp_chat,different_image,episode_00020,Aborted,0
3012,matchit,baseline_clp_chat,different_image,episode_00020,Success,1
3013,matchit,baseline_clp_chat,different_image,episode_00020,Lose,0
3014,matchit,baseline_clp_chat,different_image,episode_00020,Main Score,100
3015,matchit,baseline_clp_chat,different_image,episode_00020,Player Score,100
3016,matchit,baseline_clp_chat,different_image,episode_00021,Violated Request Count,0
3017,matchit,baseline_clp_chat,different_image,episode_00021,Parsed Request Count,11
3018,matchit,baseline_clp_chat,different_image,episode_00021,Request Count,11
3019,matchit,baseline_clp_chat,different_image,episode_00021,Aborted,0
3020,matchit,baseline_clp_chat,different_image,episode_00021,Success,1
3021,matchit,baseline_clp_chat,different_image,episode_00021,Lose,0
3022,matchit,baseline_clp_chat,different_image,episode_00021,Main Score,100
3023,matchit,baseline_clp_chat,different_image,episode_00021,Player Score,100
3024,matchit,baseline_clp_chat,different_image,episode_00022,Violated Request Count,0
3025,matchit,baseline_clp_chat,different_image,episode_00022,Parsed Request Count,11
3026,matchit,baseline_clp_chat,different_image,episode_00022,Request Count,11
3027,matchit,baseline_clp_chat,different_image,episode_00022,Aborted,0
3028,matchit,baseline_clp_chat,different_image,episode_00022,Success,1
3029,matchit,baseline_clp_chat,different_image,episode_00022,Lose,0
3030,matchit,baseline_clp_chat,different_image,episode_00022,Main Score,100
3031,matchit,baseline_clp_chat,different_image,episode_00022,Player Score,100
3032,matchit,baseline_clp_chat,different_image,episode_00023,Violated Request Count,0
3033,matchit,baseline_clp_chat,different_image,episode_00023,Parsed Request Count,11
3034,matchit,baseline_clp_chat,different_image,episode_00023,Request Count,11
3035,matchit,baseline_clp_chat,different_image,episode_00023,Aborted,0
3036,matchit,baseline_clp_chat,different_image,episode_00023,Success,1
3037,matchit,baseline_clp_chat,different_image,episode_00023,Lose,0
3038,matchit,baseline_clp_chat,different_image,episode_00023,Main Score,100
3039,matchit,baseline_clp_chat,different_image,episode_00023,Player Score,100
3040,matchit,baseline_clp_chat,different_image,episode_00024,Violated Request Count,0
3041,matchit,baseline_clp_chat,different_image,episode_00024,Parsed Request Count,11
3042,matchit,baseline_clp_chat,different_image,episode_00024,Request Count,11
3043,matchit,baseline_clp_chat,different_image,episode_00024,Aborted,0
3044,matchit,baseline_clp_chat,different_image,episode_00024,Success,1
3045,matchit,baseline_clp_chat,different_image,episode_00024,Lose,0
3046,matchit,baseline_clp_chat,different_image,episode_00024,Main Score,100
3047,matchit,baseline_clp_chat,different_image,episode_00024,Player Score,100
3048,matchit,baseline_clp_chat,same_image,episode_00001,Violated Request Count,0
3049,matchit,baseline_clp_chat,same_image,episode_00001,Parsed Request Count,11
3050,matchit,baseline_clp_chat,same_image,episode_00001,Request Count,11
3051,matchit,baseline_clp_chat,same_image,episode_00001,Aborted,0
3052,matchit,baseline_clp_chat,same_image,episode_00001,Success,1
3053,matchit,baseline_clp_chat,same_image,episode_00001,Lose,0
3054,matchit,baseline_clp_chat,same_image,episode_00001,Main Score,100
3055,matchit,baseline_clp_chat,same_image,episode_00001,Player Score,100
3056,matchit,baseline_clp_chat,same_image,episode_00002,Violated Request Count,0
3057,matchit,baseline_clp_chat,same_image,episode_00002,Parsed Request Count,11
3058,matchit,baseline_clp_chat,same_image,episode_00002,Request Count,11
3059,matchit,baseline_clp_chat,same_image,episode_00002,Aborted,0
3060,matchit,baseline_clp_chat,same_image,episode_00002,Success,1
3061,matchit,baseline_clp_chat,same_image,episode_00002,Lose,0
3062,matchit,baseline_clp_chat,same_image,episode_00002,Main Score,100
3063,matchit,baseline_clp_chat,same_image,episode_00002,Player Score,100
3064,matchit,baseline_clp_chat,same_image,episode_00003,Violated Request Count,0
3065,matchit,baseline_clp_chat,same_image,episode_00003,Parsed Request Count,11
3066,matchit,baseline_clp_chat,same_image,episode_00003,Request Count,11
3067,matchit,baseline_clp_chat,same_image,episode_00003,Aborted,0
3068,matchit,baseline_clp_chat,same_image,episode_00003,Success,1
3069,matchit,baseline_clp_chat,same_image,episode_00003,Lose,0
3070,matchit,baseline_clp_chat,same_image,episode_00003,Main Score,100
3071,matchit,baseline_clp_chat,same_image,episode_00003,Player Score,100
3072,matchit,baseline_clp_chat,same_image,episode_00004,Violated Request Count,0
3073,matchit,baseline_clp_chat,same_image,episode_00004,Parsed Request Count,11
3074,matchit,baseline_clp_chat,same_image,episode_00004,Request Count,11
3075,matchit,baseline_clp_chat,same_image,episode_00004,Aborted,0
3076,matchit,baseline_clp_chat,same_image,episode_00004,Success,1
3077,matchit,baseline_clp_chat,same_image,episode_00004,Lose,0
3078,matchit,baseline_clp_chat,same_image,episode_00004,Main Score,100
3079,matchit,baseline_clp_chat,same_image,episode_00004,Player Score,100
3080,matchit,baseline_clp_chat,same_image,episode_00005,Violated Request Count,1
3081,matchit,baseline_clp_chat,same_image,episode_00005,Parsed Request Count,8
3082,matchit,baseline_clp_chat,same_image,episode_00005,Request Count,9
3083,matchit,baseline_clp_chat,same_image,episode_00005,Aborted,1
3084,matchit,baseline_clp_chat,same_image,episode_00005,Success,0
3085,matchit,baseline_clp_chat,same_image,episode_00005,Lose,0
3086,matchit,baseline_clp_chat,same_image,episode_00005,Main Score,
3087,matchit,baseline_clp_chat,same_image,episode_00005,Player Score,
3088,matchit,baseline_clp_chat,same_image,episode_00006,Violated Request Count,0
3089,matchit,baseline_clp_chat,same_image,episode_00006,Parsed Request Count,11
3090,matchit,baseline_clp_chat,same_image,episode_00006,Request Count,11
3091,matchit,baseline_clp_chat,same_image,episode_00006,Aborted,0
3092,matchit,baseline_clp_chat,same_image,episode_00006,Success,1
3093,matchit,baseline_clp_chat,same_image,episode_00006,Lose,0
3094,matchit,baseline_clp_chat,same_image,episode_00006,Main Score,100
3095,matchit,baseline_clp_chat,same_image,episode_00006,Player Score,100
3096,matchit,baseline_clp_chat,same_image,episode_00007,Violated Request Count,0
3097,matchit,baseline_clp_chat,same_image,episode_00007,Parsed Request Count,11
3098,matchit,baseline_clp_chat,same_image,episode_00007,Request Count,11
3099,matchit,baseline_clp_chat,same_image,episode_00007,Aborted,0
3100,matchit,baseline_clp_chat,same_image,episode_00007,Success,1
3101,matchit,baseline_clp_chat,same_image,episode_00007,Lose,0
3102,matchit,baseline_clp_chat,same_image,episode_00007,Main Score,100
3103,matchit,baseline_clp_chat,same_image,episode_00007,Player Score,100
3104,matchit,baseline_clp_chat,same_image,episode_00008,Violated Request Count,0
3105,matchit,baseline_clp_chat,same_image,episode_00008,Parsed Request Count,11
3106,matchit,baseline_clp_chat,same_image,episode_00008,Request Count,11
3107,matchit,baseline_clp_chat,same_image,episode_00008,Aborted,0
3108,matchit,baseline_clp_chat,same_image,episode_00008,Success,1
3109,matchit,baseline_clp_chat,same_image,episode_00008,Lose,0
3110,matchit,baseline_clp_chat,same_image,episode_00008,Main Score,100
3111,matchit,baseline_clp_chat,same_image,episode_00008,Player Score,100
3112,matchit,baseline_clp_chat,similar_image,episode_00009,Violated Request Count,0
3113,matchit,baseline_clp_chat,similar_image,episode_00009,Parsed Request Count,11
3114,matchit,baseline_clp_chat,similar_image,episode_00009,Request Count,11
3115,matchit,baseline_clp_chat,similar_image,episode_00009,Aborted,0
3116,matchit,baseline_clp_chat,similar_image,episode_00009,Success,1
3117,matchit,baseline_clp_chat,similar_image,episode_00009,Lose,0
3118,matchit,baseline_clp_chat,similar_image,episode_00009,Main Score,100
3119,matchit,baseline_clp_chat,similar_image,episode_00009,Player Score,100
3120,matchit,baseline_clp_chat,similar_image,episode_00010,Violated Request Count,0
3121,matchit,baseline_clp_chat,similar_image,episode_00010,Parsed Request Count,11
3122,matchit,baseline_clp_chat,similar_image,episode_00010,Request Count,11
3123,matchit,baseline_clp_chat,similar_image,episode_00010,Aborted,0
3124,matchit,baseline_clp_chat,similar_image,episode_00010,Success,0
3125,matchit,baseline_clp_chat,similar_image,episode_00010,Lose,1
3126,matchit,baseline_clp_chat,similar_image,episode_00010,Main Score,0
3127,matchit,baseline_clp_chat,similar_image,episode_00010,Player Score,50
3128,matchit,baseline_clp_chat,similar_image,episode_00011,Violated Request Count,0
3129,matchit,baseline_clp_chat,similar_image,episode_00011,Parsed Request Count,11
3130,matchit,baseline_clp_chat,similar_image,episode_00011,Request Count,11
3131,matchit,baseline_clp_chat,similar_image,episode_00011,Aborted,0
3132,matchit,baseline_clp_chat,similar_image,episode_00011,Success,0
3133,matchit,baseline_clp_chat,similar_image,episode_00011,Lose,1
3134,matchit,baseline_clp_chat,similar_image,episode_00011,Main Score,0
3135,matchit,baseline_clp_chat,similar_image,episode_00011,Player Score,50
3136,matchit,baseline_clp_chat,similar_image,episode_00012,Violated Request Count,0
3137,matchit,baseline_clp_chat,similar_image,episode_00012,Parsed Request Count,11
3138,matchit,baseline_clp_chat,similar_image,episode_00012,Request Count,11
3139,matchit,baseline_clp_chat,similar_image,episode_00012,Aborted,0
3140,matchit,baseline_clp_chat,similar_image,episode_00012,Success,1
3141,matchit,baseline_clp_chat,similar_image,episode_00012,Lose,0
3142,matchit,baseline_clp_chat,similar_image,episode_00012,Main Score,100
3143,matchit,baseline_clp_chat,similar_image,episode_00012,Player Score,100
3144,matchit,baseline_clp_chat,similar_image,episode_00013,Violated Request Count,0
3145,matchit,baseline_clp_chat,similar_image,episode_00013,Parsed Request Count,11
3146,matchit,baseline_clp_chat,similar_image,episode_00013,Request Count,11
3147,matchit,baseline_clp_chat,similar_image,episode_00013,Aborted,0
3148,matchit,baseline_clp_chat,similar_image,episode_00013,Success,0
3149,matchit,baseline_clp_chat,similar_image,episode_00013,Lose,1
3150,matchit,baseline_clp_chat,similar_image,episode_00013,Main Score,0
3151,matchit,baseline_clp_chat,similar_image,episode_00013,Player Score,0
3152,matchit,baseline_clp_chat,similar_image,episode_00014,Violated Request Count,0
3153,matchit,baseline_clp_chat,similar_image,episode_00014,Parsed Request Count,11
3154,matchit,baseline_clp_chat,similar_image,episode_00014,Request Count,11
3155,matchit,baseline_clp_chat,similar_image,episode_00014,Aborted,0
3156,matchit,baseline_clp_chat,similar_image,episode_00014,Success,0
3157,matchit,baseline_clp_chat,similar_image,episode_00014,Lose,1
3158,matchit,baseline_clp_chat,similar_image,episode_00014,Main Score,0
3159,matchit,baseline_clp_chat,similar_image,episode_00014,Player Score,50
3160,matchit,baseline_clp_chat,similar_image,episode_00015,Violated Request Count,0
3161,matchit,baseline_clp_chat,similar_image,episode_00015,Parsed Request Count,11
3162,matchit,baseline_clp_chat,similar_image,episode_00015,Request Count,11
3163,matchit,baseline_clp_chat,similar_image,episode_00015,Aborted,0
3164,matchit,baseline_clp_chat,similar_image,episode_00015,Success,1
3165,matchit,baseline_clp_chat,similar_image,episode_00015,Lose,0
3166,matchit,baseline_clp_chat,similar_image,episode_00015,Main Score,100
3167,matchit,baseline_clp_chat,similar_image,episode_00015,Player Score,100
3168,matchit,baseline_clp_chat,similar_image,episode_00016,Violated Request Count,0
3169,matchit,baseline_clp_chat,similar_image,episode_00016,Parsed Request Count,11
3170,matchit,baseline_clp_chat,similar_image,episode_00016,Request Count,11
3171,matchit,baseline_clp_chat,similar_image,episode_00016,Aborted,0
3172,matchit,baseline_clp_chat,similar_image,episode_00016,Success,1
3173,matchit,baseline_clp_chat,similar_image,episode_00016,Lose,0
3174,matchit,baseline_clp_chat,similar_image,episode_00016,Main Score,100
3175,matchit,baseline_clp_chat,similar_image,episode_00016,Player Score,100
3176,matchit_ascii,baseline_clp_chat,different_grid,episode_00019,Violated Request Count,0
3177,matchit_ascii,baseline_clp_chat,different_grid,episode_00019,Parsed Request Count,16
3178,matchit_ascii,baseline_clp_chat,different_grid,episode_00019,Request Count,16
3179,matchit_ascii,baseline_clp_chat,different_grid,episode_00019,Aborted,0
3180,matchit_ascii,baseline_clp_chat,different_grid,episode_00019,Success,1
3181,matchit_ascii,baseline_clp_chat,different_grid,episode_00019,Lose,0
3182,matchit_ascii,baseline_clp_chat,different_grid,episode_00019,Main Score,100
3183,matchit_ascii,baseline_clp_chat,different_grid,episode_00019,Player Score,100
3184,matchit_ascii,baseline_clp_chat,different_grid,episode_00020,Violated Request Count,0
3185,matchit_ascii,baseline_clp_chat,different_grid,episode_00020,Parsed Request Count,16
3186,matchit_ascii,baseline_clp_chat,different_grid,episode_00020,Request Count,16
3187,matchit_ascii,baseline_clp_chat,different_grid,episode_00020,Aborted,0
3188,matchit_ascii,baseline_clp_chat,different_grid,episode_00020,Success,1
3189,matchit_ascii,baseline_clp_chat,different_grid,episode_00020,Lose,0
3190,matchit_ascii,baseline_clp_chat,different_grid,episode_00020,Main Score,100
3191,matchit_ascii,baseline_clp_chat,different_grid,episode_00020,Player Score,100
3192,matchit_ascii,baseline_clp_chat,different_grid,episode_00021,Violated Request Count,0
3193,matchit_ascii,baseline_clp_chat,different_grid,episode_00021,Parsed Request Count,16
3194,matchit_ascii,baseline_clp_chat,different_grid,episode_00021,Request Count,16
3195,matchit_ascii,baseline_clp_chat,different_grid,episode_00021,Aborted,0
3196,matchit_ascii,baseline_clp_chat,different_grid,episode_00021,Success,1
3197,matchit_ascii,baseline_clp_chat,different_grid,episode_00021,Lose,0
3198,matchit_ascii,baseline_clp_chat,different_grid,episode_00021,Main Score,100
3199,matchit_ascii,baseline_clp_chat,different_grid,episode_00021,Player Score,100
3200,matchit_ascii,baseline_clp_chat,different_grid,episode_00022,Violated Request Count,0
3201,matchit_ascii,baseline_clp_chat,different_grid,episode_00022,Parsed Request Count,16
3202,matchit_ascii,baseline_clp_chat,different_grid,episode_00022,Request Count,16
3203,matchit_ascii,baseline_clp_chat,different_grid,episode_00022,Aborted,0
3204,matchit_ascii,baseline_clp_chat,different_grid,episode_00022,Success,1
3205,matchit_ascii,baseline_clp_chat,different_grid,episode_00022,Lose,0
3206,matchit_ascii,baseline_clp_chat,different_grid,episode_00022,Main Score,100
3207,matchit_ascii,baseline_clp_chat,different_grid,episode_00022,Player Score,100
3208,matchit_ascii,baseline_clp_chat,different_grid,episode_00023,Violated Request Count,0
3209,matchit_ascii,baseline_clp_chat,different_grid,episode_00023,Parsed Request Count,16
3210,matchit_ascii,baseline_clp_chat,different_grid,episode_00023,Request Count,16
3211,matchit_ascii,baseline_clp_chat,different_grid,episode_00023,Aborted,0
3212,matchit_ascii,baseline_clp_chat,different_grid,episode_00023,Success,1
3213,matchit_ascii,baseline_clp_chat,different_grid,episode_00023,Lose,0
3214,matchit_ascii,baseline_clp_chat,different_grid,episode_00023,Main Score,100
3215,matchit_ascii,baseline_clp_chat,different_grid,episode_00023,Player Score,100
3216,matchit_ascii,baseline_clp_chat,different_grid,episode_00024,Violated Request Count,0
3217,matchit_ascii,baseline_clp_chat,different_grid,episode_00024,Parsed Request Count,16
3218,matchit_ascii,baseline_clp_chat,different_grid,episode_00024,Request Count,16
3219,matchit_ascii,baseline_clp_chat,different_grid,episode_00024,Aborted,0
3220,matchit_ascii,baseline_clp_chat,different_grid,episode_00024,Success,1
3221,matchit_ascii,baseline_clp_chat,different_grid,episode_00024,Lose,0
3222,matchit_ascii,baseline_clp_chat,different_grid,episode_00024,Main Score,100
3223,matchit_ascii,baseline_clp_chat,different_grid,episode_00024,Player Score,100
3224,matchit_ascii,baseline_clp_chat,same_grid,episode_00001,Violated Request Count,0
3225,matchit_ascii,baseline_clp_chat,same_grid,episode_00001,Parsed Request Count,16
3226,matchit_ascii,baseline_clp_chat,same_grid,episode_00001,Request Count,16
3227,matchit_ascii,baseline_clp_chat,same_grid,episode_00001,Aborted,0
3228,matchit_ascii,baseline_clp_chat,same_grid,episode_00001,Success,1
3229,matchit_ascii,baseline_clp_chat,same_grid,episode_00001,Lose,0
3230,matchit_ascii,baseline_clp_chat,same_grid,episode_00001,Main Score,100
3231,matchit_ascii,baseline_clp_chat,same_grid,episode_00001,Player Score,100
3232,matchit_ascii,baseline_clp_chat,same_grid,episode_00002,Violated Request Count,0
3233,matchit_ascii,baseline_clp_chat,same_grid,episode_00002,Parsed Request Count,16
3234,matchit_ascii,baseline_clp_chat,same_grid,episode_00002,Request Count,16
3235,matchit_ascii,baseline_clp_chat,same_grid,episode_00002,Aborted,0
3236,matchit_ascii,baseline_clp_chat,same_grid,episode_00002,Success,1
3237,matchit_ascii,baseline_clp_chat,same_grid,episode_00002,Lose,0
3238,matchit_ascii,baseline_clp_chat,same_grid,episode_00002,Main Score,100
3239,matchit_ascii,baseline_clp_chat,same_grid,episode_00002,Player Score,100
3240,matchit_ascii,baseline_clp_chat,same_grid,episode_00003,Violated Request Count,0
3241,matchit_ascii,baseline_clp_chat,same_grid,episode_00003,Parsed Request Count,16
3242,matchit_ascii,baseline_clp_chat,same_grid,episode_00003,Request Count,16
3243,matchit_ascii,baseline_clp_chat,same_grid,episode_00003,Aborted,0
3244,matchit_ascii,baseline_clp_chat,same_grid,episode_00003,Success,1
3245,matchit_ascii,baseline_clp_chat,same_grid,episode_00003,Lose,0
3246,matchit_ascii,baseline_clp_chat,same_grid,episode_00003,Main Score,100
3247,matchit_ascii,baseline_clp_chat,same_grid,episode_00003,Player Score,100
3248,matchit_ascii,baseline_clp_chat,same_grid,episode_00004,Violated Request Count,0
3249,matchit_ascii,baseline_clp_chat,same_grid,episode_00004,Parsed Request Count,16
3250,matchit_ascii,baseline_clp_chat,same_grid,episode_00004,Request Count,16
3251,matchit_ascii,baseline_clp_chat,same_grid,episode_00004,Aborted,0
3252,matchit_ascii,baseline_clp_chat,same_grid,episode_00004,Success,1
3253,matchit_ascii,baseline_clp_chat,same_grid,episode_00004,Lose,0
3254,matchit_ascii,baseline_clp_chat,same_grid,episode_00004,Main Score,100
3255,matchit_ascii,baseline_clp_chat,same_grid,episode_00004,Player Score,100
3256,matchit_ascii,baseline_clp_chat,same_grid,episode_00005,Violated Request Count,1
3257,matchit_ascii,baseline_clp_chat,same_grid,episode_00005,Parsed Request Count,15
3258,matchit_ascii,baseline_clp_chat,same_grid,episode_00005,Request Count,16
3259,matchit_ascii,baseline_clp_chat,same_grid,episode_00005,Aborted,0
3260,matchit_ascii,baseline_clp_chat,same_grid,episode_00005,Success,0
3261,matchit_ascii,baseline_clp_chat,same_grid,episode_00005,Lose,1
3262,matchit_ascii,baseline_clp_chat,same_grid,episode_00005,Main Score,0
3263,matchit_ascii,baseline_clp_chat,same_grid,episode_00005,Player Score,50
3264,matchit_ascii,baseline_clp_chat,same_grid,episode_00006,Violated Request Count,0
3265,matchit_ascii,baseline_clp_chat,same_grid,episode_00006,Parsed Request Count,16
3266,matchit_ascii,baseline_clp_chat,same_grid,episode_00006,Request Count,16
3267,matchit_ascii,baseline_clp_chat,same_grid,episode_00006,Aborted,0
3268,matchit_ascii,baseline_clp_chat,same_grid,episode_00006,Success,1
3269,matchit_ascii,baseline_clp_chat,same_grid,episode_00006,Lose,0
3270,matchit_ascii,baseline_clp_chat,same_grid,episode_00006,Main Score,100
3271,matchit_ascii,baseline_clp_chat,same_grid,episode_00006,Player Score,100
3272,matchit_ascii,baseline_clp_chat,similar_grid_1,episode_00007,Violated Request Count,1
3273,matchit_ascii,baseline_clp_chat,similar_grid_1,episode_00007,Parsed Request Count,15
3274,matchit_ascii,baseline_clp_chat,similar_grid_1,episode_00007,Request Count,16
3275,matchit_ascii,baseline_clp_chat,similar_grid_1,episode_00007,Aborted,0
3276,matchit_ascii,baseline_clp_chat,similar_grid_1,episode_00007,Success,0
3277,matchit_ascii,baseline_clp_chat,similar_grid_1,episode_00007,Lose,1
3278,matchit_ascii,baseline_clp_chat,similar_grid_1,episode_00007,Main Score,0
3279,matchit_ascii,baseline_clp_chat,similar_grid_1,episode_00007,Player Score,50
3280,matchit_ascii,baseline_clp_chat,similar_grid_1,episode_00008,Violated Request Count,0
3281,matchit_ascii,baseline_clp_chat,similar_grid_1,episode_00008,Parsed Request Count,16
3282,matchit_ascii,baseline_clp_chat,similar_grid_1,episode_00008,Request Count,16
3283,matchit_ascii,baseline_clp_chat,similar_grid_1,episode_00008,Aborted,0
3284,matchit_ascii,baseline_clp_chat,similar_grid_1,episode_00008,Success,1
3285,matchit_ascii,baseline_clp_chat,similar_grid_1,episode_00008,Lose,0
3286,matchit_ascii,baseline_clp_chat,similar_grid_1,episode_00008,Main Score,100
3287,matchit_ascii,baseline_clp_chat,similar_grid_1,episode_00008,Player Score,100
3288,matchit_ascii,baseline_clp_chat,similar_grid_1,episode_00009,Violated Request Count,0
3289,matchit_ascii,baseline_clp_chat,similar_grid_1,episode_00009,Parsed Request Count,16
3290,matchit_ascii,baseline_clp_chat,similar_grid_1,episode_00009,Request Count,16
3291,matchit_ascii,baseline_clp_chat,similar_grid_1,episode_00009,Aborted,0
3292,matchit_ascii,baseline_clp_chat,similar_grid_1,episode_00009,Success,1
3293,matchit_ascii,baseline_clp_chat,similar_grid_1,episode_00009,Lose,0
3294,matchit_ascii,baseline_clp_chat,similar_grid_1,episode_00009,Main Score,100
3295,matchit_ascii,baseline_clp_chat,similar_grid_1,episode_00009,Player Score,100
3296,matchit_ascii,baseline_clp_chat,similar_grid_1,episode_00010,Violated Request Count,1
3297,matchit_ascii,baseline_clp_chat,similar_grid_1,episode_00010,Parsed Request Count,15
3298,matchit_ascii,baseline_clp_chat,similar_grid_1,episode_00010,Request Count,16
3299,matchit_ascii,baseline_clp_chat,similar_grid_1,episode_00010,Aborted,0
3300,matchit_ascii,baseline_clp_chat,similar_grid_1,episode_00010,Success,0
3301,matchit_ascii,baseline_clp_chat,similar_grid_1,episode_00010,Lose,1
3302,matchit_ascii,baseline_clp_chat,similar_grid_1,episode_00010,Main Score,0
3303,matchit_ascii,baseline_clp_chat,similar_grid_1,episode_00010,Player Score,0
3304,matchit_ascii,baseline_clp_chat,similar_grid_1,episode_00011,Violated Request Count,0
3305,matchit_ascii,baseline_clp_chat,similar_grid_1,episode_00011,Parsed Request Count,16
3306,matchit_ascii,baseline_clp_chat,similar_grid_1,episode_00011,Request Count,16
3307,matchit_ascii,baseline_clp_chat,similar_grid_1,episode_00011,Aborted,0
3308,matchit_ascii,baseline_clp_chat,similar_grid_1,episode_00011,Success,1
3309,matchit_ascii,baseline_clp_chat,similar_grid_1,episode_00011,Lose,0
3310,matchit_ascii,baseline_clp_chat,similar_grid_1,episode_00011,Main Score,100
3311,matchit_ascii,baseline_clp_chat,similar_grid_1,episode_00011,Player Score,100
3312,matchit_ascii,baseline_clp_chat,similar_grid_1,episode_00012,Violated Request Count,0
3313,matchit_ascii,baseline_clp_chat,similar_grid_1,episode_00012,Parsed Request Count,16
3314,matchit_ascii,baseline_clp_chat,similar_grid_1,episode_00012,Request Count,16
3315,matchit_ascii,baseline_clp_chat,similar_grid_1,episode_00012,Aborted,0
3316,matchit_ascii,baseline_clp_chat,similar_grid_1,episode_00012,Success,1
3317,matchit_ascii,baseline_clp_chat,similar_grid_1,episode_00012,Lose,0
3318,matchit_ascii,baseline_clp_chat,similar_grid_1,episode_00012,Main Score,100
3319,matchit_ascii,baseline_clp_chat,similar_grid_1,episode_00012,Player Score,100
3320,matchit_ascii,baseline_clp_chat,similar_grid_2,episode_00013,Violated Request Count,0
3321,matchit_ascii,baseline_clp_chat,similar_grid_2,episode_00013,Parsed Request Count,16
3322,matchit_ascii,baseline_clp_chat,similar_grid_2,episode_00013,Request Count,16
3323,matchit_ascii,baseline_clp_chat,similar_grid_2,episode_00013,Aborted,0
3324,matchit_ascii,baseline_clp_chat,similar_grid_2,episode_00013,Success,1
3325,matchit_ascii,baseline_clp_chat,similar_grid_2,episode_00013,Lose,0
3326,matchit_ascii,baseline_clp_chat,similar_grid_2,episode_00013,Main Score,100
3327,matchit_ascii,baseline_clp_chat,similar_grid_2,episode_00013,Player Score,100
3328,matchit_ascii,baseline_clp_chat,similar_grid_2,episode_00014,Violated Request Count,0
3329,matchit_ascii,baseline_clp_chat,similar_grid_2,episode_00014,Parsed Request Count,16
3330,matchit_ascii,baseline_clp_chat,similar_grid_2,episode_00014,Request Count,16
3331,matchit_ascii,baseline_clp_chat,similar_grid_2,episode_00014,Aborted,0
3332,matchit_ascii,baseline_clp_chat,similar_grid_2,episode_00014,Success,1
3333,matchit_ascii,baseline_clp_chat,similar_grid_2,episode_00014,Lose,0
3334,matchit_ascii,baseline_clp_chat,similar_grid_2,episode_00014,Main Score,100
3335,matchit_ascii,baseline_clp_chat,similar_grid_2,episode_00014,Player Score,100
3336,matchit_ascii,baseline_clp_chat,similar_grid_2,episode_00015,Violated Request Count,0
3337,matchit_ascii,baseline_clp_chat,similar_grid_2,episode_00015,Parsed Request Count,16
3338,matchit_ascii,baseline_clp_chat,similar_grid_2,episode_00015,Request Count,16
3339,matchit_ascii,baseline_clp_chat,similar_grid_2,episode_00015,Aborted,0
3340,matchit_ascii,baseline_clp_chat,similar_grid_2,episode_00015,Success,1
3341,matchit_ascii,baseline_clp_chat,similar_grid_2,episode_00015,Lose,0
3342,matchit_ascii,baseline_clp_chat,similar_grid_2,episode_00015,Main Score,100
3343,matchit_ascii,baseline_clp_chat,similar_grid_2,episode_00015,Player Score,100
3344,matchit_ascii,baseline_clp_chat,similar_grid_2,episode_00016,Violated Request Count,0
3345,matchit_ascii,baseline_clp_chat,similar_grid_2,episode_00016,Parsed Request Count,16
3346,matchit_ascii,baseline_clp_chat,similar_grid_2,episode_00016,Request Count,16
3347,matchit_ascii,baseline_clp_chat,similar_grid_2,episode_00016,Aborted,0
3348,matchit_ascii,baseline_clp_chat,similar_grid_2,episode_00016,Success,1
3349,matchit_ascii,baseline_clp_chat,similar_grid_2,episode_00016,Lose,0
3350,matchit_ascii,baseline_clp_chat,similar_grid_2,episode_00016,Main Score,100
3351,matchit_ascii,baseline_clp_chat,similar_grid_2,episode_00016,Player Score,100
3352,matchit_ascii,baseline_clp_chat,similar_grid_2,episode_00017,Violated Request Count,0
3353,matchit_ascii,baseline_clp_chat,similar_grid_2,episode_00017,Parsed Request Count,16
3354,matchit_ascii,baseline_clp_chat,similar_grid_2,episode_00017,Request Count,16
3355,matchit_ascii,baseline_clp_chat,similar_grid_2,episode_00017,Aborted,0
3356,matchit_ascii,baseline_clp_chat,similar_grid_2,episode_00017,Success,1
3357,matchit_ascii,baseline_clp_chat,similar_grid_2,episode_00017,Lose,0
3358,matchit_ascii,baseline_clp_chat,similar_grid_2,episode_00017,Main Score,100
3359,matchit_ascii,baseline_clp_chat,similar_grid_2,episode_00017,Player Score,100
3360,matchit_ascii,baseline_clp_chat,similar_grid_2,episode_00018,Violated Request Count,0
3361,matchit_ascii,baseline_clp_chat,similar_grid_2,episode_00018,Parsed Request Count,16
3362,matchit_ascii,baseline_clp_chat,similar_grid_2,episode_00018,Request Count,16
3363,matchit_ascii,baseline_clp_chat,similar_grid_2,episode_00018,Aborted,0
3364,matchit_ascii,baseline_clp_chat,similar_grid_2,episode_00018,Success,1
3365,matchit_ascii,baseline_clp_chat,similar_grid_2,episode_00018,Lose,0
3366,matchit_ascii,baseline_clp_chat,similar_grid_2,episode_00018,Main Score,100
3367,matchit_ascii,baseline_clp_chat,similar_grid_2,episode_00018,Player Score,100
3368,mm_mapworld,baseline_clp_chat,large,episode_00011,Aborted,0
3369,mm_mapworld,baseline_clp_chat,large,episode_00011,Success,0
3370,mm_mapworld,baseline_clp_chat,large,episode_00011,Lose,1
3371,mm_mapworld,baseline_clp_chat,large,episode_00011,moves,3
3372,mm_mapworld,baseline_clp_chat,large,episode_00011,valid_moves,3
3373,mm_mapworld,baseline_clp_chat,large,episode_00011,invalid_moves,0
3374,mm_mapworld,baseline_clp_chat,large,episode_00011,visited,2
3375,mm_mapworld,baseline_clp_chat,large,episode_00011,seen,3
3376,mm_mapworld,baseline_clp_chat,large,episode_00011,effieciency,66.66666666666667
3377,mm_mapworld,baseline_clp_chat,large,episode_00011,exploration,25.0
3378,mm_mapworld,baseline_clp_chat,large,episode_00011,Main Score,36.36363636363637
3379,mm_mapworld,baseline_clp_chat,large,episode_00012,Aborted,0
3380,mm_mapworld,baseline_clp_chat,large,episode_00012,Success,0
3381,mm_mapworld,baseline_clp_chat,large,episode_00012,Lose,1
3382,mm_mapworld,baseline_clp_chat,large,episode_00012,moves,3
3383,mm_mapworld,baseline_clp_chat,large,episode_00012,valid_moves,3
3384,mm_mapworld,baseline_clp_chat,large,episode_00012,invalid_moves,0
3385,mm_mapworld,baseline_clp_chat,large,episode_00012,visited,4
3386,mm_mapworld,baseline_clp_chat,large,episode_00012,seen,6
3387,mm_mapworld,baseline_clp_chat,large,episode_00012,effieciency,100.0
3388,mm_mapworld,baseline_clp_chat,large,episode_00012,exploration,50.0
3389,mm_mapworld,baseline_clp_chat,large,episode_00012,Main Score,66.66666666666667
3390,mm_mapworld,baseline_clp_chat,large,episode_00013,Aborted,0
3391,mm_mapworld,baseline_clp_chat,large,episode_00013,Success,0
3392,mm_mapworld,baseline_clp_chat,large,episode_00013,Lose,1
3393,mm_mapworld,baseline_clp_chat,large,episode_00013,moves,2
3394,mm_mapworld,baseline_clp_chat,large,episode_00013,valid_moves,2
3395,mm_mapworld,baseline_clp_chat,large,episode_00013,invalid_moves,0
3396,mm_mapworld,baseline_clp_chat,large,episode_00013,visited,2
3397,mm_mapworld,baseline_clp_chat,large,episode_00013,seen,4
3398,mm_mapworld,baseline_clp_chat,large,episode_00013,effieciency,100.0
3399,mm_mapworld,baseline_clp_chat,large,episode_00013,exploration,25.0
3400,mm_mapworld,baseline_clp_chat,large,episode_00013,Main Score,40.0
3401,mm_mapworld,baseline_clp_chat,large,episode_00014,Aborted,0
3402,mm_mapworld,baseline_clp_chat,large,episode_00014,Success,0
3403,mm_mapworld,baseline_clp_chat,large,episode_00014,Lose,1
3404,mm_mapworld,baseline_clp_chat,large,episode_00014,moves,2
3405,mm_mapworld,baseline_clp_chat,large,episode_00014,valid_moves,2
3406,mm_mapworld,baseline_clp_chat,large,episode_00014,invalid_moves,0
3407,mm_mapworld,baseline_clp_chat,large,episode_00014,visited,3
3408,mm_mapworld,baseline_clp_chat,large,episode_00014,seen,5
3409,mm_mapworld,baseline_clp_chat,large,episode_00014,effieciency,100.0
3410,mm_mapworld,baseline_clp_chat,large,episode_00014,exploration,37.5
3411,mm_mapworld,baseline_clp_chat,large,episode_00014,Main Score,54.54545454545455
3412,mm_mapworld,baseline_clp_chat,large,episode_00015,Aborted,0
3413,mm_mapworld,baseline_clp_chat,large,episode_00015,Success,0
3414,mm_mapworld,baseline_clp_chat,large,episode_00015,Lose,1
3415,mm_mapworld,baseline_clp_chat,large,episode_00015,moves,1
3416,mm_mapworld,baseline_clp_chat,large,episode_00015,valid_moves,1
3417,mm_mapworld,baseline_clp_chat,large,episode_00015,invalid_moves,0
3418,mm_mapworld,baseline_clp_chat,large,episode_00015,visited,2
3419,mm_mapworld,baseline_clp_chat,large,episode_00015,seen,5
3420,mm_mapworld,baseline_clp_chat,large,episode_00015,effieciency,100.0
3421,mm_mapworld,baseline_clp_chat,large,episode_00015,exploration,25.0
3422,mm_mapworld,baseline_clp_chat,large,episode_00015,Main Score,40.0
3423,mm_mapworld,baseline_clp_chat,large_cycle,episode_00021,Aborted,0
3424,mm_mapworld,baseline_clp_chat,large_cycle,episode_00021,Success,0
3425,mm_mapworld,baseline_clp_chat,large_cycle,episode_00021,Lose,1
3426,mm_mapworld,baseline_clp_chat,large_cycle,episode_00021,moves,4
3427,mm_mapworld,baseline_clp_chat,large_cycle,episode_00021,valid_moves,4
3428,mm_mapworld,baseline_clp_chat,large_cycle,episode_00021,invalid_moves,0
3429,mm_mapworld,baseline_clp_chat,large_cycle,episode_00021,visited,3
3430,mm_mapworld,baseline_clp_chat,large_cycle,episode_00021,seen,4
3431,mm_mapworld,baseline_clp_chat,large_cycle,episode_00021,effieciency,50.0
3432,mm_mapworld,baseline_clp_chat,large_cycle,episode_00021,exploration,37.5
3433,mm_mapworld,baseline_clp_chat,large_cycle,episode_00021,Main Score,42.857142857142854
3434,mm_mapworld,baseline_clp_chat,large_cycle,episode_00022,Aborted,0
3435,mm_mapworld,baseline_clp_chat,large_cycle,episode_00022,Success,0
3436,mm_mapworld,baseline_clp_chat,large_cycle,episode_00022,Lose,1
3437,mm_mapworld,baseline_clp_chat,large_cycle,episode_00022,moves,3
3438,mm_mapworld,baseline_clp_chat,large_cycle,episode_00022,valid_moves,3
3439,mm_mapworld,baseline_clp_chat,large_cycle,episode_00022,invalid_moves,0
3440,mm_mapworld,baseline_clp_chat,large_cycle,episode_00022,visited,3
3441,mm_mapworld,baseline_clp_chat,large_cycle,episode_00022,seen,7
3442,mm_mapworld,baseline_clp_chat,large_cycle,episode_00022,effieciency,66.66666666666667
3443,mm_mapworld,baseline_clp_chat,large_cycle,episode_00022,exploration,37.5
3444,mm_mapworld,baseline_clp_chat,large_cycle,episode_00022,Main Score,48.0
3445,mm_mapworld,baseline_clp_chat,large_cycle,episode_00023,Aborted,0
3446,mm_mapworld,baseline_clp_chat,large_cycle,episode_00023,Success,0
3447,mm_mapworld,baseline_clp_chat,large_cycle,episode_00023,Lose,1
3448,mm_mapworld,baseline_clp_chat,large_cycle,episode_00023,moves,2
3449,mm_mapworld,baseline_clp_chat,large_cycle,episode_00023,valid_moves,2
3450,mm_mapworld,baseline_clp_chat,large_cycle,episode_00023,invalid_moves,0
3451,mm_mapworld,baseline_clp_chat,large_cycle,episode_00023,visited,3
3452,mm_mapworld,baseline_clp_chat,large_cycle,episode_00023,seen,6
3453,mm_mapworld,baseline_clp_chat,large_cycle,episode_00023,effieciency,100.0
3454,mm_mapworld,baseline_clp_chat,large_cycle,episode_00023,exploration,37.5
3455,mm_mapworld,baseline_clp_chat,large_cycle,episode_00023,Main Score,54.54545454545455
3456,mm_mapworld,baseline_clp_chat,large_cycle,episode_00024,Aborted,1
3457,mm_mapworld,baseline_clp_chat,large_cycle,episode_00024,Success,
3458,mm_mapworld,baseline_clp_chat,large_cycle,episode_00024,Lose,
3459,mm_mapworld,baseline_clp_chat,large_cycle,episode_00024,moves,
3460,mm_mapworld,baseline_clp_chat,large_cycle,episode_00024,valid_moves,
3461,mm_mapworld,baseline_clp_chat,large_cycle,episode_00024,invalid_moves,
3462,mm_mapworld,baseline_clp_chat,large_cycle,episode_00024,visited,
3463,mm_mapworld,baseline_clp_chat,large_cycle,episode_00024,seen,
3464,mm_mapworld,baseline_clp_chat,large_cycle,episode_00024,effieciency,
3465,mm_mapworld,baseline_clp_chat,large_cycle,episode_00024,exploration,
3466,mm_mapworld,baseline_clp_chat,large_cycle,episode_00024,Main Score,
3467,mm_mapworld,baseline_clp_chat,large_cycle,episode_00025,Aborted,0
3468,mm_mapworld,baseline_clp_chat,large_cycle,episode_00025,Success,0
3469,mm_mapworld,baseline_clp_chat,large_cycle,episode_00025,Lose,1
3470,mm_mapworld,baseline_clp_chat,large_cycle,episode_00025,moves,16
3471,mm_mapworld,baseline_clp_chat,large_cycle,episode_00025,valid_moves,16
3472,mm_mapworld,baseline_clp_chat,large_cycle,episode_00025,invalid_moves,0
3473,mm_mapworld,baseline_clp_chat,large_cycle,episode_00025,visited,5
3474,mm_mapworld,baseline_clp_chat,large_cycle,episode_00025,seen,8
3475,mm_mapworld,baseline_clp_chat,large_cycle,episode_00025,effieciency,62.5
3476,mm_mapworld,baseline_clp_chat,large_cycle,episode_00025,exploration,62.5
3477,mm_mapworld,baseline_clp_chat,large_cycle,episode_00025,Main Score,62.5
3478,mm_mapworld,baseline_clp_chat,medium,episode_00006,Aborted,1
3479,mm_mapworld,baseline_clp_chat,medium,episode_00006,Success,
3480,mm_mapworld,baseline_clp_chat,medium,episode_00006,Lose,
3481,mm_mapworld,baseline_clp_chat,medium,episode_00006,moves,
3482,mm_mapworld,baseline_clp_chat,medium,episode_00006,valid_moves,
3483,mm_mapworld,baseline_clp_chat,medium,episode_00006,invalid_moves,
3484,mm_mapworld,baseline_clp_chat,medium,episode_00006,visited,
3485,mm_mapworld,baseline_clp_chat,medium,episode_00006,seen,
3486,mm_mapworld,baseline_clp_chat,medium,episode_00006,effieciency,
3487,mm_mapworld,baseline_clp_chat,medium,episode_00006,exploration,
3488,mm_mapworld,baseline_clp_chat,medium,episode_00006,Main Score,
3489,mm_mapworld,baseline_clp_chat,medium,episode_00007,Aborted,0
3490,mm_mapworld,baseline_clp_chat,medium,episode_00007,Success,0
3491,mm_mapworld,baseline_clp_chat,medium,episode_00007,Lose,1
3492,mm_mapworld,baseline_clp_chat,medium,episode_00007,moves,2
3493,mm_mapworld,baseline_clp_chat,medium,episode_00007,valid_moves,2
3494,mm_mapworld,baseline_clp_chat,medium,episode_00007,invalid_moves,0
3495,mm_mapworld,baseline_clp_chat,medium,episode_00007,visited,2
3496,mm_mapworld,baseline_clp_chat,medium,episode_00007,seen,3
3497,mm_mapworld,baseline_clp_chat,medium,episode_00007,effieciency,100.0
3498,mm_mapworld,baseline_clp_chat,medium,episode_00007,exploration,33.333333333333336
3499,mm_mapworld,baseline_clp_chat,medium,episode_00007,Main Score,50.0
3500,mm_mapworld,baseline_clp_chat,medium,episode_00008,Aborted,0
3501,mm_mapworld,baseline_clp_chat,medium,episode_00008,Success,0
3502,mm_mapworld,baseline_clp_chat,medium,episode_00008,Lose,1
3503,mm_mapworld,baseline_clp_chat,medium,episode_00008,moves,2
3504,mm_mapworld,baseline_clp_chat,medium,episode_00008,valid_moves,2
3505,mm_mapworld,baseline_clp_chat,medium,episode_00008,invalid_moves,0
3506,mm_mapworld,baseline_clp_chat,medium,episode_00008,visited,2
3507,mm_mapworld,baseline_clp_chat,medium,episode_00008,seen,3
3508,mm_mapworld,baseline_clp_chat,medium,episode_00008,effieciency,100.0
3509,mm_mapworld,baseline_clp_chat,medium,episode_00008,exploration,33.333333333333336
3510,mm_mapworld,baseline_clp_chat,medium,episode_00008,Main Score,50.0
3511,mm_mapworld,baseline_clp_chat,medium,episode_00009,Aborted,1
3512,mm_mapworld,baseline_clp_chat,medium,episode_00009,Success,
3513,mm_mapworld,baseline_clp_chat,medium,episode_00009,Lose,
3514,mm_mapworld,baseline_clp_chat,medium,episode_00009,moves,
3515,mm_mapworld,baseline_clp_chat,medium,episode_00009,valid_moves,
3516,mm_mapworld,baseline_clp_chat,medium,episode_00009,invalid_moves,
3517,mm_mapworld,baseline_clp_chat,medium,episode_00009,visited,
3518,mm_mapworld,baseline_clp_chat,medium,episode_00009,seen,
3519,mm_mapworld,baseline_clp_chat,medium,episode_00009,effieciency,
3520,mm_mapworld,baseline_clp_chat,medium,episode_00009,exploration,
3521,mm_mapworld,baseline_clp_chat,medium,episode_00009,Main Score,
3522,mm_mapworld,baseline_clp_chat,medium,episode_00010,Aborted,1
3523,mm_mapworld,baseline_clp_chat,medium,episode_00010,Success,
3524,mm_mapworld,baseline_clp_chat,medium,episode_00010,Lose,
3525,mm_mapworld,baseline_clp_chat,medium,episode_00010,moves,
3526,mm_mapworld,baseline_clp_chat,medium,episode_00010,valid_moves,
3527,mm_mapworld,baseline_clp_chat,medium,episode_00010,invalid_moves,
3528,mm_mapworld,baseline_clp_chat,medium,episode_00010,visited,
3529,mm_mapworld,baseline_clp_chat,medium,episode_00010,seen,
3530,mm_mapworld,baseline_clp_chat,medium,episode_00010,effieciency,
3531,mm_mapworld,baseline_clp_chat,medium,episode_00010,exploration,
3532,mm_mapworld,baseline_clp_chat,medium,episode_00010,Main Score,
3533,mm_mapworld,baseline_clp_chat,medium_cycle,episode_00016,Aborted,0
3534,mm_mapworld,baseline_clp_chat,medium_cycle,episode_00016,Success,0
3535,mm_mapworld,baseline_clp_chat,medium_cycle,episode_00016,Lose,1
3536,mm_mapworld,baseline_clp_chat,medium_cycle,episode_00016,moves,1
3537,mm_mapworld,baseline_clp_chat,medium_cycle,episode_00016,valid_moves,1
3538,mm_mapworld,baseline_clp_chat,medium_cycle,episode_00016,invalid_moves,0
3539,mm_mapworld,baseline_clp_chat,medium_cycle,episode_00016,visited,2
3540,mm_mapworld,baseline_clp_chat,medium_cycle,episode_00016,seen,5
3541,mm_mapworld,baseline_clp_chat,medium_cycle,episode_00016,effieciency,100.0
3542,mm_mapworld,baseline_clp_chat,medium_cycle,episode_00016,exploration,33.333333333333336
3543,mm_mapworld,baseline_clp_chat,medium_cycle,episode_00016,Main Score,50.0
3544,mm_mapworld,baseline_clp_chat,medium_cycle,episode_00017,Aborted,0
3545,mm_mapworld,baseline_clp_chat,medium_cycle,episode_00017,Success,0
3546,mm_mapworld,baseline_clp_chat,medium_cycle,episode_00017,Lose,1
3547,mm_mapworld,baseline_clp_chat,medium_cycle,episode_00017,moves,3
3548,mm_mapworld,baseline_clp_chat,medium_cycle,episode_00017,valid_moves,3
3549,mm_mapworld,baseline_clp_chat,medium_cycle,episode_00017,invalid_moves,0
3550,mm_mapworld,baseline_clp_chat,medium_cycle,episode_00017,visited,4
3551,mm_mapworld,baseline_clp_chat,medium_cycle,episode_00017,seen,6
3552,mm_mapworld,baseline_clp_chat,medium_cycle,episode_00017,effieciency,66.66666666666667
3553,mm_mapworld,baseline_clp_chat,medium_cycle,episode_00017,exploration,66.66666666666667
3554,mm_mapworld,baseline_clp_chat,medium_cycle,episode_00017,Main Score,66.66666666666667
3555,mm_mapworld,baseline_clp_chat,medium_cycle,episode_00018,Aborted,0
3556,mm_mapworld,baseline_clp_chat,medium_cycle,episode_00018,Success,0
3557,mm_mapworld,baseline_clp_chat,medium_cycle,episode_00018,Lose,1
3558,mm_mapworld,baseline_clp_chat,medium_cycle,episode_00018,moves,6
3559,mm_mapworld,baseline_clp_chat,medium_cycle,episode_00018,valid_moves,6
3560,mm_mapworld,baseline_clp_chat,medium_cycle,episode_00018,invalid_moves,0
3561,mm_mapworld,baseline_clp_chat,medium_cycle,episode_00018,visited,4
3562,mm_mapworld,baseline_clp_chat,medium_cycle,episode_00018,seen,6
3563,mm_mapworld,baseline_clp_chat,medium_cycle,episode_00018,effieciency,66.66666666666667
3564,mm_mapworld,baseline_clp_chat,medium_cycle,episode_00018,exploration,66.66666666666667
3565,mm_mapworld,baseline_clp_chat,medium_cycle,episode_00018,Main Score,66.66666666666667
3566,mm_mapworld,baseline_clp_chat,medium_cycle,episode_00019,Aborted,0
3567,mm_mapworld,baseline_clp_chat,medium_cycle,episode_00019,Success,0
3568,mm_mapworld,baseline_clp_chat,medium_cycle,episode_00019,Lose,1
3569,mm_mapworld,baseline_clp_chat,medium_cycle,episode_00019,moves,2
3570,mm_mapworld,baseline_clp_chat,medium_cycle,episode_00019,valid_moves,2
3571,mm_mapworld,baseline_clp_chat,medium_cycle,episode_00019,invalid_moves,0
3572,mm_mapworld,baseline_clp_chat,medium_cycle,episode_00019,visited,3
3573,mm_mapworld,baseline_clp_chat,medium_cycle,episode_00019,seen,6
3574,mm_mapworld,baseline_clp_chat,medium_cycle,episode_00019,effieciency,100.0
3575,mm_mapworld,baseline_clp_chat,medium_cycle,episode_00019,exploration,50.0
3576,mm_mapworld,baseline_clp_chat,medium_cycle,episode_00019,Main Score,66.66666666666667
3577,mm_mapworld,baseline_clp_chat,medium_cycle,episode_00020,Aborted,0
3578,mm_mapworld,baseline_clp_chat,medium_cycle,episode_00020,Success,0
3579,mm_mapworld,baseline_clp_chat,medium_cycle,episode_00020,Lose,1
3580,mm_mapworld,baseline_clp_chat,medium_cycle,episode_00020,moves,3
3581,mm_mapworld,baseline_clp_chat,medium_cycle,episode_00020,valid_moves,3
3582,mm_mapworld,baseline_clp_chat,medium_cycle,episode_00020,invalid_moves,0
3583,mm_mapworld,baseline_clp_chat,medium_cycle,episode_00020,visited,4
3584,mm_mapworld,baseline_clp_chat,medium_cycle,episode_00020,seen,5
3585,mm_mapworld,baseline_clp_chat,medium_cycle,episode_00020,effieciency,100.0
3586,mm_mapworld,baseline_clp_chat,medium_cycle,episode_00020,exploration,66.66666666666667
3587,mm_mapworld,baseline_clp_chat,medium_cycle,episode_00020,Main Score,80.0
3588,mm_mapworld,baseline_clp_chat,small,episode_00001,Aborted,0
3589,mm_mapworld,baseline_clp_chat,small,episode_00001,Success,0
3590,mm_mapworld,baseline_clp_chat,small,episode_00001,Lose,1
3591,mm_mapworld,baseline_clp_chat,small,episode_00001,moves,2
3592,mm_mapworld,baseline_clp_chat,small,episode_00001,valid_moves,2
3593,mm_mapworld,baseline_clp_chat,small,episode_00001,invalid_moves,0
3594,mm_mapworld,baseline_clp_chat,small,episode_00001,visited,3
3595,mm_mapworld,baseline_clp_chat,small,episode_00001,seen,4
3596,mm_mapworld,baseline_clp_chat,small,episode_00001,effieciency,100.0
3597,mm_mapworld,baseline_clp_chat,small,episode_00001,exploration,75.0
3598,mm_mapworld,baseline_clp_chat,small,episode_00001,Main Score,85.71428571428571
3599,mm_mapworld,baseline_clp_chat,small,episode_00002,Aborted,0
3600,mm_mapworld,baseline_clp_chat,small,episode_00002,Success,0
3601,mm_mapworld,baseline_clp_chat,small,episode_00002,Lose,1
3602,mm_mapworld,baseline_clp_chat,small,episode_00002,moves,3
3603,mm_mapworld,baseline_clp_chat,small,episode_00002,valid_moves,3
3604,mm_mapworld,baseline_clp_chat,small,episode_00002,invalid_moves,0
3605,mm_mapworld,baseline_clp_chat,small,episode_00002,visited,3
3606,mm_mapworld,baseline_clp_chat,small,episode_00002,seen,4
3607,mm_mapworld,baseline_clp_chat,small,episode_00002,effieciency,66.66666666666667
3608,mm_mapworld,baseline_clp_chat,small,episode_00002,exploration,75.0
3609,mm_mapworld,baseline_clp_chat,small,episode_00002,Main Score,70.58823529411764
3610,mm_mapworld,baseline_clp_chat,small,episode_00003,Aborted,0
3611,mm_mapworld,baseline_clp_chat,small,episode_00003,Success,0
3612,mm_mapworld,baseline_clp_chat,small,episode_00003,Lose,1
3613,mm_mapworld,baseline_clp_chat,small,episode_00003,moves,1
3614,mm_mapworld,baseline_clp_chat,small,episode_00003,valid_moves,1
3615,mm_mapworld,baseline_clp_chat,small,episode_00003,invalid_moves,0
3616,mm_mapworld,baseline_clp_chat,small,episode_00003,visited,2
3617,mm_mapworld,baseline_clp_chat,small,episode_00003,seen,3
3618,mm_mapworld,baseline_clp_chat,small,episode_00003,effieciency,100.0
3619,mm_mapworld,baseline_clp_chat,small,episode_00003,exploration,50.0
3620,mm_mapworld,baseline_clp_chat,small,episode_00003,Main Score,66.66666666666667
3621,mm_mapworld,baseline_clp_chat,small,episode_00004,Aborted,0
3622,mm_mapworld,baseline_clp_chat,small,episode_00004,Success,0
3623,mm_mapworld,baseline_clp_chat,small,episode_00004,Lose,1
3624,mm_mapworld,baseline_clp_chat,small,episode_00004,moves,3
3625,mm_mapworld,baseline_clp_chat,small,episode_00004,valid_moves,3
3626,mm_mapworld,baseline_clp_chat,small,episode_00004,invalid_moves,0
3627,mm_mapworld,baseline_clp_chat,small,episode_00004,visited,3
3628,mm_mapworld,baseline_clp_chat,small,episode_00004,seen,4
3629,mm_mapworld,baseline_clp_chat,small,episode_00004,effieciency,66.66666666666667
3630,mm_mapworld,baseline_clp_chat,small,episode_00004,exploration,75.0
3631,mm_mapworld,baseline_clp_chat,small,episode_00004,Main Score,70.58823529411764
3632,mm_mapworld,baseline_clp_chat,small,episode_00005,Aborted,0
3633,mm_mapworld,baseline_clp_chat,small,episode_00005,Success,1
3634,mm_mapworld,baseline_clp_chat,small,episode_00005,Lose,0
3635,mm_mapworld,baseline_clp_chat,small,episode_00005,moves,3
3636,mm_mapworld,baseline_clp_chat,small,episode_00005,valid_moves,3
3637,mm_mapworld,baseline_clp_chat,small,episode_00005,invalid_moves,0
3638,mm_mapworld,baseline_clp_chat,small,episode_00005,visited,4
3639,mm_mapworld,baseline_clp_chat,small,episode_00005,seen,4
3640,mm_mapworld,baseline_clp_chat,small,episode_00005,effieciency,100.0
3641,mm_mapworld,baseline_clp_chat,small,episode_00005,exploration,100.0
3642,mm_mapworld,baseline_clp_chat,small,episode_00005,Main Score,100.0
3643,multimodal_referencegame,baseline_clp_chat,CLEVR_images,episode_00015,Generated Expression Length,84
3644,multimodal_referencegame,baseline_clp_chat,CLEVR_images,episode_00015,Generated Expression Number of Tokens,16
3645,multimodal_referencegame,baseline_clp_chat,CLEVR_images,episode_00015,Aborted at Player 1,0
3646,multimodal_referencegame,baseline_clp_chat,CLEVR_images,episode_00015,Aborted at Player 2,0
3647,multimodal_referencegame,baseline_clp_chat,CLEVR_images,episode_00015,Request Count,2
3648,multimodal_referencegame,baseline_clp_chat,CLEVR_images,episode_00015,Parsed Request Count,2
3649,multimodal_referencegame,baseline_clp_chat,CLEVR_images,episode_00015,Violated Request Count,0
3650,multimodal_referencegame,baseline_clp_chat,CLEVR_images,episode_00015,Aborted,0
3651,multimodal_referencegame,baseline_clp_chat,CLEVR_images,episode_00015,Success,1
3652,multimodal_referencegame,baseline_clp_chat,CLEVR_images,episode_00015,Lose,0
3653,multimodal_referencegame,baseline_clp_chat,CLEVR_images,episode_00015,Main Score,100
3654,multimodal_referencegame,baseline_clp_chat,CLEVR_images,episode_00015,Request Success Ratio,1.0
3655,multimodal_referencegame,baseline_clp_chat,CLEVR_images,episode_00016,Generated Expression Length,113
3656,multimodal_referencegame,baseline_clp_chat,CLEVR_images,episode_00016,Generated Expression Number of Tokens,22
3657,multimodal_referencegame,baseline_clp_chat,CLEVR_images,episode_00016,Aborted at Player 1,0
3658,multimodal_referencegame,baseline_clp_chat,CLEVR_images,episode_00016,Aborted at Player 2,0
3659,multimodal_referencegame,baseline_clp_chat,CLEVR_images,episode_00016,Request Count,2
3660,multimodal_referencegame,baseline_clp_chat,CLEVR_images,episode_00016,Parsed Request Count,2
3661,multimodal_referencegame,baseline_clp_chat,CLEVR_images,episode_00016,Violated Request Count,0
3662,multimodal_referencegame,baseline_clp_chat,CLEVR_images,episode_00016,Aborted,0
3663,multimodal_referencegame,baseline_clp_chat,CLEVR_images,episode_00016,Success,0
3664,multimodal_referencegame,baseline_clp_chat,CLEVR_images,episode_00016,Lose,1
3665,multimodal_referencegame,baseline_clp_chat,CLEVR_images,episode_00016,Main Score,0
3666,multimodal_referencegame,baseline_clp_chat,CLEVR_images,episode_00016,Request Success Ratio,1.0
3667,multimodal_referencegame,baseline_clp_chat,CLEVR_static_target_images,episode_00017,Generated Expression Length,49
3668,multimodal_referencegame,baseline_clp_chat,CLEVR_static_target_images,episode_00017,Generated Expression Number of Tokens,8
3669,multimodal_referencegame,baseline_clp_chat,CLEVR_static_target_images,episode_00017,Aborted at Player 1,0
3670,multimodal_referencegame,baseline_clp_chat,CLEVR_static_target_images,episode_00017,Aborted at Player 2,0
3671,multimodal_referencegame,baseline_clp_chat,CLEVR_static_target_images,episode_00017,Request Count,2
3672,multimodal_referencegame,baseline_clp_chat,CLEVR_static_target_images,episode_00017,Parsed Request Count,2
3673,multimodal_referencegame,baseline_clp_chat,CLEVR_static_target_images,episode_00017,Violated Request Count,0
3674,multimodal_referencegame,baseline_clp_chat,CLEVR_static_target_images,episode_00017,Aborted,0
3675,multimodal_referencegame,baseline_clp_chat,CLEVR_static_target_images,episode_00017,Success,1
3676,multimodal_referencegame,baseline_clp_chat,CLEVR_static_target_images,episode_00017,Lose,0
3677,multimodal_referencegame,baseline_clp_chat,CLEVR_static_target_images,episode_00017,Main Score,100
3678,multimodal_referencegame,baseline_clp_chat,CLEVR_static_target_images,episode_00017,Request Success Ratio,1.0
3679,multimodal_referencegame,baseline_clp_chat,CLEVR_static_target_images,episode_00018,Generated Expression Length,87
3680,multimodal_referencegame,baseline_clp_chat,CLEVR_static_target_images,episode_00018,Generated Expression Number of Tokens,16
3681,multimodal_referencegame,baseline_clp_chat,CLEVR_static_target_images,episode_00018,Aborted at Player 1,0
3682,multimodal_referencegame,baseline_clp_chat,CLEVR_static_target_images,episode_00018,Aborted at Player 2,0
3683,multimodal_referencegame,baseline_clp_chat,CLEVR_static_target_images,episode_00018,Request Count,2
3684,multimodal_referencegame,baseline_clp_chat,CLEVR_static_target_images,episode_00018,Parsed Request Count,2
3685,multimodal_referencegame,baseline_clp_chat,CLEVR_static_target_images,episode_00018,Violated Request Count,0
3686,multimodal_referencegame,baseline_clp_chat,CLEVR_static_target_images,episode_00018,Aborted,0
3687,multimodal_referencegame,baseline_clp_chat,CLEVR_static_target_images,episode_00018,Success,1
3688,multimodal_referencegame,baseline_clp_chat,CLEVR_static_target_images,episode_00018,Lose,0
3689,multimodal_referencegame,baseline_clp_chat,CLEVR_static_target_images,episode_00018,Main Score,100
3690,multimodal_referencegame,baseline_clp_chat,CLEVR_static_target_images,episode_00018,Request Success Ratio,1.0
3691,multimodal_referencegame,baseline_clp_chat,diagonal_grids,episode_00005,Generated Expression Length,106
3692,multimodal_referencegame,baseline_clp_chat,diagonal_grids,episode_00005,Generated Expression Number of Tokens,20
3693,multimodal_referencegame,baseline_clp_chat,diagonal_grids,episode_00005,Aborted at Player 1,0
3694,multimodal_referencegame,baseline_clp_chat,diagonal_grids,episode_00005,Aborted at Player 2,0
3695,multimodal_referencegame,baseline_clp_chat,diagonal_grids,episode_00005,Request Count,2
3696,multimodal_referencegame,baseline_clp_chat,diagonal_grids,episode_00005,Parsed Request Count,2
3697,multimodal_referencegame,baseline_clp_chat,diagonal_grids,episode_00005,Violated Request Count,0
3698,multimodal_referencegame,baseline_clp_chat,diagonal_grids,episode_00005,Aborted,0
3699,multimodal_referencegame,baseline_clp_chat,diagonal_grids,episode_00005,Success,1
3700,multimodal_referencegame,baseline_clp_chat,diagonal_grids,episode_00005,Lose,0
3701,multimodal_referencegame,baseline_clp_chat,diagonal_grids,episode_00005,Main Score,100
3702,multimodal_referencegame,baseline_clp_chat,diagonal_grids,episode_00005,Request Success Ratio,1.0
3703,multimodal_referencegame,baseline_clp_chat,diagonal_grids,episode_00006,Generated Expression Length,106
3704,multimodal_referencegame,baseline_clp_chat,diagonal_grids,episode_00006,Generated Expression Number of Tokens,20
3705,multimodal_referencegame,baseline_clp_chat,diagonal_grids,episode_00006,Aborted at Player 1,0
3706,multimodal_referencegame,baseline_clp_chat,diagonal_grids,episode_00006,Aborted at Player 2,0
3707,multimodal_referencegame,baseline_clp_chat,diagonal_grids,episode_00006,Request Count,2
3708,multimodal_referencegame,baseline_clp_chat,diagonal_grids,episode_00006,Parsed Request Count,2
3709,multimodal_referencegame,baseline_clp_chat,diagonal_grids,episode_00006,Violated Request Count,0
3710,multimodal_referencegame,baseline_clp_chat,diagonal_grids,episode_00006,Aborted,0
3711,multimodal_referencegame,baseline_clp_chat,diagonal_grids,episode_00006,Success,1
3712,multimodal_referencegame,baseline_clp_chat,diagonal_grids,episode_00006,Lose,0
3713,multimodal_referencegame,baseline_clp_chat,diagonal_grids,episode_00006,Main Score,100
3714,multimodal_referencegame,baseline_clp_chat,diagonal_grids,episode_00006,Request Success Ratio,1.0
3715,multimodal_referencegame,baseline_clp_chat,DOCCI_images,episode_00013,Generated Expression Length,74
3716,multimodal_referencegame,baseline_clp_chat,DOCCI_images,episode_00013,Generated Expression Number of Tokens,13
3717,multimodal_referencegame,baseline_clp_chat,DOCCI_images,episode_00013,Aborted at Player 1,0
3718,multimodal_referencegame,baseline_clp_chat,DOCCI_images,episode_00013,Aborted at Player 2,0
3719,multimodal_referencegame,baseline_clp_chat,DOCCI_images,episode_00013,Request Count,2
3720,multimodal_referencegame,baseline_clp_chat,DOCCI_images,episode_00013,Parsed Request Count,2
3721,multimodal_referencegame,baseline_clp_chat,DOCCI_images,episode_00013,Violated Request Count,0
3722,multimodal_referencegame,baseline_clp_chat,DOCCI_images,episode_00013,Aborted,0
3723,multimodal_referencegame,baseline_clp_chat,DOCCI_images,episode_00013,Success,1
3724,multimodal_referencegame,baseline_clp_chat,DOCCI_images,episode_00013,Lose,0
3725,multimodal_referencegame,baseline_clp_chat,DOCCI_images,episode_00013,Main Score,100
3726,multimodal_referencegame,baseline_clp_chat,DOCCI_images,episode_00013,Request Success Ratio,1.0
3727,multimodal_referencegame,baseline_clp_chat,DOCCI_images,episode_00014,Generated Expression Length,67
3728,multimodal_referencegame,baseline_clp_chat,DOCCI_images,episode_00014,Generated Expression Number of Tokens,12
3729,multimodal_referencegame,baseline_clp_chat,DOCCI_images,episode_00014,Aborted at Player 1,0
3730,multimodal_referencegame,baseline_clp_chat,DOCCI_images,episode_00014,Aborted at Player 2,0
3731,multimodal_referencegame,baseline_clp_chat,DOCCI_images,episode_00014,Request Count,2
3732,multimodal_referencegame,baseline_clp_chat,DOCCI_images,episode_00014,Parsed Request Count,2
3733,multimodal_referencegame,baseline_clp_chat,DOCCI_images,episode_00014,Violated Request Count,0
3734,multimodal_referencegame,baseline_clp_chat,DOCCI_images,episode_00014,Aborted,0
3735,multimodal_referencegame,baseline_clp_chat,DOCCI_images,episode_00014,Success,1
3736,multimodal_referencegame,baseline_clp_chat,DOCCI_images,episode_00014,Lose,0
3737,multimodal_referencegame,baseline_clp_chat,DOCCI_images,episode_00014,Main Score,100
3738,multimodal_referencegame,baseline_clp_chat,DOCCI_images,episode_00014,Request Success Ratio,1.0
3739,multimodal_referencegame,baseline_clp_chat,DOCCI_static_target_images,episode_00019,Generated Expression Length,72
3740,multimodal_referencegame,baseline_clp_chat,DOCCI_static_target_images,episode_00019,Generated Expression Number of Tokens,14
3741,multimodal_referencegame,baseline_clp_chat,DOCCI_static_target_images,episode_00019,Aborted at Player 1,0
3742,multimodal_referencegame,baseline_clp_chat,DOCCI_static_target_images,episode_00019,Aborted at Player 2,0
3743,multimodal_referencegame,baseline_clp_chat,DOCCI_static_target_images,episode_00019,Request Count,2
3744,multimodal_referencegame,baseline_clp_chat,DOCCI_static_target_images,episode_00019,Parsed Request Count,2
3745,multimodal_referencegame,baseline_clp_chat,DOCCI_static_target_images,episode_00019,Violated Request Count,0
3746,multimodal_referencegame,baseline_clp_chat,DOCCI_static_target_images,episode_00019,Aborted,0
3747,multimodal_referencegame,baseline_clp_chat,DOCCI_static_target_images,episode_00019,Success,1
3748,multimodal_referencegame,baseline_clp_chat,DOCCI_static_target_images,episode_00019,Lose,0
3749,multimodal_referencegame,baseline_clp_chat,DOCCI_static_target_images,episode_00019,Main Score,100
3750,multimodal_referencegame,baseline_clp_chat,DOCCI_static_target_images,episode_00019,Request Success Ratio,1.0
3751,multimodal_referencegame,baseline_clp_chat,DOCCI_static_target_images,episode_00020,Generated Expression Length,72
3752,multimodal_referencegame,baseline_clp_chat,DOCCI_static_target_images,episode_00020,Generated Expression Number of Tokens,14
3753,multimodal_referencegame,baseline_clp_chat,DOCCI_static_target_images,episode_00020,Aborted at Player 1,0
3754,multimodal_referencegame,baseline_clp_chat,DOCCI_static_target_images,episode_00020,Aborted at Player 2,0
3755,multimodal_referencegame,baseline_clp_chat,DOCCI_static_target_images,episode_00020,Request Count,2
3756,multimodal_referencegame,baseline_clp_chat,DOCCI_static_target_images,episode_00020,Parsed Request Count,2
3757,multimodal_referencegame,baseline_clp_chat,DOCCI_static_target_images,episode_00020,Violated Request Count,0
3758,multimodal_referencegame,baseline_clp_chat,DOCCI_static_target_images,episode_00020,Aborted,0
3759,multimodal_referencegame,baseline_clp_chat,DOCCI_static_target_images,episode_00020,Success,1
3760,multimodal_referencegame,baseline_clp_chat,DOCCI_static_target_images,episode_00020,Lose,0
3761,multimodal_referencegame,baseline_clp_chat,DOCCI_static_target_images,episode_00020,Main Score,100
3762,multimodal_referencegame,baseline_clp_chat,DOCCI_static_target_images,episode_00020,Request Success Ratio,1.0
3763,multimodal_referencegame,baseline_clp_chat,letter_grids,episode_00007,Generated Expression Length,152
3764,multimodal_referencegame,baseline_clp_chat,letter_grids,episode_00007,Generated Expression Number of Tokens,28
3765,multimodal_referencegame,baseline_clp_chat,letter_grids,episode_00007,Aborted at Player 1,0
3766,multimodal_referencegame,baseline_clp_chat,letter_grids,episode_00007,Aborted at Player 2,0
3767,multimodal_referencegame,baseline_clp_chat,letter_grids,episode_00007,Request Count,2
3768,multimodal_referencegame,baseline_clp_chat,letter_grids,episode_00007,Parsed Request Count,2
3769,multimodal_referencegame,baseline_clp_chat,letter_grids,episode_00007,Violated Request Count,0
3770,multimodal_referencegame,baseline_clp_chat,letter_grids,episode_00007,Aborted,0
3771,multimodal_referencegame,baseline_clp_chat,letter_grids,episode_00007,Success,1
3772,multimodal_referencegame,baseline_clp_chat,letter_grids,episode_00007,Lose,0
3773,multimodal_referencegame,baseline_clp_chat,letter_grids,episode_00007,Main Score,100
3774,multimodal_referencegame,baseline_clp_chat,letter_grids,episode_00007,Request Success Ratio,1.0
3775,multimodal_referencegame,baseline_clp_chat,letter_grids,episode_00008,Generated Expression Length,152
3776,multimodal_referencegame,baseline_clp_chat,letter_grids,episode_00008,Generated Expression Number of Tokens,28
3777,multimodal_referencegame,baseline_clp_chat,letter_grids,episode_00008,Aborted at Player 1,0
3778,multimodal_referencegame,baseline_clp_chat,letter_grids,episode_00008,Aborted at Player 2,0
3779,multimodal_referencegame,baseline_clp_chat,letter_grids,episode_00008,Request Count,2
3780,multimodal_referencegame,baseline_clp_chat,letter_grids,episode_00008,Parsed Request Count,2
3781,multimodal_referencegame,baseline_clp_chat,letter_grids,episode_00008,Violated Request Count,0
3782,multimodal_referencegame,baseline_clp_chat,letter_grids,episode_00008,Aborted,0
3783,multimodal_referencegame,baseline_clp_chat,letter_grids,episode_00008,Success,0
3784,multimodal_referencegame,baseline_clp_chat,letter_grids,episode_00008,Lose,1
3785,multimodal_referencegame,baseline_clp_chat,letter_grids,episode_00008,Main Score,0
3786,multimodal_referencegame,baseline_clp_chat,letter_grids,episode_00008,Request Success Ratio,1.0
3787,multimodal_referencegame,baseline_clp_chat,line_grids_columns,episode_00003,Generated Expression Length,269
3788,multimodal_referencegame,baseline_clp_chat,line_grids_columns,episode_00003,Generated Expression Number of Tokens,44
3789,multimodal_referencegame,baseline_clp_chat,line_grids_columns,episode_00003,Aborted at Player 1,0
3790,multimodal_referencegame,baseline_clp_chat,line_grids_columns,episode_00003,Aborted at Player 2,0
3791,multimodal_referencegame,baseline_clp_chat,line_grids_columns,episode_00003,Request Count,2
3792,multimodal_referencegame,baseline_clp_chat,line_grids_columns,episode_00003,Parsed Request Count,2
3793,multimodal_referencegame,baseline_clp_chat,line_grids_columns,episode_00003,Violated Request Count,0
3794,multimodal_referencegame,baseline_clp_chat,line_grids_columns,episode_00003,Aborted,0
3795,multimodal_referencegame,baseline_clp_chat,line_grids_columns,episode_00003,Success,1
3796,multimodal_referencegame,baseline_clp_chat,line_grids_columns,episode_00003,Lose,0
3797,multimodal_referencegame,baseline_clp_chat,line_grids_columns,episode_00003,Main Score,100
3798,multimodal_referencegame,baseline_clp_chat,line_grids_columns,episode_00003,Request Success Ratio,1.0
3799,multimodal_referencegame,baseline_clp_chat,line_grids_columns,episode_00004,Generated Expression Length,269
3800,multimodal_referencegame,baseline_clp_chat,line_grids_columns,episode_00004,Generated Expression Number of Tokens,44
3801,multimodal_referencegame,baseline_clp_chat,line_grids_columns,episode_00004,Aborted at Player 1,0
3802,multimodal_referencegame,baseline_clp_chat,line_grids_columns,episode_00004,Aborted at Player 2,0
3803,multimodal_referencegame,baseline_clp_chat,line_grids_columns,episode_00004,Request Count,2
3804,multimodal_referencegame,baseline_clp_chat,line_grids_columns,episode_00004,Parsed Request Count,2
3805,multimodal_referencegame,baseline_clp_chat,line_grids_columns,episode_00004,Violated Request Count,0
3806,multimodal_referencegame,baseline_clp_chat,line_grids_columns,episode_00004,Aborted,0
3807,multimodal_referencegame,baseline_clp_chat,line_grids_columns,episode_00004,Success,1
3808,multimodal_referencegame,baseline_clp_chat,line_grids_columns,episode_00004,Lose,0
3809,multimodal_referencegame,baseline_clp_chat,line_grids_columns,episode_00004,Main Score,100
3810,multimodal_referencegame,baseline_clp_chat,line_grids_columns,episode_00004,Request Success Ratio,1.0
3811,multimodal_referencegame,baseline_clp_chat,line_grids_rows,episode_00001,Generated Expression Length,122
3812,multimodal_referencegame,baseline_clp_chat,line_grids_rows,episode_00001,Generated Expression Number of Tokens,24
3813,multimodal_referencegame,baseline_clp_chat,line_grids_rows,episode_00001,Aborted at Player 1,0
3814,multimodal_referencegame,baseline_clp_chat,line_grids_rows,episode_00001,Aborted at Player 2,0
3815,multimodal_referencegame,baseline_clp_chat,line_grids_rows,episode_00001,Request Count,2
3816,multimodal_referencegame,baseline_clp_chat,line_grids_rows,episode_00001,Parsed Request Count,2
3817,multimodal_referencegame,baseline_clp_chat,line_grids_rows,episode_00001,Violated Request Count,0
3818,multimodal_referencegame,baseline_clp_chat,line_grids_rows,episode_00001,Aborted,0
3819,multimodal_referencegame,baseline_clp_chat,line_grids_rows,episode_00001,Success,1
3820,multimodal_referencegame,baseline_clp_chat,line_grids_rows,episode_00001,Lose,0
3821,multimodal_referencegame,baseline_clp_chat,line_grids_rows,episode_00001,Main Score,100
3822,multimodal_referencegame,baseline_clp_chat,line_grids_rows,episode_00001,Request Success Ratio,1.0
3823,multimodal_referencegame,baseline_clp_chat,line_grids_rows,episode_00002,Generated Expression Length,122
3824,multimodal_referencegame,baseline_clp_chat,line_grids_rows,episode_00002,Generated Expression Number of Tokens,24
3825,multimodal_referencegame,baseline_clp_chat,line_grids_rows,episode_00002,Aborted at Player 1,0
3826,multimodal_referencegame,baseline_clp_chat,line_grids_rows,episode_00002,Aborted at Player 2,0
3827,multimodal_referencegame,baseline_clp_chat,line_grids_rows,episode_00002,Request Count,2
3828,multimodal_referencegame,baseline_clp_chat,line_grids_rows,episode_00002,Parsed Request Count,2
3829,multimodal_referencegame,baseline_clp_chat,line_grids_rows,episode_00002,Violated Request Count,0
3830,multimodal_referencegame,baseline_clp_chat,line_grids_rows,episode_00002,Aborted,0
3831,multimodal_referencegame,baseline_clp_chat,line_grids_rows,episode_00002,Success,1
3832,multimodal_referencegame,baseline_clp_chat,line_grids_rows,episode_00002,Lose,0
3833,multimodal_referencegame,baseline_clp_chat,line_grids_rows,episode_00002,Main Score,100
3834,multimodal_referencegame,baseline_clp_chat,line_grids_rows,episode_00002,Request Success Ratio,1.0
3835,multimodal_referencegame,baseline_clp_chat,pentomino_images,episode_00021,Generated Expression Length,50
3836,multimodal_referencegame,baseline_clp_chat,pentomino_images,episode_00021,Generated Expression Number of Tokens,9
3837,multimodal_referencegame,baseline_clp_chat,pentomino_images,episode_00021,Aborted at Player 1,0
3838,multimodal_referencegame,baseline_clp_chat,pentomino_images,episode_00021,Aborted at Player 2,0
3839,multimodal_referencegame,baseline_clp_chat,pentomino_images,episode_00021,Request Count,2
3840,multimodal_referencegame,baseline_clp_chat,pentomino_images,episode_00021,Parsed Request Count,2
3841,multimodal_referencegame,baseline_clp_chat,pentomino_images,episode_00021,Violated Request Count,0
3842,multimodal_referencegame,baseline_clp_chat,pentomino_images,episode_00021,Aborted,0
3843,multimodal_referencegame,baseline_clp_chat,pentomino_images,episode_00021,Success,0
3844,multimodal_referencegame,baseline_clp_chat,pentomino_images,episode_00021,Lose,1
3845,multimodal_referencegame,baseline_clp_chat,pentomino_images,episode_00021,Main Score,0
3846,multimodal_referencegame,baseline_clp_chat,pentomino_images,episode_00021,Request Success Ratio,1.0
3847,multimodal_referencegame,baseline_clp_chat,pentomino_images,episode_00022,Generated Expression Length,113
3848,multimodal_referencegame,baseline_clp_chat,pentomino_images,episode_00022,Generated Expression Number of Tokens,21
3849,multimodal_referencegame,baseline_clp_chat,pentomino_images,episode_00022,Aborted at Player 1,0
3850,multimodal_referencegame,baseline_clp_chat,pentomino_images,episode_00022,Aborted at Player 2,0
3851,multimodal_referencegame,baseline_clp_chat,pentomino_images,episode_00022,Request Count,2
3852,multimodal_referencegame,baseline_clp_chat,pentomino_images,episode_00022,Parsed Request Count,2
3853,multimodal_referencegame,baseline_clp_chat,pentomino_images,episode_00022,Violated Request Count,0
3854,multimodal_referencegame,baseline_clp_chat,pentomino_images,episode_00022,Aborted,0
3855,multimodal_referencegame,baseline_clp_chat,pentomino_images,episode_00022,Success,0
3856,multimodal_referencegame,baseline_clp_chat,pentomino_images,episode_00022,Lose,1
3857,multimodal_referencegame,baseline_clp_chat,pentomino_images,episode_00022,Main Score,0
3858,multimodal_referencegame,baseline_clp_chat,pentomino_images,episode_00022,Request Success Ratio,1.0
3859,multimodal_referencegame,baseline_clp_chat,random_grids,episode_00011,Generated Expression Length,610
3860,multimodal_referencegame,baseline_clp_chat,random_grids,episode_00011,Generated Expression Number of Tokens,118
3861,multimodal_referencegame,baseline_clp_chat,random_grids,episode_00011,Aborted at Player 1,0
3862,multimodal_referencegame,baseline_clp_chat,random_grids,episode_00011,Aborted at Player 2,0
3863,multimodal_referencegame,baseline_clp_chat,random_grids,episode_00011,Request Count,2
3864,multimodal_referencegame,baseline_clp_chat,random_grids,episode_00011,Parsed Request Count,2
3865,multimodal_referencegame,baseline_clp_chat,random_grids,episode_00011,Violated Request Count,0
3866,multimodal_referencegame,baseline_clp_chat,random_grids,episode_00011,Aborted,0
3867,multimodal_referencegame,baseline_clp_chat,random_grids,episode_00011,Success,1
3868,multimodal_referencegame,baseline_clp_chat,random_grids,episode_00011,Lose,0
3869,multimodal_referencegame,baseline_clp_chat,random_grids,episode_00011,Main Score,100
3870,multimodal_referencegame,baseline_clp_chat,random_grids,episode_00011,Request Success Ratio,1.0
3871,multimodal_referencegame,baseline_clp_chat,random_grids,episode_00012,Generated Expression Length,610
3872,multimodal_referencegame,baseline_clp_chat,random_grids,episode_00012,Generated Expression Number of Tokens,118
3873,multimodal_referencegame,baseline_clp_chat,random_grids,episode_00012,Aborted at Player 1,0
3874,multimodal_referencegame,baseline_clp_chat,random_grids,episode_00012,Aborted at Player 2,0
3875,multimodal_referencegame,baseline_clp_chat,random_grids,episode_00012,Request Count,2
3876,multimodal_referencegame,baseline_clp_chat,random_grids,episode_00012,Parsed Request Count,2
3877,multimodal_referencegame,baseline_clp_chat,random_grids,episode_00012,Violated Request Count,0
3878,multimodal_referencegame,baseline_clp_chat,random_grids,episode_00012,Aborted,0
3879,multimodal_referencegame,baseline_clp_chat,random_grids,episode_00012,Success,1
3880,multimodal_referencegame,baseline_clp_chat,random_grids,episode_00012,Lose,0
3881,multimodal_referencegame,baseline_clp_chat,random_grids,episode_00012,Main Score,100
3882,multimodal_referencegame,baseline_clp_chat,random_grids,episode_00012,Request Success Ratio,1.0
3883,multimodal_referencegame,baseline_clp_chat,shape_grids,episode_00009,Generated Expression Length,89
3884,multimodal_referencegame,baseline_clp_chat,shape_grids,episode_00009,Generated Expression Number of Tokens,18
3885,multimodal_referencegame,baseline_clp_chat,shape_grids,episode_00009,Aborted at Player 1,0
3886,multimodal_referencegame,baseline_clp_chat,shape_grids,episode_00009,Aborted at Player 2,0
3887,multimodal_referencegame,baseline_clp_chat,shape_grids,episode_00009,Request Count,2
3888,multimodal_referencegame,baseline_clp_chat,shape_grids,episode_00009,Parsed Request Count,2
3889,multimodal_referencegame,baseline_clp_chat,shape_grids,episode_00009,Violated Request Count,0
3890,multimodal_referencegame,baseline_clp_chat,shape_grids,episode_00009,Aborted,0
3891,multimodal_referencegame,baseline_clp_chat,shape_grids,episode_00009,Success,1
3892,multimodal_referencegame,baseline_clp_chat,shape_grids,episode_00009,Lose,0
3893,multimodal_referencegame,baseline_clp_chat,shape_grids,episode_00009,Main Score,100
3894,multimodal_referencegame,baseline_clp_chat,shape_grids,episode_00009,Request Success Ratio,1.0
3895,multimodal_referencegame,baseline_clp_chat,shape_grids,episode_00010,Generated Expression Length,89
3896,multimodal_referencegame,baseline_clp_chat,shape_grids,episode_00010,Generated Expression Number of Tokens,18
3897,multimodal_referencegame,baseline_clp_chat,shape_grids,episode_00010,Aborted at Player 1,0
3898,multimodal_referencegame,baseline_clp_chat,shape_grids,episode_00010,Aborted at Player 2,0
3899,multimodal_referencegame,baseline_clp_chat,shape_grids,episode_00010,Request Count,2
3900,multimodal_referencegame,baseline_clp_chat,shape_grids,episode_00010,Parsed Request Count,2
3901,multimodal_referencegame,baseline_clp_chat,shape_grids,episode_00010,Violated Request Count,0
3902,multimodal_referencegame,baseline_clp_chat,shape_grids,episode_00010,Aborted,0
3903,multimodal_referencegame,baseline_clp_chat,shape_grids,episode_00010,Success,0
3904,multimodal_referencegame,baseline_clp_chat,shape_grids,episode_00010,Lose,1
3905,multimodal_referencegame,baseline_clp_chat,shape_grids,episode_00010,Main Score,0
3906,multimodal_referencegame,baseline_clp_chat,shape_grids,episode_00010,Request Success Ratio,1.0
3907,privateshared,baseline_clp_chat,job-interview,episode_00006,Accuracy,0.4
3908,privateshared,baseline_clp_chat,job-interview,episode_00006,Kappa,0.0
3909,privateshared,baseline_clp_chat,job-interview,episode_00006,Truncated Kappa,0
3910,privateshared,baseline_clp_chat,job-interview,episode_00006,Slot-Filling-Accuracy,
3911,privateshared,baseline_clp_chat,job-interview,episode_00006,Main Score,
3912,privateshared,baseline_clp_chat,job-interview,episode_00006,Aborted,0
3913,privateshared,baseline_clp_chat,job-interview,episode_00006,Lose,1
3914,privateshared,baseline_clp_chat,job-interview,episode_00006,Success,0
3915,privateshared,baseline_clp_chat,job-interview,episode_00006,Request Count,12
3916,privateshared,baseline_clp_chat,job-interview,episode_00006,Parsed Request Count,5
3917,privateshared,baseline_clp_chat,job-interview,episode_00006,Violated Request Count,12
3918,privateshared,baseline_clp_chat,job-interview,episode_00006,Request Success Ratio,0.4166666666666667
3919,privateshared,baseline_clp_chat,job-interview,episode_00007,Accuracy,0.4
3920,privateshared,baseline_clp_chat,job-interview,episode_00007,Kappa,0.0
3921,privateshared,baseline_clp_chat,job-interview,episode_00007,Truncated Kappa,0
3922,privateshared,baseline_clp_chat,job-interview,episode_00007,Slot-Filling-Accuracy,
3923,privateshared,baseline_clp_chat,job-interview,episode_00007,Main Score,
3924,privateshared,baseline_clp_chat,job-interview,episode_00007,Aborted,0
3925,privateshared,baseline_clp_chat,job-interview,episode_00007,Lose,1
3926,privateshared,baseline_clp_chat,job-interview,episode_00007,Success,0
3927,privateshared,baseline_clp_chat,job-interview,episode_00007,Request Count,7
3928,privateshared,baseline_clp_chat,job-interview,episode_00007,Parsed Request Count,5
3929,privateshared,baseline_clp_chat,job-interview,episode_00007,Violated Request Count,7
3930,privateshared,baseline_clp_chat,job-interview,episode_00007,Request Success Ratio,0.7142857142857143
3931,privateshared,baseline_clp_chat,job-interview,episode_00008,Accuracy,0.2
3932,privateshared,baseline_clp_chat,job-interview,episode_00008,Kappa,0.0
3933,privateshared,baseline_clp_chat,job-interview,episode_00008,Truncated Kappa,0
3934,privateshared,baseline_clp_chat,job-interview,episode_00008,Slot-Filling-Accuracy,
3935,privateshared,baseline_clp_chat,job-interview,episode_00008,Main Score,
3936,privateshared,baseline_clp_chat,job-interview,episode_00008,Aborted,0
3937,privateshared,baseline_clp_chat,job-interview,episode_00008,Lose,1
3938,privateshared,baseline_clp_chat,job-interview,episode_00008,Success,0
3939,privateshared,baseline_clp_chat,job-interview,episode_00008,Request Count,8
3940,privateshared,baseline_clp_chat,job-interview,episode_00008,Parsed Request Count,5
3941,privateshared,baseline_clp_chat,job-interview,episode_00008,Violated Request Count,8
3942,privateshared,baseline_clp_chat,job-interview,episode_00008,Request Success Ratio,0.625
3943,privateshared,baseline_clp_chat,job-interview,episode_00009,Accuracy,1.0
3944,privateshared,baseline_clp_chat,job-interview,episode_00009,Kappa,
3945,privateshared,baseline_clp_chat,job-interview,episode_00009,Truncated Kappa,0
3946,privateshared,baseline_clp_chat,job-interview,episode_00009,Slot-Filling-Accuracy,
3947,privateshared,baseline_clp_chat,job-interview,episode_00009,Main Score,
3948,privateshared,baseline_clp_chat,job-interview,episode_00009,Aborted,0
3949,privateshared,baseline_clp_chat,job-interview,episode_00009,Lose,1
3950,privateshared,baseline_clp_chat,job-interview,episode_00009,Success,0
3951,privateshared,baseline_clp_chat,job-interview,episode_00009,Request Count,5
3952,privateshared,baseline_clp_chat,job-interview,episode_00009,Parsed Request Count,5
3953,privateshared,baseline_clp_chat,job-interview,episode_00009,Violated Request Count,5
3954,privateshared,baseline_clp_chat,job-interview,episode_00009,Request Success Ratio,1.0
3955,privateshared,baseline_clp_chat,job-interview,episode_00010,Accuracy,0.4
3956,privateshared,baseline_clp_chat,job-interview,episode_00010,Kappa,0.0
3957,privateshared,baseline_clp_chat,job-interview,episode_00010,Truncated Kappa,0
3958,privateshared,baseline_clp_chat,job-interview,episode_00010,Slot-Filling-Accuracy,
3959,privateshared,baseline_clp_chat,job-interview,episode_00010,Main Score,
3960,privateshared,baseline_clp_chat,job-interview,episode_00010,Aborted,0
3961,privateshared,baseline_clp_chat,job-interview,episode_00010,Lose,1
3962,privateshared,baseline_clp_chat,job-interview,episode_00010,Success,0
3963,privateshared,baseline_clp_chat,job-interview,episode_00010,Request Count,8
3964,privateshared,baseline_clp_chat,job-interview,episode_00010,Parsed Request Count,5
3965,privateshared,baseline_clp_chat,job-interview,episode_00010,Violated Request Count,8
3966,privateshared,baseline_clp_chat,job-interview,episode_00010,Request Success Ratio,0.625
3967,privateshared,baseline_clp_chat,restaurant,episode_00011,Accuracy,0.4
3968,privateshared,baseline_clp_chat,restaurant,episode_00011,Kappa,0.0
3969,privateshared,baseline_clp_chat,restaurant,episode_00011,Truncated Kappa,0
3970,privateshared,baseline_clp_chat,restaurant,episode_00011,Slot-Filling-Accuracy,
3971,privateshared,baseline_clp_chat,restaurant,episode_00011,Main Score,
3972,privateshared,baseline_clp_chat,restaurant,episode_00011,Aborted,0
3973,privateshared,baseline_clp_chat,restaurant,episode_00011,Lose,1
3974,privateshared,baseline_clp_chat,restaurant,episode_00011,Success,0
3975,privateshared,baseline_clp_chat,restaurant,episode_00011,Request Count,7
3976,privateshared,baseline_clp_chat,restaurant,episode_00011,Parsed Request Count,5
3977,privateshared,baseline_clp_chat,restaurant,episode_00011,Violated Request Count,7
3978,privateshared,baseline_clp_chat,restaurant,episode_00011,Request Success Ratio,0.7142857142857143
3979,privateshared,baseline_clp_chat,restaurant,episode_00012,Accuracy,0.6
3980,privateshared,baseline_clp_chat,restaurant,episode_00012,Kappa,0.0
3981,privateshared,baseline_clp_chat,restaurant,episode_00012,Truncated Kappa,0
3982,privateshared,baseline_clp_chat,restaurant,episode_00012,Slot-Filling-Accuracy,
3983,privateshared,baseline_clp_chat,restaurant,episode_00012,Main Score,
3984,privateshared,baseline_clp_chat,restaurant,episode_00012,Aborted,0
3985,privateshared,baseline_clp_chat,restaurant,episode_00012,Lose,1
3986,privateshared,baseline_clp_chat,restaurant,episode_00012,Success,0
3987,privateshared,baseline_clp_chat,restaurant,episode_00012,Request Count,6
3988,privateshared,baseline_clp_chat,restaurant,episode_00012,Parsed Request Count,5
3989,privateshared,baseline_clp_chat,restaurant,episode_00012,Violated Request Count,6
3990,privateshared,baseline_clp_chat,restaurant,episode_00012,Request Success Ratio,0.8333333333333334
3991,privateshared,baseline_clp_chat,restaurant,episode_00013,Accuracy,0.6
3992,privateshared,baseline_clp_chat,restaurant,episode_00013,Kappa,0.0
3993,privateshared,baseline_clp_chat,restaurant,episode_00013,Truncated Kappa,0
3994,privateshared,baseline_clp_chat,restaurant,episode_00013,Slot-Filling-Accuracy,
3995,privateshared,baseline_clp_chat,restaurant,episode_00013,Main Score,
3996,privateshared,baseline_clp_chat,restaurant,episode_00013,Aborted,0
3997,privateshared,baseline_clp_chat,restaurant,episode_00013,Lose,1
3998,privateshared,baseline_clp_chat,restaurant,episode_00013,Success,0
3999,privateshared,baseline_clp_chat,restaurant,episode_00013,Request Count,6
4000,privateshared,baseline_clp_chat,restaurant,episode_00013,Parsed Request Count,5
4001,privateshared,baseline_clp_chat,restaurant,episode_00013,Violated Request Count,6
4002,privateshared,baseline_clp_chat,restaurant,episode_00013,Request Success Ratio,0.8333333333333334
4003,privateshared,baseline_clp_chat,restaurant,episode_00014,Accuracy,0.6
4004,privateshared,baseline_clp_chat,restaurant,episode_00014,Kappa,0.0
4005,privateshared,baseline_clp_chat,restaurant,episode_00014,Truncated Kappa,0
4006,privateshared,baseline_clp_chat,restaurant,episode_00014,Slot-Filling-Accuracy,
4007,privateshared,baseline_clp_chat,restaurant,episode_00014,Main Score,
4008,privateshared,baseline_clp_chat,restaurant,episode_00014,Aborted,0
4009,privateshared,baseline_clp_chat,restaurant,episode_00014,Lose,1
4010,privateshared,baseline_clp_chat,restaurant,episode_00014,Success,0
4011,privateshared,baseline_clp_chat,restaurant,episode_00014,Request Count,6
4012,privateshared,baseline_clp_chat,restaurant,episode_00014,Parsed Request Count,5
4013,privateshared,baseline_clp_chat,restaurant,episode_00014,Violated Request Count,6
4014,privateshared,baseline_clp_chat,restaurant,episode_00014,Request Success Ratio,0.8333333333333334
4015,privateshared,baseline_clp_chat,restaurant,episode_00015,Accuracy,0.8
4016,privateshared,baseline_clp_chat,restaurant,episode_00015,Kappa,0.0
4017,privateshared,baseline_clp_chat,restaurant,episode_00015,Truncated Kappa,0
4018,privateshared,baseline_clp_chat,restaurant,episode_00015,Slot-Filling-Accuracy,
4019,privateshared,baseline_clp_chat,restaurant,episode_00015,Main Score,
4020,privateshared,baseline_clp_chat,restaurant,episode_00015,Aborted,0
4021,privateshared,baseline_clp_chat,restaurant,episode_00015,Lose,1
4022,privateshared,baseline_clp_chat,restaurant,episode_00015,Success,0
4023,privateshared,baseline_clp_chat,restaurant,episode_00015,Request Count,9
4024,privateshared,baseline_clp_chat,restaurant,episode_00015,Parsed Request Count,5
4025,privateshared,baseline_clp_chat,restaurant,episode_00015,Violated Request Count,9
4026,privateshared,baseline_clp_chat,restaurant,episode_00015,Request Success Ratio,0.5555555555555556
4027,privateshared,baseline_clp_chat,things-places,episode_00016,Accuracy,0.5333333333333333
4028,privateshared,baseline_clp_chat,things-places,episode_00016,Kappa,0.0
4029,privateshared,baseline_clp_chat,things-places,episode_00016,Truncated Kappa,0
4030,privateshared,baseline_clp_chat,things-places,episode_00016,Slot-Filling-Accuracy,
4031,privateshared,baseline_clp_chat,things-places,episode_00016,Main Score,
4032,privateshared,baseline_clp_chat,things-places,episode_00016,Aborted,0
4033,privateshared,baseline_clp_chat,things-places,episode_00016,Lose,1
4034,privateshared,baseline_clp_chat,things-places,episode_00016,Success,0
4035,privateshared,baseline_clp_chat,things-places,episode_00016,Request Count,24
4036,privateshared,baseline_clp_chat,things-places,episode_00016,Parsed Request Count,15
4037,privateshared,baseline_clp_chat,things-places,episode_00016,Violated Request Count,24
4038,privateshared,baseline_clp_chat,things-places,episode_00016,Request Success Ratio,0.625
4039,privateshared,baseline_clp_chat,things-places,episode_00017,Accuracy,0.6666666666666666
4040,privateshared,baseline_clp_chat,things-places,episode_00017,Kappa,0.0
4041,privateshared,baseline_clp_chat,things-places,episode_00017,Truncated Kappa,0
4042,privateshared,baseline_clp_chat,things-places,episode_00017,Slot-Filling-Accuracy,
4043,privateshared,baseline_clp_chat,things-places,episode_00017,Main Score,
4044,privateshared,baseline_clp_chat,things-places,episode_00017,Aborted,0
4045,privateshared,baseline_clp_chat,things-places,episode_00017,Lose,1
4046,privateshared,baseline_clp_chat,things-places,episode_00017,Success,0
4047,privateshared,baseline_clp_chat,things-places,episode_00017,Request Count,23
4048,privateshared,baseline_clp_chat,things-places,episode_00017,Parsed Request Count,15
4049,privateshared,baseline_clp_chat,things-places,episode_00017,Violated Request Count,23
4050,privateshared,baseline_clp_chat,things-places,episode_00017,Request Success Ratio,0.6521739130434783
4051,privateshared,baseline_clp_chat,things-places,episode_00018,Accuracy,0.3333333333333333
4052,privateshared,baseline_clp_chat,things-places,episode_00018,Kappa,0.0
4053,privateshared,baseline_clp_chat,things-places,episode_00018,Truncated Kappa,0
4054,privateshared,baseline_clp_chat,things-places,episode_00018,Slot-Filling-Accuracy,
4055,privateshared,baseline_clp_chat,things-places,episode_00018,Main Score,
4056,privateshared,baseline_clp_chat,things-places,episode_00018,Aborted,0
4057,privateshared,baseline_clp_chat,things-places,episode_00018,Lose,1
4058,privateshared,baseline_clp_chat,things-places,episode_00018,Success,0
4059,privateshared,baseline_clp_chat,things-places,episode_00018,Request Count,20
4060,privateshared,baseline_clp_chat,things-places,episode_00018,Parsed Request Count,15
4061,privateshared,baseline_clp_chat,things-places,episode_00018,Violated Request Count,20
4062,privateshared,baseline_clp_chat,things-places,episode_00018,Request Success Ratio,0.75
4063,privateshared,baseline_clp_chat,things-places,episode_00019,Accuracy,0.5333333333333333
4064,privateshared,baseline_clp_chat,things-places,episode_00019,Kappa,0.0
4065,privateshared,baseline_clp_chat,things-places,episode_00019,Truncated Kappa,0
4066,privateshared,baseline_clp_chat,things-places,episode_00019,Slot-Filling-Accuracy,
4067,privateshared,baseline_clp_chat,things-places,episode_00019,Main Score,
4068,privateshared,baseline_clp_chat,things-places,episode_00019,Aborted,0
4069,privateshared,baseline_clp_chat,things-places,episode_00019,Lose,1
4070,privateshared,baseline_clp_chat,things-places,episode_00019,Success,0
4071,privateshared,baseline_clp_chat,things-places,episode_00019,Request Count,20
4072,privateshared,baseline_clp_chat,things-places,episode_00019,Parsed Request Count,15
4073,privateshared,baseline_clp_chat,things-places,episode_00019,Violated Request Count,20
4074,privateshared,baseline_clp_chat,things-places,episode_00019,Request Success Ratio,0.75
4075,privateshared,baseline_clp_chat,travel-booking,episode_00001,Accuracy,0.4
4076,privateshared,baseline_clp_chat,travel-booking,episode_00001,Kappa,0.0
4077,privateshared,baseline_clp_chat,travel-booking,episode_00001,Truncated Kappa,0
4078,privateshared,baseline_clp_chat,travel-booking,episode_00001,Slot-Filling-Accuracy,
4079,privateshared,baseline_clp_chat,travel-booking,episode_00001,Main Score,
4080,privateshared,baseline_clp_chat,travel-booking,episode_00001,Aborted,0
4081,privateshared,baseline_clp_chat,travel-booking,episode_00001,Lose,1
4082,privateshared,baseline_clp_chat,travel-booking,episode_00001,Success,0
4083,privateshared,baseline_clp_chat,travel-booking,episode_00001,Request Count,7
4084,privateshared,baseline_clp_chat,travel-booking,episode_00001,Parsed Request Count,5
4085,privateshared,baseline_clp_chat,travel-booking,episode_00001,Violated Request Count,7
4086,privateshared,baseline_clp_chat,travel-booking,episode_00001,Request Success Ratio,0.7142857142857143
4087,privateshared,baseline_clp_chat,travel-booking,episode_00002,Accuracy,0.2
4088,privateshared,baseline_clp_chat,travel-booking,episode_00002,Kappa,0.0
4089,privateshared,baseline_clp_chat,travel-booking,episode_00002,Truncated Kappa,0
4090,privateshared,baseline_clp_chat,travel-booking,episode_00002,Slot-Filling-Accuracy,
4091,privateshared,baseline_clp_chat,travel-booking,episode_00002,Main Score,
4092,privateshared,baseline_clp_chat,travel-booking,episode_00002,Aborted,0
4093,privateshared,baseline_clp_chat,travel-booking,episode_00002,Lose,1
4094,privateshared,baseline_clp_chat,travel-booking,episode_00002,Success,0
4095,privateshared,baseline_clp_chat,travel-booking,episode_00002,Request Count,8
4096,privateshared,baseline_clp_chat,travel-booking,episode_00002,Parsed Request Count,5
4097,privateshared,baseline_clp_chat,travel-booking,episode_00002,Violated Request Count,8
4098,privateshared,baseline_clp_chat,travel-booking,episode_00002,Request Success Ratio,0.625
4099,privateshared,baseline_clp_chat,travel-booking,episode_00003,Accuracy,0.8
4100,privateshared,baseline_clp_chat,travel-booking,episode_00003,Kappa,0.0
4101,privateshared,baseline_clp_chat,travel-booking,episode_00003,Truncated Kappa,0
4102,privateshared,baseline_clp_chat,travel-booking,episode_00003,Slot-Filling-Accuracy,
4103,privateshared,baseline_clp_chat,travel-booking,episode_00003,Main Score,
4104,privateshared,baseline_clp_chat,travel-booking,episode_00003,Aborted,0
4105,privateshared,baseline_clp_chat,travel-booking,episode_00003,Lose,1
4106,privateshared,baseline_clp_chat,travel-booking,episode_00003,Success,0
4107,privateshared,baseline_clp_chat,travel-booking,episode_00003,Request Count,7
4108,privateshared,baseline_clp_chat,travel-booking,episode_00003,Parsed Request Count,5
4109,privateshared,baseline_clp_chat,travel-booking,episode_00003,Violated Request Count,7
4110,privateshared,baseline_clp_chat,travel-booking,episode_00003,Request Success Ratio,0.7142857142857143
4111,privateshared,baseline_clp_chat,travel-booking,episode_00004,Accuracy,0.8
4112,privateshared,baseline_clp_chat,travel-booking,episode_00004,Kappa,0.0
4113,privateshared,baseline_clp_chat,travel-booking,episode_00004,Truncated Kappa,0
4114,privateshared,baseline_clp_chat,travel-booking,episode_00004,Slot-Filling-Accuracy,
4115,privateshared,baseline_clp_chat,travel-booking,episode_00004,Main Score,
4116,privateshared,baseline_clp_chat,travel-booking,episode_00004,Aborted,0
4117,privateshared,baseline_clp_chat,travel-booking,episode_00004,Lose,1
4118,privateshared,baseline_clp_chat,travel-booking,episode_00004,Success,0
4119,privateshared,baseline_clp_chat,travel-booking,episode_00004,Request Count,8
4120,privateshared,baseline_clp_chat,travel-booking,episode_00004,Parsed Request Count,5
4121,privateshared,baseline_clp_chat,travel-booking,episode_00004,Violated Request Count,8
4122,privateshared,baseline_clp_chat,travel-booking,episode_00004,Request Success Ratio,0.625
4123,privateshared,baseline_clp_chat,travel-booking,episode_00005,Accuracy,0.8
4124,privateshared,baseline_clp_chat,travel-booking,episode_00005,Kappa,0.0
4125,privateshared,baseline_clp_chat,travel-booking,episode_00005,Truncated Kappa,0
4126,privateshared,baseline_clp_chat,travel-booking,episode_00005,Slot-Filling-Accuracy,
4127,privateshared,baseline_clp_chat,travel-booking,episode_00005,Main Score,
4128,privateshared,baseline_clp_chat,travel-booking,episode_00005,Aborted,0
4129,privateshared,baseline_clp_chat,travel-booking,episode_00005,Lose,1
4130,privateshared,baseline_clp_chat,travel-booking,episode_00005,Success,0
4131,privateshared,baseline_clp_chat,travel-booking,episode_00005,Request Count,8
4132,privateshared,baseline_clp_chat,travel-booking,episode_00005,Parsed Request Count,5
4133,privateshared,baseline_clp_chat,travel-booking,episode_00005,Violated Request Count,8
4134,privateshared,baseline_clp_chat,travel-booking,episode_00005,Request Success Ratio,0.625
4135,referencegame,baseline_clp_chat,letter_grids,episode_00001,Generated Expression Length,205
4136,referencegame,baseline_clp_chat,letter_grids,episode_00001,Generated Expression Number of Tokens,37
4137,referencegame,baseline_clp_chat,letter_grids,episode_00001,Aborted at Player 1,0
4138,referencegame,baseline_clp_chat,letter_grids,episode_00001,Aborted at Player 2,0
4139,referencegame,baseline_clp_chat,letter_grids,episode_00001,Request Count,2
4140,referencegame,baseline_clp_chat,letter_grids,episode_00001,Parsed Request Count,2
4141,referencegame,baseline_clp_chat,letter_grids,episode_00001,Violated Request Count,0
4142,referencegame,baseline_clp_chat,letter_grids,episode_00001,Aborted,0
4143,referencegame,baseline_clp_chat,letter_grids,episode_00001,Success,1
4144,referencegame,baseline_clp_chat,letter_grids,episode_00001,Lose,0
4145,referencegame,baseline_clp_chat,letter_grids,episode_00001,Main Score,100
4146,referencegame,baseline_clp_chat,letter_grids,episode_00001,Request Success Ratio,1.0
4147,referencegame,baseline_clp_chat,letter_grids,episode_00002,Generated Expression Length,217
4148,referencegame,baseline_clp_chat,letter_grids,episode_00002,Generated Expression Number of Tokens,42
4149,referencegame,baseline_clp_chat,letter_grids,episode_00002,Aborted at Player 1,0
4150,referencegame,baseline_clp_chat,letter_grids,episode_00002,Aborted at Player 2,0
4151,referencegame,baseline_clp_chat,letter_grids,episode_00002,Request Count,2
4152,referencegame,baseline_clp_chat,letter_grids,episode_00002,Parsed Request Count,2
4153,referencegame,baseline_clp_chat,letter_grids,episode_00002,Violated Request Count,0
4154,referencegame,baseline_clp_chat,letter_grids,episode_00002,Aborted,0
4155,referencegame,baseline_clp_chat,letter_grids,episode_00002,Success,1
4156,referencegame,baseline_clp_chat,letter_grids,episode_00002,Lose,0
4157,referencegame,baseline_clp_chat,letter_grids,episode_00002,Main Score,100
4158,referencegame,baseline_clp_chat,letter_grids,episode_00002,Request Success Ratio,1.0
4159,referencegame,baseline_clp_chat,letter_grids,episode_00003,Generated Expression Length,253
4160,referencegame,baseline_clp_chat,letter_grids,episode_00003,Generated Expression Number of Tokens,46
4161,referencegame,baseline_clp_chat,letter_grids,episode_00003,Aborted at Player 1,0
4162,referencegame,baseline_clp_chat,letter_grids,episode_00003,Aborted at Player 2,0
4163,referencegame,baseline_clp_chat,letter_grids,episode_00003,Request Count,2
4164,referencegame,baseline_clp_chat,letter_grids,episode_00003,Parsed Request Count,2
4165,referencegame,baseline_clp_chat,letter_grids,episode_00003,Violated Request Count,0
4166,referencegame,baseline_clp_chat,letter_grids,episode_00003,Aborted,0
4167,referencegame,baseline_clp_chat,letter_grids,episode_00003,Success,0
4168,referencegame,baseline_clp_chat,letter_grids,episode_00003,Lose,1
4169,referencegame,baseline_clp_chat,letter_grids,episode_00003,Main Score,0
4170,referencegame,baseline_clp_chat,letter_grids,episode_00003,Request Success Ratio,1.0
4171,referencegame,baseline_clp_chat,letter_grids,episode_00004,Generated Expression Length,327
4172,referencegame,baseline_clp_chat,letter_grids,episode_00004,Generated Expression Number of Tokens,58
4173,referencegame,baseline_clp_chat,letter_grids,episode_00004,Aborted at Player 1,0
4174,referencegame,baseline_clp_chat,letter_grids,episode_00004,Aborted at Player 2,0
4175,referencegame,baseline_clp_chat,letter_grids,episode_00004,Request Count,2
4176,referencegame,baseline_clp_chat,letter_grids,episode_00004,Parsed Request Count,2
4177,referencegame,baseline_clp_chat,letter_grids,episode_00004,Violated Request Count,0
4178,referencegame,baseline_clp_chat,letter_grids,episode_00004,Aborted,0
4179,referencegame,baseline_clp_chat,letter_grids,episode_00004,Success,1
4180,referencegame,baseline_clp_chat,letter_grids,episode_00004,Lose,0
4181,referencegame,baseline_clp_chat,letter_grids,episode_00004,Main Score,100
4182,referencegame,baseline_clp_chat,letter_grids,episode_00004,Request Success Ratio,1.0
4183,referencegame,baseline_clp_chat,letter_grids,episode_00005,Generated Expression Length,178
4184,referencegame,baseline_clp_chat,letter_grids,episode_00005,Generated Expression Number of Tokens,36
4185,referencegame,baseline_clp_chat,letter_grids,episode_00005,Aborted at Player 1,0
4186,referencegame,baseline_clp_chat,letter_grids,episode_00005,Aborted at Player 2,0
4187,referencegame,baseline_clp_chat,letter_grids,episode_00005,Request Count,2
4188,referencegame,baseline_clp_chat,letter_grids,episode_00005,Parsed Request Count,2
4189,referencegame,baseline_clp_chat,letter_grids,episode_00005,Violated Request Count,0
4190,referencegame,baseline_clp_chat,letter_grids,episode_00005,Aborted,0
4191,referencegame,baseline_clp_chat,letter_grids,episode_00005,Success,1
4192,referencegame,baseline_clp_chat,letter_grids,episode_00005,Lose,0
4193,referencegame,baseline_clp_chat,letter_grids,episode_00005,Main Score,100
4194,referencegame,baseline_clp_chat,letter_grids,episode_00005,Request Success Ratio,1.0
4195,referencegame,baseline_clp_chat,line_grids_columns,episode_00016,Generated Expression Length,220
4196,referencegame,baseline_clp_chat,line_grids_columns,episode_00016,Generated Expression Number of Tokens,44
4197,referencegame,baseline_clp_chat,line_grids_columns,episode_00016,Aborted at Player 1,0
4198,referencegame,baseline_clp_chat,line_grids_columns,episode_00016,Aborted at Player 2,0
4199,referencegame,baseline_clp_chat,line_grids_columns,episode_00016,Request Count,2
4200,referencegame,baseline_clp_chat,line_grids_columns,episode_00016,Parsed Request Count,2
4201,referencegame,baseline_clp_chat,line_grids_columns,episode_00016,Violated Request Count,0
4202,referencegame,baseline_clp_chat,line_grids_columns,episode_00016,Aborted,0
4203,referencegame,baseline_clp_chat,line_grids_columns,episode_00016,Success,1
4204,referencegame,baseline_clp_chat,line_grids_columns,episode_00016,Lose,0
4205,referencegame,baseline_clp_chat,line_grids_columns,episode_00016,Main Score,100
4206,referencegame,baseline_clp_chat,line_grids_columns,episode_00016,Request Success Ratio,1.0
4207,referencegame,baseline_clp_chat,line_grids_columns,episode_00017,Generated Expression Length,164
4208,referencegame,baseline_clp_chat,line_grids_columns,episode_00017,Generated Expression Number of Tokens,30
4209,referencegame,baseline_clp_chat,line_grids_columns,episode_00017,Aborted at Player 1,0
4210,referencegame,baseline_clp_chat,line_grids_columns,episode_00017,Aborted at Player 2,0
4211,referencegame,baseline_clp_chat,line_grids_columns,episode_00017,Request Count,2
4212,referencegame,baseline_clp_chat,line_grids_columns,episode_00017,Parsed Request Count,2
4213,referencegame,baseline_clp_chat,line_grids_columns,episode_00017,Violated Request Count,0
4214,referencegame,baseline_clp_chat,line_grids_columns,episode_00017,Aborted,0
4215,referencegame,baseline_clp_chat,line_grids_columns,episode_00017,Success,1
4216,referencegame,baseline_clp_chat,line_grids_columns,episode_00017,Lose,0
4217,referencegame,baseline_clp_chat,line_grids_columns,episode_00017,Main Score,100
4218,referencegame,baseline_clp_chat,line_grids_columns,episode_00017,Request Success Ratio,1.0
4219,referencegame,baseline_clp_chat,line_grids_columns,episode_00018,Generated Expression Length,166
4220,referencegame,baseline_clp_chat,line_grids_columns,episode_00018,Generated Expression Number of Tokens,33
4221,referencegame,baseline_clp_chat,line_grids_columns,episode_00018,Aborted at Player 1,0
4222,referencegame,baseline_clp_chat,line_grids_columns,episode_00018,Aborted at Player 2,0
4223,referencegame,baseline_clp_chat,line_grids_columns,episode_00018,Request Count,2
4224,referencegame,baseline_clp_chat,line_grids_columns,episode_00018,Parsed Request Count,2
4225,referencegame,baseline_clp_chat,line_grids_columns,episode_00018,Violated Request Count,0
4226,referencegame,baseline_clp_chat,line_grids_columns,episode_00018,Aborted,0
4227,referencegame,baseline_clp_chat,line_grids_columns,episode_00018,Success,1
4228,referencegame,baseline_clp_chat,line_grids_columns,episode_00018,Lose,0
4229,referencegame,baseline_clp_chat,line_grids_columns,episode_00018,Main Score,100
4230,referencegame,baseline_clp_chat,line_grids_columns,episode_00018,Request Success Ratio,1.0
4231,referencegame,baseline_clp_chat,line_grids_columns,episode_00019,Generated Expression Length,132
4232,referencegame,baseline_clp_chat,line_grids_columns,episode_00019,Generated Expression Number of Tokens,25
4233,referencegame,baseline_clp_chat,line_grids_columns,episode_00019,Aborted at Player 1,0
4234,referencegame,baseline_clp_chat,line_grids_columns,episode_00019,Aborted at Player 2,0
4235,referencegame,baseline_clp_chat,line_grids_columns,episode_00019,Request Count,2
4236,referencegame,baseline_clp_chat,line_grids_columns,episode_00019,Parsed Request Count,2
4237,referencegame,baseline_clp_chat,line_grids_columns,episode_00019,Violated Request Count,0
4238,referencegame,baseline_clp_chat,line_grids_columns,episode_00019,Aborted,0
4239,referencegame,baseline_clp_chat,line_grids_columns,episode_00019,Success,1
4240,referencegame,baseline_clp_chat,line_grids_columns,episode_00019,Lose,0
4241,referencegame,baseline_clp_chat,line_grids_columns,episode_00019,Main Score,100
4242,referencegame,baseline_clp_chat,line_grids_columns,episode_00019,Request Success Ratio,1.0
4243,referencegame,baseline_clp_chat,line_grids_columns,episode_00020,Generated Expression Length,132
4244,referencegame,baseline_clp_chat,line_grids_columns,episode_00020,Generated Expression Number of Tokens,25
4245,referencegame,baseline_clp_chat,line_grids_columns,episode_00020,Aborted at Player 1,0
4246,referencegame,baseline_clp_chat,line_grids_columns,episode_00020,Aborted at Player 2,0
4247,referencegame,baseline_clp_chat,line_grids_columns,episode_00020,Request Count,2
4248,referencegame,baseline_clp_chat,line_grids_columns,episode_00020,Parsed Request Count,2
4249,referencegame,baseline_clp_chat,line_grids_columns,episode_00020,Violated Request Count,0
4250,referencegame,baseline_clp_chat,line_grids_columns,episode_00020,Aborted,0
4251,referencegame,baseline_clp_chat,line_grids_columns,episode_00020,Success,1
4252,referencegame,baseline_clp_chat,line_grids_columns,episode_00020,Lose,0
4253,referencegame,baseline_clp_chat,line_grids_columns,episode_00020,Main Score,100
4254,referencegame,baseline_clp_chat,line_grids_columns,episode_00020,Request Success Ratio,1.0
4255,referencegame,baseline_clp_chat,line_grids_rows,episode_00011,Generated Expression Length,109
4256,referencegame,baseline_clp_chat,line_grids_rows,episode_00011,Generated Expression Number of Tokens,21
4257,referencegame,baseline_clp_chat,line_grids_rows,episode_00011,Aborted at Player 1,0
4258,referencegame,baseline_clp_chat,line_grids_rows,episode_00011,Aborted at Player 2,0
4259,referencegame,baseline_clp_chat,line_grids_rows,episode_00011,Request Count,2
4260,referencegame,baseline_clp_chat,line_grids_rows,episode_00011,Parsed Request Count,2
4261,referencegame,baseline_clp_chat,line_grids_rows,episode_00011,Violated Request Count,0
4262,referencegame,baseline_clp_chat,line_grids_rows,episode_00011,Aborted,0
4263,referencegame,baseline_clp_chat,line_grids_rows,episode_00011,Success,1
4264,referencegame,baseline_clp_chat,line_grids_rows,episode_00011,Lose,0
4265,referencegame,baseline_clp_chat,line_grids_rows,episode_00011,Main Score,100
4266,referencegame,baseline_clp_chat,line_grids_rows,episode_00011,Request Success Ratio,1.0
4267,referencegame,baseline_clp_chat,line_grids_rows,episode_00012,Generated Expression Length,109
4268,referencegame,baseline_clp_chat,line_grids_rows,episode_00012,Generated Expression Number of Tokens,21
4269,referencegame,baseline_clp_chat,line_grids_rows,episode_00012,Aborted at Player 1,0
4270,referencegame,baseline_clp_chat,line_grids_rows,episode_00012,Aborted at Player 2,0
4271,referencegame,baseline_clp_chat,line_grids_rows,episode_00012,Request Count,2
4272,referencegame,baseline_clp_chat,line_grids_rows,episode_00012,Parsed Request Count,2
4273,referencegame,baseline_clp_chat,line_grids_rows,episode_00012,Violated Request Count,0
4274,referencegame,baseline_clp_chat,line_grids_rows,episode_00012,Aborted,0
4275,referencegame,baseline_clp_chat,line_grids_rows,episode_00012,Success,1
4276,referencegame,baseline_clp_chat,line_grids_rows,episode_00012,Lose,0
4277,referencegame,baseline_clp_chat,line_grids_rows,episode_00012,Main Score,100
4278,referencegame,baseline_clp_chat,line_grids_rows,episode_00012,Request Success Ratio,1.0
4279,referencegame,baseline_clp_chat,line_grids_rows,episode_00013,Generated Expression Length,109
4280,referencegame,baseline_clp_chat,line_grids_rows,episode_00013,Generated Expression Number of Tokens,21
4281,referencegame,baseline_clp_chat,line_grids_rows,episode_00013,Aborted at Player 1,0
4282,referencegame,baseline_clp_chat,line_grids_rows,episode_00013,Aborted at Player 2,0
4283,referencegame,baseline_clp_chat,line_grids_rows,episode_00013,Request Count,2
4284,referencegame,baseline_clp_chat,line_grids_rows,episode_00013,Parsed Request Count,2
4285,referencegame,baseline_clp_chat,line_grids_rows,episode_00013,Violated Request Count,0
4286,referencegame,baseline_clp_chat,line_grids_rows,episode_00013,Aborted,0
4287,referencegame,baseline_clp_chat,line_grids_rows,episode_00013,Success,1
4288,referencegame,baseline_clp_chat,line_grids_rows,episode_00013,Lose,0
4289,referencegame,baseline_clp_chat,line_grids_rows,episode_00013,Main Score,100
4290,referencegame,baseline_clp_chat,line_grids_rows,episode_00013,Request Success Ratio,1.0
4291,referencegame,baseline_clp_chat,line_grids_rows,episode_00014,Generated Expression Length,129
4292,referencegame,baseline_clp_chat,line_grids_rows,episode_00014,Generated Expression Number of Tokens,24
4293,referencegame,baseline_clp_chat,line_grids_rows,episode_00014,Aborted at Player 1,0
4294,referencegame,baseline_clp_chat,line_grids_rows,episode_00014,Aborted at Player 2,0
4295,referencegame,baseline_clp_chat,line_grids_rows,episode_00014,Request Count,2
4296,referencegame,baseline_clp_chat,line_grids_rows,episode_00014,Parsed Request Count,2
4297,referencegame,baseline_clp_chat,line_grids_rows,episode_00014,Violated Request Count,0
4298,referencegame,baseline_clp_chat,line_grids_rows,episode_00014,Aborted,0
4299,referencegame,baseline_clp_chat,line_grids_rows,episode_00014,Success,1
4300,referencegame,baseline_clp_chat,line_grids_rows,episode_00014,Lose,0
4301,referencegame,baseline_clp_chat,line_grids_rows,episode_00014,Main Score,100
4302,referencegame,baseline_clp_chat,line_grids_rows,episode_00014,Request Success Ratio,1.0
4303,referencegame,baseline_clp_chat,line_grids_rows,episode_00015,Generated Expression Length,166
4304,referencegame,baseline_clp_chat,line_grids_rows,episode_00015,Generated Expression Number of Tokens,30
4305,referencegame,baseline_clp_chat,line_grids_rows,episode_00015,Aborted at Player 1,0
4306,referencegame,baseline_clp_chat,line_grids_rows,episode_00015,Aborted at Player 2,0
4307,referencegame,baseline_clp_chat,line_grids_rows,episode_00015,Request Count,2
4308,referencegame,baseline_clp_chat,line_grids_rows,episode_00015,Parsed Request Count,2
4309,referencegame,baseline_clp_chat,line_grids_rows,episode_00015,Violated Request Count,0
4310,referencegame,baseline_clp_chat,line_grids_rows,episode_00015,Aborted,0
4311,referencegame,baseline_clp_chat,line_grids_rows,episode_00015,Success,0
4312,referencegame,baseline_clp_chat,line_grids_rows,episode_00015,Lose,1
4313,referencegame,baseline_clp_chat,line_grids_rows,episode_00015,Main Score,0
4314,referencegame,baseline_clp_chat,line_grids_rows,episode_00015,Request Success Ratio,1.0
4315,referencegame,baseline_clp_chat,number_grids,episode_00006,Generated Expression Length,294
4316,referencegame,baseline_clp_chat,number_grids,episode_00006,Generated Expression Number of Tokens,56
4317,referencegame,baseline_clp_chat,number_grids,episode_00006,Aborted at Player 1,0
4318,referencegame,baseline_clp_chat,number_grids,episode_00006,Aborted at Player 2,0
4319,referencegame,baseline_clp_chat,number_grids,episode_00006,Request Count,2
4320,referencegame,baseline_clp_chat,number_grids,episode_00006,Parsed Request Count,2
4321,referencegame,baseline_clp_chat,number_grids,episode_00006,Violated Request Count,0
4322,referencegame,baseline_clp_chat,number_grids,episode_00006,Aborted,0
4323,referencegame,baseline_clp_chat,number_grids,episode_00006,Success,1
4324,referencegame,baseline_clp_chat,number_grids,episode_00006,Lose,0
4325,referencegame,baseline_clp_chat,number_grids,episode_00006,Main Score,100
4326,referencegame,baseline_clp_chat,number_grids,episode_00006,Request Success Ratio,1.0
4327,referencegame,baseline_clp_chat,number_grids,episode_00007,Generated Expression Length,409
4328,referencegame,baseline_clp_chat,number_grids,episode_00007,Generated Expression Number of Tokens,79
4329,referencegame,baseline_clp_chat,number_grids,episode_00007,Aborted at Player 1,0
4330,referencegame,baseline_clp_chat,number_grids,episode_00007,Aborted at Player 2,0
4331,referencegame,baseline_clp_chat,number_grids,episode_00007,Request Count,2
4332,referencegame,baseline_clp_chat,number_grids,episode_00007,Parsed Request Count,2
4333,referencegame,baseline_clp_chat,number_grids,episode_00007,Violated Request Count,0
4334,referencegame,baseline_clp_chat,number_grids,episode_00007,Aborted,0
4335,referencegame,baseline_clp_chat,number_grids,episode_00007,Success,0
4336,referencegame,baseline_clp_chat,number_grids,episode_00007,Lose,1
4337,referencegame,baseline_clp_chat,number_grids,episode_00007,Main Score,0
4338,referencegame,baseline_clp_chat,number_grids,episode_00007,Request Success Ratio,1.0
4339,referencegame,baseline_clp_chat,number_grids,episode_00008,Generated Expression Length,437
4340,referencegame,baseline_clp_chat,number_grids,episode_00008,Generated Expression Number of Tokens,93
4341,referencegame,baseline_clp_chat,number_grids,episode_00008,Aborted at Player 1,0
4342,referencegame,baseline_clp_chat,number_grids,episode_00008,Aborted at Player 2,0
4343,referencegame,baseline_clp_chat,number_grids,episode_00008,Request Count,2
4344,referencegame,baseline_clp_chat,number_grids,episode_00008,Parsed Request Count,2
4345,referencegame,baseline_clp_chat,number_grids,episode_00008,Violated Request Count,0
4346,referencegame,baseline_clp_chat,number_grids,episode_00008,Aborted,0
4347,referencegame,baseline_clp_chat,number_grids,episode_00008,Success,1
4348,referencegame,baseline_clp_chat,number_grids,episode_00008,Lose,0
4349,referencegame,baseline_clp_chat,number_grids,episode_00008,Main Score,100
4350,referencegame,baseline_clp_chat,number_grids,episode_00008,Request Success Ratio,1.0
4351,referencegame,baseline_clp_chat,number_grids,episode_00009,Generated Expression Length,129
4352,referencegame,baseline_clp_chat,number_grids,episode_00009,Generated Expression Number of Tokens,26
4353,referencegame,baseline_clp_chat,number_grids,episode_00009,Aborted at Player 1,0
4354,referencegame,baseline_clp_chat,number_grids,episode_00009,Aborted at Player 2,0
4355,referencegame,baseline_clp_chat,number_grids,episode_00009,Request Count,2
4356,referencegame,baseline_clp_chat,number_grids,episode_00009,Parsed Request Count,2
4357,referencegame,baseline_clp_chat,number_grids,episode_00009,Violated Request Count,0
4358,referencegame,baseline_clp_chat,number_grids,episode_00009,Aborted,0
4359,referencegame,baseline_clp_chat,number_grids,episode_00009,Success,1
4360,referencegame,baseline_clp_chat,number_grids,episode_00009,Lose,0
4361,referencegame,baseline_clp_chat,number_grids,episode_00009,Main Score,100
4362,referencegame,baseline_clp_chat,number_grids,episode_00009,Request Success Ratio,1.0
4363,referencegame,baseline_clp_chat,number_grids,episode_00010,Generated Expression Length,191
4364,referencegame,baseline_clp_chat,number_grids,episode_00010,Generated Expression Number of Tokens,38
4365,referencegame,baseline_clp_chat,number_grids,episode_00010,Aborted at Player 1,0
4366,referencegame,baseline_clp_chat,number_grids,episode_00010,Aborted at Player 2,0
4367,referencegame,baseline_clp_chat,number_grids,episode_00010,Request Count,2
4368,referencegame,baseline_clp_chat,number_grids,episode_00010,Parsed Request Count,2
4369,referencegame,baseline_clp_chat,number_grids,episode_00010,Violated Request Count,0
4370,referencegame,baseline_clp_chat,number_grids,episode_00010,Aborted,0
4371,referencegame,baseline_clp_chat,number_grids,episode_00010,Success,1
4372,referencegame,baseline_clp_chat,number_grids,episode_00010,Lose,0
4373,referencegame,baseline_clp_chat,number_grids,episode_00010,Main Score,100
4374,referencegame,baseline_clp_chat,number_grids,episode_00010,Request Success Ratio,1.0
4375,referencegame,baseline_clp_chat,random_grids,episode_00021,Generated Expression Length,530
4376,referencegame,baseline_clp_chat,random_grids,episode_00021,Generated Expression Number of Tokens,97
4377,referencegame,baseline_clp_chat,random_grids,episode_00021,Aborted at Player 1,0
4378,referencegame,baseline_clp_chat,random_grids,episode_00021,Aborted at Player 2,0
4379,referencegame,baseline_clp_chat,random_grids,episode_00021,Request Count,2
4380,referencegame,baseline_clp_chat,random_grids,episode_00021,Parsed Request Count,2
4381,referencegame,baseline_clp_chat,random_grids,episode_00021,Violated Request Count,0
4382,referencegame,baseline_clp_chat,random_grids,episode_00021,Aborted,0
4383,referencegame,baseline_clp_chat,random_grids,episode_00021,Success,1
4384,referencegame,baseline_clp_chat,random_grids,episode_00021,Lose,0
4385,referencegame,baseline_clp_chat,random_grids,episode_00021,Main Score,100
4386,referencegame,baseline_clp_chat,random_grids,episode_00021,Request Success Ratio,1.0
4387,referencegame,baseline_clp_chat,random_grids,episode_00022,Generated Expression Length,271
4388,referencegame,baseline_clp_chat,random_grids,episode_00022,Generated Expression Number of Tokens,54
4389,referencegame,baseline_clp_chat,random_grids,episode_00022,Aborted at Player 1,0
4390,referencegame,baseline_clp_chat,random_grids,episode_00022,Aborted at Player 2,0
4391,referencegame,baseline_clp_chat,random_grids,episode_00022,Request Count,2
4392,referencegame,baseline_clp_chat,random_grids,episode_00022,Parsed Request Count,2
4393,referencegame,baseline_clp_chat,random_grids,episode_00022,Violated Request Count,0
4394,referencegame,baseline_clp_chat,random_grids,episode_00022,Aborted,0
4395,referencegame,baseline_clp_chat,random_grids,episode_00022,Success,0
4396,referencegame,baseline_clp_chat,random_grids,episode_00022,Lose,1
4397,referencegame,baseline_clp_chat,random_grids,episode_00022,Main Score,0
4398,referencegame,baseline_clp_chat,random_grids,episode_00022,Request Success Ratio,1.0
4399,referencegame,baseline_clp_chat,random_grids,episode_00023,Generated Expression Length,279
4400,referencegame,baseline_clp_chat,random_grids,episode_00023,Generated Expression Number of Tokens,47
4401,referencegame,baseline_clp_chat,random_grids,episode_00023,Aborted at Player 1,0
4402,referencegame,baseline_clp_chat,random_grids,episode_00023,Aborted at Player 2,0
4403,referencegame,baseline_clp_chat,random_grids,episode_00023,Request Count,2
4404,referencegame,baseline_clp_chat,random_grids,episode_00023,Parsed Request Count,2
4405,referencegame,baseline_clp_chat,random_grids,episode_00023,Violated Request Count,0
4406,referencegame,baseline_clp_chat,random_grids,episode_00023,Aborted,0
4407,referencegame,baseline_clp_chat,random_grids,episode_00023,Success,0
4408,referencegame,baseline_clp_chat,random_grids,episode_00023,Lose,1
4409,referencegame,baseline_clp_chat,random_grids,episode_00023,Main Score,0
4410,referencegame,baseline_clp_chat,random_grids,episode_00023,Request Success Ratio,1.0
4411,referencegame,baseline_clp_chat,random_grids,episode_00024,Generated Expression Length,268
4412,referencegame,baseline_clp_chat,random_grids,episode_00024,Generated Expression Number of Tokens,51
4413,referencegame,baseline_clp_chat,random_grids,episode_00024,Aborted at Player 1,0
4414,referencegame,baseline_clp_chat,random_grids,episode_00024,Aborted at Player 2,0
4415,referencegame,baseline_clp_chat,random_grids,episode_00024,Request Count,2
4416,referencegame,baseline_clp_chat,random_grids,episode_00024,Parsed Request Count,2
4417,referencegame,baseline_clp_chat,random_grids,episode_00024,Violated Request Count,0
4418,referencegame,baseline_clp_chat,random_grids,episode_00024,Aborted,0
4419,referencegame,baseline_clp_chat,random_grids,episode_00024,Success,0
4420,referencegame,baseline_clp_chat,random_grids,episode_00024,Lose,1
4421,referencegame,baseline_clp_chat,random_grids,episode_00024,Main Score,0
4422,referencegame,baseline_clp_chat,random_grids,episode_00024,Request Success Ratio,1.0
4423,referencegame,baseline_clp_chat,random_grids,episode_00025,Generated Expression Length,236
4424,referencegame,baseline_clp_chat,random_grids,episode_00025,Generated Expression Number of Tokens,46
4425,referencegame,baseline_clp_chat,random_grids,episode_00025,Aborted at Player 1,0
4426,referencegame,baseline_clp_chat,random_grids,episode_00025,Aborted at Player 2,0
4427,referencegame,baseline_clp_chat,random_grids,episode_00025,Request Count,2
4428,referencegame,baseline_clp_chat,random_grids,episode_00025,Parsed Request Count,2
4429,referencegame,baseline_clp_chat,random_grids,episode_00025,Violated Request Count,0
4430,referencegame,baseline_clp_chat,random_grids,episode_00025,Aborted,0
4431,referencegame,baseline_clp_chat,random_grids,episode_00025,Success,0
4432,referencegame,baseline_clp_chat,random_grids,episode_00025,Lose,1
4433,referencegame,baseline_clp_chat,random_grids,episode_00025,Main Score,0
4434,referencegame,baseline_clp_chat,random_grids,episode_00025,Request Success Ratio,1.0
4435,taboo,baseline_clp_chat,high_en,episode_00001,Violated Request Count,0
4436,taboo,baseline_clp_chat,high_en,episode_00001,Parsed Request Count,1
4437,taboo,baseline_clp_chat,high_en,episode_00001,Request Count,1
4438,taboo,baseline_clp_chat,high_en,episode_00001,Request Success Ratio,1.0
4439,taboo,baseline_clp_chat,high_en,episode_00001,Aborted,0
4440,taboo,baseline_clp_chat,high_en,episode_00001,Success,1
4441,taboo,baseline_clp_chat,high_en,episode_00001,Lose,0
4442,taboo,baseline_clp_chat,high_en,episode_00001,Main Score,100.0
4443,taboo,baseline_clp_chat,high_en,episode_00001,Repetition-Guesser,0
4444,taboo,baseline_clp_chat,high_en,episode_00001,Repetition-Describer,0
4445,taboo,baseline_clp_chat,high_en,episode_00002,Violated Request Count,0
4446,taboo,baseline_clp_chat,high_en,episode_00002,Parsed Request Count,1
4447,taboo,baseline_clp_chat,high_en,episode_00002,Request Count,1
4448,taboo,baseline_clp_chat,high_en,episode_00002,Request Success Ratio,1.0
4449,taboo,baseline_clp_chat,high_en,episode_00002,Aborted,0
4450,taboo,baseline_clp_chat,high_en,episode_00002,Success,0
4451,taboo,baseline_clp_chat,high_en,episode_00002,Lose,1
4452,taboo,baseline_clp_chat,high_en,episode_00002,Main Score,0
4453,taboo,baseline_clp_chat,high_en,episode_00002,Repetition-Guesser,0
4454,taboo,baseline_clp_chat,high_en,episode_00002,Repetition-Describer,0
4455,taboo,baseline_clp_chat,high_en,episode_00003,Violated Request Count,0
4456,taboo,baseline_clp_chat,high_en,episode_00003,Parsed Request Count,1
4457,taboo,baseline_clp_chat,high_en,episode_00003,Request Count,1
4458,taboo,baseline_clp_chat,high_en,episode_00003,Request Success Ratio,1.0
4459,taboo,baseline_clp_chat,high_en,episode_00003,Aborted,0
4460,taboo,baseline_clp_chat,high_en,episode_00003,Success,1
4461,taboo,baseline_clp_chat,high_en,episode_00003,Lose,0
4462,taboo,baseline_clp_chat,high_en,episode_00003,Main Score,100.0
4463,taboo,baseline_clp_chat,high_en,episode_00003,Repetition-Guesser,0
4464,taboo,baseline_clp_chat,high_en,episode_00003,Repetition-Describer,0
4465,taboo,baseline_clp_chat,high_en,episode_00004,Violated Request Count,0
4466,taboo,baseline_clp_chat,high_en,episode_00004,Parsed Request Count,1
4467,taboo,baseline_clp_chat,high_en,episode_00004,Request Count,1
4468,taboo,baseline_clp_chat,high_en,episode_00004,Request Success Ratio,1.0
4469,taboo,baseline_clp_chat,high_en,episode_00004,Aborted,0
4470,taboo,baseline_clp_chat,high_en,episode_00004,Success,0
4471,taboo,baseline_clp_chat,high_en,episode_00004,Lose,1
4472,taboo,baseline_clp_chat,high_en,episode_00004,Main Score,0
4473,taboo,baseline_clp_chat,high_en,episode_00004,Repetition-Guesser,0
4474,taboo,baseline_clp_chat,high_en,episode_00004,Repetition-Describer,0
4475,taboo,baseline_clp_chat,high_en,episode_00005,Violated Request Count,0
4476,taboo,baseline_clp_chat,high_en,episode_00005,Parsed Request Count,2
4477,taboo,baseline_clp_chat,high_en,episode_00005,Request Count,2
4478,taboo,baseline_clp_chat,high_en,episode_00005,Request Success Ratio,1.0
4479,taboo,baseline_clp_chat,high_en,episode_00005,Aborted,0
4480,taboo,baseline_clp_chat,high_en,episode_00005,Success,0
4481,taboo,baseline_clp_chat,high_en,episode_00005,Lose,1
4482,taboo,baseline_clp_chat,high_en,episode_00005,Main Score,0
4483,taboo,baseline_clp_chat,high_en,episode_00005,Repetition-Guesser,0
4484,taboo,baseline_clp_chat,high_en,episode_00005,Repetition-Describer,0
4485,taboo,baseline_clp_chat,low_en,episode_00011,Violated Request Count,0
4486,taboo,baseline_clp_chat,low_en,episode_00011,Parsed Request Count,1
4487,taboo,baseline_clp_chat,low_en,episode_00011,Request Count,1
4488,taboo,baseline_clp_chat,low_en,episode_00011,Request Success Ratio,1.0
4489,taboo,baseline_clp_chat,low_en,episode_00011,Aborted,0
4490,taboo,baseline_clp_chat,low_en,episode_00011,Success,0
4491,taboo,baseline_clp_chat,low_en,episode_00011,Lose,1
4492,taboo,baseline_clp_chat,low_en,episode_00011,Main Score,0
4493,taboo,baseline_clp_chat,low_en,episode_00011,Repetition-Guesser,0
4494,taboo,baseline_clp_chat,low_en,episode_00011,Repetition-Describer,0
4495,taboo,baseline_clp_chat,low_en,episode_00012,Violated Request Count,0
4496,taboo,baseline_clp_chat,low_en,episode_00012,Parsed Request Count,1
4497,taboo,baseline_clp_chat,low_en,episode_00012,Request Count,1
4498,taboo,baseline_clp_chat,low_en,episode_00012,Request Success Ratio,1.0
4499,taboo,baseline_clp_chat,low_en,episode_00012,Aborted,0
4500,taboo,baseline_clp_chat,low_en,episode_00012,Success,0
4501,taboo,baseline_clp_chat,low_en,episode_00012,Lose,1
4502,taboo,baseline_clp_chat,low_en,episode_00012,Main Score,0
4503,taboo,baseline_clp_chat,low_en,episode_00012,Repetition-Guesser,0
4504,taboo,baseline_clp_chat,low_en,episode_00012,Repetition-Describer,0
4505,taboo,baseline_clp_chat,low_en,episode_00013,Violated Request Count,0
4506,taboo,baseline_clp_chat,low_en,episode_00013,Parsed Request Count,2
4507,taboo,baseline_clp_chat,low_en,episode_00013,Request Count,2
4508,taboo,baseline_clp_chat,low_en,episode_00013,Request Success Ratio,1.0
4509,taboo,baseline_clp_chat,low_en,episode_00013,Aborted,0
4510,taboo,baseline_clp_chat,low_en,episode_00013,Success,0
4511,taboo,baseline_clp_chat,low_en,episode_00013,Lose,1
4512,taboo,baseline_clp_chat,low_en,episode_00013,Main Score,0
4513,taboo,baseline_clp_chat,low_en,episode_00013,Repetition-Guesser,0
4514,taboo,baseline_clp_chat,low_en,episode_00013,Repetition-Describer,0
4515,taboo,baseline_clp_chat,low_en,episode_00014,Violated Request Count,0
4516,taboo,baseline_clp_chat,low_en,episode_00014,Parsed Request Count,2
4517,taboo,baseline_clp_chat,low_en,episode_00014,Request Count,2
4518,taboo,baseline_clp_chat,low_en,episode_00014,Request Success Ratio,1.0
4519,taboo,baseline_clp_chat,low_en,episode_00014,Aborted,0
4520,taboo,baseline_clp_chat,low_en,episode_00014,Success,0
4521,taboo,baseline_clp_chat,low_en,episode_00014,Lose,1
4522,taboo,baseline_clp_chat,low_en,episode_00014,Main Score,0
4523,taboo,baseline_clp_chat,low_en,episode_00014,Repetition-Guesser,0
4524,taboo,baseline_clp_chat,low_en,episode_00014,Repetition-Describer,0
4525,taboo,baseline_clp_chat,low_en,episode_00015,Violated Request Count,0
4526,taboo,baseline_clp_chat,low_en,episode_00015,Parsed Request Count,1
4527,taboo,baseline_clp_chat,low_en,episode_00015,Request Count,1
4528,taboo,baseline_clp_chat,low_en,episode_00015,Request Success Ratio,1.0
4529,taboo,baseline_clp_chat,low_en,episode_00015,Aborted,0
4530,taboo,baseline_clp_chat,low_en,episode_00015,Success,1
4531,taboo,baseline_clp_chat,low_en,episode_00015,Lose,0
4532,taboo,baseline_clp_chat,low_en,episode_00015,Main Score,100.0
4533,taboo,baseline_clp_chat,low_en,episode_00015,Repetition-Guesser,0
4534,taboo,baseline_clp_chat,low_en,episode_00015,Repetition-Describer,0
4535,taboo,baseline_clp_chat,medium_en,episode_00006,Violated Request Count,0
4536,taboo,baseline_clp_chat,medium_en,episode_00006,Parsed Request Count,1
4537,taboo,baseline_clp_chat,medium_en,episode_00006,Request Count,1
4538,taboo,baseline_clp_chat,medium_en,episode_00006,Request Success Ratio,1.0
4539,taboo,baseline_clp_chat,medium_en,episode_00006,Aborted,0
4540,taboo,baseline_clp_chat,medium_en,episode_00006,Success,0
4541,taboo,baseline_clp_chat,medium_en,episode_00006,Lose,1
4542,taboo,baseline_clp_chat,medium_en,episode_00006,Main Score,0
4543,taboo,baseline_clp_chat,medium_en,episode_00006,Repetition-Guesser,0
4544,taboo,baseline_clp_chat,medium_en,episode_00006,Repetition-Describer,0
4545,taboo,baseline_clp_chat,medium_en,episode_00007,Violated Request Count,0
4546,taboo,baseline_clp_chat,medium_en,episode_00007,Parsed Request Count,2
4547,taboo,baseline_clp_chat,medium_en,episode_00007,Request Count,2
4548,taboo,baseline_clp_chat,medium_en,episode_00007,Request Success Ratio,1.0
4549,taboo,baseline_clp_chat,medium_en,episode_00007,Aborted,0
4550,taboo,baseline_clp_chat,medium_en,episode_00007,Success,0
4551,taboo,baseline_clp_chat,medium_en,episode_00007,Lose,1
4552,taboo,baseline_clp_chat,medium_en,episode_00007,Main Score,0
4553,taboo,baseline_clp_chat,medium_en,episode_00007,Repetition-Guesser,0
4554,taboo,baseline_clp_chat,medium_en,episode_00007,Repetition-Describer,0
4555,taboo,baseline_clp_chat,medium_en,episode_00008,Violated Request Count,0
4556,taboo,baseline_clp_chat,medium_en,episode_00008,Parsed Request Count,1
4557,taboo,baseline_clp_chat,medium_en,episode_00008,Request Count,1
4558,taboo,baseline_clp_chat,medium_en,episode_00008,Request Success Ratio,1.0
4559,taboo,baseline_clp_chat,medium_en,episode_00008,Aborted,0
4560,taboo,baseline_clp_chat,medium_en,episode_00008,Success,0
4561,taboo,baseline_clp_chat,medium_en,episode_00008,Lose,1
4562,taboo,baseline_clp_chat,medium_en,episode_00008,Main Score,0
4563,taboo,baseline_clp_chat,medium_en,episode_00008,Repetition-Guesser,0
4564,taboo,baseline_clp_chat,medium_en,episode_00008,Repetition-Describer,0
4565,taboo,baseline_clp_chat,medium_en,episode_00009,Violated Request Count,0
4566,taboo,baseline_clp_chat,medium_en,episode_00009,Parsed Request Count,2
4567,taboo,baseline_clp_chat,medium_en,episode_00009,Request Count,2
4568,taboo,baseline_clp_chat,medium_en,episode_00009,Request Success Ratio,1.0
4569,taboo,baseline_clp_chat,medium_en,episode_00009,Aborted,0
4570,taboo,baseline_clp_chat,medium_en,episode_00009,Success,0
4571,taboo,baseline_clp_chat,medium_en,episode_00009,Lose,1
4572,taboo,baseline_clp_chat,medium_en,episode_00009,Main Score,0
4573,taboo,baseline_clp_chat,medium_en,episode_00009,Repetition-Guesser,0
4574,taboo,baseline_clp_chat,medium_en,episode_00009,Repetition-Describer,0
4575,taboo,baseline_clp_chat,medium_en,episode_00010,Violated Request Count,0
4576,taboo,baseline_clp_chat,medium_en,episode_00010,Parsed Request Count,1
4577,taboo,baseline_clp_chat,medium_en,episode_00010,Request Count,1
4578,taboo,baseline_clp_chat,medium_en,episode_00010,Request Success Ratio,1.0
4579,taboo,baseline_clp_chat,medium_en,episode_00010,Aborted,0
4580,taboo,baseline_clp_chat,medium_en,episode_00010,Success,1
4581,taboo,baseline_clp_chat,medium_en,episode_00010,Lose,0
4582,taboo,baseline_clp_chat,medium_en,episode_00010,Main Score,100.0
4583,taboo,baseline_clp_chat,medium_en,episode_00010,Repetition-Guesser,0
4584,taboo,baseline_clp_chat,medium_en,episode_00010,Repetition-Describer,0
4585,textmapworld,baseline_clp_chat,large,episode_00011,Aborted,1
4586,textmapworld,baseline_clp_chat,large,episode_00011,Success,0
4587,textmapworld,baseline_clp_chat,large,episode_00011,Lose,0
4588,textmapworld,baseline_clp_chat,large,episode_00011,moves,
4589,textmapworld,baseline_clp_chat,large,episode_00011,valid_moves,
4590,textmapworld,baseline_clp_chat,large,episode_00011,invalid_moves,
4591,textmapworld,baseline_clp_chat,large,episode_00011,stopped,
4592,textmapworld,baseline_clp_chat,large,episode_00011,turns_limit,
4593,textmapworld,baseline_clp_chat,large,episode_00011,loops,
4594,textmapworld,baseline_clp_chat,large,episode_00011,number_visited,
4595,textmapworld,baseline_clp_chat,large,episode_00011,seen,
4596,textmapworld,baseline_clp_chat,large,episode_00011,efficiency,
4597,textmapworld,baseline_clp_chat,large,episode_00011,exploration,
4598,textmapworld,baseline_clp_chat,large,episode_00011,Main Score,
4599,textmapworld,baseline_clp_chat,large,episode_00012,Aborted,1
4600,textmapworld,baseline_clp_chat,large,episode_00012,Success,0
4601,textmapworld,baseline_clp_chat,large,episode_00012,Lose,0
4602,textmapworld,baseline_clp_chat,large,episode_00012,moves,
4603,textmapworld,baseline_clp_chat,large,episode_00012,valid_moves,
4604,textmapworld,baseline_clp_chat,large,episode_00012,invalid_moves,
4605,textmapworld,baseline_clp_chat,large,episode_00012,stopped,
4606,textmapworld,baseline_clp_chat,large,episode_00012,turns_limit,
4607,textmapworld,baseline_clp_chat,large,episode_00012,loops,
4608,textmapworld,baseline_clp_chat,large,episode_00012,number_visited,
4609,textmapworld,baseline_clp_chat,large,episode_00012,seen,
4610,textmapworld,baseline_clp_chat,large,episode_00012,efficiency,
4611,textmapworld,baseline_clp_chat,large,episode_00012,exploration,
4612,textmapworld,baseline_clp_chat,large,episode_00012,Main Score,
4613,textmapworld,baseline_clp_chat,large,episode_00013,Aborted,1
4614,textmapworld,baseline_clp_chat,large,episode_00013,Success,0
4615,textmapworld,baseline_clp_chat,large,episode_00013,Lose,0
4616,textmapworld,baseline_clp_chat,large,episode_00013,moves,
4617,textmapworld,baseline_clp_chat,large,episode_00013,valid_moves,
4618,textmapworld,baseline_clp_chat,large,episode_00013,invalid_moves,
4619,textmapworld,baseline_clp_chat,large,episode_00013,stopped,
4620,textmapworld,baseline_clp_chat,large,episode_00013,turns_limit,
4621,textmapworld,baseline_clp_chat,large,episode_00013,loops,
4622,textmapworld,baseline_clp_chat,large,episode_00013,number_visited,
4623,textmapworld,baseline_clp_chat,large,episode_00013,seen,
4624,textmapworld,baseline_clp_chat,large,episode_00013,efficiency,
4625,textmapworld,baseline_clp_chat,large,episode_00013,exploration,
4626,textmapworld,baseline_clp_chat,large,episode_00013,Main Score,
4627,textmapworld,baseline_clp_chat,large,episode_00014,Aborted,1
4628,textmapworld,baseline_clp_chat,large,episode_00014,Success,0
4629,textmapworld,baseline_clp_chat,large,episode_00014,Lose,0
4630,textmapworld,baseline_clp_chat,large,episode_00014,moves,
4631,textmapworld,baseline_clp_chat,large,episode_00014,valid_moves,
4632,textmapworld,baseline_clp_chat,large,episode_00014,invalid_moves,
4633,textmapworld,baseline_clp_chat,large,episode_00014,stopped,
4634,textmapworld,baseline_clp_chat,large,episode_00014,turns_limit,
4635,textmapworld,baseline_clp_chat,large,episode_00014,loops,
4636,textmapworld,baseline_clp_chat,large,episode_00014,number_visited,
4637,textmapworld,baseline_clp_chat,large,episode_00014,seen,
4638,textmapworld,baseline_clp_chat,large,episode_00014,efficiency,
4639,textmapworld,baseline_clp_chat,large,episode_00014,exploration,
4640,textmapworld,baseline_clp_chat,large,episode_00014,Main Score,
4641,textmapworld,baseline_clp_chat,large,episode_00015,Aborted,1
4642,textmapworld,baseline_clp_chat,large,episode_00015,Success,0
4643,textmapworld,baseline_clp_chat,large,episode_00015,Lose,0
4644,textmapworld,baseline_clp_chat,large,episode_00015,moves,
4645,textmapworld,baseline_clp_chat,large,episode_00015,valid_moves,
4646,textmapworld,baseline_clp_chat,large,episode_00015,invalid_moves,
4647,textmapworld,baseline_clp_chat,large,episode_00015,stopped,
4648,textmapworld,baseline_clp_chat,large,episode_00015,turns_limit,
4649,textmapworld,baseline_clp_chat,large,episode_00015,loops,
4650,textmapworld,baseline_clp_chat,large,episode_00015,number_visited,
4651,textmapworld,baseline_clp_chat,large,episode_00015,seen,
4652,textmapworld,baseline_clp_chat,large,episode_00015,efficiency,
4653,textmapworld,baseline_clp_chat,large,episode_00015,exploration,
4654,textmapworld,baseline_clp_chat,large,episode_00015,Main Score,
4655,textmapworld,baseline_clp_chat,large_cycle,episode_00021,Aborted,1
4656,textmapworld,baseline_clp_chat,large_cycle,episode_00021,Success,0
4657,textmapworld,baseline_clp_chat,large_cycle,episode_00021,Lose,0
4658,textmapworld,baseline_clp_chat,large_cycle,episode_00021,moves,
4659,textmapworld,baseline_clp_chat,large_cycle,episode_00021,valid_moves,
4660,textmapworld,baseline_clp_chat,large_cycle,episode_00021,invalid_moves,
4661,textmapworld,baseline_clp_chat,large_cycle,episode_00021,stopped,
4662,textmapworld,baseline_clp_chat,large_cycle,episode_00021,turns_limit,
4663,textmapworld,baseline_clp_chat,large_cycle,episode_00021,loops,
4664,textmapworld,baseline_clp_chat,large_cycle,episode_00021,number_visited,
4665,textmapworld,baseline_clp_chat,large_cycle,episode_00021,seen,
4666,textmapworld,baseline_clp_chat,large_cycle,episode_00021,efficiency,
4667,textmapworld,baseline_clp_chat,large_cycle,episode_00021,exploration,
4668,textmapworld,baseline_clp_chat,large_cycle,episode_00021,Main Score,
4669,textmapworld,baseline_clp_chat,large_cycle,episode_00022,Aborted,1
4670,textmapworld,baseline_clp_chat,large_cycle,episode_00022,Success,0
4671,textmapworld,baseline_clp_chat,large_cycle,episode_00022,Lose,0
4672,textmapworld,baseline_clp_chat,large_cycle,episode_00022,moves,
4673,textmapworld,baseline_clp_chat,large_cycle,episode_00022,valid_moves,
4674,textmapworld,baseline_clp_chat,large_cycle,episode_00022,invalid_moves,
4675,textmapworld,baseline_clp_chat,large_cycle,episode_00022,stopped,
4676,textmapworld,baseline_clp_chat,large_cycle,episode_00022,turns_limit,
4677,textmapworld,baseline_clp_chat,large_cycle,episode_00022,loops,
4678,textmapworld,baseline_clp_chat,large_cycle,episode_00022,number_visited,
4679,textmapworld,baseline_clp_chat,large_cycle,episode_00022,seen,
4680,textmapworld,baseline_clp_chat,large_cycle,episode_00022,efficiency,
4681,textmapworld,baseline_clp_chat,large_cycle,episode_00022,exploration,
4682,textmapworld,baseline_clp_chat,large_cycle,episode_00022,Main Score,
4683,textmapworld,baseline_clp_chat,large_cycle,episode_00023,Aborted,1
4684,textmapworld,baseline_clp_chat,large_cycle,episode_00023,Success,0
4685,textmapworld,baseline_clp_chat,large_cycle,episode_00023,Lose,0
4686,textmapworld,baseline_clp_chat,large_cycle,episode_00023,moves,
4687,textmapworld,baseline_clp_chat,large_cycle,episode_00023,valid_moves,
4688,textmapworld,baseline_clp_chat,large_cycle,episode_00023,invalid_moves,
4689,textmapworld,baseline_clp_chat,large_cycle,episode_00023,stopped,
4690,textmapworld,baseline_clp_chat,large_cycle,episode_00023,turns_limit,
4691,textmapworld,baseline_clp_chat,large_cycle,episode_00023,loops,
4692,textmapworld,baseline_clp_chat,large_cycle,episode_00023,number_visited,
4693,textmapworld,baseline_clp_chat,large_cycle,episode_00023,seen,
4694,textmapworld,baseline_clp_chat,large_cycle,episode_00023,efficiency,
4695,textmapworld,baseline_clp_chat,large_cycle,episode_00023,exploration,
4696,textmapworld,baseline_clp_chat,large_cycle,episode_00023,Main Score,
4697,textmapworld,baseline_clp_chat,large_cycle,episode_00024,Aborted,1
4698,textmapworld,baseline_clp_chat,large_cycle,episode_00024,Success,0
4699,textmapworld,baseline_clp_chat,large_cycle,episode_00024,Lose,0
4700,textmapworld,baseline_clp_chat,large_cycle,episode_00024,moves,
4701,textmapworld,baseline_clp_chat,large_cycle,episode_00024,valid_moves,
4702,textmapworld,baseline_clp_chat,large_cycle,episode_00024,invalid_moves,
4703,textmapworld,baseline_clp_chat,large_cycle,episode_00024,stopped,
4704,textmapworld,baseline_clp_chat,large_cycle,episode_00024,turns_limit,
4705,textmapworld,baseline_clp_chat,large_cycle,episode_00024,loops,
4706,textmapworld,baseline_clp_chat,large_cycle,episode_00024,number_visited,
4707,textmapworld,baseline_clp_chat,large_cycle,episode_00024,seen,
4708,textmapworld,baseline_clp_chat,large_cycle,episode_00024,efficiency,
4709,textmapworld,baseline_clp_chat,large_cycle,episode_00024,exploration,
4710,textmapworld,baseline_clp_chat,large_cycle,episode_00024,Main Score,
4711,textmapworld,baseline_clp_chat,large_cycle,episode_00025,Aborted,1
4712,textmapworld,baseline_clp_chat,large_cycle,episode_00025,Success,0
4713,textmapworld,baseline_clp_chat,large_cycle,episode_00025,Lose,0
4714,textmapworld,baseline_clp_chat,large_cycle,episode_00025,moves,
4715,textmapworld,baseline_clp_chat,large_cycle,episode_00025,valid_moves,
4716,textmapworld,baseline_clp_chat,large_cycle,episode_00025,invalid_moves,
4717,textmapworld,baseline_clp_chat,large_cycle,episode_00025,stopped,
4718,textmapworld,baseline_clp_chat,large_cycle,episode_00025,turns_limit,
4719,textmapworld,baseline_clp_chat,large_cycle,episode_00025,loops,
4720,textmapworld,baseline_clp_chat,large_cycle,episode_00025,number_visited,
4721,textmapworld,baseline_clp_chat,large_cycle,episode_00025,seen,
4722,textmapworld,baseline_clp_chat,large_cycle,episode_00025,efficiency,
4723,textmapworld,baseline_clp_chat,large_cycle,episode_00025,exploration,
4724,textmapworld,baseline_clp_chat,large_cycle,episode_00025,Main Score,
4725,textmapworld,baseline_clp_chat,medium,episode_00006,Aborted,1
4726,textmapworld,baseline_clp_chat,medium,episode_00006,Success,0
4727,textmapworld,baseline_clp_chat,medium,episode_00006,Lose,0
4728,textmapworld,baseline_clp_chat,medium,episode_00006,moves,
4729,textmapworld,baseline_clp_chat,medium,episode_00006,valid_moves,
4730,textmapworld,baseline_clp_chat,medium,episode_00006,invalid_moves,
4731,textmapworld,baseline_clp_chat,medium,episode_00006,stopped,
4732,textmapworld,baseline_clp_chat,medium,episode_00006,turns_limit,
4733,textmapworld,baseline_clp_chat,medium,episode_00006,loops,
4734,textmapworld,baseline_clp_chat,medium,episode_00006,number_visited,
4735,textmapworld,baseline_clp_chat,medium,episode_00006,seen,
4736,textmapworld,baseline_clp_chat,medium,episode_00006,efficiency,
4737,textmapworld,baseline_clp_chat,medium,episode_00006,exploration,
4738,textmapworld,baseline_clp_chat,medium,episode_00006,Main Score,
4739,textmapworld,baseline_clp_chat,medium,episode_00007,Aborted,1
4740,textmapworld,baseline_clp_chat,medium,episode_00007,Success,0
4741,textmapworld,baseline_clp_chat,medium,episode_00007,Lose,0
4742,textmapworld,baseline_clp_chat,medium,episode_00007,moves,
4743,textmapworld,baseline_clp_chat,medium,episode_00007,valid_moves,
4744,textmapworld,baseline_clp_chat,medium,episode_00007,invalid_moves,
4745,textmapworld,baseline_clp_chat,medium,episode_00007,stopped,
4746,textmapworld,baseline_clp_chat,medium,episode_00007,turns_limit,
4747,textmapworld,baseline_clp_chat,medium,episode_00007,loops,
4748,textmapworld,baseline_clp_chat,medium,episode_00007,number_visited,
4749,textmapworld,baseline_clp_chat,medium,episode_00007,seen,
4750,textmapworld,baseline_clp_chat,medium,episode_00007,efficiency,
4751,textmapworld,baseline_clp_chat,medium,episode_00007,exploration,
4752,textmapworld,baseline_clp_chat,medium,episode_00007,Main Score,
4753,textmapworld,baseline_clp_chat,medium,episode_00008,Aborted,1
4754,textmapworld,baseline_clp_chat,medium,episode_00008,Success,0
4755,textmapworld,baseline_clp_chat,medium,episode_00008,Lose,0
4756,textmapworld,baseline_clp_chat,medium,episode_00008,moves,
4757,textmapworld,baseline_clp_chat,medium,episode_00008,valid_moves,
4758,textmapworld,baseline_clp_chat,medium,episode_00008,invalid_moves,
4759,textmapworld,baseline_clp_chat,medium,episode_00008,stopped,
4760,textmapworld,baseline_clp_chat,medium,episode_00008,turns_limit,
4761,textmapworld,baseline_clp_chat,medium,episode_00008,loops,
4762,textmapworld,baseline_clp_chat,medium,episode_00008,number_visited,
4763,textmapworld,baseline_clp_chat,medium,episode_00008,seen,
4764,textmapworld,baseline_clp_chat,medium,episode_00008,efficiency,
4765,textmapworld,baseline_clp_chat,medium,episode_00008,exploration,
4766,textmapworld,baseline_clp_chat,medium,episode_00008,Main Score,
4767,textmapworld,baseline_clp_chat,medium,episode_00009,Aborted,1
4768,textmapworld,baseline_clp_chat,medium,episode_00009,Success,0
4769,textmapworld,baseline_clp_chat,medium,episode_00009,Lose,0
4770,textmapworld,baseline_clp_chat,medium,episode_00009,moves,
4771,textmapworld,baseline_clp_chat,medium,episode_00009,valid_moves,
4772,textmapworld,baseline_clp_chat,medium,episode_00009,invalid_moves,
4773,textmapworld,baseline_clp_chat,medium,episode_00009,stopped,
4774,textmapworld,baseline_clp_chat,medium,episode_00009,turns_limit,
4775,textmapworld,baseline_clp_chat,medium,episode_00009,loops,
4776,textmapworld,baseline_clp_chat,medium,episode_00009,number_visited,
4777,textmapworld,baseline_clp_chat,medium,episode_00009,seen,
4778,textmapworld,baseline_clp_chat,medium,episode_00009,efficiency,
4779,textmapworld,baseline_clp_chat,medium,episode_00009,exploration,
4780,textmapworld,baseline_clp_chat,medium,episode_00009,Main Score,
4781,textmapworld,baseline_clp_chat,medium,episode_00010,Aborted,1
4782,textmapworld,baseline_clp_chat,medium,episode_00010,Success,0
4783,textmapworld,baseline_clp_chat,medium,episode_00010,Lose,0
4784,textmapworld,baseline_clp_chat,medium,episode_00010,moves,
4785,textmapworld,baseline_clp_chat,medium,episode_00010,valid_moves,
4786,textmapworld,baseline_clp_chat,medium,episode_00010,invalid_moves,
4787,textmapworld,baseline_clp_chat,medium,episode_00010,stopped,
4788,textmapworld,baseline_clp_chat,medium,episode_00010,turns_limit,
4789,textmapworld,baseline_clp_chat,medium,episode_00010,loops,
4790,textmapworld,baseline_clp_chat,medium,episode_00010,number_visited,
4791,textmapworld,baseline_clp_chat,medium,episode_00010,seen,
4792,textmapworld,baseline_clp_chat,medium,episode_00010,efficiency,
4793,textmapworld,baseline_clp_chat,medium,episode_00010,exploration,
4794,textmapworld,baseline_clp_chat,medium,episode_00010,Main Score,
4795,textmapworld,baseline_clp_chat,medium_cycle,episode_00016,Aborted,1
4796,textmapworld,baseline_clp_chat,medium_cycle,episode_00016,Success,0
4797,textmapworld,baseline_clp_chat,medium_cycle,episode_00016,Lose,0
4798,textmapworld,baseline_clp_chat,medium_cycle,episode_00016,moves,
4799,textmapworld,baseline_clp_chat,medium_cycle,episode_00016,valid_moves,
4800,textmapworld,baseline_clp_chat,medium_cycle,episode_00016,invalid_moves,
4801,textmapworld,baseline_clp_chat,medium_cycle,episode_00016,stopped,
4802,textmapworld,baseline_clp_chat,medium_cycle,episode_00016,turns_limit,
4803,textmapworld,baseline_clp_chat,medium_cycle,episode_00016,loops,
4804,textmapworld,baseline_clp_chat,medium_cycle,episode_00016,number_visited,
4805,textmapworld,baseline_clp_chat,medium_cycle,episode_00016,seen,
4806,textmapworld,baseline_clp_chat,medium_cycle,episode_00016,efficiency,
4807,textmapworld,baseline_clp_chat,medium_cycle,episode_00016,exploration,
4808,textmapworld,baseline_clp_chat,medium_cycle,episode_00016,Main Score,
4809,textmapworld,baseline_clp_chat,medium_cycle,episode_00017,Aborted,1
4810,textmapworld,baseline_clp_chat,medium_cycle,episode_00017,Success,0
4811,textmapworld,baseline_clp_chat,medium_cycle,episode_00017,Lose,0
4812,textmapworld,baseline_clp_chat,medium_cycle,episode_00017,moves,
4813,textmapworld,baseline_clp_chat,medium_cycle,episode_00017,valid_moves,
4814,textmapworld,baseline_clp_chat,medium_cycle,episode_00017,invalid_moves,
4815,textmapworld,baseline_clp_chat,medium_cycle,episode_00017,stopped,
4816,textmapworld,baseline_clp_chat,medium_cycle,episode_00017,turns_limit,
4817,textmapworld,baseline_clp_chat,medium_cycle,episode_00017,loops,
4818,textmapworld,baseline_clp_chat,medium_cycle,episode_00017,number_visited,
4819,textmapworld,baseline_clp_chat,medium_cycle,episode_00017,seen,
4820,textmapworld,baseline_clp_chat,medium_cycle,episode_00017,efficiency,
4821,textmapworld,baseline_clp_chat,medium_cycle,episode_00017,exploration,
4822,textmapworld,baseline_clp_chat,medium_cycle,episode_00017,Main Score,
4823,textmapworld,baseline_clp_chat,medium_cycle,episode_00018,Aborted,1
4824,textmapworld,baseline_clp_chat,medium_cycle,episode_00018,Success,0
4825,textmapworld,baseline_clp_chat,medium_cycle,episode_00018,Lose,0
4826,textmapworld,baseline_clp_chat,medium_cycle,episode_00018,moves,
4827,textmapworld,baseline_clp_chat,medium_cycle,episode_00018,valid_moves,
4828,textmapworld,baseline_clp_chat,medium_cycle,episode_00018,invalid_moves,
4829,textmapworld,baseline_clp_chat,medium_cycle,episode_00018,stopped,
4830,textmapworld,baseline_clp_chat,medium_cycle,episode_00018,turns_limit,
4831,textmapworld,baseline_clp_chat,medium_cycle,episode_00018,loops,
4832,textmapworld,baseline_clp_chat,medium_cycle,episode_00018,number_visited,
4833,textmapworld,baseline_clp_chat,medium_cycle,episode_00018,seen,
4834,textmapworld,baseline_clp_chat,medium_cycle,episode_00018,efficiency,
4835,textmapworld,baseline_clp_chat,medium_cycle,episode_00018,exploration,
4836,textmapworld,baseline_clp_chat,medium_cycle,episode_00018,Main Score,
4837,textmapworld,baseline_clp_chat,medium_cycle,episode_00019,Aborted,1
4838,textmapworld,baseline_clp_chat,medium_cycle,episode_00019,Success,0
4839,textmapworld,baseline_clp_chat,medium_cycle,episode_00019,Lose,0
4840,textmapworld,baseline_clp_chat,medium_cycle,episode_00019,moves,
4841,textmapworld,baseline_clp_chat,medium_cycle,episode_00019,valid_moves,
4842,textmapworld,baseline_clp_chat,medium_cycle,episode_00019,invalid_moves,
4843,textmapworld,baseline_clp_chat,medium_cycle,episode_00019,stopped,
4844,textmapworld,baseline_clp_chat,medium_cycle,episode_00019,turns_limit,
4845,textmapworld,baseline_clp_chat,medium_cycle,episode_00019,loops,
4846,textmapworld,baseline_clp_chat,medium_cycle,episode_00019,number_visited,
4847,textmapworld,baseline_clp_chat,medium_cycle,episode_00019,seen,
4848,textmapworld,baseline_clp_chat,medium_cycle,episode_00019,efficiency,
4849,textmapworld,baseline_clp_chat,medium_cycle,episode_00019,exploration,
4850,textmapworld,baseline_clp_chat,medium_cycle,episode_00019,Main Score,
4851,textmapworld,baseline_clp_chat,medium_cycle,episode_00020,Aborted,1
4852,textmapworld,baseline_clp_chat,medium_cycle,episode_00020,Success,0
4853,textmapworld,baseline_clp_chat,medium_cycle,episode_00020,Lose,0
4854,textmapworld,baseline_clp_chat,medium_cycle,episode_00020,moves,
4855,textmapworld,baseline_clp_chat,medium_cycle,episode_00020,valid_moves,
4856,textmapworld,baseline_clp_chat,medium_cycle,episode_00020,invalid_moves,
4857,textmapworld,baseline_clp_chat,medium_cycle,episode_00020,stopped,
4858,textmapworld,baseline_clp_chat,medium_cycle,episode_00020,turns_limit,
4859,textmapworld,baseline_clp_chat,medium_cycle,episode_00020,loops,
4860,textmapworld,baseline_clp_chat,medium_cycle,episode_00020,number_visited,
4861,textmapworld,baseline_clp_chat,medium_cycle,episode_00020,seen,
4862,textmapworld,baseline_clp_chat,medium_cycle,episode_00020,efficiency,
4863,textmapworld,baseline_clp_chat,medium_cycle,episode_00020,exploration,
4864,textmapworld,baseline_clp_chat,medium_cycle,episode_00020,Main Score,
4865,textmapworld,baseline_clp_chat,small,episode_00001,Aborted,1
4866,textmapworld,baseline_clp_chat,small,episode_00001,Success,0
4867,textmapworld,baseline_clp_chat,small,episode_00001,Lose,0
4868,textmapworld,baseline_clp_chat,small,episode_00001,moves,
4869,textmapworld,baseline_clp_chat,small,episode_00001,valid_moves,
4870,textmapworld,baseline_clp_chat,small,episode_00001,invalid_moves,
4871,textmapworld,baseline_clp_chat,small,episode_00001,stopped,
4872,textmapworld,baseline_clp_chat,small,episode_00001,turns_limit,
4873,textmapworld,baseline_clp_chat,small,episode_00001,loops,
4874,textmapworld,baseline_clp_chat,small,episode_00001,number_visited,
4875,textmapworld,baseline_clp_chat,small,episode_00001,seen,
4876,textmapworld,baseline_clp_chat,small,episode_00001,efficiency,
4877,textmapworld,baseline_clp_chat,small,episode_00001,exploration,
4878,textmapworld,baseline_clp_chat,small,episode_00001,Main Score,
4879,textmapworld,baseline_clp_chat,small,episode_00002,Aborted,1
4880,textmapworld,baseline_clp_chat,small,episode_00002,Success,0
4881,textmapworld,baseline_clp_chat,small,episode_00002,Lose,0
4882,textmapworld,baseline_clp_chat,small,episode_00002,moves,
4883,textmapworld,baseline_clp_chat,small,episode_00002,valid_moves,
4884,textmapworld,baseline_clp_chat,small,episode_00002,invalid_moves,
4885,textmapworld,baseline_clp_chat,small,episode_00002,stopped,
4886,textmapworld,baseline_clp_chat,small,episode_00002,turns_limit,
4887,textmapworld,baseline_clp_chat,small,episode_00002,loops,
4888,textmapworld,baseline_clp_chat,small,episode_00002,number_visited,
4889,textmapworld,baseline_clp_chat,small,episode_00002,seen,
4890,textmapworld,baseline_clp_chat,small,episode_00002,efficiency,
4891,textmapworld,baseline_clp_chat,small,episode_00002,exploration,
4892,textmapworld,baseline_clp_chat,small,episode_00002,Main Score,
4893,textmapworld,baseline_clp_chat,small,episode_00003,Aborted,1
4894,textmapworld,baseline_clp_chat,small,episode_00003,Success,0
4895,textmapworld,baseline_clp_chat,small,episode_00003,Lose,0
4896,textmapworld,baseline_clp_chat,small,episode_00003,moves,
4897,textmapworld,baseline_clp_chat,small,episode_00003,valid_moves,
4898,textmapworld,baseline_clp_chat,small,episode_00003,invalid_moves,
4899,textmapworld,baseline_clp_chat,small,episode_00003,stopped,
4900,textmapworld,baseline_clp_chat,small,episode_00003,turns_limit,
4901,textmapworld,baseline_clp_chat,small,episode_00003,loops,
4902,textmapworld,baseline_clp_chat,small,episode_00003,number_visited,
4903,textmapworld,baseline_clp_chat,small,episode_00003,seen,
4904,textmapworld,baseline_clp_chat,small,episode_00003,efficiency,
4905,textmapworld,baseline_clp_chat,small,episode_00003,exploration,
4906,textmapworld,baseline_clp_chat,small,episode_00003,Main Score,
4907,textmapworld,baseline_clp_chat,small,episode_00004,Aborted,1
4908,textmapworld,baseline_clp_chat,small,episode_00004,Success,0
4909,textmapworld,baseline_clp_chat,small,episode_00004,Lose,0
4910,textmapworld,baseline_clp_chat,small,episode_00004,moves,
4911,textmapworld,baseline_clp_chat,small,episode_00004,valid_moves,
4912,textmapworld,baseline_clp_chat,small,episode_00004,invalid_moves,
4913,textmapworld,baseline_clp_chat,small,episode_00004,stopped,
4914,textmapworld,baseline_clp_chat,small,episode_00004,turns_limit,
4915,textmapworld,baseline_clp_chat,small,episode_00004,loops,
4916,textmapworld,baseline_clp_chat,small,episode_00004,number_visited,
4917,textmapworld,baseline_clp_chat,small,episode_00004,seen,
4918,textmapworld,baseline_clp_chat,small,episode_00004,efficiency,
4919,textmapworld,baseline_clp_chat,small,episode_00004,exploration,
4920,textmapworld,baseline_clp_chat,small,episode_00004,Main Score,
4921,textmapworld,baseline_clp_chat,small,episode_00005,Aborted,1
4922,textmapworld,baseline_clp_chat,small,episode_00005,Success,0
4923,textmapworld,baseline_clp_chat,small,episode_00005,Lose,0
4924,textmapworld,baseline_clp_chat,small,episode_00005,moves,
4925,textmapworld,baseline_clp_chat,small,episode_00005,valid_moves,
4926,textmapworld,baseline_clp_chat,small,episode_00005,invalid_moves,
4927,textmapworld,baseline_clp_chat,small,episode_00005,stopped,
4928,textmapworld,baseline_clp_chat,small,episode_00005,turns_limit,
4929,textmapworld,baseline_clp_chat,small,episode_00005,loops,
4930,textmapworld,baseline_clp_chat,small,episode_00005,number_visited,
4931,textmapworld,baseline_clp_chat,small,episode_00005,seen,
4932,textmapworld,baseline_clp_chat,small,episode_00005,efficiency,
4933,textmapworld,baseline_clp_chat,small,episode_00005,exploration,
4934,textmapworld,baseline_clp_chat,small,episode_00005,Main Score,
4935,wordle,baseline_clp_chat,high_frequency_words_no_clue_no_critic,episode_00001,Aborted,0
4936,wordle,baseline_clp_chat,high_frequency_words_no_clue_no_critic,episode_00001,Lose,1
4937,wordle,baseline_clp_chat,high_frequency_words_no_clue_no_critic,episode_00001,Success,0
4938,wordle,baseline_clp_chat,high_frequency_words_no_clue_no_critic,episode_00001,Request Count,6
4939,wordle,baseline_clp_chat,high_frequency_words_no_clue_no_critic,episode_00001,Parsed Request Count,6
4940,wordle,baseline_clp_chat,high_frequency_words_no_clue_no_critic,episode_00001,Violated Request Count,0
4941,wordle,baseline_clp_chat,high_frequency_words_no_clue_no_critic,episode_00001,Request Success Ratio,1.0
4942,wordle,baseline_clp_chat,high_frequency_words_no_clue_no_critic,episode_00001,Main Score,0
4943,wordle,baseline_clp_chat,high_frequency_words_no_clue_no_critic,episode_00001,Guess Repetitions,2
4944,wordle,baseline_clp_chat,high_frequency_words_no_clue_no_critic,episode_00002,Aborted,0
4945,wordle,baseline_clp_chat,high_frequency_words_no_clue_no_critic,episode_00002,Lose,1
4946,wordle,baseline_clp_chat,high_frequency_words_no_clue_no_critic,episode_00002,Success,0
4947,wordle,baseline_clp_chat,high_frequency_words_no_clue_no_critic,episode_00002,Request Count,6
4948,wordle,baseline_clp_chat,high_frequency_words_no_clue_no_critic,episode_00002,Parsed Request Count,6
4949,wordle,baseline_clp_chat,high_frequency_words_no_clue_no_critic,episode_00002,Violated Request Count,0
4950,wordle,baseline_clp_chat,high_frequency_words_no_clue_no_critic,episode_00002,Request Success Ratio,1.0
4951,wordle,baseline_clp_chat,high_frequency_words_no_clue_no_critic,episode_00002,Main Score,0
4952,wordle,baseline_clp_chat,high_frequency_words_no_clue_no_critic,episode_00002,Guess Repetitions,4
4953,wordle,baseline_clp_chat,high_frequency_words_no_clue_no_critic,episode_00003,Aborted,1
4954,wordle,baseline_clp_chat,high_frequency_words_no_clue_no_critic,episode_00003,Lose,0
4955,wordle,baseline_clp_chat,high_frequency_words_no_clue_no_critic,episode_00003,Success,0
4956,wordle,baseline_clp_chat,high_frequency_words_no_clue_no_critic,episode_00003,Request Count,2
4957,wordle,baseline_clp_chat,high_frequency_words_no_clue_no_critic,episode_00003,Parsed Request Count,1
4958,wordle,baseline_clp_chat,high_frequency_words_no_clue_no_critic,episode_00003,Violated Request Count,1
4959,wordle,baseline_clp_chat,high_frequency_words_no_clue_no_critic,episode_00003,Request Success Ratio,0.5
4960,wordle,baseline_clp_chat,high_frequency_words_no_clue_no_critic,episode_00003,Main Score,
4961,wordle,baseline_clp_chat,high_frequency_words_no_clue_no_critic,episode_00003,Guess Repetitions,
4962,wordle,baseline_clp_chat,high_frequency_words_no_clue_no_critic,episode_00004,Aborted,1
4963,wordle,baseline_clp_chat,high_frequency_words_no_clue_no_critic,episode_00004,Lose,0
4964,wordle,baseline_clp_chat,high_frequency_words_no_clue_no_critic,episode_00004,Success,0
4965,wordle,baseline_clp_chat,high_frequency_words_no_clue_no_critic,episode_00004,Request Count,2
4966,wordle,baseline_clp_chat,high_frequency_words_no_clue_no_critic,episode_00004,Parsed Request Count,1
4967,wordle,baseline_clp_chat,high_frequency_words_no_clue_no_critic,episode_00004,Violated Request Count,1
4968,wordle,baseline_clp_chat,high_frequency_words_no_clue_no_critic,episode_00004,Request Success Ratio,0.5
4969,wordle,baseline_clp_chat,high_frequency_words_no_clue_no_critic,episode_00004,Main Score,
4970,wordle,baseline_clp_chat,high_frequency_words_no_clue_no_critic,episode_00004,Guess Repetitions,
4971,wordle,baseline_clp_chat,high_frequency_words_no_clue_no_critic,episode_00005,Aborted,1
4972,wordle,baseline_clp_chat,high_frequency_words_no_clue_no_critic,episode_00005,Lose,0
4973,wordle,baseline_clp_chat,high_frequency_words_no_clue_no_critic,episode_00005,Success,0
4974,wordle,baseline_clp_chat,high_frequency_words_no_clue_no_critic,episode_00005,Request Count,3
4975,wordle,baseline_clp_chat,high_frequency_words_no_clue_no_critic,episode_00005,Parsed Request Count,2
4976,wordle,baseline_clp_chat,high_frequency_words_no_clue_no_critic,episode_00005,Violated Request Count,1
4977,wordle,baseline_clp_chat,high_frequency_words_no_clue_no_critic,episode_00005,Request Success Ratio,0.6666666666666666
4978,wordle,baseline_clp_chat,high_frequency_words_no_clue_no_critic,episode_00005,Main Score,
4979,wordle,baseline_clp_chat,high_frequency_words_no_clue_no_critic,episode_00005,Guess Repetitions,
4980,wordle,baseline_clp_chat,high_frequency_words_no_clue_no_critic,episode_00006,Aborted,0
4981,wordle,baseline_clp_chat,high_frequency_words_no_clue_no_critic,episode_00006,Lose,1
4982,wordle,baseline_clp_chat,high_frequency_words_no_clue_no_critic,episode_00006,Success,0
4983,wordle,baseline_clp_chat,high_frequency_words_no_clue_no_critic,episode_00006,Request Count,6
4984,wordle,baseline_clp_chat,high_frequency_words_no_clue_no_critic,episode_00006,Parsed Request Count,6
4985,wordle,baseline_clp_chat,high_frequency_words_no_clue_no_critic,episode_00006,Violated Request Count,0
4986,wordle,baseline_clp_chat,high_frequency_words_no_clue_no_critic,episode_00006,Request Success Ratio,1.0
4987,wordle,baseline_clp_chat,high_frequency_words_no_clue_no_critic,episode_00006,Main Score,0
4988,wordle,baseline_clp_chat,high_frequency_words_no_clue_no_critic,episode_00006,Guess Repetitions,2
4989,wordle,baseline_clp_chat,high_frequency_words_no_clue_no_critic,episode_00007,Aborted,0
4990,wordle,baseline_clp_chat,high_frequency_words_no_clue_no_critic,episode_00007,Lose,1
4991,wordle,baseline_clp_chat,high_frequency_words_no_clue_no_critic,episode_00007,Success,0
4992,wordle,baseline_clp_chat,high_frequency_words_no_clue_no_critic,episode_00007,Request Count,6
4993,wordle,baseline_clp_chat,high_frequency_words_no_clue_no_critic,episode_00007,Parsed Request Count,6
4994,wordle,baseline_clp_chat,high_frequency_words_no_clue_no_critic,episode_00007,Violated Request Count,0
4995,wordle,baseline_clp_chat,high_frequency_words_no_clue_no_critic,episode_00007,Request Success Ratio,1.0
4996,wordle,baseline_clp_chat,high_frequency_words_no_clue_no_critic,episode_00007,Main Score,0
4997,wordle,baseline_clp_chat,high_frequency_words_no_clue_no_critic,episode_00007,Guess Repetitions,4
4998,wordle,baseline_clp_chat,high_frequency_words_no_clue_no_critic,episode_00008,Aborted,0
4999,wordle,baseline_clp_chat,high_frequency_words_no_clue_no_critic,episode_00008,Lose,1
5000,wordle,baseline_clp_chat,high_frequency_words_no_clue_no_critic,episode_00008,Success,0
5001,wordle,baseline_clp_chat,high_frequency_words_no_clue_no_critic,episode_00008,Request Count,6
5002,wordle,baseline_clp_chat,high_frequency_words_no_clue_no_critic,episode_00008,Parsed Request Count,6
5003,wordle,baseline_clp_chat,high_frequency_words_no_clue_no_critic,episode_00008,Violated Request Count,0
5004,wordle,baseline_clp_chat,high_frequency_words_no_clue_no_critic,episode_00008,Request Success Ratio,1.0
5005,wordle,baseline_clp_chat,high_frequency_words_no_clue_no_critic,episode_00008,Main Score,0
5006,wordle,baseline_clp_chat,high_frequency_words_no_clue_no_critic,episode_00008,Guess Repetitions,0
5007,wordle,baseline_clp_chat,high_frequency_words_no_clue_no_critic,episode_00009,Aborted,0
5008,wordle,baseline_clp_chat,high_frequency_words_no_clue_no_critic,episode_00009,Lose,1
5009,wordle,baseline_clp_chat,high_frequency_words_no_clue_no_critic,episode_00009,Success,0
5010,wordle,baseline_clp_chat,high_frequency_words_no_clue_no_critic,episode_00009,Request Count,6
5011,wordle,baseline_clp_chat,high_frequency_words_no_clue_no_critic,episode_00009,Parsed Request Count,6
5012,wordle,baseline_clp_chat,high_frequency_words_no_clue_no_critic,episode_00009,Violated Request Count,0
5013,wordle,baseline_clp_chat,high_frequency_words_no_clue_no_critic,episode_00009,Request Success Ratio,1.0
5014,wordle,baseline_clp_chat,high_frequency_words_no_clue_no_critic,episode_00009,Main Score,0
5015,wordle,baseline_clp_chat,high_frequency_words_no_clue_no_critic,episode_00009,Guess Repetitions,3
5016,wordle,baseline_clp_chat,high_frequency_words_no_clue_no_critic,episode_00010,Aborted,0
5017,wordle,baseline_clp_chat,high_frequency_words_no_clue_no_critic,episode_00010,Lose,1
5018,wordle,baseline_clp_chat,high_frequency_words_no_clue_no_critic,episode_00010,Success,0
5019,wordle,baseline_clp_chat,high_frequency_words_no_clue_no_critic,episode_00010,Request Count,6
5020,wordle,baseline_clp_chat,high_frequency_words_no_clue_no_critic,episode_00010,Parsed Request Count,6
5021,wordle,baseline_clp_chat,high_frequency_words_no_clue_no_critic,episode_00010,Violated Request Count,0
5022,wordle,baseline_clp_chat,high_frequency_words_no_clue_no_critic,episode_00010,Request Success Ratio,1.0
5023,wordle,baseline_clp_chat,high_frequency_words_no_clue_no_critic,episode_00010,Main Score,0
5024,wordle,baseline_clp_chat,high_frequency_words_no_clue_no_critic,episode_00010,Guess Repetitions,2
5025,wordle,baseline_clp_chat,medium_frequency_words_no_clue_no_critic,episode_00011,Aborted,0
5026,wordle,baseline_clp_chat,medium_frequency_words_no_clue_no_critic,episode_00011,Lose,1
5027,wordle,baseline_clp_chat,medium_frequency_words_no_clue_no_critic,episode_00011,Success,0
5028,wordle,baseline_clp_chat,medium_frequency_words_no_clue_no_critic,episode_00011,Request Count,6
5029,wordle,baseline_clp_chat,medium_frequency_words_no_clue_no_critic,episode_00011,Parsed Request Count,6
5030,wordle,baseline_clp_chat,medium_frequency_words_no_clue_no_critic,episode_00011,Violated Request Count,0
5031,wordle,baseline_clp_chat,medium_frequency_words_no_clue_no_critic,episode_00011,Request Success Ratio,1.0
5032,wordle,baseline_clp_chat,medium_frequency_words_no_clue_no_critic,episode_00011,Main Score,0
5033,wordle,baseline_clp_chat,medium_frequency_words_no_clue_no_critic,episode_00011,Guess Repetitions,4
5034,wordle,baseline_clp_chat,medium_frequency_words_no_clue_no_critic,episode_00012,Aborted,0
5035,wordle,baseline_clp_chat,medium_frequency_words_no_clue_no_critic,episode_00012,Lose,1
5036,wordle,baseline_clp_chat,medium_frequency_words_no_clue_no_critic,episode_00012,Success,0
5037,wordle,baseline_clp_chat,medium_frequency_words_no_clue_no_critic,episode_00012,Request Count,6
5038,wordle,baseline_clp_chat,medium_frequency_words_no_clue_no_critic,episode_00012,Parsed Request Count,6
5039,wordle,baseline_clp_chat,medium_frequency_words_no_clue_no_critic,episode_00012,Violated Request Count,0
5040,wordle,baseline_clp_chat,medium_frequency_words_no_clue_no_critic,episode_00012,Request Success Ratio,1.0
5041,wordle,baseline_clp_chat,medium_frequency_words_no_clue_no_critic,episode_00012,Main Score,0
5042,wordle,baseline_clp_chat,medium_frequency_words_no_clue_no_critic,episode_00012,Guess Repetitions,1
5043,wordle,baseline_clp_chat,medium_frequency_words_no_clue_no_critic,episode_00013,Aborted,0
5044,wordle,baseline_clp_chat,medium_frequency_words_no_clue_no_critic,episode_00013,Lose,0
5045,wordle,baseline_clp_chat,medium_frequency_words_no_clue_no_critic,episode_00013,Success,1
5046,wordle,baseline_clp_chat,medium_frequency_words_no_clue_no_critic,episode_00013,Request Count,4
5047,wordle,baseline_clp_chat,medium_frequency_words_no_clue_no_critic,episode_00013,Parsed Request Count,4
5048,wordle,baseline_clp_chat,medium_frequency_words_no_clue_no_critic,episode_00013,Violated Request Count,0
5049,wordle,baseline_clp_chat,medium_frequency_words_no_clue_no_critic,episode_00013,Request Success Ratio,1.0
5050,wordle,baseline_clp_chat,medium_frequency_words_no_clue_no_critic,episode_00013,Main Score,50
5051,wordle,baseline_clp_chat,medium_frequency_words_no_clue_no_critic,episode_00013,Guess Repetitions,1
5052,wordle,baseline_clp_chat,medium_frequency_words_no_clue_no_critic,episode_00014,Aborted,0
5053,wordle,baseline_clp_chat,medium_frequency_words_no_clue_no_critic,episode_00014,Lose,1
5054,wordle,baseline_clp_chat,medium_frequency_words_no_clue_no_critic,episode_00014,Success,0
5055,wordle,baseline_clp_chat,medium_frequency_words_no_clue_no_critic,episode_00014,Request Count,6
5056,wordle,baseline_clp_chat,medium_frequency_words_no_clue_no_critic,episode_00014,Parsed Request Count,6
5057,wordle,baseline_clp_chat,medium_frequency_words_no_clue_no_critic,episode_00014,Violated Request Count,0
5058,wordle,baseline_clp_chat,medium_frequency_words_no_clue_no_critic,episode_00014,Request Success Ratio,1.0
5059,wordle,baseline_clp_chat,medium_frequency_words_no_clue_no_critic,episode_00014,Main Score,0
5060,wordle,baseline_clp_chat,medium_frequency_words_no_clue_no_critic,episode_00014,Guess Repetitions,0
5061,wordle,baseline_clp_chat,medium_frequency_words_no_clue_no_critic,episode_00015,Aborted,0
5062,wordle,baseline_clp_chat,medium_frequency_words_no_clue_no_critic,episode_00015,Lose,1
5063,wordle,baseline_clp_chat,medium_frequency_words_no_clue_no_critic,episode_00015,Success,0
5064,wordle,baseline_clp_chat,medium_frequency_words_no_clue_no_critic,episode_00015,Request Count,6
5065,wordle,baseline_clp_chat,medium_frequency_words_no_clue_no_critic,episode_00015,Parsed Request Count,6
5066,wordle,baseline_clp_chat,medium_frequency_words_no_clue_no_critic,episode_00015,Violated Request Count,0
5067,wordle,baseline_clp_chat,medium_frequency_words_no_clue_no_critic,episode_00015,Request Success Ratio,1.0
5068,wordle,baseline_clp_chat,medium_frequency_words_no_clue_no_critic,episode_00015,Main Score,0
5069,wordle,baseline_clp_chat,medium_frequency_words_no_clue_no_critic,episode_00015,Guess Repetitions,2
5070,wordle,baseline_clp_chat,medium_frequency_words_no_clue_no_critic,episode_00016,Aborted,0
5071,wordle,baseline_clp_chat,medium_frequency_words_no_clue_no_critic,episode_00016,Lose,1
5072,wordle,baseline_clp_chat,medium_frequency_words_no_clue_no_critic,episode_00016,Success,0
5073,wordle,baseline_clp_chat,medium_frequency_words_no_clue_no_critic,episode_00016,Request Count,6
5074,wordle,baseline_clp_chat,medium_frequency_words_no_clue_no_critic,episode_00016,Parsed Request Count,6
5075,wordle,baseline_clp_chat,medium_frequency_words_no_clue_no_critic,episode_00016,Violated Request Count,0
5076,wordle,baseline_clp_chat,medium_frequency_words_no_clue_no_critic,episode_00016,Request Success Ratio,1.0
5077,wordle,baseline_clp_chat,medium_frequency_words_no_clue_no_critic,episode_00016,Main Score,0
5078,wordle,baseline_clp_chat,medium_frequency_words_no_clue_no_critic,episode_00016,Guess Repetitions,2
5079,wordle,baseline_clp_chat,medium_frequency_words_no_clue_no_critic,episode_00017,Aborted,0
5080,wordle,baseline_clp_chat,medium_frequency_words_no_clue_no_critic,episode_00017,Lose,1
5081,wordle,baseline_clp_chat,medium_frequency_words_no_clue_no_critic,episode_00017,Success,0
5082,wordle,baseline_clp_chat,medium_frequency_words_no_clue_no_critic,episode_00017,Request Count,6
5083,wordle,baseline_clp_chat,medium_frequency_words_no_clue_no_critic,episode_00017,Parsed Request Count,6
5084,wordle,baseline_clp_chat,medium_frequency_words_no_clue_no_critic,episode_00017,Violated Request Count,0
5085,wordle,baseline_clp_chat,medium_frequency_words_no_clue_no_critic,episode_00017,Request Success Ratio,1.0
5086,wordle,baseline_clp_chat,medium_frequency_words_no_clue_no_critic,episode_00017,Main Score,0
5087,wordle,baseline_clp_chat,medium_frequency_words_no_clue_no_critic,episode_00017,Guess Repetitions,4
5088,wordle,baseline_clp_chat,medium_frequency_words_no_clue_no_critic,episode_00018,Aborted,1
5089,wordle,baseline_clp_chat,medium_frequency_words_no_clue_no_critic,episode_00018,Lose,0
5090,wordle,baseline_clp_chat,medium_frequency_words_no_clue_no_critic,episode_00018,Success,0
5091,wordle,baseline_clp_chat,medium_frequency_words_no_clue_no_critic,episode_00018,Request Count,5
5092,wordle,baseline_clp_chat,medium_frequency_words_no_clue_no_critic,episode_00018,Parsed Request Count,4
5093,wordle,baseline_clp_chat,medium_frequency_words_no_clue_no_critic,episode_00018,Violated Request Count,1
5094,wordle,baseline_clp_chat,medium_frequency_words_no_clue_no_critic,episode_00018,Request Success Ratio,0.8
5095,wordle,baseline_clp_chat,medium_frequency_words_no_clue_no_critic,episode_00018,Main Score,
5096,wordle,baseline_clp_chat,medium_frequency_words_no_clue_no_critic,episode_00018,Guess Repetitions,
5097,wordle,baseline_clp_chat,medium_frequency_words_no_clue_no_critic,episode_00019,Aborted,1
5098,wordle,baseline_clp_chat,medium_frequency_words_no_clue_no_critic,episode_00019,Lose,0
5099,wordle,baseline_clp_chat,medium_frequency_words_no_clue_no_critic,episode_00019,Success,0
5100,wordle,baseline_clp_chat,medium_frequency_words_no_clue_no_critic,episode_00019,Request Count,2
5101,wordle,baseline_clp_chat,medium_frequency_words_no_clue_no_critic,episode_00019,Parsed Request Count,1
5102,wordle,baseline_clp_chat,medium_frequency_words_no_clue_no_critic,episode_00019,Violated Request Count,1
5103,wordle,baseline_clp_chat,medium_frequency_words_no_clue_no_critic,episode_00019,Request Success Ratio,0.5
5104,wordle,baseline_clp_chat,medium_frequency_words_no_clue_no_critic,episode_00019,Main Score,
5105,wordle,baseline_clp_chat,medium_frequency_words_no_clue_no_critic,episode_00019,Guess Repetitions,
5106,wordle,baseline_clp_chat,medium_frequency_words_no_clue_no_critic,episode_00020,Aborted,1
5107,wordle,baseline_clp_chat,medium_frequency_words_no_clue_no_critic,episode_00020,Lose,0
5108,wordle,baseline_clp_chat,medium_frequency_words_no_clue_no_critic,episode_00020,Success,0
5109,wordle,baseline_clp_chat,medium_frequency_words_no_clue_no_critic,episode_00020,Request Count,3
5110,wordle,baseline_clp_chat,medium_frequency_words_no_clue_no_critic,episode_00020,Parsed Request Count,2
5111,wordle,baseline_clp_chat,medium_frequency_words_no_clue_no_critic,episode_00020,Violated Request Count,1
5112,wordle,baseline_clp_chat,medium_frequency_words_no_clue_no_critic,episode_00020,Request Success Ratio,0.6666666666666666
5113,wordle,baseline_clp_chat,medium_frequency_words_no_clue_no_critic,episode_00020,Main Score,
5114,wordle,baseline_clp_chat,medium_frequency_words_no_clue_no_critic,episode_00020,Guess Repetitions,
5115,adventuregame,baseline_clp_chat,home_deliver_three_basic_easy,episode_00001,Played,1.0
5116,adventuregame,baseline_clp_chat,home_deliver_three_basic_easy,episode_00002,Played,1.0
5117,adventuregame,baseline_clp_chat,home_deliver_three_basic_easy,episode_00003,Played,1.0
5118,adventuregame,baseline_clp_chat,home_deliver_three_basic_easy_invlimittwo,episode_00003,Played,1.0
5119,adventuregame,baseline_clp_chat,home_deliver_three_basic_easy_invlimittwo,episode_00004,Played,1.0
5120,adventuregame,baseline_clp_chat,home_deliver_three_basic_easy_invlimittwo,episode_00005,Played,1.0
5121,adventuregame,baseline_clp_chat,home_deliver_three_basic_hard,episode_00005,Played,0.0
5122,adventuregame,baseline_clp_chat,home_deliver_three_basic_hard,episode_00006,Played,1.0
5123,adventuregame,baseline_clp_chat,home_deliver_three_basic_hard,episode_00007,Played,1.0
5124,adventuregame,baseline_clp_chat,home_deliver_three_basic_hard_invlimittwo,episode_00007,Played,1.0
5125,adventuregame,baseline_clp_chat,home_deliver_three_basic_hard_invlimittwo,episode_00008,Played,1.0
5126,adventuregame,baseline_clp_chat,home_deliver_three_basic_hard_invlimittwo,episode_00009,Played,0.0
5127,adventuregame,baseline_clp_chat,home_deliver_three_planning_easy,episode_00002,Played,1.0
5128,adventuregame,baseline_clp_chat,home_deliver_three_planning_easy,episode_00003,Played,0.0
5129,adventuregame,baseline_clp_chat,home_deliver_three_planning_easy,episode_00005,Played,1.0
5130,adventuregame,baseline_clp_chat,home_deliver_three_planning_easy_invlimittwo,episode_00004,Played,1.0
5131,adventuregame,baseline_clp_chat,home_deliver_three_planning_easy_invlimittwo,episode_00005,Played,0.0
5132,adventuregame,baseline_clp_chat,home_deliver_three_planning_easy_invlimittwo,episode_00006,Played,1.0
5133,adventuregame,baseline_clp_chat,home_deliver_three_planning_hard,episode_00006,Played,1.0
5134,adventuregame,baseline_clp_chat,home_deliver_three_planning_hard,episode_00007,Played,1.0
5135,adventuregame,baseline_clp_chat,home_deliver_three_planning_hard,episode_00008,Played,1.0
5136,adventuregame,baseline_clp_chat,home_deliver_three_planning_hard_invlimittwo,episode_000011,Played,0.0
5137,adventuregame,baseline_clp_chat,home_deliver_three_planning_hard_invlimittwo,episode_00008,Played,1.0
5138,adventuregame,baseline_clp_chat,home_deliver_three_planning_hard_invlimittwo,episode_00009,Played,1.0
5139,clean_up,baseline_clp_chat,0_easy_3obj_en,episode_00001,Played,1.0
5140,clean_up,baseline_clp_chat,0_easy_3obj_en,episode_00002,Played,1
5141,clean_up,baseline_clp_chat,0_easy_5obj_en,episode_00003,Played,1
5142,clean_up,baseline_clp_chat,0_easy_5obj_en,episode_00004,Played,1
5143,clean_up,baseline_clp_chat,0_easy_7obj_en,episode_00005,Played,1
5144,clean_up,baseline_clp_chat,0_easy_7obj_en,episode_00006,Played,1
5145,clean_up,baseline_clp_chat,1_medium_3obj_en,episode_00007,Played,1
5146,clean_up,baseline_clp_chat,1_medium_3obj_en,episode_00008,Played,1
5147,clean_up,baseline_clp_chat,1_medium_5obj_en,episode_00009,Played,0
5148,clean_up,baseline_clp_chat,1_medium_5obj_en,episode_00010,Played,0
5149,clean_up,baseline_clp_chat,1_medium_7obj_en,episode_00011,Played,1
5150,clean_up,baseline_clp_chat,1_medium_7obj_en,episode_00012,Played,1
5151,clean_up,baseline_clp_chat,2_hard_3obj_en,episode_00013,Played,1
5152,clean_up,baseline_clp_chat,2_hard_3obj_en,episode_00014,Played,1
5153,clean_up,baseline_clp_chat,2_hard_5obj_en,episode_00015,Played,1
5154,clean_up,baseline_clp_chat,2_hard_5obj_en,episode_00016,Played,0
5155,clean_up,baseline_clp_chat,2_hard_7obj_en,episode_00017,Played,1
5156,clean_up,baseline_clp_chat,2_hard_7obj_en,episode_00018,Played,1
5157,codenames,baseline_clp_chat,abstract,episode_00025,Played,0
5158,codenames,baseline_clp_chat,abstract,episode_00026,Played,0
5159,codenames,baseline_clp_chat,ambiguous,episode_00021,Played,0
5160,codenames,baseline_clp_chat,ambiguous,episode_00022,Played,0
5161,codenames,baseline_clp_chat,association_difficult,episode_00007,Played,0
5162,codenames,baseline_clp_chat,association_difficult,episode_00008,Played,0
5163,codenames,baseline_clp_chat,association_easy,episode_00005,Played,1
5164,codenames,baseline_clp_chat,association_easy,episode_00006,Played,1
5165,codenames,baseline_clp_chat,concrete,episode_00023,Played,0
5166,codenames,baseline_clp_chat,concrete,episode_00024,Played,1
5167,codenames,baseline_clp_chat,frequency_high,episode_00017,Played,1
5168,codenames,baseline_clp_chat,frequency_high,episode_00018,Played,0
5169,codenames,baseline_clp_chat,frequency_low,episode_00015,Played,1
5170,codenames,baseline_clp_chat,frequency_low,episode_00016,Played,1
5171,codenames,baseline_clp_chat,opponent_difficult,episode_00013,Played,1
5172,codenames,baseline_clp_chat,opponent_difficult,episode_00014,Played,0
5173,codenames,baseline_clp_chat,opponent_easy,episode_00011,Played,1
5174,codenames,baseline_clp_chat,opponent_easy,episode_00012,Played,0
5175,codenames,baseline_clp_chat,opponent_none,episode_00009,Played,0
5176,codenames,baseline_clp_chat,opponent_none,episode_00010,Played,0
5177,codenames,baseline_clp_chat,risk_high,episode_00003,Played,0
5178,codenames,baseline_clp_chat,risk_high,episode_00004,Played,0
5179,codenames,baseline_clp_chat,risk_low,episode_00001,Played,1
5180,codenames,baseline_clp_chat,risk_low,episode_00002,Played,0
5181,codenames,baseline_clp_chat,unambiguous,episode_00019,Played,1
5182,codenames,baseline_clp_chat,unambiguous,episode_00020,Played,0
5183,dond,baseline_clp_chat,coop_en,episode_00001,Played,0
5184,dond,baseline_clp_chat,coop_en,episode_00002,Played,0
5185,dond,baseline_clp_chat,coop_en,episode_00003,Played,0
5186,dond,baseline_clp_chat,coop_en,episode_00004,Played,1
5187,dond,baseline_clp_chat,coop_en,episode_00005,Played,0
5188,dond,baseline_clp_chat,coop_en,episode_00006,Played,0
5189,dond,baseline_clp_chat,coop_en,episode_00007,Played,0
5190,dond,baseline_clp_chat,coop_en,episode_00008,Played,0
5191,dond,baseline_clp_chat,coop_en,episode_00009,Played,0
5192,dond,baseline_clp_chat,coop_en,episode_00010,Played,0
5193,dond,baseline_clp_chat,semi_en,episode_00011,Played,0
5194,dond,baseline_clp_chat,semi_en,episode_00012,Played,0
5195,dond,baseline_clp_chat,semi_en,episode_00013,Played,0
5196,dond,baseline_clp_chat,semi_en,episode_00014,Played,0
5197,dond,baseline_clp_chat,semi_en,episode_00015,Played,0
5198,dond,baseline_clp_chat,semi_en,episode_00016,Played,0
5199,dond,baseline_clp_chat,semi_en,episode_00017,Played,1
5200,dond,baseline_clp_chat,semi_en,episode_00018,Played,0
5201,dond,baseline_clp_chat,semi_en,episode_00019,Played,0
5202,dond,baseline_clp_chat,semi_en,episode_00020,Played,0
5203,guesswhat,baseline_clp_chat,Abs_Level_1,episode_00013,Played,0
5204,guesswhat,baseline_clp_chat,Abs_Level_1,episode_00014,Played,0
5205,guesswhat,baseline_clp_chat,Abs_Level_1,episode_00015,Played,0
5206,guesswhat,baseline_clp_chat,Abs_Level_1,episode_00016,Played,0
5207,guesswhat,baseline_clp_chat,Abs_Level_2,episode_00017,Played,0
5208,guesswhat,baseline_clp_chat,Abs_Level_2,episode_00018,Played,0
5209,guesswhat,baseline_clp_chat,Abs_Level_2,episode_00019,Played,0
5210,guesswhat,baseline_clp_chat,Abs_Level_2,episode_00020,Played,0
5211,guesswhat,baseline_clp_chat,Abs_Level_3,episode_00021,Played,0
5212,guesswhat,baseline_clp_chat,Abs_Level_3,episode_00022,Played,0
5213,guesswhat,baseline_clp_chat,Abs_Level_3,episode_00023,Played,0
5214,guesswhat,baseline_clp_chat,Abs_Level_3,episode_00024,Played,0
5215,guesswhat,baseline_clp_chat,Level_1,episode_00001,Played,0
5216,guesswhat,baseline_clp_chat,Level_1,episode_00002,Played,0
5217,guesswhat,baseline_clp_chat,Level_1,episode_00003,Played,0
5218,guesswhat,baseline_clp_chat,Level_1,episode_00004,Played,0
5219,guesswhat,baseline_clp_chat,Level_2,episode_00005,Played,0
5220,guesswhat,baseline_clp_chat,Level_2,episode_00006,Played,0
5221,guesswhat,baseline_clp_chat,Level_2,episode_00007,Played,0
5222,guesswhat,baseline_clp_chat,Level_2,episode_00008,Played,0
5223,guesswhat,baseline_clp_chat,Level_3,episode_00009,Played,0
5224,guesswhat,baseline_clp_chat,Level_3,episode_00010,Played,0
5225,guesswhat,baseline_clp_chat,Level_3,episode_00011,Played,0
5226,guesswhat,baseline_clp_chat,Level_3,episode_00012,Played,0
5227,imagegame,baseline_clp_chat,compact_grids,episode_00001,Played,0
5228,imagegame,baseline_clp_chat,compact_grids,episode_00002,Played,0
5229,imagegame,baseline_clp_chat,compact_grids,episode_00003,Played,0
5230,imagegame,baseline_clp_chat,compact_grids,episode_00004,Played,0
5231,imagegame,baseline_clp_chat,compact_grids,episode_00005,Played,0
5232,imagegame,baseline_clp_chat,compact_grids,episode_00006,Played,0
5233,imagegame,baseline_clp_chat,compact_grids,episode_00007,Played,0
5234,imagegame,baseline_clp_chat,compact_grids,episode_00008,Played,0
5235,imagegame,baseline_clp_chat,compact_grids,episode_00009,Played,0
5236,imagegame,baseline_clp_chat,compact_grids,episode_00010,Played,0
5237,imagegame,baseline_clp_chat,compact_grids,episode_00011,Played,0
5238,imagegame,baseline_clp_chat,compact_grids,episode_00012,Played,0
5239,imagegame,baseline_clp_chat,random_grids,episode_00013,Played,0
5240,imagegame,baseline_clp_chat,random_grids,episode_00014,Played,0
5241,imagegame,baseline_clp_chat,random_grids,episode_00015,Played,0
5242,imagegame,baseline_clp_chat,random_grids,episode_00016,Played,0
5243,imagegame,baseline_clp_chat,random_grids,episode_00017,Played,0
5244,imagegame,baseline_clp_chat,random_grids,episode_00018,Played,0
5245,imagegame,baseline_clp_chat,random_grids,episode_00019,Played,0
5246,imagegame,baseline_clp_chat,random_grids,episode_00020,Played,0
5247,imagegame,baseline_clp_chat,random_grids,episode_00021,Played,0
5248,imagegame,baseline_clp_chat,random_grids,episode_00022,Played,0
5249,imagegame,baseline_clp_chat,random_grids,episode_00023,Played,0
5250,imagegame,baseline_clp_chat,random_grids,episode_00024,Played,0
5251,matchit,baseline_clp_chat,different_image,episode_00017,Played,1
5252,matchit,baseline_clp_chat,different_image,episode_00018,Played,1
5253,matchit,baseline_clp_chat,different_image,episode_00019,Played,1
5254,matchit,baseline_clp_chat,different_image,episode_00020,Played,1
5255,matchit,baseline_clp_chat,different_image,episode_00021,Played,1
5256,matchit,baseline_clp_chat,different_image,episode_00022,Played,1
5257,matchit,baseline_clp_chat,different_image,episode_00023,Played,1
5258,matchit,baseline_clp_chat,different_image,episode_00024,Played,1
5259,matchit,baseline_clp_chat,same_image,episode_00001,Played,1
5260,matchit,baseline_clp_chat,same_image,episode_00002,Played,1
5261,matchit,baseline_clp_chat,same_image,episode_00003,Played,1
5262,matchit,baseline_clp_chat,same_image,episode_00004,Played,1
5263,matchit,baseline_clp_chat,same_image,episode_00005,Played,0
5264,matchit,baseline_clp_chat,same_image,episode_00006,Played,1
5265,matchit,baseline_clp_chat,same_image,episode_00007,Played,1
5266,matchit,baseline_clp_chat,same_image,episode_00008,Played,1
5267,matchit,baseline_clp_chat,similar_image,episode_00009,Played,1
5268,matchit,baseline_clp_chat,similar_image,episode_00010,Played,1
5269,matchit,baseline_clp_chat,similar_image,episode_00011,Played,1
5270,matchit,baseline_clp_chat,similar_image,episode_00012,Played,1
5271,matchit,baseline_clp_chat,similar_image,episode_00013,Played,1
5272,matchit,baseline_clp_chat,similar_image,episode_00014,Played,1
5273,matchit,baseline_clp_chat,similar_image,episode_00015,Played,1
5274,matchit,baseline_clp_chat,similar_image,episode_00016,Played,1
5275,matchit_ascii,baseline_clp_chat,different_grid,episode_00019,Played,1
5276,matchit_ascii,baseline_clp_chat,different_grid,episode_00020,Played,1
5277,matchit_ascii,baseline_clp_chat,different_grid,episode_00021,Played,1
5278,matchit_ascii,baseline_clp_chat,different_grid,episode_00022,Played,1
5279,matchit_ascii,baseline_clp_chat,different_grid,episode_00023,Played,1
5280,matchit_ascii,baseline_clp_chat,different_grid,episode_00024,Played,1
5281,matchit_ascii,baseline_clp_chat,same_grid,episode_00001,Played,1
5282,matchit_ascii,baseline_clp_chat,same_grid,episode_00002,Played,1
5283,matchit_ascii,baseline_clp_chat,same_grid,episode_00003,Played,1
5284,matchit_ascii,baseline_clp_chat,same_grid,episode_00004,Played,1
5285,matchit_ascii,baseline_clp_chat,same_grid,episode_00005,Played,1
5286,matchit_ascii,baseline_clp_chat,same_grid,episode_00006,Played,1
5287,matchit_ascii,baseline_clp_chat,similar_grid_1,episode_00007,Played,1
5288,matchit_ascii,baseline_clp_chat,similar_grid_1,episode_00008,Played,1
5289,matchit_ascii,baseline_clp_chat,similar_grid_1,episode_00009,Played,1
5290,matchit_ascii,baseline_clp_chat,similar_grid_1,episode_00010,Played,1
5291,matchit_ascii,baseline_clp_chat,similar_grid_1,episode_00011,Played,1
5292,matchit_ascii,baseline_clp_chat,similar_grid_1,episode_00012,Played,1
5293,matchit_ascii,baseline_clp_chat,similar_grid_2,episode_00013,Played,1
5294,matchit_ascii,baseline_clp_chat,similar_grid_2,episode_00014,Played,1
5295,matchit_ascii,baseline_clp_chat,similar_grid_2,episode_00015,Played,1
5296,matchit_ascii,baseline_clp_chat,similar_grid_2,episode_00016,Played,1
5297,matchit_ascii,baseline_clp_chat,similar_grid_2,episode_00017,Played,1
5298,matchit_ascii,baseline_clp_chat,similar_grid_2,episode_00018,Played,1
5299,mm_mapworld,baseline_clp_chat,large,episode_00011,Played,1
5300,mm_mapworld,baseline_clp_chat,large,episode_00012,Played,1
5301,mm_mapworld,baseline_clp_chat,large,episode_00013,Played,1
5302,mm_mapworld,baseline_clp_chat,large,episode_00014,Played,1
5303,mm_mapworld,baseline_clp_chat,large,episode_00015,Played,1
5304,mm_mapworld,baseline_clp_chat,large_cycle,episode_00021,Played,1
5305,mm_mapworld,baseline_clp_chat,large_cycle,episode_00022,Played,1
5306,mm_mapworld,baseline_clp_chat,large_cycle,episode_00023,Played,1
5307,mm_mapworld,baseline_clp_chat,large_cycle,episode_00024,Played,0
5308,mm_mapworld,baseline_clp_chat,large_cycle,episode_00025,Played,1
5309,mm_mapworld,baseline_clp_chat,medium,episode_00006,Played,0
5310,mm_mapworld,baseline_clp_chat,medium,episode_00007,Played,1
5311,mm_mapworld,baseline_clp_chat,medium,episode_00008,Played,1
5312,mm_mapworld,baseline_clp_chat,medium,episode_00009,Played,0
5313,mm_mapworld,baseline_clp_chat,medium,episode_00010,Played,0
5314,mm_mapworld,baseline_clp_chat,medium_cycle,episode_00016,Played,1
5315,mm_mapworld,baseline_clp_chat,medium_cycle,episode_00017,Played,1
5316,mm_mapworld,baseline_clp_chat,medium_cycle,episode_00018,Played,1
5317,mm_mapworld,baseline_clp_chat,medium_cycle,episode_00019,Played,1
5318,mm_mapworld,baseline_clp_chat,medium_cycle,episode_00020,Played,1
5319,mm_mapworld,baseline_clp_chat,small,episode_00001,Played,1
5320,mm_mapworld,baseline_clp_chat,small,episode_00002,Played,1
5321,mm_mapworld,baseline_clp_chat,small,episode_00003,Played,1
5322,mm_mapworld,baseline_clp_chat,small,episode_00004,Played,1
5323,mm_mapworld,baseline_clp_chat,small,episode_00005,Played,1
5324,multimodal_referencegame,baseline_clp_chat,CLEVR_images,episode_00015,Played,1
5325,multimodal_referencegame,baseline_clp_chat,CLEVR_images,episode_00016,Played,1
5326,multimodal_referencegame,baseline_clp_chat,CLEVR_static_target_images,episode_00017,Played,1
5327,multimodal_referencegame,baseline_clp_chat,CLEVR_static_target_images,episode_00018,Played,1
5328,multimodal_referencegame,baseline_clp_chat,diagonal_grids,episode_00005,Played,1
5329,multimodal_referencegame,baseline_clp_chat,diagonal_grids,episode_00006,Played,1
5330,multimodal_referencegame,baseline_clp_chat,DOCCI_images,episode_00013,Played,1
5331,multimodal_referencegame,baseline_clp_chat,DOCCI_images,episode_00014,Played,1
5332,multimodal_referencegame,baseline_clp_chat,DOCCI_static_target_images,episode_00019,Played,1
5333,multimodal_referencegame,baseline_clp_chat,DOCCI_static_target_images,episode_00020,Played,1
5334,multimodal_referencegame,baseline_clp_chat,letter_grids,episode_00007,Played,1
5335,multimodal_referencegame,baseline_clp_chat,letter_grids,episode_00008,Played,1
5336,multimodal_referencegame,baseline_clp_chat,line_grids_columns,episode_00003,Played,1
5337,multimodal_referencegame,baseline_clp_chat,line_grids_columns,episode_00004,Played,1
5338,multimodal_referencegame,baseline_clp_chat,line_grids_rows,episode_00001,Played,1
5339,multimodal_referencegame,baseline_clp_chat,line_grids_rows,episode_00002,Played,1
5340,multimodal_referencegame,baseline_clp_chat,pentomino_images,episode_00021,Played,1
5341,multimodal_referencegame,baseline_clp_chat,pentomino_images,episode_00022,Played,1
5342,multimodal_referencegame,baseline_clp_chat,random_grids,episode_00011,Played,1
5343,multimodal_referencegame,baseline_clp_chat,random_grids,episode_00012,Played,1
5344,multimodal_referencegame,baseline_clp_chat,shape_grids,episode_00009,Played,1
5345,multimodal_referencegame,baseline_clp_chat,shape_grids,episode_00010,Played,1
5346,privateshared,baseline_clp_chat,job-interview,episode_00006,Played,1
5347,privateshared,baseline_clp_chat,job-interview,episode_00007,Played,1
5348,privateshared,baseline_clp_chat,job-interview,episode_00008,Played,1
5349,privateshared,baseline_clp_chat,job-interview,episode_00009,Played,1
5350,privateshared,baseline_clp_chat,job-interview,episode_00010,Played,1
5351,privateshared,baseline_clp_chat,restaurant,episode_00011,Played,1
5352,privateshared,baseline_clp_chat,restaurant,episode_00012,Played,1
5353,privateshared,baseline_clp_chat,restaurant,episode_00013,Played,1
5354,privateshared,baseline_clp_chat,restaurant,episode_00014,Played,1
5355,privateshared,baseline_clp_chat,restaurant,episode_00015,Played,1
5356,privateshared,baseline_clp_chat,things-places,episode_00016,Played,1
5357,privateshared,baseline_clp_chat,things-places,episode_00017,Played,1
5358,privateshared,baseline_clp_chat,things-places,episode_00018,Played,1
5359,privateshared,baseline_clp_chat,things-places,episode_00019,Played,1
5360,privateshared,baseline_clp_chat,travel-booking,episode_00001,Played,1
5361,privateshared,baseline_clp_chat,travel-booking,episode_00002,Played,1
5362,privateshared,baseline_clp_chat,travel-booking,episode_00003,Played,1
5363,privateshared,baseline_clp_chat,travel-booking,episode_00004,Played,1
5364,privateshared,baseline_clp_chat,travel-booking,episode_00005,Played,1
5365,referencegame,baseline_clp_chat,letter_grids,episode_00001,Played,1
5366,referencegame,baseline_clp_chat,letter_grids,episode_00002,Played,1
5367,referencegame,baseline_clp_chat,letter_grids,episode_00003,Played,1
5368,referencegame,baseline_clp_chat,letter_grids,episode_00004,Played,1
5369,referencegame,baseline_clp_chat,letter_grids,episode_00005,Played,1
5370,referencegame,baseline_clp_chat,line_grids_columns,episode_00016,Played,1
5371,referencegame,baseline_clp_chat,line_grids_columns,episode_00017,Played,1
5372,referencegame,baseline_clp_chat,line_grids_columns,episode_00018,Played,1
5373,referencegame,baseline_clp_chat,line_grids_columns,episode_00019,Played,1
5374,referencegame,baseline_clp_chat,line_grids_columns,episode_00020,Played,1
5375,referencegame,baseline_clp_chat,line_grids_rows,episode_00011,Played,1
5376,referencegame,baseline_clp_chat,line_grids_rows,episode_00012,Played,1
5377,referencegame,baseline_clp_chat,line_grids_rows,episode_00013,Played,1
5378,referencegame,baseline_clp_chat,line_grids_rows,episode_00014,Played,1
5379,referencegame,baseline_clp_chat,line_grids_rows,episode_00015,Played,1
5380,referencegame,baseline_clp_chat,number_grids,episode_00006,Played,1
5381,referencegame,baseline_clp_chat,number_grids,episode_00007,Played,1
5382,referencegame,baseline_clp_chat,number_grids,episode_00008,Played,1
5383,referencegame,baseline_clp_chat,number_grids,episode_00009,Played,1
5384,referencegame,baseline_clp_chat,number_grids,episode_00010,Played,1
5385,referencegame,baseline_clp_chat,random_grids,episode_00021,Played,1
5386,referencegame,baseline_clp_chat,random_grids,episode_00022,Played,1
5387,referencegame,baseline_clp_chat,random_grids,episode_00023,Played,1
5388,referencegame,baseline_clp_chat,random_grids,episode_00024,Played,1
5389,referencegame,baseline_clp_chat,random_grids,episode_00025,Played,1
5390,taboo,baseline_clp_chat,high_en,episode_00001,Played,1
5391,taboo,baseline_clp_chat,high_en,episode_00002,Played,1
5392,taboo,baseline_clp_chat,high_en,episode_00003,Played,1
5393,taboo,baseline_clp_chat,high_en,episode_00004,Played,1
5394,taboo,baseline_clp_chat,high_en,episode_00005,Played,1
5395,taboo,baseline_clp_chat,low_en,episode_00011,Played,1
5396,taboo,baseline_clp_chat,low_en,episode_00012,Played,1
5397,taboo,baseline_clp_chat,low_en,episode_00013,Played,1
5398,taboo,baseline_clp_chat,low_en,episode_00014,Played,1
5399,taboo,baseline_clp_chat,low_en,episode_00015,Played,1
5400,taboo,baseline_clp_chat,medium_en,episode_00006,Played,1
5401,taboo,baseline_clp_chat,medium_en,episode_00007,Played,1
5402,taboo,baseline_clp_chat,medium_en,episode_00008,Played,1
5403,taboo,baseline_clp_chat,medium_en,episode_00009,Played,1
5404,taboo,baseline_clp_chat,medium_en,episode_00010,Played,1
5405,textmapworld,baseline_clp_chat,large,episode_00011,Played,0
5406,textmapworld,baseline_clp_chat,large,episode_00012,Played,0
5407,textmapworld,baseline_clp_chat,large,episode_00013,Played,0
5408,textmapworld,baseline_clp_chat,large,episode_00014,Played,0
5409,textmapworld,baseline_clp_chat,large,episode_00015,Played,0
5410,textmapworld,baseline_clp_chat,large_cycle,episode_00021,Played,0
5411,textmapworld,baseline_clp_chat,large_cycle,episode_00022,Played,0
5412,textmapworld,baseline_clp_chat,large_cycle,episode_00023,Played,0
5413,textmapworld,baseline_clp_chat,large_cycle,episode_00024,Played,0
5414,textmapworld,baseline_clp_chat,large_cycle,episode_00025,Played,0
5415,textmapworld,baseline_clp_chat,medium,episode_00006,Played,0
5416,textmapworld,baseline_clp_chat,medium,episode_00007,Played,0
5417,textmapworld,baseline_clp_chat,medium,episode_00008,Played,0
5418,textmapworld,baseline_clp_chat,medium,episode_00009,Played,0
5419,textmapworld,baseline_clp_chat,medium,episode_00010,Played,0
5420,textmapworld,baseline_clp_chat,medium_cycle,episode_00016,Played,0
5421,textmapworld,baseline_clp_chat,medium_cycle,episode_00017,Played,0
5422,textmapworld,baseline_clp_chat,medium_cycle,episode_00018,Played,0
5423,textmapworld,baseline_clp_chat,medium_cycle,episode_00019,Played,0
5424,textmapworld,baseline_clp_chat,medium_cycle,episode_00020,Played,0
5425,textmapworld,baseline_clp_chat,small,episode_00001,Played,0
5426,textmapworld,baseline_clp_chat,small,episode_00002,Played,0
5427,textmapworld,baseline_clp_chat,small,episode_00003,Played,0
5428,textmapworld,baseline_clp_chat,small,episode_00004,Played,0
5429,textmapworld,baseline_clp_chat,small,episode_00005,Played,0
5430,wordle,baseline_clp_chat,high_frequency_words_no_clue_no_critic,episode_00001,Played,1
5431,wordle,baseline_clp_chat,high_frequency_words_no_clue_no_critic,episode_00002,Played,1
5432,wordle,baseline_clp_chat,high_frequency_words_no_clue_no_critic,episode_00003,Played,0
5433,wordle,baseline_clp_chat,high_frequency_words_no_clue_no_critic,episode_00004,Played,0
5434,wordle,baseline_clp_chat,high_frequency_words_no_clue_no_critic,episode_00005,Played,0
5435,wordle,baseline_clp_chat,high_frequency_words_no_clue_no_critic,episode_00006,Played,1
5436,wordle,baseline_clp_chat,high_frequency_words_no_clue_no_critic,episode_00007,Played,1
5437,wordle,baseline_clp_chat,high_frequency_words_no_clue_no_critic,episode_00008,Played,1
5438,wordle,baseline_clp_chat,high_frequency_words_no_clue_no_critic,episode_00009,Played,1
5439,wordle,baseline_clp_chat,high_frequency_words_no_clue_no_critic,episode_00010,Played,1
5440,wordle,baseline_clp_chat,medium_frequency_words_no_clue_no_critic,episode_00011,Played,1
5441,wordle,baseline_clp_chat,medium_frequency_words_no_clue_no_critic,episode_00012,Played,1
5442,wordle,baseline_clp_chat,medium_frequency_words_no_clue_no_critic,episode_00013,Played,1
5443,wordle,baseline_clp_chat,medium_frequency_words_no_clue_no_critic,episode_00014,Played,1
5444,wordle,baseline_clp_chat,medium_frequency_words_no_clue_no_critic,episode_00015,Played,1
5445,wordle,baseline_clp_chat,medium_frequency_words_no_clue_no_critic,episode_00016,Played,1
5446,wordle,baseline_clp_chat,medium_frequency_words_no_clue_no_critic,episode_00017,Played,1
5447,wordle,baseline_clp_chat,medium_frequency_words_no_clue_no_critic,episode_00018,Played,0
5448,wordle,baseline_clp_chat,medium_frequency_words_no_clue_no_critic,episode_00019,Played,0
5449,wordle,baseline_clp_chat,medium_frequency_words_no_clue_no_critic,episode_00020,Played,0
