,game,model,experiment,episode,metric,value
0,referencegame,agent_core_tools_gpt4omini,letter_grids,episode_00002,Generated Expression Length,155.0
1,referencegame,agent_core_tools_gpt4omini,letter_grids,episode_00002,Generated Expression Number of Tokens,27.0
2,referencegame,agent_core_tools_gpt4omini,letter_grids,episode_00002,Aborted at Player 1,0.0
3,referencegame,agent_core_tools_gpt4omini,letter_grids,episode_00002,Aborted at Player 2,0.0
4,referencegame,agent_core_tools_gpt4omini,letter_grids,episode_00002,Request Count,2.0
5,referencegame,agent_core_tools_gpt4omini,letter_grids,episode_00002,Parsed Request Count,2.0
6,referencegame,agent_core_tools_gpt4omini,letter_grids,episode_00002,Violated Request Count,0.0
7,referencegame,agent_core_tools_gpt4omini,letter_grids,episode_00002,Aborted,0.0
8,referencegame,agent_core_tools_gpt4omini,letter_grids,episode_00002,Success,1.0
9,referencegame,agent_core_tools_gpt4omini,letter_grids,episode_00002,Lose,0.0
10,referencegame,agent_core_tools_gpt4omini,letter_grids,episode_00002,Main Score,100.0
11,referencegame,agent_core_tools_gpt4omini,letter_grids,episode_00002,Request Success Ratio,1.0
12,referencegame,agent_core_tools_gpt4omini,letter_grids,episode_00003,Generated Expression Length,139.0
13,referencegame,agent_core_tools_gpt4omini,letter_grids,episode_00003,Generated Expression Number of Tokens,27.0
14,referencegame,agent_core_tools_gpt4omini,letter_grids,episode_00003,Aborted at Player 1,0.0
15,referencegame,agent_core_tools_gpt4omini,letter_grids,episode_00003,Aborted at Player 2,0.0
16,referencegame,agent_core_tools_gpt4omini,letter_grids,episode_00003,Request Count,2.0
17,referencegame,agent_core_tools_gpt4omini,letter_grids,episode_00003,Parsed Request Count,2.0
18,referencegame,agent_core_tools_gpt4omini,letter_grids,episode_00003,Violated Request Count,0.0
19,referencegame,agent_core_tools_gpt4omini,letter_grids,episode_00003,Aborted,0.0
20,referencegame,agent_core_tools_gpt4omini,letter_grids,episode_00003,Success,1.0
21,referencegame,agent_core_tools_gpt4omini,letter_grids,episode_00003,Lose,0.0
22,referencegame,agent_core_tools_gpt4omini,letter_grids,episode_00003,Main Score,100.0
23,referencegame,agent_core_tools_gpt4omini,letter_grids,episode_00003,Request Success Ratio,1.0
24,referencegame,agent_core_tools_gpt4omini,letter_grids,episode_00004,Generated Expression Length,168.0
25,referencegame,agent_core_tools_gpt4omini,letter_grids,episode_00004,Generated Expression Number of Tokens,34.0
26,referencegame,agent_core_tools_gpt4omini,letter_grids,episode_00004,Aborted at Player 1,0.0
27,referencegame,agent_core_tools_gpt4omini,letter_grids,episode_00004,Aborted at Player 2,0.0
28,referencegame,agent_core_tools_gpt4omini,letter_grids,episode_00004,Request Count,2.0
29,referencegame,agent_core_tools_gpt4omini,letter_grids,episode_00004,Parsed Request Count,2.0
30,referencegame,agent_core_tools_gpt4omini,letter_grids,episode_00004,Violated Request Count,0.0
31,referencegame,agent_core_tools_gpt4omini,letter_grids,episode_00004,Aborted,0.0
32,referencegame,agent_core_tools_gpt4omini,letter_grids,episode_00004,Success,0.0
33,referencegame,agent_core_tools_gpt4omini,letter_grids,episode_00004,Lose,1.0
34,referencegame,agent_core_tools_gpt4omini,letter_grids,episode_00004,Main Score,0.0
35,referencegame,agent_core_tools_gpt4omini,letter_grids,episode_00004,Request Success Ratio,1.0
36,referencegame,agent_core_tools_gpt4omini,letter_grids,episode_00005,Generated Expression Length,213.0
37,referencegame,agent_core_tools_gpt4omini,letter_grids,episode_00005,Generated Expression Number of Tokens,39.0
38,referencegame,agent_core_tools_gpt4omini,letter_grids,episode_00005,Aborted at Player 1,0.0
39,referencegame,agent_core_tools_gpt4omini,letter_grids,episode_00005,Aborted at Player 2,0.0
40,referencegame,agent_core_tools_gpt4omini,letter_grids,episode_00005,Request Count,2.0
41,referencegame,agent_core_tools_gpt4omini,letter_grids,episode_00005,Parsed Request Count,2.0
42,referencegame,agent_core_tools_gpt4omini,letter_grids,episode_00005,Violated Request Count,0.0
43,referencegame,agent_core_tools_gpt4omini,letter_grids,episode_00005,Aborted,0.0
44,referencegame,agent_core_tools_gpt4omini,letter_grids,episode_00005,Success,0.0
45,referencegame,agent_core_tools_gpt4omini,letter_grids,episode_00005,Lose,1.0
46,referencegame,agent_core_tools_gpt4omini,letter_grids,episode_00005,Main Score,0.0
47,referencegame,agent_core_tools_gpt4omini,letter_grids,episode_00005,Request Success Ratio,1.0
48,referencegame,agent_core_tools_gpt4omini,line_grids_columns,episode_00016,Generated Expression Length,149.0
49,referencegame,agent_core_tools_gpt4omini,line_grids_columns,episode_00016,Generated Expression Number of Tokens,26.0
50,referencegame,agent_core_tools_gpt4omini,line_grids_columns,episode_00016,Aborted at Player 1,0.0
51,referencegame,agent_core_tools_gpt4omini,line_grids_columns,episode_00016,Aborted at Player 2,0.0
52,referencegame,agent_core_tools_gpt4omini,line_grids_columns,episode_00016,Request Count,2.0
53,referencegame,agent_core_tools_gpt4omini,line_grids_columns,episode_00016,Parsed Request Count,2.0
54,referencegame,agent_core_tools_gpt4omini,line_grids_columns,episode_00016,Violated Request Count,0.0
55,referencegame,agent_core_tools_gpt4omini,line_grids_columns,episode_00016,Aborted,0.0
56,referencegame,agent_core_tools_gpt4omini,line_grids_columns,episode_00016,Success,1.0
57,referencegame,agent_core_tools_gpt4omini,line_grids_columns,episode_00016,Lose,0.0
58,referencegame,agent_core_tools_gpt4omini,line_grids_columns,episode_00016,Main Score,100.0
59,referencegame,agent_core_tools_gpt4omini,line_grids_columns,episode_00016,Request Success Ratio,1.0
60,referencegame,agent_core_tools_gpt4omini,line_grids_columns,episode_00017,Generated Expression Length,162.0
61,referencegame,agent_core_tools_gpt4omini,line_grids_columns,episode_00017,Generated Expression Number of Tokens,28.0
62,referencegame,agent_core_tools_gpt4omini,line_grids_columns,episode_00017,Aborted at Player 1,0.0
63,referencegame,agent_core_tools_gpt4omini,line_grids_columns,episode_00017,Aborted at Player 2,0.0
64,referencegame,agent_core_tools_gpt4omini,line_grids_columns,episode_00017,Request Count,2.0
65,referencegame,agent_core_tools_gpt4omini,line_grids_columns,episode_00017,Parsed Request Count,2.0
66,referencegame,agent_core_tools_gpt4omini,line_grids_columns,episode_00017,Violated Request Count,0.0
67,referencegame,agent_core_tools_gpt4omini,line_grids_columns,episode_00017,Aborted,0.0
68,referencegame,agent_core_tools_gpt4omini,line_grids_columns,episode_00017,Success,1.0
69,referencegame,agent_core_tools_gpt4omini,line_grids_columns,episode_00017,Lose,0.0
70,referencegame,agent_core_tools_gpt4omini,line_grids_columns,episode_00017,Main Score,100.0
71,referencegame,agent_core_tools_gpt4omini,line_grids_columns,episode_00017,Request Success Ratio,1.0
72,referencegame,agent_core_tools_gpt4omini,line_grids_columns,episode_00018,Generated Expression Length,160.0
73,referencegame,agent_core_tools_gpt4omini,line_grids_columns,episode_00018,Generated Expression Number of Tokens,29.0
74,referencegame,agent_core_tools_gpt4omini,line_grids_columns,episode_00018,Aborted at Player 1,0.0
75,referencegame,agent_core_tools_gpt4omini,line_grids_columns,episode_00018,Aborted at Player 2,0.0
76,referencegame,agent_core_tools_gpt4omini,line_grids_columns,episode_00018,Request Count,2.0
77,referencegame,agent_core_tools_gpt4omini,line_grids_columns,episode_00018,Parsed Request Count,2.0
78,referencegame,agent_core_tools_gpt4omini,line_grids_columns,episode_00018,Violated Request Count,0.0
79,referencegame,agent_core_tools_gpt4omini,line_grids_columns,episode_00018,Aborted,0.0
80,referencegame,agent_core_tools_gpt4omini,line_grids_columns,episode_00018,Success,0.0
81,referencegame,agent_core_tools_gpt4omini,line_grids_columns,episode_00018,Lose,1.0
82,referencegame,agent_core_tools_gpt4omini,line_grids_columns,episode_00018,Main Score,0.0
83,referencegame,agent_core_tools_gpt4omini,line_grids_columns,episode_00018,Request Success Ratio,1.0
84,referencegame,agent_core_tools_gpt4omini,line_grids_columns,episode_00019,Generated Expression Length,122.0
85,referencegame,agent_core_tools_gpt4omini,line_grids_columns,episode_00019,Generated Expression Number of Tokens,22.0
86,referencegame,agent_core_tools_gpt4omini,line_grids_columns,episode_00019,Aborted at Player 1,0.0
87,referencegame,agent_core_tools_gpt4omini,line_grids_columns,episode_00019,Aborted at Player 2,0.0
88,referencegame,agent_core_tools_gpt4omini,line_grids_columns,episode_00019,Request Count,2.0
89,referencegame,agent_core_tools_gpt4omini,line_grids_columns,episode_00019,Parsed Request Count,2.0
90,referencegame,agent_core_tools_gpt4omini,line_grids_columns,episode_00019,Violated Request Count,0.0
91,referencegame,agent_core_tools_gpt4omini,line_grids_columns,episode_00019,Aborted,0.0
92,referencegame,agent_core_tools_gpt4omini,line_grids_columns,episode_00019,Success,1.0
93,referencegame,agent_core_tools_gpt4omini,line_grids_columns,episode_00019,Lose,0.0
94,referencegame,agent_core_tools_gpt4omini,line_grids_columns,episode_00019,Main Score,100.0
95,referencegame,agent_core_tools_gpt4omini,line_grids_columns,episode_00019,Request Success Ratio,1.0
96,referencegame,agent_core_tools_gpt4omini,line_grids_columns,episode_00020,Generated Expression Length,210.0
97,referencegame,agent_core_tools_gpt4omini,line_grids_columns,episode_00020,Generated Expression Number of Tokens,37.0
98,referencegame,agent_core_tools_gpt4omini,line_grids_columns,episode_00020,Aborted at Player 1,0.0
99,referencegame,agent_core_tools_gpt4omini,line_grids_columns,episode_00020,Aborted at Player 2,0.0
100,referencegame,agent_core_tools_gpt4omini,line_grids_columns,episode_00020,Request Count,2.0
101,referencegame,agent_core_tools_gpt4omini,line_grids_columns,episode_00020,Parsed Request Count,2.0
102,referencegame,agent_core_tools_gpt4omini,line_grids_columns,episode_00020,Violated Request Count,0.0
103,referencegame,agent_core_tools_gpt4omini,line_grids_columns,episode_00020,Aborted,0.0
104,referencegame,agent_core_tools_gpt4omini,line_grids_columns,episode_00020,Success,0.0
105,referencegame,agent_core_tools_gpt4omini,line_grids_columns,episode_00020,Lose,1.0
106,referencegame,agent_core_tools_gpt4omini,line_grids_columns,episode_00020,Main Score,0.0
107,referencegame,agent_core_tools_gpt4omini,line_grids_columns,episode_00020,Request Success Ratio,1.0
108,referencegame,agent_core_tools_gpt4omini,line_grids_rows,episode_00011,Generated Expression Length,114.0
109,referencegame,agent_core_tools_gpt4omini,line_grids_rows,episode_00011,Generated Expression Number of Tokens,21.0
110,referencegame,agent_core_tools_gpt4omini,line_grids_rows,episode_00011,Aborted at Player 1,0.0
111,referencegame,agent_core_tools_gpt4omini,line_grids_rows,episode_00011,Aborted at Player 2,0.0
112,referencegame,agent_core_tools_gpt4omini,line_grids_rows,episode_00011,Request Count,2.0
113,referencegame,agent_core_tools_gpt4omini,line_grids_rows,episode_00011,Parsed Request Count,2.0
114,referencegame,agent_core_tools_gpt4omini,line_grids_rows,episode_00011,Violated Request Count,0.0
115,referencegame,agent_core_tools_gpt4omini,line_grids_rows,episode_00011,Aborted,0.0
116,referencegame,agent_core_tools_gpt4omini,line_grids_rows,episode_00011,Success,1.0
117,referencegame,agent_core_tools_gpt4omini,line_grids_rows,episode_00011,Lose,0.0
118,referencegame,agent_core_tools_gpt4omini,line_grids_rows,episode_00011,Main Score,100.0
119,referencegame,agent_core_tools_gpt4omini,line_grids_rows,episode_00011,Request Success Ratio,1.0
120,referencegame,agent_core_tools_gpt4omini,line_grids_rows,episode_00012,Generated Expression Length,114.0
121,referencegame,agent_core_tools_gpt4omini,line_grids_rows,episode_00012,Generated Expression Number of Tokens,21.0
122,referencegame,agent_core_tools_gpt4omini,line_grids_rows,episode_00012,Aborted at Player 1,0.0
123,referencegame,agent_core_tools_gpt4omini,line_grids_rows,episode_00012,Aborted at Player 2,0.0
124,referencegame,agent_core_tools_gpt4omini,line_grids_rows,episode_00012,Request Count,2.0
125,referencegame,agent_core_tools_gpt4omini,line_grids_rows,episode_00012,Parsed Request Count,2.0
126,referencegame,agent_core_tools_gpt4omini,line_grids_rows,episode_00012,Violated Request Count,0.0
127,referencegame,agent_core_tools_gpt4omini,line_grids_rows,episode_00012,Aborted,0.0
128,referencegame,agent_core_tools_gpt4omini,line_grids_rows,episode_00012,Success,1.0
129,referencegame,agent_core_tools_gpt4omini,line_grids_rows,episode_00012,Lose,0.0
130,referencegame,agent_core_tools_gpt4omini,line_grids_rows,episode_00012,Main Score,100.0
131,referencegame,agent_core_tools_gpt4omini,line_grids_rows,episode_00012,Request Success Ratio,1.0
132,referencegame,agent_core_tools_gpt4omini,line_grids_rows,episode_00013,Generated Expression Length,114.0
133,referencegame,agent_core_tools_gpt4omini,line_grids_rows,episode_00013,Generated Expression Number of Tokens,21.0
134,referencegame,agent_core_tools_gpt4omini,line_grids_rows,episode_00013,Aborted at Player 1,0.0
135,referencegame,agent_core_tools_gpt4omini,line_grids_rows,episode_00013,Aborted at Player 2,0.0
136,referencegame,agent_core_tools_gpt4omini,line_grids_rows,episode_00013,Request Count,2.0
137,referencegame,agent_core_tools_gpt4omini,line_grids_rows,episode_00013,Parsed Request Count,2.0
138,referencegame,agent_core_tools_gpt4omini,line_grids_rows,episode_00013,Violated Request Count,0.0
139,referencegame,agent_core_tools_gpt4omini,line_grids_rows,episode_00013,Aborted,0.0
140,referencegame,agent_core_tools_gpt4omini,line_grids_rows,episode_00013,Success,1.0
141,referencegame,agent_core_tools_gpt4omini,line_grids_rows,episode_00013,Lose,0.0
142,referencegame,agent_core_tools_gpt4omini,line_grids_rows,episode_00013,Main Score,100.0
143,referencegame,agent_core_tools_gpt4omini,line_grids_rows,episode_00013,Request Success Ratio,1.0
144,referencegame,agent_core_tools_gpt4omini,line_grids_rows,episode_00014,Generated Expression Length,179.0
145,referencegame,agent_core_tools_gpt4omini,line_grids_rows,episode_00014,Generated Expression Number of Tokens,34.0
146,referencegame,agent_core_tools_gpt4omini,line_grids_rows,episode_00014,Aborted at Player 1,0.0
147,referencegame,agent_core_tools_gpt4omini,line_grids_rows,episode_00014,Aborted at Player 2,0.0
148,referencegame,agent_core_tools_gpt4omini,line_grids_rows,episode_00014,Request Count,2.0
149,referencegame,agent_core_tools_gpt4omini,line_grids_rows,episode_00014,Parsed Request Count,2.0
150,referencegame,agent_core_tools_gpt4omini,line_grids_rows,episode_00014,Violated Request Count,0.0
151,referencegame,agent_core_tools_gpt4omini,line_grids_rows,episode_00014,Aborted,0.0
152,referencegame,agent_core_tools_gpt4omini,line_grids_rows,episode_00014,Success,0.0
153,referencegame,agent_core_tools_gpt4omini,line_grids_rows,episode_00014,Lose,1.0
154,referencegame,agent_core_tools_gpt4omini,line_grids_rows,episode_00014,Main Score,0.0
155,referencegame,agent_core_tools_gpt4omini,line_grids_rows,episode_00014,Request Success Ratio,1.0
156,referencegame,agent_core_tools_gpt4omini,line_grids_rows,episode_00015,Generated Expression Length,172.0
157,referencegame,agent_core_tools_gpt4omini,line_grids_rows,episode_00015,Generated Expression Number of Tokens,31.0
158,referencegame,agent_core_tools_gpt4omini,line_grids_rows,episode_00015,Aborted at Player 1,0.0
159,referencegame,agent_core_tools_gpt4omini,line_grids_rows,episode_00015,Aborted at Player 2,0.0
160,referencegame,agent_core_tools_gpt4omini,line_grids_rows,episode_00015,Request Count,2.0
161,referencegame,agent_core_tools_gpt4omini,line_grids_rows,episode_00015,Parsed Request Count,2.0
162,referencegame,agent_core_tools_gpt4omini,line_grids_rows,episode_00015,Violated Request Count,0.0
163,referencegame,agent_core_tools_gpt4omini,line_grids_rows,episode_00015,Aborted,0.0
164,referencegame,agent_core_tools_gpt4omini,line_grids_rows,episode_00015,Success,1.0
165,referencegame,agent_core_tools_gpt4omini,line_grids_rows,episode_00015,Lose,0.0
166,referencegame,agent_core_tools_gpt4omini,line_grids_rows,episode_00015,Main Score,100.0
167,referencegame,agent_core_tools_gpt4omini,line_grids_rows,episode_00015,Request Success Ratio,1.0
168,referencegame,agent_core_tools_gpt4omini,number_grids,episode_00006,Generated Expression Length,206.0
169,referencegame,agent_core_tools_gpt4omini,number_grids,episode_00006,Generated Expression Number of Tokens,38.0
170,referencegame,agent_core_tools_gpt4omini,number_grids,episode_00006,Aborted at Player 1,0.0
171,referencegame,agent_core_tools_gpt4omini,number_grids,episode_00006,Aborted at Player 2,0.0
172,referencegame,agent_core_tools_gpt4omini,number_grids,episode_00006,Request Count,2.0
173,referencegame,agent_core_tools_gpt4omini,number_grids,episode_00006,Parsed Request Count,2.0
174,referencegame,agent_core_tools_gpt4omini,number_grids,episode_00006,Violated Request Count,0.0
175,referencegame,agent_core_tools_gpt4omini,number_grids,episode_00006,Aborted,0.0
176,referencegame,agent_core_tools_gpt4omini,number_grids,episode_00006,Success,1.0
177,referencegame,agent_core_tools_gpt4omini,number_grids,episode_00006,Lose,0.0
178,referencegame,agent_core_tools_gpt4omini,number_grids,episode_00006,Main Score,100.0
179,referencegame,agent_core_tools_gpt4omini,number_grids,episode_00006,Request Success Ratio,1.0
180,referencegame,agent_core_tools_gpt4omini,number_grids,episode_00007,Generated Expression Length,206.0
181,referencegame,agent_core_tools_gpt4omini,number_grids,episode_00007,Generated Expression Number of Tokens,38.0
182,referencegame,agent_core_tools_gpt4omini,number_grids,episode_00007,Aborted at Player 1,0.0
183,referencegame,agent_core_tools_gpt4omini,number_grids,episode_00007,Aborted at Player 2,0.0
184,referencegame,agent_core_tools_gpt4omini,number_grids,episode_00007,Request Count,2.0
185,referencegame,agent_core_tools_gpt4omini,number_grids,episode_00007,Parsed Request Count,2.0
186,referencegame,agent_core_tools_gpt4omini,number_grids,episode_00007,Violated Request Count,0.0
187,referencegame,agent_core_tools_gpt4omini,number_grids,episode_00007,Aborted,0.0
188,referencegame,agent_core_tools_gpt4omini,number_grids,episode_00007,Success,0.0
189,referencegame,agent_core_tools_gpt4omini,number_grids,episode_00007,Lose,1.0
190,referencegame,agent_core_tools_gpt4omini,number_grids,episode_00007,Main Score,0.0
191,referencegame,agent_core_tools_gpt4omini,number_grids,episode_00007,Request Success Ratio,1.0
192,referencegame,agent_core_tools_gpt4omini,number_grids,episode_00008,Generated Expression Length,312.0
193,referencegame,agent_core_tools_gpt4omini,number_grids,episode_00008,Generated Expression Number of Tokens,59.0
194,referencegame,agent_core_tools_gpt4omini,number_grids,episode_00008,Aborted at Player 1,0.0
195,referencegame,agent_core_tools_gpt4omini,number_grids,episode_00008,Aborted at Player 2,0.0
196,referencegame,agent_core_tools_gpt4omini,number_grids,episode_00008,Request Count,2.0
197,referencegame,agent_core_tools_gpt4omini,number_grids,episode_00008,Parsed Request Count,2.0
198,referencegame,agent_core_tools_gpt4omini,number_grids,episode_00008,Violated Request Count,0.0
199,referencegame,agent_core_tools_gpt4omini,number_grids,episode_00008,Aborted,0.0
200,referencegame,agent_core_tools_gpt4omini,number_grids,episode_00008,Success,0.0
201,referencegame,agent_core_tools_gpt4omini,number_grids,episode_00008,Lose,1.0
202,referencegame,agent_core_tools_gpt4omini,number_grids,episode_00008,Main Score,0.0
203,referencegame,agent_core_tools_gpt4omini,number_grids,episode_00008,Request Success Ratio,1.0
204,referencegame,agent_core_tools_gpt4omini,number_grids,episode_00009,Generated Expression Length,79.0
205,referencegame,agent_core_tools_gpt4omini,number_grids,episode_00009,Generated Expression Number of Tokens,14.0
206,referencegame,agent_core_tools_gpt4omini,number_grids,episode_00009,Aborted at Player 1,0.0
207,referencegame,agent_core_tools_gpt4omini,number_grids,episode_00009,Aborted at Player 2,0.0
208,referencegame,agent_core_tools_gpt4omini,number_grids,episode_00009,Request Count,2.0
209,referencegame,agent_core_tools_gpt4omini,number_grids,episode_00009,Parsed Request Count,2.0
210,referencegame,agent_core_tools_gpt4omini,number_grids,episode_00009,Violated Request Count,0.0
211,referencegame,agent_core_tools_gpt4omini,number_grids,episode_00009,Aborted,0.0
212,referencegame,agent_core_tools_gpt4omini,number_grids,episode_00009,Success,0.0
213,referencegame,agent_core_tools_gpt4omini,number_grids,episode_00009,Lose,1.0
214,referencegame,agent_core_tools_gpt4omini,number_grids,episode_00009,Main Score,0.0
215,referencegame,agent_core_tools_gpt4omini,number_grids,episode_00009,Request Success Ratio,1.0
216,referencegame,agent_core_tools_gpt4omini,number_grids,episode_00010,Generated Expression Length,149.0
217,referencegame,agent_core_tools_gpt4omini,number_grids,episode_00010,Generated Expression Number of Tokens,28.0
218,referencegame,agent_core_tools_gpt4omini,number_grids,episode_00010,Aborted at Player 1,0.0
219,referencegame,agent_core_tools_gpt4omini,number_grids,episode_00010,Aborted at Player 2,0.0
220,referencegame,agent_core_tools_gpt4omini,number_grids,episode_00010,Request Count,2.0
221,referencegame,agent_core_tools_gpt4omini,number_grids,episode_00010,Parsed Request Count,2.0
222,referencegame,agent_core_tools_gpt4omini,number_grids,episode_00010,Violated Request Count,0.0
223,referencegame,agent_core_tools_gpt4omini,number_grids,episode_00010,Aborted,0.0
224,referencegame,agent_core_tools_gpt4omini,number_grids,episode_00010,Success,1.0
225,referencegame,agent_core_tools_gpt4omini,number_grids,episode_00010,Lose,0.0
226,referencegame,agent_core_tools_gpt4omini,number_grids,episode_00010,Main Score,100.0
227,referencegame,agent_core_tools_gpt4omini,number_grids,episode_00010,Request Success Ratio,1.0
228,referencegame,agent_core_tools_gpt4omini,random_grids,episode_00021,Generated Expression Length,183.0
229,referencegame,agent_core_tools_gpt4omini,random_grids,episode_00021,Generated Expression Number of Tokens,33.0
230,referencegame,agent_core_tools_gpt4omini,random_grids,episode_00021,Aborted at Player 1,0.0
231,referencegame,agent_core_tools_gpt4omini,random_grids,episode_00021,Aborted at Player 2,0.0
232,referencegame,agent_core_tools_gpt4omini,random_grids,episode_00021,Request Count,2.0
233,referencegame,agent_core_tools_gpt4omini,random_grids,episode_00021,Parsed Request Count,2.0
234,referencegame,agent_core_tools_gpt4omini,random_grids,episode_00021,Violated Request Count,0.0
235,referencegame,agent_core_tools_gpt4omini,random_grids,episode_00021,Aborted,0.0
236,referencegame,agent_core_tools_gpt4omini,random_grids,episode_00021,Success,1.0
237,referencegame,agent_core_tools_gpt4omini,random_grids,episode_00021,Lose,0.0
238,referencegame,agent_core_tools_gpt4omini,random_grids,episode_00021,Main Score,100.0
239,referencegame,agent_core_tools_gpt4omini,random_grids,episode_00021,Request Success Ratio,1.0
240,referencegame,agent_core_tools_gpt4omini,random_grids,episode_00022,Generated Expression Length,198.0
241,referencegame,agent_core_tools_gpt4omini,random_grids,episode_00022,Generated Expression Number of Tokens,32.0
242,referencegame,agent_core_tools_gpt4omini,random_grids,episode_00022,Aborted at Player 1,0.0
243,referencegame,agent_core_tools_gpt4omini,random_grids,episode_00022,Aborted at Player 2,0.0
244,referencegame,agent_core_tools_gpt4omini,random_grids,episode_00022,Request Count,2.0
245,referencegame,agent_core_tools_gpt4omini,random_grids,episode_00022,Parsed Request Count,2.0
246,referencegame,agent_core_tools_gpt4omini,random_grids,episode_00022,Violated Request Count,0.0
247,referencegame,agent_core_tools_gpt4omini,random_grids,episode_00022,Aborted,0.0
248,referencegame,agent_core_tools_gpt4omini,random_grids,episode_00022,Success,0.0
249,referencegame,agent_core_tools_gpt4omini,random_grids,episode_00022,Lose,1.0
250,referencegame,agent_core_tools_gpt4omini,random_grids,episode_00022,Main Score,0.0
251,referencegame,agent_core_tools_gpt4omini,random_grids,episode_00022,Request Success Ratio,1.0
252,referencegame,agent_core_tools_gpt4omini,random_grids,episode_00023,Generated Expression Length,335.0
253,referencegame,agent_core_tools_gpt4omini,random_grids,episode_00023,Generated Expression Number of Tokens,64.0
254,referencegame,agent_core_tools_gpt4omini,random_grids,episode_00023,Aborted at Player 1,0.0
255,referencegame,agent_core_tools_gpt4omini,random_grids,episode_00023,Aborted at Player 2,0.0
256,referencegame,agent_core_tools_gpt4omini,random_grids,episode_00023,Request Count,2.0
257,referencegame,agent_core_tools_gpt4omini,random_grids,episode_00023,Parsed Request Count,2.0
258,referencegame,agent_core_tools_gpt4omini,random_grids,episode_00023,Violated Request Count,0.0
259,referencegame,agent_core_tools_gpt4omini,random_grids,episode_00023,Aborted,0.0
260,referencegame,agent_core_tools_gpt4omini,random_grids,episode_00023,Success,0.0
261,referencegame,agent_core_tools_gpt4omini,random_grids,episode_00023,Lose,1.0
262,referencegame,agent_core_tools_gpt4omini,random_grids,episode_00023,Main Score,0.0
263,referencegame,agent_core_tools_gpt4omini,random_grids,episode_00023,Request Success Ratio,1.0
264,referencegame,agent_core_tools_gpt4omini,random_grids,episode_00024,Generated Expression Length,239.0
265,referencegame,agent_core_tools_gpt4omini,random_grids,episode_00024,Generated Expression Number of Tokens,43.0
266,referencegame,agent_core_tools_gpt4omini,random_grids,episode_00024,Aborted at Player 1,0.0
267,referencegame,agent_core_tools_gpt4omini,random_grids,episode_00024,Aborted at Player 2,0.0
268,referencegame,agent_core_tools_gpt4omini,random_grids,episode_00024,Request Count,2.0
269,referencegame,agent_core_tools_gpt4omini,random_grids,episode_00024,Parsed Request Count,2.0
270,referencegame,agent_core_tools_gpt4omini,random_grids,episode_00024,Violated Request Count,0.0
271,referencegame,agent_core_tools_gpt4omini,random_grids,episode_00024,Aborted,0.0
272,referencegame,agent_core_tools_gpt4omini,random_grids,episode_00024,Success,1.0
273,referencegame,agent_core_tools_gpt4omini,random_grids,episode_00024,Lose,0.0
274,referencegame,agent_core_tools_gpt4omini,random_grids,episode_00024,Main Score,100.0
275,referencegame,agent_core_tools_gpt4omini,random_grids,episode_00024,Request Success Ratio,1.0
276,referencegame,agent_core_tools_gpt4omini,random_grids,episode_00025,Generated Expression Length,346.0
277,referencegame,agent_core_tools_gpt4omini,random_grids,episode_00025,Generated Expression Number of Tokens,64.0
278,referencegame,agent_core_tools_gpt4omini,random_grids,episode_00025,Aborted at Player 1,0.0
279,referencegame,agent_core_tools_gpt4omini,random_grids,episode_00025,Aborted at Player 2,0.0
280,referencegame,agent_core_tools_gpt4omini,random_grids,episode_00025,Request Count,2.0
281,referencegame,agent_core_tools_gpt4omini,random_grids,episode_00025,Parsed Request Count,2.0
282,referencegame,agent_core_tools_gpt4omini,random_grids,episode_00025,Violated Request Count,0.0
283,referencegame,agent_core_tools_gpt4omini,random_grids,episode_00025,Aborted,0.0
284,referencegame,agent_core_tools_gpt4omini,random_grids,episode_00025,Success,0.0
285,referencegame,agent_core_tools_gpt4omini,random_grids,episode_00025,Lose,1.0
286,referencegame,agent_core_tools_gpt4omini,random_grids,episode_00025,Main Score,0.0
287,referencegame,agent_core_tools_gpt4omini,random_grids,episode_00025,Request Success Ratio,1.0
288,taboo,agent_core_tools_gpt4omini,high_en,episode_00002,Violated Request Count,0.0
289,taboo,agent_core_tools_gpt4omini,high_en,episode_00002,Parsed Request Count,3.0
290,taboo,agent_core_tools_gpt4omini,high_en,episode_00002,Request Count,3.0
291,taboo,agent_core_tools_gpt4omini,high_en,episode_00002,Request Success Ratio,1.0
292,taboo,agent_core_tools_gpt4omini,high_en,episode_00002,Aborted,0.0
293,taboo,agent_core_tools_gpt4omini,high_en,episode_00002,Success,0.0
294,taboo,agent_core_tools_gpt4omini,high_en,episode_00002,Lose,1.0
295,taboo,agent_core_tools_gpt4omini,high_en,episode_00002,Main Score,0.0
296,taboo,agent_core_tools_gpt4omini,high_en,episode_00002,Repetition-Guesser,0.0
297,taboo,agent_core_tools_gpt4omini,high_en,episode_00002,Repetition-Describer,0.0
298,taboo,agent_core_tools_gpt4omini,high_en,episode_00003,Violated Request Count,0.0
299,taboo,agent_core_tools_gpt4omini,high_en,episode_00003,Parsed Request Count,2.0
300,taboo,agent_core_tools_gpt4omini,high_en,episode_00003,Request Count,2.0
301,taboo,agent_core_tools_gpt4omini,high_en,episode_00003,Request Success Ratio,1.0
302,taboo,agent_core_tools_gpt4omini,high_en,episode_00003,Aborted,0.0
303,taboo,agent_core_tools_gpt4omini,high_en,episode_00003,Success,1.0
304,taboo,agent_core_tools_gpt4omini,high_en,episode_00003,Lose,0.0
305,taboo,agent_core_tools_gpt4omini,high_en,episode_00003,Main Score,50.0
306,taboo,agent_core_tools_gpt4omini,high_en,episode_00003,Repetition-Guesser,0.0
307,taboo,agent_core_tools_gpt4omini,high_en,episode_00003,Repetition-Describer,0.0
308,taboo,agent_core_tools_gpt4omini,high_en,episode_00004,Violated Request Count,0.0
309,taboo,agent_core_tools_gpt4omini,high_en,episode_00004,Parsed Request Count,3.0
310,taboo,agent_core_tools_gpt4omini,high_en,episode_00004,Request Count,3.0
311,taboo,agent_core_tools_gpt4omini,high_en,episode_00004,Request Success Ratio,1.0
312,taboo,agent_core_tools_gpt4omini,high_en,episode_00004,Aborted,0.0
313,taboo,agent_core_tools_gpt4omini,high_en,episode_00004,Success,1.0
314,taboo,agent_core_tools_gpt4omini,high_en,episode_00004,Lose,0.0
315,taboo,agent_core_tools_gpt4omini,high_en,episode_00004,Main Score,33.333333333333336
316,taboo,agent_core_tools_gpt4omini,high_en,episode_00004,Repetition-Guesser,0.0
317,taboo,agent_core_tools_gpt4omini,high_en,episode_00004,Repetition-Describer,0.0
318,taboo,agent_core_tools_gpt4omini,high_en,episode_00005,Violated Request Count,0.0
319,taboo,agent_core_tools_gpt4omini,high_en,episode_00005,Parsed Request Count,3.0
320,taboo,agent_core_tools_gpt4omini,high_en,episode_00005,Request Count,3.0
321,taboo,agent_core_tools_gpt4omini,high_en,episode_00005,Request Success Ratio,1.0
322,taboo,agent_core_tools_gpt4omini,high_en,episode_00005,Aborted,0.0
323,taboo,agent_core_tools_gpt4omini,high_en,episode_00005,Success,0.0
324,taboo,agent_core_tools_gpt4omini,high_en,episode_00005,Lose,1.0
325,taboo,agent_core_tools_gpt4omini,high_en,episode_00005,Main Score,0.0
326,taboo,agent_core_tools_gpt4omini,high_en,episode_00005,Repetition-Guesser,0.0
327,taboo,agent_core_tools_gpt4omini,high_en,episode_00005,Repetition-Describer,0.0
328,taboo,agent_core_tools_gpt4omini,low_en,episode_00011,Violated Request Count,0.0
329,taboo,agent_core_tools_gpt4omini,low_en,episode_00011,Parsed Request Count,1.0
330,taboo,agent_core_tools_gpt4omini,low_en,episode_00011,Request Count,1.0
331,taboo,agent_core_tools_gpt4omini,low_en,episode_00011,Request Success Ratio,1.0
332,taboo,agent_core_tools_gpt4omini,low_en,episode_00011,Aborted,0.0
333,taboo,agent_core_tools_gpt4omini,low_en,episode_00011,Success,1.0
334,taboo,agent_core_tools_gpt4omini,low_en,episode_00011,Lose,0.0
335,taboo,agent_core_tools_gpt4omini,low_en,episode_00011,Main Score,100.0
336,taboo,agent_core_tools_gpt4omini,low_en,episode_00011,Repetition-Guesser,0.0
337,taboo,agent_core_tools_gpt4omini,low_en,episode_00011,Repetition-Describer,0.0
338,taboo,agent_core_tools_gpt4omini,low_en,episode_00012,Violated Request Count,0.0
339,taboo,agent_core_tools_gpt4omini,low_en,episode_00012,Parsed Request Count,3.0
340,taboo,agent_core_tools_gpt4omini,low_en,episode_00012,Request Count,3.0
341,taboo,agent_core_tools_gpt4omini,low_en,episode_00012,Request Success Ratio,1.0
342,taboo,agent_core_tools_gpt4omini,low_en,episode_00012,Aborted,0.0
343,taboo,agent_core_tools_gpt4omini,low_en,episode_00012,Success,0.0
344,taboo,agent_core_tools_gpt4omini,low_en,episode_00012,Lose,1.0
345,taboo,agent_core_tools_gpt4omini,low_en,episode_00012,Main Score,0.0
346,taboo,agent_core_tools_gpt4omini,low_en,episode_00012,Repetition-Guesser,0.0
347,taboo,agent_core_tools_gpt4omini,low_en,episode_00012,Repetition-Describer,0.0
348,taboo,agent_core_tools_gpt4omini,low_en,episode_00013,Violated Request Count,0.0
349,taboo,agent_core_tools_gpt4omini,low_en,episode_00013,Parsed Request Count,3.0
350,taboo,agent_core_tools_gpt4omini,low_en,episode_00013,Request Count,3.0
351,taboo,agent_core_tools_gpt4omini,low_en,episode_00013,Request Success Ratio,1.0
352,taboo,agent_core_tools_gpt4omini,low_en,episode_00013,Aborted,0.0
353,taboo,agent_core_tools_gpt4omini,low_en,episode_00013,Success,0.0
354,taboo,agent_core_tools_gpt4omini,low_en,episode_00013,Lose,1.0
355,taboo,agent_core_tools_gpt4omini,low_en,episode_00013,Main Score,0.0
356,taboo,agent_core_tools_gpt4omini,low_en,episode_00013,Repetition-Guesser,0.0
357,taboo,agent_core_tools_gpt4omini,low_en,episode_00013,Repetition-Describer,0.0
358,taboo,agent_core_tools_gpt4omini,low_en,episode_00014,Violated Request Count,0.0
359,taboo,agent_core_tools_gpt4omini,low_en,episode_00014,Parsed Request Count,3.0
360,taboo,agent_core_tools_gpt4omini,low_en,episode_00014,Request Count,3.0
361,taboo,agent_core_tools_gpt4omini,low_en,episode_00014,Request Success Ratio,1.0
362,taboo,agent_core_tools_gpt4omini,low_en,episode_00014,Aborted,0.0
363,taboo,agent_core_tools_gpt4omini,low_en,episode_00014,Success,0.0
364,taboo,agent_core_tools_gpt4omini,low_en,episode_00014,Lose,1.0
365,taboo,agent_core_tools_gpt4omini,low_en,episode_00014,Main Score,0.0
366,taboo,agent_core_tools_gpt4omini,low_en,episode_00014,Repetition-Guesser,0.0
367,taboo,agent_core_tools_gpt4omini,low_en,episode_00014,Repetition-Describer,0.0
368,taboo,agent_core_tools_gpt4omini,low_en,episode_00015,Violated Request Count,0.0
369,taboo,agent_core_tools_gpt4omini,low_en,episode_00015,Parsed Request Count,1.0
370,taboo,agent_core_tools_gpt4omini,low_en,episode_00015,Request Count,1.0
371,taboo,agent_core_tools_gpt4omini,low_en,episode_00015,Request Success Ratio,1.0
372,taboo,agent_core_tools_gpt4omini,low_en,episode_00015,Aborted,0.0
373,taboo,agent_core_tools_gpt4omini,low_en,episode_00015,Success,1.0
374,taboo,agent_core_tools_gpt4omini,low_en,episode_00015,Lose,0.0
375,taboo,agent_core_tools_gpt4omini,low_en,episode_00015,Main Score,100.0
376,taboo,agent_core_tools_gpt4omini,low_en,episode_00015,Repetition-Guesser,0.0
377,taboo,agent_core_tools_gpt4omini,low_en,episode_00015,Repetition-Describer,0.0
378,taboo,agent_core_tools_gpt4omini,medium_en,episode_00006,Violated Request Count,1.0
379,taboo,agent_core_tools_gpt4omini,medium_en,episode_00006,Parsed Request Count,1.0
380,taboo,agent_core_tools_gpt4omini,medium_en,episode_00006,Request Count,2.0
381,taboo,agent_core_tools_gpt4omini,medium_en,episode_00006,Request Success Ratio,0.5
382,taboo,agent_core_tools_gpt4omini,medium_en,episode_00006,Aborted,1.0
383,taboo,agent_core_tools_gpt4omini,medium_en,episode_00006,Success,0.0
384,taboo,agent_core_tools_gpt4omini,medium_en,episode_00006,Lose,0.0
385,taboo,agent_core_tools_gpt4omini,medium_en,episode_00006,Main Score,
386,taboo,agent_core_tools_gpt4omini,medium_en,episode_00006,Repetition-Guesser,0.0
387,taboo,agent_core_tools_gpt4omini,medium_en,episode_00006,Repetition-Describer,0.0
388,taboo,agent_core_tools_gpt4omini,medium_en,episode_00007,Violated Request Count,0.0
389,taboo,agent_core_tools_gpt4omini,medium_en,episode_00007,Parsed Request Count,1.0
390,taboo,agent_core_tools_gpt4omini,medium_en,episode_00007,Request Count,1.0
391,taboo,agent_core_tools_gpt4omini,medium_en,episode_00007,Request Success Ratio,1.0
392,taboo,agent_core_tools_gpt4omini,medium_en,episode_00007,Aborted,0.0
393,taboo,agent_core_tools_gpt4omini,medium_en,episode_00007,Success,1.0
394,taboo,agent_core_tools_gpt4omini,medium_en,episode_00007,Lose,0.0
395,taboo,agent_core_tools_gpt4omini,medium_en,episode_00007,Main Score,100.0
396,taboo,agent_core_tools_gpt4omini,medium_en,episode_00007,Repetition-Guesser,0.0
397,taboo,agent_core_tools_gpt4omini,medium_en,episode_00007,Repetition-Describer,0.0
398,taboo,agent_core_tools_gpt4omini,medium_en,episode_00008,Violated Request Count,0.0
399,taboo,agent_core_tools_gpt4omini,medium_en,episode_00008,Parsed Request Count,1.0
400,taboo,agent_core_tools_gpt4omini,medium_en,episode_00008,Request Count,1.0
401,taboo,agent_core_tools_gpt4omini,medium_en,episode_00008,Request Success Ratio,1.0
402,taboo,agent_core_tools_gpt4omini,medium_en,episode_00008,Aborted,0.0
403,taboo,agent_core_tools_gpt4omini,medium_en,episode_00008,Success,1.0
404,taboo,agent_core_tools_gpt4omini,medium_en,episode_00008,Lose,0.0
405,taboo,agent_core_tools_gpt4omini,medium_en,episode_00008,Main Score,100.0
406,taboo,agent_core_tools_gpt4omini,medium_en,episode_00008,Repetition-Guesser,0.0
407,taboo,agent_core_tools_gpt4omini,medium_en,episode_00008,Repetition-Describer,0.0
408,taboo,agent_core_tools_gpt4omini,medium_en,episode_00009,Violated Request Count,0.0
409,taboo,agent_core_tools_gpt4omini,medium_en,episode_00009,Parsed Request Count,3.0
410,taboo,agent_core_tools_gpt4omini,medium_en,episode_00009,Request Count,3.0
411,taboo,agent_core_tools_gpt4omini,medium_en,episode_00009,Request Success Ratio,1.0
412,taboo,agent_core_tools_gpt4omini,medium_en,episode_00009,Aborted,0.0
413,taboo,agent_core_tools_gpt4omini,medium_en,episode_00009,Success,0.0
414,taboo,agent_core_tools_gpt4omini,medium_en,episode_00009,Lose,1.0
415,taboo,agent_core_tools_gpt4omini,medium_en,episode_00009,Main Score,0.0
416,taboo,agent_core_tools_gpt4omini,medium_en,episode_00009,Repetition-Guesser,0.0
417,taboo,agent_core_tools_gpt4omini,medium_en,episode_00009,Repetition-Describer,0.0
418,taboo,agent_core_tools_gpt4omini,medium_en,episode_00010,Violated Request Count,0.0
419,taboo,agent_core_tools_gpt4omini,medium_en,episode_00010,Parsed Request Count,1.0
420,taboo,agent_core_tools_gpt4omini,medium_en,episode_00010,Request Count,1.0
421,taboo,agent_core_tools_gpt4omini,medium_en,episode_00010,Request Success Ratio,1.0
422,taboo,agent_core_tools_gpt4omini,medium_en,episode_00010,Aborted,0.0
423,taboo,agent_core_tools_gpt4omini,medium_en,episode_00010,Success,0.0
424,taboo,agent_core_tools_gpt4omini,medium_en,episode_00010,Lose,1.0
425,taboo,agent_core_tools_gpt4omini,medium_en,episode_00010,Main Score,0.0
426,taboo,agent_core_tools_gpt4omini,medium_en,episode_00010,Repetition-Guesser,0.0
427,taboo,agent_core_tools_gpt4omini,medium_en,episode_00010,Repetition-Describer,0.0
428,textmapworld,agent_core_tools_gpt4omini,large,episode_00021,Success,0.0
429,textmapworld,agent_core_tools_gpt4omini,large,episode_00021,Aborted,0.0
430,textmapworld,agent_core_tools_gpt4omini,large,episode_00021,Lose,1.0
431,textmapworld,agent_core_tools_gpt4omini,large,episode_00021,moves,2.0
432,textmapworld,agent_core_tools_gpt4omini,large,episode_00021,valid_moves,2.0
433,textmapworld,agent_core_tools_gpt4omini,large,episode_00021,invalid_moves,0.0
434,textmapworld,agent_core_tools_gpt4omini,large,episode_00021,stopped,1.0
435,textmapworld,agent_core_tools_gpt4omini,large,episode_00021,turns_limit,0.0
436,textmapworld,agent_core_tools_gpt4omini,large,episode_00021,loops,0.0
437,textmapworld,agent_core_tools_gpt4omini,large,episode_00021,number_visited,1.0
438,textmapworld,agent_core_tools_gpt4omini,large,episode_00021,seen,2.0
439,textmapworld,agent_core_tools_gpt4omini,large,episode_00021,efficiency,0.0
440,textmapworld,agent_core_tools_gpt4omini,large,episode_00021,exploration,12.5
441,textmapworld,agent_core_tools_gpt4omini,large,episode_00021,Main Score,0.0
442,textmapworld,agent_core_tools_gpt4omini,large,episode_00022,Success,0.0
443,textmapworld,agent_core_tools_gpt4omini,large,episode_00022,Aborted,0.0
444,textmapworld,agent_core_tools_gpt4omini,large,episode_00022,Lose,1.0
445,textmapworld,agent_core_tools_gpt4omini,large,episode_00022,moves,2.0
446,textmapworld,agent_core_tools_gpt4omini,large,episode_00022,valid_moves,2.0
447,textmapworld,agent_core_tools_gpt4omini,large,episode_00022,invalid_moves,0.0
448,textmapworld,agent_core_tools_gpt4omini,large,episode_00022,stopped,1.0
449,textmapworld,agent_core_tools_gpt4omini,large,episode_00022,turns_limit,0.0
450,textmapworld,agent_core_tools_gpt4omini,large,episode_00022,loops,0.0
451,textmapworld,agent_core_tools_gpt4omini,large,episode_00022,number_visited,1.0
452,textmapworld,agent_core_tools_gpt4omini,large,episode_00022,seen,2.0
453,textmapworld,agent_core_tools_gpt4omini,large,episode_00022,efficiency,0.0
454,textmapworld,agent_core_tools_gpt4omini,large,episode_00022,exploration,12.5
455,textmapworld,agent_core_tools_gpt4omini,large,episode_00022,Main Score,0.0
456,textmapworld,agent_core_tools_gpt4omini,large,episode_00023,Success,0.0
457,textmapworld,agent_core_tools_gpt4omini,large,episode_00023,Aborted,0.0
458,textmapworld,agent_core_tools_gpt4omini,large,episode_00023,Lose,1.0
459,textmapworld,agent_core_tools_gpt4omini,large,episode_00023,moves,2.0
460,textmapworld,agent_core_tools_gpt4omini,large,episode_00023,valid_moves,2.0
461,textmapworld,agent_core_tools_gpt4omini,large,episode_00023,invalid_moves,0.0
462,textmapworld,agent_core_tools_gpt4omini,large,episode_00023,stopped,1.0
463,textmapworld,agent_core_tools_gpt4omini,large,episode_00023,turns_limit,0.0
464,textmapworld,agent_core_tools_gpt4omini,large,episode_00023,loops,0.0
465,textmapworld,agent_core_tools_gpt4omini,large,episode_00023,number_visited,1.0
466,textmapworld,agent_core_tools_gpt4omini,large,episode_00023,seen,2.0
467,textmapworld,agent_core_tools_gpt4omini,large,episode_00023,efficiency,0.0
468,textmapworld,agent_core_tools_gpt4omini,large,episode_00023,exploration,12.5
469,textmapworld,agent_core_tools_gpt4omini,large,episode_00023,Main Score,0.0
470,textmapworld,agent_core_tools_gpt4omini,large,episode_00024,Success,0.0
471,textmapworld,agent_core_tools_gpt4omini,large,episode_00024,Aborted,0.0
472,textmapworld,agent_core_tools_gpt4omini,large,episode_00024,Lose,1.0
473,textmapworld,agent_core_tools_gpt4omini,large,episode_00024,moves,3.0
474,textmapworld,agent_core_tools_gpt4omini,large,episode_00024,valid_moves,3.0
475,textmapworld,agent_core_tools_gpt4omini,large,episode_00024,invalid_moves,0.0
476,textmapworld,agent_core_tools_gpt4omini,large,episode_00024,stopped,1.0
477,textmapworld,agent_core_tools_gpt4omini,large,episode_00024,turns_limit,0.0
478,textmapworld,agent_core_tools_gpt4omini,large,episode_00024,loops,1.0
479,textmapworld,agent_core_tools_gpt4omini,large,episode_00024,number_visited,1.0
480,textmapworld,agent_core_tools_gpt4omini,large,episode_00024,seen,2.0
481,textmapworld,agent_core_tools_gpt4omini,large,episode_00024,efficiency,0.0
482,textmapworld,agent_core_tools_gpt4omini,large,episode_00024,exploration,12.5
483,textmapworld,agent_core_tools_gpt4omini,large,episode_00024,Main Score,0.0
484,textmapworld,agent_core_tools_gpt4omini,large,episode_00025,Success,0.0
485,textmapworld,agent_core_tools_gpt4omini,large,episode_00025,Aborted,0.0
486,textmapworld,agent_core_tools_gpt4omini,large,episode_00025,Lose,1.0
487,textmapworld,agent_core_tools_gpt4omini,large,episode_00025,moves,2.0
488,textmapworld,agent_core_tools_gpt4omini,large,episode_00025,valid_moves,2.0
489,textmapworld,agent_core_tools_gpt4omini,large,episode_00025,invalid_moves,0.0
490,textmapworld,agent_core_tools_gpt4omini,large,episode_00025,stopped,1.0
491,textmapworld,agent_core_tools_gpt4omini,large,episode_00025,turns_limit,0.0
492,textmapworld,agent_core_tools_gpt4omini,large,episode_00025,loops,0.0
493,textmapworld,agent_core_tools_gpt4omini,large,episode_00025,number_visited,1.0
494,textmapworld,agent_core_tools_gpt4omini,large,episode_00025,seen,2.0
495,textmapworld,agent_core_tools_gpt4omini,large,episode_00025,efficiency,0.0
496,textmapworld,agent_core_tools_gpt4omini,large,episode_00025,exploration,12.5
497,textmapworld,agent_core_tools_gpt4omini,large,episode_00025,Main Score,0.0
498,textmapworld,agent_core_tools_gpt4omini,large,episode_00026,Success,0.0
499,textmapworld,agent_core_tools_gpt4omini,large,episode_00026,Aborted,0.0
500,textmapworld,agent_core_tools_gpt4omini,large,episode_00026,Lose,1.0
501,textmapworld,agent_core_tools_gpt4omini,large,episode_00026,moves,2.0
502,textmapworld,agent_core_tools_gpt4omini,large,episode_00026,valid_moves,2.0
503,textmapworld,agent_core_tools_gpt4omini,large,episode_00026,invalid_moves,0.0
504,textmapworld,agent_core_tools_gpt4omini,large,episode_00026,stopped,1.0
505,textmapworld,agent_core_tools_gpt4omini,large,episode_00026,turns_limit,0.0
506,textmapworld,agent_core_tools_gpt4omini,large,episode_00026,loops,0.0
507,textmapworld,agent_core_tools_gpt4omini,large,episode_00026,number_visited,1.0
508,textmapworld,agent_core_tools_gpt4omini,large,episode_00026,seen,3.0
509,textmapworld,agent_core_tools_gpt4omini,large,episode_00026,efficiency,0.0
510,textmapworld,agent_core_tools_gpt4omini,large,episode_00026,exploration,12.5
511,textmapworld,agent_core_tools_gpt4omini,large,episode_00026,Main Score,0.0
512,textmapworld,agent_core_tools_gpt4omini,large,episode_00027,Success,0.0
513,textmapworld,agent_core_tools_gpt4omini,large,episode_00027,Aborted,0.0
514,textmapworld,agent_core_tools_gpt4omini,large,episode_00027,Lose,1.0
515,textmapworld,agent_core_tools_gpt4omini,large,episode_00027,moves,3.0
516,textmapworld,agent_core_tools_gpt4omini,large,episode_00027,valid_moves,3.0
517,textmapworld,agent_core_tools_gpt4omini,large,episode_00027,invalid_moves,0.0
518,textmapworld,agent_core_tools_gpt4omini,large,episode_00027,stopped,1.0
519,textmapworld,agent_core_tools_gpt4omini,large,episode_00027,turns_limit,0.0
520,textmapworld,agent_core_tools_gpt4omini,large,episode_00027,loops,1.0
521,textmapworld,agent_core_tools_gpt4omini,large,episode_00027,number_visited,1.0
522,textmapworld,agent_core_tools_gpt4omini,large,episode_00027,seen,2.0
523,textmapworld,agent_core_tools_gpt4omini,large,episode_00027,efficiency,0.0
524,textmapworld,agent_core_tools_gpt4omini,large,episode_00027,exploration,12.5
525,textmapworld,agent_core_tools_gpt4omini,large,episode_00027,Main Score,0.0
526,textmapworld,agent_core_tools_gpt4omini,large,episode_00028,Success,0.0
527,textmapworld,agent_core_tools_gpt4omini,large,episode_00028,Aborted,0.0
528,textmapworld,agent_core_tools_gpt4omini,large,episode_00028,Lose,1.0
529,textmapworld,agent_core_tools_gpt4omini,large,episode_00028,moves,2.0
530,textmapworld,agent_core_tools_gpt4omini,large,episode_00028,valid_moves,2.0
531,textmapworld,agent_core_tools_gpt4omini,large,episode_00028,invalid_moves,0.0
532,textmapworld,agent_core_tools_gpt4omini,large,episode_00028,stopped,1.0
533,textmapworld,agent_core_tools_gpt4omini,large,episode_00028,turns_limit,0.0
534,textmapworld,agent_core_tools_gpt4omini,large,episode_00028,loops,0.0
535,textmapworld,agent_core_tools_gpt4omini,large,episode_00028,number_visited,1.0
536,textmapworld,agent_core_tools_gpt4omini,large,episode_00028,seen,3.0
537,textmapworld,agent_core_tools_gpt4omini,large,episode_00028,efficiency,0.0
538,textmapworld,agent_core_tools_gpt4omini,large,episode_00028,exploration,12.5
539,textmapworld,agent_core_tools_gpt4omini,large,episode_00028,Main Score,0.0
540,textmapworld,agent_core_tools_gpt4omini,large,episode_00029,Success,0.0
541,textmapworld,agent_core_tools_gpt4omini,large,episode_00029,Aborted,0.0
542,textmapworld,agent_core_tools_gpt4omini,large,episode_00029,Lose,1.0
543,textmapworld,agent_core_tools_gpt4omini,large,episode_00029,moves,3.0
544,textmapworld,agent_core_tools_gpt4omini,large,episode_00029,valid_moves,3.0
545,textmapworld,agent_core_tools_gpt4omini,large,episode_00029,invalid_moves,0.0
546,textmapworld,agent_core_tools_gpt4omini,large,episode_00029,stopped,1.0
547,textmapworld,agent_core_tools_gpt4omini,large,episode_00029,turns_limit,0.0
548,textmapworld,agent_core_tools_gpt4omini,large,episode_00029,loops,1.0
549,textmapworld,agent_core_tools_gpt4omini,large,episode_00029,number_visited,1.0
550,textmapworld,agent_core_tools_gpt4omini,large,episode_00029,seen,3.0
551,textmapworld,agent_core_tools_gpt4omini,large,episode_00029,efficiency,0.0
552,textmapworld,agent_core_tools_gpt4omini,large,episode_00029,exploration,12.5
553,textmapworld,agent_core_tools_gpt4omini,large,episode_00029,Main Score,0.0
554,textmapworld,agent_core_tools_gpt4omini,large,episode_00030,Success,0.0
555,textmapworld,agent_core_tools_gpt4omini,large,episode_00030,Aborted,0.0
556,textmapworld,agent_core_tools_gpt4omini,large,episode_00030,Lose,1.0
557,textmapworld,agent_core_tools_gpt4omini,large,episode_00030,moves,3.0
558,textmapworld,agent_core_tools_gpt4omini,large,episode_00030,valid_moves,3.0
559,textmapworld,agent_core_tools_gpt4omini,large,episode_00030,invalid_moves,0.0
560,textmapworld,agent_core_tools_gpt4omini,large,episode_00030,stopped,1.0
561,textmapworld,agent_core_tools_gpt4omini,large,episode_00030,turns_limit,0.0
562,textmapworld,agent_core_tools_gpt4omini,large,episode_00030,loops,1.0
563,textmapworld,agent_core_tools_gpt4omini,large,episode_00030,number_visited,1.0
564,textmapworld,agent_core_tools_gpt4omini,large,episode_00030,seen,2.0
565,textmapworld,agent_core_tools_gpt4omini,large,episode_00030,efficiency,0.0
566,textmapworld,agent_core_tools_gpt4omini,large,episode_00030,exploration,12.5
567,textmapworld,agent_core_tools_gpt4omini,large,episode_00030,Main Score,0.0
568,textmapworld,agent_core_tools_gpt4omini,large_cycle,episode_00041,Success,0.0
569,textmapworld,agent_core_tools_gpt4omini,large_cycle,episode_00041,Aborted,0.0
570,textmapworld,agent_core_tools_gpt4omini,large_cycle,episode_00041,Lose,1.0
571,textmapworld,agent_core_tools_gpt4omini,large_cycle,episode_00041,moves,2.0
572,textmapworld,agent_core_tools_gpt4omini,large_cycle,episode_00041,valid_moves,2.0
573,textmapworld,agent_core_tools_gpt4omini,large_cycle,episode_00041,invalid_moves,0.0
574,textmapworld,agent_core_tools_gpt4omini,large_cycle,episode_00041,stopped,1.0
575,textmapworld,agent_core_tools_gpt4omini,large_cycle,episode_00041,turns_limit,0.0
576,textmapworld,agent_core_tools_gpt4omini,large_cycle,episode_00041,loops,0.0
577,textmapworld,agent_core_tools_gpt4omini,large_cycle,episode_00041,number_visited,1.0
578,textmapworld,agent_core_tools_gpt4omini,large_cycle,episode_00041,seen,5.0
579,textmapworld,agent_core_tools_gpt4omini,large_cycle,episode_00041,efficiency,0.0
580,textmapworld,agent_core_tools_gpt4omini,large_cycle,episode_00041,exploration,12.5
581,textmapworld,agent_core_tools_gpt4omini,large_cycle,episode_00041,Main Score,0.0
582,textmapworld,agent_core_tools_gpt4omini,large_cycle,episode_00042,Success,0.0
583,textmapworld,agent_core_tools_gpt4omini,large_cycle,episode_00042,Aborted,0.0
584,textmapworld,agent_core_tools_gpt4omini,large_cycle,episode_00042,Lose,1.0
585,textmapworld,agent_core_tools_gpt4omini,large_cycle,episode_00042,moves,3.0
586,textmapworld,agent_core_tools_gpt4omini,large_cycle,episode_00042,valid_moves,3.0
587,textmapworld,agent_core_tools_gpt4omini,large_cycle,episode_00042,invalid_moves,0.0
588,textmapworld,agent_core_tools_gpt4omini,large_cycle,episode_00042,stopped,1.0
589,textmapworld,agent_core_tools_gpt4omini,large_cycle,episode_00042,turns_limit,0.0
590,textmapworld,agent_core_tools_gpt4omini,large_cycle,episode_00042,loops,1.0
591,textmapworld,agent_core_tools_gpt4omini,large_cycle,episode_00042,number_visited,1.0
592,textmapworld,agent_core_tools_gpt4omini,large_cycle,episode_00042,seen,3.0
593,textmapworld,agent_core_tools_gpt4omini,large_cycle,episode_00042,efficiency,0.0
594,textmapworld,agent_core_tools_gpt4omini,large_cycle,episode_00042,exploration,12.5
595,textmapworld,agent_core_tools_gpt4omini,large_cycle,episode_00042,Main Score,0.0
596,textmapworld,agent_core_tools_gpt4omini,large_cycle,episode_00043,Success,0.0
597,textmapworld,agent_core_tools_gpt4omini,large_cycle,episode_00043,Aborted,0.0
598,textmapworld,agent_core_tools_gpt4omini,large_cycle,episode_00043,Lose,1.0
599,textmapworld,agent_core_tools_gpt4omini,large_cycle,episode_00043,moves,3.0
600,textmapworld,agent_core_tools_gpt4omini,large_cycle,episode_00043,valid_moves,3.0
601,textmapworld,agent_core_tools_gpt4omini,large_cycle,episode_00043,invalid_moves,0.0
602,textmapworld,agent_core_tools_gpt4omini,large_cycle,episode_00043,stopped,1.0
603,textmapworld,agent_core_tools_gpt4omini,large_cycle,episode_00043,turns_limit,0.0
604,textmapworld,agent_core_tools_gpt4omini,large_cycle,episode_00043,loops,1.0
605,textmapworld,agent_core_tools_gpt4omini,large_cycle,episode_00043,number_visited,1.0
606,textmapworld,agent_core_tools_gpt4omini,large_cycle,episode_00043,seen,4.0
607,textmapworld,agent_core_tools_gpt4omini,large_cycle,episode_00043,efficiency,0.0
608,textmapworld,agent_core_tools_gpt4omini,large_cycle,episode_00043,exploration,12.5
609,textmapworld,agent_core_tools_gpt4omini,large_cycle,episode_00043,Main Score,0.0
610,textmapworld,agent_core_tools_gpt4omini,large_cycle,episode_00044,Success,0.0
611,textmapworld,agent_core_tools_gpt4omini,large_cycle,episode_00044,Aborted,0.0
612,textmapworld,agent_core_tools_gpt4omini,large_cycle,episode_00044,Lose,1.0
613,textmapworld,agent_core_tools_gpt4omini,large_cycle,episode_00044,moves,3.0
614,textmapworld,agent_core_tools_gpt4omini,large_cycle,episode_00044,valid_moves,3.0
615,textmapworld,agent_core_tools_gpt4omini,large_cycle,episode_00044,invalid_moves,0.0
616,textmapworld,agent_core_tools_gpt4omini,large_cycle,episode_00044,stopped,1.0
617,textmapworld,agent_core_tools_gpt4omini,large_cycle,episode_00044,turns_limit,0.0
618,textmapworld,agent_core_tools_gpt4omini,large_cycle,episode_00044,loops,1.0
619,textmapworld,agent_core_tools_gpt4omini,large_cycle,episode_00044,number_visited,1.0
620,textmapworld,agent_core_tools_gpt4omini,large_cycle,episode_00044,seen,2.0
621,textmapworld,agent_core_tools_gpt4omini,large_cycle,episode_00044,efficiency,0.0
622,textmapworld,agent_core_tools_gpt4omini,large_cycle,episode_00044,exploration,12.5
623,textmapworld,agent_core_tools_gpt4omini,large_cycle,episode_00044,Main Score,0.0
624,textmapworld,agent_core_tools_gpt4omini,large_cycle,episode_00045,Success,0.0
625,textmapworld,agent_core_tools_gpt4omini,large_cycle,episode_00045,Aborted,0.0
626,textmapworld,agent_core_tools_gpt4omini,large_cycle,episode_00045,Lose,1.0
627,textmapworld,agent_core_tools_gpt4omini,large_cycle,episode_00045,moves,3.0
628,textmapworld,agent_core_tools_gpt4omini,large_cycle,episode_00045,valid_moves,3.0
629,textmapworld,agent_core_tools_gpt4omini,large_cycle,episode_00045,invalid_moves,0.0
630,textmapworld,agent_core_tools_gpt4omini,large_cycle,episode_00045,stopped,1.0
631,textmapworld,agent_core_tools_gpt4omini,large_cycle,episode_00045,turns_limit,0.0
632,textmapworld,agent_core_tools_gpt4omini,large_cycle,episode_00045,loops,1.0
633,textmapworld,agent_core_tools_gpt4omini,large_cycle,episode_00045,number_visited,1.0
634,textmapworld,agent_core_tools_gpt4omini,large_cycle,episode_00045,seen,4.0
635,textmapworld,agent_core_tools_gpt4omini,large_cycle,episode_00045,efficiency,0.0
636,textmapworld,agent_core_tools_gpt4omini,large_cycle,episode_00045,exploration,12.5
637,textmapworld,agent_core_tools_gpt4omini,large_cycle,episode_00045,Main Score,0.0
638,textmapworld,agent_core_tools_gpt4omini,large_cycle,episode_00046,Success,0.0
639,textmapworld,agent_core_tools_gpt4omini,large_cycle,episode_00046,Aborted,0.0
640,textmapworld,agent_core_tools_gpt4omini,large_cycle,episode_00046,Lose,1.0
641,textmapworld,agent_core_tools_gpt4omini,large_cycle,episode_00046,moves,3.0
642,textmapworld,agent_core_tools_gpt4omini,large_cycle,episode_00046,valid_moves,3.0
643,textmapworld,agent_core_tools_gpt4omini,large_cycle,episode_00046,invalid_moves,0.0
644,textmapworld,agent_core_tools_gpt4omini,large_cycle,episode_00046,stopped,1.0
645,textmapworld,agent_core_tools_gpt4omini,large_cycle,episode_00046,turns_limit,0.0
646,textmapworld,agent_core_tools_gpt4omini,large_cycle,episode_00046,loops,1.0
647,textmapworld,agent_core_tools_gpt4omini,large_cycle,episode_00046,number_visited,1.0
648,textmapworld,agent_core_tools_gpt4omini,large_cycle,episode_00046,seen,4.0
649,textmapworld,agent_core_tools_gpt4omini,large_cycle,episode_00046,efficiency,0.0
650,textmapworld,agent_core_tools_gpt4omini,large_cycle,episode_00046,exploration,12.5
651,textmapworld,agent_core_tools_gpt4omini,large_cycle,episode_00046,Main Score,0.0
652,textmapworld,agent_core_tools_gpt4omini,large_cycle,episode_00047,Success,0.0
653,textmapworld,agent_core_tools_gpt4omini,large_cycle,episode_00047,Aborted,0.0
654,textmapworld,agent_core_tools_gpt4omini,large_cycle,episode_00047,Lose,1.0
655,textmapworld,agent_core_tools_gpt4omini,large_cycle,episode_00047,moves,3.0
656,textmapworld,agent_core_tools_gpt4omini,large_cycle,episode_00047,valid_moves,3.0
657,textmapworld,agent_core_tools_gpt4omini,large_cycle,episode_00047,invalid_moves,0.0
658,textmapworld,agent_core_tools_gpt4omini,large_cycle,episode_00047,stopped,1.0
659,textmapworld,agent_core_tools_gpt4omini,large_cycle,episode_00047,turns_limit,0.0
660,textmapworld,agent_core_tools_gpt4omini,large_cycle,episode_00047,loops,1.0
661,textmapworld,agent_core_tools_gpt4omini,large_cycle,episode_00047,number_visited,1.0
662,textmapworld,agent_core_tools_gpt4omini,large_cycle,episode_00047,seen,3.0
663,textmapworld,agent_core_tools_gpt4omini,large_cycle,episode_00047,efficiency,0.0
664,textmapworld,agent_core_tools_gpt4omini,large_cycle,episode_00047,exploration,12.5
665,textmapworld,agent_core_tools_gpt4omini,large_cycle,episode_00047,Main Score,0.0
666,textmapworld,agent_core_tools_gpt4omini,large_cycle,episode_00048,Success,0.0
667,textmapworld,agent_core_tools_gpt4omini,large_cycle,episode_00048,Aborted,0.0
668,textmapworld,agent_core_tools_gpt4omini,large_cycle,episode_00048,Lose,1.0
669,textmapworld,agent_core_tools_gpt4omini,large_cycle,episode_00048,moves,2.0
670,textmapworld,agent_core_tools_gpt4omini,large_cycle,episode_00048,valid_moves,2.0
671,textmapworld,agent_core_tools_gpt4omini,large_cycle,episode_00048,invalid_moves,0.0
672,textmapworld,agent_core_tools_gpt4omini,large_cycle,episode_00048,stopped,1.0
673,textmapworld,agent_core_tools_gpt4omini,large_cycle,episode_00048,turns_limit,0.0
674,textmapworld,agent_core_tools_gpt4omini,large_cycle,episode_00048,loops,0.0
675,textmapworld,agent_core_tools_gpt4omini,large_cycle,episode_00048,number_visited,1.0
676,textmapworld,agent_core_tools_gpt4omini,large_cycle,episode_00048,seen,2.0
677,textmapworld,agent_core_tools_gpt4omini,large_cycle,episode_00048,efficiency,0.0
678,textmapworld,agent_core_tools_gpt4omini,large_cycle,episode_00048,exploration,12.5
679,textmapworld,agent_core_tools_gpt4omini,large_cycle,episode_00048,Main Score,0.0
680,textmapworld,agent_core_tools_gpt4omini,large_cycle,episode_00049,Success,0.0
681,textmapworld,agent_core_tools_gpt4omini,large_cycle,episode_00049,Aborted,0.0
682,textmapworld,agent_core_tools_gpt4omini,large_cycle,episode_00049,Lose,1.0
683,textmapworld,agent_core_tools_gpt4omini,large_cycle,episode_00049,moves,3.0
684,textmapworld,agent_core_tools_gpt4omini,large_cycle,episode_00049,valid_moves,3.0
685,textmapworld,agent_core_tools_gpt4omini,large_cycle,episode_00049,invalid_moves,0.0
686,textmapworld,agent_core_tools_gpt4omini,large_cycle,episode_00049,stopped,1.0
687,textmapworld,agent_core_tools_gpt4omini,large_cycle,episode_00049,turns_limit,0.0
688,textmapworld,agent_core_tools_gpt4omini,large_cycle,episode_00049,loops,1.0
689,textmapworld,agent_core_tools_gpt4omini,large_cycle,episode_00049,number_visited,1.0
690,textmapworld,agent_core_tools_gpt4omini,large_cycle,episode_00049,seen,3.0
691,textmapworld,agent_core_tools_gpt4omini,large_cycle,episode_00049,efficiency,0.0
692,textmapworld,agent_core_tools_gpt4omini,large_cycle,episode_00049,exploration,12.5
693,textmapworld,agent_core_tools_gpt4omini,large_cycle,episode_00049,Main Score,0.0
694,textmapworld,agent_core_tools_gpt4omini,large_cycle,episode_00050,Success,0.0
695,textmapworld,agent_core_tools_gpt4omini,large_cycle,episode_00050,Aborted,0.0
696,textmapworld,agent_core_tools_gpt4omini,large_cycle,episode_00050,Lose,1.0
697,textmapworld,agent_core_tools_gpt4omini,large_cycle,episode_00050,moves,3.0
698,textmapworld,agent_core_tools_gpt4omini,large_cycle,episode_00050,valid_moves,3.0
699,textmapworld,agent_core_tools_gpt4omini,large_cycle,episode_00050,invalid_moves,0.0
700,textmapworld,agent_core_tools_gpt4omini,large_cycle,episode_00050,stopped,1.0
701,textmapworld,agent_core_tools_gpt4omini,large_cycle,episode_00050,turns_limit,0.0
702,textmapworld,agent_core_tools_gpt4omini,large_cycle,episode_00050,loops,1.0
703,textmapworld,agent_core_tools_gpt4omini,large_cycle,episode_00050,number_visited,1.0
704,textmapworld,agent_core_tools_gpt4omini,large_cycle,episode_00050,seen,4.0
705,textmapworld,agent_core_tools_gpt4omini,large_cycle,episode_00050,efficiency,0.0
706,textmapworld,agent_core_tools_gpt4omini,large_cycle,episode_00050,exploration,12.5
707,textmapworld,agent_core_tools_gpt4omini,large_cycle,episode_00050,Main Score,0.0
708,textmapworld,agent_core_tools_gpt4omini,medium,episode_00011,Success,0.0
709,textmapworld,agent_core_tools_gpt4omini,medium,episode_00011,Aborted,0.0
710,textmapworld,agent_core_tools_gpt4omini,medium,episode_00011,Lose,1.0
711,textmapworld,agent_core_tools_gpt4omini,medium,episode_00011,moves,3.0
712,textmapworld,agent_core_tools_gpt4omini,medium,episode_00011,valid_moves,3.0
713,textmapworld,agent_core_tools_gpt4omini,medium,episode_00011,invalid_moves,0.0
714,textmapworld,agent_core_tools_gpt4omini,medium,episode_00011,stopped,1.0
715,textmapworld,agent_core_tools_gpt4omini,medium,episode_00011,turns_limit,0.0
716,textmapworld,agent_core_tools_gpt4omini,medium,episode_00011,loops,1.0
717,textmapworld,agent_core_tools_gpt4omini,medium,episode_00011,number_visited,1.0
718,textmapworld,agent_core_tools_gpt4omini,medium,episode_00011,seen,3.0
719,textmapworld,agent_core_tools_gpt4omini,medium,episode_00011,efficiency,0.0
720,textmapworld,agent_core_tools_gpt4omini,medium,episode_00011,exploration,16.666666666666664
721,textmapworld,agent_core_tools_gpt4omini,medium,episode_00011,Main Score,0.0
722,textmapworld,agent_core_tools_gpt4omini,medium,episode_00012,Success,0.0
723,textmapworld,agent_core_tools_gpt4omini,medium,episode_00012,Aborted,0.0
724,textmapworld,agent_core_tools_gpt4omini,medium,episode_00012,Lose,1.0
725,textmapworld,agent_core_tools_gpt4omini,medium,episode_00012,moves,3.0
726,textmapworld,agent_core_tools_gpt4omini,medium,episode_00012,valid_moves,3.0
727,textmapworld,agent_core_tools_gpt4omini,medium,episode_00012,invalid_moves,0.0
728,textmapworld,agent_core_tools_gpt4omini,medium,episode_00012,stopped,1.0
729,textmapworld,agent_core_tools_gpt4omini,medium,episode_00012,turns_limit,0.0
730,textmapworld,agent_core_tools_gpt4omini,medium,episode_00012,loops,1.0
731,textmapworld,agent_core_tools_gpt4omini,medium,episode_00012,number_visited,1.0
732,textmapworld,agent_core_tools_gpt4omini,medium,episode_00012,seen,2.0
733,textmapworld,agent_core_tools_gpt4omini,medium,episode_00012,efficiency,0.0
734,textmapworld,agent_core_tools_gpt4omini,medium,episode_00012,exploration,16.666666666666664
735,textmapworld,agent_core_tools_gpt4omini,medium,episode_00012,Main Score,0.0
736,textmapworld,agent_core_tools_gpt4omini,medium,episode_00013,Success,0.0
737,textmapworld,agent_core_tools_gpt4omini,medium,episode_00013,Aborted,0.0
738,textmapworld,agent_core_tools_gpt4omini,medium,episode_00013,Lose,1.0
739,textmapworld,agent_core_tools_gpt4omini,medium,episode_00013,moves,3.0
740,textmapworld,agent_core_tools_gpt4omini,medium,episode_00013,valid_moves,3.0
741,textmapworld,agent_core_tools_gpt4omini,medium,episode_00013,invalid_moves,0.0
742,textmapworld,agent_core_tools_gpt4omini,medium,episode_00013,stopped,1.0
743,textmapworld,agent_core_tools_gpt4omini,medium,episode_00013,turns_limit,0.0
744,textmapworld,agent_core_tools_gpt4omini,medium,episode_00013,loops,1.0
745,textmapworld,agent_core_tools_gpt4omini,medium,episode_00013,number_visited,1.0
746,textmapworld,agent_core_tools_gpt4omini,medium,episode_00013,seen,4.0
747,textmapworld,agent_core_tools_gpt4omini,medium,episode_00013,efficiency,0.0
748,textmapworld,agent_core_tools_gpt4omini,medium,episode_00013,exploration,16.666666666666664
749,textmapworld,agent_core_tools_gpt4omini,medium,episode_00013,Main Score,0.0
750,textmapworld,agent_core_tools_gpt4omini,medium,episode_00014,Success,0.0
751,textmapworld,agent_core_tools_gpt4omini,medium,episode_00014,Aborted,0.0
752,textmapworld,agent_core_tools_gpt4omini,medium,episode_00014,Lose,1.0
753,textmapworld,agent_core_tools_gpt4omini,medium,episode_00014,moves,3.0
754,textmapworld,agent_core_tools_gpt4omini,medium,episode_00014,valid_moves,3.0
755,textmapworld,agent_core_tools_gpt4omini,medium,episode_00014,invalid_moves,0.0
756,textmapworld,agent_core_tools_gpt4omini,medium,episode_00014,stopped,1.0
757,textmapworld,agent_core_tools_gpt4omini,medium,episode_00014,turns_limit,0.0
758,textmapworld,agent_core_tools_gpt4omini,medium,episode_00014,loops,1.0
759,textmapworld,agent_core_tools_gpt4omini,medium,episode_00014,number_visited,1.0
760,textmapworld,agent_core_tools_gpt4omini,medium,episode_00014,seen,3.0
761,textmapworld,agent_core_tools_gpt4omini,medium,episode_00014,efficiency,0.0
762,textmapworld,agent_core_tools_gpt4omini,medium,episode_00014,exploration,16.666666666666664
763,textmapworld,agent_core_tools_gpt4omini,medium,episode_00014,Main Score,0.0
764,textmapworld,agent_core_tools_gpt4omini,medium,episode_00015,Success,0.0
765,textmapworld,agent_core_tools_gpt4omini,medium,episode_00015,Aborted,0.0
766,textmapworld,agent_core_tools_gpt4omini,medium,episode_00015,Lose,1.0
767,textmapworld,agent_core_tools_gpt4omini,medium,episode_00015,moves,3.0
768,textmapworld,agent_core_tools_gpt4omini,medium,episode_00015,valid_moves,3.0
769,textmapworld,agent_core_tools_gpt4omini,medium,episode_00015,invalid_moves,0.0
770,textmapworld,agent_core_tools_gpt4omini,medium,episode_00015,stopped,1.0
771,textmapworld,agent_core_tools_gpt4omini,medium,episode_00015,turns_limit,0.0
772,textmapworld,agent_core_tools_gpt4omini,medium,episode_00015,loops,1.0
773,textmapworld,agent_core_tools_gpt4omini,medium,episode_00015,number_visited,1.0
774,textmapworld,agent_core_tools_gpt4omini,medium,episode_00015,seen,3.0
775,textmapworld,agent_core_tools_gpt4omini,medium,episode_00015,efficiency,0.0
776,textmapworld,agent_core_tools_gpt4omini,medium,episode_00015,exploration,16.666666666666664
777,textmapworld,agent_core_tools_gpt4omini,medium,episode_00015,Main Score,0.0
778,textmapworld,agent_core_tools_gpt4omini,medium,episode_00016,Success,0.0
779,textmapworld,agent_core_tools_gpt4omini,medium,episode_00016,Aborted,0.0
780,textmapworld,agent_core_tools_gpt4omini,medium,episode_00016,Lose,1.0
781,textmapworld,agent_core_tools_gpt4omini,medium,episode_00016,moves,3.0
782,textmapworld,agent_core_tools_gpt4omini,medium,episode_00016,valid_moves,3.0
783,textmapworld,agent_core_tools_gpt4omini,medium,episode_00016,invalid_moves,0.0
784,textmapworld,agent_core_tools_gpt4omini,medium,episode_00016,stopped,1.0
785,textmapworld,agent_core_tools_gpt4omini,medium,episode_00016,turns_limit,0.0
786,textmapworld,agent_core_tools_gpt4omini,medium,episode_00016,loops,1.0
787,textmapworld,agent_core_tools_gpt4omini,medium,episode_00016,number_visited,1.0
788,textmapworld,agent_core_tools_gpt4omini,medium,episode_00016,seen,3.0
789,textmapworld,agent_core_tools_gpt4omini,medium,episode_00016,efficiency,0.0
790,textmapworld,agent_core_tools_gpt4omini,medium,episode_00016,exploration,16.666666666666664
791,textmapworld,agent_core_tools_gpt4omini,medium,episode_00016,Main Score,0.0
792,textmapworld,agent_core_tools_gpt4omini,medium,episode_00017,Success,0.0
793,textmapworld,agent_core_tools_gpt4omini,medium,episode_00017,Aborted,0.0
794,textmapworld,agent_core_tools_gpt4omini,medium,episode_00017,Lose,1.0
795,textmapworld,agent_core_tools_gpt4omini,medium,episode_00017,moves,3.0
796,textmapworld,agent_core_tools_gpt4omini,medium,episode_00017,valid_moves,3.0
797,textmapworld,agent_core_tools_gpt4omini,medium,episode_00017,invalid_moves,0.0
798,textmapworld,agent_core_tools_gpt4omini,medium,episode_00017,stopped,1.0
799,textmapworld,agent_core_tools_gpt4omini,medium,episode_00017,turns_limit,0.0
800,textmapworld,agent_core_tools_gpt4omini,medium,episode_00017,loops,1.0
801,textmapworld,agent_core_tools_gpt4omini,medium,episode_00017,number_visited,1.0
802,textmapworld,agent_core_tools_gpt4omini,medium,episode_00017,seen,2.0
803,textmapworld,agent_core_tools_gpt4omini,medium,episode_00017,efficiency,0.0
804,textmapworld,agent_core_tools_gpt4omini,medium,episode_00017,exploration,16.666666666666664
805,textmapworld,agent_core_tools_gpt4omini,medium,episode_00017,Main Score,0.0
806,textmapworld,agent_core_tools_gpt4omini,medium,episode_00018,Success,0.0
807,textmapworld,agent_core_tools_gpt4omini,medium,episode_00018,Aborted,0.0
808,textmapworld,agent_core_tools_gpt4omini,medium,episode_00018,Lose,1.0
809,textmapworld,agent_core_tools_gpt4omini,medium,episode_00018,moves,3.0
810,textmapworld,agent_core_tools_gpt4omini,medium,episode_00018,valid_moves,3.0
811,textmapworld,agent_core_tools_gpt4omini,medium,episode_00018,invalid_moves,0.0
812,textmapworld,agent_core_tools_gpt4omini,medium,episode_00018,stopped,1.0
813,textmapworld,agent_core_tools_gpt4omini,medium,episode_00018,turns_limit,0.0
814,textmapworld,agent_core_tools_gpt4omini,medium,episode_00018,loops,1.0
815,textmapworld,agent_core_tools_gpt4omini,medium,episode_00018,number_visited,1.0
816,textmapworld,agent_core_tools_gpt4omini,medium,episode_00018,seen,3.0
817,textmapworld,agent_core_tools_gpt4omini,medium,episode_00018,efficiency,0.0
818,textmapworld,agent_core_tools_gpt4omini,medium,episode_00018,exploration,16.666666666666664
819,textmapworld,agent_core_tools_gpt4omini,medium,episode_00018,Main Score,0.0
820,textmapworld,agent_core_tools_gpt4omini,medium,episode_00019,Success,0.0
821,textmapworld,agent_core_tools_gpt4omini,medium,episode_00019,Aborted,0.0
822,textmapworld,agent_core_tools_gpt4omini,medium,episode_00019,Lose,1.0
823,textmapworld,agent_core_tools_gpt4omini,medium,episode_00019,moves,2.0
824,textmapworld,agent_core_tools_gpt4omini,medium,episode_00019,valid_moves,2.0
825,textmapworld,agent_core_tools_gpt4omini,medium,episode_00019,invalid_moves,0.0
826,textmapworld,agent_core_tools_gpt4omini,medium,episode_00019,stopped,1.0
827,textmapworld,agent_core_tools_gpt4omini,medium,episode_00019,turns_limit,0.0
828,textmapworld,agent_core_tools_gpt4omini,medium,episode_00019,loops,0.0
829,textmapworld,agent_core_tools_gpt4omini,medium,episode_00019,number_visited,1.0
830,textmapworld,agent_core_tools_gpt4omini,medium,episode_00019,seen,2.0
831,textmapworld,agent_core_tools_gpt4omini,medium,episode_00019,efficiency,0.0
832,textmapworld,agent_core_tools_gpt4omini,medium,episode_00019,exploration,16.666666666666664
833,textmapworld,agent_core_tools_gpt4omini,medium,episode_00019,Main Score,0.0
834,textmapworld,agent_core_tools_gpt4omini,medium,episode_00020,Success,0.0
835,textmapworld,agent_core_tools_gpt4omini,medium,episode_00020,Aborted,0.0
836,textmapworld,agent_core_tools_gpt4omini,medium,episode_00020,Lose,1.0
837,textmapworld,agent_core_tools_gpt4omini,medium,episode_00020,moves,2.0
838,textmapworld,agent_core_tools_gpt4omini,medium,episode_00020,valid_moves,2.0
839,textmapworld,agent_core_tools_gpt4omini,medium,episode_00020,invalid_moves,0.0
840,textmapworld,agent_core_tools_gpt4omini,medium,episode_00020,stopped,1.0
841,textmapworld,agent_core_tools_gpt4omini,medium,episode_00020,turns_limit,0.0
842,textmapworld,agent_core_tools_gpt4omini,medium,episode_00020,loops,0.0
843,textmapworld,agent_core_tools_gpt4omini,medium,episode_00020,number_visited,1.0
844,textmapworld,agent_core_tools_gpt4omini,medium,episode_00020,seen,3.0
845,textmapworld,agent_core_tools_gpt4omini,medium,episode_00020,efficiency,0.0
846,textmapworld,agent_core_tools_gpt4omini,medium,episode_00020,exploration,16.666666666666664
847,textmapworld,agent_core_tools_gpt4omini,medium,episode_00020,Main Score,0.0
848,textmapworld,agent_core_tools_gpt4omini,medium_cycle,episode_00031,Success,0.0
849,textmapworld,agent_core_tools_gpt4omini,medium_cycle,episode_00031,Aborted,0.0
850,textmapworld,agent_core_tools_gpt4omini,medium_cycle,episode_00031,Lose,1.0
851,textmapworld,agent_core_tools_gpt4omini,medium_cycle,episode_00031,moves,3.0
852,textmapworld,agent_core_tools_gpt4omini,medium_cycle,episode_00031,valid_moves,3.0
853,textmapworld,agent_core_tools_gpt4omini,medium_cycle,episode_00031,invalid_moves,0.0
854,textmapworld,agent_core_tools_gpt4omini,medium_cycle,episode_00031,stopped,1.0
855,textmapworld,agent_core_tools_gpt4omini,medium_cycle,episode_00031,turns_limit,0.0
856,textmapworld,agent_core_tools_gpt4omini,medium_cycle,episode_00031,loops,1.0
857,textmapworld,agent_core_tools_gpt4omini,medium_cycle,episode_00031,number_visited,1.0
858,textmapworld,agent_core_tools_gpt4omini,medium_cycle,episode_00031,seen,3.0
859,textmapworld,agent_core_tools_gpt4omini,medium_cycle,episode_00031,efficiency,0.0
860,textmapworld,agent_core_tools_gpt4omini,medium_cycle,episode_00031,exploration,16.666666666666664
861,textmapworld,agent_core_tools_gpt4omini,medium_cycle,episode_00031,Main Score,0.0
862,textmapworld,agent_core_tools_gpt4omini,medium_cycle,episode_00032,Success,0.0
863,textmapworld,agent_core_tools_gpt4omini,medium_cycle,episode_00032,Aborted,0.0
864,textmapworld,agent_core_tools_gpt4omini,medium_cycle,episode_00032,Lose,1.0
865,textmapworld,agent_core_tools_gpt4omini,medium_cycle,episode_00032,moves,3.0
866,textmapworld,agent_core_tools_gpt4omini,medium_cycle,episode_00032,valid_moves,3.0
867,textmapworld,agent_core_tools_gpt4omini,medium_cycle,episode_00032,invalid_moves,0.0
868,textmapworld,agent_core_tools_gpt4omini,medium_cycle,episode_00032,stopped,1.0
869,textmapworld,agent_core_tools_gpt4omini,medium_cycle,episode_00032,turns_limit,0.0
870,textmapworld,agent_core_tools_gpt4omini,medium_cycle,episode_00032,loops,1.0
871,textmapworld,agent_core_tools_gpt4omini,medium_cycle,episode_00032,number_visited,1.0
872,textmapworld,agent_core_tools_gpt4omini,medium_cycle,episode_00032,seen,2.0
873,textmapworld,agent_core_tools_gpt4omini,medium_cycle,episode_00032,efficiency,0.0
874,textmapworld,agent_core_tools_gpt4omini,medium_cycle,episode_00032,exploration,16.666666666666664
875,textmapworld,agent_core_tools_gpt4omini,medium_cycle,episode_00032,Main Score,0.0
876,textmapworld,agent_core_tools_gpt4omini,medium_cycle,episode_00033,Success,0.0
877,textmapworld,agent_core_tools_gpt4omini,medium_cycle,episode_00033,Aborted,0.0
878,textmapworld,agent_core_tools_gpt4omini,medium_cycle,episode_00033,Lose,1.0
879,textmapworld,agent_core_tools_gpt4omini,medium_cycle,episode_00033,moves,2.0
880,textmapworld,agent_core_tools_gpt4omini,medium_cycle,episode_00033,valid_moves,2.0
881,textmapworld,agent_core_tools_gpt4omini,medium_cycle,episode_00033,invalid_moves,0.0
882,textmapworld,agent_core_tools_gpt4omini,medium_cycle,episode_00033,stopped,1.0
883,textmapworld,agent_core_tools_gpt4omini,medium_cycle,episode_00033,turns_limit,0.0
884,textmapworld,agent_core_tools_gpt4omini,medium_cycle,episode_00033,loops,0.0
885,textmapworld,agent_core_tools_gpt4omini,medium_cycle,episode_00033,number_visited,1.0
886,textmapworld,agent_core_tools_gpt4omini,medium_cycle,episode_00033,seen,2.0
887,textmapworld,agent_core_tools_gpt4omini,medium_cycle,episode_00033,efficiency,0.0
888,textmapworld,agent_core_tools_gpt4omini,medium_cycle,episode_00033,exploration,16.666666666666664
889,textmapworld,agent_core_tools_gpt4omini,medium_cycle,episode_00033,Main Score,0.0
890,textmapworld,agent_core_tools_gpt4omini,medium_cycle,episode_00034,Success,0.0
891,textmapworld,agent_core_tools_gpt4omini,medium_cycle,episode_00034,Aborted,0.0
892,textmapworld,agent_core_tools_gpt4omini,medium_cycle,episode_00034,Lose,1.0
893,textmapworld,agent_core_tools_gpt4omini,medium_cycle,episode_00034,moves,3.0
894,textmapworld,agent_core_tools_gpt4omini,medium_cycle,episode_00034,valid_moves,3.0
895,textmapworld,agent_core_tools_gpt4omini,medium_cycle,episode_00034,invalid_moves,0.0
896,textmapworld,agent_core_tools_gpt4omini,medium_cycle,episode_00034,stopped,1.0
897,textmapworld,agent_core_tools_gpt4omini,medium_cycle,episode_00034,turns_limit,0.0
898,textmapworld,agent_core_tools_gpt4omini,medium_cycle,episode_00034,loops,1.0
899,textmapworld,agent_core_tools_gpt4omini,medium_cycle,episode_00034,number_visited,1.0
900,textmapworld,agent_core_tools_gpt4omini,medium_cycle,episode_00034,seen,3.0
901,textmapworld,agent_core_tools_gpt4omini,medium_cycle,episode_00034,efficiency,0.0
902,textmapworld,agent_core_tools_gpt4omini,medium_cycle,episode_00034,exploration,16.666666666666664
903,textmapworld,agent_core_tools_gpt4omini,medium_cycle,episode_00034,Main Score,0.0
904,textmapworld,agent_core_tools_gpt4omini,medium_cycle,episode_00035,Success,0.0
905,textmapworld,agent_core_tools_gpt4omini,medium_cycle,episode_00035,Aborted,0.0
906,textmapworld,agent_core_tools_gpt4omini,medium_cycle,episode_00035,Lose,1.0
907,textmapworld,agent_core_tools_gpt4omini,medium_cycle,episode_00035,moves,3.0
908,textmapworld,agent_core_tools_gpt4omini,medium_cycle,episode_00035,valid_moves,3.0
909,textmapworld,agent_core_tools_gpt4omini,medium_cycle,episode_00035,invalid_moves,0.0
910,textmapworld,agent_core_tools_gpt4omini,medium_cycle,episode_00035,stopped,1.0
911,textmapworld,agent_core_tools_gpt4omini,medium_cycle,episode_00035,turns_limit,0.0
912,textmapworld,agent_core_tools_gpt4omini,medium_cycle,episode_00035,loops,1.0
913,textmapworld,agent_core_tools_gpt4omini,medium_cycle,episode_00035,number_visited,1.0
914,textmapworld,agent_core_tools_gpt4omini,medium_cycle,episode_00035,seen,2.0
915,textmapworld,agent_core_tools_gpt4omini,medium_cycle,episode_00035,efficiency,0.0
916,textmapworld,agent_core_tools_gpt4omini,medium_cycle,episode_00035,exploration,16.666666666666664
917,textmapworld,agent_core_tools_gpt4omini,medium_cycle,episode_00035,Main Score,0.0
918,textmapworld,agent_core_tools_gpt4omini,medium_cycle,episode_00036,Success,0.0
919,textmapworld,agent_core_tools_gpt4omini,medium_cycle,episode_00036,Aborted,0.0
920,textmapworld,agent_core_tools_gpt4omini,medium_cycle,episode_00036,Lose,1.0
921,textmapworld,agent_core_tools_gpt4omini,medium_cycle,episode_00036,moves,3.0
922,textmapworld,agent_core_tools_gpt4omini,medium_cycle,episode_00036,valid_moves,3.0
923,textmapworld,agent_core_tools_gpt4omini,medium_cycle,episode_00036,invalid_moves,0.0
924,textmapworld,agent_core_tools_gpt4omini,medium_cycle,episode_00036,stopped,1.0
925,textmapworld,agent_core_tools_gpt4omini,medium_cycle,episode_00036,turns_limit,0.0
926,textmapworld,agent_core_tools_gpt4omini,medium_cycle,episode_00036,loops,1.0
927,textmapworld,agent_core_tools_gpt4omini,medium_cycle,episode_00036,number_visited,1.0
928,textmapworld,agent_core_tools_gpt4omini,medium_cycle,episode_00036,seen,2.0
929,textmapworld,agent_core_tools_gpt4omini,medium_cycle,episode_00036,efficiency,0.0
930,textmapworld,agent_core_tools_gpt4omini,medium_cycle,episode_00036,exploration,16.666666666666664
931,textmapworld,agent_core_tools_gpt4omini,medium_cycle,episode_00036,Main Score,0.0
932,textmapworld,agent_core_tools_gpt4omini,medium_cycle,episode_00037,Success,0.0
933,textmapworld,agent_core_tools_gpt4omini,medium_cycle,episode_00037,Aborted,0.0
934,textmapworld,agent_core_tools_gpt4omini,medium_cycle,episode_00037,Lose,1.0
935,textmapworld,agent_core_tools_gpt4omini,medium_cycle,episode_00037,moves,3.0
936,textmapworld,agent_core_tools_gpt4omini,medium_cycle,episode_00037,valid_moves,3.0
937,textmapworld,agent_core_tools_gpt4omini,medium_cycle,episode_00037,invalid_moves,0.0
938,textmapworld,agent_core_tools_gpt4omini,medium_cycle,episode_00037,stopped,1.0
939,textmapworld,agent_core_tools_gpt4omini,medium_cycle,episode_00037,turns_limit,0.0
940,textmapworld,agent_core_tools_gpt4omini,medium_cycle,episode_00037,loops,1.0
941,textmapworld,agent_core_tools_gpt4omini,medium_cycle,episode_00037,number_visited,1.0
942,textmapworld,agent_core_tools_gpt4omini,medium_cycle,episode_00037,seen,2.0
943,textmapworld,agent_core_tools_gpt4omini,medium_cycle,episode_00037,efficiency,0.0
944,textmapworld,agent_core_tools_gpt4omini,medium_cycle,episode_00037,exploration,16.666666666666664
945,textmapworld,agent_core_tools_gpt4omini,medium_cycle,episode_00037,Main Score,0.0
946,textmapworld,agent_core_tools_gpt4omini,medium_cycle,episode_00038,Success,0.0
947,textmapworld,agent_core_tools_gpt4omini,medium_cycle,episode_00038,Aborted,0.0
948,textmapworld,agent_core_tools_gpt4omini,medium_cycle,episode_00038,Lose,1.0
949,textmapworld,agent_core_tools_gpt4omini,medium_cycle,episode_00038,moves,3.0
950,textmapworld,agent_core_tools_gpt4omini,medium_cycle,episode_00038,valid_moves,3.0
951,textmapworld,agent_core_tools_gpt4omini,medium_cycle,episode_00038,invalid_moves,0.0
952,textmapworld,agent_core_tools_gpt4omini,medium_cycle,episode_00038,stopped,1.0
953,textmapworld,agent_core_tools_gpt4omini,medium_cycle,episode_00038,turns_limit,0.0
954,textmapworld,agent_core_tools_gpt4omini,medium_cycle,episode_00038,loops,1.0
955,textmapworld,agent_core_tools_gpt4omini,medium_cycle,episode_00038,number_visited,1.0
956,textmapworld,agent_core_tools_gpt4omini,medium_cycle,episode_00038,seen,2.0
957,textmapworld,agent_core_tools_gpt4omini,medium_cycle,episode_00038,efficiency,0.0
958,textmapworld,agent_core_tools_gpt4omini,medium_cycle,episode_00038,exploration,16.666666666666664
959,textmapworld,agent_core_tools_gpt4omini,medium_cycle,episode_00038,Main Score,0.0
960,textmapworld,agent_core_tools_gpt4omini,medium_cycle,episode_00039,Success,0.0
961,textmapworld,agent_core_tools_gpt4omini,medium_cycle,episode_00039,Aborted,0.0
962,textmapworld,agent_core_tools_gpt4omini,medium_cycle,episode_00039,Lose,1.0
963,textmapworld,agent_core_tools_gpt4omini,medium_cycle,episode_00039,moves,3.0
964,textmapworld,agent_core_tools_gpt4omini,medium_cycle,episode_00039,valid_moves,3.0
965,textmapworld,agent_core_tools_gpt4omini,medium_cycle,episode_00039,invalid_moves,0.0
966,textmapworld,agent_core_tools_gpt4omini,medium_cycle,episode_00039,stopped,1.0
967,textmapworld,agent_core_tools_gpt4omini,medium_cycle,episode_00039,turns_limit,0.0
968,textmapworld,agent_core_tools_gpt4omini,medium_cycle,episode_00039,loops,1.0
969,textmapworld,agent_core_tools_gpt4omini,medium_cycle,episode_00039,number_visited,1.0
970,textmapworld,agent_core_tools_gpt4omini,medium_cycle,episode_00039,seen,2.0
971,textmapworld,agent_core_tools_gpt4omini,medium_cycle,episode_00039,efficiency,0.0
972,textmapworld,agent_core_tools_gpt4omini,medium_cycle,episode_00039,exploration,16.666666666666664
973,textmapworld,agent_core_tools_gpt4omini,medium_cycle,episode_00039,Main Score,0.0
974,textmapworld,agent_core_tools_gpt4omini,medium_cycle,episode_00040,Success,0.0
975,textmapworld,agent_core_tools_gpt4omini,medium_cycle,episode_00040,Aborted,0.0
976,textmapworld,agent_core_tools_gpt4omini,medium_cycle,episode_00040,Lose,1.0
977,textmapworld,agent_core_tools_gpt4omini,medium_cycle,episode_00040,moves,2.0
978,textmapworld,agent_core_tools_gpt4omini,medium_cycle,episode_00040,valid_moves,2.0
979,textmapworld,agent_core_tools_gpt4omini,medium_cycle,episode_00040,invalid_moves,0.0
980,textmapworld,agent_core_tools_gpt4omini,medium_cycle,episode_00040,stopped,1.0
981,textmapworld,agent_core_tools_gpt4omini,medium_cycle,episode_00040,turns_limit,0.0
982,textmapworld,agent_core_tools_gpt4omini,medium_cycle,episode_00040,loops,0.0
983,textmapworld,agent_core_tools_gpt4omini,medium_cycle,episode_00040,number_visited,1.0
984,textmapworld,agent_core_tools_gpt4omini,medium_cycle,episode_00040,seen,2.0
985,textmapworld,agent_core_tools_gpt4omini,medium_cycle,episode_00040,efficiency,0.0
986,textmapworld,agent_core_tools_gpt4omini,medium_cycle,episode_00040,exploration,16.666666666666664
987,textmapworld,agent_core_tools_gpt4omini,medium_cycle,episode_00040,Main Score,0.0
988,textmapworld,agent_core_tools_gpt4omini,small,episode_00006,Success,0.0
989,textmapworld,agent_core_tools_gpt4omini,small,episode_00006,Aborted,0.0
990,textmapworld,agent_core_tools_gpt4omini,small,episode_00006,Lose,1.0
991,textmapworld,agent_core_tools_gpt4omini,small,episode_00006,moves,3.0
992,textmapworld,agent_core_tools_gpt4omini,small,episode_00006,valid_moves,3.0
993,textmapworld,agent_core_tools_gpt4omini,small,episode_00006,invalid_moves,0.0
994,textmapworld,agent_core_tools_gpt4omini,small,episode_00006,stopped,1.0
995,textmapworld,agent_core_tools_gpt4omini,small,episode_00006,turns_limit,0.0
996,textmapworld,agent_core_tools_gpt4omini,small,episode_00006,loops,1.0
997,textmapworld,agent_core_tools_gpt4omini,small,episode_00006,number_visited,1.0
998,textmapworld,agent_core_tools_gpt4omini,small,episode_00006,seen,3.0
999,textmapworld,agent_core_tools_gpt4omini,small,episode_00006,efficiency,0.0
1000,textmapworld,agent_core_tools_gpt4omini,small,episode_00006,exploration,25.0
1001,textmapworld,agent_core_tools_gpt4omini,small,episode_00006,Main Score,0.0
1002,textmapworld,agent_core_tools_gpt4omini,small,episode_00007,Success,0.0
1003,textmapworld,agent_core_tools_gpt4omini,small,episode_00007,Aborted,0.0
1004,textmapworld,agent_core_tools_gpt4omini,small,episode_00007,Lose,1.0
1005,textmapworld,agent_core_tools_gpt4omini,small,episode_00007,moves,2.0
1006,textmapworld,agent_core_tools_gpt4omini,small,episode_00007,valid_moves,2.0
1007,textmapworld,agent_core_tools_gpt4omini,small,episode_00007,invalid_moves,0.0
1008,textmapworld,agent_core_tools_gpt4omini,small,episode_00007,stopped,1.0
1009,textmapworld,agent_core_tools_gpt4omini,small,episode_00007,turns_limit,0.0
1010,textmapworld,agent_core_tools_gpt4omini,small,episode_00007,loops,0.0
1011,textmapworld,agent_core_tools_gpt4omini,small,episode_00007,number_visited,1.0
1012,textmapworld,agent_core_tools_gpt4omini,small,episode_00007,seen,2.0
1013,textmapworld,agent_core_tools_gpt4omini,small,episode_00007,efficiency,0.0
1014,textmapworld,agent_core_tools_gpt4omini,small,episode_00007,exploration,25.0
1015,textmapworld,agent_core_tools_gpt4omini,small,episode_00007,Main Score,0.0
1016,textmapworld,agent_core_tools_gpt4omini,small,episode_00008,Success,0.0
1017,textmapworld,agent_core_tools_gpt4omini,small,episode_00008,Aborted,0.0
1018,textmapworld,agent_core_tools_gpt4omini,small,episode_00008,Lose,1.0
1019,textmapworld,agent_core_tools_gpt4omini,small,episode_00008,moves,3.0
1020,textmapworld,agent_core_tools_gpt4omini,small,episode_00008,valid_moves,3.0
1021,textmapworld,agent_core_tools_gpt4omini,small,episode_00008,invalid_moves,0.0
1022,textmapworld,agent_core_tools_gpt4omini,small,episode_00008,stopped,1.0
1023,textmapworld,agent_core_tools_gpt4omini,small,episode_00008,turns_limit,0.0
1024,textmapworld,agent_core_tools_gpt4omini,small,episode_00008,loops,1.0
1025,textmapworld,agent_core_tools_gpt4omini,small,episode_00008,number_visited,1.0
1026,textmapworld,agent_core_tools_gpt4omini,small,episode_00008,seen,2.0
1027,textmapworld,agent_core_tools_gpt4omini,small,episode_00008,efficiency,0.0
1028,textmapworld,agent_core_tools_gpt4omini,small,episode_00008,exploration,25.0
1029,textmapworld,agent_core_tools_gpt4omini,small,episode_00008,Main Score,0.0
1030,textmapworld,agent_core_tools_gpt4omini,small,episode_00009,Success,0.0
1031,textmapworld,agent_core_tools_gpt4omini,small,episode_00009,Aborted,0.0
1032,textmapworld,agent_core_tools_gpt4omini,small,episode_00009,Lose,1.0
1033,textmapworld,agent_core_tools_gpt4omini,small,episode_00009,moves,3.0
1034,textmapworld,agent_core_tools_gpt4omini,small,episode_00009,valid_moves,3.0
1035,textmapworld,agent_core_tools_gpt4omini,small,episode_00009,invalid_moves,0.0
1036,textmapworld,agent_core_tools_gpt4omini,small,episode_00009,stopped,1.0
1037,textmapworld,agent_core_tools_gpt4omini,small,episode_00009,turns_limit,0.0
1038,textmapworld,agent_core_tools_gpt4omini,small,episode_00009,loops,1.0
1039,textmapworld,agent_core_tools_gpt4omini,small,episode_00009,number_visited,1.0
1040,textmapworld,agent_core_tools_gpt4omini,small,episode_00009,seen,3.0
1041,textmapworld,agent_core_tools_gpt4omini,small,episode_00009,efficiency,0.0
1042,textmapworld,agent_core_tools_gpt4omini,small,episode_00009,exploration,25.0
1043,textmapworld,agent_core_tools_gpt4omini,small,episode_00009,Main Score,0.0
1044,textmapworld,agent_core_tools_gpt4omini,small,episode_00010,Success,0.0
1045,textmapworld,agent_core_tools_gpt4omini,small,episode_00010,Aborted,0.0
1046,textmapworld,agent_core_tools_gpt4omini,small,episode_00010,Lose,1.0
1047,textmapworld,agent_core_tools_gpt4omini,small,episode_00010,moves,3.0
1048,textmapworld,agent_core_tools_gpt4omini,small,episode_00010,valid_moves,3.0
1049,textmapworld,agent_core_tools_gpt4omini,small,episode_00010,invalid_moves,0.0
1050,textmapworld,agent_core_tools_gpt4omini,small,episode_00010,stopped,1.0
1051,textmapworld,agent_core_tools_gpt4omini,small,episode_00010,turns_limit,0.0
1052,textmapworld,agent_core_tools_gpt4omini,small,episode_00010,loops,1.0
1053,textmapworld,agent_core_tools_gpt4omini,small,episode_00010,number_visited,1.0
1054,textmapworld,agent_core_tools_gpt4omini,small,episode_00010,seen,3.0
1055,textmapworld,agent_core_tools_gpt4omini,small,episode_00010,efficiency,0.0
1056,textmapworld,agent_core_tools_gpt4omini,small,episode_00010,exploration,25.0
1057,textmapworld,agent_core_tools_gpt4omini,small,episode_00010,Main Score,0.0
1058,referencegame,agent_core_tools_qwen3,letter_grids,episode_00001,Generated Expression Length,176.0
1059,referencegame,agent_core_tools_qwen3,letter_grids,episode_00001,Generated Expression Number of Tokens,34.0
1060,referencegame,agent_core_tools_qwen3,letter_grids,episode_00001,Aborted at Player 1,0.0
1061,referencegame,agent_core_tools_qwen3,letter_grids,episode_00001,Aborted at Player 2,0.0
1062,referencegame,agent_core_tools_qwen3,letter_grids,episode_00001,Request Count,2.0
1063,referencegame,agent_core_tools_qwen3,letter_grids,episode_00001,Parsed Request Count,2.0
1064,referencegame,agent_core_tools_qwen3,letter_grids,episode_00001,Violated Request Count,0.0
1065,referencegame,agent_core_tools_qwen3,letter_grids,episode_00001,Aborted,0.0
1066,referencegame,agent_core_tools_qwen3,letter_grids,episode_00001,Success,1.0
1067,referencegame,agent_core_tools_qwen3,letter_grids,episode_00001,Lose,0.0
1068,referencegame,agent_core_tools_qwen3,letter_grids,episode_00001,Main Score,100.0
1069,referencegame,agent_core_tools_qwen3,letter_grids,episode_00001,Request Success Ratio,1.0
1070,referencegame,agent_core_tools_qwen3,letter_grids,episode_00002,Generated Expression Length,124.0
1071,referencegame,agent_core_tools_qwen3,letter_grids,episode_00002,Generated Expression Number of Tokens,21.0
1072,referencegame,agent_core_tools_qwen3,letter_grids,episode_00002,Aborted at Player 1,0.0
1073,referencegame,agent_core_tools_qwen3,letter_grids,episode_00002,Aborted at Player 2,0.0
1074,referencegame,agent_core_tools_qwen3,letter_grids,episode_00002,Request Count,2.0
1075,referencegame,agent_core_tools_qwen3,letter_grids,episode_00002,Parsed Request Count,2.0
1076,referencegame,agent_core_tools_qwen3,letter_grids,episode_00002,Violated Request Count,0.0
1077,referencegame,agent_core_tools_qwen3,letter_grids,episode_00002,Aborted,0.0
1078,referencegame,agent_core_tools_qwen3,letter_grids,episode_00002,Success,1.0
1079,referencegame,agent_core_tools_qwen3,letter_grids,episode_00002,Lose,0.0
1080,referencegame,agent_core_tools_qwen3,letter_grids,episode_00002,Main Score,100.0
1081,referencegame,agent_core_tools_qwen3,letter_grids,episode_00002,Request Success Ratio,1.0
1082,referencegame,agent_core_tools_qwen3,letter_grids,episode_00003,Generated Expression Length,150.0
1083,referencegame,agent_core_tools_qwen3,letter_grids,episode_00003,Generated Expression Number of Tokens,26.0
1084,referencegame,agent_core_tools_qwen3,letter_grids,episode_00003,Aborted at Player 1,0.0
1085,referencegame,agent_core_tools_qwen3,letter_grids,episode_00003,Aborted at Player 2,0.0
1086,referencegame,agent_core_tools_qwen3,letter_grids,episode_00003,Request Count,2.0
1087,referencegame,agent_core_tools_qwen3,letter_grids,episode_00003,Parsed Request Count,2.0
1088,referencegame,agent_core_tools_qwen3,letter_grids,episode_00003,Violated Request Count,0.0
1089,referencegame,agent_core_tools_qwen3,letter_grids,episode_00003,Aborted,0.0
1090,referencegame,agent_core_tools_qwen3,letter_grids,episode_00003,Success,0.0
1091,referencegame,agent_core_tools_qwen3,letter_grids,episode_00003,Lose,1.0
1092,referencegame,agent_core_tools_qwen3,letter_grids,episode_00003,Main Score,0.0
1093,referencegame,agent_core_tools_qwen3,letter_grids,episode_00003,Request Success Ratio,1.0
1094,referencegame,agent_core_tools_qwen3,letter_grids,episode_00004,Generated Expression Length,260.0
1095,referencegame,agent_core_tools_qwen3,letter_grids,episode_00004,Generated Expression Number of Tokens,43.0
1096,referencegame,agent_core_tools_qwen3,letter_grids,episode_00004,Aborted at Player 1,0.0
1097,referencegame,agent_core_tools_qwen3,letter_grids,episode_00004,Aborted at Player 2,0.0
1098,referencegame,agent_core_tools_qwen3,letter_grids,episode_00004,Request Count,2.0
1099,referencegame,agent_core_tools_qwen3,letter_grids,episode_00004,Parsed Request Count,2.0
1100,referencegame,agent_core_tools_qwen3,letter_grids,episode_00004,Violated Request Count,0.0
1101,referencegame,agent_core_tools_qwen3,letter_grids,episode_00004,Aborted,0.0
1102,referencegame,agent_core_tools_qwen3,letter_grids,episode_00004,Success,1.0
1103,referencegame,agent_core_tools_qwen3,letter_grids,episode_00004,Lose,0.0
1104,referencegame,agent_core_tools_qwen3,letter_grids,episode_00004,Main Score,100.0
1105,referencegame,agent_core_tools_qwen3,letter_grids,episode_00004,Request Success Ratio,1.0
1106,referencegame,agent_core_tools_qwen3,letter_grids,episode_00005,Generated Expression Length,208.0
1107,referencegame,agent_core_tools_qwen3,letter_grids,episode_00005,Generated Expression Number of Tokens,40.0
1108,referencegame,agent_core_tools_qwen3,letter_grids,episode_00005,Aborted at Player 1,0.0
1109,referencegame,agent_core_tools_qwen3,letter_grids,episode_00005,Aborted at Player 2,0.0
1110,referencegame,agent_core_tools_qwen3,letter_grids,episode_00005,Request Count,2.0
1111,referencegame,agent_core_tools_qwen3,letter_grids,episode_00005,Parsed Request Count,2.0
1112,referencegame,agent_core_tools_qwen3,letter_grids,episode_00005,Violated Request Count,0.0
1113,referencegame,agent_core_tools_qwen3,letter_grids,episode_00005,Aborted,0.0
1114,referencegame,agent_core_tools_qwen3,letter_grids,episode_00005,Success,1.0
1115,referencegame,agent_core_tools_qwen3,letter_grids,episode_00005,Lose,0.0
1116,referencegame,agent_core_tools_qwen3,letter_grids,episode_00005,Main Score,100.0
1117,referencegame,agent_core_tools_qwen3,letter_grids,episode_00005,Request Success Ratio,1.0
1118,referencegame,agent_core_tools_qwen3,line_grids_columns,episode_00016,Generated Expression Length,172.0
1119,referencegame,agent_core_tools_qwen3,line_grids_columns,episode_00016,Generated Expression Number of Tokens,31.0
1120,referencegame,agent_core_tools_qwen3,line_grids_columns,episode_00016,Aborted at Player 1,0.0
1121,referencegame,agent_core_tools_qwen3,line_grids_columns,episode_00016,Aborted at Player 2,0.0
1122,referencegame,agent_core_tools_qwen3,line_grids_columns,episode_00016,Request Count,2.0
1123,referencegame,agent_core_tools_qwen3,line_grids_columns,episode_00016,Parsed Request Count,2.0
1124,referencegame,agent_core_tools_qwen3,line_grids_columns,episode_00016,Violated Request Count,0.0
1125,referencegame,agent_core_tools_qwen3,line_grids_columns,episode_00016,Aborted,0.0
1126,referencegame,agent_core_tools_qwen3,line_grids_columns,episode_00016,Success,1.0
1127,referencegame,agent_core_tools_qwen3,line_grids_columns,episode_00016,Lose,0.0
1128,referencegame,agent_core_tools_qwen3,line_grids_columns,episode_00016,Main Score,100.0
1129,referencegame,agent_core_tools_qwen3,line_grids_columns,episode_00016,Request Success Ratio,1.0
1130,referencegame,agent_core_tools_qwen3,line_grids_columns,episode_00017,Generated Expression Length,127.0
1131,referencegame,agent_core_tools_qwen3,line_grids_columns,episode_00017,Generated Expression Number of Tokens,24.0
1132,referencegame,agent_core_tools_qwen3,line_grids_columns,episode_00017,Aborted at Player 1,0.0
1133,referencegame,agent_core_tools_qwen3,line_grids_columns,episode_00017,Aborted at Player 2,0.0
1134,referencegame,agent_core_tools_qwen3,line_grids_columns,episode_00017,Request Count,2.0
1135,referencegame,agent_core_tools_qwen3,line_grids_columns,episode_00017,Parsed Request Count,2.0
1136,referencegame,agent_core_tools_qwen3,line_grids_columns,episode_00017,Violated Request Count,0.0
1137,referencegame,agent_core_tools_qwen3,line_grids_columns,episode_00017,Aborted,0.0
1138,referencegame,agent_core_tools_qwen3,line_grids_columns,episode_00017,Success,1.0
1139,referencegame,agent_core_tools_qwen3,line_grids_columns,episode_00017,Lose,0.0
1140,referencegame,agent_core_tools_qwen3,line_grids_columns,episode_00017,Main Score,100.0
1141,referencegame,agent_core_tools_qwen3,line_grids_columns,episode_00017,Request Success Ratio,1.0
1142,referencegame,agent_core_tools_qwen3,line_grids_columns,episode_00018,Generated Expression Length,113.0
1143,referencegame,agent_core_tools_qwen3,line_grids_columns,episode_00018,Generated Expression Number of Tokens,23.0
1144,referencegame,agent_core_tools_qwen3,line_grids_columns,episode_00018,Aborted at Player 1,0.0
1145,referencegame,agent_core_tools_qwen3,line_grids_columns,episode_00018,Aborted at Player 2,0.0
1146,referencegame,agent_core_tools_qwen3,line_grids_columns,episode_00018,Request Count,2.0
1147,referencegame,agent_core_tools_qwen3,line_grids_columns,episode_00018,Parsed Request Count,2.0
1148,referencegame,agent_core_tools_qwen3,line_grids_columns,episode_00018,Violated Request Count,0.0
1149,referencegame,agent_core_tools_qwen3,line_grids_columns,episode_00018,Aborted,0.0
1150,referencegame,agent_core_tools_qwen3,line_grids_columns,episode_00018,Success,1.0
1151,referencegame,agent_core_tools_qwen3,line_grids_columns,episode_00018,Lose,0.0
1152,referencegame,agent_core_tools_qwen3,line_grids_columns,episode_00018,Main Score,100.0
1153,referencegame,agent_core_tools_qwen3,line_grids_columns,episode_00018,Request Success Ratio,1.0
1154,referencegame,agent_core_tools_qwen3,line_grids_columns,episode_00019,Generated Expression Length,138.0
1155,referencegame,agent_core_tools_qwen3,line_grids_columns,episode_00019,Generated Expression Number of Tokens,22.0
1156,referencegame,agent_core_tools_qwen3,line_grids_columns,episode_00019,Aborted at Player 1,0.0
1157,referencegame,agent_core_tools_qwen3,line_grids_columns,episode_00019,Aborted at Player 2,0.0
1158,referencegame,agent_core_tools_qwen3,line_grids_columns,episode_00019,Request Count,2.0
1159,referencegame,agent_core_tools_qwen3,line_grids_columns,episode_00019,Parsed Request Count,2.0
1160,referencegame,agent_core_tools_qwen3,line_grids_columns,episode_00019,Violated Request Count,0.0
1161,referencegame,agent_core_tools_qwen3,line_grids_columns,episode_00019,Aborted,0.0
1162,referencegame,agent_core_tools_qwen3,line_grids_columns,episode_00019,Success,1.0
1163,referencegame,agent_core_tools_qwen3,line_grids_columns,episode_00019,Lose,0.0
1164,referencegame,agent_core_tools_qwen3,line_grids_columns,episode_00019,Main Score,100.0
1165,referencegame,agent_core_tools_qwen3,line_grids_columns,episode_00019,Request Success Ratio,1.0
1166,referencegame,agent_core_tools_qwen3,line_grids_columns,episode_00020,Generated Expression Length,99.0
1167,referencegame,agent_core_tools_qwen3,line_grids_columns,episode_00020,Generated Expression Number of Tokens,19.0
1168,referencegame,agent_core_tools_qwen3,line_grids_columns,episode_00020,Aborted at Player 1,0.0
1169,referencegame,agent_core_tools_qwen3,line_grids_columns,episode_00020,Aborted at Player 2,0.0
1170,referencegame,agent_core_tools_qwen3,line_grids_columns,episode_00020,Request Count,2.0
1171,referencegame,agent_core_tools_qwen3,line_grids_columns,episode_00020,Parsed Request Count,2.0
1172,referencegame,agent_core_tools_qwen3,line_grids_columns,episode_00020,Violated Request Count,0.0
1173,referencegame,agent_core_tools_qwen3,line_grids_columns,episode_00020,Aborted,0.0
1174,referencegame,agent_core_tools_qwen3,line_grids_columns,episode_00020,Success,0.0
1175,referencegame,agent_core_tools_qwen3,line_grids_columns,episode_00020,Lose,1.0
1176,referencegame,agent_core_tools_qwen3,line_grids_columns,episode_00020,Main Score,0.0
1177,referencegame,agent_core_tools_qwen3,line_grids_columns,episode_00020,Request Success Ratio,1.0
1178,referencegame,agent_core_tools_qwen3,line_grids_rows,episode_00011,Generated Expression Length,101.0
1179,referencegame,agent_core_tools_qwen3,line_grids_rows,episode_00011,Generated Expression Number of Tokens,18.0
1180,referencegame,agent_core_tools_qwen3,line_grids_rows,episode_00011,Aborted at Player 1,0.0
1181,referencegame,agent_core_tools_qwen3,line_grids_rows,episode_00011,Aborted at Player 2,0.0
1182,referencegame,agent_core_tools_qwen3,line_grids_rows,episode_00011,Request Count,2.0
1183,referencegame,agent_core_tools_qwen3,line_grids_rows,episode_00011,Parsed Request Count,2.0
1184,referencegame,agent_core_tools_qwen3,line_grids_rows,episode_00011,Violated Request Count,0.0
1185,referencegame,agent_core_tools_qwen3,line_grids_rows,episode_00011,Aborted,0.0
1186,referencegame,agent_core_tools_qwen3,line_grids_rows,episode_00011,Success,1.0
1187,referencegame,agent_core_tools_qwen3,line_grids_rows,episode_00011,Lose,0.0
1188,referencegame,agent_core_tools_qwen3,line_grids_rows,episode_00011,Main Score,100.0
1189,referencegame,agent_core_tools_qwen3,line_grids_rows,episode_00011,Request Success Ratio,1.0
1190,referencegame,agent_core_tools_qwen3,line_grids_rows,episode_00012,Generated Expression Length,101.0
1191,referencegame,agent_core_tools_qwen3,line_grids_rows,episode_00012,Generated Expression Number of Tokens,18.0
1192,referencegame,agent_core_tools_qwen3,line_grids_rows,episode_00012,Aborted at Player 1,0.0
1193,referencegame,agent_core_tools_qwen3,line_grids_rows,episode_00012,Aborted at Player 2,0.0
1194,referencegame,agent_core_tools_qwen3,line_grids_rows,episode_00012,Request Count,2.0
1195,referencegame,agent_core_tools_qwen3,line_grids_rows,episode_00012,Parsed Request Count,2.0
1196,referencegame,agent_core_tools_qwen3,line_grids_rows,episode_00012,Violated Request Count,0.0
1197,referencegame,agent_core_tools_qwen3,line_grids_rows,episode_00012,Aborted,0.0
1198,referencegame,agent_core_tools_qwen3,line_grids_rows,episode_00012,Success,1.0
1199,referencegame,agent_core_tools_qwen3,line_grids_rows,episode_00012,Lose,0.0
1200,referencegame,agent_core_tools_qwen3,line_grids_rows,episode_00012,Main Score,100.0
1201,referencegame,agent_core_tools_qwen3,line_grids_rows,episode_00012,Request Success Ratio,1.0
1202,referencegame,agent_core_tools_qwen3,line_grids_rows,episode_00013,Generated Expression Length,106.0
1203,referencegame,agent_core_tools_qwen3,line_grids_rows,episode_00013,Generated Expression Number of Tokens,20.0
1204,referencegame,agent_core_tools_qwen3,line_grids_rows,episode_00013,Aborted at Player 1,0.0
1205,referencegame,agent_core_tools_qwen3,line_grids_rows,episode_00013,Aborted at Player 2,0.0
1206,referencegame,agent_core_tools_qwen3,line_grids_rows,episode_00013,Request Count,2.0
1207,referencegame,agent_core_tools_qwen3,line_grids_rows,episode_00013,Parsed Request Count,2.0
1208,referencegame,agent_core_tools_qwen3,line_grids_rows,episode_00013,Violated Request Count,0.0
1209,referencegame,agent_core_tools_qwen3,line_grids_rows,episode_00013,Aborted,0.0
1210,referencegame,agent_core_tools_qwen3,line_grids_rows,episode_00013,Success,1.0
1211,referencegame,agent_core_tools_qwen3,line_grids_rows,episode_00013,Lose,0.0
1212,referencegame,agent_core_tools_qwen3,line_grids_rows,episode_00013,Main Score,100.0
1213,referencegame,agent_core_tools_qwen3,line_grids_rows,episode_00013,Request Success Ratio,1.0
1214,referencegame,agent_core_tools_qwen3,line_grids_rows,episode_00014,Generated Expression Length,145.0
1215,referencegame,agent_core_tools_qwen3,line_grids_rows,episode_00014,Generated Expression Number of Tokens,26.0
1216,referencegame,agent_core_tools_qwen3,line_grids_rows,episode_00014,Aborted at Player 1,0.0
1217,referencegame,agent_core_tools_qwen3,line_grids_rows,episode_00014,Aborted at Player 2,0.0
1218,referencegame,agent_core_tools_qwen3,line_grids_rows,episode_00014,Request Count,2.0
1219,referencegame,agent_core_tools_qwen3,line_grids_rows,episode_00014,Parsed Request Count,2.0
1220,referencegame,agent_core_tools_qwen3,line_grids_rows,episode_00014,Violated Request Count,0.0
1221,referencegame,agent_core_tools_qwen3,line_grids_rows,episode_00014,Aborted,0.0
1222,referencegame,agent_core_tools_qwen3,line_grids_rows,episode_00014,Success,0.0
1223,referencegame,agent_core_tools_qwen3,line_grids_rows,episode_00014,Lose,1.0
1224,referencegame,agent_core_tools_qwen3,line_grids_rows,episode_00014,Main Score,0.0
1225,referencegame,agent_core_tools_qwen3,line_grids_rows,episode_00014,Request Success Ratio,1.0
1226,referencegame,agent_core_tools_qwen3,line_grids_rows,episode_00015,Generated Expression Length,76.0
1227,referencegame,agent_core_tools_qwen3,line_grids_rows,episode_00015,Generated Expression Number of Tokens,14.0
1228,referencegame,agent_core_tools_qwen3,line_grids_rows,episode_00015,Aborted at Player 1,0.0
1229,referencegame,agent_core_tools_qwen3,line_grids_rows,episode_00015,Aborted at Player 2,0.0
1230,referencegame,agent_core_tools_qwen3,line_grids_rows,episode_00015,Request Count,2.0
1231,referencegame,agent_core_tools_qwen3,line_grids_rows,episode_00015,Parsed Request Count,2.0
1232,referencegame,agent_core_tools_qwen3,line_grids_rows,episode_00015,Violated Request Count,0.0
1233,referencegame,agent_core_tools_qwen3,line_grids_rows,episode_00015,Aborted,0.0
1234,referencegame,agent_core_tools_qwen3,line_grids_rows,episode_00015,Success,0.0
1235,referencegame,agent_core_tools_qwen3,line_grids_rows,episode_00015,Lose,1.0
1236,referencegame,agent_core_tools_qwen3,line_grids_rows,episode_00015,Main Score,0.0
1237,referencegame,agent_core_tools_qwen3,line_grids_rows,episode_00015,Request Success Ratio,1.0
1238,referencegame,agent_core_tools_qwen3,number_grids,episode_00006,Aborted at Player 1,1.0
1239,referencegame,agent_core_tools_qwen3,number_grids,episode_00006,Aborted at Player 2,0.0
1240,referencegame,agent_core_tools_qwen3,number_grids,episode_00006,Generated Expression Length,
1241,referencegame,agent_core_tools_qwen3,number_grids,episode_00006,Generated Expression Number of Tokens,
1242,referencegame,agent_core_tools_qwen3,number_grids,episode_00006,Request Count,1.0
1243,referencegame,agent_core_tools_qwen3,number_grids,episode_00006,Parsed Request Count,0.0
1244,referencegame,agent_core_tools_qwen3,number_grids,episode_00006,Violated Request Count,1.0
1245,referencegame,agent_core_tools_qwen3,number_grids,episode_00006,Aborted,1.0
1246,referencegame,agent_core_tools_qwen3,number_grids,episode_00006,Success,
1247,referencegame,agent_core_tools_qwen3,number_grids,episode_00006,Lose,
1248,referencegame,agent_core_tools_qwen3,number_grids,episode_00006,Main Score,
1249,referencegame,agent_core_tools_qwen3,number_grids,episode_00006,Request Success Ratio,0.0
1250,referencegame,agent_core_tools_qwen3,number_grids,episode_00007,Generated Expression Length,95.0
1251,referencegame,agent_core_tools_qwen3,number_grids,episode_00007,Generated Expression Number of Tokens,19.0
1252,referencegame,agent_core_tools_qwen3,number_grids,episode_00007,Aborted at Player 1,0.0
1253,referencegame,agent_core_tools_qwen3,number_grids,episode_00007,Aborted at Player 2,0.0
1254,referencegame,agent_core_tools_qwen3,number_grids,episode_00007,Request Count,2.0
1255,referencegame,agent_core_tools_qwen3,number_grids,episode_00007,Parsed Request Count,2.0
1256,referencegame,agent_core_tools_qwen3,number_grids,episode_00007,Violated Request Count,0.0
1257,referencegame,agent_core_tools_qwen3,number_grids,episode_00007,Aborted,0.0
1258,referencegame,agent_core_tools_qwen3,number_grids,episode_00007,Success,0.0
1259,referencegame,agent_core_tools_qwen3,number_grids,episode_00007,Lose,1.0
1260,referencegame,agent_core_tools_qwen3,number_grids,episode_00007,Main Score,0.0
1261,referencegame,agent_core_tools_qwen3,number_grids,episode_00007,Request Success Ratio,1.0
1262,referencegame,agent_core_tools_qwen3,number_grids,episode_00008,Generated Expression Length,111.0
1263,referencegame,agent_core_tools_qwen3,number_grids,episode_00008,Generated Expression Number of Tokens,23.0
1264,referencegame,agent_core_tools_qwen3,number_grids,episode_00008,Aborted at Player 1,0.0
1265,referencegame,agent_core_tools_qwen3,number_grids,episode_00008,Aborted at Player 2,0.0
1266,referencegame,agent_core_tools_qwen3,number_grids,episode_00008,Request Count,2.0
1267,referencegame,agent_core_tools_qwen3,number_grids,episode_00008,Parsed Request Count,2.0
1268,referencegame,agent_core_tools_qwen3,number_grids,episode_00008,Violated Request Count,0.0
1269,referencegame,agent_core_tools_qwen3,number_grids,episode_00008,Aborted,0.0
1270,referencegame,agent_core_tools_qwen3,number_grids,episode_00008,Success,1.0
1271,referencegame,agent_core_tools_qwen3,number_grids,episode_00008,Lose,0.0
1272,referencegame,agent_core_tools_qwen3,number_grids,episode_00008,Main Score,100.0
1273,referencegame,agent_core_tools_qwen3,number_grids,episode_00008,Request Success Ratio,1.0
1274,referencegame,agent_core_tools_qwen3,number_grids,episode_00009,Generated Expression Length,58.0
1275,referencegame,agent_core_tools_qwen3,number_grids,episode_00009,Generated Expression Number of Tokens,12.0
1276,referencegame,agent_core_tools_qwen3,number_grids,episode_00009,Aborted at Player 1,0.0
1277,referencegame,agent_core_tools_qwen3,number_grids,episode_00009,Aborted at Player 2,0.0
1278,referencegame,agent_core_tools_qwen3,number_grids,episode_00009,Request Count,2.0
1279,referencegame,agent_core_tools_qwen3,number_grids,episode_00009,Parsed Request Count,2.0
1280,referencegame,agent_core_tools_qwen3,number_grids,episode_00009,Violated Request Count,0.0
1281,referencegame,agent_core_tools_qwen3,number_grids,episode_00009,Aborted,0.0
1282,referencegame,agent_core_tools_qwen3,number_grids,episode_00009,Success,1.0
1283,referencegame,agent_core_tools_qwen3,number_grids,episode_00009,Lose,0.0
1284,referencegame,agent_core_tools_qwen3,number_grids,episode_00009,Main Score,100.0
1285,referencegame,agent_core_tools_qwen3,number_grids,episode_00009,Request Success Ratio,1.0
1286,referencegame,agent_core_tools_qwen3,number_grids,episode_00010,Generated Expression Length,77.0
1287,referencegame,agent_core_tools_qwen3,number_grids,episode_00010,Generated Expression Number of Tokens,16.0
1288,referencegame,agent_core_tools_qwen3,number_grids,episode_00010,Aborted at Player 1,0.0
1289,referencegame,agent_core_tools_qwen3,number_grids,episode_00010,Aborted at Player 2,0.0
1290,referencegame,agent_core_tools_qwen3,number_grids,episode_00010,Request Count,2.0
1291,referencegame,agent_core_tools_qwen3,number_grids,episode_00010,Parsed Request Count,2.0
1292,referencegame,agent_core_tools_qwen3,number_grids,episode_00010,Violated Request Count,0.0
1293,referencegame,agent_core_tools_qwen3,number_grids,episode_00010,Aborted,0.0
1294,referencegame,agent_core_tools_qwen3,number_grids,episode_00010,Success,1.0
1295,referencegame,agent_core_tools_qwen3,number_grids,episode_00010,Lose,0.0
1296,referencegame,agent_core_tools_qwen3,number_grids,episode_00010,Main Score,100.0
1297,referencegame,agent_core_tools_qwen3,number_grids,episode_00010,Request Success Ratio,1.0
1298,referencegame,agent_core_tools_qwen3,random_grids,episode_00021,Generated Expression Length,285.0
1299,referencegame,agent_core_tools_qwen3,random_grids,episode_00021,Generated Expression Number of Tokens,50.0
1300,referencegame,agent_core_tools_qwen3,random_grids,episode_00021,Aborted at Player 1,0.0
1301,referencegame,agent_core_tools_qwen3,random_grids,episode_00021,Aborted at Player 2,0.0
1302,referencegame,agent_core_tools_qwen3,random_grids,episode_00021,Request Count,2.0
1303,referencegame,agent_core_tools_qwen3,random_grids,episode_00021,Parsed Request Count,2.0
1304,referencegame,agent_core_tools_qwen3,random_grids,episode_00021,Violated Request Count,0.0
1305,referencegame,agent_core_tools_qwen3,random_grids,episode_00021,Aborted,0.0
1306,referencegame,agent_core_tools_qwen3,random_grids,episode_00021,Success,1.0
1307,referencegame,agent_core_tools_qwen3,random_grids,episode_00021,Lose,0.0
1308,referencegame,agent_core_tools_qwen3,random_grids,episode_00021,Main Score,100.0
1309,referencegame,agent_core_tools_qwen3,random_grids,episode_00021,Request Success Ratio,1.0
1310,referencegame,agent_core_tools_qwen3,random_grids,episode_00022,Generated Expression Length,244.0
1311,referencegame,agent_core_tools_qwen3,random_grids,episode_00022,Generated Expression Number of Tokens,46.0
1312,referencegame,agent_core_tools_qwen3,random_grids,episode_00022,Aborted at Player 1,0.0
1313,referencegame,agent_core_tools_qwen3,random_grids,episode_00022,Aborted at Player 2,0.0
1314,referencegame,agent_core_tools_qwen3,random_grids,episode_00022,Request Count,2.0
1315,referencegame,agent_core_tools_qwen3,random_grids,episode_00022,Parsed Request Count,2.0
1316,referencegame,agent_core_tools_qwen3,random_grids,episode_00022,Violated Request Count,0.0
1317,referencegame,agent_core_tools_qwen3,random_grids,episode_00022,Aborted,0.0
1318,referencegame,agent_core_tools_qwen3,random_grids,episode_00022,Success,0.0
1319,referencegame,agent_core_tools_qwen3,random_grids,episode_00022,Lose,1.0
1320,referencegame,agent_core_tools_qwen3,random_grids,episode_00022,Main Score,0.0
1321,referencegame,agent_core_tools_qwen3,random_grids,episode_00022,Request Success Ratio,1.0
1322,referencegame,agent_core_tools_qwen3,random_grids,episode_00023,Generated Expression Length,163.0
1323,referencegame,agent_core_tools_qwen3,random_grids,episode_00023,Generated Expression Number of Tokens,28.0
1324,referencegame,agent_core_tools_qwen3,random_grids,episode_00023,Aborted at Player 1,0.0
1325,referencegame,agent_core_tools_qwen3,random_grids,episode_00023,Aborted at Player 2,0.0
1326,referencegame,agent_core_tools_qwen3,random_grids,episode_00023,Request Count,2.0
1327,referencegame,agent_core_tools_qwen3,random_grids,episode_00023,Parsed Request Count,2.0
1328,referencegame,agent_core_tools_qwen3,random_grids,episode_00023,Violated Request Count,0.0
1329,referencegame,agent_core_tools_qwen3,random_grids,episode_00023,Aborted,0.0
1330,referencegame,agent_core_tools_qwen3,random_grids,episode_00023,Success,0.0
1331,referencegame,agent_core_tools_qwen3,random_grids,episode_00023,Lose,1.0
1332,referencegame,agent_core_tools_qwen3,random_grids,episode_00023,Main Score,0.0
1333,referencegame,agent_core_tools_qwen3,random_grids,episode_00023,Request Success Ratio,1.0
1334,referencegame,agent_core_tools_qwen3,random_grids,episode_00024,Aborted at Player 1,1.0
1335,referencegame,agent_core_tools_qwen3,random_grids,episode_00024,Aborted at Player 2,0.0
1336,referencegame,agent_core_tools_qwen3,random_grids,episode_00024,Generated Expression Length,
1337,referencegame,agent_core_tools_qwen3,random_grids,episode_00024,Generated Expression Number of Tokens,
1338,referencegame,agent_core_tools_qwen3,random_grids,episode_00024,Request Count,1.0
1339,referencegame,agent_core_tools_qwen3,random_grids,episode_00024,Parsed Request Count,0.0
1340,referencegame,agent_core_tools_qwen3,random_grids,episode_00024,Violated Request Count,1.0
1341,referencegame,agent_core_tools_qwen3,random_grids,episode_00024,Aborted,1.0
1342,referencegame,agent_core_tools_qwen3,random_grids,episode_00024,Success,
1343,referencegame,agent_core_tools_qwen3,random_grids,episode_00024,Lose,
1344,referencegame,agent_core_tools_qwen3,random_grids,episode_00024,Main Score,
1345,referencegame,agent_core_tools_qwen3,random_grids,episode_00024,Request Success Ratio,0.0
1346,referencegame,agent_core_tools_qwen3,random_grids,episode_00025,Generated Expression Length,106.0
1347,referencegame,agent_core_tools_qwen3,random_grids,episode_00025,Generated Expression Number of Tokens,17.0
1348,referencegame,agent_core_tools_qwen3,random_grids,episode_00025,Aborted at Player 1,0.0
1349,referencegame,agent_core_tools_qwen3,random_grids,episode_00025,Aborted at Player 2,0.0
1350,referencegame,agent_core_tools_qwen3,random_grids,episode_00025,Request Count,2.0
1351,referencegame,agent_core_tools_qwen3,random_grids,episode_00025,Parsed Request Count,2.0
1352,referencegame,agent_core_tools_qwen3,random_grids,episode_00025,Violated Request Count,0.0
1353,referencegame,agent_core_tools_qwen3,random_grids,episode_00025,Aborted,0.0
1354,referencegame,agent_core_tools_qwen3,random_grids,episode_00025,Success,1.0
1355,referencegame,agent_core_tools_qwen3,random_grids,episode_00025,Lose,0.0
1356,referencegame,agent_core_tools_qwen3,random_grids,episode_00025,Main Score,100.0
1357,referencegame,agent_core_tools_qwen3,random_grids,episode_00025,Request Success Ratio,1.0
1358,taboo,agent_core_tools_qwen3,high_en,episode_00001,Violated Request Count,0.0
1359,taboo,agent_core_tools_qwen3,high_en,episode_00001,Parsed Request Count,3.0
1360,taboo,agent_core_tools_qwen3,high_en,episode_00001,Request Count,3.0
1361,taboo,agent_core_tools_qwen3,high_en,episode_00001,Request Success Ratio,1.0
1362,taboo,agent_core_tools_qwen3,high_en,episode_00001,Aborted,0.0
1363,taboo,agent_core_tools_qwen3,high_en,episode_00001,Success,0.0
1364,taboo,agent_core_tools_qwen3,high_en,episode_00001,Lose,1.0
1365,taboo,agent_core_tools_qwen3,high_en,episode_00001,Main Score,0.0
1366,taboo,agent_core_tools_qwen3,high_en,episode_00001,Repetition-Guesser,0.0
1367,taboo,agent_core_tools_qwen3,high_en,episode_00001,Repetition-Describer,0.0
1368,taboo,agent_core_tools_qwen3,high_en,episode_00002,Violated Request Count,0.0
1369,taboo,agent_core_tools_qwen3,high_en,episode_00002,Parsed Request Count,1.0
1370,taboo,agent_core_tools_qwen3,high_en,episode_00002,Request Count,1.0
1371,taboo,agent_core_tools_qwen3,high_en,episode_00002,Request Success Ratio,1.0
1372,taboo,agent_core_tools_qwen3,high_en,episode_00002,Aborted,0.0
1373,taboo,agent_core_tools_qwen3,high_en,episode_00002,Success,0.0
1374,taboo,agent_core_tools_qwen3,high_en,episode_00002,Lose,1.0
1375,taboo,agent_core_tools_qwen3,high_en,episode_00002,Main Score,0.0
1376,taboo,agent_core_tools_qwen3,high_en,episode_00002,Repetition-Guesser,0.0
1377,taboo,agent_core_tools_qwen3,high_en,episode_00002,Repetition-Describer,0.0
1378,taboo,agent_core_tools_qwen3,high_en,episode_00003,Violated Request Count,0.0
1379,taboo,agent_core_tools_qwen3,high_en,episode_00003,Parsed Request Count,1.0
1380,taboo,agent_core_tools_qwen3,high_en,episode_00003,Request Count,1.0
1381,taboo,agent_core_tools_qwen3,high_en,episode_00003,Request Success Ratio,1.0
1382,taboo,agent_core_tools_qwen3,high_en,episode_00003,Aborted,0.0
1383,taboo,agent_core_tools_qwen3,high_en,episode_00003,Success,1.0
1384,taboo,agent_core_tools_qwen3,high_en,episode_00003,Lose,0.0
1385,taboo,agent_core_tools_qwen3,high_en,episode_00003,Main Score,100.0
1386,taboo,agent_core_tools_qwen3,high_en,episode_00003,Repetition-Guesser,0.0
1387,taboo,agent_core_tools_qwen3,high_en,episode_00003,Repetition-Describer,0.0
1388,taboo,agent_core_tools_qwen3,high_en,episode_00004,Violated Request Count,0.0
1389,taboo,agent_core_tools_qwen3,high_en,episode_00004,Parsed Request Count,2.0
1390,taboo,agent_core_tools_qwen3,high_en,episode_00004,Request Count,2.0
1391,taboo,agent_core_tools_qwen3,high_en,episode_00004,Request Success Ratio,1.0
1392,taboo,agent_core_tools_qwen3,high_en,episode_00004,Aborted,0.0
1393,taboo,agent_core_tools_qwen3,high_en,episode_00004,Success,0.0
1394,taboo,agent_core_tools_qwen3,high_en,episode_00004,Lose,1.0
1395,taboo,agent_core_tools_qwen3,high_en,episode_00004,Main Score,0.0
1396,taboo,agent_core_tools_qwen3,high_en,episode_00004,Repetition-Guesser,0.0
1397,taboo,agent_core_tools_qwen3,high_en,episode_00004,Repetition-Describer,0.0
1398,taboo,agent_core_tools_qwen3,high_en,episode_00005,Violated Request Count,0.0
1399,taboo,agent_core_tools_qwen3,high_en,episode_00005,Parsed Request Count,2.0
1400,taboo,agent_core_tools_qwen3,high_en,episode_00005,Request Count,2.0
1401,taboo,agent_core_tools_qwen3,high_en,episode_00005,Request Success Ratio,1.0
1402,taboo,agent_core_tools_qwen3,high_en,episode_00005,Aborted,0.0
1403,taboo,agent_core_tools_qwen3,high_en,episode_00005,Success,0.0
1404,taboo,agent_core_tools_qwen3,high_en,episode_00005,Lose,1.0
1405,taboo,agent_core_tools_qwen3,high_en,episode_00005,Main Score,0.0
1406,taboo,agent_core_tools_qwen3,high_en,episode_00005,Repetition-Guesser,0.0
1407,taboo,agent_core_tools_qwen3,high_en,episode_00005,Repetition-Describer,0.0
1408,taboo,agent_core_tools_qwen3,low_en,episode_00011,Violated Request Count,0.0
1409,taboo,agent_core_tools_qwen3,low_en,episode_00011,Parsed Request Count,1.0
1410,taboo,agent_core_tools_qwen3,low_en,episode_00011,Request Count,1.0
1411,taboo,agent_core_tools_qwen3,low_en,episode_00011,Request Success Ratio,1.0
1412,taboo,agent_core_tools_qwen3,low_en,episode_00011,Aborted,0.0
1413,taboo,agent_core_tools_qwen3,low_en,episode_00011,Success,0.0
1414,taboo,agent_core_tools_qwen3,low_en,episode_00011,Lose,1.0
1415,taboo,agent_core_tools_qwen3,low_en,episode_00011,Main Score,0.0
1416,taboo,agent_core_tools_qwen3,low_en,episode_00011,Repetition-Guesser,0.0
1417,taboo,agent_core_tools_qwen3,low_en,episode_00011,Repetition-Describer,0.0
1418,taboo,agent_core_tools_qwen3,low_en,episode_00012,Violated Request Count,0.0
1419,taboo,agent_core_tools_qwen3,low_en,episode_00012,Parsed Request Count,1.0
1420,taboo,agent_core_tools_qwen3,low_en,episode_00012,Request Count,1.0
1421,taboo,agent_core_tools_qwen3,low_en,episode_00012,Request Success Ratio,1.0
1422,taboo,agent_core_tools_qwen3,low_en,episode_00012,Aborted,0.0
1423,taboo,agent_core_tools_qwen3,low_en,episode_00012,Success,0.0
1424,taboo,agent_core_tools_qwen3,low_en,episode_00012,Lose,1.0
1425,taboo,agent_core_tools_qwen3,low_en,episode_00012,Main Score,0.0
1426,taboo,agent_core_tools_qwen3,low_en,episode_00012,Repetition-Guesser,0.0
1427,taboo,agent_core_tools_qwen3,low_en,episode_00012,Repetition-Describer,0.0
1428,taboo,agent_core_tools_qwen3,low_en,episode_00013,Violated Request Count,0.0
1429,taboo,agent_core_tools_qwen3,low_en,episode_00013,Parsed Request Count,3.0
1430,taboo,agent_core_tools_qwen3,low_en,episode_00013,Request Count,3.0
1431,taboo,agent_core_tools_qwen3,low_en,episode_00013,Request Success Ratio,1.0
1432,taboo,agent_core_tools_qwen3,low_en,episode_00013,Aborted,0.0
1433,taboo,agent_core_tools_qwen3,low_en,episode_00013,Success,0.0
1434,taboo,agent_core_tools_qwen3,low_en,episode_00013,Lose,1.0
1435,taboo,agent_core_tools_qwen3,low_en,episode_00013,Main Score,0.0
1436,taboo,agent_core_tools_qwen3,low_en,episode_00013,Repetition-Guesser,0.0
1437,taboo,agent_core_tools_qwen3,low_en,episode_00013,Repetition-Describer,0.0
1438,taboo,agent_core_tools_qwen3,low_en,episode_00014,Violated Request Count,0.0
1439,taboo,agent_core_tools_qwen3,low_en,episode_00014,Parsed Request Count,3.0
1440,taboo,agent_core_tools_qwen3,low_en,episode_00014,Request Count,3.0
1441,taboo,agent_core_tools_qwen3,low_en,episode_00014,Request Success Ratio,1.0
1442,taboo,agent_core_tools_qwen3,low_en,episode_00014,Aborted,0.0
1443,taboo,agent_core_tools_qwen3,low_en,episode_00014,Success,0.0
1444,taboo,agent_core_tools_qwen3,low_en,episode_00014,Lose,1.0
1445,taboo,agent_core_tools_qwen3,low_en,episode_00014,Main Score,0.0
1446,taboo,agent_core_tools_qwen3,low_en,episode_00014,Repetition-Guesser,0.0
1447,taboo,agent_core_tools_qwen3,low_en,episode_00014,Repetition-Describer,0.0
1448,taboo,agent_core_tools_qwen3,low_en,episode_00015,Violated Request Count,0.0
1449,taboo,agent_core_tools_qwen3,low_en,episode_00015,Parsed Request Count,2.0
1450,taboo,agent_core_tools_qwen3,low_en,episode_00015,Request Count,2.0
1451,taboo,agent_core_tools_qwen3,low_en,episode_00015,Request Success Ratio,1.0
1452,taboo,agent_core_tools_qwen3,low_en,episode_00015,Aborted,0.0
1453,taboo,agent_core_tools_qwen3,low_en,episode_00015,Success,1.0
1454,taboo,agent_core_tools_qwen3,low_en,episode_00015,Lose,0.0
1455,taboo,agent_core_tools_qwen3,low_en,episode_00015,Main Score,50.0
1456,taboo,agent_core_tools_qwen3,low_en,episode_00015,Repetition-Guesser,0.0
1457,taboo,agent_core_tools_qwen3,low_en,episode_00015,Repetition-Describer,0.0
1458,taboo,agent_core_tools_qwen3,medium_en,episode_00006,Violated Request Count,0.0
1459,taboo,agent_core_tools_qwen3,medium_en,episode_00006,Parsed Request Count,3.0
1460,taboo,agent_core_tools_qwen3,medium_en,episode_00006,Request Count,3.0
1461,taboo,agent_core_tools_qwen3,medium_en,episode_00006,Request Success Ratio,1.0
1462,taboo,agent_core_tools_qwen3,medium_en,episode_00006,Aborted,0.0
1463,taboo,agent_core_tools_qwen3,medium_en,episode_00006,Success,0.0
1464,taboo,agent_core_tools_qwen3,medium_en,episode_00006,Lose,1.0
1465,taboo,agent_core_tools_qwen3,medium_en,episode_00006,Main Score,0.0
1466,taboo,agent_core_tools_qwen3,medium_en,episode_00006,Repetition-Guesser,0.0
1467,taboo,agent_core_tools_qwen3,medium_en,episode_00006,Repetition-Describer,0.0
1468,taboo,agent_core_tools_qwen3,medium_en,episode_00007,Violated Request Count,0.0
1469,taboo,agent_core_tools_qwen3,medium_en,episode_00007,Parsed Request Count,2.0
1470,taboo,agent_core_tools_qwen3,medium_en,episode_00007,Request Count,2.0
1471,taboo,agent_core_tools_qwen3,medium_en,episode_00007,Request Success Ratio,1.0
1472,taboo,agent_core_tools_qwen3,medium_en,episode_00007,Aborted,0.0
1473,taboo,agent_core_tools_qwen3,medium_en,episode_00007,Success,1.0
1474,taboo,agent_core_tools_qwen3,medium_en,episode_00007,Lose,0.0
1475,taboo,agent_core_tools_qwen3,medium_en,episode_00007,Main Score,50.0
1476,taboo,agent_core_tools_qwen3,medium_en,episode_00007,Repetition-Guesser,0.0
1477,taboo,agent_core_tools_qwen3,medium_en,episode_00007,Repetition-Describer,0.0
1478,taboo,agent_core_tools_qwen3,medium_en,episode_00008,Violated Request Count,0.0
1479,taboo,agent_core_tools_qwen3,medium_en,episode_00008,Parsed Request Count,2.0
1480,taboo,agent_core_tools_qwen3,medium_en,episode_00008,Request Count,2.0
1481,taboo,agent_core_tools_qwen3,medium_en,episode_00008,Request Success Ratio,1.0
1482,taboo,agent_core_tools_qwen3,medium_en,episode_00008,Aborted,0.0
1483,taboo,agent_core_tools_qwen3,medium_en,episode_00008,Success,0.0
1484,taboo,agent_core_tools_qwen3,medium_en,episode_00008,Lose,1.0
1485,taboo,agent_core_tools_qwen3,medium_en,episode_00008,Main Score,0.0
1486,taboo,agent_core_tools_qwen3,medium_en,episode_00008,Repetition-Guesser,0.0
1487,taboo,agent_core_tools_qwen3,medium_en,episode_00008,Repetition-Describer,0.0
1488,taboo,agent_core_tools_qwen3,medium_en,episode_00009,Violated Request Count,0.0
1489,taboo,agent_core_tools_qwen3,medium_en,episode_00009,Parsed Request Count,3.0
1490,taboo,agent_core_tools_qwen3,medium_en,episode_00009,Request Count,3.0
1491,taboo,agent_core_tools_qwen3,medium_en,episode_00009,Request Success Ratio,1.0
1492,taboo,agent_core_tools_qwen3,medium_en,episode_00009,Aborted,0.0
1493,taboo,agent_core_tools_qwen3,medium_en,episode_00009,Success,0.0
1494,taboo,agent_core_tools_qwen3,medium_en,episode_00009,Lose,1.0
1495,taboo,agent_core_tools_qwen3,medium_en,episode_00009,Main Score,0.0
1496,taboo,agent_core_tools_qwen3,medium_en,episode_00009,Repetition-Guesser,0.0
1497,taboo,agent_core_tools_qwen3,medium_en,episode_00009,Repetition-Describer,0.0
1498,taboo,agent_core_tools_qwen3,medium_en,episode_00010,Violated Request Count,0.0
1499,taboo,agent_core_tools_qwen3,medium_en,episode_00010,Parsed Request Count,1.0
1500,taboo,agent_core_tools_qwen3,medium_en,episode_00010,Request Count,1.0
1501,taboo,agent_core_tools_qwen3,medium_en,episode_00010,Request Success Ratio,1.0
1502,taboo,agent_core_tools_qwen3,medium_en,episode_00010,Aborted,0.0
1503,taboo,agent_core_tools_qwen3,medium_en,episode_00010,Success,1.0
1504,taboo,agent_core_tools_qwen3,medium_en,episode_00010,Lose,0.0
1505,taboo,agent_core_tools_qwen3,medium_en,episode_00010,Main Score,100.0
1506,taboo,agent_core_tools_qwen3,medium_en,episode_00010,Repetition-Guesser,0.0
1507,taboo,agent_core_tools_qwen3,medium_en,episode_00010,Repetition-Describer,0.0
1508,textmapworld,agent_core_tools_qwen3,large,episode_00021,Success,0.0
1509,textmapworld,agent_core_tools_qwen3,large,episode_00021,Aborted,0.0
1510,textmapworld,agent_core_tools_qwen3,large,episode_00021,Lose,1.0
1511,textmapworld,agent_core_tools_qwen3,large,episode_00021,moves,12.0
1512,textmapworld,agent_core_tools_qwen3,large,episode_00021,valid_moves,12.0
1513,textmapworld,agent_core_tools_qwen3,large,episode_00021,invalid_moves,0.0
1514,textmapworld,agent_core_tools_qwen3,large,episode_00021,stopped,1.0
1515,textmapworld,agent_core_tools_qwen3,large,episode_00021,turns_limit,0.0
1516,textmapworld,agent_core_tools_qwen3,large,episode_00021,loops,0.0
1517,textmapworld,agent_core_tools_qwen3,large,episode_00021,number_visited,7.0
1518,textmapworld,agent_core_tools_qwen3,large,episode_00021,seen,8.0
1519,textmapworld,agent_core_tools_qwen3,large,episode_00021,efficiency,50.0
1520,textmapworld,agent_core_tools_qwen3,large,episode_00021,exploration,87.5
1521,textmapworld,agent_core_tools_qwen3,large,episode_00021,Main Score,63.63636363636363
1522,textmapworld,agent_core_tools_qwen3,large,episode_00022,Aborted,1.0
1523,textmapworld,agent_core_tools_qwen3,large,episode_00022,Success,0.0
1524,textmapworld,agent_core_tools_qwen3,large,episode_00022,Lose,0.0
1525,textmapworld,agent_core_tools_qwen3,large,episode_00022,moves,
1526,textmapworld,agent_core_tools_qwen3,large,episode_00022,valid_moves,
1527,textmapworld,agent_core_tools_qwen3,large,episode_00022,invalid_moves,
1528,textmapworld,agent_core_tools_qwen3,large,episode_00022,stopped,
1529,textmapworld,agent_core_tools_qwen3,large,episode_00022,turns_limit,
1530,textmapworld,agent_core_tools_qwen3,large,episode_00022,loops,
1531,textmapworld,agent_core_tools_qwen3,large,episode_00022,number_visited,
1532,textmapworld,agent_core_tools_qwen3,large,episode_00022,seen,
1533,textmapworld,agent_core_tools_qwen3,large,episode_00022,efficiency,
1534,textmapworld,agent_core_tools_qwen3,large,episode_00022,exploration,
1535,textmapworld,agent_core_tools_qwen3,large,episode_00022,Main Score,
1536,textmapworld,agent_core_tools_qwen3,large,episode_00023,Aborted,1.0
1537,textmapworld,agent_core_tools_qwen3,large,episode_00023,Success,0.0
1538,textmapworld,agent_core_tools_qwen3,large,episode_00023,Lose,0.0
1539,textmapworld,agent_core_tools_qwen3,large,episode_00023,moves,
1540,textmapworld,agent_core_tools_qwen3,large,episode_00023,valid_moves,
1541,textmapworld,agent_core_tools_qwen3,large,episode_00023,invalid_moves,
1542,textmapworld,agent_core_tools_qwen3,large,episode_00023,stopped,
1543,textmapworld,agent_core_tools_qwen3,large,episode_00023,turns_limit,
1544,textmapworld,agent_core_tools_qwen3,large,episode_00023,loops,
1545,textmapworld,agent_core_tools_qwen3,large,episode_00023,number_visited,
1546,textmapworld,agent_core_tools_qwen3,large,episode_00023,seen,
1547,textmapworld,agent_core_tools_qwen3,large,episode_00023,efficiency,
1548,textmapworld,agent_core_tools_qwen3,large,episode_00023,exploration,
1549,textmapworld,agent_core_tools_qwen3,large,episode_00023,Main Score,
1550,textmapworld,agent_core_tools_qwen3,large,episode_00024,Success,0.0
1551,textmapworld,agent_core_tools_qwen3,large,episode_00024,Aborted,0.0
1552,textmapworld,agent_core_tools_qwen3,large,episode_00024,Lose,1.0
1553,textmapworld,agent_core_tools_qwen3,large,episode_00024,moves,6.0
1554,textmapworld,agent_core_tools_qwen3,large,episode_00024,valid_moves,6.0
1555,textmapworld,agent_core_tools_qwen3,large,episode_00024,invalid_moves,0.0
1556,textmapworld,agent_core_tools_qwen3,large,episode_00024,stopped,1.0
1557,textmapworld,agent_core_tools_qwen3,large,episode_00024,turns_limit,0.0
1558,textmapworld,agent_core_tools_qwen3,large,episode_00024,loops,0.0
1559,textmapworld,agent_core_tools_qwen3,large,episode_00024,number_visited,4.0
1560,textmapworld,agent_core_tools_qwen3,large,episode_00024,seen,6.0
1561,textmapworld,agent_core_tools_qwen3,large,episode_00024,efficiency,66.66666666666666
1562,textmapworld,agent_core_tools_qwen3,large,episode_00024,exploration,50.0
1563,textmapworld,agent_core_tools_qwen3,large,episode_00024,Main Score,57.14285714285714
1564,textmapworld,agent_core_tools_qwen3,large,episode_00025,Aborted,1.0
1565,textmapworld,agent_core_tools_qwen3,large,episode_00025,Success,0.0
1566,textmapworld,agent_core_tools_qwen3,large,episode_00025,Lose,0.0
1567,textmapworld,agent_core_tools_qwen3,large,episode_00025,moves,
1568,textmapworld,agent_core_tools_qwen3,large,episode_00025,valid_moves,
1569,textmapworld,agent_core_tools_qwen3,large,episode_00025,invalid_moves,
1570,textmapworld,agent_core_tools_qwen3,large,episode_00025,stopped,
1571,textmapworld,agent_core_tools_qwen3,large,episode_00025,turns_limit,
1572,textmapworld,agent_core_tools_qwen3,large,episode_00025,loops,
1573,textmapworld,agent_core_tools_qwen3,large,episode_00025,number_visited,
1574,textmapworld,agent_core_tools_qwen3,large,episode_00025,seen,
1575,textmapworld,agent_core_tools_qwen3,large,episode_00025,efficiency,
1576,textmapworld,agent_core_tools_qwen3,large,episode_00025,exploration,
1577,textmapworld,agent_core_tools_qwen3,large,episode_00025,Main Score,
1578,textmapworld,agent_core_tools_qwen3,large,episode_00026,Success,0.0
1579,textmapworld,agent_core_tools_qwen3,large,episode_00026,Aborted,0.0
1580,textmapworld,agent_core_tools_qwen3,large,episode_00026,Lose,1.0
1581,textmapworld,agent_core_tools_qwen3,large,episode_00026,moves,6.0
1582,textmapworld,agent_core_tools_qwen3,large,episode_00026,valid_moves,6.0
1583,textmapworld,agent_core_tools_qwen3,large,episode_00026,invalid_moves,0.0
1584,textmapworld,agent_core_tools_qwen3,large,episode_00026,stopped,1.0
1585,textmapworld,agent_core_tools_qwen3,large,episode_00026,turns_limit,0.0
1586,textmapworld,agent_core_tools_qwen3,large,episode_00026,loops,0.0
1587,textmapworld,agent_core_tools_qwen3,large,episode_00026,number_visited,4.0
1588,textmapworld,agent_core_tools_qwen3,large,episode_00026,seen,6.0
1589,textmapworld,agent_core_tools_qwen3,large,episode_00026,efficiency,33.33333333333333
1590,textmapworld,agent_core_tools_qwen3,large,episode_00026,exploration,50.0
1591,textmapworld,agent_core_tools_qwen3,large,episode_00026,Main Score,40.0
1592,textmapworld,agent_core_tools_qwen3,large,episode_00027,Aborted,1.0
1593,textmapworld,agent_core_tools_qwen3,large,episode_00027,Success,0.0
1594,textmapworld,agent_core_tools_qwen3,large,episode_00027,Lose,0.0
1595,textmapworld,agent_core_tools_qwen3,large,episode_00027,moves,
1596,textmapworld,agent_core_tools_qwen3,large,episode_00027,valid_moves,
1597,textmapworld,agent_core_tools_qwen3,large,episode_00027,invalid_moves,
1598,textmapworld,agent_core_tools_qwen3,large,episode_00027,stopped,
1599,textmapworld,agent_core_tools_qwen3,large,episode_00027,turns_limit,
1600,textmapworld,agent_core_tools_qwen3,large,episode_00027,loops,
1601,textmapworld,agent_core_tools_qwen3,large,episode_00027,number_visited,
1602,textmapworld,agent_core_tools_qwen3,large,episode_00027,seen,
1603,textmapworld,agent_core_tools_qwen3,large,episode_00027,efficiency,
1604,textmapworld,agent_core_tools_qwen3,large,episode_00027,exploration,
1605,textmapworld,agent_core_tools_qwen3,large,episode_00027,Main Score,
1606,textmapworld,agent_core_tools_qwen3,large,episode_00028,Aborted,1.0
1607,textmapworld,agent_core_tools_qwen3,large,episode_00028,Success,0.0
1608,textmapworld,agent_core_tools_qwen3,large,episode_00028,Lose,0.0
1609,textmapworld,agent_core_tools_qwen3,large,episode_00028,moves,
1610,textmapworld,agent_core_tools_qwen3,large,episode_00028,valid_moves,
1611,textmapworld,agent_core_tools_qwen3,large,episode_00028,invalid_moves,
1612,textmapworld,agent_core_tools_qwen3,large,episode_00028,stopped,
1613,textmapworld,agent_core_tools_qwen3,large,episode_00028,turns_limit,
1614,textmapworld,agent_core_tools_qwen3,large,episode_00028,loops,
1615,textmapworld,agent_core_tools_qwen3,large,episode_00028,number_visited,
1616,textmapworld,agent_core_tools_qwen3,large,episode_00028,seen,
1617,textmapworld,agent_core_tools_qwen3,large,episode_00028,efficiency,
1618,textmapworld,agent_core_tools_qwen3,large,episode_00028,exploration,
1619,textmapworld,agent_core_tools_qwen3,large,episode_00028,Main Score,
1620,textmapworld,agent_core_tools_qwen3,large,episode_00029,Aborted,1.0
1621,textmapworld,agent_core_tools_qwen3,large,episode_00029,Success,0.0
1622,textmapworld,agent_core_tools_qwen3,large,episode_00029,Lose,0.0
1623,textmapworld,agent_core_tools_qwen3,large,episode_00029,moves,
1624,textmapworld,agent_core_tools_qwen3,large,episode_00029,valid_moves,
1625,textmapworld,agent_core_tools_qwen3,large,episode_00029,invalid_moves,
1626,textmapworld,agent_core_tools_qwen3,large,episode_00029,stopped,
1627,textmapworld,agent_core_tools_qwen3,large,episode_00029,turns_limit,
1628,textmapworld,agent_core_tools_qwen3,large,episode_00029,loops,
1629,textmapworld,agent_core_tools_qwen3,large,episode_00029,number_visited,
1630,textmapworld,agent_core_tools_qwen3,large,episode_00029,seen,
1631,textmapworld,agent_core_tools_qwen3,large,episode_00029,efficiency,
1632,textmapworld,agent_core_tools_qwen3,large,episode_00029,exploration,
1633,textmapworld,agent_core_tools_qwen3,large,episode_00029,Main Score,
1634,textmapworld,agent_core_tools_qwen3,large,episode_00030,Aborted,1.0
1635,textmapworld,agent_core_tools_qwen3,large,episode_00030,Success,0.0
1636,textmapworld,agent_core_tools_qwen3,large,episode_00030,Lose,0.0
1637,textmapworld,agent_core_tools_qwen3,large,episode_00030,moves,
1638,textmapworld,agent_core_tools_qwen3,large,episode_00030,valid_moves,
1639,textmapworld,agent_core_tools_qwen3,large,episode_00030,invalid_moves,
1640,textmapworld,agent_core_tools_qwen3,large,episode_00030,stopped,
1641,textmapworld,agent_core_tools_qwen3,large,episode_00030,turns_limit,
1642,textmapworld,agent_core_tools_qwen3,large,episode_00030,loops,
1643,textmapworld,agent_core_tools_qwen3,large,episode_00030,number_visited,
1644,textmapworld,agent_core_tools_qwen3,large,episode_00030,seen,
1645,textmapworld,agent_core_tools_qwen3,large,episode_00030,efficiency,
1646,textmapworld,agent_core_tools_qwen3,large,episode_00030,exploration,
1647,textmapworld,agent_core_tools_qwen3,large,episode_00030,Main Score,
1648,textmapworld,agent_core_tools_qwen3,large_cycle,episode_00041,Aborted,1.0
1649,textmapworld,agent_core_tools_qwen3,large_cycle,episode_00041,Success,0.0
1650,textmapworld,agent_core_tools_qwen3,large_cycle,episode_00041,Lose,0.0
1651,textmapworld,agent_core_tools_qwen3,large_cycle,episode_00041,moves,
1652,textmapworld,agent_core_tools_qwen3,large_cycle,episode_00041,valid_moves,
1653,textmapworld,agent_core_tools_qwen3,large_cycle,episode_00041,invalid_moves,
1654,textmapworld,agent_core_tools_qwen3,large_cycle,episode_00041,stopped,
1655,textmapworld,agent_core_tools_qwen3,large_cycle,episode_00041,turns_limit,
1656,textmapworld,agent_core_tools_qwen3,large_cycle,episode_00041,loops,
1657,textmapworld,agent_core_tools_qwen3,large_cycle,episode_00041,number_visited,
1658,textmapworld,agent_core_tools_qwen3,large_cycle,episode_00041,seen,
1659,textmapworld,agent_core_tools_qwen3,large_cycle,episode_00041,efficiency,
1660,textmapworld,agent_core_tools_qwen3,large_cycle,episode_00041,exploration,
1661,textmapworld,agent_core_tools_qwen3,large_cycle,episode_00041,Main Score,
1662,textmapworld,agent_core_tools_qwen3,large_cycle,episode_00042,Aborted,1.0
1663,textmapworld,agent_core_tools_qwen3,large_cycle,episode_00042,Success,0.0
1664,textmapworld,agent_core_tools_qwen3,large_cycle,episode_00042,Lose,0.0
1665,textmapworld,agent_core_tools_qwen3,large_cycle,episode_00042,moves,
1666,textmapworld,agent_core_tools_qwen3,large_cycle,episode_00042,valid_moves,
1667,textmapworld,agent_core_tools_qwen3,large_cycle,episode_00042,invalid_moves,
1668,textmapworld,agent_core_tools_qwen3,large_cycle,episode_00042,stopped,
1669,textmapworld,agent_core_tools_qwen3,large_cycle,episode_00042,turns_limit,
1670,textmapworld,agent_core_tools_qwen3,large_cycle,episode_00042,loops,
1671,textmapworld,agent_core_tools_qwen3,large_cycle,episode_00042,number_visited,
1672,textmapworld,agent_core_tools_qwen3,large_cycle,episode_00042,seen,
1673,textmapworld,agent_core_tools_qwen3,large_cycle,episode_00042,efficiency,
1674,textmapworld,agent_core_tools_qwen3,large_cycle,episode_00042,exploration,
1675,textmapworld,agent_core_tools_qwen3,large_cycle,episode_00042,Main Score,
1676,textmapworld,agent_core_tools_qwen3,large_cycle,episode_00043,Success,0.0
1677,textmapworld,agent_core_tools_qwen3,large_cycle,episode_00043,Aborted,0.0
1678,textmapworld,agent_core_tools_qwen3,large_cycle,episode_00043,Lose,1.0
1679,textmapworld,agent_core_tools_qwen3,large_cycle,episode_00043,moves,14.0
1680,textmapworld,agent_core_tools_qwen3,large_cycle,episode_00043,valid_moves,14.0
1681,textmapworld,agent_core_tools_qwen3,large_cycle,episode_00043,invalid_moves,0.0
1682,textmapworld,agent_core_tools_qwen3,large_cycle,episode_00043,stopped,1.0
1683,textmapworld,agent_core_tools_qwen3,large_cycle,episode_00043,turns_limit,0.0
1684,textmapworld,agent_core_tools_qwen3,large_cycle,episode_00043,loops,0.0
1685,textmapworld,agent_core_tools_qwen3,large_cycle,episode_00043,number_visited,7.0
1686,textmapworld,agent_core_tools_qwen3,large_cycle,episode_00043,seen,8.0
1687,textmapworld,agent_core_tools_qwen3,large_cycle,episode_00043,efficiency,71.42857142857143
1688,textmapworld,agent_core_tools_qwen3,large_cycle,episode_00043,exploration,87.5
1689,textmapworld,agent_core_tools_qwen3,large_cycle,episode_00043,Main Score,78.65168539325842
1690,textmapworld,agent_core_tools_qwen3,large_cycle,episode_00044,Aborted,1.0
1691,textmapworld,agent_core_tools_qwen3,large_cycle,episode_00044,Success,0.0
1692,textmapworld,agent_core_tools_qwen3,large_cycle,episode_00044,Lose,0.0
1693,textmapworld,agent_core_tools_qwen3,large_cycle,episode_00044,moves,
1694,textmapworld,agent_core_tools_qwen3,large_cycle,episode_00044,valid_moves,
1695,textmapworld,agent_core_tools_qwen3,large_cycle,episode_00044,invalid_moves,
1696,textmapworld,agent_core_tools_qwen3,large_cycle,episode_00044,stopped,
1697,textmapworld,agent_core_tools_qwen3,large_cycle,episode_00044,turns_limit,
1698,textmapworld,agent_core_tools_qwen3,large_cycle,episode_00044,loops,
1699,textmapworld,agent_core_tools_qwen3,large_cycle,episode_00044,number_visited,
1700,textmapworld,agent_core_tools_qwen3,large_cycle,episode_00044,seen,
1701,textmapworld,agent_core_tools_qwen3,large_cycle,episode_00044,efficiency,
1702,textmapworld,agent_core_tools_qwen3,large_cycle,episode_00044,exploration,
1703,textmapworld,agent_core_tools_qwen3,large_cycle,episode_00044,Main Score,
1704,textmapworld,agent_core_tools_qwen3,large_cycle,episode_00045,Aborted,1.0
1705,textmapworld,agent_core_tools_qwen3,large_cycle,episode_00045,Success,0.0
1706,textmapworld,agent_core_tools_qwen3,large_cycle,episode_00045,Lose,0.0
1707,textmapworld,agent_core_tools_qwen3,large_cycle,episode_00045,moves,
1708,textmapworld,agent_core_tools_qwen3,large_cycle,episode_00045,valid_moves,
1709,textmapworld,agent_core_tools_qwen3,large_cycle,episode_00045,invalid_moves,
1710,textmapworld,agent_core_tools_qwen3,large_cycle,episode_00045,stopped,
1711,textmapworld,agent_core_tools_qwen3,large_cycle,episode_00045,turns_limit,
1712,textmapworld,agent_core_tools_qwen3,large_cycle,episode_00045,loops,
1713,textmapworld,agent_core_tools_qwen3,large_cycle,episode_00045,number_visited,
1714,textmapworld,agent_core_tools_qwen3,large_cycle,episode_00045,seen,
1715,textmapworld,agent_core_tools_qwen3,large_cycle,episode_00045,efficiency,
1716,textmapworld,agent_core_tools_qwen3,large_cycle,episode_00045,exploration,
1717,textmapworld,agent_core_tools_qwen3,large_cycle,episode_00045,Main Score,
1718,textmapworld,agent_core_tools_qwen3,large_cycle,episode_00046,Aborted,1.0
1719,textmapworld,agent_core_tools_qwen3,large_cycle,episode_00046,Success,0.0
1720,textmapworld,agent_core_tools_qwen3,large_cycle,episode_00046,Lose,0.0
1721,textmapworld,agent_core_tools_qwen3,large_cycle,episode_00046,moves,
1722,textmapworld,agent_core_tools_qwen3,large_cycle,episode_00046,valid_moves,
1723,textmapworld,agent_core_tools_qwen3,large_cycle,episode_00046,invalid_moves,
1724,textmapworld,agent_core_tools_qwen3,large_cycle,episode_00046,stopped,
1725,textmapworld,agent_core_tools_qwen3,large_cycle,episode_00046,turns_limit,
1726,textmapworld,agent_core_tools_qwen3,large_cycle,episode_00046,loops,
1727,textmapworld,agent_core_tools_qwen3,large_cycle,episode_00046,number_visited,
1728,textmapworld,agent_core_tools_qwen3,large_cycle,episode_00046,seen,
1729,textmapworld,agent_core_tools_qwen3,large_cycle,episode_00046,efficiency,
1730,textmapworld,agent_core_tools_qwen3,large_cycle,episode_00046,exploration,
1731,textmapworld,agent_core_tools_qwen3,large_cycle,episode_00046,Main Score,
1732,textmapworld,agent_core_tools_qwen3,large_cycle,episode_00047,Aborted,1.0
1733,textmapworld,agent_core_tools_qwen3,large_cycle,episode_00047,Success,0.0
1734,textmapworld,agent_core_tools_qwen3,large_cycle,episode_00047,Lose,0.0
1735,textmapworld,agent_core_tools_qwen3,large_cycle,episode_00047,moves,
1736,textmapworld,agent_core_tools_qwen3,large_cycle,episode_00047,valid_moves,
1737,textmapworld,agent_core_tools_qwen3,large_cycle,episode_00047,invalid_moves,
1738,textmapworld,agent_core_tools_qwen3,large_cycle,episode_00047,stopped,
1739,textmapworld,agent_core_tools_qwen3,large_cycle,episode_00047,turns_limit,
1740,textmapworld,agent_core_tools_qwen3,large_cycle,episode_00047,loops,
1741,textmapworld,agent_core_tools_qwen3,large_cycle,episode_00047,number_visited,
1742,textmapworld,agent_core_tools_qwen3,large_cycle,episode_00047,seen,
1743,textmapworld,agent_core_tools_qwen3,large_cycle,episode_00047,efficiency,
1744,textmapworld,agent_core_tools_qwen3,large_cycle,episode_00047,exploration,
1745,textmapworld,agent_core_tools_qwen3,large_cycle,episode_00047,Main Score,
1746,textmapworld,agent_core_tools_qwen3,large_cycle,episode_00048,Aborted,1.0
1747,textmapworld,agent_core_tools_qwen3,large_cycle,episode_00048,Success,0.0
1748,textmapworld,agent_core_tools_qwen3,large_cycle,episode_00048,Lose,0.0
1749,textmapworld,agent_core_tools_qwen3,large_cycle,episode_00048,moves,
1750,textmapworld,agent_core_tools_qwen3,large_cycle,episode_00048,valid_moves,
1751,textmapworld,agent_core_tools_qwen3,large_cycle,episode_00048,invalid_moves,
1752,textmapworld,agent_core_tools_qwen3,large_cycle,episode_00048,stopped,
1753,textmapworld,agent_core_tools_qwen3,large_cycle,episode_00048,turns_limit,
1754,textmapworld,agent_core_tools_qwen3,large_cycle,episode_00048,loops,
1755,textmapworld,agent_core_tools_qwen3,large_cycle,episode_00048,number_visited,
1756,textmapworld,agent_core_tools_qwen3,large_cycle,episode_00048,seen,
1757,textmapworld,agent_core_tools_qwen3,large_cycle,episode_00048,efficiency,
1758,textmapworld,agent_core_tools_qwen3,large_cycle,episode_00048,exploration,
1759,textmapworld,agent_core_tools_qwen3,large_cycle,episode_00048,Main Score,
1760,textmapworld,agent_core_tools_qwen3,large_cycle,episode_00049,Aborted,1.0
1761,textmapworld,agent_core_tools_qwen3,large_cycle,episode_00049,Success,0.0
1762,textmapworld,agent_core_tools_qwen3,large_cycle,episode_00049,Lose,0.0
1763,textmapworld,agent_core_tools_qwen3,large_cycle,episode_00049,moves,
1764,textmapworld,agent_core_tools_qwen3,large_cycle,episode_00049,valid_moves,
1765,textmapworld,agent_core_tools_qwen3,large_cycle,episode_00049,invalid_moves,
1766,textmapworld,agent_core_tools_qwen3,large_cycle,episode_00049,stopped,
1767,textmapworld,agent_core_tools_qwen3,large_cycle,episode_00049,turns_limit,
1768,textmapworld,agent_core_tools_qwen3,large_cycle,episode_00049,loops,
1769,textmapworld,agent_core_tools_qwen3,large_cycle,episode_00049,number_visited,
1770,textmapworld,agent_core_tools_qwen3,large_cycle,episode_00049,seen,
1771,textmapworld,agent_core_tools_qwen3,large_cycle,episode_00049,efficiency,
1772,textmapworld,agent_core_tools_qwen3,large_cycle,episode_00049,exploration,
1773,textmapworld,agent_core_tools_qwen3,large_cycle,episode_00049,Main Score,
1774,textmapworld,agent_core_tools_qwen3,large_cycle,episode_00050,Success,0.0
1775,textmapworld,agent_core_tools_qwen3,large_cycle,episode_00050,Aborted,0.0
1776,textmapworld,agent_core_tools_qwen3,large_cycle,episode_00050,Lose,1.0
1777,textmapworld,agent_core_tools_qwen3,large_cycle,episode_00050,moves,12.0
1778,textmapworld,agent_core_tools_qwen3,large_cycle,episode_00050,valid_moves,12.0
1779,textmapworld,agent_core_tools_qwen3,large_cycle,episode_00050,invalid_moves,0.0
1780,textmapworld,agent_core_tools_qwen3,large_cycle,episode_00050,stopped,1.0
1781,textmapworld,agent_core_tools_qwen3,large_cycle,episode_00050,turns_limit,0.0
1782,textmapworld,agent_core_tools_qwen3,large_cycle,episode_00050,loops,0.0
1783,textmapworld,agent_core_tools_qwen3,large_cycle,episode_00050,number_visited,6.0
1784,textmapworld,agent_core_tools_qwen3,large_cycle,episode_00050,seen,7.0
1785,textmapworld,agent_core_tools_qwen3,large_cycle,episode_00050,efficiency,75.0
1786,textmapworld,agent_core_tools_qwen3,large_cycle,episode_00050,exploration,75.0
1787,textmapworld,agent_core_tools_qwen3,large_cycle,episode_00050,Main Score,75.0
1788,textmapworld,agent_core_tools_qwen3,medium,episode_00011,Success,0.0
1789,textmapworld,agent_core_tools_qwen3,medium,episode_00011,Aborted,0.0
1790,textmapworld,agent_core_tools_qwen3,medium,episode_00011,Lose,1.0
1791,textmapworld,agent_core_tools_qwen3,medium,episode_00011,moves,4.0
1792,textmapworld,agent_core_tools_qwen3,medium,episode_00011,valid_moves,4.0
1793,textmapworld,agent_core_tools_qwen3,medium,episode_00011,invalid_moves,0.0
1794,textmapworld,agent_core_tools_qwen3,medium,episode_00011,stopped,1.0
1795,textmapworld,agent_core_tools_qwen3,medium,episode_00011,turns_limit,0.0
1796,textmapworld,agent_core_tools_qwen3,medium,episode_00011,loops,2.0
1797,textmapworld,agent_core_tools_qwen3,medium,episode_00011,number_visited,2.0
1798,textmapworld,agent_core_tools_qwen3,medium,episode_00011,seen,3.0
1799,textmapworld,agent_core_tools_qwen3,medium,episode_00011,efficiency,75.0
1800,textmapworld,agent_core_tools_qwen3,medium,episode_00011,exploration,33.33333333333333
1801,textmapworld,agent_core_tools_qwen3,medium,episode_00011,Main Score,46.153846153846146
1802,textmapworld,agent_core_tools_qwen3,medium,episode_00012,Aborted,1.0
1803,textmapworld,agent_core_tools_qwen3,medium,episode_00012,Success,0.0
1804,textmapworld,agent_core_tools_qwen3,medium,episode_00012,Lose,0.0
1805,textmapworld,agent_core_tools_qwen3,medium,episode_00012,moves,
1806,textmapworld,agent_core_tools_qwen3,medium,episode_00012,valid_moves,
1807,textmapworld,agent_core_tools_qwen3,medium,episode_00012,invalid_moves,
1808,textmapworld,agent_core_tools_qwen3,medium,episode_00012,stopped,
1809,textmapworld,agent_core_tools_qwen3,medium,episode_00012,turns_limit,
1810,textmapworld,agent_core_tools_qwen3,medium,episode_00012,loops,
1811,textmapworld,agent_core_tools_qwen3,medium,episode_00012,number_visited,
1812,textmapworld,agent_core_tools_qwen3,medium,episode_00012,seen,
1813,textmapworld,agent_core_tools_qwen3,medium,episode_00012,efficiency,
1814,textmapworld,agent_core_tools_qwen3,medium,episode_00012,exploration,
1815,textmapworld,agent_core_tools_qwen3,medium,episode_00012,Main Score,
1816,textmapworld,agent_core_tools_qwen3,medium,episode_00013,Aborted,1.0
1817,textmapworld,agent_core_tools_qwen3,medium,episode_00013,Success,0.0
1818,textmapworld,agent_core_tools_qwen3,medium,episode_00013,Lose,0.0
1819,textmapworld,agent_core_tools_qwen3,medium,episode_00013,moves,
1820,textmapworld,agent_core_tools_qwen3,medium,episode_00013,valid_moves,
1821,textmapworld,agent_core_tools_qwen3,medium,episode_00013,invalid_moves,
1822,textmapworld,agent_core_tools_qwen3,medium,episode_00013,stopped,
1823,textmapworld,agent_core_tools_qwen3,medium,episode_00013,turns_limit,
1824,textmapworld,agent_core_tools_qwen3,medium,episode_00013,loops,
1825,textmapworld,agent_core_tools_qwen3,medium,episode_00013,number_visited,
1826,textmapworld,agent_core_tools_qwen3,medium,episode_00013,seen,
1827,textmapworld,agent_core_tools_qwen3,medium,episode_00013,efficiency,
1828,textmapworld,agent_core_tools_qwen3,medium,episode_00013,exploration,
1829,textmapworld,agent_core_tools_qwen3,medium,episode_00013,Main Score,
1830,textmapworld,agent_core_tools_qwen3,medium,episode_00014,Success,0.0
1831,textmapworld,agent_core_tools_qwen3,medium,episode_00014,Aborted,0.0
1832,textmapworld,agent_core_tools_qwen3,medium,episode_00014,Lose,1.0
1833,textmapworld,agent_core_tools_qwen3,medium,episode_00014,moves,4.0
1834,textmapworld,agent_core_tools_qwen3,medium,episode_00014,valid_moves,4.0
1835,textmapworld,agent_core_tools_qwen3,medium,episode_00014,invalid_moves,0.0
1836,textmapworld,agent_core_tools_qwen3,medium,episode_00014,stopped,1.0
1837,textmapworld,agent_core_tools_qwen3,medium,episode_00014,turns_limit,0.0
1838,textmapworld,agent_core_tools_qwen3,medium,episode_00014,loops,2.0
1839,textmapworld,agent_core_tools_qwen3,medium,episode_00014,number_visited,2.0
1840,textmapworld,agent_core_tools_qwen3,medium,episode_00014,seen,4.0
1841,textmapworld,agent_core_tools_qwen3,medium,episode_00014,efficiency,50.0
1842,textmapworld,agent_core_tools_qwen3,medium,episode_00014,exploration,33.33333333333333
1843,textmapworld,agent_core_tools_qwen3,medium,episode_00014,Main Score,40.0
1844,textmapworld,agent_core_tools_qwen3,medium,episode_00015,Aborted,1.0
1845,textmapworld,agent_core_tools_qwen3,medium,episode_00015,Success,0.0
1846,textmapworld,agent_core_tools_qwen3,medium,episode_00015,Lose,0.0
1847,textmapworld,agent_core_tools_qwen3,medium,episode_00015,moves,
1848,textmapworld,agent_core_tools_qwen3,medium,episode_00015,valid_moves,
1849,textmapworld,agent_core_tools_qwen3,medium,episode_00015,invalid_moves,
1850,textmapworld,agent_core_tools_qwen3,medium,episode_00015,stopped,
1851,textmapworld,agent_core_tools_qwen3,medium,episode_00015,turns_limit,
1852,textmapworld,agent_core_tools_qwen3,medium,episode_00015,loops,
1853,textmapworld,agent_core_tools_qwen3,medium,episode_00015,number_visited,
1854,textmapworld,agent_core_tools_qwen3,medium,episode_00015,seen,
1855,textmapworld,agent_core_tools_qwen3,medium,episode_00015,efficiency,
1856,textmapworld,agent_core_tools_qwen3,medium,episode_00015,exploration,
1857,textmapworld,agent_core_tools_qwen3,medium,episode_00015,Main Score,
1858,textmapworld,agent_core_tools_qwen3,medium,episode_00016,Success,0.0
1859,textmapworld,agent_core_tools_qwen3,medium,episode_00016,Aborted,0.0
1860,textmapworld,agent_core_tools_qwen3,medium,episode_00016,Lose,1.0
1861,textmapworld,agent_core_tools_qwen3,medium,episode_00016,moves,10.0
1862,textmapworld,agent_core_tools_qwen3,medium,episode_00016,valid_moves,10.0
1863,textmapworld,agent_core_tools_qwen3,medium,episode_00016,invalid_moves,0.0
1864,textmapworld,agent_core_tools_qwen3,medium,episode_00016,stopped,1.0
1865,textmapworld,agent_core_tools_qwen3,medium,episode_00016,turns_limit,0.0
1866,textmapworld,agent_core_tools_qwen3,medium,episode_00016,loops,0.0
1867,textmapworld,agent_core_tools_qwen3,medium,episode_00016,number_visited,4.0
1868,textmapworld,agent_core_tools_qwen3,medium,episode_00016,seen,5.0
1869,textmapworld,agent_core_tools_qwen3,medium,episode_00016,efficiency,70.0
1870,textmapworld,agent_core_tools_qwen3,medium,episode_00016,exploration,66.66666666666666
1871,textmapworld,agent_core_tools_qwen3,medium,episode_00016,Main Score,68.29268292682926
1872,textmapworld,agent_core_tools_qwen3,medium,episode_00017,Aborted,1.0
1873,textmapworld,agent_core_tools_qwen3,medium,episode_00017,Success,0.0
1874,textmapworld,agent_core_tools_qwen3,medium,episode_00017,Lose,0.0
1875,textmapworld,agent_core_tools_qwen3,medium,episode_00017,moves,
1876,textmapworld,agent_core_tools_qwen3,medium,episode_00017,valid_moves,
1877,textmapworld,agent_core_tools_qwen3,medium,episode_00017,invalid_moves,
1878,textmapworld,agent_core_tools_qwen3,medium,episode_00017,stopped,
1879,textmapworld,agent_core_tools_qwen3,medium,episode_00017,turns_limit,
1880,textmapworld,agent_core_tools_qwen3,medium,episode_00017,loops,
1881,textmapworld,agent_core_tools_qwen3,medium,episode_00017,number_visited,
1882,textmapworld,agent_core_tools_qwen3,medium,episode_00017,seen,
1883,textmapworld,agent_core_tools_qwen3,medium,episode_00017,efficiency,
1884,textmapworld,agent_core_tools_qwen3,medium,episode_00017,exploration,
1885,textmapworld,agent_core_tools_qwen3,medium,episode_00017,Main Score,
1886,textmapworld,agent_core_tools_qwen3,medium,episode_00018,Aborted,1.0
1887,textmapworld,agent_core_tools_qwen3,medium,episode_00018,Success,0.0
1888,textmapworld,agent_core_tools_qwen3,medium,episode_00018,Lose,0.0
1889,textmapworld,agent_core_tools_qwen3,medium,episode_00018,moves,
1890,textmapworld,agent_core_tools_qwen3,medium,episode_00018,valid_moves,
1891,textmapworld,agent_core_tools_qwen3,medium,episode_00018,invalid_moves,
1892,textmapworld,agent_core_tools_qwen3,medium,episode_00018,stopped,
1893,textmapworld,agent_core_tools_qwen3,medium,episode_00018,turns_limit,
1894,textmapworld,agent_core_tools_qwen3,medium,episode_00018,loops,
1895,textmapworld,agent_core_tools_qwen3,medium,episode_00018,number_visited,
1896,textmapworld,agent_core_tools_qwen3,medium,episode_00018,seen,
1897,textmapworld,agent_core_tools_qwen3,medium,episode_00018,efficiency,
1898,textmapworld,agent_core_tools_qwen3,medium,episode_00018,exploration,
1899,textmapworld,agent_core_tools_qwen3,medium,episode_00018,Main Score,
1900,textmapworld,agent_core_tools_qwen3,medium,episode_00019,Aborted,1.0
1901,textmapworld,agent_core_tools_qwen3,medium,episode_00019,Success,0.0
1902,textmapworld,agent_core_tools_qwen3,medium,episode_00019,Lose,0.0
1903,textmapworld,agent_core_tools_qwen3,medium,episode_00019,moves,
1904,textmapworld,agent_core_tools_qwen3,medium,episode_00019,valid_moves,
1905,textmapworld,agent_core_tools_qwen3,medium,episode_00019,invalid_moves,
1906,textmapworld,agent_core_tools_qwen3,medium,episode_00019,stopped,
1907,textmapworld,agent_core_tools_qwen3,medium,episode_00019,turns_limit,
1908,textmapworld,agent_core_tools_qwen3,medium,episode_00019,loops,
1909,textmapworld,agent_core_tools_qwen3,medium,episode_00019,number_visited,
1910,textmapworld,agent_core_tools_qwen3,medium,episode_00019,seen,
1911,textmapworld,agent_core_tools_qwen3,medium,episode_00019,efficiency,
1912,textmapworld,agent_core_tools_qwen3,medium,episode_00019,exploration,
1913,textmapworld,agent_core_tools_qwen3,medium,episode_00019,Main Score,
1914,textmapworld,agent_core_tools_qwen3,medium,episode_00020,Aborted,1.0
1915,textmapworld,agent_core_tools_qwen3,medium,episode_00020,Success,0.0
1916,textmapworld,agent_core_tools_qwen3,medium,episode_00020,Lose,0.0
1917,textmapworld,agent_core_tools_qwen3,medium,episode_00020,moves,
1918,textmapworld,agent_core_tools_qwen3,medium,episode_00020,valid_moves,
1919,textmapworld,agent_core_tools_qwen3,medium,episode_00020,invalid_moves,
1920,textmapworld,agent_core_tools_qwen3,medium,episode_00020,stopped,
1921,textmapworld,agent_core_tools_qwen3,medium,episode_00020,turns_limit,
1922,textmapworld,agent_core_tools_qwen3,medium,episode_00020,loops,
1923,textmapworld,agent_core_tools_qwen3,medium,episode_00020,number_visited,
1924,textmapworld,agent_core_tools_qwen3,medium,episode_00020,seen,
1925,textmapworld,agent_core_tools_qwen3,medium,episode_00020,efficiency,
1926,textmapworld,agent_core_tools_qwen3,medium,episode_00020,exploration,
1927,textmapworld,agent_core_tools_qwen3,medium,episode_00020,Main Score,
1928,textmapworld,agent_core_tools_qwen3,medium_cycle,episode_00031,Aborted,1.0
1929,textmapworld,agent_core_tools_qwen3,medium_cycle,episode_00031,Success,0.0
1930,textmapworld,agent_core_tools_qwen3,medium_cycle,episode_00031,Lose,0.0
1931,textmapworld,agent_core_tools_qwen3,medium_cycle,episode_00031,moves,
1932,textmapworld,agent_core_tools_qwen3,medium_cycle,episode_00031,valid_moves,
1933,textmapworld,agent_core_tools_qwen3,medium_cycle,episode_00031,invalid_moves,
1934,textmapworld,agent_core_tools_qwen3,medium_cycle,episode_00031,stopped,
1935,textmapworld,agent_core_tools_qwen3,medium_cycle,episode_00031,turns_limit,
1936,textmapworld,agent_core_tools_qwen3,medium_cycle,episode_00031,loops,
1937,textmapworld,agent_core_tools_qwen3,medium_cycle,episode_00031,number_visited,
1938,textmapworld,agent_core_tools_qwen3,medium_cycle,episode_00031,seen,
1939,textmapworld,agent_core_tools_qwen3,medium_cycle,episode_00031,efficiency,
1940,textmapworld,agent_core_tools_qwen3,medium_cycle,episode_00031,exploration,
1941,textmapworld,agent_core_tools_qwen3,medium_cycle,episode_00031,Main Score,
1942,textmapworld,agent_core_tools_qwen3,medium_cycle,episode_00032,Aborted,1.0
1943,textmapworld,agent_core_tools_qwen3,medium_cycle,episode_00032,Success,0.0
1944,textmapworld,agent_core_tools_qwen3,medium_cycle,episode_00032,Lose,0.0
1945,textmapworld,agent_core_tools_qwen3,medium_cycle,episode_00032,moves,
1946,textmapworld,agent_core_tools_qwen3,medium_cycle,episode_00032,valid_moves,
1947,textmapworld,agent_core_tools_qwen3,medium_cycle,episode_00032,invalid_moves,
1948,textmapworld,agent_core_tools_qwen3,medium_cycle,episode_00032,stopped,
1949,textmapworld,agent_core_tools_qwen3,medium_cycle,episode_00032,turns_limit,
1950,textmapworld,agent_core_tools_qwen3,medium_cycle,episode_00032,loops,
1951,textmapworld,agent_core_tools_qwen3,medium_cycle,episode_00032,number_visited,
1952,textmapworld,agent_core_tools_qwen3,medium_cycle,episode_00032,seen,
1953,textmapworld,agent_core_tools_qwen3,medium_cycle,episode_00032,efficiency,
1954,textmapworld,agent_core_tools_qwen3,medium_cycle,episode_00032,exploration,
1955,textmapworld,agent_core_tools_qwen3,medium_cycle,episode_00032,Main Score,
1956,textmapworld,agent_core_tools_qwen3,medium_cycle,episode_00033,Aborted,1.0
1957,textmapworld,agent_core_tools_qwen3,medium_cycle,episode_00033,Success,0.0
1958,textmapworld,agent_core_tools_qwen3,medium_cycle,episode_00033,Lose,0.0
1959,textmapworld,agent_core_tools_qwen3,medium_cycle,episode_00033,moves,
1960,textmapworld,agent_core_tools_qwen3,medium_cycle,episode_00033,valid_moves,
1961,textmapworld,agent_core_tools_qwen3,medium_cycle,episode_00033,invalid_moves,
1962,textmapworld,agent_core_tools_qwen3,medium_cycle,episode_00033,stopped,
1963,textmapworld,agent_core_tools_qwen3,medium_cycle,episode_00033,turns_limit,
1964,textmapworld,agent_core_tools_qwen3,medium_cycle,episode_00033,loops,
1965,textmapworld,agent_core_tools_qwen3,medium_cycle,episode_00033,number_visited,
1966,textmapworld,agent_core_tools_qwen3,medium_cycle,episode_00033,seen,
1967,textmapworld,agent_core_tools_qwen3,medium_cycle,episode_00033,efficiency,
1968,textmapworld,agent_core_tools_qwen3,medium_cycle,episode_00033,exploration,
1969,textmapworld,agent_core_tools_qwen3,medium_cycle,episode_00033,Main Score,
1970,textmapworld,agent_core_tools_qwen3,medium_cycle,episode_00034,Aborted,1.0
1971,textmapworld,agent_core_tools_qwen3,medium_cycle,episode_00034,Success,0.0
1972,textmapworld,agent_core_tools_qwen3,medium_cycle,episode_00034,Lose,0.0
1973,textmapworld,agent_core_tools_qwen3,medium_cycle,episode_00034,moves,
1974,textmapworld,agent_core_tools_qwen3,medium_cycle,episode_00034,valid_moves,
1975,textmapworld,agent_core_tools_qwen3,medium_cycle,episode_00034,invalid_moves,
1976,textmapworld,agent_core_tools_qwen3,medium_cycle,episode_00034,stopped,
1977,textmapworld,agent_core_tools_qwen3,medium_cycle,episode_00034,turns_limit,
1978,textmapworld,agent_core_tools_qwen3,medium_cycle,episode_00034,loops,
1979,textmapworld,agent_core_tools_qwen3,medium_cycle,episode_00034,number_visited,
1980,textmapworld,agent_core_tools_qwen3,medium_cycle,episode_00034,seen,
1981,textmapworld,agent_core_tools_qwen3,medium_cycle,episode_00034,efficiency,
1982,textmapworld,agent_core_tools_qwen3,medium_cycle,episode_00034,exploration,
1983,textmapworld,agent_core_tools_qwen3,medium_cycle,episode_00034,Main Score,
1984,textmapworld,agent_core_tools_qwen3,medium_cycle,episode_00035,Aborted,1.0
1985,textmapworld,agent_core_tools_qwen3,medium_cycle,episode_00035,Success,0.0
1986,textmapworld,agent_core_tools_qwen3,medium_cycle,episode_00035,Lose,0.0
1987,textmapworld,agent_core_tools_qwen3,medium_cycle,episode_00035,moves,
1988,textmapworld,agent_core_tools_qwen3,medium_cycle,episode_00035,valid_moves,
1989,textmapworld,agent_core_tools_qwen3,medium_cycle,episode_00035,invalid_moves,
1990,textmapworld,agent_core_tools_qwen3,medium_cycle,episode_00035,stopped,
1991,textmapworld,agent_core_tools_qwen3,medium_cycle,episode_00035,turns_limit,
1992,textmapworld,agent_core_tools_qwen3,medium_cycle,episode_00035,loops,
1993,textmapworld,agent_core_tools_qwen3,medium_cycle,episode_00035,number_visited,
1994,textmapworld,agent_core_tools_qwen3,medium_cycle,episode_00035,seen,
1995,textmapworld,agent_core_tools_qwen3,medium_cycle,episode_00035,efficiency,
1996,textmapworld,agent_core_tools_qwen3,medium_cycle,episode_00035,exploration,
1997,textmapworld,agent_core_tools_qwen3,medium_cycle,episode_00035,Main Score,
1998,textmapworld,agent_core_tools_qwen3,medium_cycle,episode_00036,Success,0.0
1999,textmapworld,agent_core_tools_qwen3,medium_cycle,episode_00036,Aborted,0.0
2000,textmapworld,agent_core_tools_qwen3,medium_cycle,episode_00036,Lose,1.0
2001,textmapworld,agent_core_tools_qwen3,medium_cycle,episode_00036,moves,6.0
2002,textmapworld,agent_core_tools_qwen3,medium_cycle,episode_00036,valid_moves,6.0
2003,textmapworld,agent_core_tools_qwen3,medium_cycle,episode_00036,invalid_moves,0.0
2004,textmapworld,agent_core_tools_qwen3,medium_cycle,episode_00036,stopped,1.0
2005,textmapworld,agent_core_tools_qwen3,medium_cycle,episode_00036,turns_limit,0.0
2006,textmapworld,agent_core_tools_qwen3,medium_cycle,episode_00036,loops,0.0
2007,textmapworld,agent_core_tools_qwen3,medium_cycle,episode_00036,number_visited,5.0
2008,textmapworld,agent_core_tools_qwen3,medium_cycle,episode_00036,seen,6.0
2009,textmapworld,agent_core_tools_qwen3,medium_cycle,episode_00036,efficiency,66.66666666666666
2010,textmapworld,agent_core_tools_qwen3,medium_cycle,episode_00036,exploration,83.33333333333334
2011,textmapworld,agent_core_tools_qwen3,medium_cycle,episode_00036,Main Score,74.07407407407408
2012,textmapworld,agent_core_tools_qwen3,medium_cycle,episode_00037,Aborted,1.0
2013,textmapworld,agent_core_tools_qwen3,medium_cycle,episode_00037,Success,0.0
2014,textmapworld,agent_core_tools_qwen3,medium_cycle,episode_00037,Lose,0.0
2015,textmapworld,agent_core_tools_qwen3,medium_cycle,episode_00037,moves,
2016,textmapworld,agent_core_tools_qwen3,medium_cycle,episode_00037,valid_moves,
2017,textmapworld,agent_core_tools_qwen3,medium_cycle,episode_00037,invalid_moves,
2018,textmapworld,agent_core_tools_qwen3,medium_cycle,episode_00037,stopped,
2019,textmapworld,agent_core_tools_qwen3,medium_cycle,episode_00037,turns_limit,
2020,textmapworld,agent_core_tools_qwen3,medium_cycle,episode_00037,loops,
2021,textmapworld,agent_core_tools_qwen3,medium_cycle,episode_00037,number_visited,
2022,textmapworld,agent_core_tools_qwen3,medium_cycle,episode_00037,seen,
2023,textmapworld,agent_core_tools_qwen3,medium_cycle,episode_00037,efficiency,
2024,textmapworld,agent_core_tools_qwen3,medium_cycle,episode_00037,exploration,
2025,textmapworld,agent_core_tools_qwen3,medium_cycle,episode_00037,Main Score,
2026,textmapworld,agent_core_tools_qwen3,medium_cycle,episode_00038,Aborted,1.0
2027,textmapworld,agent_core_tools_qwen3,medium_cycle,episode_00038,Success,0.0
2028,textmapworld,agent_core_tools_qwen3,medium_cycle,episode_00038,Lose,0.0
2029,textmapworld,agent_core_tools_qwen3,medium_cycle,episode_00038,moves,
2030,textmapworld,agent_core_tools_qwen3,medium_cycle,episode_00038,valid_moves,
2031,textmapworld,agent_core_tools_qwen3,medium_cycle,episode_00038,invalid_moves,
2032,textmapworld,agent_core_tools_qwen3,medium_cycle,episode_00038,stopped,
2033,textmapworld,agent_core_tools_qwen3,medium_cycle,episode_00038,turns_limit,
2034,textmapworld,agent_core_tools_qwen3,medium_cycle,episode_00038,loops,
2035,textmapworld,agent_core_tools_qwen3,medium_cycle,episode_00038,number_visited,
2036,textmapworld,agent_core_tools_qwen3,medium_cycle,episode_00038,seen,
2037,textmapworld,agent_core_tools_qwen3,medium_cycle,episode_00038,efficiency,
2038,textmapworld,agent_core_tools_qwen3,medium_cycle,episode_00038,exploration,
2039,textmapworld,agent_core_tools_qwen3,medium_cycle,episode_00038,Main Score,
2040,textmapworld,agent_core_tools_qwen3,medium_cycle,episode_00039,Success,0.0
2041,textmapworld,agent_core_tools_qwen3,medium_cycle,episode_00039,Aborted,0.0
2042,textmapworld,agent_core_tools_qwen3,medium_cycle,episode_00039,Lose,1.0
2043,textmapworld,agent_core_tools_qwen3,medium_cycle,episode_00039,moves,6.0
2044,textmapworld,agent_core_tools_qwen3,medium_cycle,episode_00039,valid_moves,6.0
2045,textmapworld,agent_core_tools_qwen3,medium_cycle,episode_00039,invalid_moves,0.0
2046,textmapworld,agent_core_tools_qwen3,medium_cycle,episode_00039,stopped,1.0
2047,textmapworld,agent_core_tools_qwen3,medium_cycle,episode_00039,turns_limit,0.0
2048,textmapworld,agent_core_tools_qwen3,medium_cycle,episode_00039,loops,0.0
2049,textmapworld,agent_core_tools_qwen3,medium_cycle,episode_00039,number_visited,5.0
2050,textmapworld,agent_core_tools_qwen3,medium_cycle,episode_00039,seen,6.0
2051,textmapworld,agent_core_tools_qwen3,medium_cycle,episode_00039,efficiency,66.66666666666666
2052,textmapworld,agent_core_tools_qwen3,medium_cycle,episode_00039,exploration,83.33333333333334
2053,textmapworld,agent_core_tools_qwen3,medium_cycle,episode_00039,Main Score,74.07407407407408
2054,textmapworld,agent_core_tools_qwen3,medium_cycle,episode_00040,Aborted,1.0
2055,textmapworld,agent_core_tools_qwen3,medium_cycle,episode_00040,Success,0.0
2056,textmapworld,agent_core_tools_qwen3,medium_cycle,episode_00040,Lose,0.0
2057,textmapworld,agent_core_tools_qwen3,medium_cycle,episode_00040,moves,
2058,textmapworld,agent_core_tools_qwen3,medium_cycle,episode_00040,valid_moves,
2059,textmapworld,agent_core_tools_qwen3,medium_cycle,episode_00040,invalid_moves,
2060,textmapworld,agent_core_tools_qwen3,medium_cycle,episode_00040,stopped,
2061,textmapworld,agent_core_tools_qwen3,medium_cycle,episode_00040,turns_limit,
2062,textmapworld,agent_core_tools_qwen3,medium_cycle,episode_00040,loops,
2063,textmapworld,agent_core_tools_qwen3,medium_cycle,episode_00040,number_visited,
2064,textmapworld,agent_core_tools_qwen3,medium_cycle,episode_00040,seen,
2065,textmapworld,agent_core_tools_qwen3,medium_cycle,episode_00040,efficiency,
2066,textmapworld,agent_core_tools_qwen3,medium_cycle,episode_00040,exploration,
2067,textmapworld,agent_core_tools_qwen3,medium_cycle,episode_00040,Main Score,
2068,textmapworld,agent_core_tools_qwen3,small,episode_00001,Aborted,1.0
2069,textmapworld,agent_core_tools_qwen3,small,episode_00001,Success,0.0
2070,textmapworld,agent_core_tools_qwen3,small,episode_00001,Lose,0.0
2071,textmapworld,agent_core_tools_qwen3,small,episode_00001,moves,
2072,textmapworld,agent_core_tools_qwen3,small,episode_00001,valid_moves,
2073,textmapworld,agent_core_tools_qwen3,small,episode_00001,invalid_moves,
2074,textmapworld,agent_core_tools_qwen3,small,episode_00001,stopped,
2075,textmapworld,agent_core_tools_qwen3,small,episode_00001,turns_limit,
2076,textmapworld,agent_core_tools_qwen3,small,episode_00001,loops,
2077,textmapworld,agent_core_tools_qwen3,small,episode_00001,number_visited,
2078,textmapworld,agent_core_tools_qwen3,small,episode_00001,seen,
2079,textmapworld,agent_core_tools_qwen3,small,episode_00001,efficiency,
2080,textmapworld,agent_core_tools_qwen3,small,episode_00001,exploration,
2081,textmapworld,agent_core_tools_qwen3,small,episode_00001,Main Score,
2082,textmapworld,agent_core_tools_qwen3,small,episode_00002,Success,0.0
2083,textmapworld,agent_core_tools_qwen3,small,episode_00002,Aborted,0.0
2084,textmapworld,agent_core_tools_qwen3,small,episode_00002,Lose,1.0
2085,textmapworld,agent_core_tools_qwen3,small,episode_00002,moves,4.0
2086,textmapworld,agent_core_tools_qwen3,small,episode_00002,valid_moves,4.0
2087,textmapworld,agent_core_tools_qwen3,small,episode_00002,invalid_moves,0.0
2088,textmapworld,agent_core_tools_qwen3,small,episode_00002,stopped,1.0
2089,textmapworld,agent_core_tools_qwen3,small,episode_00002,turns_limit,0.0
2090,textmapworld,agent_core_tools_qwen3,small,episode_00002,loops,2.0
2091,textmapworld,agent_core_tools_qwen3,small,episode_00002,number_visited,2.0
2092,textmapworld,agent_core_tools_qwen3,small,episode_00002,seen,3.0
2093,textmapworld,agent_core_tools_qwen3,small,episode_00002,efficiency,75.0
2094,textmapworld,agent_core_tools_qwen3,small,episode_00002,exploration,50.0
2095,textmapworld,agent_core_tools_qwen3,small,episode_00002,Main Score,60.0
2096,textmapworld,agent_core_tools_qwen3,small,episode_00003,Aborted,1.0
2097,textmapworld,agent_core_tools_qwen3,small,episode_00003,Success,0.0
2098,textmapworld,agent_core_tools_qwen3,small,episode_00003,Lose,0.0
2099,textmapworld,agent_core_tools_qwen3,small,episode_00003,moves,
2100,textmapworld,agent_core_tools_qwen3,small,episode_00003,valid_moves,
2101,textmapworld,agent_core_tools_qwen3,small,episode_00003,invalid_moves,
2102,textmapworld,agent_core_tools_qwen3,small,episode_00003,stopped,
2103,textmapworld,agent_core_tools_qwen3,small,episode_00003,turns_limit,
2104,textmapworld,agent_core_tools_qwen3,small,episode_00003,loops,
2105,textmapworld,agent_core_tools_qwen3,small,episode_00003,number_visited,
2106,textmapworld,agent_core_tools_qwen3,small,episode_00003,seen,
2107,textmapworld,agent_core_tools_qwen3,small,episode_00003,efficiency,
2108,textmapworld,agent_core_tools_qwen3,small,episode_00003,exploration,
2109,textmapworld,agent_core_tools_qwen3,small,episode_00003,Main Score,
2110,textmapworld,agent_core_tools_qwen3,small,episode_00004,Success,1.0
2111,textmapworld,agent_core_tools_qwen3,small,episode_00004,Aborted,0.0
2112,textmapworld,agent_core_tools_qwen3,small,episode_00004,Lose,0.0
2113,textmapworld,agent_core_tools_qwen3,small,episode_00004,moves,6.0
2114,textmapworld,agent_core_tools_qwen3,small,episode_00004,valid_moves,6.0
2115,textmapworld,agent_core_tools_qwen3,small,episode_00004,invalid_moves,0.0
2116,textmapworld,agent_core_tools_qwen3,small,episode_00004,stopped,1.0
2117,textmapworld,agent_core_tools_qwen3,small,episode_00004,turns_limit,0.0
2118,textmapworld,agent_core_tools_qwen3,small,episode_00004,loops,0.0
2119,textmapworld,agent_core_tools_qwen3,small,episode_00004,number_visited,4.0
2120,textmapworld,agent_core_tools_qwen3,small,episode_00004,seen,4.0
2121,textmapworld,agent_core_tools_qwen3,small,episode_00004,efficiency,50.0
2122,textmapworld,agent_core_tools_qwen3,small,episode_00004,exploration,100.0
2123,textmapworld,agent_core_tools_qwen3,small,episode_00004,Main Score,66.66666666666667
2124,textmapworld,agent_core_tools_qwen3,small,episode_00005,Success,1.0
2125,textmapworld,agent_core_tools_qwen3,small,episode_00005,Aborted,0.0
2126,textmapworld,agent_core_tools_qwen3,small,episode_00005,Lose,0.0
2127,textmapworld,agent_core_tools_qwen3,small,episode_00005,moves,6.0
2128,textmapworld,agent_core_tools_qwen3,small,episode_00005,valid_moves,6.0
2129,textmapworld,agent_core_tools_qwen3,small,episode_00005,invalid_moves,0.0
2130,textmapworld,agent_core_tools_qwen3,small,episode_00005,stopped,1.0
2131,textmapworld,agent_core_tools_qwen3,small,episode_00005,turns_limit,0.0
2132,textmapworld,agent_core_tools_qwen3,small,episode_00005,loops,0.0
2133,textmapworld,agent_core_tools_qwen3,small,episode_00005,number_visited,4.0
2134,textmapworld,agent_core_tools_qwen3,small,episode_00005,seen,4.0
2135,textmapworld,agent_core_tools_qwen3,small,episode_00005,efficiency,50.0
2136,textmapworld,agent_core_tools_qwen3,small,episode_00005,exploration,100.0
2137,textmapworld,agent_core_tools_qwen3,small,episode_00005,Main Score,66.66666666666667
2138,textmapworld,agent_core_tools_qwen3,small,episode_00006,Aborted,1.0
2139,textmapworld,agent_core_tools_qwen3,small,episode_00006,Success,0.0
2140,textmapworld,agent_core_tools_qwen3,small,episode_00006,Lose,0.0
2141,textmapworld,agent_core_tools_qwen3,small,episode_00006,moves,
2142,textmapworld,agent_core_tools_qwen3,small,episode_00006,valid_moves,
2143,textmapworld,agent_core_tools_qwen3,small,episode_00006,invalid_moves,
2144,textmapworld,agent_core_tools_qwen3,small,episode_00006,stopped,
2145,textmapworld,agent_core_tools_qwen3,small,episode_00006,turns_limit,
2146,textmapworld,agent_core_tools_qwen3,small,episode_00006,loops,
2147,textmapworld,agent_core_tools_qwen3,small,episode_00006,number_visited,
2148,textmapworld,agent_core_tools_qwen3,small,episode_00006,seen,
2149,textmapworld,agent_core_tools_qwen3,small,episode_00006,efficiency,
2150,textmapworld,agent_core_tools_qwen3,small,episode_00006,exploration,
2151,textmapworld,agent_core_tools_qwen3,small,episode_00006,Main Score,
2152,textmapworld,agent_core_tools_qwen3,small,episode_00007,Aborted,1.0
2153,textmapworld,agent_core_tools_qwen3,small,episode_00007,Success,0.0
2154,textmapworld,agent_core_tools_qwen3,small,episode_00007,Lose,0.0
2155,textmapworld,agent_core_tools_qwen3,small,episode_00007,moves,
2156,textmapworld,agent_core_tools_qwen3,small,episode_00007,valid_moves,
2157,textmapworld,agent_core_tools_qwen3,small,episode_00007,invalid_moves,
2158,textmapworld,agent_core_tools_qwen3,small,episode_00007,stopped,
2159,textmapworld,agent_core_tools_qwen3,small,episode_00007,turns_limit,
2160,textmapworld,agent_core_tools_qwen3,small,episode_00007,loops,
2161,textmapworld,agent_core_tools_qwen3,small,episode_00007,number_visited,
2162,textmapworld,agent_core_tools_qwen3,small,episode_00007,seen,
2163,textmapworld,agent_core_tools_qwen3,small,episode_00007,efficiency,
2164,textmapworld,agent_core_tools_qwen3,small,episode_00007,exploration,
2165,textmapworld,agent_core_tools_qwen3,small,episode_00007,Main Score,
2166,textmapworld,agent_core_tools_qwen3,small,episode_00008,Success,1.0
2167,textmapworld,agent_core_tools_qwen3,small,episode_00008,Aborted,0.0
2168,textmapworld,agent_core_tools_qwen3,small,episode_00008,Lose,0.0
2169,textmapworld,agent_core_tools_qwen3,small,episode_00008,moves,6.0
2170,textmapworld,agent_core_tools_qwen3,small,episode_00008,valid_moves,6.0
2171,textmapworld,agent_core_tools_qwen3,small,episode_00008,invalid_moves,0.0
2172,textmapworld,agent_core_tools_qwen3,small,episode_00008,stopped,1.0
2173,textmapworld,agent_core_tools_qwen3,small,episode_00008,turns_limit,0.0
2174,textmapworld,agent_core_tools_qwen3,small,episode_00008,loops,0.0
2175,textmapworld,agent_core_tools_qwen3,small,episode_00008,number_visited,4.0
2176,textmapworld,agent_core_tools_qwen3,small,episode_00008,seen,4.0
2177,textmapworld,agent_core_tools_qwen3,small,episode_00008,efficiency,50.0
2178,textmapworld,agent_core_tools_qwen3,small,episode_00008,exploration,100.0
2179,textmapworld,agent_core_tools_qwen3,small,episode_00008,Main Score,66.66666666666667
2180,textmapworld,agent_core_tools_qwen3,small,episode_00009,Aborted,1.0
2181,textmapworld,agent_core_tools_qwen3,small,episode_00009,Success,0.0
2182,textmapworld,agent_core_tools_qwen3,small,episode_00009,Lose,0.0
2183,textmapworld,agent_core_tools_qwen3,small,episode_00009,moves,
2184,textmapworld,agent_core_tools_qwen3,small,episode_00009,valid_moves,
2185,textmapworld,agent_core_tools_qwen3,small,episode_00009,invalid_moves,
2186,textmapworld,agent_core_tools_qwen3,small,episode_00009,stopped,
2187,textmapworld,agent_core_tools_qwen3,small,episode_00009,turns_limit,
2188,textmapworld,agent_core_tools_qwen3,small,episode_00009,loops,
2189,textmapworld,agent_core_tools_qwen3,small,episode_00009,number_visited,
2190,textmapworld,agent_core_tools_qwen3,small,episode_00009,seen,
2191,textmapworld,agent_core_tools_qwen3,small,episode_00009,efficiency,
2192,textmapworld,agent_core_tools_qwen3,small,episode_00009,exploration,
2193,textmapworld,agent_core_tools_qwen3,small,episode_00009,Main Score,
2194,textmapworld,agent_core_tools_qwen3,small,episode_00010,Success,1.0
2195,textmapworld,agent_core_tools_qwen3,small,episode_00010,Aborted,0.0
2196,textmapworld,agent_core_tools_qwen3,small,episode_00010,Lose,0.0
2197,textmapworld,agent_core_tools_qwen3,small,episode_00010,moves,6.0
2198,textmapworld,agent_core_tools_qwen3,small,episode_00010,valid_moves,6.0
2199,textmapworld,agent_core_tools_qwen3,small,episode_00010,invalid_moves,0.0
2200,textmapworld,agent_core_tools_qwen3,small,episode_00010,stopped,1.0
2201,textmapworld,agent_core_tools_qwen3,small,episode_00010,turns_limit,0.0
2202,textmapworld,agent_core_tools_qwen3,small,episode_00010,loops,0.0
2203,textmapworld,agent_core_tools_qwen3,small,episode_00010,number_visited,4.0
2204,textmapworld,agent_core_tools_qwen3,small,episode_00010,seen,4.0
2205,textmapworld,agent_core_tools_qwen3,small,episode_00010,efficiency,66.66666666666666
2206,textmapworld,agent_core_tools_qwen3,small,episode_00010,exploration,100.0
2207,textmapworld,agent_core_tools_qwen3,small,episode_00010,Main Score,80.0
2208,referencegame,agent_planning_qwen3,letter_grids,episode_00001,Generated Expression Length,127.0
2209,referencegame,agent_planning_qwen3,letter_grids,episode_00001,Generated Expression Number of Tokens,24.0
2210,referencegame,agent_planning_qwen3,letter_grids,episode_00001,Aborted at Player 1,0.0
2211,referencegame,agent_planning_qwen3,letter_grids,episode_00001,Aborted at Player 2,0.0
2212,referencegame,agent_planning_qwen3,letter_grids,episode_00001,Request Count,2.0
2213,referencegame,agent_planning_qwen3,letter_grids,episode_00001,Parsed Request Count,2.0
2214,referencegame,agent_planning_qwen3,letter_grids,episode_00001,Violated Request Count,0.0
2215,referencegame,agent_planning_qwen3,letter_grids,episode_00001,Aborted,0.0
2216,referencegame,agent_planning_qwen3,letter_grids,episode_00001,Success,1.0
2217,referencegame,agent_planning_qwen3,letter_grids,episode_00001,Lose,0.0
2218,referencegame,agent_planning_qwen3,letter_grids,episode_00001,Main Score,100.0
2219,referencegame,agent_planning_qwen3,letter_grids,episode_00001,Request Success Ratio,1.0
2220,referencegame,agent_planning_qwen3,letter_grids,episode_00002,Generated Expression Length,126.0
2221,referencegame,agent_planning_qwen3,letter_grids,episode_00002,Generated Expression Number of Tokens,23.0
2222,referencegame,agent_planning_qwen3,letter_grids,episode_00002,Aborted at Player 1,0.0
2223,referencegame,agent_planning_qwen3,letter_grids,episode_00002,Aborted at Player 2,0.0
2224,referencegame,agent_planning_qwen3,letter_grids,episode_00002,Request Count,2.0
2225,referencegame,agent_planning_qwen3,letter_grids,episode_00002,Parsed Request Count,2.0
2226,referencegame,agent_planning_qwen3,letter_grids,episode_00002,Violated Request Count,0.0
2227,referencegame,agent_planning_qwen3,letter_grids,episode_00002,Aborted,0.0
2228,referencegame,agent_planning_qwen3,letter_grids,episode_00002,Success,0.0
2229,referencegame,agent_planning_qwen3,letter_grids,episode_00002,Lose,1.0
2230,referencegame,agent_planning_qwen3,letter_grids,episode_00002,Main Score,0.0
2231,referencegame,agent_planning_qwen3,letter_grids,episode_00002,Request Success Ratio,1.0
2232,referencegame,agent_planning_qwen3,letter_grids,episode_00003,Generated Expression Length,127.0
2233,referencegame,agent_planning_qwen3,letter_grids,episode_00003,Generated Expression Number of Tokens,23.0
2234,referencegame,agent_planning_qwen3,letter_grids,episode_00003,Aborted at Player 1,0.0
2235,referencegame,agent_planning_qwen3,letter_grids,episode_00003,Aborted at Player 2,0.0
2236,referencegame,agent_planning_qwen3,letter_grids,episode_00003,Request Count,2.0
2237,referencegame,agent_planning_qwen3,letter_grids,episode_00003,Parsed Request Count,2.0
2238,referencegame,agent_planning_qwen3,letter_grids,episode_00003,Violated Request Count,0.0
2239,referencegame,agent_planning_qwen3,letter_grids,episode_00003,Aborted,0.0
2240,referencegame,agent_planning_qwen3,letter_grids,episode_00003,Success,0.0
2241,referencegame,agent_planning_qwen3,letter_grids,episode_00003,Lose,1.0
2242,referencegame,agent_planning_qwen3,letter_grids,episode_00003,Main Score,0.0
2243,referencegame,agent_planning_qwen3,letter_grids,episode_00003,Request Success Ratio,1.0
2244,referencegame,agent_planning_qwen3,letter_grids,episode_00004,Generated Expression Length,127.0
2245,referencegame,agent_planning_qwen3,letter_grids,episode_00004,Generated Expression Number of Tokens,23.0
2246,referencegame,agent_planning_qwen3,letter_grids,episode_00004,Aborted at Player 1,0.0
2247,referencegame,agent_planning_qwen3,letter_grids,episode_00004,Aborted at Player 2,0.0
2248,referencegame,agent_planning_qwen3,letter_grids,episode_00004,Request Count,2.0
2249,referencegame,agent_planning_qwen3,letter_grids,episode_00004,Parsed Request Count,2.0
2250,referencegame,agent_planning_qwen3,letter_grids,episode_00004,Violated Request Count,0.0
2251,referencegame,agent_planning_qwen3,letter_grids,episode_00004,Aborted,0.0
2252,referencegame,agent_planning_qwen3,letter_grids,episode_00004,Success,0.0
2253,referencegame,agent_planning_qwen3,letter_grids,episode_00004,Lose,1.0
2254,referencegame,agent_planning_qwen3,letter_grids,episode_00004,Main Score,0.0
2255,referencegame,agent_planning_qwen3,letter_grids,episode_00004,Request Success Ratio,1.0
2256,referencegame,agent_planning_qwen3,letter_grids,episode_00005,Generated Expression Length,127.0
2257,referencegame,agent_planning_qwen3,letter_grids,episode_00005,Generated Expression Number of Tokens,23.0
2258,referencegame,agent_planning_qwen3,letter_grids,episode_00005,Aborted at Player 1,0.0
2259,referencegame,agent_planning_qwen3,letter_grids,episode_00005,Aborted at Player 2,0.0
2260,referencegame,agent_planning_qwen3,letter_grids,episode_00005,Request Count,2.0
2261,referencegame,agent_planning_qwen3,letter_grids,episode_00005,Parsed Request Count,2.0
2262,referencegame,agent_planning_qwen3,letter_grids,episode_00005,Violated Request Count,0.0
2263,referencegame,agent_planning_qwen3,letter_grids,episode_00005,Aborted,0.0
2264,referencegame,agent_planning_qwen3,letter_grids,episode_00005,Success,0.0
2265,referencegame,agent_planning_qwen3,letter_grids,episode_00005,Lose,1.0
2266,referencegame,agent_planning_qwen3,letter_grids,episode_00005,Main Score,0.0
2267,referencegame,agent_planning_qwen3,letter_grids,episode_00005,Request Success Ratio,1.0
2268,referencegame,agent_planning_qwen3,line_grids_columns,episode_00016,Generated Expression Length,127.0
2269,referencegame,agent_planning_qwen3,line_grids_columns,episode_00016,Generated Expression Number of Tokens,23.0
2270,referencegame,agent_planning_qwen3,line_grids_columns,episode_00016,Aborted at Player 1,0.0
2271,referencegame,agent_planning_qwen3,line_grids_columns,episode_00016,Aborted at Player 2,0.0
2272,referencegame,agent_planning_qwen3,line_grids_columns,episode_00016,Request Count,2.0
2273,referencegame,agent_planning_qwen3,line_grids_columns,episode_00016,Parsed Request Count,2.0
2274,referencegame,agent_planning_qwen3,line_grids_columns,episode_00016,Violated Request Count,0.0
2275,referencegame,agent_planning_qwen3,line_grids_columns,episode_00016,Aborted,0.0
2276,referencegame,agent_planning_qwen3,line_grids_columns,episode_00016,Success,0.0
2277,referencegame,agent_planning_qwen3,line_grids_columns,episode_00016,Lose,1.0
2278,referencegame,agent_planning_qwen3,line_grids_columns,episode_00016,Main Score,0.0
2279,referencegame,agent_planning_qwen3,line_grids_columns,episode_00016,Request Success Ratio,1.0
2280,referencegame,agent_planning_qwen3,line_grids_columns,episode_00017,Generated Expression Length,126.0
2281,referencegame,agent_planning_qwen3,line_grids_columns,episode_00017,Generated Expression Number of Tokens,23.0
2282,referencegame,agent_planning_qwen3,line_grids_columns,episode_00017,Aborted at Player 1,0.0
2283,referencegame,agent_planning_qwen3,line_grids_columns,episode_00017,Aborted at Player 2,0.0
2284,referencegame,agent_planning_qwen3,line_grids_columns,episode_00017,Request Count,2.0
2285,referencegame,agent_planning_qwen3,line_grids_columns,episode_00017,Parsed Request Count,2.0
2286,referencegame,agent_planning_qwen3,line_grids_columns,episode_00017,Violated Request Count,0.0
2287,referencegame,agent_planning_qwen3,line_grids_columns,episode_00017,Aborted,0.0
2288,referencegame,agent_planning_qwen3,line_grids_columns,episode_00017,Success,1.0
2289,referencegame,agent_planning_qwen3,line_grids_columns,episode_00017,Lose,0.0
2290,referencegame,agent_planning_qwen3,line_grids_columns,episode_00017,Main Score,100.0
2291,referencegame,agent_planning_qwen3,line_grids_columns,episode_00017,Request Success Ratio,1.0
2292,referencegame,agent_planning_qwen3,line_grids_columns,episode_00018,Generated Expression Length,79.0
2293,referencegame,agent_planning_qwen3,line_grids_columns,episode_00018,Generated Expression Number of Tokens,15.0
2294,referencegame,agent_planning_qwen3,line_grids_columns,episode_00018,Aborted at Player 1,0.0
2295,referencegame,agent_planning_qwen3,line_grids_columns,episode_00018,Aborted at Player 2,0.0
2296,referencegame,agent_planning_qwen3,line_grids_columns,episode_00018,Request Count,2.0
2297,referencegame,agent_planning_qwen3,line_grids_columns,episode_00018,Parsed Request Count,2.0
2298,referencegame,agent_planning_qwen3,line_grids_columns,episode_00018,Violated Request Count,0.0
2299,referencegame,agent_planning_qwen3,line_grids_columns,episode_00018,Aborted,0.0
2300,referencegame,agent_planning_qwen3,line_grids_columns,episode_00018,Success,1.0
2301,referencegame,agent_planning_qwen3,line_grids_columns,episode_00018,Lose,0.0
2302,referencegame,agent_planning_qwen3,line_grids_columns,episode_00018,Main Score,100.0
2303,referencegame,agent_planning_qwen3,line_grids_columns,episode_00018,Request Success Ratio,1.0
2304,referencegame,agent_planning_qwen3,line_grids_columns,episode_00019,Generated Expression Length,128.0
2305,referencegame,agent_planning_qwen3,line_grids_columns,episode_00019,Generated Expression Number of Tokens,25.0
2306,referencegame,agent_planning_qwen3,line_grids_columns,episode_00019,Aborted at Player 1,0.0
2307,referencegame,agent_planning_qwen3,line_grids_columns,episode_00019,Aborted at Player 2,0.0
2308,referencegame,agent_planning_qwen3,line_grids_columns,episode_00019,Request Count,2.0
2309,referencegame,agent_planning_qwen3,line_grids_columns,episode_00019,Parsed Request Count,2.0
2310,referencegame,agent_planning_qwen3,line_grids_columns,episode_00019,Violated Request Count,0.0
2311,referencegame,agent_planning_qwen3,line_grids_columns,episode_00019,Aborted,0.0
2312,referencegame,agent_planning_qwen3,line_grids_columns,episode_00019,Success,0.0
2313,referencegame,agent_planning_qwen3,line_grids_columns,episode_00019,Lose,1.0
2314,referencegame,agent_planning_qwen3,line_grids_columns,episode_00019,Main Score,0.0
2315,referencegame,agent_planning_qwen3,line_grids_columns,episode_00019,Request Success Ratio,1.0
2316,referencegame,agent_planning_qwen3,line_grids_columns,episode_00020,Generated Expression Length,128.0
2317,referencegame,agent_planning_qwen3,line_grids_columns,episode_00020,Generated Expression Number of Tokens,25.0
2318,referencegame,agent_planning_qwen3,line_grids_columns,episode_00020,Aborted at Player 1,0.0
2319,referencegame,agent_planning_qwen3,line_grids_columns,episode_00020,Aborted at Player 2,0.0
2320,referencegame,agent_planning_qwen3,line_grids_columns,episode_00020,Request Count,2.0
2321,referencegame,agent_planning_qwen3,line_grids_columns,episode_00020,Parsed Request Count,2.0
2322,referencegame,agent_planning_qwen3,line_grids_columns,episode_00020,Violated Request Count,0.0
2323,referencegame,agent_planning_qwen3,line_grids_columns,episode_00020,Aborted,0.0
2324,referencegame,agent_planning_qwen3,line_grids_columns,episode_00020,Success,0.0
2325,referencegame,agent_planning_qwen3,line_grids_columns,episode_00020,Lose,1.0
2326,referencegame,agent_planning_qwen3,line_grids_columns,episode_00020,Main Score,0.0
2327,referencegame,agent_planning_qwen3,line_grids_columns,episode_00020,Request Success Ratio,1.0
2328,referencegame,agent_planning_qwen3,line_grids_rows,episode_00011,Generated Expression Length,79.0
2329,referencegame,agent_planning_qwen3,line_grids_rows,episode_00011,Generated Expression Number of Tokens,15.0
2330,referencegame,agent_planning_qwen3,line_grids_rows,episode_00011,Aborted at Player 1,0.0
2331,referencegame,agent_planning_qwen3,line_grids_rows,episode_00011,Aborted at Player 2,0.0
2332,referencegame,agent_planning_qwen3,line_grids_rows,episode_00011,Request Count,2.0
2333,referencegame,agent_planning_qwen3,line_grids_rows,episode_00011,Parsed Request Count,2.0
2334,referencegame,agent_planning_qwen3,line_grids_rows,episode_00011,Violated Request Count,0.0
2335,referencegame,agent_planning_qwen3,line_grids_rows,episode_00011,Aborted,0.0
2336,referencegame,agent_planning_qwen3,line_grids_rows,episode_00011,Success,0.0
2337,referencegame,agent_planning_qwen3,line_grids_rows,episode_00011,Lose,1.0
2338,referencegame,agent_planning_qwen3,line_grids_rows,episode_00011,Main Score,0.0
2339,referencegame,agent_planning_qwen3,line_grids_rows,episode_00011,Request Success Ratio,1.0
2340,referencegame,agent_planning_qwen3,line_grids_rows,episode_00012,Generated Expression Length,79.0
2341,referencegame,agent_planning_qwen3,line_grids_rows,episode_00012,Generated Expression Number of Tokens,15.0
2342,referencegame,agent_planning_qwen3,line_grids_rows,episode_00012,Aborted at Player 1,0.0
2343,referencegame,agent_planning_qwen3,line_grids_rows,episode_00012,Aborted at Player 2,0.0
2344,referencegame,agent_planning_qwen3,line_grids_rows,episode_00012,Request Count,2.0
2345,referencegame,agent_planning_qwen3,line_grids_rows,episode_00012,Parsed Request Count,2.0
2346,referencegame,agent_planning_qwen3,line_grids_rows,episode_00012,Violated Request Count,0.0
2347,referencegame,agent_planning_qwen3,line_grids_rows,episode_00012,Aborted,0.0
2348,referencegame,agent_planning_qwen3,line_grids_rows,episode_00012,Success,1.0
2349,referencegame,agent_planning_qwen3,line_grids_rows,episode_00012,Lose,0.0
2350,referencegame,agent_planning_qwen3,line_grids_rows,episode_00012,Main Score,100.0
2351,referencegame,agent_planning_qwen3,line_grids_rows,episode_00012,Request Success Ratio,1.0
2352,referencegame,agent_planning_qwen3,line_grids_rows,episode_00013,Generated Expression Length,79.0
2353,referencegame,agent_planning_qwen3,line_grids_rows,episode_00013,Generated Expression Number of Tokens,15.0
2354,referencegame,agent_planning_qwen3,line_grids_rows,episode_00013,Aborted at Player 1,0.0
2355,referencegame,agent_planning_qwen3,line_grids_rows,episode_00013,Aborted at Player 2,0.0
2356,referencegame,agent_planning_qwen3,line_grids_rows,episode_00013,Request Count,2.0
2357,referencegame,agent_planning_qwen3,line_grids_rows,episode_00013,Parsed Request Count,2.0
2358,referencegame,agent_planning_qwen3,line_grids_rows,episode_00013,Violated Request Count,0.0
2359,referencegame,agent_planning_qwen3,line_grids_rows,episode_00013,Aborted,0.0
2360,referencegame,agent_planning_qwen3,line_grids_rows,episode_00013,Success,0.0
2361,referencegame,agent_planning_qwen3,line_grids_rows,episode_00013,Lose,1.0
2362,referencegame,agent_planning_qwen3,line_grids_rows,episode_00013,Main Score,0.0
2363,referencegame,agent_planning_qwen3,line_grids_rows,episode_00013,Request Success Ratio,1.0
2364,referencegame,agent_planning_qwen3,line_grids_rows,episode_00014,Generated Expression Length,127.0
2365,referencegame,agent_planning_qwen3,line_grids_rows,episode_00014,Generated Expression Number of Tokens,23.0
2366,referencegame,agent_planning_qwen3,line_grids_rows,episode_00014,Aborted at Player 1,0.0
2367,referencegame,agent_planning_qwen3,line_grids_rows,episode_00014,Aborted at Player 2,0.0
2368,referencegame,agent_planning_qwen3,line_grids_rows,episode_00014,Request Count,2.0
2369,referencegame,agent_planning_qwen3,line_grids_rows,episode_00014,Parsed Request Count,2.0
2370,referencegame,agent_planning_qwen3,line_grids_rows,episode_00014,Violated Request Count,0.0
2371,referencegame,agent_planning_qwen3,line_grids_rows,episode_00014,Aborted,0.0
2372,referencegame,agent_planning_qwen3,line_grids_rows,episode_00014,Success,1.0
2373,referencegame,agent_planning_qwen3,line_grids_rows,episode_00014,Lose,0.0
2374,referencegame,agent_planning_qwen3,line_grids_rows,episode_00014,Main Score,100.0
2375,referencegame,agent_planning_qwen3,line_grids_rows,episode_00014,Request Success Ratio,1.0
2376,referencegame,agent_planning_qwen3,line_grids_rows,episode_00015,Generated Expression Length,109.0
2377,referencegame,agent_planning_qwen3,line_grids_rows,episode_00015,Generated Expression Number of Tokens,20.0
2378,referencegame,agent_planning_qwen3,line_grids_rows,episode_00015,Aborted at Player 1,0.0
2379,referencegame,agent_planning_qwen3,line_grids_rows,episode_00015,Aborted at Player 2,0.0
2380,referencegame,agent_planning_qwen3,line_grids_rows,episode_00015,Request Count,2.0
2381,referencegame,agent_planning_qwen3,line_grids_rows,episode_00015,Parsed Request Count,2.0
2382,referencegame,agent_planning_qwen3,line_grids_rows,episode_00015,Violated Request Count,0.0
2383,referencegame,agent_planning_qwen3,line_grids_rows,episode_00015,Aborted,0.0
2384,referencegame,agent_planning_qwen3,line_grids_rows,episode_00015,Success,0.0
2385,referencegame,agent_planning_qwen3,line_grids_rows,episode_00015,Lose,1.0
2386,referencegame,agent_planning_qwen3,line_grids_rows,episode_00015,Main Score,0.0
2387,referencegame,agent_planning_qwen3,line_grids_rows,episode_00015,Request Success Ratio,1.0
2388,referencegame,agent_planning_qwen3,number_grids,episode_00006,Generated Expression Length,156.0
2389,referencegame,agent_planning_qwen3,number_grids,episode_00006,Generated Expression Number of Tokens,29.0
2390,referencegame,agent_planning_qwen3,number_grids,episode_00006,Aborted at Player 1,0.0
2391,referencegame,agent_planning_qwen3,number_grids,episode_00006,Aborted at Player 2,0.0
2392,referencegame,agent_planning_qwen3,number_grids,episode_00006,Request Count,2.0
2393,referencegame,agent_planning_qwen3,number_grids,episode_00006,Parsed Request Count,2.0
2394,referencegame,agent_planning_qwen3,number_grids,episode_00006,Violated Request Count,0.0
2395,referencegame,agent_planning_qwen3,number_grids,episode_00006,Aborted,0.0
2396,referencegame,agent_planning_qwen3,number_grids,episode_00006,Success,0.0
2397,referencegame,agent_planning_qwen3,number_grids,episode_00006,Lose,1.0
2398,referencegame,agent_planning_qwen3,number_grids,episode_00006,Main Score,0.0
2399,referencegame,agent_planning_qwen3,number_grids,episode_00006,Request Success Ratio,1.0
2400,referencegame,agent_planning_qwen3,number_grids,episode_00007,Generated Expression Length,126.0
2401,referencegame,agent_planning_qwen3,number_grids,episode_00007,Generated Expression Number of Tokens,23.0
2402,referencegame,agent_planning_qwen3,number_grids,episode_00007,Aborted at Player 1,0.0
2403,referencegame,agent_planning_qwen3,number_grids,episode_00007,Aborted at Player 2,0.0
2404,referencegame,agent_planning_qwen3,number_grids,episode_00007,Request Count,2.0
2405,referencegame,agent_planning_qwen3,number_grids,episode_00007,Parsed Request Count,2.0
2406,referencegame,agent_planning_qwen3,number_grids,episode_00007,Violated Request Count,0.0
2407,referencegame,agent_planning_qwen3,number_grids,episode_00007,Aborted,0.0
2408,referencegame,agent_planning_qwen3,number_grids,episode_00007,Success,1.0
2409,referencegame,agent_planning_qwen3,number_grids,episode_00007,Lose,0.0
2410,referencegame,agent_planning_qwen3,number_grids,episode_00007,Main Score,100.0
2411,referencegame,agent_planning_qwen3,number_grids,episode_00007,Request Success Ratio,1.0
2412,referencegame,agent_planning_qwen3,number_grids,episode_00008,Generated Expression Length,127.0
2413,referencegame,agent_planning_qwen3,number_grids,episode_00008,Generated Expression Number of Tokens,23.0
2414,referencegame,agent_planning_qwen3,number_grids,episode_00008,Aborted at Player 1,0.0
2415,referencegame,agent_planning_qwen3,number_grids,episode_00008,Aborted at Player 2,0.0
2416,referencegame,agent_planning_qwen3,number_grids,episode_00008,Request Count,2.0
2417,referencegame,agent_planning_qwen3,number_grids,episode_00008,Parsed Request Count,2.0
2418,referencegame,agent_planning_qwen3,number_grids,episode_00008,Violated Request Count,0.0
2419,referencegame,agent_planning_qwen3,number_grids,episode_00008,Aborted,0.0
2420,referencegame,agent_planning_qwen3,number_grids,episode_00008,Success,0.0
2421,referencegame,agent_planning_qwen3,number_grids,episode_00008,Lose,1.0
2422,referencegame,agent_planning_qwen3,number_grids,episode_00008,Main Score,0.0
2423,referencegame,agent_planning_qwen3,number_grids,episode_00008,Request Success Ratio,1.0
2424,referencegame,agent_planning_qwen3,number_grids,episode_00009,Generated Expression Length,127.0
2425,referencegame,agent_planning_qwen3,number_grids,episode_00009,Generated Expression Number of Tokens,23.0
2426,referencegame,agent_planning_qwen3,number_grids,episode_00009,Aborted at Player 1,0.0
2427,referencegame,agent_planning_qwen3,number_grids,episode_00009,Aborted at Player 2,0.0
2428,referencegame,agent_planning_qwen3,number_grids,episode_00009,Request Count,2.0
2429,referencegame,agent_planning_qwen3,number_grids,episode_00009,Parsed Request Count,2.0
2430,referencegame,agent_planning_qwen3,number_grids,episode_00009,Violated Request Count,0.0
2431,referencegame,agent_planning_qwen3,number_grids,episode_00009,Aborted,0.0
2432,referencegame,agent_planning_qwen3,number_grids,episode_00009,Success,1.0
2433,referencegame,agent_planning_qwen3,number_grids,episode_00009,Lose,0.0
2434,referencegame,agent_planning_qwen3,number_grids,episode_00009,Main Score,100.0
2435,referencegame,agent_planning_qwen3,number_grids,episode_00009,Request Success Ratio,1.0
2436,referencegame,agent_planning_qwen3,number_grids,episode_00010,Generated Expression Length,127.0
2437,referencegame,agent_planning_qwen3,number_grids,episode_00010,Generated Expression Number of Tokens,23.0
2438,referencegame,agent_planning_qwen3,number_grids,episode_00010,Aborted at Player 1,0.0
2439,referencegame,agent_planning_qwen3,number_grids,episode_00010,Aborted at Player 2,0.0
2440,referencegame,agent_planning_qwen3,number_grids,episode_00010,Request Count,2.0
2441,referencegame,agent_planning_qwen3,number_grids,episode_00010,Parsed Request Count,2.0
2442,referencegame,agent_planning_qwen3,number_grids,episode_00010,Violated Request Count,0.0
2443,referencegame,agent_planning_qwen3,number_grids,episode_00010,Aborted,0.0
2444,referencegame,agent_planning_qwen3,number_grids,episode_00010,Success,1.0
2445,referencegame,agent_planning_qwen3,number_grids,episode_00010,Lose,0.0
2446,referencegame,agent_planning_qwen3,number_grids,episode_00010,Main Score,100.0
2447,referencegame,agent_planning_qwen3,number_grids,episode_00010,Request Success Ratio,1.0
2448,referencegame,agent_planning_qwen3,random_grids,episode_00021,Generated Expression Length,114.0
2449,referencegame,agent_planning_qwen3,random_grids,episode_00021,Generated Expression Number of Tokens,20.0
2450,referencegame,agent_planning_qwen3,random_grids,episode_00021,Aborted at Player 1,0.0
2451,referencegame,agent_planning_qwen3,random_grids,episode_00021,Aborted at Player 2,0.0
2452,referencegame,agent_planning_qwen3,random_grids,episode_00021,Request Count,2.0
2453,referencegame,agent_planning_qwen3,random_grids,episode_00021,Parsed Request Count,2.0
2454,referencegame,agent_planning_qwen3,random_grids,episode_00021,Violated Request Count,0.0
2455,referencegame,agent_planning_qwen3,random_grids,episode_00021,Aborted,0.0
2456,referencegame,agent_planning_qwen3,random_grids,episode_00021,Success,0.0
2457,referencegame,agent_planning_qwen3,random_grids,episode_00021,Lose,1.0
2458,referencegame,agent_planning_qwen3,random_grids,episode_00021,Main Score,0.0
2459,referencegame,agent_planning_qwen3,random_grids,episode_00021,Request Success Ratio,1.0
2460,referencegame,agent_planning_qwen3,random_grids,episode_00022,Generated Expression Length,86.0
2461,referencegame,agent_planning_qwen3,random_grids,episode_00022,Generated Expression Number of Tokens,16.0
2462,referencegame,agent_planning_qwen3,random_grids,episode_00022,Aborted at Player 1,0.0
2463,referencegame,agent_planning_qwen3,random_grids,episode_00022,Aborted at Player 2,0.0
2464,referencegame,agent_planning_qwen3,random_grids,episode_00022,Request Count,2.0
2465,referencegame,agent_planning_qwen3,random_grids,episode_00022,Parsed Request Count,2.0
2466,referencegame,agent_planning_qwen3,random_grids,episode_00022,Violated Request Count,0.0
2467,referencegame,agent_planning_qwen3,random_grids,episode_00022,Aborted,0.0
2468,referencegame,agent_planning_qwen3,random_grids,episode_00022,Success,0.0
2469,referencegame,agent_planning_qwen3,random_grids,episode_00022,Lose,1.0
2470,referencegame,agent_planning_qwen3,random_grids,episode_00022,Main Score,0.0
2471,referencegame,agent_planning_qwen3,random_grids,episode_00022,Request Success Ratio,1.0
2472,referencegame,agent_planning_qwen3,random_grids,episode_00023,Generated Expression Length,86.0
2473,referencegame,agent_planning_qwen3,random_grids,episode_00023,Generated Expression Number of Tokens,16.0
2474,referencegame,agent_planning_qwen3,random_grids,episode_00023,Aborted at Player 1,0.0
2475,referencegame,agent_planning_qwen3,random_grids,episode_00023,Aborted at Player 2,0.0
2476,referencegame,agent_planning_qwen3,random_grids,episode_00023,Request Count,2.0
2477,referencegame,agent_planning_qwen3,random_grids,episode_00023,Parsed Request Count,2.0
2478,referencegame,agent_planning_qwen3,random_grids,episode_00023,Violated Request Count,0.0
2479,referencegame,agent_planning_qwen3,random_grids,episode_00023,Aborted,0.0
2480,referencegame,agent_planning_qwen3,random_grids,episode_00023,Success,0.0
2481,referencegame,agent_planning_qwen3,random_grids,episode_00023,Lose,1.0
2482,referencegame,agent_planning_qwen3,random_grids,episode_00023,Main Score,0.0
2483,referencegame,agent_planning_qwen3,random_grids,episode_00023,Request Success Ratio,1.0
2484,referencegame,agent_planning_qwen3,random_grids,episode_00024,Generated Expression Length,86.0
2485,referencegame,agent_planning_qwen3,random_grids,episode_00024,Generated Expression Number of Tokens,16.0
2486,referencegame,agent_planning_qwen3,random_grids,episode_00024,Aborted at Player 1,0.0
2487,referencegame,agent_planning_qwen3,random_grids,episode_00024,Aborted at Player 2,0.0
2488,referencegame,agent_planning_qwen3,random_grids,episode_00024,Request Count,2.0
2489,referencegame,agent_planning_qwen3,random_grids,episode_00024,Parsed Request Count,2.0
2490,referencegame,agent_planning_qwen3,random_grids,episode_00024,Violated Request Count,0.0
2491,referencegame,agent_planning_qwen3,random_grids,episode_00024,Aborted,0.0
2492,referencegame,agent_planning_qwen3,random_grids,episode_00024,Success,1.0
2493,referencegame,agent_planning_qwen3,random_grids,episode_00024,Lose,0.0
2494,referencegame,agent_planning_qwen3,random_grids,episode_00024,Main Score,100.0
2495,referencegame,agent_planning_qwen3,random_grids,episode_00024,Request Success Ratio,1.0
2496,referencegame,agent_planning_qwen3,random_grids,episode_00025,Generated Expression Length,106.0
2497,referencegame,agent_planning_qwen3,random_grids,episode_00025,Generated Expression Number of Tokens,19.0
2498,referencegame,agent_planning_qwen3,random_grids,episode_00025,Aborted at Player 1,0.0
2499,referencegame,agent_planning_qwen3,random_grids,episode_00025,Aborted at Player 2,0.0
2500,referencegame,agent_planning_qwen3,random_grids,episode_00025,Request Count,2.0
2501,referencegame,agent_planning_qwen3,random_grids,episode_00025,Parsed Request Count,2.0
2502,referencegame,agent_planning_qwen3,random_grids,episode_00025,Violated Request Count,0.0
2503,referencegame,agent_planning_qwen3,random_grids,episode_00025,Aborted,0.0
2504,referencegame,agent_planning_qwen3,random_grids,episode_00025,Success,1.0
2505,referencegame,agent_planning_qwen3,random_grids,episode_00025,Lose,0.0
2506,referencegame,agent_planning_qwen3,random_grids,episode_00025,Main Score,100.0
2507,referencegame,agent_planning_qwen3,random_grids,episode_00025,Request Success Ratio,1.0
2508,taboo,agent_planning_qwen3,high_en,episode_00001,Violated Request Count,0.0
2509,taboo,agent_planning_qwen3,high_en,episode_00001,Parsed Request Count,3.0
2510,taboo,agent_planning_qwen3,high_en,episode_00001,Request Count,3.0
2511,taboo,agent_planning_qwen3,high_en,episode_00001,Request Success Ratio,1.0
2512,taboo,agent_planning_qwen3,high_en,episode_00001,Aborted,0.0
2513,taboo,agent_planning_qwen3,high_en,episode_00001,Success,0.0
2514,taboo,agent_planning_qwen3,high_en,episode_00001,Lose,1.0
2515,taboo,agent_planning_qwen3,high_en,episode_00001,Main Score,0.0
2516,taboo,agent_planning_qwen3,high_en,episode_00001,Repetition-Guesser,0.0
2517,taboo,agent_planning_qwen3,high_en,episode_00001,Repetition-Describer,0.0
2518,taboo,agent_planning_qwen3,high_en,episode_00002,Violated Request Count,0.0
2519,taboo,agent_planning_qwen3,high_en,episode_00002,Parsed Request Count,2.0
2520,taboo,agent_planning_qwen3,high_en,episode_00002,Request Count,2.0
2521,taboo,agent_planning_qwen3,high_en,episode_00002,Request Success Ratio,1.0
2522,taboo,agent_planning_qwen3,high_en,episode_00002,Aborted,0.0
2523,taboo,agent_planning_qwen3,high_en,episode_00002,Success,0.0
2524,taboo,agent_planning_qwen3,high_en,episode_00002,Lose,1.0
2525,taboo,agent_planning_qwen3,high_en,episode_00002,Main Score,0.0
2526,taboo,agent_planning_qwen3,high_en,episode_00002,Repetition-Guesser,0.0
2527,taboo,agent_planning_qwen3,high_en,episode_00002,Repetition-Describer,0.0
2528,taboo,agent_planning_qwen3,high_en,episode_00003,Violated Request Count,0.0
2529,taboo,agent_planning_qwen3,high_en,episode_00003,Parsed Request Count,3.0
2530,taboo,agent_planning_qwen3,high_en,episode_00003,Request Count,3.0
2531,taboo,agent_planning_qwen3,high_en,episode_00003,Request Success Ratio,1.0
2532,taboo,agent_planning_qwen3,high_en,episode_00003,Aborted,0.0
2533,taboo,agent_planning_qwen3,high_en,episode_00003,Success,1.0
2534,taboo,agent_planning_qwen3,high_en,episode_00003,Lose,0.0
2535,taboo,agent_planning_qwen3,high_en,episode_00003,Main Score,33.333333333333336
2536,taboo,agent_planning_qwen3,high_en,episode_00003,Repetition-Guesser,0.0
2537,taboo,agent_planning_qwen3,high_en,episode_00003,Repetition-Describer,0.0
2538,taboo,agent_planning_qwen3,high_en,episode_00004,Violated Request Count,0.0
2539,taboo,agent_planning_qwen3,high_en,episode_00004,Parsed Request Count,1.0
2540,taboo,agent_planning_qwen3,high_en,episode_00004,Request Count,1.0
2541,taboo,agent_planning_qwen3,high_en,episode_00004,Request Success Ratio,1.0
2542,taboo,agent_planning_qwen3,high_en,episode_00004,Aborted,0.0
2543,taboo,agent_planning_qwen3,high_en,episode_00004,Success,0.0
2544,taboo,agent_planning_qwen3,high_en,episode_00004,Lose,1.0
2545,taboo,agent_planning_qwen3,high_en,episode_00004,Main Score,0.0
2546,taboo,agent_planning_qwen3,high_en,episode_00004,Repetition-Guesser,0.0
2547,taboo,agent_planning_qwen3,high_en,episode_00004,Repetition-Describer,0.0
2548,taboo,agent_planning_qwen3,high_en,episode_00005,Violated Request Count,0.0
2549,taboo,agent_planning_qwen3,high_en,episode_00005,Parsed Request Count,2.0
2550,taboo,agent_planning_qwen3,high_en,episode_00005,Request Count,2.0
2551,taboo,agent_planning_qwen3,high_en,episode_00005,Request Success Ratio,1.0
2552,taboo,agent_planning_qwen3,high_en,episode_00005,Aborted,0.0
2553,taboo,agent_planning_qwen3,high_en,episode_00005,Success,0.0
2554,taboo,agent_planning_qwen3,high_en,episode_00005,Lose,1.0
2555,taboo,agent_planning_qwen3,high_en,episode_00005,Main Score,0.0
2556,taboo,agent_planning_qwen3,high_en,episode_00005,Repetition-Guesser,0.0
2557,taboo,agent_planning_qwen3,high_en,episode_00005,Repetition-Describer,0.0
2558,taboo,agent_planning_qwen3,low_en,episode_00011,Violated Request Count,0.0
2559,taboo,agent_planning_qwen3,low_en,episode_00011,Parsed Request Count,2.0
2560,taboo,agent_planning_qwen3,low_en,episode_00011,Request Count,2.0
2561,taboo,agent_planning_qwen3,low_en,episode_00011,Request Success Ratio,1.0
2562,taboo,agent_planning_qwen3,low_en,episode_00011,Aborted,0.0
2563,taboo,agent_planning_qwen3,low_en,episode_00011,Success,0.0
2564,taboo,agent_planning_qwen3,low_en,episode_00011,Lose,1.0
2565,taboo,agent_planning_qwen3,low_en,episode_00011,Main Score,0.0
2566,taboo,agent_planning_qwen3,low_en,episode_00011,Repetition-Guesser,0.0
2567,taboo,agent_planning_qwen3,low_en,episode_00011,Repetition-Describer,0.0
2568,taboo,agent_planning_qwen3,low_en,episode_00012,Violated Request Count,0.0
2569,taboo,agent_planning_qwen3,low_en,episode_00012,Parsed Request Count,1.0
2570,taboo,agent_planning_qwen3,low_en,episode_00012,Request Count,1.0
2571,taboo,agent_planning_qwen3,low_en,episode_00012,Request Success Ratio,1.0
2572,taboo,agent_planning_qwen3,low_en,episode_00012,Aborted,0.0
2573,taboo,agent_planning_qwen3,low_en,episode_00012,Success,1.0
2574,taboo,agent_planning_qwen3,low_en,episode_00012,Lose,0.0
2575,taboo,agent_planning_qwen3,low_en,episode_00012,Main Score,100.0
2576,taboo,agent_planning_qwen3,low_en,episode_00012,Repetition-Guesser,0.0
2577,taboo,agent_planning_qwen3,low_en,episode_00012,Repetition-Describer,0.0
2578,taboo,agent_planning_qwen3,low_en,episode_00013,Violated Request Count,0.0
2579,taboo,agent_planning_qwen3,low_en,episode_00013,Parsed Request Count,3.0
2580,taboo,agent_planning_qwen3,low_en,episode_00013,Request Count,3.0
2581,taboo,agent_planning_qwen3,low_en,episode_00013,Request Success Ratio,1.0
2582,taboo,agent_planning_qwen3,low_en,episode_00013,Aborted,0.0
2583,taboo,agent_planning_qwen3,low_en,episode_00013,Success,1.0
2584,taboo,agent_planning_qwen3,low_en,episode_00013,Lose,0.0
2585,taboo,agent_planning_qwen3,low_en,episode_00013,Main Score,33.333333333333336
2586,taboo,agent_planning_qwen3,low_en,episode_00013,Repetition-Guesser,0.0
2587,taboo,agent_planning_qwen3,low_en,episode_00013,Repetition-Describer,0.0
2588,taboo,agent_planning_qwen3,low_en,episode_00014,Violated Request Count,0.0
2589,taboo,agent_planning_qwen3,low_en,episode_00014,Parsed Request Count,3.0
2590,taboo,agent_planning_qwen3,low_en,episode_00014,Request Count,3.0
2591,taboo,agent_planning_qwen3,low_en,episode_00014,Request Success Ratio,1.0
2592,taboo,agent_planning_qwen3,low_en,episode_00014,Aborted,0.0
2593,taboo,agent_planning_qwen3,low_en,episode_00014,Success,0.0
2594,taboo,agent_planning_qwen3,low_en,episode_00014,Lose,1.0
2595,taboo,agent_planning_qwen3,low_en,episode_00014,Main Score,0.0
2596,taboo,agent_planning_qwen3,low_en,episode_00014,Repetition-Guesser,0.0
2597,taboo,agent_planning_qwen3,low_en,episode_00014,Repetition-Describer,0.0
2598,taboo,agent_planning_qwen3,low_en,episode_00015,Violated Request Count,0.0
2599,taboo,agent_planning_qwen3,low_en,episode_00015,Parsed Request Count,3.0
2600,taboo,agent_planning_qwen3,low_en,episode_00015,Request Count,3.0
2601,taboo,agent_planning_qwen3,low_en,episode_00015,Request Success Ratio,1.0
2602,taboo,agent_planning_qwen3,low_en,episode_00015,Aborted,0.0
2603,taboo,agent_planning_qwen3,low_en,episode_00015,Success,0.0
2604,taboo,agent_planning_qwen3,low_en,episode_00015,Lose,1.0
2605,taboo,agent_planning_qwen3,low_en,episode_00015,Main Score,0.0
2606,taboo,agent_planning_qwen3,low_en,episode_00015,Repetition-Guesser,0.0
2607,taboo,agent_planning_qwen3,low_en,episode_00015,Repetition-Describer,0.0
2608,taboo,agent_planning_qwen3,medium_en,episode_00006,Violated Request Count,0.0
2609,taboo,agent_planning_qwen3,medium_en,episode_00006,Parsed Request Count,2.0
2610,taboo,agent_planning_qwen3,medium_en,episode_00006,Request Count,2.0
2611,taboo,agent_planning_qwen3,medium_en,episode_00006,Request Success Ratio,1.0
2612,taboo,agent_planning_qwen3,medium_en,episode_00006,Aborted,0.0
2613,taboo,agent_planning_qwen3,medium_en,episode_00006,Success,0.0
2614,taboo,agent_planning_qwen3,medium_en,episode_00006,Lose,1.0
2615,taboo,agent_planning_qwen3,medium_en,episode_00006,Main Score,0.0
2616,taboo,agent_planning_qwen3,medium_en,episode_00006,Repetition-Guesser,0.0
2617,taboo,agent_planning_qwen3,medium_en,episode_00006,Repetition-Describer,0.0
2618,taboo,agent_planning_qwen3,medium_en,episode_00007,Violated Request Count,0.0
2619,taboo,agent_planning_qwen3,medium_en,episode_00007,Parsed Request Count,3.0
2620,taboo,agent_planning_qwen3,medium_en,episode_00007,Request Count,3.0
2621,taboo,agent_planning_qwen3,medium_en,episode_00007,Request Success Ratio,1.0
2622,taboo,agent_planning_qwen3,medium_en,episode_00007,Aborted,0.0
2623,taboo,agent_planning_qwen3,medium_en,episode_00007,Success,0.0
2624,taboo,agent_planning_qwen3,medium_en,episode_00007,Lose,1.0
2625,taboo,agent_planning_qwen3,medium_en,episode_00007,Main Score,0.0
2626,taboo,agent_planning_qwen3,medium_en,episode_00007,Repetition-Guesser,0.0
2627,taboo,agent_planning_qwen3,medium_en,episode_00007,Repetition-Describer,0.0
2628,taboo,agent_planning_qwen3,medium_en,episode_00008,Violated Request Count,0.0
2629,taboo,agent_planning_qwen3,medium_en,episode_00008,Parsed Request Count,3.0
2630,taboo,agent_planning_qwen3,medium_en,episode_00008,Request Count,3.0
2631,taboo,agent_planning_qwen3,medium_en,episode_00008,Request Success Ratio,1.0
2632,taboo,agent_planning_qwen3,medium_en,episode_00008,Aborted,0.0
2633,taboo,agent_planning_qwen3,medium_en,episode_00008,Success,0.0
2634,taboo,agent_planning_qwen3,medium_en,episode_00008,Lose,1.0
2635,taboo,agent_planning_qwen3,medium_en,episode_00008,Main Score,0.0
2636,taboo,agent_planning_qwen3,medium_en,episode_00008,Repetition-Guesser,0.0
2637,taboo,agent_planning_qwen3,medium_en,episode_00008,Repetition-Describer,0.0
2638,taboo,agent_planning_qwen3,medium_en,episode_00009,Violated Request Count,0.0
2639,taboo,agent_planning_qwen3,medium_en,episode_00009,Parsed Request Count,3.0
2640,taboo,agent_planning_qwen3,medium_en,episode_00009,Request Count,3.0
2641,taboo,agent_planning_qwen3,medium_en,episode_00009,Request Success Ratio,1.0
2642,taboo,agent_planning_qwen3,medium_en,episode_00009,Aborted,0.0
2643,taboo,agent_planning_qwen3,medium_en,episode_00009,Success,0.0
2644,taboo,agent_planning_qwen3,medium_en,episode_00009,Lose,1.0
2645,taboo,agent_planning_qwen3,medium_en,episode_00009,Main Score,0.0
2646,taboo,agent_planning_qwen3,medium_en,episode_00009,Repetition-Guesser,0.0
2647,taboo,agent_planning_qwen3,medium_en,episode_00009,Repetition-Describer,0.0
2648,taboo,agent_planning_qwen3,medium_en,episode_00010,Violated Request Count,0.0
2649,taboo,agent_planning_qwen3,medium_en,episode_00010,Parsed Request Count,1.0
2650,taboo,agent_planning_qwen3,medium_en,episode_00010,Request Count,1.0
2651,taboo,agent_planning_qwen3,medium_en,episode_00010,Request Success Ratio,1.0
2652,taboo,agent_planning_qwen3,medium_en,episode_00010,Aborted,0.0
2653,taboo,agent_planning_qwen3,medium_en,episode_00010,Success,1.0
2654,taboo,agent_planning_qwen3,medium_en,episode_00010,Lose,0.0
2655,taboo,agent_planning_qwen3,medium_en,episode_00010,Main Score,100.0
2656,taboo,agent_planning_qwen3,medium_en,episode_00010,Repetition-Guesser,0.0
2657,taboo,agent_planning_qwen3,medium_en,episode_00010,Repetition-Describer,0.0
2658,textmapworld,agent_planning_qwen3,large,episode_00021,Success,0.0
2659,textmapworld,agent_planning_qwen3,large,episode_00021,Aborted,0.0
2660,textmapworld,agent_planning_qwen3,large,episode_00021,Lose,1.0
2661,textmapworld,agent_planning_qwen3,large,episode_00021,moves,4.0
2662,textmapworld,agent_planning_qwen3,large,episode_00021,valid_moves,4.0
2663,textmapworld,agent_planning_qwen3,large,episode_00021,invalid_moves,0.0
2664,textmapworld,agent_planning_qwen3,large,episode_00021,stopped,1.0
2665,textmapworld,agent_planning_qwen3,large,episode_00021,turns_limit,0.0
2666,textmapworld,agent_planning_qwen3,large,episode_00021,loops,0.0
2667,textmapworld,agent_planning_qwen3,large,episode_00021,number_visited,4.0
2668,textmapworld,agent_planning_qwen3,large,episode_00021,seen,5.0
2669,textmapworld,agent_planning_qwen3,large,episode_00021,efficiency,75.0
2670,textmapworld,agent_planning_qwen3,large,episode_00021,exploration,50.0
2671,textmapworld,agent_planning_qwen3,large,episode_00021,Main Score,60.0
2672,textmapworld,agent_planning_qwen3,large,episode_00022,Success,0.0
2673,textmapworld,agent_planning_qwen3,large,episode_00022,Aborted,0.0
2674,textmapworld,agent_planning_qwen3,large,episode_00022,Lose,1.0
2675,textmapworld,agent_planning_qwen3,large,episode_00022,moves,0.0
2676,textmapworld,agent_planning_qwen3,large,episode_00022,valid_moves,0.0
2677,textmapworld,agent_planning_qwen3,large,episode_00022,invalid_moves,0.0
2678,textmapworld,agent_planning_qwen3,large,episode_00022,stopped,1.0
2679,textmapworld,agent_planning_qwen3,large,episode_00022,turns_limit,0.0
2680,textmapworld,agent_planning_qwen3,large,episode_00022,loops,0.0
2681,textmapworld,agent_planning_qwen3,large,episode_00022,number_visited,1.0
2682,textmapworld,agent_planning_qwen3,large,episode_00022,seen,2.0
2683,textmapworld,agent_planning_qwen3,large,episode_00022,efficiency,0.0
2684,textmapworld,agent_planning_qwen3,large,episode_00022,exploration,12.5
2685,textmapworld,agent_planning_qwen3,large,episode_00022,Main Score,0.0
2686,textmapworld,agent_planning_qwen3,large,episode_00023,Success,0.0
2687,textmapworld,agent_planning_qwen3,large,episode_00023,Aborted,0.0
2688,textmapworld,agent_planning_qwen3,large,episode_00023,Lose,1.0
2689,textmapworld,agent_planning_qwen3,large,episode_00023,moves,4.0
2690,textmapworld,agent_planning_qwen3,large,episode_00023,valid_moves,4.0
2691,textmapworld,agent_planning_qwen3,large,episode_00023,invalid_moves,0.0
2692,textmapworld,agent_planning_qwen3,large,episode_00023,stopped,1.0
2693,textmapworld,agent_planning_qwen3,large,episode_00023,turns_limit,0.0
2694,textmapworld,agent_planning_qwen3,large,episode_00023,loops,0.0
2695,textmapworld,agent_planning_qwen3,large,episode_00023,number_visited,3.0
2696,textmapworld,agent_planning_qwen3,large,episode_00023,seen,5.0
2697,textmapworld,agent_planning_qwen3,large,episode_00023,efficiency,50.0
2698,textmapworld,agent_planning_qwen3,large,episode_00023,exploration,37.5
2699,textmapworld,agent_planning_qwen3,large,episode_00023,Main Score,42.857142857142854
2700,textmapworld,agent_planning_qwen3,large,episode_00024,Success,0.0
2701,textmapworld,agent_planning_qwen3,large,episode_00024,Aborted,0.0
2702,textmapworld,agent_planning_qwen3,large,episode_00024,Lose,1.0
2703,textmapworld,agent_planning_qwen3,large,episode_00024,moves,4.0
2704,textmapworld,agent_planning_qwen3,large,episode_00024,valid_moves,4.0
2705,textmapworld,agent_planning_qwen3,large,episode_00024,invalid_moves,0.0
2706,textmapworld,agent_planning_qwen3,large,episode_00024,stopped,1.0
2707,textmapworld,agent_planning_qwen3,large,episode_00024,turns_limit,0.0
2708,textmapworld,agent_planning_qwen3,large,episode_00024,loops,1.0
2709,textmapworld,agent_planning_qwen3,large,episode_00024,number_visited,3.0
2710,textmapworld,agent_planning_qwen3,large,episode_00024,seen,4.0
2711,textmapworld,agent_planning_qwen3,large,episode_00024,efficiency,75.0
2712,textmapworld,agent_planning_qwen3,large,episode_00024,exploration,37.5
2713,textmapworld,agent_planning_qwen3,large,episode_00024,Main Score,50.0
2714,textmapworld,agent_planning_qwen3,large,episode_00025,Success,0.0
2715,textmapworld,agent_planning_qwen3,large,episode_00025,Aborted,0.0
2716,textmapworld,agent_planning_qwen3,large,episode_00025,Lose,1.0
2717,textmapworld,agent_planning_qwen3,large,episode_00025,moves,2.0
2718,textmapworld,agent_planning_qwen3,large,episode_00025,valid_moves,2.0
2719,textmapworld,agent_planning_qwen3,large,episode_00025,invalid_moves,0.0
2720,textmapworld,agent_planning_qwen3,large,episode_00025,stopped,1.0
2721,textmapworld,agent_planning_qwen3,large,episode_00025,turns_limit,0.0
2722,textmapworld,agent_planning_qwen3,large,episode_00025,loops,0.0
2723,textmapworld,agent_planning_qwen3,large,episode_00025,number_visited,2.0
2724,textmapworld,agent_planning_qwen3,large,episode_00025,seen,3.0
2725,textmapworld,agent_planning_qwen3,large,episode_00025,efficiency,50.0
2726,textmapworld,agent_planning_qwen3,large,episode_00025,exploration,25.0
2727,textmapworld,agent_planning_qwen3,large,episode_00025,Main Score,33.333333333333336
2728,textmapworld,agent_planning_qwen3,large,episode_00026,Success,0.0
2729,textmapworld,agent_planning_qwen3,large,episode_00026,Aborted,0.0
2730,textmapworld,agent_planning_qwen3,large,episode_00026,Lose,1.0
2731,textmapworld,agent_planning_qwen3,large,episode_00026,moves,4.0
2732,textmapworld,agent_planning_qwen3,large,episode_00026,valid_moves,4.0
2733,textmapworld,agent_planning_qwen3,large,episode_00026,invalid_moves,0.0
2734,textmapworld,agent_planning_qwen3,large,episode_00026,stopped,1.0
2735,textmapworld,agent_planning_qwen3,large,episode_00026,turns_limit,0.0
2736,textmapworld,agent_planning_qwen3,large,episode_00026,loops,2.0
2737,textmapworld,agent_planning_qwen3,large,episode_00026,number_visited,2.0
2738,textmapworld,agent_planning_qwen3,large,episode_00026,seen,4.0
2739,textmapworld,agent_planning_qwen3,large,episode_00026,efficiency,50.0
2740,textmapworld,agent_planning_qwen3,large,episode_00026,exploration,25.0
2741,textmapworld,agent_planning_qwen3,large,episode_00026,Main Score,33.333333333333336
2742,textmapworld,agent_planning_qwen3,large,episode_00027,Success,0.0
2743,textmapworld,agent_planning_qwen3,large,episode_00027,Aborted,0.0
2744,textmapworld,agent_planning_qwen3,large,episode_00027,Lose,1.0
2745,textmapworld,agent_planning_qwen3,large,episode_00027,moves,2.0
2746,textmapworld,agent_planning_qwen3,large,episode_00027,valid_moves,2.0
2747,textmapworld,agent_planning_qwen3,large,episode_00027,invalid_moves,0.0
2748,textmapworld,agent_planning_qwen3,large,episode_00027,stopped,1.0
2749,textmapworld,agent_planning_qwen3,large,episode_00027,turns_limit,0.0
2750,textmapworld,agent_planning_qwen3,large,episode_00027,loops,0.0
2751,textmapworld,agent_planning_qwen3,large,episode_00027,number_visited,2.0
2752,textmapworld,agent_planning_qwen3,large,episode_00027,seen,4.0
2753,textmapworld,agent_planning_qwen3,large,episode_00027,efficiency,50.0
2754,textmapworld,agent_planning_qwen3,large,episode_00027,exploration,25.0
2755,textmapworld,agent_planning_qwen3,large,episode_00027,Main Score,33.333333333333336
2756,textmapworld,agent_planning_qwen3,large,episode_00028,Success,0.0
2757,textmapworld,agent_planning_qwen3,large,episode_00028,Aborted,0.0
2758,textmapworld,agent_planning_qwen3,large,episode_00028,Lose,1.0
2759,textmapworld,agent_planning_qwen3,large,episode_00028,moves,5.0
2760,textmapworld,agent_planning_qwen3,large,episode_00028,valid_moves,5.0
2761,textmapworld,agent_planning_qwen3,large,episode_00028,invalid_moves,0.0
2762,textmapworld,agent_planning_qwen3,large,episode_00028,stopped,1.0
2763,textmapworld,agent_planning_qwen3,large,episode_00028,turns_limit,0.0
2764,textmapworld,agent_planning_qwen3,large,episode_00028,loops,0.0
2765,textmapworld,agent_planning_qwen3,large,episode_00028,number_visited,5.0
2766,textmapworld,agent_planning_qwen3,large,episode_00028,seen,7.0
2767,textmapworld,agent_planning_qwen3,large,episode_00028,efficiency,40.0
2768,textmapworld,agent_planning_qwen3,large,episode_00028,exploration,62.5
2769,textmapworld,agent_planning_qwen3,large,episode_00028,Main Score,48.78048780487805
2770,textmapworld,agent_planning_qwen3,large,episode_00029,Success,0.0
2771,textmapworld,agent_planning_qwen3,large,episode_00029,Aborted,0.0
2772,textmapworld,agent_planning_qwen3,large,episode_00029,Lose,1.0
2773,textmapworld,agent_planning_qwen3,large,episode_00029,moves,0.0
2774,textmapworld,agent_planning_qwen3,large,episode_00029,valid_moves,0.0
2775,textmapworld,agent_planning_qwen3,large,episode_00029,invalid_moves,0.0
2776,textmapworld,agent_planning_qwen3,large,episode_00029,stopped,1.0
2777,textmapworld,agent_planning_qwen3,large,episode_00029,turns_limit,0.0
2778,textmapworld,agent_planning_qwen3,large,episode_00029,loops,0.0
2779,textmapworld,agent_planning_qwen3,large,episode_00029,number_visited,1.0
2780,textmapworld,agent_planning_qwen3,large,episode_00029,seen,3.0
2781,textmapworld,agent_planning_qwen3,large,episode_00029,efficiency,0.0
2782,textmapworld,agent_planning_qwen3,large,episode_00029,exploration,12.5
2783,textmapworld,agent_planning_qwen3,large,episode_00029,Main Score,0.0
2784,textmapworld,agent_planning_qwen3,large,episode_00030,Success,0.0
2785,textmapworld,agent_planning_qwen3,large,episode_00030,Aborted,0.0
2786,textmapworld,agent_planning_qwen3,large,episode_00030,Lose,1.0
2787,textmapworld,agent_planning_qwen3,large,episode_00030,moves,2.0
2788,textmapworld,agent_planning_qwen3,large,episode_00030,valid_moves,2.0
2789,textmapworld,agent_planning_qwen3,large,episode_00030,invalid_moves,0.0
2790,textmapworld,agent_planning_qwen3,large,episode_00030,stopped,1.0
2791,textmapworld,agent_planning_qwen3,large,episode_00030,turns_limit,0.0
2792,textmapworld,agent_planning_qwen3,large,episode_00030,loops,0.0
2793,textmapworld,agent_planning_qwen3,large,episode_00030,number_visited,2.0
2794,textmapworld,agent_planning_qwen3,large,episode_00030,seen,3.0
2795,textmapworld,agent_planning_qwen3,large,episode_00030,efficiency,50.0
2796,textmapworld,agent_planning_qwen3,large,episode_00030,exploration,25.0
2797,textmapworld,agent_planning_qwen3,large,episode_00030,Main Score,33.333333333333336
2798,textmapworld,agent_planning_qwen3,large_cycle,episode_00041,Success,0.0
2799,textmapworld,agent_planning_qwen3,large_cycle,episode_00041,Aborted,0.0
2800,textmapworld,agent_planning_qwen3,large_cycle,episode_00041,Lose,1.0
2801,textmapworld,agent_planning_qwen3,large_cycle,episode_00041,moves,3.0
2802,textmapworld,agent_planning_qwen3,large_cycle,episode_00041,valid_moves,3.0
2803,textmapworld,agent_planning_qwen3,large_cycle,episode_00041,invalid_moves,0.0
2804,textmapworld,agent_planning_qwen3,large_cycle,episode_00041,stopped,1.0
2805,textmapworld,agent_planning_qwen3,large_cycle,episode_00041,turns_limit,0.0
2806,textmapworld,agent_planning_qwen3,large_cycle,episode_00041,loops,0.0
2807,textmapworld,agent_planning_qwen3,large_cycle,episode_00041,number_visited,3.0
2808,textmapworld,agent_planning_qwen3,large_cycle,episode_00041,seen,6.0
2809,textmapworld,agent_planning_qwen3,large_cycle,episode_00041,efficiency,66.66666666666666
2810,textmapworld,agent_planning_qwen3,large_cycle,episode_00041,exploration,37.5
2811,textmapworld,agent_planning_qwen3,large_cycle,episode_00041,Main Score,47.99999999999999
2812,textmapworld,agent_planning_qwen3,large_cycle,episode_00042,Success,0.0
2813,textmapworld,agent_planning_qwen3,large_cycle,episode_00042,Aborted,0.0
2814,textmapworld,agent_planning_qwen3,large_cycle,episode_00042,Lose,1.0
2815,textmapworld,agent_planning_qwen3,large_cycle,episode_00042,moves,2.0
2816,textmapworld,agent_planning_qwen3,large_cycle,episode_00042,valid_moves,2.0
2817,textmapworld,agent_planning_qwen3,large_cycle,episode_00042,invalid_moves,0.0
2818,textmapworld,agent_planning_qwen3,large_cycle,episode_00042,stopped,1.0
2819,textmapworld,agent_planning_qwen3,large_cycle,episode_00042,turns_limit,0.0
2820,textmapworld,agent_planning_qwen3,large_cycle,episode_00042,loops,0.0
2821,textmapworld,agent_planning_qwen3,large_cycle,episode_00042,number_visited,2.0
2822,textmapworld,agent_planning_qwen3,large_cycle,episode_00042,seen,5.0
2823,textmapworld,agent_planning_qwen3,large_cycle,episode_00042,efficiency,50.0
2824,textmapworld,agent_planning_qwen3,large_cycle,episode_00042,exploration,25.0
2825,textmapworld,agent_planning_qwen3,large_cycle,episode_00042,Main Score,33.333333333333336
2826,textmapworld,agent_planning_qwen3,large_cycle,episode_00043,Success,0.0
2827,textmapworld,agent_planning_qwen3,large_cycle,episode_00043,Aborted,0.0
2828,textmapworld,agent_planning_qwen3,large_cycle,episode_00043,Lose,1.0
2829,textmapworld,agent_planning_qwen3,large_cycle,episode_00043,moves,3.0
2830,textmapworld,agent_planning_qwen3,large_cycle,episode_00043,valid_moves,3.0
2831,textmapworld,agent_planning_qwen3,large_cycle,episode_00043,invalid_moves,0.0
2832,textmapworld,agent_planning_qwen3,large_cycle,episode_00043,stopped,1.0
2833,textmapworld,agent_planning_qwen3,large_cycle,episode_00043,turns_limit,0.0
2834,textmapworld,agent_planning_qwen3,large_cycle,episode_00043,loops,0.0
2835,textmapworld,agent_planning_qwen3,large_cycle,episode_00043,number_visited,3.0
2836,textmapworld,agent_planning_qwen3,large_cycle,episode_00043,seen,5.0
2837,textmapworld,agent_planning_qwen3,large_cycle,episode_00043,efficiency,66.66666666666666
2838,textmapworld,agent_planning_qwen3,large_cycle,episode_00043,exploration,37.5
2839,textmapworld,agent_planning_qwen3,large_cycle,episode_00043,Main Score,47.99999999999999
2840,textmapworld,agent_planning_qwen3,large_cycle,episode_00044,Success,0.0
2841,textmapworld,agent_planning_qwen3,large_cycle,episode_00044,Aborted,0.0
2842,textmapworld,agent_planning_qwen3,large_cycle,episode_00044,Lose,1.0
2843,textmapworld,agent_planning_qwen3,large_cycle,episode_00044,moves,2.0
2844,textmapworld,agent_planning_qwen3,large_cycle,episode_00044,valid_moves,2.0
2845,textmapworld,agent_planning_qwen3,large_cycle,episode_00044,invalid_moves,0.0
2846,textmapworld,agent_planning_qwen3,large_cycle,episode_00044,stopped,1.0
2847,textmapworld,agent_planning_qwen3,large_cycle,episode_00044,turns_limit,0.0
2848,textmapworld,agent_planning_qwen3,large_cycle,episode_00044,loops,0.0
2849,textmapworld,agent_planning_qwen3,large_cycle,episode_00044,number_visited,2.0
2850,textmapworld,agent_planning_qwen3,large_cycle,episode_00044,seen,3.0
2851,textmapworld,agent_planning_qwen3,large_cycle,episode_00044,efficiency,50.0
2852,textmapworld,agent_planning_qwen3,large_cycle,episode_00044,exploration,25.0
2853,textmapworld,agent_planning_qwen3,large_cycle,episode_00044,Main Score,33.333333333333336
2854,textmapworld,agent_planning_qwen3,large_cycle,episode_00045,Aborted,1.0
2855,textmapworld,agent_planning_qwen3,large_cycle,episode_00045,Success,0.0
2856,textmapworld,agent_planning_qwen3,large_cycle,episode_00045,Lose,0.0
2857,textmapworld,agent_planning_qwen3,large_cycle,episode_00045,moves,
2858,textmapworld,agent_planning_qwen3,large_cycle,episode_00045,valid_moves,
2859,textmapworld,agent_planning_qwen3,large_cycle,episode_00045,invalid_moves,
2860,textmapworld,agent_planning_qwen3,large_cycle,episode_00045,stopped,
2861,textmapworld,agent_planning_qwen3,large_cycle,episode_00045,turns_limit,
2862,textmapworld,agent_planning_qwen3,large_cycle,episode_00045,loops,
2863,textmapworld,agent_planning_qwen3,large_cycle,episode_00045,number_visited,
2864,textmapworld,agent_planning_qwen3,large_cycle,episode_00045,seen,
2865,textmapworld,agent_planning_qwen3,large_cycle,episode_00045,efficiency,
2866,textmapworld,agent_planning_qwen3,large_cycle,episode_00045,exploration,
2867,textmapworld,agent_planning_qwen3,large_cycle,episode_00045,Main Score,
2868,textmapworld,agent_planning_qwen3,large_cycle,episode_00046,Aborted,1.0
2869,textmapworld,agent_planning_qwen3,large_cycle,episode_00046,Success,0.0
2870,textmapworld,agent_planning_qwen3,large_cycle,episode_00046,Lose,0.0
2871,textmapworld,agent_planning_qwen3,large_cycle,episode_00046,moves,
2872,textmapworld,agent_planning_qwen3,large_cycle,episode_00046,valid_moves,
2873,textmapworld,agent_planning_qwen3,large_cycle,episode_00046,invalid_moves,
2874,textmapworld,agent_planning_qwen3,large_cycle,episode_00046,stopped,
2875,textmapworld,agent_planning_qwen3,large_cycle,episode_00046,turns_limit,
2876,textmapworld,agent_planning_qwen3,large_cycle,episode_00046,loops,
2877,textmapworld,agent_planning_qwen3,large_cycle,episode_00046,number_visited,
2878,textmapworld,agent_planning_qwen3,large_cycle,episode_00046,seen,
2879,textmapworld,agent_planning_qwen3,large_cycle,episode_00046,efficiency,
2880,textmapworld,agent_planning_qwen3,large_cycle,episode_00046,exploration,
2881,textmapworld,agent_planning_qwen3,large_cycle,episode_00046,Main Score,
2882,textmapworld,agent_planning_qwen3,large_cycle,episode_00047,Aborted,1.0
2883,textmapworld,agent_planning_qwen3,large_cycle,episode_00047,Success,0.0
2884,textmapworld,agent_planning_qwen3,large_cycle,episode_00047,Lose,0.0
2885,textmapworld,agent_planning_qwen3,large_cycle,episode_00047,moves,
2886,textmapworld,agent_planning_qwen3,large_cycle,episode_00047,valid_moves,
2887,textmapworld,agent_planning_qwen3,large_cycle,episode_00047,invalid_moves,
2888,textmapworld,agent_planning_qwen3,large_cycle,episode_00047,stopped,
2889,textmapworld,agent_planning_qwen3,large_cycle,episode_00047,turns_limit,
2890,textmapworld,agent_planning_qwen3,large_cycle,episode_00047,loops,
2891,textmapworld,agent_planning_qwen3,large_cycle,episode_00047,number_visited,
2892,textmapworld,agent_planning_qwen3,large_cycle,episode_00047,seen,
2893,textmapworld,agent_planning_qwen3,large_cycle,episode_00047,efficiency,
2894,textmapworld,agent_planning_qwen3,large_cycle,episode_00047,exploration,
2895,textmapworld,agent_planning_qwen3,large_cycle,episode_00047,Main Score,
2896,textmapworld,agent_planning_qwen3,large_cycle,episode_00048,Success,0.0
2897,textmapworld,agent_planning_qwen3,large_cycle,episode_00048,Aborted,0.0
2898,textmapworld,agent_planning_qwen3,large_cycle,episode_00048,Lose,1.0
2899,textmapworld,agent_planning_qwen3,large_cycle,episode_00048,moves,2.0
2900,textmapworld,agent_planning_qwen3,large_cycle,episode_00048,valid_moves,2.0
2901,textmapworld,agent_planning_qwen3,large_cycle,episode_00048,invalid_moves,0.0
2902,textmapworld,agent_planning_qwen3,large_cycle,episode_00048,stopped,1.0
2903,textmapworld,agent_planning_qwen3,large_cycle,episode_00048,turns_limit,0.0
2904,textmapworld,agent_planning_qwen3,large_cycle,episode_00048,loops,0.0
2905,textmapworld,agent_planning_qwen3,large_cycle,episode_00048,number_visited,2.0
2906,textmapworld,agent_planning_qwen3,large_cycle,episode_00048,seen,3.0
2907,textmapworld,agent_planning_qwen3,large_cycle,episode_00048,efficiency,50.0
2908,textmapworld,agent_planning_qwen3,large_cycle,episode_00048,exploration,25.0
2909,textmapworld,agent_planning_qwen3,large_cycle,episode_00048,Main Score,33.333333333333336
2910,textmapworld,agent_planning_qwen3,large_cycle,episode_00049,Success,0.0
2911,textmapworld,agent_planning_qwen3,large_cycle,episode_00049,Aborted,0.0
2912,textmapworld,agent_planning_qwen3,large_cycle,episode_00049,Lose,1.0
2913,textmapworld,agent_planning_qwen3,large_cycle,episode_00049,moves,2.0
2914,textmapworld,agent_planning_qwen3,large_cycle,episode_00049,valid_moves,2.0
2915,textmapworld,agent_planning_qwen3,large_cycle,episode_00049,invalid_moves,0.0
2916,textmapworld,agent_planning_qwen3,large_cycle,episode_00049,stopped,1.0
2917,textmapworld,agent_planning_qwen3,large_cycle,episode_00049,turns_limit,0.0
2918,textmapworld,agent_planning_qwen3,large_cycle,episode_00049,loops,0.0
2919,textmapworld,agent_planning_qwen3,large_cycle,episode_00049,number_visited,2.0
2920,textmapworld,agent_planning_qwen3,large_cycle,episode_00049,seen,4.0
2921,textmapworld,agent_planning_qwen3,large_cycle,episode_00049,efficiency,50.0
2922,textmapworld,agent_planning_qwen3,large_cycle,episode_00049,exploration,25.0
2923,textmapworld,agent_planning_qwen3,large_cycle,episode_00049,Main Score,33.333333333333336
2924,textmapworld,agent_planning_qwen3,large_cycle,episode_00050,Success,0.0
2925,textmapworld,agent_planning_qwen3,large_cycle,episode_00050,Aborted,0.0
2926,textmapworld,agent_planning_qwen3,large_cycle,episode_00050,Lose,1.0
2927,textmapworld,agent_planning_qwen3,large_cycle,episode_00050,moves,1.0
2928,textmapworld,agent_planning_qwen3,large_cycle,episode_00050,valid_moves,1.0
2929,textmapworld,agent_planning_qwen3,large_cycle,episode_00050,invalid_moves,0.0
2930,textmapworld,agent_planning_qwen3,large_cycle,episode_00050,stopped,1.0
2931,textmapworld,agent_planning_qwen3,large_cycle,episode_00050,turns_limit,0.0
2932,textmapworld,agent_planning_qwen3,large_cycle,episode_00050,loops,0.0
2933,textmapworld,agent_planning_qwen3,large_cycle,episode_00050,number_visited,2.0
2934,textmapworld,agent_planning_qwen3,large_cycle,episode_00050,seen,5.0
2935,textmapworld,agent_planning_qwen3,large_cycle,episode_00050,efficiency,100.0
2936,textmapworld,agent_planning_qwen3,large_cycle,episode_00050,exploration,25.0
2937,textmapworld,agent_planning_qwen3,large_cycle,episode_00050,Main Score,40.0
2938,textmapworld,agent_planning_qwen3,medium,episode_00011,Success,0.0
2939,textmapworld,agent_planning_qwen3,medium,episode_00011,Aborted,0.0
2940,textmapworld,agent_planning_qwen3,medium,episode_00011,Lose,1.0
2941,textmapworld,agent_planning_qwen3,medium,episode_00011,moves,1.0
2942,textmapworld,agent_planning_qwen3,medium,episode_00011,valid_moves,1.0
2943,textmapworld,agent_planning_qwen3,medium,episode_00011,invalid_moves,0.0
2944,textmapworld,agent_planning_qwen3,medium,episode_00011,stopped,1.0
2945,textmapworld,agent_planning_qwen3,medium,episode_00011,turns_limit,0.0
2946,textmapworld,agent_planning_qwen3,medium,episode_00011,loops,0.0
2947,textmapworld,agent_planning_qwen3,medium,episode_00011,number_visited,2.0
2948,textmapworld,agent_planning_qwen3,medium,episode_00011,seen,3.0
2949,textmapworld,agent_planning_qwen3,medium,episode_00011,efficiency,100.0
2950,textmapworld,agent_planning_qwen3,medium,episode_00011,exploration,33.33333333333333
2951,textmapworld,agent_planning_qwen3,medium,episode_00011,Main Score,50.0
2952,textmapworld,agent_planning_qwen3,medium,episode_00012,Success,0.0
2953,textmapworld,agent_planning_qwen3,medium,episode_00012,Aborted,0.0
2954,textmapworld,agent_planning_qwen3,medium,episode_00012,Lose,1.0
2955,textmapworld,agent_planning_qwen3,medium,episode_00012,moves,3.0
2956,textmapworld,agent_planning_qwen3,medium,episode_00012,valid_moves,3.0
2957,textmapworld,agent_planning_qwen3,medium,episode_00012,invalid_moves,0.0
2958,textmapworld,agent_planning_qwen3,medium,episode_00012,stopped,1.0
2959,textmapworld,agent_planning_qwen3,medium,episode_00012,turns_limit,0.0
2960,textmapworld,agent_planning_qwen3,medium,episode_00012,loops,0.0
2961,textmapworld,agent_planning_qwen3,medium,episode_00012,number_visited,3.0
2962,textmapworld,agent_planning_qwen3,medium,episode_00012,seen,5.0
2963,textmapworld,agent_planning_qwen3,medium,episode_00012,efficiency,66.66666666666666
2964,textmapworld,agent_planning_qwen3,medium,episode_00012,exploration,50.0
2965,textmapworld,agent_planning_qwen3,medium,episode_00012,Main Score,57.14285714285714
2966,textmapworld,agent_planning_qwen3,medium,episode_00013,Aborted,1.0
2967,textmapworld,agent_planning_qwen3,medium,episode_00013,Success,0.0
2968,textmapworld,agent_planning_qwen3,medium,episode_00013,Lose,0.0
2969,textmapworld,agent_planning_qwen3,medium,episode_00013,moves,
2970,textmapworld,agent_planning_qwen3,medium,episode_00013,valid_moves,
2971,textmapworld,agent_planning_qwen3,medium,episode_00013,invalid_moves,
2972,textmapworld,agent_planning_qwen3,medium,episode_00013,stopped,
2973,textmapworld,agent_planning_qwen3,medium,episode_00013,turns_limit,
2974,textmapworld,agent_planning_qwen3,medium,episode_00013,loops,
2975,textmapworld,agent_planning_qwen3,medium,episode_00013,number_visited,
2976,textmapworld,agent_planning_qwen3,medium,episode_00013,seen,
2977,textmapworld,agent_planning_qwen3,medium,episode_00013,efficiency,
2978,textmapworld,agent_planning_qwen3,medium,episode_00013,exploration,
2979,textmapworld,agent_planning_qwen3,medium,episode_00013,Main Score,
2980,textmapworld,agent_planning_qwen3,medium,episode_00014,Success,0.0
2981,textmapworld,agent_planning_qwen3,medium,episode_00014,Aborted,0.0
2982,textmapworld,agent_planning_qwen3,medium,episode_00014,Lose,1.0
2983,textmapworld,agent_planning_qwen3,medium,episode_00014,moves,4.0
2984,textmapworld,agent_planning_qwen3,medium,episode_00014,valid_moves,4.0
2985,textmapworld,agent_planning_qwen3,medium,episode_00014,invalid_moves,0.0
2986,textmapworld,agent_planning_qwen3,medium,episode_00014,stopped,1.0
2987,textmapworld,agent_planning_qwen3,medium,episode_00014,turns_limit,0.0
2988,textmapworld,agent_planning_qwen3,medium,episode_00014,loops,1.0
2989,textmapworld,agent_planning_qwen3,medium,episode_00014,number_visited,3.0
2990,textmapworld,agent_planning_qwen3,medium,episode_00014,seen,4.0
2991,textmapworld,agent_planning_qwen3,medium,episode_00014,efficiency,75.0
2992,textmapworld,agent_planning_qwen3,medium,episode_00014,exploration,50.0
2993,textmapworld,agent_planning_qwen3,medium,episode_00014,Main Score,60.0
2994,textmapworld,agent_planning_qwen3,medium,episode_00015,Success,0.0
2995,textmapworld,agent_planning_qwen3,medium,episode_00015,Aborted,0.0
2996,textmapworld,agent_planning_qwen3,medium,episode_00015,Lose,1.0
2997,textmapworld,agent_planning_qwen3,medium,episode_00015,moves,1.0
2998,textmapworld,agent_planning_qwen3,medium,episode_00015,valid_moves,1.0
2999,textmapworld,agent_planning_qwen3,medium,episode_00015,invalid_moves,0.0
3000,textmapworld,agent_planning_qwen3,medium,episode_00015,stopped,1.0
3001,textmapworld,agent_planning_qwen3,medium,episode_00015,turns_limit,0.0
3002,textmapworld,agent_planning_qwen3,medium,episode_00015,loops,0.0
3003,textmapworld,agent_planning_qwen3,medium,episode_00015,number_visited,2.0
3004,textmapworld,agent_planning_qwen3,medium,episode_00015,seen,3.0
3005,textmapworld,agent_planning_qwen3,medium,episode_00015,efficiency,100.0
3006,textmapworld,agent_planning_qwen3,medium,episode_00015,exploration,33.33333333333333
3007,textmapworld,agent_planning_qwen3,medium,episode_00015,Main Score,50.0
3008,textmapworld,agent_planning_qwen3,medium,episode_00016,Aborted,1.0
3009,textmapworld,agent_planning_qwen3,medium,episode_00016,Success,0.0
3010,textmapworld,agent_planning_qwen3,medium,episode_00016,Lose,0.0
3011,textmapworld,agent_planning_qwen3,medium,episode_00016,moves,
3012,textmapworld,agent_planning_qwen3,medium,episode_00016,valid_moves,
3013,textmapworld,agent_planning_qwen3,medium,episode_00016,invalid_moves,
3014,textmapworld,agent_planning_qwen3,medium,episode_00016,stopped,
3015,textmapworld,agent_planning_qwen3,medium,episode_00016,turns_limit,
3016,textmapworld,agent_planning_qwen3,medium,episode_00016,loops,
3017,textmapworld,agent_planning_qwen3,medium,episode_00016,number_visited,
3018,textmapworld,agent_planning_qwen3,medium,episode_00016,seen,
3019,textmapworld,agent_planning_qwen3,medium,episode_00016,efficiency,
3020,textmapworld,agent_planning_qwen3,medium,episode_00016,exploration,
3021,textmapworld,agent_planning_qwen3,medium,episode_00016,Main Score,
3022,textmapworld,agent_planning_qwen3,medium,episode_00017,Success,0.0
3023,textmapworld,agent_planning_qwen3,medium,episode_00017,Aborted,0.0
3024,textmapworld,agent_planning_qwen3,medium,episode_00017,Lose,1.0
3025,textmapworld,agent_planning_qwen3,medium,episode_00017,moves,2.0
3026,textmapworld,agent_planning_qwen3,medium,episode_00017,valid_moves,2.0
3027,textmapworld,agent_planning_qwen3,medium,episode_00017,invalid_moves,0.0
3028,textmapworld,agent_planning_qwen3,medium,episode_00017,stopped,1.0
3029,textmapworld,agent_planning_qwen3,medium,episode_00017,turns_limit,0.0
3030,textmapworld,agent_planning_qwen3,medium,episode_00017,loops,0.0
3031,textmapworld,agent_planning_qwen3,medium,episode_00017,number_visited,2.0
3032,textmapworld,agent_planning_qwen3,medium,episode_00017,seen,4.0
3033,textmapworld,agent_planning_qwen3,medium,episode_00017,efficiency,50.0
3034,textmapworld,agent_planning_qwen3,medium,episode_00017,exploration,33.33333333333333
3035,textmapworld,agent_planning_qwen3,medium,episode_00017,Main Score,40.0
3036,textmapworld,agent_planning_qwen3,medium,episode_00018,Aborted,1.0
3037,textmapworld,agent_planning_qwen3,medium,episode_00018,Success,0.0
3038,textmapworld,agent_planning_qwen3,medium,episode_00018,Lose,0.0
3039,textmapworld,agent_planning_qwen3,medium,episode_00018,moves,
3040,textmapworld,agent_planning_qwen3,medium,episode_00018,valid_moves,
3041,textmapworld,agent_planning_qwen3,medium,episode_00018,invalid_moves,
3042,textmapworld,agent_planning_qwen3,medium,episode_00018,stopped,
3043,textmapworld,agent_planning_qwen3,medium,episode_00018,turns_limit,
3044,textmapworld,agent_planning_qwen3,medium,episode_00018,loops,
3045,textmapworld,agent_planning_qwen3,medium,episode_00018,number_visited,
3046,textmapworld,agent_planning_qwen3,medium,episode_00018,seen,
3047,textmapworld,agent_planning_qwen3,medium,episode_00018,efficiency,
3048,textmapworld,agent_planning_qwen3,medium,episode_00018,exploration,
3049,textmapworld,agent_planning_qwen3,medium,episode_00018,Main Score,
3050,textmapworld,agent_planning_qwen3,medium,episode_00019,Success,0.0
3051,textmapworld,agent_planning_qwen3,medium,episode_00019,Aborted,0.0
3052,textmapworld,agent_planning_qwen3,medium,episode_00019,Lose,1.0
3053,textmapworld,agent_planning_qwen3,medium,episode_00019,moves,3.0
3054,textmapworld,agent_planning_qwen3,medium,episode_00019,valid_moves,3.0
3055,textmapworld,agent_planning_qwen3,medium,episode_00019,invalid_moves,0.0
3056,textmapworld,agent_planning_qwen3,medium,episode_00019,stopped,1.0
3057,textmapworld,agent_planning_qwen3,medium,episode_00019,turns_limit,0.0
3058,textmapworld,agent_planning_qwen3,medium,episode_00019,loops,0.0
3059,textmapworld,agent_planning_qwen3,medium,episode_00019,number_visited,3.0
3060,textmapworld,agent_planning_qwen3,medium,episode_00019,seen,4.0
3061,textmapworld,agent_planning_qwen3,medium,episode_00019,efficiency,100.0
3062,textmapworld,agent_planning_qwen3,medium,episode_00019,exploration,50.0
3063,textmapworld,agent_planning_qwen3,medium,episode_00019,Main Score,66.66666666666667
3064,textmapworld,agent_planning_qwen3,medium,episode_00020,Success,0.0
3065,textmapworld,agent_planning_qwen3,medium,episode_00020,Aborted,0.0
3066,textmapworld,agent_planning_qwen3,medium,episode_00020,Lose,1.0
3067,textmapworld,agent_planning_qwen3,medium,episode_00020,moves,1.0
3068,textmapworld,agent_planning_qwen3,medium,episode_00020,valid_moves,1.0
3069,textmapworld,agent_planning_qwen3,medium,episode_00020,invalid_moves,0.0
3070,textmapworld,agent_planning_qwen3,medium,episode_00020,stopped,1.0
3071,textmapworld,agent_planning_qwen3,medium,episode_00020,turns_limit,0.0
3072,textmapworld,agent_planning_qwen3,medium,episode_00020,loops,0.0
3073,textmapworld,agent_planning_qwen3,medium,episode_00020,number_visited,2.0
3074,textmapworld,agent_planning_qwen3,medium,episode_00020,seen,3.0
3075,textmapworld,agent_planning_qwen3,medium,episode_00020,efficiency,100.0
3076,textmapworld,agent_planning_qwen3,medium,episode_00020,exploration,33.33333333333333
3077,textmapworld,agent_planning_qwen3,medium,episode_00020,Main Score,50.0
3078,textmapworld,agent_planning_qwen3,medium_cycle,episode_00031,Success,0.0
3079,textmapworld,agent_planning_qwen3,medium_cycle,episode_00031,Aborted,0.0
3080,textmapworld,agent_planning_qwen3,medium_cycle,episode_00031,Lose,1.0
3081,textmapworld,agent_planning_qwen3,medium_cycle,episode_00031,moves,6.0
3082,textmapworld,agent_planning_qwen3,medium_cycle,episode_00031,valid_moves,6.0
3083,textmapworld,agent_planning_qwen3,medium_cycle,episode_00031,invalid_moves,0.0
3084,textmapworld,agent_planning_qwen3,medium_cycle,episode_00031,stopped,1.0
3085,textmapworld,agent_planning_qwen3,medium_cycle,episode_00031,turns_limit,0.0
3086,textmapworld,agent_planning_qwen3,medium_cycle,episode_00031,loops,1.0
3087,textmapworld,agent_planning_qwen3,medium_cycle,episode_00031,number_visited,4.0
3088,textmapworld,agent_planning_qwen3,medium_cycle,episode_00031,seen,6.0
3089,textmapworld,agent_planning_qwen3,medium_cycle,episode_00031,efficiency,33.33333333333333
3090,textmapworld,agent_planning_qwen3,medium_cycle,episode_00031,exploration,66.66666666666666
3091,textmapworld,agent_planning_qwen3,medium_cycle,episode_00031,Main Score,44.44444444444444
3092,textmapworld,agent_planning_qwen3,medium_cycle,episode_00032,Success,0.0
3093,textmapworld,agent_planning_qwen3,medium_cycle,episode_00032,Aborted,0.0
3094,textmapworld,agent_planning_qwen3,medium_cycle,episode_00032,Lose,1.0
3095,textmapworld,agent_planning_qwen3,medium_cycle,episode_00032,moves,2.0
3096,textmapworld,agent_planning_qwen3,medium_cycle,episode_00032,valid_moves,2.0
3097,textmapworld,agent_planning_qwen3,medium_cycle,episode_00032,invalid_moves,0.0
3098,textmapworld,agent_planning_qwen3,medium_cycle,episode_00032,stopped,1.0
3099,textmapworld,agent_planning_qwen3,medium_cycle,episode_00032,turns_limit,0.0
3100,textmapworld,agent_planning_qwen3,medium_cycle,episode_00032,loops,0.0
3101,textmapworld,agent_planning_qwen3,medium_cycle,episode_00032,number_visited,2.0
3102,textmapworld,agent_planning_qwen3,medium_cycle,episode_00032,seen,4.0
3103,textmapworld,agent_planning_qwen3,medium_cycle,episode_00032,efficiency,50.0
3104,textmapworld,agent_planning_qwen3,medium_cycle,episode_00032,exploration,33.33333333333333
3105,textmapworld,agent_planning_qwen3,medium_cycle,episode_00032,Main Score,40.0
3106,textmapworld,agent_planning_qwen3,medium_cycle,episode_00033,Success,0.0
3107,textmapworld,agent_planning_qwen3,medium_cycle,episode_00033,Aborted,0.0
3108,textmapworld,agent_planning_qwen3,medium_cycle,episode_00033,Lose,1.0
3109,textmapworld,agent_planning_qwen3,medium_cycle,episode_00033,moves,2.0
3110,textmapworld,agent_planning_qwen3,medium_cycle,episode_00033,valid_moves,2.0
3111,textmapworld,agent_planning_qwen3,medium_cycle,episode_00033,invalid_moves,0.0
3112,textmapworld,agent_planning_qwen3,medium_cycle,episode_00033,stopped,1.0
3113,textmapworld,agent_planning_qwen3,medium_cycle,episode_00033,turns_limit,0.0
3114,textmapworld,agent_planning_qwen3,medium_cycle,episode_00033,loops,0.0
3115,textmapworld,agent_planning_qwen3,medium_cycle,episode_00033,number_visited,2.0
3116,textmapworld,agent_planning_qwen3,medium_cycle,episode_00033,seen,4.0
3117,textmapworld,agent_planning_qwen3,medium_cycle,episode_00033,efficiency,50.0
3118,textmapworld,agent_planning_qwen3,medium_cycle,episode_00033,exploration,33.33333333333333
3119,textmapworld,agent_planning_qwen3,medium_cycle,episode_00033,Main Score,40.0
3120,textmapworld,agent_planning_qwen3,medium_cycle,episode_00034,Success,0.0
3121,textmapworld,agent_planning_qwen3,medium_cycle,episode_00034,Aborted,0.0
3122,textmapworld,agent_planning_qwen3,medium_cycle,episode_00034,Lose,1.0
3123,textmapworld,agent_planning_qwen3,medium_cycle,episode_00034,moves,3.0
3124,textmapworld,agent_planning_qwen3,medium_cycle,episode_00034,valid_moves,3.0
3125,textmapworld,agent_planning_qwen3,medium_cycle,episode_00034,invalid_moves,0.0
3126,textmapworld,agent_planning_qwen3,medium_cycle,episode_00034,stopped,1.0
3127,textmapworld,agent_planning_qwen3,medium_cycle,episode_00034,turns_limit,0.0
3128,textmapworld,agent_planning_qwen3,medium_cycle,episode_00034,loops,0.0
3129,textmapworld,agent_planning_qwen3,medium_cycle,episode_00034,number_visited,3.0
3130,textmapworld,agent_planning_qwen3,medium_cycle,episode_00034,seen,6.0
3131,textmapworld,agent_planning_qwen3,medium_cycle,episode_00034,efficiency,33.33333333333333
3132,textmapworld,agent_planning_qwen3,medium_cycle,episode_00034,exploration,50.0
3133,textmapworld,agent_planning_qwen3,medium_cycle,episode_00034,Main Score,40.0
3134,textmapworld,agent_planning_qwen3,medium_cycle,episode_00035,Success,0.0
3135,textmapworld,agent_planning_qwen3,medium_cycle,episode_00035,Aborted,0.0
3136,textmapworld,agent_planning_qwen3,medium_cycle,episode_00035,Lose,1.0
3137,textmapworld,agent_planning_qwen3,medium_cycle,episode_00035,moves,0.0
3138,textmapworld,agent_planning_qwen3,medium_cycle,episode_00035,valid_moves,0.0
3139,textmapworld,agent_planning_qwen3,medium_cycle,episode_00035,invalid_moves,0.0
3140,textmapworld,agent_planning_qwen3,medium_cycle,episode_00035,stopped,1.0
3141,textmapworld,agent_planning_qwen3,medium_cycle,episode_00035,turns_limit,0.0
3142,textmapworld,agent_planning_qwen3,medium_cycle,episode_00035,loops,0.0
3143,textmapworld,agent_planning_qwen3,medium_cycle,episode_00035,number_visited,1.0
3144,textmapworld,agent_planning_qwen3,medium_cycle,episode_00035,seen,2.0
3145,textmapworld,agent_planning_qwen3,medium_cycle,episode_00035,efficiency,0.0
3146,textmapworld,agent_planning_qwen3,medium_cycle,episode_00035,exploration,16.666666666666664
3147,textmapworld,agent_planning_qwen3,medium_cycle,episode_00035,Main Score,0.0
3148,textmapworld,agent_planning_qwen3,medium_cycle,episode_00036,Success,0.0
3149,textmapworld,agent_planning_qwen3,medium_cycle,episode_00036,Aborted,0.0
3150,textmapworld,agent_planning_qwen3,medium_cycle,episode_00036,Lose,1.0
3151,textmapworld,agent_planning_qwen3,medium_cycle,episode_00036,moves,2.0
3152,textmapworld,agent_planning_qwen3,medium_cycle,episode_00036,valid_moves,2.0
3153,textmapworld,agent_planning_qwen3,medium_cycle,episode_00036,invalid_moves,0.0
3154,textmapworld,agent_planning_qwen3,medium_cycle,episode_00036,stopped,1.0
3155,textmapworld,agent_planning_qwen3,medium_cycle,episode_00036,turns_limit,0.0
3156,textmapworld,agent_planning_qwen3,medium_cycle,episode_00036,loops,0.0
3157,textmapworld,agent_planning_qwen3,medium_cycle,episode_00036,number_visited,3.0
3158,textmapworld,agent_planning_qwen3,medium_cycle,episode_00036,seen,5.0
3159,textmapworld,agent_planning_qwen3,medium_cycle,episode_00036,efficiency,100.0
3160,textmapworld,agent_planning_qwen3,medium_cycle,episode_00036,exploration,50.0
3161,textmapworld,agent_planning_qwen3,medium_cycle,episode_00036,Main Score,66.66666666666667
3162,textmapworld,agent_planning_qwen3,medium_cycle,episode_00037,Aborted,1.0
3163,textmapworld,agent_planning_qwen3,medium_cycle,episode_00037,Success,0.0
3164,textmapworld,agent_planning_qwen3,medium_cycle,episode_00037,Lose,0.0
3165,textmapworld,agent_planning_qwen3,medium_cycle,episode_00037,moves,
3166,textmapworld,agent_planning_qwen3,medium_cycle,episode_00037,valid_moves,
3167,textmapworld,agent_planning_qwen3,medium_cycle,episode_00037,invalid_moves,
3168,textmapworld,agent_planning_qwen3,medium_cycle,episode_00037,stopped,
3169,textmapworld,agent_planning_qwen3,medium_cycle,episode_00037,turns_limit,
3170,textmapworld,agent_planning_qwen3,medium_cycle,episode_00037,loops,
3171,textmapworld,agent_planning_qwen3,medium_cycle,episode_00037,number_visited,
3172,textmapworld,agent_planning_qwen3,medium_cycle,episode_00037,seen,
3173,textmapworld,agent_planning_qwen3,medium_cycle,episode_00037,efficiency,
3174,textmapworld,agent_planning_qwen3,medium_cycle,episode_00037,exploration,
3175,textmapworld,agent_planning_qwen3,medium_cycle,episode_00037,Main Score,
3176,textmapworld,agent_planning_qwen3,medium_cycle,episode_00038,Success,0.0
3177,textmapworld,agent_planning_qwen3,medium_cycle,episode_00038,Aborted,0.0
3178,textmapworld,agent_planning_qwen3,medium_cycle,episode_00038,Lose,1.0
3179,textmapworld,agent_planning_qwen3,medium_cycle,episode_00038,moves,3.0
3180,textmapworld,agent_planning_qwen3,medium_cycle,episode_00038,valid_moves,3.0
3181,textmapworld,agent_planning_qwen3,medium_cycle,episode_00038,invalid_moves,0.0
3182,textmapworld,agent_planning_qwen3,medium_cycle,episode_00038,stopped,1.0
3183,textmapworld,agent_planning_qwen3,medium_cycle,episode_00038,turns_limit,0.0
3184,textmapworld,agent_planning_qwen3,medium_cycle,episode_00038,loops,0.0
3185,textmapworld,agent_planning_qwen3,medium_cycle,episode_00038,number_visited,3.0
3186,textmapworld,agent_planning_qwen3,medium_cycle,episode_00038,seen,5.0
3187,textmapworld,agent_planning_qwen3,medium_cycle,episode_00038,efficiency,66.66666666666666
3188,textmapworld,agent_planning_qwen3,medium_cycle,episode_00038,exploration,50.0
3189,textmapworld,agent_planning_qwen3,medium_cycle,episode_00038,Main Score,57.14285714285714
3190,textmapworld,agent_planning_qwen3,medium_cycle,episode_00039,Success,0.0
3191,textmapworld,agent_planning_qwen3,medium_cycle,episode_00039,Aborted,0.0
3192,textmapworld,agent_planning_qwen3,medium_cycle,episode_00039,Lose,1.0
3193,textmapworld,agent_planning_qwen3,medium_cycle,episode_00039,moves,3.0
3194,textmapworld,agent_planning_qwen3,medium_cycle,episode_00039,valid_moves,3.0
3195,textmapworld,agent_planning_qwen3,medium_cycle,episode_00039,invalid_moves,0.0
3196,textmapworld,agent_planning_qwen3,medium_cycle,episode_00039,stopped,1.0
3197,textmapworld,agent_planning_qwen3,medium_cycle,episode_00039,turns_limit,0.0
3198,textmapworld,agent_planning_qwen3,medium_cycle,episode_00039,loops,0.0
3199,textmapworld,agent_planning_qwen3,medium_cycle,episode_00039,number_visited,4.0
3200,textmapworld,agent_planning_qwen3,medium_cycle,episode_00039,seen,6.0
3201,textmapworld,agent_planning_qwen3,medium_cycle,episode_00039,efficiency,100.0
3202,textmapworld,agent_planning_qwen3,medium_cycle,episode_00039,exploration,66.66666666666666
3203,textmapworld,agent_planning_qwen3,medium_cycle,episode_00039,Main Score,80.0
3204,textmapworld,agent_planning_qwen3,medium_cycle,episode_00040,Success,0.0
3205,textmapworld,agent_planning_qwen3,medium_cycle,episode_00040,Aborted,0.0
3206,textmapworld,agent_planning_qwen3,medium_cycle,episode_00040,Lose,1.0
3207,textmapworld,agent_planning_qwen3,medium_cycle,episode_00040,moves,3.0
3208,textmapworld,agent_planning_qwen3,medium_cycle,episode_00040,valid_moves,3.0
3209,textmapworld,agent_planning_qwen3,medium_cycle,episode_00040,invalid_moves,0.0
3210,textmapworld,agent_planning_qwen3,medium_cycle,episode_00040,stopped,1.0
3211,textmapworld,agent_planning_qwen3,medium_cycle,episode_00040,turns_limit,0.0
3212,textmapworld,agent_planning_qwen3,medium_cycle,episode_00040,loops,0.0
3213,textmapworld,agent_planning_qwen3,medium_cycle,episode_00040,number_visited,4.0
3214,textmapworld,agent_planning_qwen3,medium_cycle,episode_00040,seen,6.0
3215,textmapworld,agent_planning_qwen3,medium_cycle,episode_00040,efficiency,100.0
3216,textmapworld,agent_planning_qwen3,medium_cycle,episode_00040,exploration,66.66666666666666
3217,textmapworld,agent_planning_qwen3,medium_cycle,episode_00040,Main Score,80.0
3218,textmapworld,agent_planning_qwen3,small,episode_00001,Success,1.0
3219,textmapworld,agent_planning_qwen3,small,episode_00001,Aborted,0.0
3220,textmapworld,agent_planning_qwen3,small,episode_00001,Lose,0.0
3221,textmapworld,agent_planning_qwen3,small,episode_00001,moves,3.0
3222,textmapworld,agent_planning_qwen3,small,episode_00001,valid_moves,3.0
3223,textmapworld,agent_planning_qwen3,small,episode_00001,invalid_moves,0.0
3224,textmapworld,agent_planning_qwen3,small,episode_00001,stopped,1.0
3225,textmapworld,agent_planning_qwen3,small,episode_00001,turns_limit,0.0
3226,textmapworld,agent_planning_qwen3,small,episode_00001,loops,0.0
3227,textmapworld,agent_planning_qwen3,small,episode_00001,number_visited,4.0
3228,textmapworld,agent_planning_qwen3,small,episode_00001,seen,4.0
3229,textmapworld,agent_planning_qwen3,small,episode_00001,efficiency,100.0
3230,textmapworld,agent_planning_qwen3,small,episode_00001,exploration,100.0
3231,textmapworld,agent_planning_qwen3,small,episode_00001,Main Score,100.0
3232,textmapworld,agent_planning_qwen3,small,episode_00002,Success,0.0
3233,textmapworld,agent_planning_qwen3,small,episode_00002,Aborted,0.0
3234,textmapworld,agent_planning_qwen3,small,episode_00002,Lose,1.0
3235,textmapworld,agent_planning_qwen3,small,episode_00002,moves,1.0
3236,textmapworld,agent_planning_qwen3,small,episode_00002,valid_moves,1.0
3237,textmapworld,agent_planning_qwen3,small,episode_00002,invalid_moves,0.0
3238,textmapworld,agent_planning_qwen3,small,episode_00002,stopped,1.0
3239,textmapworld,agent_planning_qwen3,small,episode_00002,turns_limit,0.0
3240,textmapworld,agent_planning_qwen3,small,episode_00002,loops,0.0
3241,textmapworld,agent_planning_qwen3,small,episode_00002,number_visited,2.0
3242,textmapworld,agent_planning_qwen3,small,episode_00002,seen,3.0
3243,textmapworld,agent_planning_qwen3,small,episode_00002,efficiency,100.0
3244,textmapworld,agent_planning_qwen3,small,episode_00002,exploration,50.0
3245,textmapworld,agent_planning_qwen3,small,episode_00002,Main Score,66.66666666666667
3246,textmapworld,agent_planning_qwen3,small,episode_00003,Success,1.0
3247,textmapworld,agent_planning_qwen3,small,episode_00003,Aborted,0.0
3248,textmapworld,agent_planning_qwen3,small,episode_00003,Lose,0.0
3249,textmapworld,agent_planning_qwen3,small,episode_00003,moves,3.0
3250,textmapworld,agent_planning_qwen3,small,episode_00003,valid_moves,3.0
3251,textmapworld,agent_planning_qwen3,small,episode_00003,invalid_moves,0.0
3252,textmapworld,agent_planning_qwen3,small,episode_00003,stopped,1.0
3253,textmapworld,agent_planning_qwen3,small,episode_00003,turns_limit,0.0
3254,textmapworld,agent_planning_qwen3,small,episode_00003,loops,0.0
3255,textmapworld,agent_planning_qwen3,small,episode_00003,number_visited,4.0
3256,textmapworld,agent_planning_qwen3,small,episode_00003,seen,4.0
3257,textmapworld,agent_planning_qwen3,small,episode_00003,efficiency,100.0
3258,textmapworld,agent_planning_qwen3,small,episode_00003,exploration,100.0
3259,textmapworld,agent_planning_qwen3,small,episode_00003,Main Score,100.0
3260,textmapworld,agent_planning_qwen3,small,episode_00004,Aborted,1.0
3261,textmapworld,agent_planning_qwen3,small,episode_00004,Success,0.0
3262,textmapworld,agent_planning_qwen3,small,episode_00004,Lose,0.0
3263,textmapworld,agent_planning_qwen3,small,episode_00004,moves,
3264,textmapworld,agent_planning_qwen3,small,episode_00004,valid_moves,
3265,textmapworld,agent_planning_qwen3,small,episode_00004,invalid_moves,
3266,textmapworld,agent_planning_qwen3,small,episode_00004,stopped,
3267,textmapworld,agent_planning_qwen3,small,episode_00004,turns_limit,
3268,textmapworld,agent_planning_qwen3,small,episode_00004,loops,
3269,textmapworld,agent_planning_qwen3,small,episode_00004,number_visited,
3270,textmapworld,agent_planning_qwen3,small,episode_00004,seen,
3271,textmapworld,agent_planning_qwen3,small,episode_00004,efficiency,
3272,textmapworld,agent_planning_qwen3,small,episode_00004,exploration,
3273,textmapworld,agent_planning_qwen3,small,episode_00004,Main Score,
3274,textmapworld,agent_planning_qwen3,small,episode_00005,Aborted,1.0
3275,textmapworld,agent_planning_qwen3,small,episode_00005,Success,0.0
3276,textmapworld,agent_planning_qwen3,small,episode_00005,Lose,0.0
3277,textmapworld,agent_planning_qwen3,small,episode_00005,moves,
3278,textmapworld,agent_planning_qwen3,small,episode_00005,valid_moves,
3279,textmapworld,agent_planning_qwen3,small,episode_00005,invalid_moves,
3280,textmapworld,agent_planning_qwen3,small,episode_00005,stopped,
3281,textmapworld,agent_planning_qwen3,small,episode_00005,turns_limit,
3282,textmapworld,agent_planning_qwen3,small,episode_00005,loops,
3283,textmapworld,agent_planning_qwen3,small,episode_00005,number_visited,
3284,textmapworld,agent_planning_qwen3,small,episode_00005,seen,
3285,textmapworld,agent_planning_qwen3,small,episode_00005,efficiency,
3286,textmapworld,agent_planning_qwen3,small,episode_00005,exploration,
3287,textmapworld,agent_planning_qwen3,small,episode_00005,Main Score,
3288,textmapworld,agent_planning_qwen3,small,episode_00006,Success,0.0
3289,textmapworld,agent_planning_qwen3,small,episode_00006,Aborted,0.0
3290,textmapworld,agent_planning_qwen3,small,episode_00006,Lose,1.0
3291,textmapworld,agent_planning_qwen3,small,episode_00006,moves,1.0
3292,textmapworld,agent_planning_qwen3,small,episode_00006,valid_moves,1.0
3293,textmapworld,agent_planning_qwen3,small,episode_00006,invalid_moves,0.0
3294,textmapworld,agent_planning_qwen3,small,episode_00006,stopped,1.0
3295,textmapworld,agent_planning_qwen3,small,episode_00006,turns_limit,0.0
3296,textmapworld,agent_planning_qwen3,small,episode_00006,loops,0.0
3297,textmapworld,agent_planning_qwen3,small,episode_00006,number_visited,2.0
3298,textmapworld,agent_planning_qwen3,small,episode_00006,seen,3.0
3299,textmapworld,agent_planning_qwen3,small,episode_00006,efficiency,100.0
3300,textmapworld,agent_planning_qwen3,small,episode_00006,exploration,50.0
3301,textmapworld,agent_planning_qwen3,small,episode_00006,Main Score,66.66666666666667
3302,textmapworld,agent_planning_qwen3,small,episode_00007,Success,0.0
3303,textmapworld,agent_planning_qwen3,small,episode_00007,Aborted,0.0
3304,textmapworld,agent_planning_qwen3,small,episode_00007,Lose,1.0
3305,textmapworld,agent_planning_qwen3,small,episode_00007,moves,2.0
3306,textmapworld,agent_planning_qwen3,small,episode_00007,valid_moves,2.0
3307,textmapworld,agent_planning_qwen3,small,episode_00007,invalid_moves,0.0
3308,textmapworld,agent_planning_qwen3,small,episode_00007,stopped,1.0
3309,textmapworld,agent_planning_qwen3,small,episode_00007,turns_limit,0.0
3310,textmapworld,agent_planning_qwen3,small,episode_00007,loops,0.0
3311,textmapworld,agent_planning_qwen3,small,episode_00007,number_visited,2.0
3312,textmapworld,agent_planning_qwen3,small,episode_00007,seen,3.0
3313,textmapworld,agent_planning_qwen3,small,episode_00007,efficiency,50.0
3314,textmapworld,agent_planning_qwen3,small,episode_00007,exploration,50.0
3315,textmapworld,agent_planning_qwen3,small,episode_00007,Main Score,50.0
3316,textmapworld,agent_planning_qwen3,small,episode_00008,Success,0.0
3317,textmapworld,agent_planning_qwen3,small,episode_00008,Aborted,0.0
3318,textmapworld,agent_planning_qwen3,small,episode_00008,Lose,1.0
3319,textmapworld,agent_planning_qwen3,small,episode_00008,moves,2.0
3320,textmapworld,agent_planning_qwen3,small,episode_00008,valid_moves,2.0
3321,textmapworld,agent_planning_qwen3,small,episode_00008,invalid_moves,0.0
3322,textmapworld,agent_planning_qwen3,small,episode_00008,stopped,1.0
3323,textmapworld,agent_planning_qwen3,small,episode_00008,turns_limit,0.0
3324,textmapworld,agent_planning_qwen3,small,episode_00008,loops,0.0
3325,textmapworld,agent_planning_qwen3,small,episode_00008,number_visited,2.0
3326,textmapworld,agent_planning_qwen3,small,episode_00008,seen,3.0
3327,textmapworld,agent_planning_qwen3,small,episode_00008,efficiency,50.0
3328,textmapworld,agent_planning_qwen3,small,episode_00008,exploration,50.0
3329,textmapworld,agent_planning_qwen3,small,episode_00008,Main Score,50.0
3330,textmapworld,agent_planning_qwen3,small,episode_00009,Success,0.0
3331,textmapworld,agent_planning_qwen3,small,episode_00009,Aborted,0.0
3332,textmapworld,agent_planning_qwen3,small,episode_00009,Lose,1.0
3333,textmapworld,agent_planning_qwen3,small,episode_00009,moves,4.0
3334,textmapworld,agent_planning_qwen3,small,episode_00009,valid_moves,4.0
3335,textmapworld,agent_planning_qwen3,small,episode_00009,invalid_moves,0.0
3336,textmapworld,agent_planning_qwen3,small,episode_00009,stopped,1.0
3337,textmapworld,agent_planning_qwen3,small,episode_00009,turns_limit,0.0
3338,textmapworld,agent_planning_qwen3,small,episode_00009,loops,1.0
3339,textmapworld,agent_planning_qwen3,small,episode_00009,number_visited,3.0
3340,textmapworld,agent_planning_qwen3,small,episode_00009,seen,4.0
3341,textmapworld,agent_planning_qwen3,small,episode_00009,efficiency,25.0
3342,textmapworld,agent_planning_qwen3,small,episode_00009,exploration,75.0
3343,textmapworld,agent_planning_qwen3,small,episode_00009,Main Score,37.5
3344,textmapworld,agent_planning_qwen3,small,episode_00010,Success,0.0
3345,textmapworld,agent_planning_qwen3,small,episode_00010,Aborted,0.0
3346,textmapworld,agent_planning_qwen3,small,episode_00010,Lose,1.0
3347,textmapworld,agent_planning_qwen3,small,episode_00010,moves,3.0
3348,textmapworld,agent_planning_qwen3,small,episode_00010,valid_moves,3.0
3349,textmapworld,agent_planning_qwen3,small,episode_00010,invalid_moves,0.0
3350,textmapworld,agent_planning_qwen3,small,episode_00010,stopped,1.0
3351,textmapworld,agent_planning_qwen3,small,episode_00010,turns_limit,0.0
3352,textmapworld,agent_planning_qwen3,small,episode_00010,loops,0.0
3353,textmapworld,agent_planning_qwen3,small,episode_00010,number_visited,3.0
3354,textmapworld,agent_planning_qwen3,small,episode_00010,seen,4.0
3355,textmapworld,agent_planning_qwen3,small,episode_00010,efficiency,66.66666666666666
3356,textmapworld,agent_planning_qwen3,small,episode_00010,exploration,75.0
3357,textmapworld,agent_planning_qwen3,small,episode_00010,Main Score,70.58823529411764
3358,referencegame,agent_two_tools_qwen3,letter_grids,episode_00001,Generated Expression Length,136.0
3359,referencegame,agent_two_tools_qwen3,letter_grids,episode_00001,Generated Expression Number of Tokens,29.0
3360,referencegame,agent_two_tools_qwen3,letter_grids,episode_00001,Aborted at Player 1,0.0
3361,referencegame,agent_two_tools_qwen3,letter_grids,episode_00001,Aborted at Player 2,0.0
3362,referencegame,agent_two_tools_qwen3,letter_grids,episode_00001,Request Count,2.0
3363,referencegame,agent_two_tools_qwen3,letter_grids,episode_00001,Parsed Request Count,2.0
3364,referencegame,agent_two_tools_qwen3,letter_grids,episode_00001,Violated Request Count,0.0
3365,referencegame,agent_two_tools_qwen3,letter_grids,episode_00001,Aborted,0.0
3366,referencegame,agent_two_tools_qwen3,letter_grids,episode_00001,Success,1.0
3367,referencegame,agent_two_tools_qwen3,letter_grids,episode_00001,Lose,0.0
3368,referencegame,agent_two_tools_qwen3,letter_grids,episode_00001,Main Score,100.0
3369,referencegame,agent_two_tools_qwen3,letter_grids,episode_00001,Request Success Ratio,1.0
3370,referencegame,agent_two_tools_qwen3,letter_grids,episode_00002,Generated Expression Length,129.0
3371,referencegame,agent_two_tools_qwen3,letter_grids,episode_00002,Generated Expression Number of Tokens,23.0
3372,referencegame,agent_two_tools_qwen3,letter_grids,episode_00002,Aborted at Player 1,0.0
3373,referencegame,agent_two_tools_qwen3,letter_grids,episode_00002,Aborted at Player 2,0.0
3374,referencegame,agent_two_tools_qwen3,letter_grids,episode_00002,Request Count,2.0
3375,referencegame,agent_two_tools_qwen3,letter_grids,episode_00002,Parsed Request Count,2.0
3376,referencegame,agent_two_tools_qwen3,letter_grids,episode_00002,Violated Request Count,0.0
3377,referencegame,agent_two_tools_qwen3,letter_grids,episode_00002,Aborted,0.0
3378,referencegame,agent_two_tools_qwen3,letter_grids,episode_00002,Success,1.0
3379,referencegame,agent_two_tools_qwen3,letter_grids,episode_00002,Lose,0.0
3380,referencegame,agent_two_tools_qwen3,letter_grids,episode_00002,Main Score,100.0
3381,referencegame,agent_two_tools_qwen3,letter_grids,episode_00002,Request Success Ratio,1.0
3382,referencegame,agent_two_tools_qwen3,letter_grids,episode_00003,Generated Expression Length,175.0
3383,referencegame,agent_two_tools_qwen3,letter_grids,episode_00003,Generated Expression Number of Tokens,31.0
3384,referencegame,agent_two_tools_qwen3,letter_grids,episode_00003,Aborted at Player 1,0.0
3385,referencegame,agent_two_tools_qwen3,letter_grids,episode_00003,Aborted at Player 2,0.0
3386,referencegame,agent_two_tools_qwen3,letter_grids,episode_00003,Request Count,2.0
3387,referencegame,agent_two_tools_qwen3,letter_grids,episode_00003,Parsed Request Count,2.0
3388,referencegame,agent_two_tools_qwen3,letter_grids,episode_00003,Violated Request Count,0.0
3389,referencegame,agent_two_tools_qwen3,letter_grids,episode_00003,Aborted,0.0
3390,referencegame,agent_two_tools_qwen3,letter_grids,episode_00003,Success,0.0
3391,referencegame,agent_two_tools_qwen3,letter_grids,episode_00003,Lose,1.0
3392,referencegame,agent_two_tools_qwen3,letter_grids,episode_00003,Main Score,0.0
3393,referencegame,agent_two_tools_qwen3,letter_grids,episode_00003,Request Success Ratio,1.0
3394,referencegame,agent_two_tools_qwen3,letter_grids,episode_00004,Generated Expression Length,157.0
3395,referencegame,agent_two_tools_qwen3,letter_grids,episode_00004,Generated Expression Number of Tokens,30.0
3396,referencegame,agent_two_tools_qwen3,letter_grids,episode_00004,Aborted at Player 1,0.0
3397,referencegame,agent_two_tools_qwen3,letter_grids,episode_00004,Aborted at Player 2,0.0
3398,referencegame,agent_two_tools_qwen3,letter_grids,episode_00004,Request Count,2.0
3399,referencegame,agent_two_tools_qwen3,letter_grids,episode_00004,Parsed Request Count,2.0
3400,referencegame,agent_two_tools_qwen3,letter_grids,episode_00004,Violated Request Count,0.0
3401,referencegame,agent_two_tools_qwen3,letter_grids,episode_00004,Aborted,0.0
3402,referencegame,agent_two_tools_qwen3,letter_grids,episode_00004,Success,0.0
3403,referencegame,agent_two_tools_qwen3,letter_grids,episode_00004,Lose,1.0
3404,referencegame,agent_two_tools_qwen3,letter_grids,episode_00004,Main Score,0.0
3405,referencegame,agent_two_tools_qwen3,letter_grids,episode_00004,Request Success Ratio,1.0
3406,referencegame,agent_two_tools_qwen3,letter_grids,episode_00005,Generated Expression Length,95.0
3407,referencegame,agent_two_tools_qwen3,letter_grids,episode_00005,Generated Expression Number of Tokens,17.0
3408,referencegame,agent_two_tools_qwen3,letter_grids,episode_00005,Aborted at Player 1,0.0
3409,referencegame,agent_two_tools_qwen3,letter_grids,episode_00005,Aborted at Player 2,0.0
3410,referencegame,agent_two_tools_qwen3,letter_grids,episode_00005,Request Count,2.0
3411,referencegame,agent_two_tools_qwen3,letter_grids,episode_00005,Parsed Request Count,2.0
3412,referencegame,agent_two_tools_qwen3,letter_grids,episode_00005,Violated Request Count,0.0
3413,referencegame,agent_two_tools_qwen3,letter_grids,episode_00005,Aborted,0.0
3414,referencegame,agent_two_tools_qwen3,letter_grids,episode_00005,Success,1.0
3415,referencegame,agent_two_tools_qwen3,letter_grids,episode_00005,Lose,0.0
3416,referencegame,agent_two_tools_qwen3,letter_grids,episode_00005,Main Score,100.0
3417,referencegame,agent_two_tools_qwen3,letter_grids,episode_00005,Request Success Ratio,1.0
3418,referencegame,agent_two_tools_qwen3,line_grids_columns,episode_00016,Generated Expression Length,119.0
3419,referencegame,agent_two_tools_qwen3,line_grids_columns,episode_00016,Generated Expression Number of Tokens,23.0
3420,referencegame,agent_two_tools_qwen3,line_grids_columns,episode_00016,Aborted at Player 1,0.0
3421,referencegame,agent_two_tools_qwen3,line_grids_columns,episode_00016,Aborted at Player 2,0.0
3422,referencegame,agent_two_tools_qwen3,line_grids_columns,episode_00016,Request Count,2.0
3423,referencegame,agent_two_tools_qwen3,line_grids_columns,episode_00016,Parsed Request Count,2.0
3424,referencegame,agent_two_tools_qwen3,line_grids_columns,episode_00016,Violated Request Count,0.0
3425,referencegame,agent_two_tools_qwen3,line_grids_columns,episode_00016,Aborted,0.0
3426,referencegame,agent_two_tools_qwen3,line_grids_columns,episode_00016,Success,1.0
3427,referencegame,agent_two_tools_qwen3,line_grids_columns,episode_00016,Lose,0.0
3428,referencegame,agent_two_tools_qwen3,line_grids_columns,episode_00016,Main Score,100.0
3429,referencegame,agent_two_tools_qwen3,line_grids_columns,episode_00016,Request Success Ratio,1.0
3430,referencegame,agent_two_tools_qwen3,line_grids_columns,episode_00017,Generated Expression Length,91.0
3431,referencegame,agent_two_tools_qwen3,line_grids_columns,episode_00017,Generated Expression Number of Tokens,17.0
3432,referencegame,agent_two_tools_qwen3,line_grids_columns,episode_00017,Aborted at Player 1,0.0
3433,referencegame,agent_two_tools_qwen3,line_grids_columns,episode_00017,Aborted at Player 2,0.0
3434,referencegame,agent_two_tools_qwen3,line_grids_columns,episode_00017,Request Count,2.0
3435,referencegame,agent_two_tools_qwen3,line_grids_columns,episode_00017,Parsed Request Count,2.0
3436,referencegame,agent_two_tools_qwen3,line_grids_columns,episode_00017,Violated Request Count,0.0
3437,referencegame,agent_two_tools_qwen3,line_grids_columns,episode_00017,Aborted,0.0
3438,referencegame,agent_two_tools_qwen3,line_grids_columns,episode_00017,Success,1.0
3439,referencegame,agent_two_tools_qwen3,line_grids_columns,episode_00017,Lose,0.0
3440,referencegame,agent_two_tools_qwen3,line_grids_columns,episode_00017,Main Score,100.0
3441,referencegame,agent_two_tools_qwen3,line_grids_columns,episode_00017,Request Success Ratio,1.0
3442,referencegame,agent_two_tools_qwen3,line_grids_columns,episode_00018,Generated Expression Length,131.0
3443,referencegame,agent_two_tools_qwen3,line_grids_columns,episode_00018,Generated Expression Number of Tokens,23.0
3444,referencegame,agent_two_tools_qwen3,line_grids_columns,episode_00018,Aborted at Player 1,0.0
3445,referencegame,agent_two_tools_qwen3,line_grids_columns,episode_00018,Aborted at Player 2,0.0
3446,referencegame,agent_two_tools_qwen3,line_grids_columns,episode_00018,Request Count,2.0
3447,referencegame,agent_two_tools_qwen3,line_grids_columns,episode_00018,Parsed Request Count,2.0
3448,referencegame,agent_two_tools_qwen3,line_grids_columns,episode_00018,Violated Request Count,0.0
3449,referencegame,agent_two_tools_qwen3,line_grids_columns,episode_00018,Aborted,0.0
3450,referencegame,agent_two_tools_qwen3,line_grids_columns,episode_00018,Success,1.0
3451,referencegame,agent_two_tools_qwen3,line_grids_columns,episode_00018,Lose,0.0
3452,referencegame,agent_two_tools_qwen3,line_grids_columns,episode_00018,Main Score,100.0
3453,referencegame,agent_two_tools_qwen3,line_grids_columns,episode_00018,Request Success Ratio,1.0
3454,referencegame,agent_two_tools_qwen3,line_grids_columns,episode_00019,Generated Expression Length,90.0
3455,referencegame,agent_two_tools_qwen3,line_grids_columns,episode_00019,Generated Expression Number of Tokens,17.0
3456,referencegame,agent_two_tools_qwen3,line_grids_columns,episode_00019,Aborted at Player 1,0.0
3457,referencegame,agent_two_tools_qwen3,line_grids_columns,episode_00019,Aborted at Player 2,0.0
3458,referencegame,agent_two_tools_qwen3,line_grids_columns,episode_00019,Request Count,2.0
3459,referencegame,agent_two_tools_qwen3,line_grids_columns,episode_00019,Parsed Request Count,2.0
3460,referencegame,agent_two_tools_qwen3,line_grids_columns,episode_00019,Violated Request Count,0.0
3461,referencegame,agent_two_tools_qwen3,line_grids_columns,episode_00019,Aborted,0.0
3462,referencegame,agent_two_tools_qwen3,line_grids_columns,episode_00019,Success,1.0
3463,referencegame,agent_two_tools_qwen3,line_grids_columns,episode_00019,Lose,0.0
3464,referencegame,agent_two_tools_qwen3,line_grids_columns,episode_00019,Main Score,100.0
3465,referencegame,agent_two_tools_qwen3,line_grids_columns,episode_00019,Request Success Ratio,1.0
3466,referencegame,agent_two_tools_qwen3,line_grids_columns,episode_00020,Generated Expression Length,90.0
3467,referencegame,agent_two_tools_qwen3,line_grids_columns,episode_00020,Generated Expression Number of Tokens,17.0
3468,referencegame,agent_two_tools_qwen3,line_grids_columns,episode_00020,Aborted at Player 1,0.0
3469,referencegame,agent_two_tools_qwen3,line_grids_columns,episode_00020,Aborted at Player 2,0.0
3470,referencegame,agent_two_tools_qwen3,line_grids_columns,episode_00020,Request Count,2.0
3471,referencegame,agent_two_tools_qwen3,line_grids_columns,episode_00020,Parsed Request Count,2.0
3472,referencegame,agent_two_tools_qwen3,line_grids_columns,episode_00020,Violated Request Count,0.0
3473,referencegame,agent_two_tools_qwen3,line_grids_columns,episode_00020,Aborted,0.0
3474,referencegame,agent_two_tools_qwen3,line_grids_columns,episode_00020,Success,1.0
3475,referencegame,agent_two_tools_qwen3,line_grids_columns,episode_00020,Lose,0.0
3476,referencegame,agent_two_tools_qwen3,line_grids_columns,episode_00020,Main Score,100.0
3477,referencegame,agent_two_tools_qwen3,line_grids_columns,episode_00020,Request Success Ratio,1.0
3478,referencegame,agent_two_tools_qwen3,line_grids_rows,episode_00011,Generated Expression Length,78.0
3479,referencegame,agent_two_tools_qwen3,line_grids_rows,episode_00011,Generated Expression Number of Tokens,14.0
3480,referencegame,agent_two_tools_qwen3,line_grids_rows,episode_00011,Aborted at Player 1,0.0
3481,referencegame,agent_two_tools_qwen3,line_grids_rows,episode_00011,Aborted at Player 2,0.0
3482,referencegame,agent_two_tools_qwen3,line_grids_rows,episode_00011,Request Count,2.0
3483,referencegame,agent_two_tools_qwen3,line_grids_rows,episode_00011,Parsed Request Count,2.0
3484,referencegame,agent_two_tools_qwen3,line_grids_rows,episode_00011,Violated Request Count,0.0
3485,referencegame,agent_two_tools_qwen3,line_grids_rows,episode_00011,Aborted,0.0
3486,referencegame,agent_two_tools_qwen3,line_grids_rows,episode_00011,Success,1.0
3487,referencegame,agent_two_tools_qwen3,line_grids_rows,episode_00011,Lose,0.0
3488,referencegame,agent_two_tools_qwen3,line_grids_rows,episode_00011,Main Score,100.0
3489,referencegame,agent_two_tools_qwen3,line_grids_rows,episode_00011,Request Success Ratio,1.0
3490,referencegame,agent_two_tools_qwen3,line_grids_rows,episode_00012,Generated Expression Length,79.0
3491,referencegame,agent_two_tools_qwen3,line_grids_rows,episode_00012,Generated Expression Number of Tokens,14.0
3492,referencegame,agent_two_tools_qwen3,line_grids_rows,episode_00012,Aborted at Player 1,0.0
3493,referencegame,agent_two_tools_qwen3,line_grids_rows,episode_00012,Aborted at Player 2,0.0
3494,referencegame,agent_two_tools_qwen3,line_grids_rows,episode_00012,Request Count,2.0
3495,referencegame,agent_two_tools_qwen3,line_grids_rows,episode_00012,Parsed Request Count,2.0
3496,referencegame,agent_two_tools_qwen3,line_grids_rows,episode_00012,Violated Request Count,0.0
3497,referencegame,agent_two_tools_qwen3,line_grids_rows,episode_00012,Aborted,0.0
3498,referencegame,agent_two_tools_qwen3,line_grids_rows,episode_00012,Success,1.0
3499,referencegame,agent_two_tools_qwen3,line_grids_rows,episode_00012,Lose,0.0
3500,referencegame,agent_two_tools_qwen3,line_grids_rows,episode_00012,Main Score,100.0
3501,referencegame,agent_two_tools_qwen3,line_grids_rows,episode_00012,Request Success Ratio,1.0
3502,referencegame,agent_two_tools_qwen3,line_grids_rows,episode_00013,Generated Expression Length,79.0
3503,referencegame,agent_two_tools_qwen3,line_grids_rows,episode_00013,Generated Expression Number of Tokens,14.0
3504,referencegame,agent_two_tools_qwen3,line_grids_rows,episode_00013,Aborted at Player 1,0.0
3505,referencegame,agent_two_tools_qwen3,line_grids_rows,episode_00013,Aborted at Player 2,0.0
3506,referencegame,agent_two_tools_qwen3,line_grids_rows,episode_00013,Request Count,2.0
3507,referencegame,agent_two_tools_qwen3,line_grids_rows,episode_00013,Parsed Request Count,2.0
3508,referencegame,agent_two_tools_qwen3,line_grids_rows,episode_00013,Violated Request Count,0.0
3509,referencegame,agent_two_tools_qwen3,line_grids_rows,episode_00013,Aborted,0.0
3510,referencegame,agent_two_tools_qwen3,line_grids_rows,episode_00013,Success,1.0
3511,referencegame,agent_two_tools_qwen3,line_grids_rows,episode_00013,Lose,0.0
3512,referencegame,agent_two_tools_qwen3,line_grids_rows,episode_00013,Main Score,100.0
3513,referencegame,agent_two_tools_qwen3,line_grids_rows,episode_00013,Request Success Ratio,1.0
3514,referencegame,agent_two_tools_qwen3,line_grids_rows,episode_00014,Generated Expression Length,99.0
3515,referencegame,agent_two_tools_qwen3,line_grids_rows,episode_00014,Generated Expression Number of Tokens,19.0
3516,referencegame,agent_two_tools_qwen3,line_grids_rows,episode_00014,Aborted at Player 1,0.0
3517,referencegame,agent_two_tools_qwen3,line_grids_rows,episode_00014,Aborted at Player 2,0.0
3518,referencegame,agent_two_tools_qwen3,line_grids_rows,episode_00014,Request Count,2.0
3519,referencegame,agent_two_tools_qwen3,line_grids_rows,episode_00014,Parsed Request Count,2.0
3520,referencegame,agent_two_tools_qwen3,line_grids_rows,episode_00014,Violated Request Count,0.0
3521,referencegame,agent_two_tools_qwen3,line_grids_rows,episode_00014,Aborted,0.0
3522,referencegame,agent_two_tools_qwen3,line_grids_rows,episode_00014,Success,0.0
3523,referencegame,agent_two_tools_qwen3,line_grids_rows,episode_00014,Lose,1.0
3524,referencegame,agent_two_tools_qwen3,line_grids_rows,episode_00014,Main Score,0.0
3525,referencegame,agent_two_tools_qwen3,line_grids_rows,episode_00014,Request Success Ratio,1.0
3526,referencegame,agent_two_tools_qwen3,line_grids_rows,episode_00015,Generated Expression Length,76.0
3527,referencegame,agent_two_tools_qwen3,line_grids_rows,episode_00015,Generated Expression Number of Tokens,14.0
3528,referencegame,agent_two_tools_qwen3,line_grids_rows,episode_00015,Aborted at Player 1,0.0
3529,referencegame,agent_two_tools_qwen3,line_grids_rows,episode_00015,Aborted at Player 2,0.0
3530,referencegame,agent_two_tools_qwen3,line_grids_rows,episode_00015,Request Count,2.0
3531,referencegame,agent_two_tools_qwen3,line_grids_rows,episode_00015,Parsed Request Count,2.0
3532,referencegame,agent_two_tools_qwen3,line_grids_rows,episode_00015,Violated Request Count,0.0
3533,referencegame,agent_two_tools_qwen3,line_grids_rows,episode_00015,Aborted,0.0
3534,referencegame,agent_two_tools_qwen3,line_grids_rows,episode_00015,Success,0.0
3535,referencegame,agent_two_tools_qwen3,line_grids_rows,episode_00015,Lose,1.0
3536,referencegame,agent_two_tools_qwen3,line_grids_rows,episode_00015,Main Score,0.0
3537,referencegame,agent_two_tools_qwen3,line_grids_rows,episode_00015,Request Success Ratio,1.0
3538,referencegame,agent_two_tools_qwen3,number_grids,episode_00006,Generated Expression Length,122.0
3539,referencegame,agent_two_tools_qwen3,number_grids,episode_00006,Generated Expression Number of Tokens,20.0
3540,referencegame,agent_two_tools_qwen3,number_grids,episode_00006,Aborted at Player 1,0.0
3541,referencegame,agent_two_tools_qwen3,number_grids,episode_00006,Aborted at Player 2,0.0
3542,referencegame,agent_two_tools_qwen3,number_grids,episode_00006,Request Count,2.0
3543,referencegame,agent_two_tools_qwen3,number_grids,episode_00006,Parsed Request Count,2.0
3544,referencegame,agent_two_tools_qwen3,number_grids,episode_00006,Violated Request Count,0.0
3545,referencegame,agent_two_tools_qwen3,number_grids,episode_00006,Aborted,0.0
3546,referencegame,agent_two_tools_qwen3,number_grids,episode_00006,Success,1.0
3547,referencegame,agent_two_tools_qwen3,number_grids,episode_00006,Lose,0.0
3548,referencegame,agent_two_tools_qwen3,number_grids,episode_00006,Main Score,100.0
3549,referencegame,agent_two_tools_qwen3,number_grids,episode_00006,Request Success Ratio,1.0
3550,referencegame,agent_two_tools_qwen3,number_grids,episode_00007,Generated Expression Length,133.0
3551,referencegame,agent_two_tools_qwen3,number_grids,episode_00007,Generated Expression Number of Tokens,27.0
3552,referencegame,agent_two_tools_qwen3,number_grids,episode_00007,Aborted at Player 1,0.0
3553,referencegame,agent_two_tools_qwen3,number_grids,episode_00007,Aborted at Player 2,0.0
3554,referencegame,agent_two_tools_qwen3,number_grids,episode_00007,Request Count,2.0
3555,referencegame,agent_two_tools_qwen3,number_grids,episode_00007,Parsed Request Count,2.0
3556,referencegame,agent_two_tools_qwen3,number_grids,episode_00007,Violated Request Count,0.0
3557,referencegame,agent_two_tools_qwen3,number_grids,episode_00007,Aborted,0.0
3558,referencegame,agent_two_tools_qwen3,number_grids,episode_00007,Success,0.0
3559,referencegame,agent_two_tools_qwen3,number_grids,episode_00007,Lose,1.0
3560,referencegame,agent_two_tools_qwen3,number_grids,episode_00007,Main Score,0.0
3561,referencegame,agent_two_tools_qwen3,number_grids,episode_00007,Request Success Ratio,1.0
3562,referencegame,agent_two_tools_qwen3,number_grids,episode_00008,Generated Expression Length,227.0
3563,referencegame,agent_two_tools_qwen3,number_grids,episode_00008,Generated Expression Number of Tokens,47.0
3564,referencegame,agent_two_tools_qwen3,number_grids,episode_00008,Aborted at Player 1,0.0
3565,referencegame,agent_two_tools_qwen3,number_grids,episode_00008,Aborted at Player 2,0.0
3566,referencegame,agent_two_tools_qwen3,number_grids,episode_00008,Request Count,2.0
3567,referencegame,agent_two_tools_qwen3,number_grids,episode_00008,Parsed Request Count,2.0
3568,referencegame,agent_two_tools_qwen3,number_grids,episode_00008,Violated Request Count,0.0
3569,referencegame,agent_two_tools_qwen3,number_grids,episode_00008,Aborted,0.0
3570,referencegame,agent_two_tools_qwen3,number_grids,episode_00008,Success,1.0
3571,referencegame,agent_two_tools_qwen3,number_grids,episode_00008,Lose,0.0
3572,referencegame,agent_two_tools_qwen3,number_grids,episode_00008,Main Score,100.0
3573,referencegame,agent_two_tools_qwen3,number_grids,episode_00008,Request Success Ratio,1.0
3574,referencegame,agent_two_tools_qwen3,number_grids,episode_00009,Generated Expression Length,56.0
3575,referencegame,agent_two_tools_qwen3,number_grids,episode_00009,Generated Expression Number of Tokens,9.0
3576,referencegame,agent_two_tools_qwen3,number_grids,episode_00009,Aborted at Player 1,0.0
3577,referencegame,agent_two_tools_qwen3,number_grids,episode_00009,Aborted at Player 2,0.0
3578,referencegame,agent_two_tools_qwen3,number_grids,episode_00009,Request Count,2.0
3579,referencegame,agent_two_tools_qwen3,number_grids,episode_00009,Parsed Request Count,2.0
3580,referencegame,agent_two_tools_qwen3,number_grids,episode_00009,Violated Request Count,0.0
3581,referencegame,agent_two_tools_qwen3,number_grids,episode_00009,Aborted,0.0
3582,referencegame,agent_two_tools_qwen3,number_grids,episode_00009,Success,1.0
3583,referencegame,agent_two_tools_qwen3,number_grids,episode_00009,Lose,0.0
3584,referencegame,agent_two_tools_qwen3,number_grids,episode_00009,Main Score,100.0
3585,referencegame,agent_two_tools_qwen3,number_grids,episode_00009,Request Success Ratio,1.0
3586,referencegame,agent_two_tools_qwen3,number_grids,episode_00010,Generated Expression Length,102.0
3587,referencegame,agent_two_tools_qwen3,number_grids,episode_00010,Generated Expression Number of Tokens,18.0
3588,referencegame,agent_two_tools_qwen3,number_grids,episode_00010,Aborted at Player 1,0.0
3589,referencegame,agent_two_tools_qwen3,number_grids,episode_00010,Aborted at Player 2,0.0
3590,referencegame,agent_two_tools_qwen3,number_grids,episode_00010,Request Count,2.0
3591,referencegame,agent_two_tools_qwen3,number_grids,episode_00010,Parsed Request Count,2.0
3592,referencegame,agent_two_tools_qwen3,number_grids,episode_00010,Violated Request Count,0.0
3593,referencegame,agent_two_tools_qwen3,number_grids,episode_00010,Aborted,0.0
3594,referencegame,agent_two_tools_qwen3,number_grids,episode_00010,Success,1.0
3595,referencegame,agent_two_tools_qwen3,number_grids,episode_00010,Lose,0.0
3596,referencegame,agent_two_tools_qwen3,number_grids,episode_00010,Main Score,100.0
3597,referencegame,agent_two_tools_qwen3,number_grids,episode_00010,Request Success Ratio,1.0
3598,referencegame,agent_two_tools_qwen3,random_grids,episode_00021,Aborted at Player 1,1.0
3599,referencegame,agent_two_tools_qwen3,random_grids,episode_00021,Aborted at Player 2,0.0
3600,referencegame,agent_two_tools_qwen3,random_grids,episode_00021,Generated Expression Length,
3601,referencegame,agent_two_tools_qwen3,random_grids,episode_00021,Generated Expression Number of Tokens,
3602,referencegame,agent_two_tools_qwen3,random_grids,episode_00021,Request Count,1.0
3603,referencegame,agent_two_tools_qwen3,random_grids,episode_00021,Parsed Request Count,0.0
3604,referencegame,agent_two_tools_qwen3,random_grids,episode_00021,Violated Request Count,1.0
3605,referencegame,agent_two_tools_qwen3,random_grids,episode_00021,Aborted,1.0
3606,referencegame,agent_two_tools_qwen3,random_grids,episode_00021,Success,
3607,referencegame,agent_two_tools_qwen3,random_grids,episode_00021,Lose,
3608,referencegame,agent_two_tools_qwen3,random_grids,episode_00021,Main Score,
3609,referencegame,agent_two_tools_qwen3,random_grids,episode_00021,Request Success Ratio,0.0
3610,referencegame,agent_two_tools_qwen3,random_grids,episode_00022,Generated Expression Length,154.0
3611,referencegame,agent_two_tools_qwen3,random_grids,episode_00022,Generated Expression Number of Tokens,26.0
3612,referencegame,agent_two_tools_qwen3,random_grids,episode_00022,Aborted at Player 1,0.0
3613,referencegame,agent_two_tools_qwen3,random_grids,episode_00022,Aborted at Player 2,0.0
3614,referencegame,agent_two_tools_qwen3,random_grids,episode_00022,Request Count,2.0
3615,referencegame,agent_two_tools_qwen3,random_grids,episode_00022,Parsed Request Count,2.0
3616,referencegame,agent_two_tools_qwen3,random_grids,episode_00022,Violated Request Count,0.0
3617,referencegame,agent_two_tools_qwen3,random_grids,episode_00022,Aborted,0.0
3618,referencegame,agent_two_tools_qwen3,random_grids,episode_00022,Success,0.0
3619,referencegame,agent_two_tools_qwen3,random_grids,episode_00022,Lose,1.0
3620,referencegame,agent_two_tools_qwen3,random_grids,episode_00022,Main Score,0.0
3621,referencegame,agent_two_tools_qwen3,random_grids,episode_00022,Request Success Ratio,1.0
3622,referencegame,agent_two_tools_qwen3,random_grids,episode_00023,Generated Expression Length,115.0
3623,referencegame,agent_two_tools_qwen3,random_grids,episode_00023,Generated Expression Number of Tokens,20.0
3624,referencegame,agent_two_tools_qwen3,random_grids,episode_00023,Aborted at Player 1,0.0
3625,referencegame,agent_two_tools_qwen3,random_grids,episode_00023,Aborted at Player 2,0.0
3626,referencegame,agent_two_tools_qwen3,random_grids,episode_00023,Request Count,2.0
3627,referencegame,agent_two_tools_qwen3,random_grids,episode_00023,Parsed Request Count,2.0
3628,referencegame,agent_two_tools_qwen3,random_grids,episode_00023,Violated Request Count,0.0
3629,referencegame,agent_two_tools_qwen3,random_grids,episode_00023,Aborted,0.0
3630,referencegame,agent_two_tools_qwen3,random_grids,episode_00023,Success,0.0
3631,referencegame,agent_two_tools_qwen3,random_grids,episode_00023,Lose,1.0
3632,referencegame,agent_two_tools_qwen3,random_grids,episode_00023,Main Score,0.0
3633,referencegame,agent_two_tools_qwen3,random_grids,episode_00023,Request Success Ratio,1.0
3634,referencegame,agent_two_tools_qwen3,random_grids,episode_00024,Aborted at Player 1,1.0
3635,referencegame,agent_two_tools_qwen3,random_grids,episode_00024,Aborted at Player 2,0.0
3636,referencegame,agent_two_tools_qwen3,random_grids,episode_00024,Generated Expression Length,
3637,referencegame,agent_two_tools_qwen3,random_grids,episode_00024,Generated Expression Number of Tokens,
3638,referencegame,agent_two_tools_qwen3,random_grids,episode_00024,Request Count,1.0
3639,referencegame,agent_two_tools_qwen3,random_grids,episode_00024,Parsed Request Count,0.0
3640,referencegame,agent_two_tools_qwen3,random_grids,episode_00024,Violated Request Count,1.0
3641,referencegame,agent_two_tools_qwen3,random_grids,episode_00024,Aborted,1.0
3642,referencegame,agent_two_tools_qwen3,random_grids,episode_00024,Success,
3643,referencegame,agent_two_tools_qwen3,random_grids,episode_00024,Lose,
3644,referencegame,agent_two_tools_qwen3,random_grids,episode_00024,Main Score,
3645,referencegame,agent_two_tools_qwen3,random_grids,episode_00024,Request Success Ratio,0.0
3646,referencegame,agent_two_tools_qwen3,random_grids,episode_00025,Aborted at Player 1,1.0
3647,referencegame,agent_two_tools_qwen3,random_grids,episode_00025,Aborted at Player 2,0.0
3648,referencegame,agent_two_tools_qwen3,random_grids,episode_00025,Generated Expression Length,
3649,referencegame,agent_two_tools_qwen3,random_grids,episode_00025,Generated Expression Number of Tokens,
3650,referencegame,agent_two_tools_qwen3,random_grids,episode_00025,Request Count,1.0
3651,referencegame,agent_two_tools_qwen3,random_grids,episode_00025,Parsed Request Count,0.0
3652,referencegame,agent_two_tools_qwen3,random_grids,episode_00025,Violated Request Count,1.0
3653,referencegame,agent_two_tools_qwen3,random_grids,episode_00025,Aborted,1.0
3654,referencegame,agent_two_tools_qwen3,random_grids,episode_00025,Success,
3655,referencegame,agent_two_tools_qwen3,random_grids,episode_00025,Lose,
3656,referencegame,agent_two_tools_qwen3,random_grids,episode_00025,Main Score,
3657,referencegame,agent_two_tools_qwen3,random_grids,episode_00025,Request Success Ratio,0.0
3658,taboo,agent_two_tools_qwen3,high_en,episode_00001,Violated Request Count,0.0
3659,taboo,agent_two_tools_qwen3,high_en,episode_00001,Parsed Request Count,2.0
3660,taboo,agent_two_tools_qwen3,high_en,episode_00001,Request Count,2.0
3661,taboo,agent_two_tools_qwen3,high_en,episode_00001,Request Success Ratio,1.0
3662,taboo,agent_two_tools_qwen3,high_en,episode_00001,Aborted,0.0
3663,taboo,agent_two_tools_qwen3,high_en,episode_00001,Success,1.0
3664,taboo,agent_two_tools_qwen3,high_en,episode_00001,Lose,0.0
3665,taboo,agent_two_tools_qwen3,high_en,episode_00001,Main Score,50.0
3666,taboo,agent_two_tools_qwen3,high_en,episode_00001,Repetition-Guesser,0.0
3667,taboo,agent_two_tools_qwen3,high_en,episode_00001,Repetition-Describer,0.0
3668,taboo,agent_two_tools_qwen3,high_en,episode_00002,Violated Request Count,0.0
3669,taboo,agent_two_tools_qwen3,high_en,episode_00002,Parsed Request Count,2.0
3670,taboo,agent_two_tools_qwen3,high_en,episode_00002,Request Count,2.0
3671,taboo,agent_two_tools_qwen3,high_en,episode_00002,Request Success Ratio,1.0
3672,taboo,agent_two_tools_qwen3,high_en,episode_00002,Aborted,0.0
3673,taboo,agent_two_tools_qwen3,high_en,episode_00002,Success,0.0
3674,taboo,agent_two_tools_qwen3,high_en,episode_00002,Lose,1.0
3675,taboo,agent_two_tools_qwen3,high_en,episode_00002,Main Score,0.0
3676,taboo,agent_two_tools_qwen3,high_en,episode_00002,Repetition-Guesser,0.0
3677,taboo,agent_two_tools_qwen3,high_en,episode_00002,Repetition-Describer,0.0
3678,taboo,agent_two_tools_qwen3,high_en,episode_00003,Violated Request Count,0.0
3679,taboo,agent_two_tools_qwen3,high_en,episode_00003,Parsed Request Count,1.0
3680,taboo,agent_two_tools_qwen3,high_en,episode_00003,Request Count,1.0
3681,taboo,agent_two_tools_qwen3,high_en,episode_00003,Request Success Ratio,1.0
3682,taboo,agent_two_tools_qwen3,high_en,episode_00003,Aborted,0.0
3683,taboo,agent_two_tools_qwen3,high_en,episode_00003,Success,1.0
3684,taboo,agent_two_tools_qwen3,high_en,episode_00003,Lose,0.0
3685,taboo,agent_two_tools_qwen3,high_en,episode_00003,Main Score,100.0
3686,taboo,agent_two_tools_qwen3,high_en,episode_00003,Repetition-Guesser,0.0
3687,taboo,agent_two_tools_qwen3,high_en,episode_00003,Repetition-Describer,0.0
3688,taboo,agent_two_tools_qwen3,high_en,episode_00004,Violated Request Count,0.0
3689,taboo,agent_two_tools_qwen3,high_en,episode_00004,Parsed Request Count,2.0
3690,taboo,agent_two_tools_qwen3,high_en,episode_00004,Request Count,2.0
3691,taboo,agent_two_tools_qwen3,high_en,episode_00004,Request Success Ratio,1.0
3692,taboo,agent_two_tools_qwen3,high_en,episode_00004,Aborted,0.0
3693,taboo,agent_two_tools_qwen3,high_en,episode_00004,Success,0.0
3694,taboo,agent_two_tools_qwen3,high_en,episode_00004,Lose,1.0
3695,taboo,agent_two_tools_qwen3,high_en,episode_00004,Main Score,0.0
3696,taboo,agent_two_tools_qwen3,high_en,episode_00004,Repetition-Guesser,0.0
3697,taboo,agent_two_tools_qwen3,high_en,episode_00004,Repetition-Describer,0.0
3698,taboo,agent_two_tools_qwen3,high_en,episode_00005,Violated Request Count,0.0
3699,taboo,agent_two_tools_qwen3,high_en,episode_00005,Parsed Request Count,2.0
3700,taboo,agent_two_tools_qwen3,high_en,episode_00005,Request Count,2.0
3701,taboo,agent_two_tools_qwen3,high_en,episode_00005,Request Success Ratio,1.0
3702,taboo,agent_two_tools_qwen3,high_en,episode_00005,Aborted,0.0
3703,taboo,agent_two_tools_qwen3,high_en,episode_00005,Success,0.0
3704,taboo,agent_two_tools_qwen3,high_en,episode_00005,Lose,1.0
3705,taboo,agent_two_tools_qwen3,high_en,episode_00005,Main Score,0.0
3706,taboo,agent_two_tools_qwen3,high_en,episode_00005,Repetition-Guesser,0.0
3707,taboo,agent_two_tools_qwen3,high_en,episode_00005,Repetition-Describer,0.0
3708,taboo,agent_two_tools_qwen3,low_en,episode_00011,Violated Request Count,0.0
3709,taboo,agent_two_tools_qwen3,low_en,episode_00011,Parsed Request Count,1.0
3710,taboo,agent_two_tools_qwen3,low_en,episode_00011,Request Count,1.0
3711,taboo,agent_two_tools_qwen3,low_en,episode_00011,Request Success Ratio,1.0
3712,taboo,agent_two_tools_qwen3,low_en,episode_00011,Aborted,0.0
3713,taboo,agent_two_tools_qwen3,low_en,episode_00011,Success,0.0
3714,taboo,agent_two_tools_qwen3,low_en,episode_00011,Lose,1.0
3715,taboo,agent_two_tools_qwen3,low_en,episode_00011,Main Score,0.0
3716,taboo,agent_two_tools_qwen3,low_en,episode_00011,Repetition-Guesser,0.0
3717,taboo,agent_two_tools_qwen3,low_en,episode_00011,Repetition-Describer,0.0
3718,taboo,agent_two_tools_qwen3,low_en,episode_00012,Violated Request Count,0.0
3719,taboo,agent_two_tools_qwen3,low_en,episode_00012,Parsed Request Count,1.0
3720,taboo,agent_two_tools_qwen3,low_en,episode_00012,Request Count,1.0
3721,taboo,agent_two_tools_qwen3,low_en,episode_00012,Request Success Ratio,1.0
3722,taboo,agent_two_tools_qwen3,low_en,episode_00012,Aborted,0.0
3723,taboo,agent_two_tools_qwen3,low_en,episode_00012,Success,0.0
3724,taboo,agent_two_tools_qwen3,low_en,episode_00012,Lose,1.0
3725,taboo,agent_two_tools_qwen3,low_en,episode_00012,Main Score,0.0
3726,taboo,agent_two_tools_qwen3,low_en,episode_00012,Repetition-Guesser,0.0
3727,taboo,agent_two_tools_qwen3,low_en,episode_00012,Repetition-Describer,0.0
3728,taboo,agent_two_tools_qwen3,low_en,episode_00013,Violated Request Count,0.0
3729,taboo,agent_two_tools_qwen3,low_en,episode_00013,Parsed Request Count,3.0
3730,taboo,agent_two_tools_qwen3,low_en,episode_00013,Request Count,3.0
3731,taboo,agent_two_tools_qwen3,low_en,episode_00013,Request Success Ratio,1.0
3732,taboo,agent_two_tools_qwen3,low_en,episode_00013,Aborted,0.0
3733,taboo,agent_two_tools_qwen3,low_en,episode_00013,Success,0.0
3734,taboo,agent_two_tools_qwen3,low_en,episode_00013,Lose,1.0
3735,taboo,agent_two_tools_qwen3,low_en,episode_00013,Main Score,0.0
3736,taboo,agent_two_tools_qwen3,low_en,episode_00013,Repetition-Guesser,0.0
3737,taboo,agent_two_tools_qwen3,low_en,episode_00013,Repetition-Describer,0.0
3738,taboo,agent_two_tools_qwen3,low_en,episode_00014,Violated Request Count,0.0
3739,taboo,agent_two_tools_qwen3,low_en,episode_00014,Parsed Request Count,3.0
3740,taboo,agent_two_tools_qwen3,low_en,episode_00014,Request Count,3.0
3741,taboo,agent_two_tools_qwen3,low_en,episode_00014,Request Success Ratio,1.0
3742,taboo,agent_two_tools_qwen3,low_en,episode_00014,Aborted,0.0
3743,taboo,agent_two_tools_qwen3,low_en,episode_00014,Success,0.0
3744,taboo,agent_two_tools_qwen3,low_en,episode_00014,Lose,1.0
3745,taboo,agent_two_tools_qwen3,low_en,episode_00014,Main Score,0.0
3746,taboo,agent_two_tools_qwen3,low_en,episode_00014,Repetition-Guesser,0.0
3747,taboo,agent_two_tools_qwen3,low_en,episode_00014,Repetition-Describer,0.0
3748,taboo,agent_two_tools_qwen3,low_en,episode_00015,Violated Request Count,0.0
3749,taboo,agent_two_tools_qwen3,low_en,episode_00015,Parsed Request Count,2.0
3750,taboo,agent_two_tools_qwen3,low_en,episode_00015,Request Count,2.0
3751,taboo,agent_two_tools_qwen3,low_en,episode_00015,Request Success Ratio,1.0
3752,taboo,agent_two_tools_qwen3,low_en,episode_00015,Aborted,0.0
3753,taboo,agent_two_tools_qwen3,low_en,episode_00015,Success,1.0
3754,taboo,agent_two_tools_qwen3,low_en,episode_00015,Lose,0.0
3755,taboo,agent_two_tools_qwen3,low_en,episode_00015,Main Score,50.0
3756,taboo,agent_two_tools_qwen3,low_en,episode_00015,Repetition-Guesser,0.0
3757,taboo,agent_two_tools_qwen3,low_en,episode_00015,Repetition-Describer,0.0
3758,taboo,agent_two_tools_qwen3,medium_en,episode_00006,Violated Request Count,0.0
3759,taboo,agent_two_tools_qwen3,medium_en,episode_00006,Parsed Request Count,3.0
3760,taboo,agent_two_tools_qwen3,medium_en,episode_00006,Request Count,3.0
3761,taboo,agent_two_tools_qwen3,medium_en,episode_00006,Request Success Ratio,1.0
3762,taboo,agent_two_tools_qwen3,medium_en,episode_00006,Aborted,0.0
3763,taboo,agent_two_tools_qwen3,medium_en,episode_00006,Success,0.0
3764,taboo,agent_two_tools_qwen3,medium_en,episode_00006,Lose,1.0
3765,taboo,agent_two_tools_qwen3,medium_en,episode_00006,Main Score,0.0
3766,taboo,agent_two_tools_qwen3,medium_en,episode_00006,Repetition-Guesser,0.0
3767,taboo,agent_two_tools_qwen3,medium_en,episode_00006,Repetition-Describer,0.0
3768,taboo,agent_two_tools_qwen3,medium_en,episode_00007,Violated Request Count,0.0
3769,taboo,agent_two_tools_qwen3,medium_en,episode_00007,Parsed Request Count,2.0
3770,taboo,agent_two_tools_qwen3,medium_en,episode_00007,Request Count,2.0
3771,taboo,agent_two_tools_qwen3,medium_en,episode_00007,Request Success Ratio,1.0
3772,taboo,agent_two_tools_qwen3,medium_en,episode_00007,Aborted,0.0
3773,taboo,agent_two_tools_qwen3,medium_en,episode_00007,Success,1.0
3774,taboo,agent_two_tools_qwen3,medium_en,episode_00007,Lose,0.0
3775,taboo,agent_two_tools_qwen3,medium_en,episode_00007,Main Score,50.0
3776,taboo,agent_two_tools_qwen3,medium_en,episode_00007,Repetition-Guesser,0.0
3777,taboo,agent_two_tools_qwen3,medium_en,episode_00007,Repetition-Describer,0.0
3778,taboo,agent_two_tools_qwen3,medium_en,episode_00008,Violated Request Count,0.0
3779,taboo,agent_two_tools_qwen3,medium_en,episode_00008,Parsed Request Count,3.0
3780,taboo,agent_two_tools_qwen3,medium_en,episode_00008,Request Count,3.0
3781,taboo,agent_two_tools_qwen3,medium_en,episode_00008,Request Success Ratio,1.0
3782,taboo,agent_two_tools_qwen3,medium_en,episode_00008,Aborted,0.0
3783,taboo,agent_two_tools_qwen3,medium_en,episode_00008,Success,0.0
3784,taboo,agent_two_tools_qwen3,medium_en,episode_00008,Lose,1.0
3785,taboo,agent_two_tools_qwen3,medium_en,episode_00008,Main Score,0.0
3786,taboo,agent_two_tools_qwen3,medium_en,episode_00008,Repetition-Guesser,0.0
3787,taboo,agent_two_tools_qwen3,medium_en,episode_00008,Repetition-Describer,0.0
3788,taboo,agent_two_tools_qwen3,medium_en,episode_00009,Violated Request Count,0.0
3789,taboo,agent_two_tools_qwen3,medium_en,episode_00009,Parsed Request Count,2.0
3790,taboo,agent_two_tools_qwen3,medium_en,episode_00009,Request Count,2.0
3791,taboo,agent_two_tools_qwen3,medium_en,episode_00009,Request Success Ratio,1.0
3792,taboo,agent_two_tools_qwen3,medium_en,episode_00009,Aborted,0.0
3793,taboo,agent_two_tools_qwen3,medium_en,episode_00009,Success,0.0
3794,taboo,agent_two_tools_qwen3,medium_en,episode_00009,Lose,1.0
3795,taboo,agent_two_tools_qwen3,medium_en,episode_00009,Main Score,0.0
3796,taboo,agent_two_tools_qwen3,medium_en,episode_00009,Repetition-Guesser,0.0
3797,taboo,agent_two_tools_qwen3,medium_en,episode_00009,Repetition-Describer,0.0
3798,taboo,agent_two_tools_qwen3,medium_en,episode_00010,Violated Request Count,0.0
3799,taboo,agent_two_tools_qwen3,medium_en,episode_00010,Parsed Request Count,1.0
3800,taboo,agent_two_tools_qwen3,medium_en,episode_00010,Request Count,1.0
3801,taboo,agent_two_tools_qwen3,medium_en,episode_00010,Request Success Ratio,1.0
3802,taboo,agent_two_tools_qwen3,medium_en,episode_00010,Aborted,0.0
3803,taboo,agent_two_tools_qwen3,medium_en,episode_00010,Success,1.0
3804,taboo,agent_two_tools_qwen3,medium_en,episode_00010,Lose,0.0
3805,taboo,agent_two_tools_qwen3,medium_en,episode_00010,Main Score,100.0
3806,taboo,agent_two_tools_qwen3,medium_en,episode_00010,Repetition-Guesser,0.0
3807,taboo,agent_two_tools_qwen3,medium_en,episode_00010,Repetition-Describer,0.0
3808,textmapworld,agent_two_tools_qwen3,large,episode_00021,Success,1.0
3809,textmapworld,agent_two_tools_qwen3,large,episode_00021,Aborted,0.0
3810,textmapworld,agent_two_tools_qwen3,large,episode_00021,Lose,0.0
3811,textmapworld,agent_two_tools_qwen3,large,episode_00021,moves,14.0
3812,textmapworld,agent_two_tools_qwen3,large,episode_00021,valid_moves,14.0
3813,textmapworld,agent_two_tools_qwen3,large,episode_00021,invalid_moves,0.0
3814,textmapworld,agent_two_tools_qwen3,large,episode_00021,stopped,1.0
3815,textmapworld,agent_two_tools_qwen3,large,episode_00021,turns_limit,0.0
3816,textmapworld,agent_two_tools_qwen3,large,episode_00021,loops,0.0
3817,textmapworld,agent_two_tools_qwen3,large,episode_00021,number_visited,8.0
3818,textmapworld,agent_two_tools_qwen3,large,episode_00021,seen,8.0
3819,textmapworld,agent_two_tools_qwen3,large,episode_00021,efficiency,50.0
3820,textmapworld,agent_two_tools_qwen3,large,episode_00021,exploration,100.0
3821,textmapworld,agent_two_tools_qwen3,large,episode_00021,Main Score,66.66666666666667
3822,textmapworld,agent_two_tools_qwen3,large,episode_00022,Success,0.0
3823,textmapworld,agent_two_tools_qwen3,large,episode_00022,Aborted,0.0
3824,textmapworld,agent_two_tools_qwen3,large,episode_00022,Lose,1.0
3825,textmapworld,agent_two_tools_qwen3,large,episode_00022,moves,8.0
3826,textmapworld,agent_two_tools_qwen3,large,episode_00022,valid_moves,8.0
3827,textmapworld,agent_two_tools_qwen3,large,episode_00022,invalid_moves,0.0
3828,textmapworld,agent_two_tools_qwen3,large,episode_00022,stopped,1.0
3829,textmapworld,agent_two_tools_qwen3,large,episode_00022,turns_limit,0.0
3830,textmapworld,agent_two_tools_qwen3,large,episode_00022,loops,0.0
3831,textmapworld,agent_two_tools_qwen3,large,episode_00022,number_visited,5.0
3832,textmapworld,agent_two_tools_qwen3,large,episode_00022,seen,6.0
3833,textmapworld,agent_two_tools_qwen3,large,episode_00022,efficiency,87.5
3834,textmapworld,agent_two_tools_qwen3,large,episode_00022,exploration,62.5
3835,textmapworld,agent_two_tools_qwen3,large,episode_00022,Main Score,72.91666666666667
3836,textmapworld,agent_two_tools_qwen3,large,episode_00023,Aborted,1.0
3837,textmapworld,agent_two_tools_qwen3,large,episode_00023,Success,0.0
3838,textmapworld,agent_two_tools_qwen3,large,episode_00023,Lose,0.0
3839,textmapworld,agent_two_tools_qwen3,large,episode_00023,moves,
3840,textmapworld,agent_two_tools_qwen3,large,episode_00023,valid_moves,
3841,textmapworld,agent_two_tools_qwen3,large,episode_00023,invalid_moves,
3842,textmapworld,agent_two_tools_qwen3,large,episode_00023,stopped,
3843,textmapworld,agent_two_tools_qwen3,large,episode_00023,turns_limit,
3844,textmapworld,agent_two_tools_qwen3,large,episode_00023,loops,
3845,textmapworld,agent_two_tools_qwen3,large,episode_00023,number_visited,
3846,textmapworld,agent_two_tools_qwen3,large,episode_00023,seen,
3847,textmapworld,agent_two_tools_qwen3,large,episode_00023,efficiency,
3848,textmapworld,agent_two_tools_qwen3,large,episode_00023,exploration,
3849,textmapworld,agent_two_tools_qwen3,large,episode_00023,Main Score,
3850,textmapworld,agent_two_tools_qwen3,large,episode_00024,Success,0.0
3851,textmapworld,agent_two_tools_qwen3,large,episode_00024,Aborted,0.0
3852,textmapworld,agent_two_tools_qwen3,large,episode_00024,Lose,1.0
3853,textmapworld,agent_two_tools_qwen3,large,episode_00024,moves,4.0
3854,textmapworld,agent_two_tools_qwen3,large,episode_00024,valid_moves,4.0
3855,textmapworld,agent_two_tools_qwen3,large,episode_00024,invalid_moves,0.0
3856,textmapworld,agent_two_tools_qwen3,large,episode_00024,stopped,1.0
3857,textmapworld,agent_two_tools_qwen3,large,episode_00024,turns_limit,0.0
3858,textmapworld,agent_two_tools_qwen3,large,episode_00024,loops,0.0
3859,textmapworld,agent_two_tools_qwen3,large,episode_00024,number_visited,3.0
3860,textmapworld,agent_two_tools_qwen3,large,episode_00024,seen,6.0
3861,textmapworld,agent_two_tools_qwen3,large,episode_00024,efficiency,50.0
3862,textmapworld,agent_two_tools_qwen3,large,episode_00024,exploration,37.5
3863,textmapworld,agent_two_tools_qwen3,large,episode_00024,Main Score,42.857142857142854
3864,textmapworld,agent_two_tools_qwen3,large,episode_00025,Aborted,1.0
3865,textmapworld,agent_two_tools_qwen3,large,episode_00025,Success,0.0
3866,textmapworld,agent_two_tools_qwen3,large,episode_00025,Lose,0.0
3867,textmapworld,agent_two_tools_qwen3,large,episode_00025,moves,
3868,textmapworld,agent_two_tools_qwen3,large,episode_00025,valid_moves,
3869,textmapworld,agent_two_tools_qwen3,large,episode_00025,invalid_moves,
3870,textmapworld,agent_two_tools_qwen3,large,episode_00025,stopped,
3871,textmapworld,agent_two_tools_qwen3,large,episode_00025,turns_limit,
3872,textmapworld,agent_two_tools_qwen3,large,episode_00025,loops,
3873,textmapworld,agent_two_tools_qwen3,large,episode_00025,number_visited,
3874,textmapworld,agent_two_tools_qwen3,large,episode_00025,seen,
3875,textmapworld,agent_two_tools_qwen3,large,episode_00025,efficiency,
3876,textmapworld,agent_two_tools_qwen3,large,episode_00025,exploration,
3877,textmapworld,agent_two_tools_qwen3,large,episode_00025,Main Score,
3878,textmapworld,agent_two_tools_qwen3,large,episode_00026,Success,0.0
3879,textmapworld,agent_two_tools_qwen3,large,episode_00026,Aborted,0.0
3880,textmapworld,agent_two_tools_qwen3,large,episode_00026,Lose,1.0
3881,textmapworld,agent_two_tools_qwen3,large,episode_00026,moves,10.0
3882,textmapworld,agent_two_tools_qwen3,large,episode_00026,valid_moves,10.0
3883,textmapworld,agent_two_tools_qwen3,large,episode_00026,invalid_moves,0.0
3884,textmapworld,agent_two_tools_qwen3,large,episode_00026,stopped,1.0
3885,textmapworld,agent_two_tools_qwen3,large,episode_00026,turns_limit,0.0
3886,textmapworld,agent_two_tools_qwen3,large,episode_00026,loops,0.0
3887,textmapworld,agent_two_tools_qwen3,large,episode_00026,number_visited,6.0
3888,textmapworld,agent_two_tools_qwen3,large,episode_00026,seen,7.0
3889,textmapworld,agent_two_tools_qwen3,large,episode_00026,efficiency,80.0
3890,textmapworld,agent_two_tools_qwen3,large,episode_00026,exploration,75.0
3891,textmapworld,agent_two_tools_qwen3,large,episode_00026,Main Score,77.41935483870968
3892,textmapworld,agent_two_tools_qwen3,large,episode_00027,Aborted,1.0
3893,textmapworld,agent_two_tools_qwen3,large,episode_00027,Success,0.0
3894,textmapworld,agent_two_tools_qwen3,large,episode_00027,Lose,0.0
3895,textmapworld,agent_two_tools_qwen3,large,episode_00027,moves,
3896,textmapworld,agent_two_tools_qwen3,large,episode_00027,valid_moves,
3897,textmapworld,agent_two_tools_qwen3,large,episode_00027,invalid_moves,
3898,textmapworld,agent_two_tools_qwen3,large,episode_00027,stopped,
3899,textmapworld,agent_two_tools_qwen3,large,episode_00027,turns_limit,
3900,textmapworld,agent_two_tools_qwen3,large,episode_00027,loops,
3901,textmapworld,agent_two_tools_qwen3,large,episode_00027,number_visited,
3902,textmapworld,agent_two_tools_qwen3,large,episode_00027,seen,
3903,textmapworld,agent_two_tools_qwen3,large,episode_00027,efficiency,
3904,textmapworld,agent_two_tools_qwen3,large,episode_00027,exploration,
3905,textmapworld,agent_two_tools_qwen3,large,episode_00027,Main Score,
3906,textmapworld,agent_two_tools_qwen3,large,episode_00028,Aborted,1.0
3907,textmapworld,agent_two_tools_qwen3,large,episode_00028,Success,0.0
3908,textmapworld,agent_two_tools_qwen3,large,episode_00028,Lose,0.0
3909,textmapworld,agent_two_tools_qwen3,large,episode_00028,moves,
3910,textmapworld,agent_two_tools_qwen3,large,episode_00028,valid_moves,
3911,textmapworld,agent_two_tools_qwen3,large,episode_00028,invalid_moves,
3912,textmapworld,agent_two_tools_qwen3,large,episode_00028,stopped,
3913,textmapworld,agent_two_tools_qwen3,large,episode_00028,turns_limit,
3914,textmapworld,agent_two_tools_qwen3,large,episode_00028,loops,
3915,textmapworld,agent_two_tools_qwen3,large,episode_00028,number_visited,
3916,textmapworld,agent_two_tools_qwen3,large,episode_00028,seen,
3917,textmapworld,agent_two_tools_qwen3,large,episode_00028,efficiency,
3918,textmapworld,agent_two_tools_qwen3,large,episode_00028,exploration,
3919,textmapworld,agent_two_tools_qwen3,large,episode_00028,Main Score,
3920,textmapworld,agent_two_tools_qwen3,large,episode_00029,Aborted,1.0
3921,textmapworld,agent_two_tools_qwen3,large,episode_00029,Success,0.0
3922,textmapworld,agent_two_tools_qwen3,large,episode_00029,Lose,0.0
3923,textmapworld,agent_two_tools_qwen3,large,episode_00029,moves,
3924,textmapworld,agent_two_tools_qwen3,large,episode_00029,valid_moves,
3925,textmapworld,agent_two_tools_qwen3,large,episode_00029,invalid_moves,
3926,textmapworld,agent_two_tools_qwen3,large,episode_00029,stopped,
3927,textmapworld,agent_two_tools_qwen3,large,episode_00029,turns_limit,
3928,textmapworld,agent_two_tools_qwen3,large,episode_00029,loops,
3929,textmapworld,agent_two_tools_qwen3,large,episode_00029,number_visited,
3930,textmapworld,agent_two_tools_qwen3,large,episode_00029,seen,
3931,textmapworld,agent_two_tools_qwen3,large,episode_00029,efficiency,
3932,textmapworld,agent_two_tools_qwen3,large,episode_00029,exploration,
3933,textmapworld,agent_two_tools_qwen3,large,episode_00029,Main Score,
3934,textmapworld,agent_two_tools_qwen3,large,episode_00030,Success,0.0
3935,textmapworld,agent_two_tools_qwen3,large,episode_00030,Aborted,0.0
3936,textmapworld,agent_two_tools_qwen3,large,episode_00030,Lose,1.0
3937,textmapworld,agent_two_tools_qwen3,large,episode_00030,moves,2.0
3938,textmapworld,agent_two_tools_qwen3,large,episode_00030,valid_moves,2.0
3939,textmapworld,agent_two_tools_qwen3,large,episode_00030,invalid_moves,0.0
3940,textmapworld,agent_two_tools_qwen3,large,episode_00030,stopped,1.0
3941,textmapworld,agent_two_tools_qwen3,large,episode_00030,turns_limit,0.0
3942,textmapworld,agent_two_tools_qwen3,large,episode_00030,loops,0.0
3943,textmapworld,agent_two_tools_qwen3,large,episode_00030,number_visited,2.0
3944,textmapworld,agent_two_tools_qwen3,large,episode_00030,seen,3.0
3945,textmapworld,agent_two_tools_qwen3,large,episode_00030,efficiency,50.0
3946,textmapworld,agent_two_tools_qwen3,large,episode_00030,exploration,25.0
3947,textmapworld,agent_two_tools_qwen3,large,episode_00030,Main Score,33.333333333333336
3948,textmapworld,agent_two_tools_qwen3,large_cycle,episode_00041,Success,0.0
3949,textmapworld,agent_two_tools_qwen3,large_cycle,episode_00041,Aborted,0.0
3950,textmapworld,agent_two_tools_qwen3,large_cycle,episode_00041,Lose,1.0
3951,textmapworld,agent_two_tools_qwen3,large_cycle,episode_00041,moves,8.0
3952,textmapworld,agent_two_tools_qwen3,large_cycle,episode_00041,valid_moves,8.0
3953,textmapworld,agent_two_tools_qwen3,large_cycle,episode_00041,invalid_moves,0.0
3954,textmapworld,agent_two_tools_qwen3,large_cycle,episode_00041,stopped,1.0
3955,textmapworld,agent_two_tools_qwen3,large_cycle,episode_00041,turns_limit,0.0
3956,textmapworld,agent_two_tools_qwen3,large_cycle,episode_00041,loops,0.0
3957,textmapworld,agent_two_tools_qwen3,large_cycle,episode_00041,number_visited,5.0
3958,textmapworld,agent_two_tools_qwen3,large_cycle,episode_00041,seen,7.0
3959,textmapworld,agent_two_tools_qwen3,large_cycle,episode_00041,efficiency,75.0
3960,textmapworld,agent_two_tools_qwen3,large_cycle,episode_00041,exploration,62.5
3961,textmapworld,agent_two_tools_qwen3,large_cycle,episode_00041,Main Score,68.18181818181819
3962,textmapworld,agent_two_tools_qwen3,large_cycle,episode_00042,Success,0.0
3963,textmapworld,agent_two_tools_qwen3,large_cycle,episode_00042,Aborted,0.0
3964,textmapworld,agent_two_tools_qwen3,large_cycle,episode_00042,Lose,1.0
3965,textmapworld,agent_two_tools_qwen3,large_cycle,episode_00042,moves,6.0
3966,textmapworld,agent_two_tools_qwen3,large_cycle,episode_00042,valid_moves,6.0
3967,textmapworld,agent_two_tools_qwen3,large_cycle,episode_00042,invalid_moves,0.0
3968,textmapworld,agent_two_tools_qwen3,large_cycle,episode_00042,stopped,1.0
3969,textmapworld,agent_two_tools_qwen3,large_cycle,episode_00042,turns_limit,0.0
3970,textmapworld,agent_two_tools_qwen3,large_cycle,episode_00042,loops,0.0
3971,textmapworld,agent_two_tools_qwen3,large_cycle,episode_00042,number_visited,4.0
3972,textmapworld,agent_two_tools_qwen3,large_cycle,episode_00042,seen,6.0
3973,textmapworld,agent_two_tools_qwen3,large_cycle,episode_00042,efficiency,50.0
3974,textmapworld,agent_two_tools_qwen3,large_cycle,episode_00042,exploration,50.0
3975,textmapworld,agent_two_tools_qwen3,large_cycle,episode_00042,Main Score,50.0
3976,textmapworld,agent_two_tools_qwen3,large_cycle,episode_00043,Success,0.0
3977,textmapworld,agent_two_tools_qwen3,large_cycle,episode_00043,Aborted,0.0
3978,textmapworld,agent_two_tools_qwen3,large_cycle,episode_00043,Lose,1.0
3979,textmapworld,agent_two_tools_qwen3,large_cycle,episode_00043,moves,8.0
3980,textmapworld,agent_two_tools_qwen3,large_cycle,episode_00043,valid_moves,8.0
3981,textmapworld,agent_two_tools_qwen3,large_cycle,episode_00043,invalid_moves,0.0
3982,textmapworld,agent_two_tools_qwen3,large_cycle,episode_00043,stopped,1.0
3983,textmapworld,agent_two_tools_qwen3,large_cycle,episode_00043,turns_limit,0.0
3984,textmapworld,agent_two_tools_qwen3,large_cycle,episode_00043,loops,0.0
3985,textmapworld,agent_two_tools_qwen3,large_cycle,episode_00043,number_visited,3.0
3986,textmapworld,agent_two_tools_qwen3,large_cycle,episode_00043,seen,5.0
3987,textmapworld,agent_two_tools_qwen3,large_cycle,episode_00043,efficiency,62.5
3988,textmapworld,agent_two_tools_qwen3,large_cycle,episode_00043,exploration,37.5
3989,textmapworld,agent_two_tools_qwen3,large_cycle,episode_00043,Main Score,46.875
3990,textmapworld,agent_two_tools_qwen3,large_cycle,episode_00044,Success,0.0
3991,textmapworld,agent_two_tools_qwen3,large_cycle,episode_00044,Aborted,0.0
3992,textmapworld,agent_two_tools_qwen3,large_cycle,episode_00044,Lose,1.0
3993,textmapworld,agent_two_tools_qwen3,large_cycle,episode_00044,moves,2.0
3994,textmapworld,agent_two_tools_qwen3,large_cycle,episode_00044,valid_moves,2.0
3995,textmapworld,agent_two_tools_qwen3,large_cycle,episode_00044,invalid_moves,0.0
3996,textmapworld,agent_two_tools_qwen3,large_cycle,episode_00044,stopped,1.0
3997,textmapworld,agent_two_tools_qwen3,large_cycle,episode_00044,turns_limit,0.0
3998,textmapworld,agent_two_tools_qwen3,large_cycle,episode_00044,loops,0.0
3999,textmapworld,agent_two_tools_qwen3,large_cycle,episode_00044,number_visited,2.0
4000,textmapworld,agent_two_tools_qwen3,large_cycle,episode_00044,seen,3.0
4001,textmapworld,agent_two_tools_qwen3,large_cycle,episode_00044,efficiency,50.0
4002,textmapworld,agent_two_tools_qwen3,large_cycle,episode_00044,exploration,25.0
4003,textmapworld,agent_two_tools_qwen3,large_cycle,episode_00044,Main Score,33.333333333333336
4004,textmapworld,agent_two_tools_qwen3,large_cycle,episode_00045,Success,0.0
4005,textmapworld,agent_two_tools_qwen3,large_cycle,episode_00045,Aborted,0.0
4006,textmapworld,agent_two_tools_qwen3,large_cycle,episode_00045,Lose,1.0
4007,textmapworld,agent_two_tools_qwen3,large_cycle,episode_00045,moves,2.0
4008,textmapworld,agent_two_tools_qwen3,large_cycle,episode_00045,valid_moves,2.0
4009,textmapworld,agent_two_tools_qwen3,large_cycle,episode_00045,invalid_moves,0.0
4010,textmapworld,agent_two_tools_qwen3,large_cycle,episode_00045,stopped,1.0
4011,textmapworld,agent_two_tools_qwen3,large_cycle,episode_00045,turns_limit,0.0
4012,textmapworld,agent_two_tools_qwen3,large_cycle,episode_00045,loops,0.0
4013,textmapworld,agent_two_tools_qwen3,large_cycle,episode_00045,number_visited,2.0
4014,textmapworld,agent_two_tools_qwen3,large_cycle,episode_00045,seen,4.0
4015,textmapworld,agent_two_tools_qwen3,large_cycle,episode_00045,efficiency,100.0
4016,textmapworld,agent_two_tools_qwen3,large_cycle,episode_00045,exploration,25.0
4017,textmapworld,agent_two_tools_qwen3,large_cycle,episode_00045,Main Score,40.0
4018,textmapworld,agent_two_tools_qwen3,large_cycle,episode_00046,Success,0.0
4019,textmapworld,agent_two_tools_qwen3,large_cycle,episode_00046,Aborted,0.0
4020,textmapworld,agent_two_tools_qwen3,large_cycle,episode_00046,Lose,1.0
4021,textmapworld,agent_two_tools_qwen3,large_cycle,episode_00046,moves,4.0
4022,textmapworld,agent_two_tools_qwen3,large_cycle,episode_00046,valid_moves,4.0
4023,textmapworld,agent_two_tools_qwen3,large_cycle,episode_00046,invalid_moves,0.0
4024,textmapworld,agent_two_tools_qwen3,large_cycle,episode_00046,stopped,1.0
4025,textmapworld,agent_two_tools_qwen3,large_cycle,episode_00046,turns_limit,0.0
4026,textmapworld,agent_two_tools_qwen3,large_cycle,episode_00046,loops,0.0
4027,textmapworld,agent_two_tools_qwen3,large_cycle,episode_00046,number_visited,3.0
4028,textmapworld,agent_two_tools_qwen3,large_cycle,episode_00046,seen,5.0
4029,textmapworld,agent_two_tools_qwen3,large_cycle,episode_00046,efficiency,50.0
4030,textmapworld,agent_two_tools_qwen3,large_cycle,episode_00046,exploration,37.5
4031,textmapworld,agent_two_tools_qwen3,large_cycle,episode_00046,Main Score,42.857142857142854
4032,textmapworld,agent_two_tools_qwen3,large_cycle,episode_00047,Success,1.0
4033,textmapworld,agent_two_tools_qwen3,large_cycle,episode_00047,Aborted,0.0
4034,textmapworld,agent_two_tools_qwen3,large_cycle,episode_00047,Lose,0.0
4035,textmapworld,agent_two_tools_qwen3,large_cycle,episode_00047,moves,14.0
4036,textmapworld,agent_two_tools_qwen3,large_cycle,episode_00047,valid_moves,14.0
4037,textmapworld,agent_two_tools_qwen3,large_cycle,episode_00047,invalid_moves,0.0
4038,textmapworld,agent_two_tools_qwen3,large_cycle,episode_00047,stopped,1.0
4039,textmapworld,agent_two_tools_qwen3,large_cycle,episode_00047,turns_limit,0.0
4040,textmapworld,agent_two_tools_qwen3,large_cycle,episode_00047,loops,0.0
4041,textmapworld,agent_two_tools_qwen3,large_cycle,episode_00047,number_visited,8.0
4042,textmapworld,agent_two_tools_qwen3,large_cycle,episode_00047,seen,8.0
4043,textmapworld,agent_two_tools_qwen3,large_cycle,episode_00047,efficiency,78.57142857142857
4044,textmapworld,agent_two_tools_qwen3,large_cycle,episode_00047,exploration,100.0
4045,textmapworld,agent_two_tools_qwen3,large_cycle,episode_00047,Main Score,88.0
4046,textmapworld,agent_two_tools_qwen3,large_cycle,episode_00048,Success,0.0
4047,textmapworld,agent_two_tools_qwen3,large_cycle,episode_00048,Aborted,0.0
4048,textmapworld,agent_two_tools_qwen3,large_cycle,episode_00048,Lose,1.0
4049,textmapworld,agent_two_tools_qwen3,large_cycle,episode_00048,moves,2.0
4050,textmapworld,agent_two_tools_qwen3,large_cycle,episode_00048,valid_moves,2.0
4051,textmapworld,agent_two_tools_qwen3,large_cycle,episode_00048,invalid_moves,0.0
4052,textmapworld,agent_two_tools_qwen3,large_cycle,episode_00048,stopped,1.0
4053,textmapworld,agent_two_tools_qwen3,large_cycle,episode_00048,turns_limit,0.0
4054,textmapworld,agent_two_tools_qwen3,large_cycle,episode_00048,loops,0.0
4055,textmapworld,agent_two_tools_qwen3,large_cycle,episode_00048,number_visited,2.0
4056,textmapworld,agent_two_tools_qwen3,large_cycle,episode_00048,seen,3.0
4057,textmapworld,agent_two_tools_qwen3,large_cycle,episode_00048,efficiency,50.0
4058,textmapworld,agent_two_tools_qwen3,large_cycle,episode_00048,exploration,25.0
4059,textmapworld,agent_two_tools_qwen3,large_cycle,episode_00048,Main Score,33.333333333333336
4060,textmapworld,agent_two_tools_qwen3,large_cycle,episode_00049,Success,0.0
4061,textmapworld,agent_two_tools_qwen3,large_cycle,episode_00049,Aborted,0.0
4062,textmapworld,agent_two_tools_qwen3,large_cycle,episode_00049,Lose,1.0
4063,textmapworld,agent_two_tools_qwen3,large_cycle,episode_00049,moves,4.0
4064,textmapworld,agent_two_tools_qwen3,large_cycle,episode_00049,valid_moves,4.0
4065,textmapworld,agent_two_tools_qwen3,large_cycle,episode_00049,invalid_moves,0.0
4066,textmapworld,agent_two_tools_qwen3,large_cycle,episode_00049,stopped,1.0
4067,textmapworld,agent_two_tools_qwen3,large_cycle,episode_00049,turns_limit,0.0
4068,textmapworld,agent_two_tools_qwen3,large_cycle,episode_00049,loops,0.0
4069,textmapworld,agent_two_tools_qwen3,large_cycle,episode_00049,number_visited,4.0
4070,textmapworld,agent_two_tools_qwen3,large_cycle,episode_00049,seen,5.0
4071,textmapworld,agent_two_tools_qwen3,large_cycle,episode_00049,efficiency,75.0
4072,textmapworld,agent_two_tools_qwen3,large_cycle,episode_00049,exploration,50.0
4073,textmapworld,agent_two_tools_qwen3,large_cycle,episode_00049,Main Score,60.0
4074,textmapworld,agent_two_tools_qwen3,large_cycle,episode_00050,Success,0.0
4075,textmapworld,agent_two_tools_qwen3,large_cycle,episode_00050,Aborted,0.0
4076,textmapworld,agent_two_tools_qwen3,large_cycle,episode_00050,Lose,1.0
4077,textmapworld,agent_two_tools_qwen3,large_cycle,episode_00050,moves,4.0
4078,textmapworld,agent_two_tools_qwen3,large_cycle,episode_00050,valid_moves,4.0
4079,textmapworld,agent_two_tools_qwen3,large_cycle,episode_00050,invalid_moves,0.0
4080,textmapworld,agent_two_tools_qwen3,large_cycle,episode_00050,stopped,1.0
4081,textmapworld,agent_two_tools_qwen3,large_cycle,episode_00050,turns_limit,0.0
4082,textmapworld,agent_two_tools_qwen3,large_cycle,episode_00050,loops,0.0
4083,textmapworld,agent_two_tools_qwen3,large_cycle,episode_00050,number_visited,3.0
4084,textmapworld,agent_two_tools_qwen3,large_cycle,episode_00050,seen,5.0
4085,textmapworld,agent_two_tools_qwen3,large_cycle,episode_00050,efficiency,75.0
4086,textmapworld,agent_two_tools_qwen3,large_cycle,episode_00050,exploration,37.5
4087,textmapworld,agent_two_tools_qwen3,large_cycle,episode_00050,Main Score,50.0
4088,textmapworld,agent_two_tools_qwen3,medium,episode_00011,Success,0.0
4089,textmapworld,agent_two_tools_qwen3,medium,episode_00011,Aborted,0.0
4090,textmapworld,agent_two_tools_qwen3,medium,episode_00011,Lose,1.0
4091,textmapworld,agent_two_tools_qwen3,medium,episode_00011,moves,2.0
4092,textmapworld,agent_two_tools_qwen3,medium,episode_00011,valid_moves,2.0
4093,textmapworld,agent_two_tools_qwen3,medium,episode_00011,invalid_moves,0.0
4094,textmapworld,agent_two_tools_qwen3,medium,episode_00011,stopped,1.0
4095,textmapworld,agent_two_tools_qwen3,medium,episode_00011,turns_limit,0.0
4096,textmapworld,agent_two_tools_qwen3,medium,episode_00011,loops,0.0
4097,textmapworld,agent_two_tools_qwen3,medium,episode_00011,number_visited,2.0
4098,textmapworld,agent_two_tools_qwen3,medium,episode_00011,seen,3.0
4099,textmapworld,agent_two_tools_qwen3,medium,episode_00011,efficiency,100.0
4100,textmapworld,agent_two_tools_qwen3,medium,episode_00011,exploration,33.33333333333333
4101,textmapworld,agent_two_tools_qwen3,medium,episode_00011,Main Score,50.0
4102,textmapworld,agent_two_tools_qwen3,medium,episode_00012,Success,1.0
4103,textmapworld,agent_two_tools_qwen3,medium,episode_00012,Aborted,0.0
4104,textmapworld,agent_two_tools_qwen3,medium,episode_00012,Lose,0.0
4105,textmapworld,agent_two_tools_qwen3,medium,episode_00012,moves,10.0
4106,textmapworld,agent_two_tools_qwen3,medium,episode_00012,valid_moves,10.0
4107,textmapworld,agent_two_tools_qwen3,medium,episode_00012,invalid_moves,0.0
4108,textmapworld,agent_two_tools_qwen3,medium,episode_00012,stopped,1.0
4109,textmapworld,agent_two_tools_qwen3,medium,episode_00012,turns_limit,0.0
4110,textmapworld,agent_two_tools_qwen3,medium,episode_00012,loops,0.0
4111,textmapworld,agent_two_tools_qwen3,medium,episode_00012,number_visited,6.0
4112,textmapworld,agent_two_tools_qwen3,medium,episode_00012,seen,6.0
4113,textmapworld,agent_two_tools_qwen3,medium,episode_00012,efficiency,60.0
4114,textmapworld,agent_two_tools_qwen3,medium,episode_00012,exploration,100.0
4115,textmapworld,agent_two_tools_qwen3,medium,episode_00012,Main Score,75.0
4116,textmapworld,agent_two_tools_qwen3,medium,episode_00013,Success,0.0
4117,textmapworld,agent_two_tools_qwen3,medium,episode_00013,Aborted,0.0
4118,textmapworld,agent_two_tools_qwen3,medium,episode_00013,Lose,1.0
4119,textmapworld,agent_two_tools_qwen3,medium,episode_00013,moves,6.0
4120,textmapworld,agent_two_tools_qwen3,medium,episode_00013,valid_moves,6.0
4121,textmapworld,agent_two_tools_qwen3,medium,episode_00013,invalid_moves,0.0
4122,textmapworld,agent_two_tools_qwen3,medium,episode_00013,stopped,1.0
4123,textmapworld,agent_two_tools_qwen3,medium,episode_00013,turns_limit,0.0
4124,textmapworld,agent_two_tools_qwen3,medium,episode_00013,loops,0.0
4125,textmapworld,agent_two_tools_qwen3,medium,episode_00013,number_visited,4.0
4126,textmapworld,agent_two_tools_qwen3,medium,episode_00013,seen,6.0
4127,textmapworld,agent_two_tools_qwen3,medium,episode_00013,efficiency,66.66666666666666
4128,textmapworld,agent_two_tools_qwen3,medium,episode_00013,exploration,66.66666666666666
4129,textmapworld,agent_two_tools_qwen3,medium,episode_00013,Main Score,66.66666666666666
4130,textmapworld,agent_two_tools_qwen3,medium,episode_00014,Success,0.0
4131,textmapworld,agent_two_tools_qwen3,medium,episode_00014,Aborted,0.0
4132,textmapworld,agent_two_tools_qwen3,medium,episode_00014,Lose,1.0
4133,textmapworld,agent_two_tools_qwen3,medium,episode_00014,moves,2.0
4134,textmapworld,agent_two_tools_qwen3,medium,episode_00014,valid_moves,2.0
4135,textmapworld,agent_two_tools_qwen3,medium,episode_00014,invalid_moves,0.0
4136,textmapworld,agent_two_tools_qwen3,medium,episode_00014,stopped,1.0
4137,textmapworld,agent_two_tools_qwen3,medium,episode_00014,turns_limit,0.0
4138,textmapworld,agent_two_tools_qwen3,medium,episode_00014,loops,0.0
4139,textmapworld,agent_two_tools_qwen3,medium,episode_00014,number_visited,2.0
4140,textmapworld,agent_two_tools_qwen3,medium,episode_00014,seen,4.0
4141,textmapworld,agent_two_tools_qwen3,medium,episode_00014,efficiency,50.0
4142,textmapworld,agent_two_tools_qwen3,medium,episode_00014,exploration,33.33333333333333
4143,textmapworld,agent_two_tools_qwen3,medium,episode_00014,Main Score,40.0
4144,textmapworld,agent_two_tools_qwen3,medium,episode_00015,Success,0.0
4145,textmapworld,agent_two_tools_qwen3,medium,episode_00015,Aborted,0.0
4146,textmapworld,agent_two_tools_qwen3,medium,episode_00015,Lose,1.0
4147,textmapworld,agent_two_tools_qwen3,medium,episode_00015,moves,2.0
4148,textmapworld,agent_two_tools_qwen3,medium,episode_00015,valid_moves,2.0
4149,textmapworld,agent_two_tools_qwen3,medium,episode_00015,invalid_moves,0.0
4150,textmapworld,agent_two_tools_qwen3,medium,episode_00015,stopped,1.0
4151,textmapworld,agent_two_tools_qwen3,medium,episode_00015,turns_limit,0.0
4152,textmapworld,agent_two_tools_qwen3,medium,episode_00015,loops,0.0
4153,textmapworld,agent_two_tools_qwen3,medium,episode_00015,number_visited,2.0
4154,textmapworld,agent_two_tools_qwen3,medium,episode_00015,seen,3.0
4155,textmapworld,agent_two_tools_qwen3,medium,episode_00015,efficiency,100.0
4156,textmapworld,agent_two_tools_qwen3,medium,episode_00015,exploration,33.33333333333333
4157,textmapworld,agent_two_tools_qwen3,medium,episode_00015,Main Score,50.0
4158,textmapworld,agent_two_tools_qwen3,medium,episode_00016,Aborted,1.0
4159,textmapworld,agent_two_tools_qwen3,medium,episode_00016,Success,0.0
4160,textmapworld,agent_two_tools_qwen3,medium,episode_00016,Lose,0.0
4161,textmapworld,agent_two_tools_qwen3,medium,episode_00016,moves,
4162,textmapworld,agent_two_tools_qwen3,medium,episode_00016,valid_moves,
4163,textmapworld,agent_two_tools_qwen3,medium,episode_00016,invalid_moves,
4164,textmapworld,agent_two_tools_qwen3,medium,episode_00016,stopped,
4165,textmapworld,agent_two_tools_qwen3,medium,episode_00016,turns_limit,
4166,textmapworld,agent_two_tools_qwen3,medium,episode_00016,loops,
4167,textmapworld,agent_two_tools_qwen3,medium,episode_00016,number_visited,
4168,textmapworld,agent_two_tools_qwen3,medium,episode_00016,seen,
4169,textmapworld,agent_two_tools_qwen3,medium,episode_00016,efficiency,
4170,textmapworld,agent_two_tools_qwen3,medium,episode_00016,exploration,
4171,textmapworld,agent_two_tools_qwen3,medium,episode_00016,Main Score,
4172,textmapworld,agent_two_tools_qwen3,medium,episode_00017,Aborted,1.0
4173,textmapworld,agent_two_tools_qwen3,medium,episode_00017,Success,0.0
4174,textmapworld,agent_two_tools_qwen3,medium,episode_00017,Lose,0.0
4175,textmapworld,agent_two_tools_qwen3,medium,episode_00017,moves,
4176,textmapworld,agent_two_tools_qwen3,medium,episode_00017,valid_moves,
4177,textmapworld,agent_two_tools_qwen3,medium,episode_00017,invalid_moves,
4178,textmapworld,agent_two_tools_qwen3,medium,episode_00017,stopped,
4179,textmapworld,agent_two_tools_qwen3,medium,episode_00017,turns_limit,
4180,textmapworld,agent_two_tools_qwen3,medium,episode_00017,loops,
4181,textmapworld,agent_two_tools_qwen3,medium,episode_00017,number_visited,
4182,textmapworld,agent_two_tools_qwen3,medium,episode_00017,seen,
4183,textmapworld,agent_two_tools_qwen3,medium,episode_00017,efficiency,
4184,textmapworld,agent_two_tools_qwen3,medium,episode_00017,exploration,
4185,textmapworld,agent_two_tools_qwen3,medium,episode_00017,Main Score,
4186,textmapworld,agent_two_tools_qwen3,medium,episode_00018,Success,0.0
4187,textmapworld,agent_two_tools_qwen3,medium,episode_00018,Aborted,0.0
4188,textmapworld,agent_two_tools_qwen3,medium,episode_00018,Lose,1.0
4189,textmapworld,agent_two_tools_qwen3,medium,episode_00018,moves,4.0
4190,textmapworld,agent_two_tools_qwen3,medium,episode_00018,valid_moves,4.0
4191,textmapworld,agent_two_tools_qwen3,medium,episode_00018,invalid_moves,0.0
4192,textmapworld,agent_two_tools_qwen3,medium,episode_00018,stopped,1.0
4193,textmapworld,agent_two_tools_qwen3,medium,episode_00018,turns_limit,0.0
4194,textmapworld,agent_two_tools_qwen3,medium,episode_00018,loops,0.0
4195,textmapworld,agent_two_tools_qwen3,medium,episode_00018,number_visited,3.0
4196,textmapworld,agent_two_tools_qwen3,medium,episode_00018,seen,5.0
4197,textmapworld,agent_two_tools_qwen3,medium,episode_00018,efficiency,50.0
4198,textmapworld,agent_two_tools_qwen3,medium,episode_00018,exploration,50.0
4199,textmapworld,agent_two_tools_qwen3,medium,episode_00018,Main Score,50.0
4200,textmapworld,agent_two_tools_qwen3,medium,episode_00019,Aborted,1.0
4201,textmapworld,agent_two_tools_qwen3,medium,episode_00019,Success,0.0
4202,textmapworld,agent_two_tools_qwen3,medium,episode_00019,Lose,0.0
4203,textmapworld,agent_two_tools_qwen3,medium,episode_00019,moves,
4204,textmapworld,agent_two_tools_qwen3,medium,episode_00019,valid_moves,
4205,textmapworld,agent_two_tools_qwen3,medium,episode_00019,invalid_moves,
4206,textmapworld,agent_two_tools_qwen3,medium,episode_00019,stopped,
4207,textmapworld,agent_two_tools_qwen3,medium,episode_00019,turns_limit,
4208,textmapworld,agent_two_tools_qwen3,medium,episode_00019,loops,
4209,textmapworld,agent_two_tools_qwen3,medium,episode_00019,number_visited,
4210,textmapworld,agent_two_tools_qwen3,medium,episode_00019,seen,
4211,textmapworld,agent_two_tools_qwen3,medium,episode_00019,efficiency,
4212,textmapworld,agent_two_tools_qwen3,medium,episode_00019,exploration,
4213,textmapworld,agent_two_tools_qwen3,medium,episode_00019,Main Score,
4214,textmapworld,agent_two_tools_qwen3,medium,episode_00020,Success,0.0
4215,textmapworld,agent_two_tools_qwen3,medium,episode_00020,Aborted,0.0
4216,textmapworld,agent_two_tools_qwen3,medium,episode_00020,Lose,1.0
4217,textmapworld,agent_two_tools_qwen3,medium,episode_00020,moves,2.0
4218,textmapworld,agent_two_tools_qwen3,medium,episode_00020,valid_moves,2.0
4219,textmapworld,agent_two_tools_qwen3,medium,episode_00020,invalid_moves,0.0
4220,textmapworld,agent_two_tools_qwen3,medium,episode_00020,stopped,1.0
4221,textmapworld,agent_two_tools_qwen3,medium,episode_00020,turns_limit,0.0
4222,textmapworld,agent_two_tools_qwen3,medium,episode_00020,loops,0.0
4223,textmapworld,agent_two_tools_qwen3,medium,episode_00020,number_visited,2.0
4224,textmapworld,agent_two_tools_qwen3,medium,episode_00020,seen,3.0
4225,textmapworld,agent_two_tools_qwen3,medium,episode_00020,efficiency,100.0
4226,textmapworld,agent_two_tools_qwen3,medium,episode_00020,exploration,33.33333333333333
4227,textmapworld,agent_two_tools_qwen3,medium,episode_00020,Main Score,50.0
4228,textmapworld,agent_two_tools_qwen3,medium_cycle,episode_00031,Success,0.0
4229,textmapworld,agent_two_tools_qwen3,medium_cycle,episode_00031,Aborted,0.0
4230,textmapworld,agent_two_tools_qwen3,medium_cycle,episode_00031,Lose,1.0
4231,textmapworld,agent_two_tools_qwen3,medium_cycle,episode_00031,moves,2.0
4232,textmapworld,agent_two_tools_qwen3,medium_cycle,episode_00031,valid_moves,2.0
4233,textmapworld,agent_two_tools_qwen3,medium_cycle,episode_00031,invalid_moves,0.0
4234,textmapworld,agent_two_tools_qwen3,medium_cycle,episode_00031,stopped,1.0
4235,textmapworld,agent_two_tools_qwen3,medium_cycle,episode_00031,turns_limit,0.0
4236,textmapworld,agent_two_tools_qwen3,medium_cycle,episode_00031,loops,0.0
4237,textmapworld,agent_two_tools_qwen3,medium_cycle,episode_00031,number_visited,2.0
4238,textmapworld,agent_two_tools_qwen3,medium_cycle,episode_00031,seen,5.0
4239,textmapworld,agent_two_tools_qwen3,medium_cycle,episode_00031,efficiency,50.0
4240,textmapworld,agent_two_tools_qwen3,medium_cycle,episode_00031,exploration,33.33333333333333
4241,textmapworld,agent_two_tools_qwen3,medium_cycle,episode_00031,Main Score,40.0
4242,textmapworld,agent_two_tools_qwen3,medium_cycle,episode_00032,Aborted,1.0
4243,textmapworld,agent_two_tools_qwen3,medium_cycle,episode_00032,Success,0.0
4244,textmapworld,agent_two_tools_qwen3,medium_cycle,episode_00032,Lose,0.0
4245,textmapworld,agent_two_tools_qwen3,medium_cycle,episode_00032,moves,
4246,textmapworld,agent_two_tools_qwen3,medium_cycle,episode_00032,valid_moves,
4247,textmapworld,agent_two_tools_qwen3,medium_cycle,episode_00032,invalid_moves,
4248,textmapworld,agent_two_tools_qwen3,medium_cycle,episode_00032,stopped,
4249,textmapworld,agent_two_tools_qwen3,medium_cycle,episode_00032,turns_limit,
4250,textmapworld,agent_two_tools_qwen3,medium_cycle,episode_00032,loops,
4251,textmapworld,agent_two_tools_qwen3,medium_cycle,episode_00032,number_visited,
4252,textmapworld,agent_two_tools_qwen3,medium_cycle,episode_00032,seen,
4253,textmapworld,agent_two_tools_qwen3,medium_cycle,episode_00032,efficiency,
4254,textmapworld,agent_two_tools_qwen3,medium_cycle,episode_00032,exploration,
4255,textmapworld,agent_two_tools_qwen3,medium_cycle,episode_00032,Main Score,
4256,textmapworld,agent_two_tools_qwen3,medium_cycle,episode_00033,Success,0.0
4257,textmapworld,agent_two_tools_qwen3,medium_cycle,episode_00033,Aborted,0.0
4258,textmapworld,agent_two_tools_qwen3,medium_cycle,episode_00033,Lose,1.0
4259,textmapworld,agent_two_tools_qwen3,medium_cycle,episode_00033,moves,6.0
4260,textmapworld,agent_two_tools_qwen3,medium_cycle,episode_00033,valid_moves,6.0
4261,textmapworld,agent_two_tools_qwen3,medium_cycle,episode_00033,invalid_moves,0.0
4262,textmapworld,agent_two_tools_qwen3,medium_cycle,episode_00033,stopped,1.0
4263,textmapworld,agent_two_tools_qwen3,medium_cycle,episode_00033,turns_limit,0.0
4264,textmapworld,agent_two_tools_qwen3,medium_cycle,episode_00033,loops,0.0
4265,textmapworld,agent_two_tools_qwen3,medium_cycle,episode_00033,number_visited,4.0
4266,textmapworld,agent_two_tools_qwen3,medium_cycle,episode_00033,seen,5.0
4267,textmapworld,agent_two_tools_qwen3,medium_cycle,episode_00033,efficiency,66.66666666666666
4268,textmapworld,agent_two_tools_qwen3,medium_cycle,episode_00033,exploration,66.66666666666666
4269,textmapworld,agent_two_tools_qwen3,medium_cycle,episode_00033,Main Score,66.66666666666666
4270,textmapworld,agent_two_tools_qwen3,medium_cycle,episode_00034,Success,0.0
4271,textmapworld,agent_two_tools_qwen3,medium_cycle,episode_00034,Aborted,0.0
4272,textmapworld,agent_two_tools_qwen3,medium_cycle,episode_00034,Lose,1.0
4273,textmapworld,agent_two_tools_qwen3,medium_cycle,episode_00034,moves,7.0
4274,textmapworld,agent_two_tools_qwen3,medium_cycle,episode_00034,valid_moves,7.0
4275,textmapworld,agent_two_tools_qwen3,medium_cycle,episode_00034,invalid_moves,0.0
4276,textmapworld,agent_two_tools_qwen3,medium_cycle,episode_00034,stopped,1.0
4277,textmapworld,agent_two_tools_qwen3,medium_cycle,episode_00034,turns_limit,0.0
4278,textmapworld,agent_two_tools_qwen3,medium_cycle,episode_00034,loops,0.0
4279,textmapworld,agent_two_tools_qwen3,medium_cycle,episode_00034,number_visited,5.0
4280,textmapworld,agent_two_tools_qwen3,medium_cycle,episode_00034,seen,6.0
4281,textmapworld,agent_two_tools_qwen3,medium_cycle,episode_00034,efficiency,71.42857142857143
4282,textmapworld,agent_two_tools_qwen3,medium_cycle,episode_00034,exploration,83.33333333333334
4283,textmapworld,agent_two_tools_qwen3,medium_cycle,episode_00034,Main Score,76.92307692307693
4284,textmapworld,agent_two_tools_qwen3,medium_cycle,episode_00035,Aborted,1.0
4285,textmapworld,agent_two_tools_qwen3,medium_cycle,episode_00035,Success,0.0
4286,textmapworld,agent_two_tools_qwen3,medium_cycle,episode_00035,Lose,0.0
4287,textmapworld,agent_two_tools_qwen3,medium_cycle,episode_00035,moves,
4288,textmapworld,agent_two_tools_qwen3,medium_cycle,episode_00035,valid_moves,
4289,textmapworld,agent_two_tools_qwen3,medium_cycle,episode_00035,invalid_moves,
4290,textmapworld,agent_two_tools_qwen3,medium_cycle,episode_00035,stopped,
4291,textmapworld,agent_two_tools_qwen3,medium_cycle,episode_00035,turns_limit,
4292,textmapworld,agent_two_tools_qwen3,medium_cycle,episode_00035,loops,
4293,textmapworld,agent_two_tools_qwen3,medium_cycle,episode_00035,number_visited,
4294,textmapworld,agent_two_tools_qwen3,medium_cycle,episode_00035,seen,
4295,textmapworld,agent_two_tools_qwen3,medium_cycle,episode_00035,efficiency,
4296,textmapworld,agent_two_tools_qwen3,medium_cycle,episode_00035,exploration,
4297,textmapworld,agent_two_tools_qwen3,medium_cycle,episode_00035,Main Score,
4298,textmapworld,agent_two_tools_qwen3,medium_cycle,episode_00036,Aborted,1.0
4299,textmapworld,agent_two_tools_qwen3,medium_cycle,episode_00036,Success,0.0
4300,textmapworld,agent_two_tools_qwen3,medium_cycle,episode_00036,Lose,0.0
4301,textmapworld,agent_two_tools_qwen3,medium_cycle,episode_00036,moves,
4302,textmapworld,agent_two_tools_qwen3,medium_cycle,episode_00036,valid_moves,
4303,textmapworld,agent_two_tools_qwen3,medium_cycle,episode_00036,invalid_moves,
4304,textmapworld,agent_two_tools_qwen3,medium_cycle,episode_00036,stopped,
4305,textmapworld,agent_two_tools_qwen3,medium_cycle,episode_00036,turns_limit,
4306,textmapworld,agent_two_tools_qwen3,medium_cycle,episode_00036,loops,
4307,textmapworld,agent_two_tools_qwen3,medium_cycle,episode_00036,number_visited,
4308,textmapworld,agent_two_tools_qwen3,medium_cycle,episode_00036,seen,
4309,textmapworld,agent_two_tools_qwen3,medium_cycle,episode_00036,efficiency,
4310,textmapworld,agent_two_tools_qwen3,medium_cycle,episode_00036,exploration,
4311,textmapworld,agent_two_tools_qwen3,medium_cycle,episode_00036,Main Score,
4312,textmapworld,agent_two_tools_qwen3,medium_cycle,episode_00037,Success,0.0
4313,textmapworld,agent_two_tools_qwen3,medium_cycle,episode_00037,Aborted,0.0
4314,textmapworld,agent_two_tools_qwen3,medium_cycle,episode_00037,Lose,1.0
4315,textmapworld,agent_two_tools_qwen3,medium_cycle,episode_00037,moves,8.0
4316,textmapworld,agent_two_tools_qwen3,medium_cycle,episode_00037,valid_moves,8.0
4317,textmapworld,agent_two_tools_qwen3,medium_cycle,episode_00037,invalid_moves,0.0
4318,textmapworld,agent_two_tools_qwen3,medium_cycle,episode_00037,stopped,1.0
4319,textmapworld,agent_two_tools_qwen3,medium_cycle,episode_00037,turns_limit,0.0
4320,textmapworld,agent_two_tools_qwen3,medium_cycle,episode_00037,loops,0.0
4321,textmapworld,agent_two_tools_qwen3,medium_cycle,episode_00037,number_visited,5.0
4322,textmapworld,agent_two_tools_qwen3,medium_cycle,episode_00037,seen,6.0
4323,textmapworld,agent_two_tools_qwen3,medium_cycle,episode_00037,efficiency,75.0
4324,textmapworld,agent_two_tools_qwen3,medium_cycle,episode_00037,exploration,83.33333333333334
4325,textmapworld,agent_two_tools_qwen3,medium_cycle,episode_00037,Main Score,78.94736842105264
4326,textmapworld,agent_two_tools_qwen3,medium_cycle,episode_00038,Success,0.0
4327,textmapworld,agent_two_tools_qwen3,medium_cycle,episode_00038,Aborted,0.0
4328,textmapworld,agent_two_tools_qwen3,medium_cycle,episode_00038,Lose,1.0
4329,textmapworld,agent_two_tools_qwen3,medium_cycle,episode_00038,moves,4.0
4330,textmapworld,agent_two_tools_qwen3,medium_cycle,episode_00038,valid_moves,4.0
4331,textmapworld,agent_two_tools_qwen3,medium_cycle,episode_00038,invalid_moves,0.0
4332,textmapworld,agent_two_tools_qwen3,medium_cycle,episode_00038,stopped,1.0
4333,textmapworld,agent_two_tools_qwen3,medium_cycle,episode_00038,turns_limit,0.0
4334,textmapworld,agent_two_tools_qwen3,medium_cycle,episode_00038,loops,0.0
4335,textmapworld,agent_two_tools_qwen3,medium_cycle,episode_00038,number_visited,3.0
4336,textmapworld,agent_two_tools_qwen3,medium_cycle,episode_00038,seen,5.0
4337,textmapworld,agent_two_tools_qwen3,medium_cycle,episode_00038,efficiency,50.0
4338,textmapworld,agent_two_tools_qwen3,medium_cycle,episode_00038,exploration,50.0
4339,textmapworld,agent_two_tools_qwen3,medium_cycle,episode_00038,Main Score,50.0
4340,textmapworld,agent_two_tools_qwen3,medium_cycle,episode_00039,Success,0.0
4341,textmapworld,agent_two_tools_qwen3,medium_cycle,episode_00039,Aborted,0.0
4342,textmapworld,agent_two_tools_qwen3,medium_cycle,episode_00039,Lose,1.0
4343,textmapworld,agent_two_tools_qwen3,medium_cycle,episode_00039,moves,6.0
4344,textmapworld,agent_two_tools_qwen3,medium_cycle,episode_00039,valid_moves,6.0
4345,textmapworld,agent_two_tools_qwen3,medium_cycle,episode_00039,invalid_moves,0.0
4346,textmapworld,agent_two_tools_qwen3,medium_cycle,episode_00039,stopped,1.0
4347,textmapworld,agent_two_tools_qwen3,medium_cycle,episode_00039,turns_limit,0.0
4348,textmapworld,agent_two_tools_qwen3,medium_cycle,episode_00039,loops,0.0
4349,textmapworld,agent_two_tools_qwen3,medium_cycle,episode_00039,number_visited,4.0
4350,textmapworld,agent_two_tools_qwen3,medium_cycle,episode_00039,seen,6.0
4351,textmapworld,agent_two_tools_qwen3,medium_cycle,episode_00039,efficiency,33.33333333333333
4352,textmapworld,agent_two_tools_qwen3,medium_cycle,episode_00039,exploration,66.66666666666666
4353,textmapworld,agent_two_tools_qwen3,medium_cycle,episode_00039,Main Score,44.44444444444444
4354,textmapworld,agent_two_tools_qwen3,medium_cycle,episode_00040,Success,1.0
4355,textmapworld,agent_two_tools_qwen3,medium_cycle,episode_00040,Aborted,0.0
4356,textmapworld,agent_two_tools_qwen3,medium_cycle,episode_00040,Lose,0.0
4357,textmapworld,agent_two_tools_qwen3,medium_cycle,episode_00040,moves,10.0
4358,textmapworld,agent_two_tools_qwen3,medium_cycle,episode_00040,valid_moves,10.0
4359,textmapworld,agent_two_tools_qwen3,medium_cycle,episode_00040,invalid_moves,0.0
4360,textmapworld,agent_two_tools_qwen3,medium_cycle,episode_00040,stopped,1.0
4361,textmapworld,agent_two_tools_qwen3,medium_cycle,episode_00040,turns_limit,0.0
4362,textmapworld,agent_two_tools_qwen3,medium_cycle,episode_00040,loops,0.0
4363,textmapworld,agent_two_tools_qwen3,medium_cycle,episode_00040,number_visited,6.0
4364,textmapworld,agent_two_tools_qwen3,medium_cycle,episode_00040,seen,6.0
4365,textmapworld,agent_two_tools_qwen3,medium_cycle,episode_00040,efficiency,50.0
4366,textmapworld,agent_two_tools_qwen3,medium_cycle,episode_00040,exploration,100.0
4367,textmapworld,agent_two_tools_qwen3,medium_cycle,episode_00040,Main Score,66.66666666666667
4368,textmapworld,agent_two_tools_qwen3,small,episode_00001,Success,0.0
4369,textmapworld,agent_two_tools_qwen3,small,episode_00001,Aborted,0.0
4370,textmapworld,agent_two_tools_qwen3,small,episode_00001,Lose,1.0
4371,textmapworld,agent_two_tools_qwen3,small,episode_00001,moves,2.0
4372,textmapworld,agent_two_tools_qwen3,small,episode_00001,valid_moves,2.0
4373,textmapworld,agent_two_tools_qwen3,small,episode_00001,invalid_moves,0.0
4374,textmapworld,agent_two_tools_qwen3,small,episode_00001,stopped,1.0
4375,textmapworld,agent_two_tools_qwen3,small,episode_00001,turns_limit,0.0
4376,textmapworld,agent_two_tools_qwen3,small,episode_00001,loops,0.0
4377,textmapworld,agent_two_tools_qwen3,small,episode_00001,number_visited,2.0
4378,textmapworld,agent_two_tools_qwen3,small,episode_00001,seen,3.0
4379,textmapworld,agent_two_tools_qwen3,small,episode_00001,efficiency,50.0
4380,textmapworld,agent_two_tools_qwen3,small,episode_00001,exploration,50.0
4381,textmapworld,agent_two_tools_qwen3,small,episode_00001,Main Score,50.0
4382,textmapworld,agent_two_tools_qwen3,small,episode_00002,Success,0.0
4383,textmapworld,agent_two_tools_qwen3,small,episode_00002,Aborted,0.0
4384,textmapworld,agent_two_tools_qwen3,small,episode_00002,Lose,1.0
4385,textmapworld,agent_two_tools_qwen3,small,episode_00002,moves,2.0
4386,textmapworld,agent_two_tools_qwen3,small,episode_00002,valid_moves,2.0
4387,textmapworld,agent_two_tools_qwen3,small,episode_00002,invalid_moves,0.0
4388,textmapworld,agent_two_tools_qwen3,small,episode_00002,stopped,1.0
4389,textmapworld,agent_two_tools_qwen3,small,episode_00002,turns_limit,0.0
4390,textmapworld,agent_two_tools_qwen3,small,episode_00002,loops,0.0
4391,textmapworld,agent_two_tools_qwen3,small,episode_00002,number_visited,2.0
4392,textmapworld,agent_two_tools_qwen3,small,episode_00002,seen,3.0
4393,textmapworld,agent_two_tools_qwen3,small,episode_00002,efficiency,100.0
4394,textmapworld,agent_two_tools_qwen3,small,episode_00002,exploration,50.0
4395,textmapworld,agent_two_tools_qwen3,small,episode_00002,Main Score,66.66666666666667
4396,textmapworld,agent_two_tools_qwen3,small,episode_00003,Success,1.0
4397,textmapworld,agent_two_tools_qwen3,small,episode_00003,Aborted,0.0
4398,textmapworld,agent_two_tools_qwen3,small,episode_00003,Lose,0.0
4399,textmapworld,agent_two_tools_qwen3,small,episode_00003,moves,6.0
4400,textmapworld,agent_two_tools_qwen3,small,episode_00003,valid_moves,6.0
4401,textmapworld,agent_two_tools_qwen3,small,episode_00003,invalid_moves,0.0
4402,textmapworld,agent_two_tools_qwen3,small,episode_00003,stopped,1.0
4403,textmapworld,agent_two_tools_qwen3,small,episode_00003,turns_limit,0.0
4404,textmapworld,agent_two_tools_qwen3,small,episode_00003,loops,0.0
4405,textmapworld,agent_two_tools_qwen3,small,episode_00003,number_visited,4.0
4406,textmapworld,agent_two_tools_qwen3,small,episode_00003,seen,4.0
4407,textmapworld,agent_two_tools_qwen3,small,episode_00003,efficiency,50.0
4408,textmapworld,agent_two_tools_qwen3,small,episode_00003,exploration,100.0
4409,textmapworld,agent_two_tools_qwen3,small,episode_00003,Main Score,66.66666666666667
4410,textmapworld,agent_two_tools_qwen3,small,episode_00004,Success,1.0
4411,textmapworld,agent_two_tools_qwen3,small,episode_00004,Aborted,0.0
4412,textmapworld,agent_two_tools_qwen3,small,episode_00004,Lose,0.0
4413,textmapworld,agent_two_tools_qwen3,small,episode_00004,moves,6.0
4414,textmapworld,agent_two_tools_qwen3,small,episode_00004,valid_moves,6.0
4415,textmapworld,agent_two_tools_qwen3,small,episode_00004,invalid_moves,0.0
4416,textmapworld,agent_two_tools_qwen3,small,episode_00004,stopped,1.0
4417,textmapworld,agent_two_tools_qwen3,small,episode_00004,turns_limit,0.0
4418,textmapworld,agent_two_tools_qwen3,small,episode_00004,loops,0.0
4419,textmapworld,agent_two_tools_qwen3,small,episode_00004,number_visited,4.0
4420,textmapworld,agent_two_tools_qwen3,small,episode_00004,seen,4.0
4421,textmapworld,agent_two_tools_qwen3,small,episode_00004,efficiency,50.0
4422,textmapworld,agent_two_tools_qwen3,small,episode_00004,exploration,100.0
4423,textmapworld,agent_two_tools_qwen3,small,episode_00004,Main Score,66.66666666666667
4424,textmapworld,agent_two_tools_qwen3,small,episode_00005,Success,1.0
4425,textmapworld,agent_two_tools_qwen3,small,episode_00005,Aborted,0.0
4426,textmapworld,agent_two_tools_qwen3,small,episode_00005,Lose,0.0
4427,textmapworld,agent_two_tools_qwen3,small,episode_00005,moves,6.0
4428,textmapworld,agent_two_tools_qwen3,small,episode_00005,valid_moves,6.0
4429,textmapworld,agent_two_tools_qwen3,small,episode_00005,invalid_moves,0.0
4430,textmapworld,agent_two_tools_qwen3,small,episode_00005,stopped,1.0
4431,textmapworld,agent_two_tools_qwen3,small,episode_00005,turns_limit,0.0
4432,textmapworld,agent_two_tools_qwen3,small,episode_00005,loops,0.0
4433,textmapworld,agent_two_tools_qwen3,small,episode_00005,number_visited,4.0
4434,textmapworld,agent_two_tools_qwen3,small,episode_00005,seen,4.0
4435,textmapworld,agent_two_tools_qwen3,small,episode_00005,efficiency,50.0
4436,textmapworld,agent_two_tools_qwen3,small,episode_00005,exploration,100.0
4437,textmapworld,agent_two_tools_qwen3,small,episode_00005,Main Score,66.66666666666667
4438,textmapworld,agent_two_tools_qwen3,small,episode_00006,Success,0.0
4439,textmapworld,agent_two_tools_qwen3,small,episode_00006,Aborted,0.0
4440,textmapworld,agent_two_tools_qwen3,small,episode_00006,Lose,1.0
4441,textmapworld,agent_two_tools_qwen3,small,episode_00006,moves,2.0
4442,textmapworld,agent_two_tools_qwen3,small,episode_00006,valid_moves,2.0
4443,textmapworld,agent_two_tools_qwen3,small,episode_00006,invalid_moves,0.0
4444,textmapworld,agent_two_tools_qwen3,small,episode_00006,stopped,1.0
4445,textmapworld,agent_two_tools_qwen3,small,episode_00006,turns_limit,0.0
4446,textmapworld,agent_two_tools_qwen3,small,episode_00006,loops,0.0
4447,textmapworld,agent_two_tools_qwen3,small,episode_00006,number_visited,2.0
4448,textmapworld,agent_two_tools_qwen3,small,episode_00006,seen,3.0
4449,textmapworld,agent_two_tools_qwen3,small,episode_00006,efficiency,100.0
4450,textmapworld,agent_two_tools_qwen3,small,episode_00006,exploration,50.0
4451,textmapworld,agent_two_tools_qwen3,small,episode_00006,Main Score,66.66666666666667
4452,textmapworld,agent_two_tools_qwen3,small,episode_00007,Success,0.0
4453,textmapworld,agent_two_tools_qwen3,small,episode_00007,Aborted,0.0
4454,textmapworld,agent_two_tools_qwen3,small,episode_00007,Lose,1.0
4455,textmapworld,agent_two_tools_qwen3,small,episode_00007,moves,2.0
4456,textmapworld,agent_two_tools_qwen3,small,episode_00007,valid_moves,2.0
4457,textmapworld,agent_two_tools_qwen3,small,episode_00007,invalid_moves,0.0
4458,textmapworld,agent_two_tools_qwen3,small,episode_00007,stopped,1.0
4459,textmapworld,agent_two_tools_qwen3,small,episode_00007,turns_limit,0.0
4460,textmapworld,agent_two_tools_qwen3,small,episode_00007,loops,0.0
4461,textmapworld,agent_two_tools_qwen3,small,episode_00007,number_visited,2.0
4462,textmapworld,agent_two_tools_qwen3,small,episode_00007,seen,3.0
4463,textmapworld,agent_two_tools_qwen3,small,episode_00007,efficiency,50.0
4464,textmapworld,agent_two_tools_qwen3,small,episode_00007,exploration,50.0
4465,textmapworld,agent_two_tools_qwen3,small,episode_00007,Main Score,50.0
4466,textmapworld,agent_two_tools_qwen3,small,episode_00008,Success,1.0
4467,textmapworld,agent_two_tools_qwen3,small,episode_00008,Aborted,0.0
4468,textmapworld,agent_two_tools_qwen3,small,episode_00008,Lose,0.0
4469,textmapworld,agent_two_tools_qwen3,small,episode_00008,moves,6.0
4470,textmapworld,agent_two_tools_qwen3,small,episode_00008,valid_moves,6.0
4471,textmapworld,agent_two_tools_qwen3,small,episode_00008,invalid_moves,0.0
4472,textmapworld,agent_two_tools_qwen3,small,episode_00008,stopped,1.0
4473,textmapworld,agent_two_tools_qwen3,small,episode_00008,turns_limit,0.0
4474,textmapworld,agent_two_tools_qwen3,small,episode_00008,loops,0.0
4475,textmapworld,agent_two_tools_qwen3,small,episode_00008,number_visited,4.0
4476,textmapworld,agent_two_tools_qwen3,small,episode_00008,seen,4.0
4477,textmapworld,agent_two_tools_qwen3,small,episode_00008,efficiency,50.0
4478,textmapworld,agent_two_tools_qwen3,small,episode_00008,exploration,100.0
4479,textmapworld,agent_two_tools_qwen3,small,episode_00008,Main Score,66.66666666666667
4480,textmapworld,agent_two_tools_qwen3,small,episode_00009,Success,0.0
4481,textmapworld,agent_two_tools_qwen3,small,episode_00009,Aborted,0.0
4482,textmapworld,agent_two_tools_qwen3,small,episode_00009,Lose,1.0
4483,textmapworld,agent_two_tools_qwen3,small,episode_00009,moves,2.0
4484,textmapworld,agent_two_tools_qwen3,small,episode_00009,valid_moves,2.0
4485,textmapworld,agent_two_tools_qwen3,small,episode_00009,invalid_moves,0.0
4486,textmapworld,agent_two_tools_qwen3,small,episode_00009,stopped,1.0
4487,textmapworld,agent_two_tools_qwen3,small,episode_00009,turns_limit,0.0
4488,textmapworld,agent_two_tools_qwen3,small,episode_00009,loops,0.0
4489,textmapworld,agent_two_tools_qwen3,small,episode_00009,number_visited,2.0
4490,textmapworld,agent_two_tools_qwen3,small,episode_00009,seen,3.0
4491,textmapworld,agent_two_tools_qwen3,small,episode_00009,efficiency,100.0
4492,textmapworld,agent_two_tools_qwen3,small,episode_00009,exploration,50.0
4493,textmapworld,agent_two_tools_qwen3,small,episode_00009,Main Score,66.66666666666667
4494,textmapworld,agent_two_tools_qwen3,small,episode_00010,Success,1.0
4495,textmapworld,agent_two_tools_qwen3,small,episode_00010,Aborted,0.0
4496,textmapworld,agent_two_tools_qwen3,small,episode_00010,Lose,0.0
4497,textmapworld,agent_two_tools_qwen3,small,episode_00010,moves,6.0
4498,textmapworld,agent_two_tools_qwen3,small,episode_00010,valid_moves,6.0
4499,textmapworld,agent_two_tools_qwen3,small,episode_00010,invalid_moves,0.0
4500,textmapworld,agent_two_tools_qwen3,small,episode_00010,stopped,1.0
4501,textmapworld,agent_two_tools_qwen3,small,episode_00010,turns_limit,0.0
4502,textmapworld,agent_two_tools_qwen3,small,episode_00010,loops,0.0
4503,textmapworld,agent_two_tools_qwen3,small,episode_00010,number_visited,4.0
4504,textmapworld,agent_two_tools_qwen3,small,episode_00010,seen,4.0
4505,textmapworld,agent_two_tools_qwen3,small,episode_00010,efficiency,66.66666666666666
4506,textmapworld,agent_two_tools_qwen3,small,episode_00010,exploration,100.0
4507,textmapworld,agent_two_tools_qwen3,small,episode_00010,Main Score,80.0
4508,referencegame,baseline_gpt20boss,letter_grids,episode_00002,Generated Expression Length,145.0
4509,referencegame,baseline_gpt20boss,letter_grids,episode_00002,Generated Expression Number of Tokens,26.0
4510,referencegame,baseline_gpt20boss,letter_grids,episode_00002,Aborted at Player 1,0.0
4511,referencegame,baseline_gpt20boss,letter_grids,episode_00002,Aborted at Player 2,0.0
4512,referencegame,baseline_gpt20boss,letter_grids,episode_00002,Request Count,2.0
4513,referencegame,baseline_gpt20boss,letter_grids,episode_00002,Parsed Request Count,2.0
4514,referencegame,baseline_gpt20boss,letter_grids,episode_00002,Violated Request Count,0.0
4515,referencegame,baseline_gpt20boss,letter_grids,episode_00002,Aborted,0.0
4516,referencegame,baseline_gpt20boss,letter_grids,episode_00002,Success,1.0
4517,referencegame,baseline_gpt20boss,letter_grids,episode_00002,Lose,0.0
4518,referencegame,baseline_gpt20boss,letter_grids,episode_00002,Main Score,100.0
4519,referencegame,baseline_gpt20boss,letter_grids,episode_00002,Request Success Ratio,1.0
4520,referencegame,baseline_gpt20boss,letter_grids,episode_00003,Generated Expression Length,138.0
4521,referencegame,baseline_gpt20boss,letter_grids,episode_00003,Generated Expression Number of Tokens,26.0
4522,referencegame,baseline_gpt20boss,letter_grids,episode_00003,Aborted at Player 1,0.0
4523,referencegame,baseline_gpt20boss,letter_grids,episode_00003,Aborted at Player 2,0.0
4524,referencegame,baseline_gpt20boss,letter_grids,episode_00003,Request Count,2.0
4525,referencegame,baseline_gpt20boss,letter_grids,episode_00003,Parsed Request Count,2.0
4526,referencegame,baseline_gpt20boss,letter_grids,episode_00003,Violated Request Count,0.0
4527,referencegame,baseline_gpt20boss,letter_grids,episode_00003,Aborted,0.0
4528,referencegame,baseline_gpt20boss,letter_grids,episode_00003,Success,1.0
4529,referencegame,baseline_gpt20boss,letter_grids,episode_00003,Lose,0.0
4530,referencegame,baseline_gpt20boss,letter_grids,episode_00003,Main Score,100.0
4531,referencegame,baseline_gpt20boss,letter_grids,episode_00003,Request Success Ratio,1.0
4532,referencegame,baseline_gpt20boss,letter_grids,episode_00004,Generated Expression Length,157.0
4533,referencegame,baseline_gpt20boss,letter_grids,episode_00004,Generated Expression Number of Tokens,30.0
4534,referencegame,baseline_gpt20boss,letter_grids,episode_00004,Aborted at Player 1,0.0
4535,referencegame,baseline_gpt20boss,letter_grids,episode_00004,Aborted at Player 2,0.0
4536,referencegame,baseline_gpt20boss,letter_grids,episode_00004,Request Count,2.0
4537,referencegame,baseline_gpt20boss,letter_grids,episode_00004,Parsed Request Count,2.0
4538,referencegame,baseline_gpt20boss,letter_grids,episode_00004,Violated Request Count,0.0
4539,referencegame,baseline_gpt20boss,letter_grids,episode_00004,Aborted,0.0
4540,referencegame,baseline_gpt20boss,letter_grids,episode_00004,Success,1.0
4541,referencegame,baseline_gpt20boss,letter_grids,episode_00004,Lose,0.0
4542,referencegame,baseline_gpt20boss,letter_grids,episode_00004,Main Score,100.0
4543,referencegame,baseline_gpt20boss,letter_grids,episode_00004,Request Success Ratio,1.0
4544,referencegame,baseline_gpt20boss,letter_grids,episode_00005,Generated Expression Length,119.0
4545,referencegame,baseline_gpt20boss,letter_grids,episode_00005,Generated Expression Number of Tokens,22.0
4546,referencegame,baseline_gpt20boss,letter_grids,episode_00005,Aborted at Player 1,0.0
4547,referencegame,baseline_gpt20boss,letter_grids,episode_00005,Aborted at Player 2,0.0
4548,referencegame,baseline_gpt20boss,letter_grids,episode_00005,Request Count,2.0
4549,referencegame,baseline_gpt20boss,letter_grids,episode_00005,Parsed Request Count,2.0
4550,referencegame,baseline_gpt20boss,letter_grids,episode_00005,Violated Request Count,0.0
4551,referencegame,baseline_gpt20boss,letter_grids,episode_00005,Aborted,0.0
4552,referencegame,baseline_gpt20boss,letter_grids,episode_00005,Success,1.0
4553,referencegame,baseline_gpt20boss,letter_grids,episode_00005,Lose,0.0
4554,referencegame,baseline_gpt20boss,letter_grids,episode_00005,Main Score,100.0
4555,referencegame,baseline_gpt20boss,letter_grids,episode_00005,Request Success Ratio,1.0
4556,referencegame,baseline_gpt20boss,line_grids_columns,episode_00016,Generated Expression Length,134.0
4557,referencegame,baseline_gpt20boss,line_grids_columns,episode_00016,Generated Expression Number of Tokens,26.0
4558,referencegame,baseline_gpt20boss,line_grids_columns,episode_00016,Aborted at Player 1,0.0
4559,referencegame,baseline_gpt20boss,line_grids_columns,episode_00016,Aborted at Player 2,0.0
4560,referencegame,baseline_gpt20boss,line_grids_columns,episode_00016,Request Count,2.0
4561,referencegame,baseline_gpt20boss,line_grids_columns,episode_00016,Parsed Request Count,2.0
4562,referencegame,baseline_gpt20boss,line_grids_columns,episode_00016,Violated Request Count,0.0
4563,referencegame,baseline_gpt20boss,line_grids_columns,episode_00016,Aborted,0.0
4564,referencegame,baseline_gpt20boss,line_grids_columns,episode_00016,Success,1.0
4565,referencegame,baseline_gpt20boss,line_grids_columns,episode_00016,Lose,0.0
4566,referencegame,baseline_gpt20boss,line_grids_columns,episode_00016,Main Score,100.0
4567,referencegame,baseline_gpt20boss,line_grids_columns,episode_00016,Request Success Ratio,1.0
4568,referencegame,baseline_gpt20boss,line_grids_columns,episode_00017,Generated Expression Length,93.0
4569,referencegame,baseline_gpt20boss,line_grids_columns,episode_00017,Generated Expression Number of Tokens,17.0
4570,referencegame,baseline_gpt20boss,line_grids_columns,episode_00017,Aborted at Player 1,0.0
4571,referencegame,baseline_gpt20boss,line_grids_columns,episode_00017,Aborted at Player 2,0.0
4572,referencegame,baseline_gpt20boss,line_grids_columns,episode_00017,Request Count,2.0
4573,referencegame,baseline_gpt20boss,line_grids_columns,episode_00017,Parsed Request Count,2.0
4574,referencegame,baseline_gpt20boss,line_grids_columns,episode_00017,Violated Request Count,0.0
4575,referencegame,baseline_gpt20boss,line_grids_columns,episode_00017,Aborted,0.0
4576,referencegame,baseline_gpt20boss,line_grids_columns,episode_00017,Success,1.0
4577,referencegame,baseline_gpt20boss,line_grids_columns,episode_00017,Lose,0.0
4578,referencegame,baseline_gpt20boss,line_grids_columns,episode_00017,Main Score,100.0
4579,referencegame,baseline_gpt20boss,line_grids_columns,episode_00017,Request Success Ratio,1.0
4580,referencegame,baseline_gpt20boss,line_grids_columns,episode_00018,Generated Expression Length,129.0
4581,referencegame,baseline_gpt20boss,line_grids_columns,episode_00018,Generated Expression Number of Tokens,24.0
4582,referencegame,baseline_gpt20boss,line_grids_columns,episode_00018,Aborted at Player 1,0.0
4583,referencegame,baseline_gpt20boss,line_grids_columns,episode_00018,Aborted at Player 2,0.0
4584,referencegame,baseline_gpt20boss,line_grids_columns,episode_00018,Request Count,2.0
4585,referencegame,baseline_gpt20boss,line_grids_columns,episode_00018,Parsed Request Count,2.0
4586,referencegame,baseline_gpt20boss,line_grids_columns,episode_00018,Violated Request Count,0.0
4587,referencegame,baseline_gpt20boss,line_grids_columns,episode_00018,Aborted,0.0
4588,referencegame,baseline_gpt20boss,line_grids_columns,episode_00018,Success,0.0
4589,referencegame,baseline_gpt20boss,line_grids_columns,episode_00018,Lose,1.0
4590,referencegame,baseline_gpt20boss,line_grids_columns,episode_00018,Main Score,0.0
4591,referencegame,baseline_gpt20boss,line_grids_columns,episode_00018,Request Success Ratio,1.0
4592,referencegame,baseline_gpt20boss,line_grids_columns,episode_00019,Generated Expression Length,79.0
4593,referencegame,baseline_gpt20boss,line_grids_columns,episode_00019,Generated Expression Number of Tokens,17.0
4594,referencegame,baseline_gpt20boss,line_grids_columns,episode_00019,Aborted at Player 1,0.0
4595,referencegame,baseline_gpt20boss,line_grids_columns,episode_00019,Aborted at Player 2,0.0
4596,referencegame,baseline_gpt20boss,line_grids_columns,episode_00019,Request Count,2.0
4597,referencegame,baseline_gpt20boss,line_grids_columns,episode_00019,Parsed Request Count,2.0
4598,referencegame,baseline_gpt20boss,line_grids_columns,episode_00019,Violated Request Count,0.0
4599,referencegame,baseline_gpt20boss,line_grids_columns,episode_00019,Aborted,0.0
4600,referencegame,baseline_gpt20boss,line_grids_columns,episode_00019,Success,0.0
4601,referencegame,baseline_gpt20boss,line_grids_columns,episode_00019,Lose,1.0
4602,referencegame,baseline_gpt20boss,line_grids_columns,episode_00019,Main Score,0.0
4603,referencegame,baseline_gpt20boss,line_grids_columns,episode_00019,Request Success Ratio,1.0
4604,referencegame,baseline_gpt20boss,line_grids_columns,episode_00020,Generated Expression Length,79.0
4605,referencegame,baseline_gpt20boss,line_grids_columns,episode_00020,Generated Expression Number of Tokens,17.0
4606,referencegame,baseline_gpt20boss,line_grids_columns,episode_00020,Aborted at Player 1,0.0
4607,referencegame,baseline_gpt20boss,line_grids_columns,episode_00020,Aborted at Player 2,0.0
4608,referencegame,baseline_gpt20boss,line_grids_columns,episode_00020,Request Count,2.0
4609,referencegame,baseline_gpt20boss,line_grids_columns,episode_00020,Parsed Request Count,2.0
4610,referencegame,baseline_gpt20boss,line_grids_columns,episode_00020,Violated Request Count,0.0
4611,referencegame,baseline_gpt20boss,line_grids_columns,episode_00020,Aborted,0.0
4612,referencegame,baseline_gpt20boss,line_grids_columns,episode_00020,Success,1.0
4613,referencegame,baseline_gpt20boss,line_grids_columns,episode_00020,Lose,0.0
4614,referencegame,baseline_gpt20boss,line_grids_columns,episode_00020,Main Score,100.0
4615,referencegame,baseline_gpt20boss,line_grids_columns,episode_00020,Request Success Ratio,1.0
4616,referencegame,baseline_gpt20boss,line_grids_rows,episode_00011,Generated Expression Length,71.0
4617,referencegame,baseline_gpt20boss,line_grids_rows,episode_00011,Generated Expression Number of Tokens,14.0
4618,referencegame,baseline_gpt20boss,line_grids_rows,episode_00011,Aborted at Player 1,0.0
4619,referencegame,baseline_gpt20boss,line_grids_rows,episode_00011,Aborted at Player 2,0.0
4620,referencegame,baseline_gpt20boss,line_grids_rows,episode_00011,Request Count,2.0
4621,referencegame,baseline_gpt20boss,line_grids_rows,episode_00011,Parsed Request Count,2.0
4622,referencegame,baseline_gpt20boss,line_grids_rows,episode_00011,Violated Request Count,0.0
4623,referencegame,baseline_gpt20boss,line_grids_rows,episode_00011,Aborted,0.0
4624,referencegame,baseline_gpt20boss,line_grids_rows,episode_00011,Success,1.0
4625,referencegame,baseline_gpt20boss,line_grids_rows,episode_00011,Lose,0.0
4626,referencegame,baseline_gpt20boss,line_grids_rows,episode_00011,Main Score,100.0
4627,referencegame,baseline_gpt20boss,line_grids_rows,episode_00011,Request Success Ratio,1.0
4628,referencegame,baseline_gpt20boss,line_grids_rows,episode_00012,Generated Expression Length,71.0
4629,referencegame,baseline_gpt20boss,line_grids_rows,episode_00012,Generated Expression Number of Tokens,14.0
4630,referencegame,baseline_gpt20boss,line_grids_rows,episode_00012,Aborted at Player 1,0.0
4631,referencegame,baseline_gpt20boss,line_grids_rows,episode_00012,Aborted at Player 2,0.0
4632,referencegame,baseline_gpt20boss,line_grids_rows,episode_00012,Request Count,2.0
4633,referencegame,baseline_gpt20boss,line_grids_rows,episode_00012,Parsed Request Count,2.0
4634,referencegame,baseline_gpt20boss,line_grids_rows,episode_00012,Violated Request Count,0.0
4635,referencegame,baseline_gpt20boss,line_grids_rows,episode_00012,Aborted,0.0
4636,referencegame,baseline_gpt20boss,line_grids_rows,episode_00012,Success,1.0
4637,referencegame,baseline_gpt20boss,line_grids_rows,episode_00012,Lose,0.0
4638,referencegame,baseline_gpt20boss,line_grids_rows,episode_00012,Main Score,100.0
4639,referencegame,baseline_gpt20boss,line_grids_rows,episode_00012,Request Success Ratio,1.0
4640,referencegame,baseline_gpt20boss,line_grids_rows,episode_00013,Generated Expression Length,71.0
4641,referencegame,baseline_gpt20boss,line_grids_rows,episode_00013,Generated Expression Number of Tokens,14.0
4642,referencegame,baseline_gpt20boss,line_grids_rows,episode_00013,Aborted at Player 1,0.0
4643,referencegame,baseline_gpt20boss,line_grids_rows,episode_00013,Aborted at Player 2,0.0
4644,referencegame,baseline_gpt20boss,line_grids_rows,episode_00013,Request Count,2.0
4645,referencegame,baseline_gpt20boss,line_grids_rows,episode_00013,Parsed Request Count,2.0
4646,referencegame,baseline_gpt20boss,line_grids_rows,episode_00013,Violated Request Count,0.0
4647,referencegame,baseline_gpt20boss,line_grids_rows,episode_00013,Aborted,0.0
4648,referencegame,baseline_gpt20boss,line_grids_rows,episode_00013,Success,1.0
4649,referencegame,baseline_gpt20boss,line_grids_rows,episode_00013,Lose,0.0
4650,referencegame,baseline_gpt20boss,line_grids_rows,episode_00013,Main Score,100.0
4651,referencegame,baseline_gpt20boss,line_grids_rows,episode_00013,Request Success Ratio,1.0
4652,referencegame,baseline_gpt20boss,line_grids_rows,episode_00014,Generated Expression Length,87.0
4653,referencegame,baseline_gpt20boss,line_grids_rows,episode_00014,Generated Expression Number of Tokens,15.0
4654,referencegame,baseline_gpt20boss,line_grids_rows,episode_00014,Aborted at Player 1,0.0
4655,referencegame,baseline_gpt20boss,line_grids_rows,episode_00014,Aborted at Player 2,0.0
4656,referencegame,baseline_gpt20boss,line_grids_rows,episode_00014,Request Count,2.0
4657,referencegame,baseline_gpt20boss,line_grids_rows,episode_00014,Parsed Request Count,2.0
4658,referencegame,baseline_gpt20boss,line_grids_rows,episode_00014,Violated Request Count,0.0
4659,referencegame,baseline_gpt20boss,line_grids_rows,episode_00014,Aborted,0.0
4660,referencegame,baseline_gpt20boss,line_grids_rows,episode_00014,Success,0.0
4661,referencegame,baseline_gpt20boss,line_grids_rows,episode_00014,Lose,1.0
4662,referencegame,baseline_gpt20boss,line_grids_rows,episode_00014,Main Score,0.0
4663,referencegame,baseline_gpt20boss,line_grids_rows,episode_00014,Request Success Ratio,1.0
4664,referencegame,baseline_gpt20boss,line_grids_rows,episode_00015,Generated Expression Length,89.0
4665,referencegame,baseline_gpt20boss,line_grids_rows,episode_00015,Generated Expression Number of Tokens,16.0
4666,referencegame,baseline_gpt20boss,line_grids_rows,episode_00015,Aborted at Player 1,0.0
4667,referencegame,baseline_gpt20boss,line_grids_rows,episode_00015,Aborted at Player 2,0.0
4668,referencegame,baseline_gpt20boss,line_grids_rows,episode_00015,Request Count,2.0
4669,referencegame,baseline_gpt20boss,line_grids_rows,episode_00015,Parsed Request Count,2.0
4670,referencegame,baseline_gpt20boss,line_grids_rows,episode_00015,Violated Request Count,0.0
4671,referencegame,baseline_gpt20boss,line_grids_rows,episode_00015,Aborted,0.0
4672,referencegame,baseline_gpt20boss,line_grids_rows,episode_00015,Success,1.0
4673,referencegame,baseline_gpt20boss,line_grids_rows,episode_00015,Lose,0.0
4674,referencegame,baseline_gpt20boss,line_grids_rows,episode_00015,Main Score,100.0
4675,referencegame,baseline_gpt20boss,line_grids_rows,episode_00015,Request Success Ratio,1.0
4676,referencegame,baseline_gpt20boss,number_grids,episode_00006,Generated Expression Length,188.0
4677,referencegame,baseline_gpt20boss,number_grids,episode_00006,Generated Expression Number of Tokens,36.0
4678,referencegame,baseline_gpt20boss,number_grids,episode_00006,Aborted at Player 1,0.0
4679,referencegame,baseline_gpt20boss,number_grids,episode_00006,Aborted at Player 2,0.0
4680,referencegame,baseline_gpt20boss,number_grids,episode_00006,Request Count,2.0
4681,referencegame,baseline_gpt20boss,number_grids,episode_00006,Parsed Request Count,2.0
4682,referencegame,baseline_gpt20boss,number_grids,episode_00006,Violated Request Count,0.0
4683,referencegame,baseline_gpt20boss,number_grids,episode_00006,Aborted,0.0
4684,referencegame,baseline_gpt20boss,number_grids,episode_00006,Success,1.0
4685,referencegame,baseline_gpt20boss,number_grids,episode_00006,Lose,0.0
4686,referencegame,baseline_gpt20boss,number_grids,episode_00006,Main Score,100.0
4687,referencegame,baseline_gpt20boss,number_grids,episode_00006,Request Success Ratio,1.0
4688,referencegame,baseline_gpt20boss,number_grids,episode_00007,Generated Expression Length,188.0
4689,referencegame,baseline_gpt20boss,number_grids,episode_00007,Generated Expression Number of Tokens,36.0
4690,referencegame,baseline_gpt20boss,number_grids,episode_00007,Aborted at Player 1,0.0
4691,referencegame,baseline_gpt20boss,number_grids,episode_00007,Aborted at Player 2,1.0
4692,referencegame,baseline_gpt20boss,number_grids,episode_00007,Request Count,2.0
4693,referencegame,baseline_gpt20boss,number_grids,episode_00007,Parsed Request Count,1.0
4694,referencegame,baseline_gpt20boss,number_grids,episode_00007,Violated Request Count,1.0
4695,referencegame,baseline_gpt20boss,number_grids,episode_00007,Aborted,1.0
4696,referencegame,baseline_gpt20boss,number_grids,episode_00007,Success,
4697,referencegame,baseline_gpt20boss,number_grids,episode_00007,Lose,
4698,referencegame,baseline_gpt20boss,number_grids,episode_00007,Main Score,
4699,referencegame,baseline_gpt20boss,number_grids,episode_00007,Request Success Ratio,0.5
4700,referencegame,baseline_gpt20boss,number_grids,episode_00008,Generated Expression Length,165.0
4701,referencegame,baseline_gpt20boss,number_grids,episode_00008,Generated Expression Number of Tokens,29.0
4702,referencegame,baseline_gpt20boss,number_grids,episode_00008,Aborted at Player 1,0.0
4703,referencegame,baseline_gpt20boss,number_grids,episode_00008,Aborted at Player 2,0.0
4704,referencegame,baseline_gpt20boss,number_grids,episode_00008,Request Count,2.0
4705,referencegame,baseline_gpt20boss,number_grids,episode_00008,Parsed Request Count,2.0
4706,referencegame,baseline_gpt20boss,number_grids,episode_00008,Violated Request Count,0.0
4707,referencegame,baseline_gpt20boss,number_grids,episode_00008,Aborted,0.0
4708,referencegame,baseline_gpt20boss,number_grids,episode_00008,Success,0.0
4709,referencegame,baseline_gpt20boss,number_grids,episode_00008,Lose,1.0
4710,referencegame,baseline_gpt20boss,number_grids,episode_00008,Main Score,0.0
4711,referencegame,baseline_gpt20boss,number_grids,episode_00008,Request Success Ratio,1.0
4712,referencegame,baseline_gpt20boss,number_grids,episode_00009,Generated Expression Length,119.0
4713,referencegame,baseline_gpt20boss,number_grids,episode_00009,Generated Expression Number of Tokens,21.0
4714,referencegame,baseline_gpt20boss,number_grids,episode_00009,Aborted at Player 1,0.0
4715,referencegame,baseline_gpt20boss,number_grids,episode_00009,Aborted at Player 2,0.0
4716,referencegame,baseline_gpt20boss,number_grids,episode_00009,Request Count,2.0
4717,referencegame,baseline_gpt20boss,number_grids,episode_00009,Parsed Request Count,2.0
4718,referencegame,baseline_gpt20boss,number_grids,episode_00009,Violated Request Count,0.0
4719,referencegame,baseline_gpt20boss,number_grids,episode_00009,Aborted,0.0
4720,referencegame,baseline_gpt20boss,number_grids,episode_00009,Success,1.0
4721,referencegame,baseline_gpt20boss,number_grids,episode_00009,Lose,0.0
4722,referencegame,baseline_gpt20boss,number_grids,episode_00009,Main Score,100.0
4723,referencegame,baseline_gpt20boss,number_grids,episode_00009,Request Success Ratio,1.0
4724,referencegame,baseline_gpt20boss,number_grids,episode_00010,Generated Expression Length,78.0
4725,referencegame,baseline_gpt20boss,number_grids,episode_00010,Generated Expression Number of Tokens,17.0
4726,referencegame,baseline_gpt20boss,number_grids,episode_00010,Aborted at Player 1,0.0
4727,referencegame,baseline_gpt20boss,number_grids,episode_00010,Aborted at Player 2,0.0
4728,referencegame,baseline_gpt20boss,number_grids,episode_00010,Request Count,2.0
4729,referencegame,baseline_gpt20boss,number_grids,episode_00010,Parsed Request Count,2.0
4730,referencegame,baseline_gpt20boss,number_grids,episode_00010,Violated Request Count,0.0
4731,referencegame,baseline_gpt20boss,number_grids,episode_00010,Aborted,0.0
4732,referencegame,baseline_gpt20boss,number_grids,episode_00010,Success,1.0
4733,referencegame,baseline_gpt20boss,number_grids,episode_00010,Lose,0.0
4734,referencegame,baseline_gpt20boss,number_grids,episode_00010,Main Score,100.0
4735,referencegame,baseline_gpt20boss,number_grids,episode_00010,Request Success Ratio,1.0
4736,referencegame,baseline_gpt20boss,random_grids,episode_00021,Generated Expression Length,84.0
4737,referencegame,baseline_gpt20boss,random_grids,episode_00021,Generated Expression Number of Tokens,17.0
4738,referencegame,baseline_gpt20boss,random_grids,episode_00021,Aborted at Player 1,0.0
4739,referencegame,baseline_gpt20boss,random_grids,episode_00021,Aborted at Player 2,0.0
4740,referencegame,baseline_gpt20boss,random_grids,episode_00021,Request Count,2.0
4741,referencegame,baseline_gpt20boss,random_grids,episode_00021,Parsed Request Count,2.0
4742,referencegame,baseline_gpt20boss,random_grids,episode_00021,Violated Request Count,0.0
4743,referencegame,baseline_gpt20boss,random_grids,episode_00021,Aborted,0.0
4744,referencegame,baseline_gpt20boss,random_grids,episode_00021,Success,1.0
4745,referencegame,baseline_gpt20boss,random_grids,episode_00021,Lose,0.0
4746,referencegame,baseline_gpt20boss,random_grids,episode_00021,Main Score,100.0
4747,referencegame,baseline_gpt20boss,random_grids,episode_00021,Request Success Ratio,1.0
4748,referencegame,baseline_gpt20boss,random_grids,episode_00022,Generated Expression Length,75.0
4749,referencegame,baseline_gpt20boss,random_grids,episode_00022,Generated Expression Number of Tokens,13.0
4750,referencegame,baseline_gpt20boss,random_grids,episode_00022,Aborted at Player 1,0.0
4751,referencegame,baseline_gpt20boss,random_grids,episode_00022,Aborted at Player 2,0.0
4752,referencegame,baseline_gpt20boss,random_grids,episode_00022,Request Count,2.0
4753,referencegame,baseline_gpt20boss,random_grids,episode_00022,Parsed Request Count,2.0
4754,referencegame,baseline_gpt20boss,random_grids,episode_00022,Violated Request Count,0.0
4755,referencegame,baseline_gpt20boss,random_grids,episode_00022,Aborted,0.0
4756,referencegame,baseline_gpt20boss,random_grids,episode_00022,Success,1.0
4757,referencegame,baseline_gpt20boss,random_grids,episode_00022,Lose,0.0
4758,referencegame,baseline_gpt20boss,random_grids,episode_00022,Main Score,100.0
4759,referencegame,baseline_gpt20boss,random_grids,episode_00022,Request Success Ratio,1.0
4760,referencegame,baseline_gpt20boss,random_grids,episode_00023,Generated Expression Length,81.0
4761,referencegame,baseline_gpt20boss,random_grids,episode_00023,Generated Expression Number of Tokens,14.0
4762,referencegame,baseline_gpt20boss,random_grids,episode_00023,Aborted at Player 1,0.0
4763,referencegame,baseline_gpt20boss,random_grids,episode_00023,Aborted at Player 2,0.0
4764,referencegame,baseline_gpt20boss,random_grids,episode_00023,Request Count,2.0
4765,referencegame,baseline_gpt20boss,random_grids,episode_00023,Parsed Request Count,2.0
4766,referencegame,baseline_gpt20boss,random_grids,episode_00023,Violated Request Count,0.0
4767,referencegame,baseline_gpt20boss,random_grids,episode_00023,Aborted,0.0
4768,referencegame,baseline_gpt20boss,random_grids,episode_00023,Success,1.0
4769,referencegame,baseline_gpt20boss,random_grids,episode_00023,Lose,0.0
4770,referencegame,baseline_gpt20boss,random_grids,episode_00023,Main Score,100.0
4771,referencegame,baseline_gpt20boss,random_grids,episode_00023,Request Success Ratio,1.0
4772,referencegame,baseline_gpt20boss,random_grids,episode_00024,Generated Expression Length,84.0
4773,referencegame,baseline_gpt20boss,random_grids,episode_00024,Generated Expression Number of Tokens,17.0
4774,referencegame,baseline_gpt20boss,random_grids,episode_00024,Aborted at Player 1,0.0
4775,referencegame,baseline_gpt20boss,random_grids,episode_00024,Aborted at Player 2,0.0
4776,referencegame,baseline_gpt20boss,random_grids,episode_00024,Request Count,2.0
4777,referencegame,baseline_gpt20boss,random_grids,episode_00024,Parsed Request Count,2.0
4778,referencegame,baseline_gpt20boss,random_grids,episode_00024,Violated Request Count,0.0
4779,referencegame,baseline_gpt20boss,random_grids,episode_00024,Aborted,0.0
4780,referencegame,baseline_gpt20boss,random_grids,episode_00024,Success,1.0
4781,referencegame,baseline_gpt20boss,random_grids,episode_00024,Lose,0.0
4782,referencegame,baseline_gpt20boss,random_grids,episode_00024,Main Score,100.0
4783,referencegame,baseline_gpt20boss,random_grids,episode_00024,Request Success Ratio,1.0
4784,referencegame,baseline_gpt20boss,random_grids,episode_00025,Generated Expression Length,98.0
4785,referencegame,baseline_gpt20boss,random_grids,episode_00025,Generated Expression Number of Tokens,18.0
4786,referencegame,baseline_gpt20boss,random_grids,episode_00025,Aborted at Player 1,0.0
4787,referencegame,baseline_gpt20boss,random_grids,episode_00025,Aborted at Player 2,0.0
4788,referencegame,baseline_gpt20boss,random_grids,episode_00025,Request Count,2.0
4789,referencegame,baseline_gpt20boss,random_grids,episode_00025,Parsed Request Count,2.0
4790,referencegame,baseline_gpt20boss,random_grids,episode_00025,Violated Request Count,0.0
4791,referencegame,baseline_gpt20boss,random_grids,episode_00025,Aborted,0.0
4792,referencegame,baseline_gpt20boss,random_grids,episode_00025,Success,1.0
4793,referencegame,baseline_gpt20boss,random_grids,episode_00025,Lose,0.0
4794,referencegame,baseline_gpt20boss,random_grids,episode_00025,Main Score,100.0
4795,referencegame,baseline_gpt20boss,random_grids,episode_00025,Request Success Ratio,1.0
4796,taboo,baseline_gpt20boss,high_en,episode_00002,Violated Request Count,0.0
4797,taboo,baseline_gpt20boss,high_en,episode_00002,Parsed Request Count,3.0
4798,taboo,baseline_gpt20boss,high_en,episode_00002,Request Count,3.0
4799,taboo,baseline_gpt20boss,high_en,episode_00002,Request Success Ratio,1.0
4800,taboo,baseline_gpt20boss,high_en,episode_00002,Aborted,0.0
4801,taboo,baseline_gpt20boss,high_en,episode_00002,Success,0.0
4802,taboo,baseline_gpt20boss,high_en,episode_00002,Lose,1.0
4803,taboo,baseline_gpt20boss,high_en,episode_00002,Main Score,0.0
4804,taboo,baseline_gpt20boss,high_en,episode_00002,Repetition-Guesser,0.0
4805,taboo,baseline_gpt20boss,high_en,episode_00002,Repetition-Describer,0.0
4806,taboo,baseline_gpt20boss,high_en,episode_00003,Violated Request Count,0.0
4807,taboo,baseline_gpt20boss,high_en,episode_00003,Parsed Request Count,3.0
4808,taboo,baseline_gpt20boss,high_en,episode_00003,Request Count,3.0
4809,taboo,baseline_gpt20boss,high_en,episode_00003,Request Success Ratio,1.0
4810,taboo,baseline_gpt20boss,high_en,episode_00003,Aborted,0.0
4811,taboo,baseline_gpt20boss,high_en,episode_00003,Success,0.0
4812,taboo,baseline_gpt20boss,high_en,episode_00003,Lose,1.0
4813,taboo,baseline_gpt20boss,high_en,episode_00003,Main Score,0.0
4814,taboo,baseline_gpt20boss,high_en,episode_00003,Repetition-Guesser,0.0
4815,taboo,baseline_gpt20boss,high_en,episode_00003,Repetition-Describer,0.0
4816,taboo,baseline_gpt20boss,high_en,episode_00004,Violated Request Count,0.0
4817,taboo,baseline_gpt20boss,high_en,episode_00004,Parsed Request Count,3.0
4818,taboo,baseline_gpt20boss,high_en,episode_00004,Request Count,3.0
4819,taboo,baseline_gpt20boss,high_en,episode_00004,Request Success Ratio,1.0
4820,taboo,baseline_gpt20boss,high_en,episode_00004,Aborted,0.0
4821,taboo,baseline_gpt20boss,high_en,episode_00004,Success,0.0
4822,taboo,baseline_gpt20boss,high_en,episode_00004,Lose,1.0
4823,taboo,baseline_gpt20boss,high_en,episode_00004,Main Score,0.0
4824,taboo,baseline_gpt20boss,high_en,episode_00004,Repetition-Guesser,0.0
4825,taboo,baseline_gpt20boss,high_en,episode_00004,Repetition-Describer,0.0
4826,taboo,baseline_gpt20boss,high_en,episode_00005,Violated Request Count,0.0
4827,taboo,baseline_gpt20boss,high_en,episode_00005,Parsed Request Count,1.0
4828,taboo,baseline_gpt20boss,high_en,episode_00005,Request Count,1.0
4829,taboo,baseline_gpt20boss,high_en,episode_00005,Request Success Ratio,1.0
4830,taboo,baseline_gpt20boss,high_en,episode_00005,Aborted,0.0
4831,taboo,baseline_gpt20boss,high_en,episode_00005,Success,1.0
4832,taboo,baseline_gpt20boss,high_en,episode_00005,Lose,0.0
4833,taboo,baseline_gpt20boss,high_en,episode_00005,Main Score,100.0
4834,taboo,baseline_gpt20boss,high_en,episode_00005,Repetition-Guesser,0.0
4835,taboo,baseline_gpt20boss,high_en,episode_00005,Repetition-Describer,0.0
4836,taboo,baseline_gpt20boss,high_en,episode_00016,Violated Request Count,0.0
4837,taboo,baseline_gpt20boss,high_en,episode_00016,Parsed Request Count,3.0
4838,taboo,baseline_gpt20boss,high_en,episode_00016,Request Count,3.0
4839,taboo,baseline_gpt20boss,high_en,episode_00016,Request Success Ratio,1.0
4840,taboo,baseline_gpt20boss,high_en,episode_00016,Aborted,0.0
4841,taboo,baseline_gpt20boss,high_en,episode_00016,Success,0.0
4842,taboo,baseline_gpt20boss,high_en,episode_00016,Lose,1.0
4843,taboo,baseline_gpt20boss,high_en,episode_00016,Main Score,0.0
4844,taboo,baseline_gpt20boss,high_en,episode_00016,Repetition-Guesser,0.0
4845,taboo,baseline_gpt20boss,high_en,episode_00016,Repetition-Describer,0.0
4846,taboo,baseline_gpt20boss,low_en,episode_00011,Violated Request Count,1.0
4847,taboo,baseline_gpt20boss,low_en,episode_00011,Parsed Request Count,2.0
4848,taboo,baseline_gpt20boss,low_en,episode_00011,Request Count,3.0
4849,taboo,baseline_gpt20boss,low_en,episode_00011,Request Success Ratio,0.6666666666666666
4850,taboo,baseline_gpt20boss,low_en,episode_00011,Aborted,1.0
4851,taboo,baseline_gpt20boss,low_en,episode_00011,Success,0.0
4852,taboo,baseline_gpt20boss,low_en,episode_00011,Lose,0.0
4853,taboo,baseline_gpt20boss,low_en,episode_00011,Main Score,
4854,taboo,baseline_gpt20boss,low_en,episode_00011,Repetition-Guesser,0.0
4855,taboo,baseline_gpt20boss,low_en,episode_00011,Repetition-Describer,0.0
4856,taboo,baseline_gpt20boss,low_en,episode_00012,Violated Request Count,0.0
4857,taboo,baseline_gpt20boss,low_en,episode_00012,Parsed Request Count,3.0
4858,taboo,baseline_gpt20boss,low_en,episode_00012,Request Count,3.0
4859,taboo,baseline_gpt20boss,low_en,episode_00012,Request Success Ratio,1.0
4860,taboo,baseline_gpt20boss,low_en,episode_00012,Aborted,0.0
4861,taboo,baseline_gpt20boss,low_en,episode_00012,Success,0.0
4862,taboo,baseline_gpt20boss,low_en,episode_00012,Lose,1.0
4863,taboo,baseline_gpt20boss,low_en,episode_00012,Main Score,0.0
4864,taboo,baseline_gpt20boss,low_en,episode_00012,Repetition-Guesser,0.0
4865,taboo,baseline_gpt20boss,low_en,episode_00012,Repetition-Describer,0.0
4866,taboo,baseline_gpt20boss,low_en,episode_00013,Violated Request Count,0.0
4867,taboo,baseline_gpt20boss,low_en,episode_00013,Parsed Request Count,3.0
4868,taboo,baseline_gpt20boss,low_en,episode_00013,Request Count,3.0
4869,taboo,baseline_gpt20boss,low_en,episode_00013,Request Success Ratio,1.0
4870,taboo,baseline_gpt20boss,low_en,episode_00013,Aborted,0.0
4871,taboo,baseline_gpt20boss,low_en,episode_00013,Success,0.0
4872,taboo,baseline_gpt20boss,low_en,episode_00013,Lose,1.0
4873,taboo,baseline_gpt20boss,low_en,episode_00013,Main Score,0.0
4874,taboo,baseline_gpt20boss,low_en,episode_00013,Repetition-Guesser,0.0
4875,taboo,baseline_gpt20boss,low_en,episode_00013,Repetition-Describer,0.0
4876,taboo,baseline_gpt20boss,low_en,episode_00014,Violated Request Count,0.0
4877,taboo,baseline_gpt20boss,low_en,episode_00014,Parsed Request Count,1.0
4878,taboo,baseline_gpt20boss,low_en,episode_00014,Request Count,1.0
4879,taboo,baseline_gpt20boss,low_en,episode_00014,Request Success Ratio,1.0
4880,taboo,baseline_gpt20boss,low_en,episode_00014,Aborted,0.0
4881,taboo,baseline_gpt20boss,low_en,episode_00014,Success,1.0
4882,taboo,baseline_gpt20boss,low_en,episode_00014,Lose,0.0
4883,taboo,baseline_gpt20boss,low_en,episode_00014,Main Score,100.0
4884,taboo,baseline_gpt20boss,low_en,episode_00014,Repetition-Guesser,0.0
4885,taboo,baseline_gpt20boss,low_en,episode_00014,Repetition-Describer,0.0
4886,taboo,baseline_gpt20boss,low_en,episode_00015,Violated Request Count,0.0
4887,taboo,baseline_gpt20boss,low_en,episode_00015,Parsed Request Count,2.0
4888,taboo,baseline_gpt20boss,low_en,episode_00015,Request Count,2.0
4889,taboo,baseline_gpt20boss,low_en,episode_00015,Request Success Ratio,1.0
4890,taboo,baseline_gpt20boss,low_en,episode_00015,Aborted,0.0
4891,taboo,baseline_gpt20boss,low_en,episode_00015,Success,1.0
4892,taboo,baseline_gpt20boss,low_en,episode_00015,Lose,0.0
4893,taboo,baseline_gpt20boss,low_en,episode_00015,Main Score,50.0
4894,taboo,baseline_gpt20boss,low_en,episode_00015,Repetition-Guesser,0.0
4895,taboo,baseline_gpt20boss,low_en,episode_00015,Repetition-Describer,0.0
4896,taboo,baseline_gpt20boss,medium_en,episode_00006,Violated Request Count,1.0
4897,taboo,baseline_gpt20boss,medium_en,episode_00006,Parsed Request Count,0.0
4898,taboo,baseline_gpt20boss,medium_en,episode_00006,Request Count,1.0
4899,taboo,baseline_gpt20boss,medium_en,episode_00006,Request Success Ratio,0.0
4900,taboo,baseline_gpt20boss,medium_en,episode_00006,Aborted,1.0
4901,taboo,baseline_gpt20boss,medium_en,episode_00006,Success,0.0
4902,taboo,baseline_gpt20boss,medium_en,episode_00006,Lose,0.0
4903,taboo,baseline_gpt20boss,medium_en,episode_00006,Main Score,
4904,taboo,baseline_gpt20boss,medium_en,episode_00006,Repetition-Guesser,0.0
4905,taboo,baseline_gpt20boss,medium_en,episode_00006,Repetition-Describer,0.0
4906,taboo,baseline_gpt20boss,medium_en,episode_00007,Violated Request Count,0.0
4907,taboo,baseline_gpt20boss,medium_en,episode_00007,Parsed Request Count,1.0
4908,taboo,baseline_gpt20boss,medium_en,episode_00007,Request Count,1.0
4909,taboo,baseline_gpt20boss,medium_en,episode_00007,Request Success Ratio,1.0
4910,taboo,baseline_gpt20boss,medium_en,episode_00007,Aborted,0.0
4911,taboo,baseline_gpt20boss,medium_en,episode_00007,Success,1.0
4912,taboo,baseline_gpt20boss,medium_en,episode_00007,Lose,0.0
4913,taboo,baseline_gpt20boss,medium_en,episode_00007,Main Score,100.0
4914,taboo,baseline_gpt20boss,medium_en,episode_00007,Repetition-Guesser,0.0
4915,taboo,baseline_gpt20boss,medium_en,episode_00007,Repetition-Describer,0.0
4916,taboo,baseline_gpt20boss,medium_en,episode_00008,Violated Request Count,0.0
4917,taboo,baseline_gpt20boss,medium_en,episode_00008,Parsed Request Count,3.0
4918,taboo,baseline_gpt20boss,medium_en,episode_00008,Request Count,3.0
4919,taboo,baseline_gpt20boss,medium_en,episode_00008,Request Success Ratio,1.0
4920,taboo,baseline_gpt20boss,medium_en,episode_00008,Aborted,0.0
4921,taboo,baseline_gpt20boss,medium_en,episode_00008,Success,0.0
4922,taboo,baseline_gpt20boss,medium_en,episode_00008,Lose,1.0
4923,taboo,baseline_gpt20boss,medium_en,episode_00008,Main Score,0.0
4924,taboo,baseline_gpt20boss,medium_en,episode_00008,Repetition-Guesser,0.0
4925,taboo,baseline_gpt20boss,medium_en,episode_00008,Repetition-Describer,0.0
4926,taboo,baseline_gpt20boss,medium_en,episode_00009,Violated Request Count,1.0
4927,taboo,baseline_gpt20boss,medium_en,episode_00009,Parsed Request Count,2.0
4928,taboo,baseline_gpt20boss,medium_en,episode_00009,Request Count,3.0
4929,taboo,baseline_gpt20boss,medium_en,episode_00009,Request Success Ratio,0.6666666666666666
4930,taboo,baseline_gpt20boss,medium_en,episode_00009,Aborted,1.0
4931,taboo,baseline_gpt20boss,medium_en,episode_00009,Success,0.0
4932,taboo,baseline_gpt20boss,medium_en,episode_00009,Lose,0.0
4933,taboo,baseline_gpt20boss,medium_en,episode_00009,Main Score,
4934,taboo,baseline_gpt20boss,medium_en,episode_00009,Repetition-Guesser,0.0
4935,taboo,baseline_gpt20boss,medium_en,episode_00009,Repetition-Describer,0.0
4936,taboo,baseline_gpt20boss,medium_en,episode_00010,Violated Request Count,0.0
4937,taboo,baseline_gpt20boss,medium_en,episode_00010,Parsed Request Count,1.0
4938,taboo,baseline_gpt20boss,medium_en,episode_00010,Request Count,1.0
4939,taboo,baseline_gpt20boss,medium_en,episode_00010,Request Success Ratio,1.0
4940,taboo,baseline_gpt20boss,medium_en,episode_00010,Aborted,0.0
4941,taboo,baseline_gpt20boss,medium_en,episode_00010,Success,1.0
4942,taboo,baseline_gpt20boss,medium_en,episode_00010,Lose,0.0
4943,taboo,baseline_gpt20boss,medium_en,episode_00010,Main Score,100.0
4944,taboo,baseline_gpt20boss,medium_en,episode_00010,Repetition-Guesser,0.0
4945,taboo,baseline_gpt20boss,medium_en,episode_00010,Repetition-Describer,0.0
4946,textmapworld,baseline_gpt20boss,large,episode_00021,Aborted,1.0
4947,textmapworld,baseline_gpt20boss,large,episode_00021,Success,0.0
4948,textmapworld,baseline_gpt20boss,large,episode_00021,Lose,0.0
4949,textmapworld,baseline_gpt20boss,large,episode_00021,moves,
4950,textmapworld,baseline_gpt20boss,large,episode_00021,valid_moves,
4951,textmapworld,baseline_gpt20boss,large,episode_00021,invalid_moves,
4952,textmapworld,baseline_gpt20boss,large,episode_00021,stopped,
4953,textmapworld,baseline_gpt20boss,large,episode_00021,turns_limit,
4954,textmapworld,baseline_gpt20boss,large,episode_00021,loops,
4955,textmapworld,baseline_gpt20boss,large,episode_00021,number_visited,
4956,textmapworld,baseline_gpt20boss,large,episode_00021,seen,
4957,textmapworld,baseline_gpt20boss,large,episode_00021,efficiency,
4958,textmapworld,baseline_gpt20boss,large,episode_00021,exploration,
4959,textmapworld,baseline_gpt20boss,large,episode_00021,Main Score,
4960,textmapworld,baseline_gpt20boss,large,episode_00022,Success,0.0
4961,textmapworld,baseline_gpt20boss,large,episode_00022,Aborted,0.0
4962,textmapworld,baseline_gpt20boss,large,episode_00022,Lose,1.0
4963,textmapworld,baseline_gpt20boss,large,episode_00022,moves,6.0
4964,textmapworld,baseline_gpt20boss,large,episode_00022,valid_moves,6.0
4965,textmapworld,baseline_gpt20boss,large,episode_00022,invalid_moves,0.0
4966,textmapworld,baseline_gpt20boss,large,episode_00022,stopped,1.0
4967,textmapworld,baseline_gpt20boss,large,episode_00022,turns_limit,0.0
4968,textmapworld,baseline_gpt20boss,large,episode_00022,loops,0.0
4969,textmapworld,baseline_gpt20boss,large,episode_00022,number_visited,5.0
4970,textmapworld,baseline_gpt20boss,large,episode_00022,seen,6.0
4971,textmapworld,baseline_gpt20boss,large,episode_00022,efficiency,100.0
4972,textmapworld,baseline_gpt20boss,large,episode_00022,exploration,62.5
4973,textmapworld,baseline_gpt20boss,large,episode_00022,Main Score,76.92307692307692
4974,textmapworld,baseline_gpt20boss,large,episode_00023,Success,0.0
4975,textmapworld,baseline_gpt20boss,large,episode_00023,Aborted,0.0
4976,textmapworld,baseline_gpt20boss,large,episode_00023,Lose,1.0
4977,textmapworld,baseline_gpt20boss,large,episode_00023,moves,12.0
4978,textmapworld,baseline_gpt20boss,large,episode_00023,valid_moves,12.0
4979,textmapworld,baseline_gpt20boss,large,episode_00023,invalid_moves,0.0
4980,textmapworld,baseline_gpt20boss,large,episode_00023,stopped,1.0
4981,textmapworld,baseline_gpt20boss,large,episode_00023,turns_limit,0.0
4982,textmapworld,baseline_gpt20boss,large,episode_00023,loops,0.0
4983,textmapworld,baseline_gpt20boss,large,episode_00023,number_visited,6.0
4984,textmapworld,baseline_gpt20boss,large,episode_00023,seen,7.0
4985,textmapworld,baseline_gpt20boss,large,episode_00023,efficiency,75.0
4986,textmapworld,baseline_gpt20boss,large,episode_00023,exploration,75.0
4987,textmapworld,baseline_gpt20boss,large,episode_00023,Main Score,75.0
4988,textmapworld,baseline_gpt20boss,large,episode_00024,Success,0.0
4989,textmapworld,baseline_gpt20boss,large,episode_00024,Aborted,0.0
4990,textmapworld,baseline_gpt20boss,large,episode_00024,Lose,1.0
4991,textmapworld,baseline_gpt20boss,large,episode_00024,moves,5.0
4992,textmapworld,baseline_gpt20boss,large,episode_00024,valid_moves,5.0
4993,textmapworld,baseline_gpt20boss,large,episode_00024,invalid_moves,0.0
4994,textmapworld,baseline_gpt20boss,large,episode_00024,stopped,1.0
4995,textmapworld,baseline_gpt20boss,large,episode_00024,turns_limit,0.0
4996,textmapworld,baseline_gpt20boss,large,episode_00024,loops,2.0
4997,textmapworld,baseline_gpt20boss,large,episode_00024,number_visited,3.0
4998,textmapworld,baseline_gpt20boss,large,episode_00024,seen,4.0
4999,textmapworld,baseline_gpt20boss,large,episode_00024,efficiency,80.0
5000,textmapworld,baseline_gpt20boss,large,episode_00024,exploration,37.5
5001,textmapworld,baseline_gpt20boss,large,episode_00024,Main Score,51.06382978723404
5002,textmapworld,baseline_gpt20boss,large,episode_00025,Success,0.0
5003,textmapworld,baseline_gpt20boss,large,episode_00025,Aborted,0.0
5004,textmapworld,baseline_gpt20boss,large,episode_00025,Lose,1.0
5005,textmapworld,baseline_gpt20boss,large,episode_00025,moves,5.0
5006,textmapworld,baseline_gpt20boss,large,episode_00025,valid_moves,5.0
5007,textmapworld,baseline_gpt20boss,large,episode_00025,invalid_moves,0.0
5008,textmapworld,baseline_gpt20boss,large,episode_00025,stopped,1.0
5009,textmapworld,baseline_gpt20boss,large,episode_00025,turns_limit,0.0
5010,textmapworld,baseline_gpt20boss,large,episode_00025,loops,0.0
5011,textmapworld,baseline_gpt20boss,large,episode_00025,number_visited,3.0
5012,textmapworld,baseline_gpt20boss,large,episode_00025,seen,4.0
5013,textmapworld,baseline_gpt20boss,large,episode_00025,efficiency,60.0
5014,textmapworld,baseline_gpt20boss,large,episode_00025,exploration,37.5
5015,textmapworld,baseline_gpt20boss,large,episode_00025,Main Score,46.15384615384615
5016,textmapworld,baseline_gpt20boss,large,episode_00026,Success,0.0
5017,textmapworld,baseline_gpt20boss,large,episode_00026,Aborted,0.0
5018,textmapworld,baseline_gpt20boss,large,episode_00026,Lose,1.0
5019,textmapworld,baseline_gpt20boss,large,episode_00026,moves,8.0
5020,textmapworld,baseline_gpt20boss,large,episode_00026,valid_moves,8.0
5021,textmapworld,baseline_gpt20boss,large,episode_00026,invalid_moves,0.0
5022,textmapworld,baseline_gpt20boss,large,episode_00026,stopped,1.0
5023,textmapworld,baseline_gpt20boss,large,episode_00026,turns_limit,0.0
5024,textmapworld,baseline_gpt20boss,large,episode_00026,loops,2.0
5025,textmapworld,baseline_gpt20boss,large,episode_00026,number_visited,4.0
5026,textmapworld,baseline_gpt20boss,large,episode_00026,seen,6.0
5027,textmapworld,baseline_gpt20boss,large,episode_00026,efficiency,12.5
5028,textmapworld,baseline_gpt20boss,large,episode_00026,exploration,50.0
5029,textmapworld,baseline_gpt20boss,large,episode_00026,Main Score,20.0
5030,textmapworld,baseline_gpt20boss,large,episode_00027,Success,0.0
5031,textmapworld,baseline_gpt20boss,large,episode_00027,Aborted,0.0
5032,textmapworld,baseline_gpt20boss,large,episode_00027,Lose,1.0
5033,textmapworld,baseline_gpt20boss,large,episode_00027,moves,11.0
5034,textmapworld,baseline_gpt20boss,large,episode_00027,valid_moves,11.0
5035,textmapworld,baseline_gpt20boss,large,episode_00027,invalid_moves,0.0
5036,textmapworld,baseline_gpt20boss,large,episode_00027,stopped,1.0
5037,textmapworld,baseline_gpt20boss,large,episode_00027,turns_limit,0.0
5038,textmapworld,baseline_gpt20boss,large,episode_00027,loops,1.0
5039,textmapworld,baseline_gpt20boss,large,episode_00027,number_visited,7.0
5040,textmapworld,baseline_gpt20boss,large,episode_00027,seen,8.0
5041,textmapworld,baseline_gpt20boss,large,episode_00027,efficiency,72.72727272727273
5042,textmapworld,baseline_gpt20boss,large,episode_00027,exploration,87.5
5043,textmapworld,baseline_gpt20boss,large,episode_00027,Main Score,79.43262411347517
5044,textmapworld,baseline_gpt20boss,large,episode_00028,Success,0.0
5045,textmapworld,baseline_gpt20boss,large,episode_00028,Aborted,0.0
5046,textmapworld,baseline_gpt20boss,large,episode_00028,Lose,1.0
5047,textmapworld,baseline_gpt20boss,large,episode_00028,moves,5.0
5048,textmapworld,baseline_gpt20boss,large,episode_00028,valid_moves,5.0
5049,textmapworld,baseline_gpt20boss,large,episode_00028,invalid_moves,0.0
5050,textmapworld,baseline_gpt20boss,large,episode_00028,stopped,1.0
5051,textmapworld,baseline_gpt20boss,large,episode_00028,turns_limit,0.0
5052,textmapworld,baseline_gpt20boss,large,episode_00028,loops,0.0
5053,textmapworld,baseline_gpt20boss,large,episode_00028,number_visited,3.0
5054,textmapworld,baseline_gpt20boss,large,episode_00028,seen,4.0
5055,textmapworld,baseline_gpt20boss,large,episode_00028,efficiency,80.0
5056,textmapworld,baseline_gpt20boss,large,episode_00028,exploration,37.5
5057,textmapworld,baseline_gpt20boss,large,episode_00028,Main Score,51.06382978723404
5058,textmapworld,baseline_gpt20boss,large,episode_00029,Success,0.0
5059,textmapworld,baseline_gpt20boss,large,episode_00029,Aborted,0.0
5060,textmapworld,baseline_gpt20boss,large,episode_00029,Lose,1.0
5061,textmapworld,baseline_gpt20boss,large,episode_00029,moves,6.0
5062,textmapworld,baseline_gpt20boss,large,episode_00029,valid_moves,6.0
5063,textmapworld,baseline_gpt20boss,large,episode_00029,invalid_moves,0.0
5064,textmapworld,baseline_gpt20boss,large,episode_00029,stopped,1.0
5065,textmapworld,baseline_gpt20boss,large,episode_00029,turns_limit,0.0
5066,textmapworld,baseline_gpt20boss,large,episode_00029,loops,0.0
5067,textmapworld,baseline_gpt20boss,large,episode_00029,number_visited,4.0
5068,textmapworld,baseline_gpt20boss,large,episode_00029,seen,5.0
5069,textmapworld,baseline_gpt20boss,large,episode_00029,efficiency,83.33333333333334
5070,textmapworld,baseline_gpt20boss,large,episode_00029,exploration,50.0
5071,textmapworld,baseline_gpt20boss,large,episode_00029,Main Score,62.5
5072,textmapworld,baseline_gpt20boss,large,episode_00030,Success,0.0
5073,textmapworld,baseline_gpt20boss,large,episode_00030,Aborted,0.0
5074,textmapworld,baseline_gpt20boss,large,episode_00030,Lose,1.0
5075,textmapworld,baseline_gpt20boss,large,episode_00030,moves,11.0
5076,textmapworld,baseline_gpt20boss,large,episode_00030,valid_moves,11.0
5077,textmapworld,baseline_gpt20boss,large,episode_00030,invalid_moves,0.0
5078,textmapworld,baseline_gpt20boss,large,episode_00030,stopped,1.0
5079,textmapworld,baseline_gpt20boss,large,episode_00030,turns_limit,0.0
5080,textmapworld,baseline_gpt20boss,large,episode_00030,loops,0.0
5081,textmapworld,baseline_gpt20boss,large,episode_00030,number_visited,5.0
5082,textmapworld,baseline_gpt20boss,large,episode_00030,seen,6.0
5083,textmapworld,baseline_gpt20boss,large,episode_00030,efficiency,63.63636363636363
5084,textmapworld,baseline_gpt20boss,large,episode_00030,exploration,62.5
5085,textmapworld,baseline_gpt20boss,large,episode_00030,Main Score,63.06306306306306
5086,textmapworld,baseline_gpt20boss,medium,episode_00012,Success,0.0
5087,textmapworld,baseline_gpt20boss,medium,episode_00012,Aborted,0.0
5088,textmapworld,baseline_gpt20boss,medium,episode_00012,Lose,1.0
5089,textmapworld,baseline_gpt20boss,medium,episode_00012,moves,6.0
5090,textmapworld,baseline_gpt20boss,medium,episode_00012,valid_moves,6.0
5091,textmapworld,baseline_gpt20boss,medium,episode_00012,invalid_moves,0.0
5092,textmapworld,baseline_gpt20boss,medium,episode_00012,stopped,1.0
5093,textmapworld,baseline_gpt20boss,medium,episode_00012,turns_limit,0.0
5094,textmapworld,baseline_gpt20boss,medium,episode_00012,loops,1.0
5095,textmapworld,baseline_gpt20boss,medium,episode_00012,number_visited,4.0
5096,textmapworld,baseline_gpt20boss,medium,episode_00012,seen,6.0
5097,textmapworld,baseline_gpt20boss,medium,episode_00012,efficiency,50.0
5098,textmapworld,baseline_gpt20boss,medium,episode_00012,exploration,66.66666666666666
5099,textmapworld,baseline_gpt20boss,medium,episode_00012,Main Score,57.14285714285714
5100,textmapworld,baseline_gpt20boss,medium,episode_00013,Success,0.0
5101,textmapworld,baseline_gpt20boss,medium,episode_00013,Aborted,0.0
5102,textmapworld,baseline_gpt20boss,medium,episode_00013,Lose,1.0
5103,textmapworld,baseline_gpt20boss,medium,episode_00013,moves,7.0
5104,textmapworld,baseline_gpt20boss,medium,episode_00013,valid_moves,7.0
5105,textmapworld,baseline_gpt20boss,medium,episode_00013,invalid_moves,0.0
5106,textmapworld,baseline_gpt20boss,medium,episode_00013,stopped,1.0
5107,textmapworld,baseline_gpt20boss,medium,episode_00013,turns_limit,0.0
5108,textmapworld,baseline_gpt20boss,medium,episode_00013,loops,1.0
5109,textmapworld,baseline_gpt20boss,medium,episode_00013,number_visited,4.0
5110,textmapworld,baseline_gpt20boss,medium,episode_00013,seen,5.0
5111,textmapworld,baseline_gpt20boss,medium,episode_00013,efficiency,85.71428571428571
5112,textmapworld,baseline_gpt20boss,medium,episode_00013,exploration,66.66666666666666
5113,textmapworld,baseline_gpt20boss,medium,episode_00013,Main Score,75.0
5114,textmapworld,baseline_gpt20boss,medium,episode_00014,Success,0.0
5115,textmapworld,baseline_gpt20boss,medium,episode_00014,Aborted,0.0
5116,textmapworld,baseline_gpt20boss,medium,episode_00014,Lose,1.0
5117,textmapworld,baseline_gpt20boss,medium,episode_00014,moves,8.0
5118,textmapworld,baseline_gpt20boss,medium,episode_00014,valid_moves,8.0
5119,textmapworld,baseline_gpt20boss,medium,episode_00014,invalid_moves,0.0
5120,textmapworld,baseline_gpt20boss,medium,episode_00014,stopped,1.0
5121,textmapworld,baseline_gpt20boss,medium,episode_00014,turns_limit,0.0
5122,textmapworld,baseline_gpt20boss,medium,episode_00014,loops,1.0
5123,textmapworld,baseline_gpt20boss,medium,episode_00014,number_visited,5.0
5124,textmapworld,baseline_gpt20boss,medium,episode_00014,seen,6.0
5125,textmapworld,baseline_gpt20boss,medium,episode_00014,efficiency,87.5
5126,textmapworld,baseline_gpt20boss,medium,episode_00014,exploration,83.33333333333334
5127,textmapworld,baseline_gpt20boss,medium,episode_00014,Main Score,85.3658536585366
5128,textmapworld,baseline_gpt20boss,medium,episode_00015,Success,0.0
5129,textmapworld,baseline_gpt20boss,medium,episode_00015,Aborted,0.0
5130,textmapworld,baseline_gpt20boss,medium,episode_00015,Lose,1.0
5131,textmapworld,baseline_gpt20boss,medium,episode_00015,moves,5.0
5132,textmapworld,baseline_gpt20boss,medium,episode_00015,valid_moves,5.0
5133,textmapworld,baseline_gpt20boss,medium,episode_00015,invalid_moves,0.0
5134,textmapworld,baseline_gpt20boss,medium,episode_00015,stopped,1.0
5135,textmapworld,baseline_gpt20boss,medium,episode_00015,turns_limit,0.0
5136,textmapworld,baseline_gpt20boss,medium,episode_00015,loops,0.0
5137,textmapworld,baseline_gpt20boss,medium,episode_00015,number_visited,4.0
5138,textmapworld,baseline_gpt20boss,medium,episode_00015,seen,5.0
5139,textmapworld,baseline_gpt20boss,medium,episode_00015,efficiency,60.0
5140,textmapworld,baseline_gpt20boss,medium,episode_00015,exploration,66.66666666666666
5141,textmapworld,baseline_gpt20boss,medium,episode_00015,Main Score,63.1578947368421
5142,textmapworld,baseline_gpt20boss,medium,episode_00016,Success,0.0
5143,textmapworld,baseline_gpt20boss,medium,episode_00016,Aborted,0.0
5144,textmapworld,baseline_gpt20boss,medium,episode_00016,Lose,1.0
5145,textmapworld,baseline_gpt20boss,medium,episode_00016,moves,14.0
5146,textmapworld,baseline_gpt20boss,medium,episode_00016,valid_moves,14.0
5147,textmapworld,baseline_gpt20boss,medium,episode_00016,invalid_moves,0.0
5148,textmapworld,baseline_gpt20boss,medium,episode_00016,stopped,1.0
5149,textmapworld,baseline_gpt20boss,medium,episode_00016,turns_limit,0.0
5150,textmapworld,baseline_gpt20boss,medium,episode_00016,loops,2.0
5151,textmapworld,baseline_gpt20boss,medium,episode_00016,number_visited,4.0
5152,textmapworld,baseline_gpt20boss,medium,episode_00016,seen,5.0
5153,textmapworld,baseline_gpt20boss,medium,episode_00016,efficiency,64.28571428571429
5154,textmapworld,baseline_gpt20boss,medium,episode_00016,exploration,66.66666666666666
5155,textmapworld,baseline_gpt20boss,medium,episode_00016,Main Score,65.45454545454544
5156,textmapworld,baseline_gpt20boss,medium,episode_00017,Success,0.0
5157,textmapworld,baseline_gpt20boss,medium,episode_00017,Aborted,0.0
5158,textmapworld,baseline_gpt20boss,medium,episode_00017,Lose,1.0
5159,textmapworld,baseline_gpt20boss,medium,episode_00017,moves,4.0
5160,textmapworld,baseline_gpt20boss,medium,episode_00017,valid_moves,4.0
5161,textmapworld,baseline_gpt20boss,medium,episode_00017,invalid_moves,0.0
5162,textmapworld,baseline_gpt20boss,medium,episode_00017,stopped,1.0
5163,textmapworld,baseline_gpt20boss,medium,episode_00017,turns_limit,0.0
5164,textmapworld,baseline_gpt20boss,medium,episode_00017,loops,2.0
5165,textmapworld,baseline_gpt20boss,medium,episode_00017,number_visited,2.0
5166,textmapworld,baseline_gpt20boss,medium,episode_00017,seen,4.0
5167,textmapworld,baseline_gpt20boss,medium,episode_00017,efficiency,50.0
5168,textmapworld,baseline_gpt20boss,medium,episode_00017,exploration,33.33333333333333
5169,textmapworld,baseline_gpt20boss,medium,episode_00017,Main Score,40.0
5170,textmapworld,baseline_gpt20boss,medium,episode_00018,Success,0.0
5171,textmapworld,baseline_gpt20boss,medium,episode_00018,Aborted,0.0
5172,textmapworld,baseline_gpt20boss,medium,episode_00018,Lose,1.0
5173,textmapworld,baseline_gpt20boss,medium,episode_00018,moves,7.0
5174,textmapworld,baseline_gpt20boss,medium,episode_00018,valid_moves,7.0
5175,textmapworld,baseline_gpt20boss,medium,episode_00018,invalid_moves,0.0
5176,textmapworld,baseline_gpt20boss,medium,episode_00018,stopped,1.0
5177,textmapworld,baseline_gpt20boss,medium,episode_00018,turns_limit,0.0
5178,textmapworld,baseline_gpt20boss,medium,episode_00018,loops,0.0
5179,textmapworld,baseline_gpt20boss,medium,episode_00018,number_visited,4.0
5180,textmapworld,baseline_gpt20boss,medium,episode_00018,seen,5.0
5181,textmapworld,baseline_gpt20boss,medium,episode_00018,efficiency,71.42857142857143
5182,textmapworld,baseline_gpt20boss,medium,episode_00018,exploration,66.66666666666666
5183,textmapworld,baseline_gpt20boss,medium,episode_00018,Main Score,68.96551724137932
5184,textmapworld,baseline_gpt20boss,medium,episode_00019,Success,1.0
5185,textmapworld,baseline_gpt20boss,medium,episode_00019,Aborted,0.0
5186,textmapworld,baseline_gpt20boss,medium,episode_00019,Lose,0.0
5187,textmapworld,baseline_gpt20boss,medium,episode_00019,moves,10.0
5188,textmapworld,baseline_gpt20boss,medium,episode_00019,valid_moves,10.0
5189,textmapworld,baseline_gpt20boss,medium,episode_00019,invalid_moves,0.0
5190,textmapworld,baseline_gpt20boss,medium,episode_00019,stopped,1.0
5191,textmapworld,baseline_gpt20boss,medium,episode_00019,turns_limit,0.0
5192,textmapworld,baseline_gpt20boss,medium,episode_00019,loops,1.0
5193,textmapworld,baseline_gpt20boss,medium,episode_00019,number_visited,6.0
5194,textmapworld,baseline_gpt20boss,medium,episode_00019,seen,6.0
5195,textmapworld,baseline_gpt20boss,medium,episode_00019,efficiency,80.0
5196,textmapworld,baseline_gpt20boss,medium,episode_00019,exploration,100.0
5197,textmapworld,baseline_gpt20boss,medium,episode_00019,Main Score,88.88888888888889
5198,textmapworld,baseline_gpt20boss,medium,episode_00020,Aborted,1.0
5199,textmapworld,baseline_gpt20boss,medium,episode_00020,Success,0.0
5200,textmapworld,baseline_gpt20boss,medium,episode_00020,Lose,0.0
5201,textmapworld,baseline_gpt20boss,medium,episode_00020,moves,
5202,textmapworld,baseline_gpt20boss,medium,episode_00020,valid_moves,
5203,textmapworld,baseline_gpt20boss,medium,episode_00020,invalid_moves,
5204,textmapworld,baseline_gpt20boss,medium,episode_00020,stopped,
5205,textmapworld,baseline_gpt20boss,medium,episode_00020,turns_limit,
5206,textmapworld,baseline_gpt20boss,medium,episode_00020,loops,
5207,textmapworld,baseline_gpt20boss,medium,episode_00020,number_visited,
5208,textmapworld,baseline_gpt20boss,medium,episode_00020,seen,
5209,textmapworld,baseline_gpt20boss,medium,episode_00020,efficiency,
5210,textmapworld,baseline_gpt20boss,medium,episode_00020,exploration,
5211,textmapworld,baseline_gpt20boss,medium,episode_00020,Main Score,
5212,textmapworld,baseline_gpt20boss,medium_cycle,episode_00031,Success,0.0
5213,textmapworld,baseline_gpt20boss,medium_cycle,episode_00031,Aborted,0.0
5214,textmapworld,baseline_gpt20boss,medium_cycle,episode_00031,Lose,1.0
5215,textmapworld,baseline_gpt20boss,medium_cycle,episode_00031,moves,4.0
5216,textmapworld,baseline_gpt20boss,medium_cycle,episode_00031,valid_moves,4.0
5217,textmapworld,baseline_gpt20boss,medium_cycle,episode_00031,invalid_moves,0.0
5218,textmapworld,baseline_gpt20boss,medium_cycle,episode_00031,stopped,1.0
5219,textmapworld,baseline_gpt20boss,medium_cycle,episode_00031,turns_limit,0.0
5220,textmapworld,baseline_gpt20boss,medium_cycle,episode_00031,loops,0.0
5221,textmapworld,baseline_gpt20boss,medium_cycle,episode_00031,number_visited,5.0
5222,textmapworld,baseline_gpt20boss,medium_cycle,episode_00031,seen,6.0
5223,textmapworld,baseline_gpt20boss,medium_cycle,episode_00031,efficiency,75.0
5224,textmapworld,baseline_gpt20boss,medium_cycle,episode_00031,exploration,83.33333333333334
5225,textmapworld,baseline_gpt20boss,medium_cycle,episode_00031,Main Score,78.94736842105264
5226,textmapworld,baseline_gpt20boss,medium_cycle,episode_00032,Success,0.0
5227,textmapworld,baseline_gpt20boss,medium_cycle,episode_00032,Aborted,0.0
5228,textmapworld,baseline_gpt20boss,medium_cycle,episode_00032,Lose,1.0
5229,textmapworld,baseline_gpt20boss,medium_cycle,episode_00032,moves,9.0
5230,textmapworld,baseline_gpt20boss,medium_cycle,episode_00032,valid_moves,9.0
5231,textmapworld,baseline_gpt20boss,medium_cycle,episode_00032,invalid_moves,0.0
5232,textmapworld,baseline_gpt20boss,medium_cycle,episode_00032,stopped,1.0
5233,textmapworld,baseline_gpt20boss,medium_cycle,episode_00032,turns_limit,0.0
5234,textmapworld,baseline_gpt20boss,medium_cycle,episode_00032,loops,2.0
5235,textmapworld,baseline_gpt20boss,medium_cycle,episode_00032,number_visited,5.0
5236,textmapworld,baseline_gpt20boss,medium_cycle,episode_00032,seen,6.0
5237,textmapworld,baseline_gpt20boss,medium_cycle,episode_00032,efficiency,66.66666666666666
5238,textmapworld,baseline_gpt20boss,medium_cycle,episode_00032,exploration,83.33333333333334
5239,textmapworld,baseline_gpt20boss,medium_cycle,episode_00032,Main Score,74.07407407407408
5240,textmapworld,baseline_gpt20boss,medium_cycle,episode_00033,Success,0.0
5241,textmapworld,baseline_gpt20boss,medium_cycle,episode_00033,Aborted,0.0
5242,textmapworld,baseline_gpt20boss,medium_cycle,episode_00033,Lose,1.0
5243,textmapworld,baseline_gpt20boss,medium_cycle,episode_00033,moves,8.0
5244,textmapworld,baseline_gpt20boss,medium_cycle,episode_00033,valid_moves,8.0
5245,textmapworld,baseline_gpt20boss,medium_cycle,episode_00033,invalid_moves,0.0
5246,textmapworld,baseline_gpt20boss,medium_cycle,episode_00033,stopped,1.0
5247,textmapworld,baseline_gpt20boss,medium_cycle,episode_00033,turns_limit,0.0
5248,textmapworld,baseline_gpt20boss,medium_cycle,episode_00033,loops,0.0
5249,textmapworld,baseline_gpt20boss,medium_cycle,episode_00033,number_visited,5.0
5250,textmapworld,baseline_gpt20boss,medium_cycle,episode_00033,seen,6.0
5251,textmapworld,baseline_gpt20boss,medium_cycle,episode_00033,efficiency,62.5
5252,textmapworld,baseline_gpt20boss,medium_cycle,episode_00033,exploration,83.33333333333334
5253,textmapworld,baseline_gpt20boss,medium_cycle,episode_00033,Main Score,71.42857142857143
5254,textmapworld,baseline_gpt20boss,medium_cycle,episode_00034,Success,1.0
5255,textmapworld,baseline_gpt20boss,medium_cycle,episode_00034,Aborted,0.0
5256,textmapworld,baseline_gpt20boss,medium_cycle,episode_00034,Lose,0.0
5257,textmapworld,baseline_gpt20boss,medium_cycle,episode_00034,moves,16.0
5258,textmapworld,baseline_gpt20boss,medium_cycle,episode_00034,valid_moves,16.0
5259,textmapworld,baseline_gpt20boss,medium_cycle,episode_00034,invalid_moves,0.0
5260,textmapworld,baseline_gpt20boss,medium_cycle,episode_00034,stopped,1.0
5261,textmapworld,baseline_gpt20boss,medium_cycle,episode_00034,turns_limit,0.0
5262,textmapworld,baseline_gpt20boss,medium_cycle,episode_00034,loops,3.0
5263,textmapworld,baseline_gpt20boss,medium_cycle,episode_00034,number_visited,6.0
5264,textmapworld,baseline_gpt20boss,medium_cycle,episode_00034,seen,6.0
5265,textmapworld,baseline_gpt20boss,medium_cycle,episode_00034,efficiency,37.5
5266,textmapworld,baseline_gpt20boss,medium_cycle,episode_00034,exploration,100.0
5267,textmapworld,baseline_gpt20boss,medium_cycle,episode_00034,Main Score,54.54545454545455
5268,textmapworld,baseline_gpt20boss,medium_cycle,episode_00035,Success,0.0
5269,textmapworld,baseline_gpt20boss,medium_cycle,episode_00035,Aborted,0.0
5270,textmapworld,baseline_gpt20boss,medium_cycle,episode_00035,Lose,1.0
5271,textmapworld,baseline_gpt20boss,medium_cycle,episode_00035,moves,8.0
5272,textmapworld,baseline_gpt20boss,medium_cycle,episode_00035,valid_moves,8.0
5273,textmapworld,baseline_gpt20boss,medium_cycle,episode_00035,invalid_moves,0.0
5274,textmapworld,baseline_gpt20boss,medium_cycle,episode_00035,stopped,1.0
5275,textmapworld,baseline_gpt20boss,medium_cycle,episode_00035,turns_limit,0.0
5276,textmapworld,baseline_gpt20boss,medium_cycle,episode_00035,loops,0.0
5277,textmapworld,baseline_gpt20boss,medium_cycle,episode_00035,number_visited,5.0
5278,textmapworld,baseline_gpt20boss,medium_cycle,episode_00035,seen,6.0
5279,textmapworld,baseline_gpt20boss,medium_cycle,episode_00035,efficiency,62.5
5280,textmapworld,baseline_gpt20boss,medium_cycle,episode_00035,exploration,83.33333333333334
5281,textmapworld,baseline_gpt20boss,medium_cycle,episode_00035,Main Score,71.42857142857143
5282,textmapworld,baseline_gpt20boss,medium_cycle,episode_00036,Aborted,1.0
5283,textmapworld,baseline_gpt20boss,medium_cycle,episode_00036,Success,0.0
5284,textmapworld,baseline_gpt20boss,medium_cycle,episode_00036,Lose,0.0
5285,textmapworld,baseline_gpt20boss,medium_cycle,episode_00036,moves,
5286,textmapworld,baseline_gpt20boss,medium_cycle,episode_00036,valid_moves,
5287,textmapworld,baseline_gpt20boss,medium_cycle,episode_00036,invalid_moves,
5288,textmapworld,baseline_gpt20boss,medium_cycle,episode_00036,stopped,
5289,textmapworld,baseline_gpt20boss,medium_cycle,episode_00036,turns_limit,
5290,textmapworld,baseline_gpt20boss,medium_cycle,episode_00036,loops,
5291,textmapworld,baseline_gpt20boss,medium_cycle,episode_00036,number_visited,
5292,textmapworld,baseline_gpt20boss,medium_cycle,episode_00036,seen,
5293,textmapworld,baseline_gpt20boss,medium_cycle,episode_00036,efficiency,
5294,textmapworld,baseline_gpt20boss,medium_cycle,episode_00036,exploration,
5295,textmapworld,baseline_gpt20boss,medium_cycle,episode_00036,Main Score,
5296,referencegame,agent_core_tools_gpt4omini,letter_grids,episode_00002,Played,1.0
5297,referencegame,agent_core_tools_gpt4omini,letter_grids,episode_00003,Played,1.0
5298,referencegame,agent_core_tools_gpt4omini,letter_grids,episode_00004,Played,1.0
5299,referencegame,agent_core_tools_gpt4omini,letter_grids,episode_00005,Played,1.0
5300,referencegame,agent_core_tools_gpt4omini,line_grids_columns,episode_00016,Played,1.0
5301,referencegame,agent_core_tools_gpt4omini,line_grids_columns,episode_00017,Played,1.0
5302,referencegame,agent_core_tools_gpt4omini,line_grids_columns,episode_00018,Played,1.0
5303,referencegame,agent_core_tools_gpt4omini,line_grids_columns,episode_00019,Played,1.0
5304,referencegame,agent_core_tools_gpt4omini,line_grids_columns,episode_00020,Played,1.0
5305,referencegame,agent_core_tools_gpt4omini,line_grids_rows,episode_00011,Played,1.0
5306,referencegame,agent_core_tools_gpt4omini,line_grids_rows,episode_00012,Played,1.0
5307,referencegame,agent_core_tools_gpt4omini,line_grids_rows,episode_00013,Played,1.0
5308,referencegame,agent_core_tools_gpt4omini,line_grids_rows,episode_00014,Played,1.0
5309,referencegame,agent_core_tools_gpt4omini,line_grids_rows,episode_00015,Played,1.0
5310,referencegame,agent_core_tools_gpt4omini,number_grids,episode_00006,Played,1.0
5311,referencegame,agent_core_tools_gpt4omini,number_grids,episode_00007,Played,1.0
5312,referencegame,agent_core_tools_gpt4omini,number_grids,episode_00008,Played,1.0
5313,referencegame,agent_core_tools_gpt4omini,number_grids,episode_00009,Played,1.0
5314,referencegame,agent_core_tools_gpt4omini,number_grids,episode_00010,Played,1.0
5315,referencegame,agent_core_tools_gpt4omini,random_grids,episode_00021,Played,1.0
5316,referencegame,agent_core_tools_gpt4omini,random_grids,episode_00022,Played,1.0
5317,referencegame,agent_core_tools_gpt4omini,random_grids,episode_00023,Played,1.0
5318,referencegame,agent_core_tools_gpt4omini,random_grids,episode_00024,Played,1.0
5319,referencegame,agent_core_tools_gpt4omini,random_grids,episode_00025,Played,1.0
5320,taboo,agent_core_tools_gpt4omini,high_en,episode_00002,Played,1.0
5321,taboo,agent_core_tools_gpt4omini,high_en,episode_00003,Played,1.0
5322,taboo,agent_core_tools_gpt4omini,high_en,episode_00004,Played,1.0
5323,taboo,agent_core_tools_gpt4omini,high_en,episode_00005,Played,1.0
5324,taboo,agent_core_tools_gpt4omini,low_en,episode_00011,Played,1.0
5325,taboo,agent_core_tools_gpt4omini,low_en,episode_00012,Played,1.0
5326,taboo,agent_core_tools_gpt4omini,low_en,episode_00013,Played,1.0
5327,taboo,agent_core_tools_gpt4omini,low_en,episode_00014,Played,1.0
5328,taboo,agent_core_tools_gpt4omini,low_en,episode_00015,Played,1.0
5329,taboo,agent_core_tools_gpt4omini,medium_en,episode_00006,Played,0.0
5330,taboo,agent_core_tools_gpt4omini,medium_en,episode_00007,Played,1.0
5331,taboo,agent_core_tools_gpt4omini,medium_en,episode_00008,Played,1.0
5332,taboo,agent_core_tools_gpt4omini,medium_en,episode_00009,Played,1.0
5333,taboo,agent_core_tools_gpt4omini,medium_en,episode_00010,Played,1.0
5334,textmapworld,agent_core_tools_gpt4omini,large,episode_00021,Played,1.0
5335,textmapworld,agent_core_tools_gpt4omini,large,episode_00022,Played,1.0
5336,textmapworld,agent_core_tools_gpt4omini,large,episode_00023,Played,1.0
5337,textmapworld,agent_core_tools_gpt4omini,large,episode_00024,Played,1.0
5338,textmapworld,agent_core_tools_gpt4omini,large,episode_00025,Played,1.0
5339,textmapworld,agent_core_tools_gpt4omini,large,episode_00026,Played,1.0
5340,textmapworld,agent_core_tools_gpt4omini,large,episode_00027,Played,1.0
5341,textmapworld,agent_core_tools_gpt4omini,large,episode_00028,Played,1.0
5342,textmapworld,agent_core_tools_gpt4omini,large,episode_00029,Played,1.0
5343,textmapworld,agent_core_tools_gpt4omini,large,episode_00030,Played,1.0
5344,textmapworld,agent_core_tools_gpt4omini,large_cycle,episode_00041,Played,1.0
5345,textmapworld,agent_core_tools_gpt4omini,large_cycle,episode_00042,Played,1.0
5346,textmapworld,agent_core_tools_gpt4omini,large_cycle,episode_00043,Played,1.0
5347,textmapworld,agent_core_tools_gpt4omini,large_cycle,episode_00044,Played,1.0
5348,textmapworld,agent_core_tools_gpt4omini,large_cycle,episode_00045,Played,1.0
5349,textmapworld,agent_core_tools_gpt4omini,large_cycle,episode_00046,Played,1.0
5350,textmapworld,agent_core_tools_gpt4omini,large_cycle,episode_00047,Played,1.0
5351,textmapworld,agent_core_tools_gpt4omini,large_cycle,episode_00048,Played,1.0
5352,textmapworld,agent_core_tools_gpt4omini,large_cycle,episode_00049,Played,1.0
5353,textmapworld,agent_core_tools_gpt4omini,large_cycle,episode_00050,Played,1.0
5354,textmapworld,agent_core_tools_gpt4omini,medium,episode_00011,Played,1.0
5355,textmapworld,agent_core_tools_gpt4omini,medium,episode_00012,Played,1.0
5356,textmapworld,agent_core_tools_gpt4omini,medium,episode_00013,Played,1.0
5357,textmapworld,agent_core_tools_gpt4omini,medium,episode_00014,Played,1.0
5358,textmapworld,agent_core_tools_gpt4omini,medium,episode_00015,Played,1.0
5359,textmapworld,agent_core_tools_gpt4omini,medium,episode_00016,Played,1.0
5360,textmapworld,agent_core_tools_gpt4omini,medium,episode_00017,Played,1.0
5361,textmapworld,agent_core_tools_gpt4omini,medium,episode_00018,Played,1.0
5362,textmapworld,agent_core_tools_gpt4omini,medium,episode_00019,Played,1.0
5363,textmapworld,agent_core_tools_gpt4omini,medium,episode_00020,Played,1.0
5364,textmapworld,agent_core_tools_gpt4omini,medium_cycle,episode_00031,Played,1.0
5365,textmapworld,agent_core_tools_gpt4omini,medium_cycle,episode_00032,Played,1.0
5366,textmapworld,agent_core_tools_gpt4omini,medium_cycle,episode_00033,Played,1.0
5367,textmapworld,agent_core_tools_gpt4omini,medium_cycle,episode_00034,Played,1.0
5368,textmapworld,agent_core_tools_gpt4omini,medium_cycle,episode_00035,Played,1.0
5369,textmapworld,agent_core_tools_gpt4omini,medium_cycle,episode_00036,Played,1.0
5370,textmapworld,agent_core_tools_gpt4omini,medium_cycle,episode_00037,Played,1.0
5371,textmapworld,agent_core_tools_gpt4omini,medium_cycle,episode_00038,Played,1.0
5372,textmapworld,agent_core_tools_gpt4omini,medium_cycle,episode_00039,Played,1.0
5373,textmapworld,agent_core_tools_gpt4omini,medium_cycle,episode_00040,Played,1.0
5374,textmapworld,agent_core_tools_gpt4omini,small,episode_00006,Played,1.0
5375,textmapworld,agent_core_tools_gpt4omini,small,episode_00007,Played,1.0
5376,textmapworld,agent_core_tools_gpt4omini,small,episode_00008,Played,1.0
5377,textmapworld,agent_core_tools_gpt4omini,small,episode_00009,Played,1.0
5378,textmapworld,agent_core_tools_gpt4omini,small,episode_00010,Played,1.0
5379,referencegame,agent_core_tools_qwen3,letter_grids,episode_00001,Played,1.0
5380,referencegame,agent_core_tools_qwen3,letter_grids,episode_00002,Played,1.0
5381,referencegame,agent_core_tools_qwen3,letter_grids,episode_00003,Played,1.0
5382,referencegame,agent_core_tools_qwen3,letter_grids,episode_00004,Played,1.0
5383,referencegame,agent_core_tools_qwen3,letter_grids,episode_00005,Played,1.0
5384,referencegame,agent_core_tools_qwen3,line_grids_columns,episode_00016,Played,1.0
5385,referencegame,agent_core_tools_qwen3,line_grids_columns,episode_00017,Played,1.0
5386,referencegame,agent_core_tools_qwen3,line_grids_columns,episode_00018,Played,1.0
5387,referencegame,agent_core_tools_qwen3,line_grids_columns,episode_00019,Played,1.0
5388,referencegame,agent_core_tools_qwen3,line_grids_columns,episode_00020,Played,1.0
5389,referencegame,agent_core_tools_qwen3,line_grids_rows,episode_00011,Played,1.0
5390,referencegame,agent_core_tools_qwen3,line_grids_rows,episode_00012,Played,1.0
5391,referencegame,agent_core_tools_qwen3,line_grids_rows,episode_00013,Played,1.0
5392,referencegame,agent_core_tools_qwen3,line_grids_rows,episode_00014,Played,1.0
5393,referencegame,agent_core_tools_qwen3,line_grids_rows,episode_00015,Played,1.0
5394,referencegame,agent_core_tools_qwen3,number_grids,episode_00006,Played,0.0
5395,referencegame,agent_core_tools_qwen3,number_grids,episode_00007,Played,1.0
5396,referencegame,agent_core_tools_qwen3,number_grids,episode_00008,Played,1.0
5397,referencegame,agent_core_tools_qwen3,number_grids,episode_00009,Played,1.0
5398,referencegame,agent_core_tools_qwen3,number_grids,episode_00010,Played,1.0
5399,referencegame,agent_core_tools_qwen3,random_grids,episode_00021,Played,1.0
5400,referencegame,agent_core_tools_qwen3,random_grids,episode_00022,Played,1.0
5401,referencegame,agent_core_tools_qwen3,random_grids,episode_00023,Played,1.0
5402,referencegame,agent_core_tools_qwen3,random_grids,episode_00024,Played,0.0
5403,referencegame,agent_core_tools_qwen3,random_grids,episode_00025,Played,1.0
5404,taboo,agent_core_tools_qwen3,high_en,episode_00001,Played,1.0
5405,taboo,agent_core_tools_qwen3,high_en,episode_00002,Played,1.0
5406,taboo,agent_core_tools_qwen3,high_en,episode_00003,Played,1.0
5407,taboo,agent_core_tools_qwen3,high_en,episode_00004,Played,1.0
5408,taboo,agent_core_tools_qwen3,high_en,episode_00005,Played,1.0
5409,taboo,agent_core_tools_qwen3,low_en,episode_00011,Played,1.0
5410,taboo,agent_core_tools_qwen3,low_en,episode_00012,Played,1.0
5411,taboo,agent_core_tools_qwen3,low_en,episode_00013,Played,1.0
5412,taboo,agent_core_tools_qwen3,low_en,episode_00014,Played,1.0
5413,taboo,agent_core_tools_qwen3,low_en,episode_00015,Played,1.0
5414,taboo,agent_core_tools_qwen3,medium_en,episode_00006,Played,1.0
5415,taboo,agent_core_tools_qwen3,medium_en,episode_00007,Played,1.0
5416,taboo,agent_core_tools_qwen3,medium_en,episode_00008,Played,1.0
5417,taboo,agent_core_tools_qwen3,medium_en,episode_00009,Played,1.0
5418,taboo,agent_core_tools_qwen3,medium_en,episode_00010,Played,1.0
5419,textmapworld,agent_core_tools_qwen3,large,episode_00021,Played,1.0
5420,textmapworld,agent_core_tools_qwen3,large,episode_00022,Played,0.0
5421,textmapworld,agent_core_tools_qwen3,large,episode_00023,Played,0.0
5422,textmapworld,agent_core_tools_qwen3,large,episode_00024,Played,1.0
5423,textmapworld,agent_core_tools_qwen3,large,episode_00025,Played,0.0
5424,textmapworld,agent_core_tools_qwen3,large,episode_00026,Played,1.0
5425,textmapworld,agent_core_tools_qwen3,large,episode_00027,Played,0.0
5426,textmapworld,agent_core_tools_qwen3,large,episode_00028,Played,0.0
5427,textmapworld,agent_core_tools_qwen3,large,episode_00029,Played,0.0
5428,textmapworld,agent_core_tools_qwen3,large,episode_00030,Played,0.0
5429,textmapworld,agent_core_tools_qwen3,large_cycle,episode_00041,Played,0.0
5430,textmapworld,agent_core_tools_qwen3,large_cycle,episode_00042,Played,0.0
5431,textmapworld,agent_core_tools_qwen3,large_cycle,episode_00043,Played,1.0
5432,textmapworld,agent_core_tools_qwen3,large_cycle,episode_00044,Played,0.0
5433,textmapworld,agent_core_tools_qwen3,large_cycle,episode_00045,Played,0.0
5434,textmapworld,agent_core_tools_qwen3,large_cycle,episode_00046,Played,0.0
5435,textmapworld,agent_core_tools_qwen3,large_cycle,episode_00047,Played,0.0
5436,textmapworld,agent_core_tools_qwen3,large_cycle,episode_00048,Played,0.0
5437,textmapworld,agent_core_tools_qwen3,large_cycle,episode_00049,Played,0.0
5438,textmapworld,agent_core_tools_qwen3,large_cycle,episode_00050,Played,1.0
5439,textmapworld,agent_core_tools_qwen3,medium,episode_00011,Played,1.0
5440,textmapworld,agent_core_tools_qwen3,medium,episode_00012,Played,0.0
5441,textmapworld,agent_core_tools_qwen3,medium,episode_00013,Played,0.0
5442,textmapworld,agent_core_tools_qwen3,medium,episode_00014,Played,1.0
5443,textmapworld,agent_core_tools_qwen3,medium,episode_00015,Played,0.0
5444,textmapworld,agent_core_tools_qwen3,medium,episode_00016,Played,1.0
5445,textmapworld,agent_core_tools_qwen3,medium,episode_00017,Played,0.0
5446,textmapworld,agent_core_tools_qwen3,medium,episode_00018,Played,0.0
5447,textmapworld,agent_core_tools_qwen3,medium,episode_00019,Played,0.0
5448,textmapworld,agent_core_tools_qwen3,medium,episode_00020,Played,0.0
5449,textmapworld,agent_core_tools_qwen3,medium_cycle,episode_00031,Played,0.0
5450,textmapworld,agent_core_tools_qwen3,medium_cycle,episode_00032,Played,0.0
5451,textmapworld,agent_core_tools_qwen3,medium_cycle,episode_00033,Played,0.0
5452,textmapworld,agent_core_tools_qwen3,medium_cycle,episode_00034,Played,0.0
5453,textmapworld,agent_core_tools_qwen3,medium_cycle,episode_00035,Played,0.0
5454,textmapworld,agent_core_tools_qwen3,medium_cycle,episode_00036,Played,1.0
5455,textmapworld,agent_core_tools_qwen3,medium_cycle,episode_00037,Played,0.0
5456,textmapworld,agent_core_tools_qwen3,medium_cycle,episode_00038,Played,0.0
5457,textmapworld,agent_core_tools_qwen3,medium_cycle,episode_00039,Played,1.0
5458,textmapworld,agent_core_tools_qwen3,medium_cycle,episode_00040,Played,0.0
5459,textmapworld,agent_core_tools_qwen3,small,episode_00001,Played,0.0
5460,textmapworld,agent_core_tools_qwen3,small,episode_00002,Played,1.0
5461,textmapworld,agent_core_tools_qwen3,small,episode_00003,Played,0.0
5462,textmapworld,agent_core_tools_qwen3,small,episode_00004,Played,1.0
5463,textmapworld,agent_core_tools_qwen3,small,episode_00005,Played,1.0
5464,textmapworld,agent_core_tools_qwen3,small,episode_00006,Played,0.0
5465,textmapworld,agent_core_tools_qwen3,small,episode_00007,Played,0.0
5466,textmapworld,agent_core_tools_qwen3,small,episode_00008,Played,1.0
5467,textmapworld,agent_core_tools_qwen3,small,episode_00009,Played,0.0
5468,textmapworld,agent_core_tools_qwen3,small,episode_00010,Played,1.0
5469,referencegame,agent_planning_qwen3,letter_grids,episode_00001,Played,1.0
5470,referencegame,agent_planning_qwen3,letter_grids,episode_00002,Played,1.0
5471,referencegame,agent_planning_qwen3,letter_grids,episode_00003,Played,1.0
5472,referencegame,agent_planning_qwen3,letter_grids,episode_00004,Played,1.0
5473,referencegame,agent_planning_qwen3,letter_grids,episode_00005,Played,1.0
5474,referencegame,agent_planning_qwen3,line_grids_columns,episode_00016,Played,1.0
5475,referencegame,agent_planning_qwen3,line_grids_columns,episode_00017,Played,1.0
5476,referencegame,agent_planning_qwen3,line_grids_columns,episode_00018,Played,1.0
5477,referencegame,agent_planning_qwen3,line_grids_columns,episode_00019,Played,1.0
5478,referencegame,agent_planning_qwen3,line_grids_columns,episode_00020,Played,1.0
5479,referencegame,agent_planning_qwen3,line_grids_rows,episode_00011,Played,1.0
5480,referencegame,agent_planning_qwen3,line_grids_rows,episode_00012,Played,1.0
5481,referencegame,agent_planning_qwen3,line_grids_rows,episode_00013,Played,1.0
5482,referencegame,agent_planning_qwen3,line_grids_rows,episode_00014,Played,1.0
5483,referencegame,agent_planning_qwen3,line_grids_rows,episode_00015,Played,1.0
5484,referencegame,agent_planning_qwen3,number_grids,episode_00006,Played,1.0
5485,referencegame,agent_planning_qwen3,number_grids,episode_00007,Played,1.0
5486,referencegame,agent_planning_qwen3,number_grids,episode_00008,Played,1.0
5487,referencegame,agent_planning_qwen3,number_grids,episode_00009,Played,1.0
5488,referencegame,agent_planning_qwen3,number_grids,episode_00010,Played,1.0
5489,referencegame,agent_planning_qwen3,random_grids,episode_00021,Played,1.0
5490,referencegame,agent_planning_qwen3,random_grids,episode_00022,Played,1.0
5491,referencegame,agent_planning_qwen3,random_grids,episode_00023,Played,1.0
5492,referencegame,agent_planning_qwen3,random_grids,episode_00024,Played,1.0
5493,referencegame,agent_planning_qwen3,random_grids,episode_00025,Played,1.0
5494,taboo,agent_planning_qwen3,high_en,episode_00001,Played,1.0
5495,taboo,agent_planning_qwen3,high_en,episode_00002,Played,1.0
5496,taboo,agent_planning_qwen3,high_en,episode_00003,Played,1.0
5497,taboo,agent_planning_qwen3,high_en,episode_00004,Played,1.0
5498,taboo,agent_planning_qwen3,high_en,episode_00005,Played,1.0
5499,taboo,agent_planning_qwen3,low_en,episode_00011,Played,1.0
5500,taboo,agent_planning_qwen3,low_en,episode_00012,Played,1.0
5501,taboo,agent_planning_qwen3,low_en,episode_00013,Played,1.0
5502,taboo,agent_planning_qwen3,low_en,episode_00014,Played,1.0
5503,taboo,agent_planning_qwen3,low_en,episode_00015,Played,1.0
5504,taboo,agent_planning_qwen3,medium_en,episode_00006,Played,1.0
5505,taboo,agent_planning_qwen3,medium_en,episode_00007,Played,1.0
5506,taboo,agent_planning_qwen3,medium_en,episode_00008,Played,1.0
5507,taboo,agent_planning_qwen3,medium_en,episode_00009,Played,1.0
5508,taboo,agent_planning_qwen3,medium_en,episode_00010,Played,1.0
5509,textmapworld,agent_planning_qwen3,large,episode_00021,Played,1.0
5510,textmapworld,agent_planning_qwen3,large,episode_00022,Played,1.0
5511,textmapworld,agent_planning_qwen3,large,episode_00023,Played,1.0
5512,textmapworld,agent_planning_qwen3,large,episode_00024,Played,1.0
5513,textmapworld,agent_planning_qwen3,large,episode_00025,Played,1.0
5514,textmapworld,agent_planning_qwen3,large,episode_00026,Played,1.0
5515,textmapworld,agent_planning_qwen3,large,episode_00027,Played,1.0
5516,textmapworld,agent_planning_qwen3,large,episode_00028,Played,1.0
5517,textmapworld,agent_planning_qwen3,large,episode_00029,Played,1.0
5518,textmapworld,agent_planning_qwen3,large,episode_00030,Played,1.0
5519,textmapworld,agent_planning_qwen3,large_cycle,episode_00041,Played,1.0
5520,textmapworld,agent_planning_qwen3,large_cycle,episode_00042,Played,1.0
5521,textmapworld,agent_planning_qwen3,large_cycle,episode_00043,Played,1.0
5522,textmapworld,agent_planning_qwen3,large_cycle,episode_00044,Played,1.0
5523,textmapworld,agent_planning_qwen3,large_cycle,episode_00045,Played,0.0
5524,textmapworld,agent_planning_qwen3,large_cycle,episode_00046,Played,0.0
5525,textmapworld,agent_planning_qwen3,large_cycle,episode_00047,Played,0.0
5526,textmapworld,agent_planning_qwen3,large_cycle,episode_00048,Played,1.0
5527,textmapworld,agent_planning_qwen3,large_cycle,episode_00049,Played,1.0
5528,textmapworld,agent_planning_qwen3,large_cycle,episode_00050,Played,1.0
5529,textmapworld,agent_planning_qwen3,medium,episode_00011,Played,1.0
5530,textmapworld,agent_planning_qwen3,medium,episode_00012,Played,1.0
5531,textmapworld,agent_planning_qwen3,medium,episode_00013,Played,0.0
5532,textmapworld,agent_planning_qwen3,medium,episode_00014,Played,1.0
5533,textmapworld,agent_planning_qwen3,medium,episode_00015,Played,1.0
5534,textmapworld,agent_planning_qwen3,medium,episode_00016,Played,0.0
5535,textmapworld,agent_planning_qwen3,medium,episode_00017,Played,1.0
5536,textmapworld,agent_planning_qwen3,medium,episode_00018,Played,0.0
5537,textmapworld,agent_planning_qwen3,medium,episode_00019,Played,1.0
5538,textmapworld,agent_planning_qwen3,medium,episode_00020,Played,1.0
5539,textmapworld,agent_planning_qwen3,medium_cycle,episode_00031,Played,1.0
5540,textmapworld,agent_planning_qwen3,medium_cycle,episode_00032,Played,1.0
5541,textmapworld,agent_planning_qwen3,medium_cycle,episode_00033,Played,1.0
5542,textmapworld,agent_planning_qwen3,medium_cycle,episode_00034,Played,1.0
5543,textmapworld,agent_planning_qwen3,medium_cycle,episode_00035,Played,1.0
5544,textmapworld,agent_planning_qwen3,medium_cycle,episode_00036,Played,1.0
5545,textmapworld,agent_planning_qwen3,medium_cycle,episode_00037,Played,0.0
5546,textmapworld,agent_planning_qwen3,medium_cycle,episode_00038,Played,1.0
5547,textmapworld,agent_planning_qwen3,medium_cycle,episode_00039,Played,1.0
5548,textmapworld,agent_planning_qwen3,medium_cycle,episode_00040,Played,1.0
5549,textmapworld,agent_planning_qwen3,small,episode_00001,Played,1.0
5550,textmapworld,agent_planning_qwen3,small,episode_00002,Played,1.0
5551,textmapworld,agent_planning_qwen3,small,episode_00003,Played,1.0
5552,textmapworld,agent_planning_qwen3,small,episode_00004,Played,0.0
5553,textmapworld,agent_planning_qwen3,small,episode_00005,Played,0.0
5554,textmapworld,agent_planning_qwen3,small,episode_00006,Played,1.0
5555,textmapworld,agent_planning_qwen3,small,episode_00007,Played,1.0
5556,textmapworld,agent_planning_qwen3,small,episode_00008,Played,1.0
5557,textmapworld,agent_planning_qwen3,small,episode_00009,Played,1.0
5558,textmapworld,agent_planning_qwen3,small,episode_00010,Played,1.0
5559,referencegame,agent_two_tools_qwen3,letter_grids,episode_00001,Played,1.0
5560,referencegame,agent_two_tools_qwen3,letter_grids,episode_00002,Played,1.0
5561,referencegame,agent_two_tools_qwen3,letter_grids,episode_00003,Played,1.0
5562,referencegame,agent_two_tools_qwen3,letter_grids,episode_00004,Played,1.0
5563,referencegame,agent_two_tools_qwen3,letter_grids,episode_00005,Played,1.0
5564,referencegame,agent_two_tools_qwen3,line_grids_columns,episode_00016,Played,1.0
5565,referencegame,agent_two_tools_qwen3,line_grids_columns,episode_00017,Played,1.0
5566,referencegame,agent_two_tools_qwen3,line_grids_columns,episode_00018,Played,1.0
5567,referencegame,agent_two_tools_qwen3,line_grids_columns,episode_00019,Played,1.0
5568,referencegame,agent_two_tools_qwen3,line_grids_columns,episode_00020,Played,1.0
5569,referencegame,agent_two_tools_qwen3,line_grids_rows,episode_00011,Played,1.0
5570,referencegame,agent_two_tools_qwen3,line_grids_rows,episode_00012,Played,1.0
5571,referencegame,agent_two_tools_qwen3,line_grids_rows,episode_00013,Played,1.0
5572,referencegame,agent_two_tools_qwen3,line_grids_rows,episode_00014,Played,1.0
5573,referencegame,agent_two_tools_qwen3,line_grids_rows,episode_00015,Played,1.0
5574,referencegame,agent_two_tools_qwen3,number_grids,episode_00006,Played,1.0
5575,referencegame,agent_two_tools_qwen3,number_grids,episode_00007,Played,1.0
5576,referencegame,agent_two_tools_qwen3,number_grids,episode_00008,Played,1.0
5577,referencegame,agent_two_tools_qwen3,number_grids,episode_00009,Played,1.0
5578,referencegame,agent_two_tools_qwen3,number_grids,episode_00010,Played,1.0
5579,referencegame,agent_two_tools_qwen3,random_grids,episode_00021,Played,0.0
5580,referencegame,agent_two_tools_qwen3,random_grids,episode_00022,Played,1.0
5581,referencegame,agent_two_tools_qwen3,random_grids,episode_00023,Played,1.0
5582,referencegame,agent_two_tools_qwen3,random_grids,episode_00024,Played,0.0
5583,referencegame,agent_two_tools_qwen3,random_grids,episode_00025,Played,0.0
5584,taboo,agent_two_tools_qwen3,high_en,episode_00001,Played,1.0
5585,taboo,agent_two_tools_qwen3,high_en,episode_00002,Played,1.0
5586,taboo,agent_two_tools_qwen3,high_en,episode_00003,Played,1.0
5587,taboo,agent_two_tools_qwen3,high_en,episode_00004,Played,1.0
5588,taboo,agent_two_tools_qwen3,high_en,episode_00005,Played,1.0
5589,taboo,agent_two_tools_qwen3,low_en,episode_00011,Played,1.0
5590,taboo,agent_two_tools_qwen3,low_en,episode_00012,Played,1.0
5591,taboo,agent_two_tools_qwen3,low_en,episode_00013,Played,1.0
5592,taboo,agent_two_tools_qwen3,low_en,episode_00014,Played,1.0
5593,taboo,agent_two_tools_qwen3,low_en,episode_00015,Played,1.0
5594,taboo,agent_two_tools_qwen3,medium_en,episode_00006,Played,1.0
5595,taboo,agent_two_tools_qwen3,medium_en,episode_00007,Played,1.0
5596,taboo,agent_two_tools_qwen3,medium_en,episode_00008,Played,1.0
5597,taboo,agent_two_tools_qwen3,medium_en,episode_00009,Played,1.0
5598,taboo,agent_two_tools_qwen3,medium_en,episode_00010,Played,1.0
5599,textmapworld,agent_two_tools_qwen3,large,episode_00021,Played,1.0
5600,textmapworld,agent_two_tools_qwen3,large,episode_00022,Played,1.0
5601,textmapworld,agent_two_tools_qwen3,large,episode_00023,Played,0.0
5602,textmapworld,agent_two_tools_qwen3,large,episode_00024,Played,1.0
5603,textmapworld,agent_two_tools_qwen3,large,episode_00025,Played,0.0
5604,textmapworld,agent_two_tools_qwen3,large,episode_00026,Played,1.0
5605,textmapworld,agent_two_tools_qwen3,large,episode_00027,Played,0.0
5606,textmapworld,agent_two_tools_qwen3,large,episode_00028,Played,0.0
5607,textmapworld,agent_two_tools_qwen3,large,episode_00029,Played,0.0
5608,textmapworld,agent_two_tools_qwen3,large,episode_00030,Played,1.0
5609,textmapworld,agent_two_tools_qwen3,large_cycle,episode_00041,Played,1.0
5610,textmapworld,agent_two_tools_qwen3,large_cycle,episode_00042,Played,1.0
5611,textmapworld,agent_two_tools_qwen3,large_cycle,episode_00043,Played,1.0
5612,textmapworld,agent_two_tools_qwen3,large_cycle,episode_00044,Played,1.0
5613,textmapworld,agent_two_tools_qwen3,large_cycle,episode_00045,Played,1.0
5614,textmapworld,agent_two_tools_qwen3,large_cycle,episode_00046,Played,1.0
5615,textmapworld,agent_two_tools_qwen3,large_cycle,episode_00047,Played,1.0
5616,textmapworld,agent_two_tools_qwen3,large_cycle,episode_00048,Played,1.0
5617,textmapworld,agent_two_tools_qwen3,large_cycle,episode_00049,Played,1.0
5618,textmapworld,agent_two_tools_qwen3,large_cycle,episode_00050,Played,1.0
5619,textmapworld,agent_two_tools_qwen3,medium,episode_00011,Played,1.0
5620,textmapworld,agent_two_tools_qwen3,medium,episode_00012,Played,1.0
5621,textmapworld,agent_two_tools_qwen3,medium,episode_00013,Played,1.0
5622,textmapworld,agent_two_tools_qwen3,medium,episode_00014,Played,1.0
5623,textmapworld,agent_two_tools_qwen3,medium,episode_00015,Played,1.0
5624,textmapworld,agent_two_tools_qwen3,medium,episode_00016,Played,0.0
5625,textmapworld,agent_two_tools_qwen3,medium,episode_00017,Played,0.0
5626,textmapworld,agent_two_tools_qwen3,medium,episode_00018,Played,1.0
5627,textmapworld,agent_two_tools_qwen3,medium,episode_00019,Played,0.0
5628,textmapworld,agent_two_tools_qwen3,medium,episode_00020,Played,1.0
5629,textmapworld,agent_two_tools_qwen3,medium_cycle,episode_00031,Played,1.0
5630,textmapworld,agent_two_tools_qwen3,medium_cycle,episode_00032,Played,0.0
5631,textmapworld,agent_two_tools_qwen3,medium_cycle,episode_00033,Played,1.0
5632,textmapworld,agent_two_tools_qwen3,medium_cycle,episode_00034,Played,1.0
5633,textmapworld,agent_two_tools_qwen3,medium_cycle,episode_00035,Played,0.0
5634,textmapworld,agent_two_tools_qwen3,medium_cycle,episode_00036,Played,0.0
5635,textmapworld,agent_two_tools_qwen3,medium_cycle,episode_00037,Played,1.0
5636,textmapworld,agent_two_tools_qwen3,medium_cycle,episode_00038,Played,1.0
5637,textmapworld,agent_two_tools_qwen3,medium_cycle,episode_00039,Played,1.0
5638,textmapworld,agent_two_tools_qwen3,medium_cycle,episode_00040,Played,1.0
5639,textmapworld,agent_two_tools_qwen3,small,episode_00001,Played,1.0
5640,textmapworld,agent_two_tools_qwen3,small,episode_00002,Played,1.0
5641,textmapworld,agent_two_tools_qwen3,small,episode_00003,Played,1.0
5642,textmapworld,agent_two_tools_qwen3,small,episode_00004,Played,1.0
5643,textmapworld,agent_two_tools_qwen3,small,episode_00005,Played,1.0
5644,textmapworld,agent_two_tools_qwen3,small,episode_00006,Played,1.0
5645,textmapworld,agent_two_tools_qwen3,small,episode_00007,Played,1.0
5646,textmapworld,agent_two_tools_qwen3,small,episode_00008,Played,1.0
5647,textmapworld,agent_two_tools_qwen3,small,episode_00009,Played,1.0
5648,textmapworld,agent_two_tools_qwen3,small,episode_00010,Played,1.0
5649,referencegame,baseline_gpt20boss,letter_grids,episode_00002,Played,1.0
5650,referencegame,baseline_gpt20boss,letter_grids,episode_00003,Played,1.0
5651,referencegame,baseline_gpt20boss,letter_grids,episode_00004,Played,1.0
5652,referencegame,baseline_gpt20boss,letter_grids,episode_00005,Played,1.0
5653,referencegame,baseline_gpt20boss,line_grids_columns,episode_00016,Played,1.0
5654,referencegame,baseline_gpt20boss,line_grids_columns,episode_00017,Played,1.0
5655,referencegame,baseline_gpt20boss,line_grids_columns,episode_00018,Played,1.0
5656,referencegame,baseline_gpt20boss,line_grids_columns,episode_00019,Played,1.0
5657,referencegame,baseline_gpt20boss,line_grids_columns,episode_00020,Played,1.0
5658,referencegame,baseline_gpt20boss,line_grids_rows,episode_00011,Played,1.0
5659,referencegame,baseline_gpt20boss,line_grids_rows,episode_00012,Played,1.0
5660,referencegame,baseline_gpt20boss,line_grids_rows,episode_00013,Played,1.0
5661,referencegame,baseline_gpt20boss,line_grids_rows,episode_00014,Played,1.0
5662,referencegame,baseline_gpt20boss,line_grids_rows,episode_00015,Played,1.0
5663,referencegame,baseline_gpt20boss,number_grids,episode_00006,Played,1.0
5664,referencegame,baseline_gpt20boss,number_grids,episode_00007,Played,0.0
5665,referencegame,baseline_gpt20boss,number_grids,episode_00008,Played,1.0
5666,referencegame,baseline_gpt20boss,number_grids,episode_00009,Played,1.0
5667,referencegame,baseline_gpt20boss,number_grids,episode_00010,Played,1.0
5668,referencegame,baseline_gpt20boss,random_grids,episode_00021,Played,1.0
5669,referencegame,baseline_gpt20boss,random_grids,episode_00022,Played,1.0
5670,referencegame,baseline_gpt20boss,random_grids,episode_00023,Played,1.0
5671,referencegame,baseline_gpt20boss,random_grids,episode_00024,Played,1.0
5672,referencegame,baseline_gpt20boss,random_grids,episode_00025,Played,1.0
5673,taboo,baseline_gpt20boss,high_en,episode_00002,Played,1.0
5674,taboo,baseline_gpt20boss,high_en,episode_00003,Played,1.0
5675,taboo,baseline_gpt20boss,high_en,episode_00004,Played,1.0
5676,taboo,baseline_gpt20boss,high_en,episode_00005,Played,1.0
5677,taboo,baseline_gpt20boss,high_en,episode_00016,Played,1.0
5678,taboo,baseline_gpt20boss,low_en,episode_00011,Played,0.0
5679,taboo,baseline_gpt20boss,low_en,episode_00012,Played,1.0
5680,taboo,baseline_gpt20boss,low_en,episode_00013,Played,1.0
5681,taboo,baseline_gpt20boss,low_en,episode_00014,Played,1.0
5682,taboo,baseline_gpt20boss,low_en,episode_00015,Played,1.0
5683,taboo,baseline_gpt20boss,medium_en,episode_00006,Played,0.0
5684,taboo,baseline_gpt20boss,medium_en,episode_00007,Played,1.0
5685,taboo,baseline_gpt20boss,medium_en,episode_00008,Played,1.0
5686,taboo,baseline_gpt20boss,medium_en,episode_00009,Played,0.0
5687,taboo,baseline_gpt20boss,medium_en,episode_00010,Played,1.0
5688,textmapworld,baseline_gpt20boss,large,episode_00021,Played,0.0
5689,textmapworld,baseline_gpt20boss,large,episode_00022,Played,1.0
5690,textmapworld,baseline_gpt20boss,large,episode_00023,Played,1.0
5691,textmapworld,baseline_gpt20boss,large,episode_00024,Played,1.0
5692,textmapworld,baseline_gpt20boss,large,episode_00025,Played,1.0
5693,textmapworld,baseline_gpt20boss,large,episode_00026,Played,1.0
5694,textmapworld,baseline_gpt20boss,large,episode_00027,Played,1.0
5695,textmapworld,baseline_gpt20boss,large,episode_00028,Played,1.0
5696,textmapworld,baseline_gpt20boss,large,episode_00029,Played,1.0
5697,textmapworld,baseline_gpt20boss,large,episode_00030,Played,1.0
5698,textmapworld,baseline_gpt20boss,medium,episode_00012,Played,1.0
5699,textmapworld,baseline_gpt20boss,medium,episode_00013,Played,1.0
5700,textmapworld,baseline_gpt20boss,medium,episode_00014,Played,1.0
5701,textmapworld,baseline_gpt20boss,medium,episode_00015,Played,1.0
5702,textmapworld,baseline_gpt20boss,medium,episode_00016,Played,1.0
5703,textmapworld,baseline_gpt20boss,medium,episode_00017,Played,1.0
5704,textmapworld,baseline_gpt20boss,medium,episode_00018,Played,1.0
5705,textmapworld,baseline_gpt20boss,medium,episode_00019,Played,1.0
5706,textmapworld,baseline_gpt20boss,medium,episode_00020,Played,0.0
5707,textmapworld,baseline_gpt20boss,medium_cycle,episode_00031,Played,1.0
5708,textmapworld,baseline_gpt20boss,medium_cycle,episode_00032,Played,1.0
5709,textmapworld,baseline_gpt20boss,medium_cycle,episode_00033,Played,1.0
5710,textmapworld,baseline_gpt20boss,medium_cycle,episode_00034,Played,1.0
5711,textmapworld,baseline_gpt20boss,medium_cycle,episode_00035,Played,1.0
5712,textmapworld,baseline_gpt20boss,medium_cycle,episode_00036,Played,0.0
